n1782
n1782
n1782
n1782
n1782
n1782
n1782
n1782
n1782
n1782
n1782
n1782
n1782
n1782
n1782
n1782
n1782
n1782
n1782
n1782
n1782
n1782
n1782
n1782
n1782
n1782
n1782
n1782
n1782
n1782
n1782
n1782
n1902
n1902
n1902
n1902
n1902
n1902
n1902
n1902
n1902
n1902
n1902
n1902
n1902
n1902
n1902
n1902
n1902
n1902
n1902
n1902
n1902
n1902
n1902
n1902
n1902
n1902
n1902
n1902
n1902
n1902
n1902
n1902
 number of MPI tasks:          64
           **************************************************
           **************************************************
           *                                                *
           *      *****          **       ***          **   *
           *    ***   ***       ****      ****       ****   *
           *   ***     ***     *** ***    *****     *****   *
           *    ***           ***   ***   *** **   ** ***   *
           *       ***       ***     ***  ***  ** **  ***   *
           *          ***    ***     ***  ***   ***   ***   *
           *   ***     ***   ***********  ***         ***   *
           *    ***   ***    ***     ***  ***         ***   *
           *      *****      ***     ***  ***         ***   *
           *                                                *
           **************************************************
           **************************************************
           ***       System for Atmospheric Modeling      ***
           ***                    SAM                     ***
                     Version 6.10.9 (Feb 2016)  
           **************************************************
           ***     (C) Marat Khairoutdinov                ***
           *** School of Marine and Atmospheric Sciences  ***
           ***       Stony Brook University               ***
           **************************************************
           ***       The model can be used only with      ***
           ***         permission from the author!        ***
           ***       No transfer to any third party       ***
           ***                is allowed!                 ***
           **************************************************
           **************************************************
           ***       DATE 02/16/26 TIME 12:15:17          ***
           **************************************************
 
 ==============================================================
  You have chosen to use            6  ice categories in MICRO_P3.
 ==============================================================
 ==============================================================
  You have chosen to use            6  ice categories in MICRO_P3.
 ==============================================================
 ==============================================================
  You have chosen to use            6  ice categories in MICRO_P3.
 ==============================================================
 ==============================================================
  You have chosen to use            6  ice categories in MICRO_P3.
 ==============================================================
 ==============================================================
  You have chosen to use            6  ice categories in MICRO_P3.
 ==============================================================
 ==============================================================
  You have chosen to use            6  ice categories in MICRO_P3.
 ==============================================================
 ==============================================================
  You have chosen to use            6  ice categories in MICRO_P3.
 ==============================================================
 ==============================================================
  You have chosen to use            6  ice categories in MICRO_P3.
 ==============================================================
 ==============================================================
  You have chosen to use            6  ice categories in MICRO_P3.
 ==============================================================
 ==============================================================
  You have chosen to use            6  ice categories in MICRO_P3.
 ==============================================================
 ==============================================================
  You have chosen to use            6  ice categories in MICRO_P3.
 ==============================================================
 ==============================================================
  You have chosen to use            6  ice categories in MICRO_P3.
 ==============================================================
 ==============================================================
  You have chosen to use            6  ice categories in MICRO_P3.
 ==============================================================
 ==============================================================
  You have chosen to use            6  ice categories in MICRO_P3.
 ==============================================================
 ==============================================================
  You have chosen to use            6  ice categories in MICRO_P3.
 ==============================================================
 ==============================================================
  You have chosen to use            6  ice categories in MICRO_P3.
 ==============================================================
 ==============================================================
 ==============================================================
  You have chosen to use            6  ice categories in MICRO_P3.
 ==============================================================
  You have chosen to use            6  ice categories in MICRO_P3.
 ==============================================================
 ==============================================================
  You have chosen to use            6  ice categories in MICRO_P3.
 ==============================================================
 ==============================================================
  You have chosen to use            6  ice categories in MICRO_P3.
 ==============================================================
 ==============================================================
  You have chosen to use            6  ice categories in MICRO_P3.
 ==============================================================
 ==============================================================
  You have chosen to use            6  ice categories in MICRO_P3.
 ==============================================================
 ==============================================================
  You have chosen to use            6  ice categories in MICRO_P3.
 ==============================================================
 ==============================================================
  You have chosen to use            6  ice categories in MICRO_P3.
 ==============================================================
 ==============================================================
  You have chosen to use            6  ice categories in MICRO_P3.
 ==============================================================
 ==============================================================
  You have chosen to use            6  ice categories in MICRO_P3.
 ==============================================================
 ==============================================================
  You have chosen to use            6  ice categories in MICRO_P3.
 ==============================================================
 ==============================================================
  You have chosen to use            6  ice categories in MICRO_P3.
 ==============================================================
 ==============================================================
  You have chosen to use            6  ice categories in MICRO_P3.
 ==============================================================
  You have chosen to use            6  ice categories in MICRO_P3.
 ==============================================================
 ==============================================================
 ==============================================================
  You have chosen to use            6  ice categories in MICRO_P3.
 ==============================================================
 ==============================================================
  You have chosen to use            6  ice categories in MICRO_P3.
 ==============================================================
 ==============================================================
  You have chosen to use            6  ice categories in MICRO_P3.
 ==============================================================
 ==============================================================
  You have chosen to use            6  ice categories in MICRO_P3.
 ==============================================================
 ==============================================================
  You have chosen to use            6  ice categories in MICRO_P3.
 ==============================================================
 ==============================================================
  You have chosen to use            6  ice categories in MICRO_P3.
 ==============================================================
 ==============================================================
 ==============================================================
  You have chosen to use            6  ice categories in MICRO_P3.
 ==============================================================
  You have chosen to use            6  ice categories in MICRO_P3.
 ==============================================================
 ==============================================================
  You have chosen to use            6  ice categories in MICRO_P3.
 ==============================================================
 ==============================================================
  You have chosen to use            6  ice categories in MICRO_P3.
 ==============================================================
 ==============================================================
  You have chosen to use            6  ice categories in MICRO_P3.
 ==============================================================
  You have chosen to use            6  ice categories in MICRO_P3.
 ==============================================================
 ==============================================================
  You have chosen to use            6  ice categories in MICRO_P3.
 ==============================================================
 ==============================================================
  You have chosen to use            6  ice categories in MICRO_P3.
 ==============================================================
 ==============================================================
 ==============================================================
  You have chosen to use            6  ice categories in MICRO_P3.
 ==============================================================
 ==============================================================
  You have chosen to use            6  ice categories in MICRO_P3.
 ==============================================================
 ==============================================================
  You have chosen to use            6  ice categories in MICRO_P3.
 ==============================================================
 ==============================================================
  You have chosen to use            6  ice categories in MICRO_P3.
 ==============================================================
 ==============================================================
  You have chosen to use            6  ice categories in MICRO_P3.
 ==============================================================
 ==============================================================
  You have chosen to use            6  ice categories in MICRO_P3.
 ==============================================================
 ==============================================================
 ==============================================================
  You have chosen to use            6  ice categories in MICRO_P3.
  You have chosen to use            6  ice categories in MICRO_P3.
 ==============================================================
 ==============================================================
  You have chosen to use            6  ice categories in MICRO_P3.
 ==============================================================
 ==============================================================
 ==============================================================
 ==============================================================
  You have chosen to use            6  ice categories in MICRO_P3.
 ==============================================================
 ==============================================================
  You have chosen to use            6  ice categories in MICRO_P3.
 ==============================================================
 ==============================================================
  You have chosen to use            6  ice categories in MICRO_P3.
 ==============================================================
 ==============================================================
  You have chosen to use            6  ice categories in MICRO_P3.
 ==============================================================
 ==============================================================
  You have chosen to use            6  ice categories in MICRO_P3.
 ==============================================================
 ==============================================================
 ==============================================================
  You have chosen to use            6  ice categories in MICRO_P3.
 ==============================================================
 ==============================================================
  You have chosen to use            6  ice categories in MICRO_P3.
 ==============================================================
 ==============================================================
  You have chosen to use            6  ice categories in MICRO_P3.
 ==============================================================
  You have chosen to use            6  ice categories in MICRO_P3.
  You have chosen to use            6  ice categories in MICRO_P3.
 ==============================================================
 ==============================================================
 ==============================================================
  You have chosen to use            6  ice categories in MICRO_P3.
 ==============================================================
 
 surface pressure:    1014.80000000000     
 
  P3 microphysics: v3.1.14          
    P3_INIT (reading/creating look-up tables [v4.1, v4.1]) ...
    P3_INIT DONE.
 
 Initial Sounding:
  k      z    rho     rhoi    s      h     h*      qt      u      v     adz     
 Nsq
 128 27750.0  0.028  0.029 479.21 479.21 480.11   0.00   0.00   0.00  6.667     0.4579E-03
 127 27500.0  0.029  0.030 476.79 476.79 477.65   0.00   0.00   0.00  6.667     0.4579E-03
 126 27250.0  0.031  0.031 474.36 474.36 475.18   0.00   0.00   0.00  6.667     0.4579E-03
 125 27000.0  0.032  0.033 471.93 471.93 472.72   0.00   0.00   0.00  6.667     0.4579E-03
 124 26750.0  0.033  0.034 469.50 469.50 470.27   0.00   0.00   0.00  6.667     0.4579E-03
 123 26500.0  0.035  0.035 467.07 467.07 467.81   0.00   0.00   0.00  6.667     0.4579E-03
 122 26250.0  0.036  0.037 464.64 464.64 465.35   0.00   0.00   0.00  6.667     0.4579E-03
 121 26000.0  0.038  0.038 462.22 462.22 462.89   0.00   0.00   0.00  6.667     0.4579E-03
 120 25750.0  0.039  0.040 459.79 459.79 460.44   0.00   0.00   0.00  6.667     0.4579E-03
 119 25500.0  0.041  0.042 457.36 457.36 457.99   0.00   0.00   0.00  6.667     0.4579E-03
 118 25250.0  0.043  0.043 454.93 454.93 455.53   0.00   0.00   0.00  6.667     0.4579E-03
 117 25000.0  0.044  0.045 452.50 452.50 453.08   0.00   0.00   0.00  6.667     0.4579E-03
 116 24750.0  0.046  0.047 450.07 450.07 450.63   0.00   0.00   0.00  6.667     0.4579E-03
 115 24500.0  0.048  0.049 447.64 447.64 448.18   0.00   0.00   0.00  6.667     0.4579E-03
 114 24250.0  0.050  0.051 445.21 445.21 445.72   0.00   0.00   0.00  6.667     0.4579E-03
 113 24000.0  0.052  0.053 442.78 442.78 443.27   0.00   0.00   0.00  6.667     0.4579E-03
 112 23750.0  0.054  0.056 440.35 440.35 440.83   0.00   0.00   0.00  6.667     0.4579E-03
 111 23500.0  0.057  0.058 437.92 437.92 438.38   0.00   0.00   0.00  6.667     0.4579E-03
 110 23250.0  0.059  0.060 435.49 435.49 435.93   0.00   0.00   0.00  6.667     0.4579E-03
 109 23000.0  0.062  0.063 433.06 433.06 433.48   0.00   0.00   0.00  6.667     0.4579E-03
 108 22750.0  0.064  0.065 430.63 430.63 431.03   0.00   0.00   0.00  6.667     0.4579E-03
 107 22500.0  0.067  0.068 428.19 428.19 428.59   0.00   0.00   0.00  6.667     0.4579E-03
 106 22250.0  0.070  0.071 425.76 425.76 426.14   0.00   0.00   0.00  6.667     0.4579E-03
 105 22000.0  0.073  0.074 423.33 423.33 423.69   0.00   0.00   0.00  6.667     0.4579E-03
 104 21750.0  0.076  0.077 420.90 420.90 421.25   0.00   0.00   0.00  6.667     0.4579E-03
 103 21500.0  0.079  0.080 418.47 418.47 418.80   0.00   0.00   0.00  6.667     0.4579E-03
 102 21250.0  0.082  0.084 416.04 416.04 416.36   0.00   0.00   0.00  6.667     0.4579E-03
 101 21000.0  0.085  0.087 413.61 413.61 413.91   0.00   0.00   0.00  6.667     0.4579E-03
 100 20750.0  0.089  0.091 411.17 411.17 411.47   0.00   0.00   0.00  6.667     0.4579E-03
  99 20500.0  0.093  0.095 408.74 408.74 409.03   0.00   0.00   0.00  6.667     0.4579E-03
  98 20250.0  0.097  0.099 406.31 406.31 406.58   0.00   0.00   0.00  6.667     0.4579E-03
  97 20000.0  0.101  0.103 403.88 403.88 404.14   0.00   0.00   0.00  6.667     0.4579E-03
  96 19750.0  0.105  0.107 401.44 401.44 401.70   0.00   0.00   0.00  6.667     0.4579E-03
  95 19500.0  0.109  0.112 399.01 399.01 399.26   0.00   0.00   0.00  6.667     0.4579E-03
  94 19250.0  0.114  0.116 396.58 396.58 396.81   0.00   0.00   0.00  6.667     0.4579E-03
  93 19000.0  0.119  0.121 394.15 394.15 394.37   0.00   0.00   0.00  6.667     0.4579E-03
  92 18750.0  0.124  0.126 391.71 391.71 391.93   0.00   0.00   0.00  6.667     0.4579E-03
  91 18500.0  0.129  0.131 389.28 389.28 389.49   0.00   0.00   0.00  6.667     0.4579E-03
  90 18250.0  0.134  0.137 386.85 386.85 387.05   0.00   0.00   0.00  6.667     0.4579E-03
  89 18000.0  0.140  0.143 384.41 384.41 384.61   0.00   0.00   0.00  6.667     0.4579E-03
  88 17750.0  0.146  0.149 381.98 381.98 382.17   0.00   0.00   0.00  6.667     0.4579E-03
  87 17500.0  0.152  0.155 379.55 379.55 379.73   0.00   0.00   0.00  6.667     0.4579E-03
  86 17250.0  0.158  0.161 377.11 377.11 377.28   0.00   0.00   0.00  6.667     0.4579E-03
  85 17000.0  0.165  0.168 374.68 374.68 374.84   0.00   0.00   0.00  6.667     0.4579E-03
  84 16750.0  0.171  0.175 372.25 372.25 372.40   0.00   0.00   0.00  6.667     0.4579E-03
  83 16500.0  0.179  0.182 369.81 369.81 369.96   0.00   0.00   0.00  6.667     0.4579E-03
  82 16250.0  0.186  0.190 367.38 367.38 367.52   0.00   0.00   0.00  6.667     0.4579E-03
  81 16000.0  0.194  0.198 364.94 364.94 365.08   0.00   0.00   0.00  6.667     0.4579E-03
  80 15750.0  0.202  0.206 362.51 362.51 362.64   0.00   0.00   0.00  6.667     0.4579E-03
  79 15500.0  0.210  0.215 360.08 360.08 360.21   0.00   0.00   0.00  6.667     0.4579E-03
  78 15250.0  0.219  0.224 357.64 357.64 357.77  -0.00   0.00   0.00  6.667     0.4582E-03
  77 15000.0  0.228  0.232 355.21 355.24 355.32   0.01   0.00   0.00  6.667     0.1434E-03
  76 14750.0  0.236  0.240 354.44 354.48 354.59   0.02   0.00   0.00  6.667     0.1423E-03
  75 14500.0  0.244  0.248 353.68 353.73 353.86   0.02   0.00   0.00  6.667     0.1411E-03
  74 14250.0  0.252  0.256 352.92 352.97 353.13   0.02   0.00   0.00  6.667     0.1401E-03
  73 14000.0  0.260  0.264 352.16 352.22 352.40   0.03   0.00   0.00  6.667     0.1390E-03
  72 13750.0  0.268  0.272 351.39 351.47 351.69   0.03   0.00   0.00  6.667     0.1379E-03
  71 13500.0  0.277  0.281 350.63 350.72 350.98   0.04   0.00   0.00  6.667     0.1369E-03
  70 13250.0  0.286  0.290 349.87 349.98 350.27   0.05   0.00   0.00  6.667     0.1359E-03
  69 13000.0  0.295  0.299 349.10 349.24 349.58   0.05   0.00   0.00  6.667     0.1349E-03
  68 12750.0  0.304  0.308 348.34 348.50 348.89   0.06   0.00   0.00  6.667     0.1340E-03
  67 12500.0  0.313  0.318 347.58 347.77 348.22   0.08   0.00   0.00  6.667     0.1330E-03
  66 12250.0  0.323  0.328 346.81 347.04 347.55   0.09   0.00   0.00  6.667     0.1321E-03
  65 12000.0  0.333  0.338 346.05 346.31 346.91   0.11   0.00   0.00  6.667     0.1312E-03
  64 11750.0  0.343  0.348 345.28 345.60 346.27   0.13   0.00   0.00  6.667     0.1303E-03
  63 11500.0  0.353  0.358 344.52 344.89 345.65   0.15   0.00   0.00  6.667     0.1295E-03
  62 11250.0  0.364  0.369 343.75 344.18 345.05   0.17   0.00   0.00  6.667     0.1287E-03
  61 11000.0  0.375  0.380 342.98 343.49 344.47   0.20   0.00   0.00  6.667     0.1279E-03
  60 10750.0  0.386  0.391 342.22 342.81 343.91   0.24   0.00   0.00  6.667     0.1271E-03
  59 10500.0  0.397  0.403 341.45 342.14 343.38   0.28   0.00   0.00  6.667     0.1264E-03
  58 10250.0  0.408  0.414 340.68 341.49 342.87   0.32   0.00   0.00  6.667     0.1257E-03
  57 10000.0  0.420  0.426 339.91 340.85 342.39   0.38   0.00   0.00  6.667     0.1250E-03
  56  9750.0  0.432  0.438 339.14 340.22 341.94   0.43   0.00   0.00  6.667     0.1244E-03
  55  9500.0  0.444  0.451 338.36 339.62 341.53   0.50   0.00   0.00  6.667     0.1238E-03
  54  9250.0  0.457  0.463 337.59 339.04 341.15   0.58   0.00   0.00  6.667     0.1232E-03
  53  9000.0  0.470  0.476 336.81 338.48 340.82   0.67   0.00   0.00  6.667     0.1227E-03
  52  8750.0  0.483  0.490 336.03 337.95 340.52   0.77   0.00   0.00  6.667     0.1222E-03
  51  8500.0  0.496  0.503 335.25 337.45 340.27   0.88   0.00   0.00  6.667     0.1218E-03
  50  8250.0  0.510  0.517 334.47 336.98 340.07   1.00   0.00   0.00  6.667     0.1214E-03
  49  8000.0  0.524  0.531 333.68 336.55 339.92   1.15   0.00   0.00  6.667     0.1211E-03
  48  7750.0  0.538  0.545 332.90 336.15 339.83   1.30   0.00   0.00  6.667     0.1208E-03
  47  7500.0  0.553  0.560 332.10 335.81 339.79   1.48   0.00   0.00  6.667     0.1206E-03
  46  7250.0  0.567  0.575 331.31 335.50 339.82   1.68   0.00   0.00  6.667     0.1204E-03
  45  7000.0  0.582  0.590 330.51 335.25 339.92   1.90   0.00   0.00  6.667     0.1203E-03
  44  6750.0  0.598  0.606 329.71 335.06 340.08   2.14   0.00   0.00  6.667     0.1203E-03
  43  6500.0  0.614  0.622 328.90 334.92 340.32   2.41   0.00   0.00  6.667     0.1203E-03
  42  6250.0  0.630  0.638 328.08 334.85 340.63   2.71   0.00   0.00  6.667     0.1203E-03
  41  6000.0  0.646  0.654 327.27 334.85 341.02   3.03   0.00   0.00  6.667     0.1205E-03
  40  5750.0  0.662  0.671 326.44 334.92 341.50   3.39   0.00   0.00  6.596     0.1207E-03
  39  5505.3  0.679  0.688 325.63 335.07 342.05   3.78   0.00   0.00  6.526     0.1209E-03
  38  5260.5  0.696  0.704 324.81 335.29 342.69   4.19   0.00   0.00  6.386     0.1212E-03
  37  5026.3  0.712  0.721 324.02 335.59 343.38   4.63   0.00   0.00  6.246     0.1215E-03
  36  4792.1  0.729  0.737 323.22 335.97 344.16   5.10   0.00   0.00  6.105     0.1219E-03
  35  4568.4  0.746  0.754 322.45 336.40 344.98   5.58   0.00   0.00  5.965     0.1224E-03
  34  4344.7  0.762  0.770 321.68 336.92 345.88   6.10   0.00   0.00  5.825     0.1228E-03
  33  4131.6  0.778  0.786 320.93 337.50 346.81   6.63   0.00   0.00  5.684     0.1233E-03
  32  3918.4  0.794  0.802 320.18 338.15 347.82   7.19   0.00   0.00  5.544     0.1239E-03
  31  3715.8  0.810  0.818 319.46 338.84 348.85   7.75   0.00   0.00  5.404     0.1244E-03
  30  3513.2  0.826  0.834 318.73 339.61 349.95   8.35   0.00   0.00  5.263     0.1249E-03
  29  3321.1  0.842  0.849 318.03 340.40 351.06   8.95   0.00   0.00  5.123     0.1255E-03
  28  3128.9  0.857  0.865 317.33 341.27 352.24   9.57   0.00   0.00  4.982     0.9265E-04
  27  2947.4  0.872  0.880 316.84 339.78 354.02   9.18   0.00   0.00  4.842     0.1243E-03
  26  2765.8  0.887  0.894 316.18 340.58 355.30   9.76   0.00   0.00  4.702     0.1248E-03
  25  2594.7  0.902  0.909 315.55 341.38 356.58  10.33   0.00   0.00  4.561     0.1253E-03
  24  2423.7  0.916  0.923 314.91 342.23 357.91  10.93   0.00   0.00  4.421     0.1257E-03
  23  2263.2  0.930  0.937 314.31 343.08 359.21  11.51   0.00   0.00  4.281     0.1262E-03
  22  2102.6  0.944  0.951 313.71 343.97 360.56  12.10   0.00   0.00  4.140     0.1266E-03
  21  1952.6  0.957  0.964 313.14 344.85 361.87  12.68   0.00   0.00  4.000     0.1270E-03
  20  1802.6  0.970  0.977 312.57 345.76 363.22  13.27   0.00   0.00  3.860     0.1274E-03
  19  1663.2  0.983  0.989 312.04 346.64 364.52  13.84   0.00   0.00  3.719     0.1278E-03
  18  1523.7  0.996  1.002 311.50 347.56 365.86  14.42   0.00   0.00  3.579     0.1281E-03
  17  1394.7  1.008  1.014 311.00 348.43 367.14  14.97   0.00   0.00  3.439     0.1285E-03
  16  1265.8  1.019  1.025 310.50 349.33 368.45  15.53   0.00   0.00  3.298     0.1288E-03
  15  1147.4  1.031  1.036 310.04 350.18 369.68  16.06   0.00   0.00  3.158     0.1291E-03
  14  1028.9  1.042  1.047 309.57 351.06 370.94  16.59   0.00   0.00  3.018     0.1293E-03
  13   921.1  1.052  1.057 309.14 351.87 372.12  17.09   0.00   0.00  2.877     0.1296E-03
  12   813.2  1.062  1.067 308.72 352.70 373.32  17.59   0.00   0.00  2.737     0.1298E-03
  11   715.8  1.072  1.076 308.33 353.46 374.43  18.05   0.00   0.00  2.596     0.1300E-03
  10   618.4  1.081  1.085 307.94 354.24 375.56  18.52   0.00   0.00  2.456     0.1302E-03
   9   531.6  1.090  1.094 307.59 354.94 376.58  18.94   0.00   0.00  2.316     0.1304E-03
   8   444.7  1.098  1.102 307.24 355.65 377.62  19.36   0.00   0.00  2.175     0.1305E-03
   7   368.4  1.106  1.110 306.94 356.29 378.55  19.74   0.00   0.00  2.035     0.1307E-03
   6   292.1  1.113  1.117 306.63 356.93 379.49  20.12   0.00   0.00  1.895     0.1308E-03
   5   226.3  1.120  1.123 306.36 357.49 380.31  20.45   0.00   0.00  1.754     0.1309E-03
   4   160.5  1.126  1.129 306.09 358.05 381.14  20.78   0.00   0.00  1.614     0.1310E-03
   3   105.3  1.132  1.135 305.87 358.53 381.85  21.06   0.00   0.00  1.474     0.1310E-03
   2    50.0  1.137  1.139 305.64 359.01 382.57  21.34   0.00   0.00  1.070     0.1311E-03
   1    25.0  1.141  1.143 305.54 359.23 382.89  21.47   0.00   0.00  1.000      0.000    
  k      z    rho     rhoi    s      h     h*      qt      u      v     adz     
 Nsq
 
   k      z      dz     pres   presi   Tabs     tp     tpl      qt      Qc      
 Qi      REL
 128 27750.00  250.00   16.88   17.23  208.07  668.20  668.20  0.0000  0.0000  0.0000    0.00
 127 27500.00  250.00   17.59   17.96  208.09  660.45  660.45  0.0000  0.0000  0.0000    0.00
 126 27250.00  250.00   18.33   18.71  208.10  652.79  652.79  0.0000  0.0000  0.0000    0.00
 125 27000.00  250.00   19.10   19.49  208.12  645.22  645.22  0.0000  0.0000  0.0000    0.00
 124 26750.00  250.00   19.90   20.31  208.13  637.73  637.73  0.0000  0.0000  0.0000    0.00
 123 26500.00  250.00   20.73   21.16  208.14  630.33  630.33  0.0000  0.0000  0.0000    0.00
 122 26250.00  250.00   21.60   22.05  208.16  623.02  623.02  0.0000  0.0000  0.0000    0.00
 121 26000.00  250.00   22.50   22.97  208.17  615.79  615.79  0.0000  0.0000  0.0000    0.00
 120 25750.00  250.00   23.45   23.93  208.19  608.65  608.65  0.0000  0.0000  0.0000    0.00
 119 25500.00  250.00   24.43   24.94  208.20  601.59  601.59  0.0000  0.0000  0.0000    0.00
 118 25250.00  250.00   25.45   25.98  208.21  594.61  594.61  0.0000  0.0000  0.0000    0.00
 117 25000.00  250.00   26.52   27.07  208.23  587.71  587.71  0.0000  0.0000  0.0000    0.00
 116 24750.00  250.00   27.63   28.20  208.24  580.90  580.90  0.0000  0.0000  0.0000    0.00
 115 24500.00  250.00   28.79   29.39  208.25  574.16  574.16  0.0000  0.0000  0.0000    0.00
 114 24250.00  250.00   29.99   30.62  208.26  567.50  567.50  0.0000  0.0000  0.0000    0.00
 113 24000.00  250.00   31.25   31.90  208.28  560.91  560.91  0.0000  0.0000  0.0000    0.00
 112 23750.00  250.00   32.56   33.23  208.29  554.41  554.41  0.0000  0.0000  0.0000    0.00
 111 23500.00  250.00   33.92   34.63  208.30  547.97  547.97  0.0000  0.0000  0.0000    0.00
 110 23250.00  250.00   35.34   36.08  208.31  541.62  541.62  0.0000  0.0000  0.0000    0.00
 109 23000.00  250.00   36.82   37.59  208.33  535.34  535.34  0.0000  0.0000  0.0000    0.00
 108 22750.00  250.00   38.36   39.16  208.34  529.13  529.13  0.0000  0.0000  0.0000    0.00
 107 22500.00  250.00   39.97   40.80  208.35  522.99  522.99  0.0000  0.0000  0.0000    0.00
 106 22250.00  250.00   41.64   42.51  208.36  516.92  516.92  0.0000  0.0000  0.0000    0.00
 105 22000.00  250.00   43.39   44.29  208.37  510.92  510.92  0.0000  0.0000  0.0000    0.00
 104 21750.00  250.00   45.20   46.14  208.38  505.00  505.00  0.0000  0.0000  0.0000    0.00
 103 21500.00  250.00   47.10   48.07  208.39  499.14  499.14  0.0000  0.0000  0.0000    0.00
 102 21250.00  250.00   49.07   50.08  208.41  493.35  493.35  0.0000  0.0000  0.0000    0.00
 101 21000.00  250.00   51.12   52.18  208.42  487.63  487.63  0.0000  0.0000  0.0000    0.00
 100 20750.00  250.00   53.26   54.36  208.43  481.97  481.97  0.0000  0.0000  0.0000    0.00
  99 20500.00  250.00   55.49   56.64  208.44  476.38  476.38  0.0000  0.0000  0.0000    0.00
  98 20250.00  250.00   57.81   59.01  208.45  470.85  470.85  0.0000  0.0000  0.0000    0.00
  97 20000.00  250.00   60.23   61.48  208.46  465.39  465.39  0.0000  0.0000  0.0000    0.00
  96 19750.00  250.00   62.75   64.05  208.47  459.99  459.99  0.0000  0.0000  0.0000    0.00
  95 19500.00  250.00   65.38   66.73  208.48  454.65  454.65  0.0000  0.0000  0.0000    0.00
  94 19250.00  250.00   68.11   69.52  208.49  449.38  449.38  0.0000  0.0000  0.0000    0.00
  93 19000.00  250.00   70.96   72.43  208.50  444.17  444.17  0.0000  0.0000  0.0000    0.00
  92 18750.00  250.00   73.93   75.46  208.51  439.01  439.01  0.0000  0.0000  0.0000    0.00
  91 18500.00  250.00   77.02   78.62  208.52  433.92  433.92  0.0000  0.0000  0.0000    0.00
  90 18250.00  250.00   80.25   81.91  208.53  428.89  428.89  0.0000  0.0000  0.0000    0.00
  89 18000.00  250.00   83.60   85.33  208.54  423.91  423.91  0.0000  0.0000  0.0000    0.00
  88 17750.00  250.00   87.10   88.90  208.55  418.99  418.99  0.0000  0.0000  0.0000    0.00
  87 17500.00  250.00   90.74   92.62  208.56  414.13  414.13  0.0000  0.0000  0.0000    0.00
  86 17250.00  250.00   94.54   96.49  208.57  409.33  409.33  0.0000  0.0000  0.0000    0.00
  85 17000.00  250.00   98.49  100.53  208.57  404.58  404.58  0.0000  0.0000  0.0000    0.00
  84 16750.00  250.00  102.61  104.73  208.58  399.89  399.89  0.0000  0.0000  0.0000    0.00
  83 16500.00  250.00  106.90  109.11  208.59  395.25  395.25  0.0000  0.0000  0.0000    0.00
  82 16250.00  250.00  111.37  113.67  208.60  390.66  390.66  0.0000  0.0000  0.0000    0.00
  81 16000.00  250.00  116.03  118.43  208.61  386.13  386.13  0.0000  0.0000  0.0000    0.00
  80 15750.00  250.00  120.88  123.38  208.62  381.65  381.65  0.0000  0.0000  0.0000    0.00
  79 15500.00  250.00  125.93  128.54  208.63  377.23  377.23  0.0000  0.0000  0.0000    0.00
  78 15250.00  250.00  131.20  133.91  208.64  372.85  372.85 -0.0000  0.0000  0.0000   -0.00
  77 15000.00  250.00  136.68  139.51  208.64  368.52  368.52  0.0124  0.0000  0.0000   25.96
  76 14750.00  250.00  142.37  145.30  210.32  367.18  367.18  0.0150  0.0000  0.0000   25.93
  75 14500.00  250.00  148.25  151.27  212.00  365.86  365.86  0.0181  0.0000  0.0000   25.97
  74 14250.00  250.00  154.33  157.44  213.68  364.55  364.55  0.0218  0.0000  0.0000   26.13
  73 14000.00  250.00  160.60  163.82  215.36  363.26  363.26  0.0263  0.0000  0.0000   26.49
  72 13750.00  250.00  167.07  170.39  217.04  361.98  361.98  0.0315  0.0000  0.0000   26.80
  71 13500.00  250.00  173.76  177.18  218.72  360.71  360.71  0.0378  0.0000  0.0000   27.29
  70 13250.00  250.00  180.65  184.19  220.40  359.46  359.46  0.0451  0.0000  0.0000   27.75
  69 13000.00  250.00  187.76  191.41  222.08  358.22  358.22  0.0538  0.0000  0.0000   28.33
  68 12750.00  250.00  195.10  198.86  223.76  357.00  357.00  0.0641  0.0000  0.0000   28.98
  67 12500.00  250.00  202.67  206.55  225.44  355.79  355.79  0.0761  0.0000  0.0000   29.63
  66 12250.00  250.00  210.47  214.46  227.12  354.59  354.59  0.0901  0.0000  0.0000   30.30
  65 12000.00  250.00  218.51  222.63  228.80  353.40  353.40  0.1066  0.0000  0.0000   31.05
  64 11750.00  250.00  226.79  231.03  230.47  352.22  352.22  0.1257  0.0000  0.0000   31.79
  63 11500.00  250.00  235.32  239.70  232.15  351.06  351.06  0.1479  0.0000  0.0000   32.56
  62 11250.00  250.00  244.12  248.62  233.83  349.91  349.91  0.1737  0.0000  0.0000   33.37
  61 11000.00  250.00  253.17  257.80  235.50  348.77  348.77  0.2035  0.0000  0.0000   34.19
  60 10750.00  250.00  262.49  267.26  237.18  347.64  347.64  0.2379  0.0000  0.0000   35.04
  59 10500.00  250.00  272.08  276.99  238.85  346.52  346.52  0.2775  0.0000  0.0000   35.92
  58 10250.00  250.00  281.95  287.01  240.53  345.41  345.41  0.3230  0.0000  0.0000   36.82
  57 10000.00  250.00  292.11  297.31  242.20  344.31  344.31  0.3751  0.0000  0.0000   37.75
  56  9750.00  250.00  302.56  307.91  243.87  343.22  343.22  0.4346  0.0000  0.0000   38.69
  55  9500.00  250.00  313.31  318.81  245.54  342.13  342.13  0.5024  0.0000  0.0000   39.65
  54  9250.00  250.00  324.37  330.02  247.21  341.06  341.06  0.5796  0.0000  0.0000   40.65
  53  9000.00  250.00  335.73  341.54  248.87  340.00  340.00  0.6671  0.0000  0.0000   41.66
  52  8750.00  250.00  347.42  353.39  250.54  338.94  338.94  0.7661  0.0000  0.0000   42.69
  51  8500.00  250.00  359.42  365.56  252.20  337.89  337.89  0.8779  0.0000  0.0000   43.74
  50  8250.00  250.00  371.76  378.07  253.86  336.85  336.85  1.0038  0.0000  0.0000   44.82
  49  8000.00  250.00  384.44  390.92  255.52  335.81  335.81  1.1451  0.0000  0.0000   45.91
  48  7750.00  250.00  397.46  404.11  257.17  334.79  334.79  1.3035  0.0000  0.0000   47.01
  47  7500.00  250.00  410.83  417.67  258.82  333.76  333.76  1.4804  0.0000  0.0000   48.14
  46  7250.00  250.00  424.57  431.58  260.47  332.74  332.74  1.6777  0.0000  0.0000   49.27
  45  7000.00  250.00  438.67  445.87  262.11  331.73  331.73  1.8970  0.0000  0.0000   50.42
  44  6750.00  250.00  453.14  460.53  263.75  330.72  330.72  2.1402  0.0000  0.0000   51.58
  43  6500.00  250.00  467.99  475.58  265.39  329.72  329.72  2.4093  0.0000  0.0000   52.76
  42  6250.00  250.00  483.24  491.02  267.02  328.72  328.72  2.7061  0.0000  0.0000   53.93
  41  6000.00  250.00  498.88  506.86  268.64  327.72  327.72  3.0328  0.0000  0.0000   55.12
  40  5750.00  247.37  514.92  522.93  270.26  326.72  326.72  3.3914  0.0000  0.0000   56.31
  39  5505.26  244.74  531.02  539.24  271.84  325.75  325.75  3.7753  0.0000  0.0000   57.48
  38  5260.53  239.47  547.53  555.59  273.41  324.78  324.78  4.1937  0.0000  0.0000   58.65
  37  5026.32  234.21  563.71  571.96  274.90  323.85  323.85  4.6282  0.0000  0.0000   59.77
  36  4792.10  228.95  580.27  588.33  276.40  322.92  322.92  5.0979  0.0000  0.0000   60.88
  35  4568.42  223.68  596.45  604.69  277.81  322.04  322.04  5.5806  0.0000  0.0000   61.94
  34  4344.74  218.42  613.00  621.02  279.22  321.15  321.15  6.0983  0.0000  0.0000   63.00
  33  4131.58  213.16  629.10  637.29  280.56  320.31  320.31  6.6252  0.0000  0.0000   64.00
  32  3918.42  207.89  645.54  653.49  281.89  319.46  319.46  7.1860  0.0000  0.0000   65.00
  31  3715.79  202.63  661.49  669.59  283.15  318.66  318.66  7.7515  0.0000  0.0000   65.93
  30  3513.16  197.37  677.76  685.59  284.40  317.85  317.85  8.3492  0.0000  0.0000   66.86
  29  3321.05  192.11  693.47  701.44  285.58  317.09  317.09  8.9464  0.0000  0.0000   67.72
  28  3128.95  186.84  709.47  717.15  286.76  316.32  316.32  9.5737  0.0000  0.0000   68.58
  27  2947.37  181.58  724.87  732.68  288.04  315.79  315.79  9.1752  0.0000  0.0000   61.71
  26  2765.79  176.32  740.54  748.02  289.15  315.08  315.08  9.7589  0.0000  0.0000   62.36
  25  2594.74  171.05  755.55  763.15  290.19  314.40  314.40 10.3316  0.0000  0.0000   62.96
  24  2423.68  165.79  770.80  778.05  291.23  313.73  313.73 10.9265  0.0000  0.0000   63.55
  23  2263.16  160.53  785.33  792.69  292.20  313.10  313.10 11.5051  0.0000  0.0000   64.08
  22  2102.63  155.26  800.09  807.07  293.17  312.47  312.47 12.1032  0.0000  0.0000   64.60
  21  1952.63  150.00  814.08  821.15  294.06  311.87  311.87 12.6797  0.0000  0.0000   65.07
  20  1802.63  144.74  828.26  834.93  294.96  311.28  311.28 13.2729  0.0000  0.0000   65.53
  19  1663.16  139.47  841.63  848.38  295.79  310.73  310.73 13.8395  0.0000  0.0000   65.94
  18  1523.68  134.21  855.17  861.49  296.61  310.18  310.18 14.4203  0.0000  0.0000   66.33
  17  1394.74  128.95  867.84  874.23  297.37  309.67  309.67 14.9697  0.0000  0.0000   66.68
  16  1265.79  123.68  880.66  886.60  298.13  309.16  309.16 15.5309  0.0000  0.0000   67.02
  15  1147.37  118.42  892.57  898.58  298.83  308.69  308.69 16.0564  0.0000  0.0000   67.31
  14  1028.95  113.16  904.61  910.14  299.52  308.22  308.22 16.5914  0.0000  0.0000   67.60
  13   921.05  107.89  915.69  921.27  300.14  307.80  307.80 17.0869  0.0000  0.0000   67.84
  12   813.16  102.63  926.88  931.97  300.77  307.37  307.37 17.5900  0.0000  0.0000   68.08
  11   715.79   97.37  937.07  942.21  301.34  306.99  306.99 18.0502  0.0000  0.0000   68.28
  10   618.42   92.11  947.36  951.97  301.90  306.60  306.60 18.5163  0.0000  0.0000   68.47
   9   531.58   86.84  956.60  961.26  302.40  306.26  306.26 18.9367  0.0000  0.0000   68.64
   8   444.74   81.58  965.92  970.04  302.90  305.91  305.91 19.3615  0.0000  0.0000   68.79
   7   368.42   76.32  974.17  978.32  303.34  305.61  305.61 19.7383  0.0000  0.0000   68.92
   6   292.11   71.05  982.48  986.08  303.77  305.31  305.31 20.1183  0.0000  0.0000   69.04
   5   226.32   65.79  989.68  993.30  304.15  305.05  305.05 20.4483  0.0000  0.0000   69.14
   4   160.53   60.53  996.93  999.99  304.53  304.79  304.79 20.7805  0.0000  0.0000   69.23
   3   105.26   55.26 1003.06 1006.13  304.84  304.57  304.57 21.0612  0.0000  0.0000   69.31
   2    50.00   40.13 1009.21 1010.60  305.16  304.36  304.36 21.3434  0.0000  0.0000   69.38
   1    25.00   37.50 1012.00 1014.80  305.30  304.26  304.26 21.4716  0.0000  0.0000   69.41
   k      z      dz     pres   presi   Tabs     tp     tpl      qt      Qc      
 Qi      REL
 Smagorinsky SGS Closure
 initialize with warm bubble:
 bubble_x0=   128000.000000000     
 bubble_y0=   128000.000000000     
 bubble_z0=  0.000000000000000E+000
 bubble_radius_hor=   30000.0000000000     
 bubble_radius_ver=   3000.00000000000     
 bubble_dtemp=  0.000000000000000E+000
 bubble_dq=  5.000000000000000E-003
 Initializeing forcing data...
 sounding data: nsnd=           3   nzsnd=         128
 Observed sounding interval (days):  0.000000000000000E+000
   2000.00000000000     
 
 Case: bubble
 Caseid: rcemip305sst_160_MaxIce20_2dry3km
 New Run.
 Day:  0.000000000000000E+000
 Model type: CEM
 Finish at timestep:         720
 Finish on day:  0.250000000000000     
 
 Statistics file ouput frequency:           60  steps
 Statistics file sampling: every           15  steps
 printouts frequency:           4  steps
 Adams-Bashforth scheme order:           3
 
 Global Grid:         256         256         128
 Local Grid:          32          32         128
 Grid spacing (m) dx, dy, dz:   1000.00000000000        1000.00000000000     
   37.5000000000000     
 Domain dimensions (m):   256000.000000000        256000.000000000     
   27750.0000000000     
 dowallx= F
 dowally= F
 
 Timestep (sec):   30.0000000000000     
 domain translation velocities ug, vg:  0.000000000000000E+000
  0.000000000000000E+000
 
 do column model F
 do convective parameterization F
 do spange damping at the domain top:  T
 maintain grad. of scalars at the top: T
 clouds are allowed: T
 precipitation is allowed: T
 smoke cloud F
 SGS scheme is on: T
 larger-scale subsidence is on: F
 larger-scale tendency is on: F
 coriolis force is allowed: F
 vertical coriolis force is allowed: F
 longwave radiation: T
 shortwave radiation: T
 do seasonal solar cycle: F
 do perpetual sun: T
 compute effective radius for liquid: T
 compute effective radius for ice: T
 doradsimple =  F
 doradhomo = F
 dosolarconstant =  T
 solar_constant =    423.500000000000     
 zenith_angle =    42.8900000000000     
 doradlon =  F
 doradlat =  F
 Latitude0:  0.000000000000000E+000
 Longitude0:  0.000000000000000E+000
 rundatadir = ./RUNDATA
 factor to change present CO2 concentration: nxco2=   1.00000000000000     
 surface flux parameterization is on: T
 Surface type: OCEAN
  sensible heat flux prescribed: F
  latent heat flux prescribed: F
  surface stress prescribed: F
 dosfchomo =  F
 doisccp =  T
 domodis =  T
 domisr =  T
 dosimfilesout= F
 dodynamicocean = F
 doseawater= T
 salt_factor (satur. correction for salty water)=  0.981000000000000     
 dotracers = F
 output_sep = F
 perturb_type =            2
 doSAMconditionals = F
 dosatupdnconditionals = T
 doscamiopdata = F
 iopfile:
 dozero_out_day0 = F
 nsave2D =          120
 nsave2Dstart =            0
 nsave2Dend =     99960480
 save2Dbin =  T
 nsave3D =          120
 nsave3Dstart =            0
 nsave3Dend =     99960480
 save3Dbin =  T
 qnsave3D =   0.000000000000000E+000
 docolumn =  F
 doensemble =  F
 nensemble =            0
 nstatmom =         1000
 nstatmomstart =            1
 nstatmomend =            0
 savemombin =  F
 nmovie =         1000
 nmoviestart =     99999999
 nmovieend =     99999999
 Writting 3D data. file:./OUT_3D/bubble_rcemip305sst_160_MaxIce20_2dry3km_64_000
 0000000.bin3D                                                   
 Number of statistics profiles:         647
 Statistics profiles to save:
PRES       U          V          UOBS       VOBS       WOBS       RHO        MSE     
DSE        SSE        THETAE     THETA      THETAV     THETAL     TABS       TABSOBS 
TL         QT         QV         QVOBS      TTEND      QTEND      QCL        QCI     
QPL        QPI        QN         QP         QNFR       FRACT      QSAT       QCOND   
PRECIP     RELH       TLFLUX     TLFLUXS    TVFLUX     QCFLUX     QIFLUX     SW      
SWSB       UW         UWSB       VW         VWSB       RADLWUP    RADLWDN    RADSWUP 
RADSWDN    RADQRLW    RADQRSW    RADQR      RADQRS     RADQRC     Q1C        Q1CC    
Q1CS       Q1LS       Q2         Q2C        Q2S        Q2LS       U2         V2      
W2         TL2        TQ         QT2        QC2        QI2        QS2        S2      
W3         AUP        WSKEW      TKE        TKES       TK         TKH        HLADV   
HLDIFF     HLLAT      HLRAD      QTADV      QTDIFF     QTSINK     QTSRC      QPADV   
QPDIFF     QPFALL     QPSRC      QPEVP      SHEAR      SHEARS     BUOYA      BUOYAS  
ADVTR      PRESSTR    ADVTRS     DIFTR      DISSIP     DISSIPS    WUADV      WVADV   
WUPRES     WVPRES     WUANIZ     WVANIZ     WUSHEAR    WVSHEAR    WUBUOY     WVBUOY  
WUDIFF     WVDIFF     W2ADV      W2PRES     W2REDIS    W2BUOY     W2DIFF     TWGRAD  
TWADV      TWDIFF     TWBUOY     TWPRES     TWPREC     QWGRAD     QWADV      QWDIFF  
QWBUOY     QWPRES     QWPREC     T2ADVTR    T2GRAD     T2DISSIP   T2DIFTR    T2PREC  
Q2ADVTR    Q2GRAD     Q2DISSIP   Q2DIFTR    Q2PREC     HYDRO      MCUP       MCDNS   
MCDNU      MC         CORE       CORECL     COREDN     COREDNCL   MCRUP      MCRDNS  
MCRDNU     MCR        QVTEND     QHTEND     QNUDGE     THTEND     TVTEND     TNUDGE  
WSTAR3     UADV       VADV       UDIFF      VDIFF      UNUDGE     VNUDGE     ULSADVV 
VLSADVV    USTOR      VSTOR      UTENDCOR   URESID     VTENDCOR   VRESID     HLSTOR  
QTSTOR     CLDCUMU1   CLDCUMD1   CLDCUMU2   CLDCUMD2   TBIAS      QBIAS      RELHBIAS
UXGRID     VXGRID     TKEDAMP    RADQRCLW   RADQRCSW   SURFVARS   CLD        WCLD    
UCLD       VCLD       MSECLD     DSECLD     TLCLD      TACLD      TVCLD      TVCLDA  
QTCLD      QNCLD      QPCLD      SCLD       WCLDA      TLWCLD     TVWCLD     SWCLD   
QTWCLD     QCWCLD     QIWCLD     HFCLD      HFCLDA     UCLDA      VCLDA      UPGFCLD 
VPGFCLD    WPGFCLD    UWCLD      VWCLD      UWSBCLD    VWSBCLD    MFCLD      MFHCLD  
MFHCLDA    MFTLCLD    MFTLCLDA   MFTVCLD    MFTVCLDA   MFQTCLD    MFQTCLDA   RUWCLD  
RVWCLD     RWWCLD     SUP        WSUP       USUP       VSUP       MSESUP     DSESUP  
TLSUP      TASUP      TVSUP      TVSUPA     QTSUP      QNSUP      QPSUP      SSUP    
WSUPA      TLWSUP     TVWSUP     SWSUP      QTWSUP     QCWSUP     QIWSUP     HFSUP   
HFSUPA     USUPA      VSUPA      UPGFSUP    VPGFSUP    WPGFSUP    UWSUP      VWSUP   
UWSBSUP    VWSBSUP    MFSUP      MFHSUP     MFHSUPA    MFTLSUP    MFTLSUPA   MFTVSUP 
MFTVSUPA   MFQTSUP    MFQTSUPA   RUWSUP     RVWSUP     RWWSUP     SDN        WSDN    
USDN       VSDN       MSESDN     DSESDN     TLSDN      TASDN      TVSDN      TVSDNA  
QTSDN      QNSDN      QPSDN      SSDN       WSDNA      TLWSDN     TVWSDN     SWSDN   
QTWSDN     QCWSDN     QIWSDN     HFSDN      HFSDNA     USDNA      VSDNA      UPGFSDN 
VPGFSDN    WPGFSDN    UWSDN      VWSDN      UWSBSDN    VWSBSDN    MFSDN      MFHSDN  
MFHSDNA    MFTLSDN    MFTLSDNA   MFTVSDN    MFTVSDNA   MFQTSDN    MFQTSDNA   RUWSDN  
RVWSDN     RWWSDN     ENV        WENV       UENV       VENV       MSEENV     DSEENV  
TLENV      TAENV      TVENV      TVENVA     QTENV      QNENV      QPENV      SENV    
WENVA      TLWENV     TVWENV     SWENV      QTWENV     QCWENV     QIWENV     HFENV   
HFENVA     UENVA      VENVA      UPGFENV    VPGFENV    WPGFENV    UWENV      VWENV   
UWSBENV    VWSBENV    MFENV      MFHENV     MFHENVA    MFTLENV    MFTLENVA   MFTVENV 
MFTVENVA   MFQTENV    MFQTENVA   RUWENV     RVWENV     RWWENV     QTFLUX     QTO     
QTO2       QTOADV     QTODIFF    QTOMPHY    QTOSED     QTOSDFLX   QTOSTRG    QTOFLXR 
QTOFLXS    NC         NCADV      NCDIFF     NCMPHY     NCSED      NCSDFLX    NCSTRG  
NCFLXR     NCFLXS     QR         QRADV      QRDIFF     QRMPHY     QRSED      QRSDFLX 
QRSTRG     QRFLXR     QRFLXS     NR         NRADV      NRDIFF     NRMPHY     NRSED   
NRSDFLX    NRSTRG     NRFLXR     NRFLXS     QIA        QIAADV     QIADIFF    QIAMPHY 
QIASED     QIASDFLX   QIASTRG    QIAFLXR    QIAFLXS    TAUQIA     QIAOEFFR   NIA     
NIAADV     NIADIFF    NIAMPHY    NIASED     NIASDFLX   NIASTRG    NIAFLXR    NIAFLXS 
IRA        IRAADV     IRADIFF    IRAMPHY    IRASED     IRASDFLX   IRASTRG    IRAFLXR 
IRAFLXS    IBA        IBAADV     IBADIFF    IBAMPHY    IBASED     IBASDFLX   IBASTRG 
IBAFLXR    IBAFLXS    QIB        QIBADV     QIBDIFF    QIBMPHY    QIBSED     QIBSDFLX
QIBSTRG    QIBFLXR    QIBFLXS    TAUQIB     QIBOEFFR   NIB        NIBADV     NIBDIFF 
NIBMPHY    NIBSED     NIBSDFLX   NIBSTRG    NIBFLXR    NIBFLXS    IRB        IRBADV  
IRBDIFF    IRBMPHY    IRBSED     IRBSDFLX   IRBSTRG    IRBFLXR    IRBFLXS    IBB     
IBBADV     IBBDIFF    IBBMPHY    IBBSED     IBBSDFLX   IBBSTRG    IBBFLXR    IBBFLXS 
QIC        QICADV     QICDIFF    QICMPHY    QICSED     QICSDFLX   QICSTRG    QICFLXR 
QICFLXS    TAUQIC     QICOEFFR   NIC        NICADV     NICDIFF    NICMPHY    NICSED  
NICSDFLX   NICSTRG    NICFLXR    NICFLXS    IRC        IRCADV     IRCDIFF    IRCMPHY 
IRCSED     IRCSDFLX   IRCSTRG    IRCFLXR    IRCFLXS    IBC        IBCADV     IBCDIFF 
IBCMPHY    IBCSED     IBCSDFLX   IBCSTRG    IBCFLXR    IBCFLXS    QID        QIDADV  
QIDDIFF    QIDMPHY    QIDSED     QIDSDFLX   QIDSTRG    QIDFLXR    QIDFLXS    TAUQID  
QIDOEFFR   NID        NIDADV     NIDDIFF    NIDMPHY    NIDSED     NIDSDFLX   NIDSTRG 
NIDFLXR    NIDFLXS    IRD        IRDADV     IRDDIFF    IRDMPHY    IRDSED     IRDSDFLX
IRDSTRG    IRDFLXR    IRDFLXS    IBD        IBDADV     IBDDIFF    IBDMPHY    IBDSED  
IBDSDFLX   IBDSTRG    IBDFLXR    IBDFLXS    QIE        QIEADV     QIEDIFF    QIEMPHY 
QIESED     QIESDFLX   QIESTRG    QIEFLXR    QIEFLXS    TAUQIE     QIEOEFFR   NIE     
NIEADV     NIEDIFF    NIEMPHY    NIESED     NIESDFLX   NIESTRG    NIEFLXR    NIEFLXS 
IRE        IREADV     IREDIFF    IREMPHY    IRESED     IRESDFLX   IRESTRG    IREFLXR 
IREFLXS    IBE        IBEADV     IBEDIFF    IBEMPHY    IBESED     IBESDFLX   IBESTRG 
IBEFLXR    IBEFLXS    QIF        QIFADV     QIFDIFF    QIFMPHY    QIFSED     QIFSDFLX
QIFSTRG    QIFFLXR    QIFFLXS    TAUQIF     QIFOEFFR   NIF        NIFADV     NIFDIFF 
NIFMPHY    NIFSED     NIFSDFLX   NIFSTRG    NIFFLXR    NIFFLXS    IRF        IRFADV  
IRFDIFF    IRFMPHY    IRFSED     IRFSDFLX   IRFSTRG    IRFFLXR    IRFFLXS    IBF     
IBFADV     IBFDIFF    IBFMPHY    IBFSED     IBFSDFLX   IBFSTRG    IBFFLXR    IBFFLXS 
QC         TAUQC      QCOEFFR    T1         QV1        ninuc      ninuc2     ninuc3  
ncheti     nrheti     nimul      nimlt      nisub      nislf      nrchomi 
wspd, zbot, t_degC, zbot =       0.00000000     25.00000000     32.14771108     25.00000000
qbot,zbot,pmidm1,ts_degC =       0.02147160     25.00000000   1012.00071400     31.85000000
tau,shf,lhf,Le =     0.000000E+00   -0.125493E-02    0.206977E-04    0.000000E+00
ssq, lhf_coef, ustar,  u10n =         0.029816       -0.002480        0.058438        1.148427
 SHF/LHF (W/m2 approx) =   -1.52700453583144        62.3414445418480     
wspd, zbot, t_degC, zbot =       0.00000000     25.00000000     32.14771108     25.00000000
wspd, zbot, t_degC, zbot =       0.00000000     25.00000000     32.14771108     25.00000000
qbot,zbot,pmidm1,ts_degC =       0.02147160     25.00000000   1012.00071400     31.85000000
tau,shf,lhf,Le =     0.000000E+00   -0.125493E-02    0.206977E-04    0.000000E+00
ssq, lhf_coef, ustar,  u10n =         0.029816       -0.002480        0.058438        1.148427
 SHF/LHF (W/m2 approx) =   -1.52700453583144        62.3414445418480     
wspd, zbot, t_degC, zbot =       0.00000000     25.00000000     32.14771108     25.00000000
qbot,zbot,pmidm1,ts_degC =       0.02147160     25.00000000   1012.00071400     31.85000000
tau,shf,lhf,Le =     0.000000E+00   -0.125493E-02    0.206977E-04    0.000000E+00
ssq, lhf_coef, ustar,  u10n =         0.029816       -0.002480        0.058438        1.148427
 SHF/LHF (W/m2 approx) =   -1.52700453583144        62.3414445418480     
wspd, zbot, t_degC, zbot =       0.00000000     25.00000000     32.14771108     25.00000000
qbot,zbot,pmidm1,ts_degC =       0.02147160     25.00000000   1012.00071400     31.85000000
tau,shf,lhf,Le =     0.000000E+00   -0.125493E-02    0.206977E-04    0.000000E+00
ssq, lhf_coef, ustar,  u10n =         0.029816       -0.002480        0.058438        1.148427
 SHF/LHF (W/m2 approx) =   -1.52700453583144        62.3414445418480     
wspd, zbot, t_degC, zbot =       0.00000000     25.00000000     32.14771108     25.00000000
qbot,zbot,pmidm1,ts_degC =       0.02147160     25.00000000   1012.00071400     31.85000000
tau,shf,lhf,Le =     0.000000E+00   -0.125493E-02    0.206977E-04    0.000000E+00
ssq, lhf_coef, ustar,  u10n =         0.029816       -0.002480        0.058438        1.148427
 SHF/LHF (W/m2 approx) =   -1.52700453583144        62.3414445418480     
wspd, zbot, t_degC, zbot =       0.00000000     25.00000000     32.14771108     25.00000000
qbot,zbot,pmidm1,ts_degC =       0.02147160     25.00000000   1012.00071400     31.85000000
tau,shf,lhf,Le =     0.000000E+00   -0.125493E-02    0.206977E-04    0.000000E+00
ssq, lhf_coef, ustar,  u10n =         0.029816       -0.002480        0.058438        1.148427
 SHF/LHF (W/m2 approx) =   -1.52700453583144        62.3414445418480     
wspd, zbot, t_degC, zbot =       0.00000000     25.00000000     32.14771108     25.00000000
qbot,zbot,pmidm1,ts_degC =       0.02147160     25.00000000   1012.00071400     31.85000000
tau,shf,lhf,Le =     0.000000E+00   -0.125493E-02    0.206977E-04    0.000000E+00
ssq, lhf_coef, ustar,  u10n =         0.029816       -0.002480        0.058438        1.148427
 SHF/LHF (W/m2 approx) =   -1.52700453583144        62.3414445418480     
wspd, zbot, t_degC, zbot =       0.00000000     25.00000000     32.14771108     25.00000000
qbot,zbot,pmidm1,ts_degC =       0.02147160     25.00000000   1012.00071400     31.85000000
tau,shf,lhf,Le =     0.000000E+00   -0.125493E-02    0.206977E-04    0.000000E+00
ssq, lhf_coef, ustar,  u10n =         0.029816       -0.002480        0.058438        1.148427
 SHF/LHF (W/m2 approx) =   -1.52700453583144        62.3414445418480     
wspd, zbot, t_degC, zbot =       0.00000000     25.00000000     32.14771108     25.00000000
qbot,zbot,pmidm1,ts_degC =       0.02147160     25.00000000   1012.00071400     31.85000000
tau,shf,lhf,Le =     0.000000E+00   -0.125493E-02    0.206977E-04    0.000000E+00
ssq, lhf_coef, ustar,  u10n =         0.029816       -0.002480        0.058438        1.148427
 SHF/LHF (W/m2 approx) =   -1.52700453583144        62.3414445418480     
wspd, zbot, t_degC, zbot =       0.00000000     25.00000000     32.14771108     25.00000000
qbot,zbot,pmidm1,ts_degC =       0.02147160     25.00000000   1012.00071400     31.85000000
tau,shf,lhf,Le =     0.000000E+00   -0.125493E-02    0.206977E-04    0.000000E+00
ssq, lhf_coef, ustar,  u10n =         0.029816       -0.002480        0.058438        1.148427
 SHF/LHF (W/m2 approx) =   -1.52700453583144        62.3414445418480     
wspd, zbot, t_degC, zbot =       0.00000000     25.00000000     32.14771108     25.00000000
qbot,zbot,pmidm1,ts_degC =       0.02147160     25.00000000   1012.00071400     31.85000000
tau,shf,lhf,Le =     0.000000E+00   -0.125493E-02    0.206977E-04    0.000000E+00
ssq, lhf_coef, ustar,  u10n =         0.029816       -0.002480        0.058438        1.148427
 SHF/LHF (W/m2 approx) =   -1.52700453583144        62.3414445418480     
wspd, zbot, t_degC, zbot =       0.00000000     25.00000000     32.14771108     25.00000000
qbot,zbot,pmidm1,ts_degC =       0.02147160     25.00000000   1012.00071400     31.85000000
tau,shf,lhf,Le =     0.000000E+00   -0.125493E-02    0.206977E-04    0.000000E+00
ssq, lhf_coef, ustar,  u10n =         0.029816       -0.002480        0.058438        1.148427
 SHF/LHF (W/m2 approx) =   -1.52700453583144        62.3414445418480     
wspd, zbot, t_degC, zbot =       0.00000000     25.00000000     32.14771108     25.00000000
qbot,zbot,pmidm1,ts_degC =       0.02147160     25.00000000   1012.00071400     31.85000000
tau,shf,lhf,Le =     0.000000E+00   -0.125493E-02    0.206977E-04    0.000000E+00
ssq, lhf_coef, ustar,  u10n =         0.029816       -0.002480        0.058438        1.148427
 SHF/LHF (W/m2 approx) =   -1.52700453583144        62.3414445418480     
wspd, zbot, t_degC, zbot =       0.00000000     25.00000000     32.14771108     25.00000000
qbot,zbot,pmidm1,ts_degC =       0.02147160     25.00000000   1012.00071400     31.85000000
tau,shf,lhf,Le =     0.000000E+00   -0.125493E-02    0.206977E-04    0.000000E+00
ssq, lhf_coef, ustar,  u10n =         0.029816       -0.002480        0.058438        1.148427
 SHF/LHF (W/m2 approx) =   -1.52700453583144        62.3414445418480     
wspd, zbot, t_degC, zbot =       0.00000000     25.00000000     32.14771108     25.00000000
qbot,zbot,pmidm1,ts_degC =       0.02147160     25.00000000   1012.00071400     31.85000000
tau,shf,lhf,Le =     0.000000E+00   -0.125493E-02    0.206977E-04    0.000000E+00
ssq, lhf_coef, ustar,  u10n =         0.029816       -0.002480        0.058438        1.148427
 SHF/LHF (W/m2 approx) =   -1.52700453583144        62.3414445418480     
wspd, zbot, t_degC, zbot =       0.00000000     25.00000000     32.14771108     25.00000000
qbot,zbot,pmidm1,ts_degC =       0.02147160     25.00000000   1012.00071400     31.85000000
tau,shf,lhf,Le =     0.000000E+00   -0.125493E-02    0.206977E-04    0.000000E+00
ssq, lhf_coef, ustar,  u10n =         0.029816       -0.002480        0.058438        1.148427
 SHF/LHF (W/m2 approx) =   -1.52700453583144        62.3414445418480     
wspd, zbot, t_degC, zbot =       0.00000000     25.00000000     32.14771108     25.00000000
qbot,zbot,pmidm1,ts_degC =       0.02147160     25.00000000   1012.00071400     31.85000000
tau,shf,lhf,Le =     0.000000E+00   -0.125493E-02    0.206977E-04    0.000000E+00
ssq, lhf_coef, ustar,  u10n =         0.029816       -0.002480        0.058438        1.148427
 SHF/LHF (W/m2 approx) =   -1.52700453583144        62.3414445418480     
wspd, zbot, t_degC, zbot =       0.00000000     25.00000000     32.14771108     25.00000000
qbot,zbot,pmidm1,ts_degC =       0.02147160     25.00000000   1012.00071400     31.85000000
tau,shf,lhf,Le =     0.000000E+00   -0.125493E-02    0.206977E-04    0.000000E+00
ssq, lhf_coef, ustar,  u10n =         0.029816       -0.002480        0.058438        1.148427
 SHF/LHF (W/m2 approx) =   -1.52700453583144        62.3414445418480     
wspd, zbot, t_degC, zbot =       0.00000000     25.00000000     32.14771108     25.00000000
qbot,zbot,pmidm1,ts_degC =       0.02147160     25.00000000   1012.00071400     31.85000000
tau,shf,lhf,Le =     0.000000E+00   -0.125493E-02    0.206977E-04    0.000000E+00
ssq, lhf_coef, ustar,  u10n =         0.029816       -0.002480        0.058438        1.148427
 SHF/LHF (W/m2 approx) =   -1.52700453583144        62.3414445418480     
wspd, zbot, t_degC, zbot =       0.00000000     25.00000000     32.14771108     25.00000000
qbot,zbot,pmidm1,ts_degC =       0.02147160     25.00000000   1012.00071400     31.85000000
tau,shf,lhf,Le =     0.000000E+00   -0.125493E-02    0.206977E-04    0.000000E+00
ssq, lhf_coef, ustar,  u10n =         0.029816       -0.002480        0.058438        1.148427
 SHF/LHF (W/m2 approx) =   -1.52700453583144        62.3414445418480     
wspd, zbot, t_degC, zbot =       0.00000000     25.00000000     32.14771108     25.00000000
qbot,zbot,pmidm1,ts_degC =       0.02147160     25.00000000   1012.00071400     31.85000000
tau,shf,lhf,Le =     0.000000E+00   -0.125493E-02    0.206977E-04    0.000000E+00
ssq, lhf_coef, ustar,  u10n =         0.029816       -0.002480        0.058438        1.148427
 SHF/LHF (W/m2 approx) =   -1.52700453583144        62.3414445418480     
wspd, zbot, t_degC, zbot =       0.00000000     25.00000000     32.14771108     25.00000000
qbot,zbot,pmidm1,ts_degC =       0.02147160     25.00000000   1012.00071400     31.85000000
tau,shf,lhf,Le =     0.000000E+00   -0.125493E-02    0.206977E-04    0.000000E+00
ssq, lhf_coef, ustar,  u10n =         0.029816       -0.002480        0.058438        1.148427
 SHF/LHF (W/m2 approx) =   -1.52700453583144        62.3414445418480     
wspd, zbot, t_degC, zbot =       0.00000000     25.00000000     32.14771108     25.00000000
qbot,zbot,pmidm1,ts_degC =       0.02147160     25.00000000   1012.00071400     31.85000000
tau,shf,lhf,Le =     0.000000E+00   -0.125493E-02    0.206977E-04    0.000000E+00
ssq, lhf_coef, ustar,  u10n =         0.029816       -0.002480        0.058438        1.148427
 SHF/LHF (W/m2 approx) =   -1.52700453583144        62.3414445418480     
wspd, zbot, t_degC, zbot =       0.00000000     25.00000000     32.14771108     25.00000000
qbot,zbot,pmidm1,ts_degC =       0.02147160     25.00000000   1012.00071400     31.85000000
tau,shf,lhf,Le =     0.000000E+00   -0.125493E-02    0.206977E-04    0.000000E+00
ssq, lhf_coef, ustar,  u10n =         0.029816       -0.002480        0.058438        1.148427
 SHF/LHF (W/m2 approx) =   -1.52700453583144        62.3414445418480     
wspd, zbot, t_degC, zbot =       0.00000000     25.00000000     32.14771108     25.00000000
qbot,zbot,pmidm1,ts_degC =       0.02147160     25.00000000   1012.00071400     31.85000000
tau,shf,lhf,Le =     0.000000E+00   -0.125493E-02    0.206977E-04    0.000000E+00
ssq, lhf_coef, ustar,  u10n =         0.029816       -0.002480        0.058438        1.148427
 SHF/LHF (W/m2 approx) =   -1.52700453583144        62.3414445418480     
wspd, zbot, t_degC, zbot =       0.00000000     25.00000000     32.14771108     25.00000000
qbot,zbot,pmidm1,ts_degC =       0.02147160     25.00000000   1012.00071400     31.85000000
tau,shf,lhf,Le =     0.000000E+00   -0.125493E-02    0.206977E-04    0.000000E+00
ssq, lhf_coef, ustar,  u10n =         0.029816       -0.002480        0.058438        1.148427
 SHF/LHF (W/m2 approx) =   -1.52700453583144        62.3414445418480     
wspd, zbot, t_degC, zbot =       0.00000000     25.00000000     32.14771108     25.00000000
qbot,zbot,pmidm1,ts_degC =       0.02147160     25.00000000   1012.00071400     31.85000000
tau,shf,lhf,Le =     0.000000E+00   -0.125493E-02    0.206977E-04    0.000000E+00
ssq, lhf_coef, ustar,  u10n =         0.029816       -0.002480        0.058438        1.148427
 SHF/LHF (W/m2 approx) =   -1.52700453583144        62.3414445418480     
wspd, zbot, t_degC, zbot =       0.00000000     25.00000000     32.14771108     25.00000000
qbot,zbot,pmidm1,ts_degC =       0.02147160     25.00000000   1012.00071400     31.85000000
tau,shf,lhf,Le =     0.000000E+00   -0.125493E-02    0.206977E-04    0.000000E+00
ssq, lhf_coef, ustar,  u10n =         0.029816       -0.002480        0.058438        1.148427
 SHF/LHF (W/m2 approx) =   -1.52700453583144        62.3414445418480     
wspd, zbot, t_degC, zbot =       0.00000000     25.00000000     32.14771108     25.00000000
qbot,zbot,pmidm1,ts_degC =       0.02147160     25.00000000   1012.00071400     31.85000000
tau,shf,lhf,Le =     0.000000E+00   -0.125493E-02    0.206977E-04    0.000000E+00
ssq, lhf_coef, ustar,  u10n =         0.029816       -0.002480        0.058438        1.148427
 SHF/LHF (W/m2 approx) =   -1.52700453583144        62.3414445418480     
wspd, zbot, t_degC, zbot =       0.00000000     25.00000000     32.14771108     25.00000000
qbot,zbot,pmidm1,ts_degC =       0.02147160     25.00000000   1012.00071400     31.85000000
tau,shf,lhf,Le =     0.000000E+00   -0.125493E-02    0.206977E-04    0.000000E+00
ssq, lhf_coef, ustar,  u10n =         0.029816       -0.002480        0.058438        1.148427
 SHF/LHF (W/m2 approx) =   -1.52700453583144        62.3414445418480     
wspd, zbot, t_degC, zbot =       0.00000000     25.00000000     32.14771108     25.00000000
qbot,zbot,pmidm1,ts_degC =       0.02147160     25.00000000   1012.00071400     31.85000000
tau,shf,lhf,Le =     0.000000E+00   -0.125493E-02    0.206977E-04    0.000000E+00
ssq, lhf_coef, ustar,  u10n =         0.029816       -0.002480        0.058438        1.148427
 SHF/LHF (W/m2 approx) =   -1.52700453583144        62.3414445418480     
wspd, zbot, t_degC, zbot =       0.00000000     25.00000000     32.14771108     25.00000000
qbot,zbot,pmidm1,ts_degC =       0.02147160     25.00000000   1012.00071400     31.85000000
tau,shf,lhf,Le =     0.000000E+00   -0.125493E-02    0.206977E-04    0.000000E+00
ssq, lhf_coef, ustar,  u10n =         0.029816       -0.002480        0.058438        1.148427
 SHF/LHF (W/m2 approx) =   -1.52700453583144        62.3414445418480     
wspd, zbot, t_degC, zbot =       0.00000000     25.00000000     32.14771108     25.00000000
qbot,zbot,pmidm1,ts_degC =       0.02147160     25.00000000   1012.00071400     31.85000000
tau,shf,lhf,Le =     0.000000E+00   -0.125493E-02    0.206977E-04    0.000000E+00
ssq, lhf_coef, ustar,  u10n =         0.029816       -0.002480        0.058438        1.148427
 SHF/LHF (W/m2 approx) =   -1.52700453583144        62.3414445418480     
wspd, zbot, t_degC, zbot =       0.00000000     25.00000000     32.14771108     25.00000000
qbot,zbot,pmidm1,ts_degC =       0.02147160     25.00000000   1012.00071400     31.85000000
tau,shf,lhf,Le =     0.000000E+00   -0.125493E-02    0.206977E-04    0.000000E+00
ssq, lhf_coef, ustar,  u10n =         0.029816       -0.002480        0.058438        1.148427
 SHF/LHF (W/m2 approx) =   -1.52700453583144        62.3414445418480     
wspd, zbot, t_degC, zbot =       0.00000000     25.00000000     32.14771108     25.00000000
qbot,zbot,pmidm1,ts_degC =       0.02147160     25.00000000   1012.00071400     31.85000000
tau,shf,lhf,Le =     0.000000E+00   -0.125493E-02    0.206977E-04    0.000000E+00
ssq, lhf_coef, ustar,  u10n =         0.029816       -0.002480        0.058438        1.148427
 SHF/LHF (W/m2 approx) =   -1.52700453583144        62.3414445418480     
wspd, zbot, t_degC, zbot =       0.00000000     25.00000000     32.14771108     25.00000000
qbot,zbot,pmidm1,ts_degC =       0.02147160     25.00000000   1012.00071400     31.85000000
tau,shf,lhf,Le =     0.000000E+00   -0.125493E-02    0.206977E-04    0.000000E+00
ssq, lhf_coef, ustar,  u10n =         0.029816       -0.002480        0.058438        1.148427
 SHF/LHF (W/m2 approx) =   -1.52700453583144        62.3414445418480     
wspd, zbot, t_degC, zbot =       0.00000000     25.00000000     32.14771108     25.00000000
qbot,zbot,pmidm1,ts_degC =       0.02147160     25.00000000   1012.00071400     31.85000000
tau,shf,lhf,Le =     0.000000E+00   -0.125493E-02    0.206977E-04    0.000000E+00
ssq, lhf_coef, ustar,  u10n =         0.029816       -0.002480        0.058438        1.148427
 SHF/LHF (W/m2 approx) =   -1.52700453583144        62.3414445418480     
wspd, zbot, t_degC, zbot =       0.00000000     25.00000000     32.14771108     25.00000000
qbot,zbot,pmidm1,ts_degC =       0.02147160     25.00000000   1012.00071400     31.85000000
tau,shf,lhf,Le =     0.000000E+00   -0.125493E-02    0.206977E-04    0.000000E+00
ssq, lhf_coef, ustar,  u10n =         0.029816       -0.002480        0.058438        1.148427
 SHF/LHF (W/m2 approx) =   -1.52700453583144        62.3414445418480     
wspd, zbot, t_degC, zbot =       0.00000000     25.00000000     32.14771108     25.00000000
qbot,zbot,pmidm1,ts_degC =       0.02147160     25.00000000   1012.00071400     31.85000000
tau,shf,lhf,Le =     0.000000E+00   -0.125493E-02    0.206977E-04    0.000000E+00
ssq, lhf_coef, ustar,  u10n =         0.029816       -0.002480        0.058438        1.148427
 SHF/LHF (W/m2 approx) =   -1.52700453583144        62.3414445418480     
wspd, zbot, t_degC, zbot =       0.00000000     25.00000000     32.14771108     25.00000000
qbot,zbot,pmidm1,ts_degC =       0.02147160     25.00000000   1012.00071400     31.85000000
tau,shf,lhf,Le =     0.000000E+00   -0.125493E-02    0.206977E-04    0.000000E+00
ssq, lhf_coef, ustar,  u10n =         0.029816       -0.002480        0.058438        1.148427
 SHF/LHF (W/m2 approx) =   -1.52700453583144        62.3414445418480     
wspd, zbot, t_degC, zbot =       0.00000000     25.00000000     32.14771108     25.00000000
qbot,zbot,pmidm1,ts_degC =       0.02147160     25.00000000   1012.00071400     31.85000000
tau,shf,lhf,Le =     0.000000E+00   -0.125493E-02    0.206977E-04    0.000000E+00
ssq, lhf_coef, ustar,  u10n =         0.029816       -0.002480        0.058438        1.148427
 SHF/LHF (W/m2 approx) =   -1.52700453583144        62.3414445418480     
wspd, zbot, t_degC, zbot =       0.00000000     25.00000000     32.14771108     25.00000000
qbot,zbot,pmidm1,ts_degC =       0.02147160     25.00000000   1012.00071400     31.85000000
tau,shf,lhf,Le =     0.000000E+00   -0.125493E-02    0.206977E-04    0.000000E+00
ssq, lhf_coef, ustar,  u10n =         0.029816       -0.002480        0.058438        1.148427
 SHF/LHF (W/m2 approx) =   -1.52700453583144        62.3414445418480     
wspd, zbot, t_degC, zbot =       0.00000000     25.00000000     32.14771108     25.00000000
qbot,zbot,pmidm1,ts_degC =       0.02147160     25.00000000   1012.00071400     31.85000000
tau,shf,lhf,Le =     0.000000E+00   -0.125493E-02    0.206977E-04    0.000000E+00
ssq, lhf_coef, ustar,  u10n =         0.029816       -0.002480        0.058438        1.148427
 SHF/LHF (W/m2 approx) =   -1.52700453583144        62.3414445418480     
wspd, zbot, t_degC, zbot =       0.00000000     25.00000000     32.14771108     25.00000000
qbot,zbot,pmidm1,ts_degC =       0.02147160     25.00000000   1012.00071400     31.85000000
tau,shf,lhf,Le =     0.000000E+00   -0.125493E-02    0.206977E-04    0.000000E+00
ssq, lhf_coef, ustar,  u10n =         0.029816       -0.002480        0.058438        1.148427
 SHF/LHF (W/m2 approx) =   -1.52700453583144        62.3414445418480     
wspd, zbot, t_degC, zbot =       0.00000000     25.00000000     32.14771108     25.00000000
qbot,zbot,pmidm1,ts_degC =       0.02147160     25.00000000   1012.00071400     31.85000000
tau,shf,lhf,Le =     0.000000E+00   -0.125493E-02    0.206977E-04    0.000000E+00
ssq, lhf_coef, ustar,  u10n =         0.029816       -0.002480        0.058438        1.148427
 SHF/LHF (W/m2 approx) =   -1.52700453583144        62.3414445418480     
wspd, zbot, t_degC, zbot =       0.00000000     25.00000000     32.14771108     25.00000000
qbot,zbot,pmidm1,ts_degC =       0.02147160     25.00000000   1012.00071400     31.85000000
tau,shf,lhf,Le =     0.000000E+00   -0.125493E-02    0.206977E-04    0.000000E+00
ssq, lhf_coef, ustar,  u10n =         0.029816       -0.002480        0.058438        1.148427
 SHF/LHF (W/m2 approx) =   -1.52700453583144        62.3414445418480     
wspd, zbot, t_degC, zbot =       0.00000000     25.00000000     32.14771108     25.00000000
qbot,zbot,pmidm1,ts_degC =       0.02147160     25.00000000   1012.00071400     31.85000000
tau,shf,lhf,Le =     0.000000E+00   -0.125493E-02    0.206977E-04    0.000000E+00
ssq, lhf_coef, ustar,  u10n =         0.029816       -0.002480        0.058438        1.148427
 SHF/LHF (W/m2 approx) =   -1.52700453583144        62.3414445418480     
wspd, zbot, t_degC, zbot =       0.00000000     25.00000000     32.14771108     25.00000000
qbot,zbot,pmidm1,ts_degC =       0.02147160     25.00000000   1012.00071400     31.85000000
tau,shf,lhf,Le =     0.000000E+00   -0.125493E-02    0.206977E-04    0.000000E+00
ssq, lhf_coef, ustar,  u10n =         0.029816       -0.002480        0.058438        1.148427
 SHF/LHF (W/m2 approx) =   -1.52700453583144        62.3414445418480     
wspd, zbot, t_degC, zbot =       0.00000000     25.00000000     32.14771108     25.00000000
qbot,zbot,pmidm1,ts_degC =       0.02147160     25.00000000   1012.00071400     31.85000000
tau,shf,lhf,Le =     0.000000E+00   -0.125493E-02    0.206977E-04    0.000000E+00
ssq, lhf_coef, ustar,  u10n =         0.029816       -0.002480        0.058438        1.148427
 SHF/LHF (W/m2 approx) =   -1.52700453583144        62.3414445418480     
wspd, zbot, t_degC, zbot =       0.00000000     25.00000000     32.14771108     25.00000000
qbot,zbot,pmidm1,ts_degC =       0.02147160     25.00000000   1012.00071400     31.85000000
tau,shf,lhf,Le =     0.000000E+00   -0.125493E-02    0.206977E-04    0.000000E+00
ssq, lhf_coef, ustar,  u10n =         0.029816       -0.002480        0.058438        1.148427
 SHF/LHF (W/m2 approx) =   -1.52700453583144        62.3414445418480     
wspd, zbot, t_degC, zbot =       0.00000000     25.00000000     32.14771108     25.00000000
qbot,zbot,pmidm1,ts_degC =       0.02147160     25.00000000   1012.00071400     31.85000000
tau,shf,lhf,Le =     0.000000E+00   -0.125493E-02    0.206977E-04    0.000000E+00
ssq, lhf_coef, ustar,  u10n =         0.029816       -0.002480        0.058438        1.148427
 SHF/LHF (W/m2 approx) =   -1.52700453583144        62.3414445418480     
wspd, zbot, t_degC, zbot =       0.00000000     25.00000000     32.14771108     25.00000000
qbot,zbot,pmidm1,ts_degC =       0.02147160     25.00000000   1012.00071400     31.85000000
tau,shf,lhf,Le =     0.000000E+00   -0.125493E-02    0.206977E-04    0.000000E+00
ssq, lhf_coef, ustar,  u10n =         0.029816       -0.002480        0.058438        1.148427
 SHF/LHF (W/m2 approx) =   -1.52700453583144        62.3414445418480     
wspd, zbot, t_degC, zbot =       0.00000000     25.00000000     32.14771108     25.00000000
qbot,zbot,pmidm1,ts_degC =       0.02147160     25.00000000   1012.00071400     31.85000000
tau,shf,lhf,Le =     0.000000E+00   -0.125493E-02    0.206977E-04    0.000000E+00
ssq, lhf_coef, ustar,  u10n =         0.029816       -0.002480        0.058438        1.148427
 SHF/LHF (W/m2 approx) =   -1.52700453583144        62.3414445418480     
wspd, zbot, t_degC, zbot =       0.00000000     25.00000000     32.14771108     25.00000000
qbot,zbot,pmidm1,ts_degC =       0.02147160     25.00000000   1012.00071400     31.85000000
tau,shf,lhf,Le =     0.000000E+00   -0.125493E-02    0.206977E-04    0.000000E+00
ssq, lhf_coef, ustar,  u10n =         0.029816       -0.002480        0.058438        1.148427
 SHF/LHF (W/m2 approx) =   -1.52700453583144        62.3414445418480     
wspd, zbot, t_degC, zbot =       0.00000000     25.00000000     32.14771108     25.00000000
qbot,zbot,pmidm1,ts_degC =       0.02147160     25.00000000   1012.00071400     31.85000000
tau,shf,lhf,Le =     0.000000E+00   -0.125493E-02    0.206977E-04    0.000000E+00
ssq, lhf_coef, ustar,  u10n =         0.029816       -0.002480        0.058438        1.148427
 SHF/LHF (W/m2 approx) =   -1.52700453583144        62.3414445418480     
wspd, zbot, t_degC, zbot =       0.00000000     25.00000000     32.14771108     25.00000000
qbot,zbot,pmidm1,ts_degC =       0.02147160     25.00000000   1012.00071400     31.85000000
tau,shf,lhf,Le =     0.000000E+00   -0.125493E-02    0.206977E-04    0.000000E+00
ssq, lhf_coef, ustar,  u10n =         0.029816       -0.002480        0.058438        1.148427
 SHF/LHF (W/m2 approx) =   -1.52700453583144        62.3414445418480     
wspd, zbot, t_degC, zbot =       0.00000000     25.00000000     32.14771108     25.00000000
qbot,zbot,pmidm1,ts_degC =       0.02147160     25.00000000   1012.00071400     31.85000000
tau,shf,lhf,Le =     0.000000E+00   -0.125493E-02    0.206977E-04    0.000000E+00
ssq, lhf_coef, ustar,  u10n =         0.029816       -0.002480        0.058438        1.148427
 SHF/LHF (W/m2 approx) =   -1.52700453583144        62.3414445418480     
wspd, zbot, t_degC, zbot =       0.00000000     25.00000000     32.14771108     25.00000000
qbot,zbot,pmidm1,ts_degC =       0.02147160     25.00000000   1012.00071400     31.85000000
tau,shf,lhf,Le =     0.000000E+00   -0.125493E-02    0.206977E-04    0.000000E+00
ssq, lhf_coef, ustar,  u10n =         0.029816       -0.002480        0.058438        1.148427
 SHF/LHF (W/m2 approx) =   -1.52700453583144        62.3414445418480     
wspd, zbot, t_degC, zbot =       0.00000000     25.00000000     32.14771108     25.00000000
qbot,zbot,pmidm1,ts_degC =       0.02147160     25.00000000   1012.00071400     31.85000000
tau,shf,lhf,Le =     0.000000E+00   -0.125493E-02    0.206977E-04    0.000000E+00
ssq, lhf_coef, ustar,  u10n =         0.029816       -0.002480        0.058438        1.148427
 SHF/LHF (W/m2 approx) =   -1.52700453583144        62.3414445418480     
wspd, zbot, t_degC, zbot =       0.00000000     25.00000000     32.14771108     25.00000000
qbot,zbot,pmidm1,ts_degC =       0.02147160     25.00000000   1012.00071400     31.85000000
tau,shf,lhf,Le =     0.000000E+00   -0.125493E-02    0.206977E-04    0.000000E+00
ssq, lhf_coef, ustar,  u10n =         0.029816       -0.002480        0.058438        1.148427
 SHF/LHF (W/m2 approx) =   -1.52700453583144        62.3414445418480     
wspd, zbot, t_degC, zbot =       0.00000000     25.00000000     32.14771108     25.00000000
wspd, zbot, t_degC, zbot =       0.00000000     25.00000000     32.14771108     25.00000000
qbot,zbot,pmidm1,ts_degC =       0.02147160     25.00000000   1012.00071400     31.85000000
tau,shf,lhf,Le =     0.000000E+00   -0.125493E-02    0.206977E-04    0.000000E+00
ssq, lhf_coef, ustar,  u10n =         0.029816       -0.002480        0.058438        1.148427
 SHF/LHF (W/m2 approx) =   -1.52700453583144        62.3414445418480     
qbot,zbot,pmidm1,ts_degC =       0.02147160     25.00000000   1012.00071400     31.85000000
wspd, zbot, t_degC, zbot =       0.00000000     25.00000000     32.14771108     25.00000000
qbot,zbot,pmidm1,ts_degC =       0.02147160     25.00000000   1012.00071400     31.85000000
tau,shf,lhf,Le =     0.000000E+00   -0.125493E-02    0.206977E-04    0.000000E+00
ssq, lhf_coef, ustar,  u10n =         0.029816       -0.002480        0.058438        1.148427
 SHF/LHF (W/m2 approx) =   -1.52700453583144        62.3414445418480     
tau,shf,lhf,Le =     0.000000E+00   -0.125493E-02    0.206977E-04    0.000000E+00
qbot,zbot,pmidm1,ts_degC =       0.02147160     25.00000000   1012.00071400     31.85000000
ssq, lhf_coef, ustar,  u10n =         0.029816       -0.002480        0.058438        1.148427
tau,shf,lhf,Le =     0.000000E+00   -0.125493E-02    0.206977E-04    0.000000E+00
 SHF/LHF (W/m2 approx) =   -1.52700453583144        62.3414445418480     
ssq, lhf_coef, ustar,  u10n =         0.029816       -0.002480        0.058438        1.148427
 SHF/LHF (W/m2 approx) =   -1.52700453583144        62.3414445418480     
 RRTMG rrtmg_lw.nc trace gas profile: number of levels=          59
 gas traces vertical profiles (ppmv):
  p (hPa)        O3          CO2         CH4         N2O         O2          
 CFC11       CFC12       CFC22       CCL4 
 1012.00  0.1762E-07  0.3550E-03  0.1700E-05  0.3200E-06  0.2090E+00  0.0000E+00  0.0000E+00  0.0000E+00  0.0000E+00
 1009.21  0.1765E-07  0.3550E-03  0.1700E-05  0.3200E-06  0.2090E+00  0.0000E+00  0.0000E+00  0.0000E+00  0.0000E+00
 1003.06  0.1768E-07  0.3550E-03  0.1700E-05  0.3200E-06  0.2090E+00  0.0000E+00  0.0000E+00  0.0000E+00  0.0000E+00
  996.93  0.1772E-07  0.3550E-03  0.1700E-05  0.3200E-06  0.2090E+00  0.0000E+00  0.0000E+00  0.0000E+00  0.0000E+00
  989.68  0.1777E-07  0.3550E-03  0.1700E-05  0.3200E-06  0.2090E+00  0.0000E+00  0.0000E+00  0.0000E+00  0.0000E+00
  982.48  0.1782E-07  0.3550E-03  0.1700E-05  0.3200E-06  0.2090E+00  0.0000E+00  0.0000E+00  0.0000E+00  0.0000E+00
  974.17  0.1787E-07  0.3550E-03  0.1700E-05  0.3200E-06  0.2090E+00  0.0000E+00  0.0000E+00  0.0000E+00  0.0000E+00
  965.92  0.1792E-07  0.3550E-03  0.1700E-05  0.3200E-06  0.2090E+00  0.0000E+00  0.0000E+00  0.0000E+00  0.0000E+00
  956.60  0.1798E-07  0.3550E-03  0.1700E-05  0.3200E-06  0.2090E+00  0.0000E+00  0.0000E+00  0.0000E+00  0.0000E+00
  947.36  0.1804E-07  0.3550E-03  0.1700E-05  0.3200E-06  0.2090E+00  0.0000E+00  0.0000E+00  0.0000E+00  0.0000E+00
  937.07  0.1811E-07  0.3550E-03  0.1700E-05  0.3200E-06  0.2090E+00  0.0000E+00  0.0000E+00  0.0000E+00  0.0000E+00
  926.88  0.1818E-07  0.3550E-03  0.1700E-05  0.3200E-06  0.2090E+00  0.0000E+00  0.0000E+00  0.0000E+00  0.0000E+00
  915.69  0.1825E-07  0.3550E-03  0.1700E-05  0.3200E-06  0.2090E+00  0.0000E+00  0.0000E+00  0.0000E+00  0.0000E+00
  904.61  0.1832E-07  0.3550E-03  0.1700E-05  0.3200E-06  0.2090E+00  0.0000E+00  0.0000E+00  0.0000E+00  0.0000E+00
  892.57  0.1840E-07  0.3550E-03  0.1700E-05  0.3200E-06  0.2090E+00  0.0000E+00  0.0000E+00  0.0000E+00  0.0000E+00
  880.66  0.1848E-07  0.3550E-03  0.1700E-05  0.3200E-06  0.2090E+00  0.0000E+00  0.0000E+00  0.0000E+00  0.0000E+00
  867.84  0.1856E-07  0.3550E-03  0.1700E-05  0.3200E-06  0.2090E+00  0.0000E+00  0.0000E+00  0.0000E+00  0.0000E+00
  855.17  0.1882E-07  0.3550E-03  0.1700E-05  0.3200E-06  0.2090E+00  0.0000E+00  0.0000E+00  0.0000E+00  0.0000E+00
  841.63  0.1921E-07  0.3550E-03  0.1700E-05  0.3200E-06  0.2090E+00  0.0000E+00  0.0000E+00  0.0000E+00  0.0000E+00
  828.26  0.1960E-07  0.3550E-03  0.1700E-05  0.3200E-06  0.2090E+00  0.0000E+00  0.0000E+00  0.0000E+00  0.0000E+00
  814.08  0.2001E-07  0.3550E-03  0.1700E-05  0.3200E-06  0.2090E+00  0.0000E+00  0.0000E+00  0.0000E+00  0.0000E+00
  800.09  0.2043E-07  0.3550E-03  0.1700E-05  0.3200E-06  0.2090E+00  0.0000E+00  0.0000E+00  0.0000E+00  0.0000E+00
  785.33  0.2085E-07  0.3550E-03  0.1700E-05  0.3200E-06  0.2090E+00  0.0000E+00  0.0000E+00  0.0000E+00  0.0000E+00
  770.80  0.2128E-07  0.3550E-03  0.1700E-05  0.3200E-06  0.2090E+00  0.0000E+00  0.0000E+00  0.0000E+00  0.0000E+00
  755.55  0.2172E-07  0.3550E-03  0.1700E-05  0.3200E-06  0.2090E+00  0.0000E+00  0.0000E+00  0.0000E+00  0.0000E+00
  740.54  0.2216E-07  0.3550E-03  0.1700E-05  0.3200E-06  0.2090E+00  0.0000E+00  0.0000E+00  0.0000E+00  0.0000E+00
  724.87  0.2262E-07  0.3550E-03  0.1700E-05  0.3200E-06  0.2090E+00  0.0000E+00  0.0000E+00  0.0000E+00  0.0000E+00
  709.47  0.2309E-07  0.3550E-03  0.1700E-05  0.3200E-06  0.2090E+00  0.0000E+00  0.0000E+00  0.0000E+00  0.0000E+00
  693.47  0.2382E-07  0.3550E-03  0.1699E-05  0.3200E-06  0.2090E+00  0.0000E+00  0.0000E+00  0.0000E+00  0.0000E+00
  677.76  0.2464E-07  0.3550E-03  0.1698E-05  0.3200E-06  0.2090E+00  0.0000E+00  0.0000E+00  0.0000E+00  0.0000E+00
  661.49  0.2547E-07  0.3550E-03  0.1697E-05  0.3200E-06  0.2090E+00  0.0000E+00  0.0000E+00  0.0000E+00  0.0000E+00
  645.54  0.2631E-07  0.3550E-03  0.1695E-05  0.3200E-06  0.2090E+00  0.0000E+00  0.0000E+00  0.0000E+00  0.0000E+00
  629.10  0.2715E-07  0.3550E-03  0.1694E-05  0.3200E-06  0.2090E+00  0.0000E+00  0.0000E+00  0.0000E+00  0.0000E+00
  613.00  0.2799E-07  0.3550E-03  0.1693E-05  0.3200E-06  0.2090E+00  0.0000E+00  0.0000E+00  0.0000E+00  0.0000E+00
  596.45  0.2883E-07  0.3550E-03  0.1692E-05  0.3200E-06  0.2090E+00  0.0000E+00  0.0000E+00  0.0000E+00  0.0000E+00
  580.27  0.2969E-07  0.3550E-03  0.1690E-05  0.3200E-06  0.2090E+00  0.0000E+00  0.0000E+00  0.0000E+00  0.0000E+00
  563.71  0.3066E-07  0.3550E-03  0.1687E-05  0.3200E-06  0.2090E+00  0.0000E+00  0.0000E+00  0.0000E+00  0.0000E+00
  547.53  0.3165E-07  0.3550E-03  0.1684E-05  0.3200E-06  0.2090E+00  0.0000E+00  0.0000E+00  0.0000E+00  0.0000E+00
  531.02  0.3265E-07  0.3550E-03  0.1680E-05  0.3200E-06  0.2090E+00  0.0000E+00  0.0000E+00  0.0000E+00  0.0000E+00
  514.92  0.3363E-07  0.3550E-03  0.1676E-05  0.3200E-06  0.2090E+00  0.0000E+00  0.0000E+00  0.0000E+00  0.0000E+00
  498.88  0.3461E-07  0.3550E-03  0.1673E-05  0.3200E-06  0.2090E+00  0.0000E+00  0.0000E+00  0.0000E+00  0.0000E+00
  483.24  0.3556E-07  0.3550E-03  0.1669E-05  0.3200E-06  0.2090E+00  0.0000E+00  0.0000E+00  0.0000E+00  0.0000E+00
  467.99  0.3642E-07  0.3550E-03  0.1665E-05  0.3200E-06  0.2090E+00  0.0000E+00  0.0000E+00  0.0000E+00  0.0000E+00
  453.14  0.3715E-07  0.3550E-03  0.1660E-05  0.3199E-06  0.2090E+00  0.0000E+00  0.0000E+00  0.0000E+00  0.0000E+00
  438.67  0.3787E-07  0.3550E-03  0.1654E-05  0.3199E-06  0.2090E+00  0.0000E+00  0.0000E+00  0.0000E+00  0.0000E+00
  424.57  0.3856E-07  0.3550E-03  0.1649E-05  0.3198E-06  0.2090E+00  0.0000E+00  0.0000E+00  0.0000E+00  0.0000E+00
  410.83  0.3923E-07  0.3550E-03  0.1644E-05  0.3197E-06  0.2090E+00  0.0000E+00  0.0000E+00  0.0000E+00  0.0000E+00
  397.46  0.3989E-07  0.3550E-03  0.1639E-05  0.3197E-06  0.2090E+00  0.0000E+00  0.0000E+00  0.0000E+00  0.0000E+00
  384.44  0.4036E-07  0.3550E-03  0.1634E-05  0.3194E-06  0.2090E+00  0.0000E+00  0.0000E+00  0.0000E+00  0.0000E+00
  371.76  0.4039E-07  0.3550E-03  0.1629E-05  0.3187E-06  0.2090E+00  0.0000E+00  0.0000E+00  0.0000E+00  0.0000E+00
  359.42  0.4039E-07  0.3550E-03  0.1625E-05  0.3179E-06  0.2090E+00  0.0000E+00  0.0000E+00  0.0000E+00  0.0000E+00
  347.42  0.4040E-07  0.3550E-03  0.1621E-05  0.3172E-06  0.2090E+00  0.0000E+00  0.0000E+00  0.0000E+00  0.0000E+00
  335.73  0.4041E-07  0.3550E-03  0.1616E-05  0.3165E-06  0.2090E+00  0.0000E+00  0.0000E+00  0.0000E+00  0.0000E+00
  324.37  0.4041E-07  0.3550E-03  0.1612E-05  0.3158E-06  0.2090E+00  0.0000E+00  0.0000E+00  0.0000E+00  0.0000E+00
  313.31  0.4037E-07  0.3550E-03  0.1606E-05  0.3145E-06  0.2090E+00  0.0000E+00  0.0000E+00  0.0000E+00  0.0000E+00
  302.56  0.4024E-07  0.3550E-03  0.1597E-05  0.3124E-06  0.2090E+00  0.0000E+00  0.0000E+00  0.0000E+00  0.0000E+00
  292.11  0.4011E-07  0.3550E-03  0.1588E-05  0.3103E-06  0.2090E+00  0.0000E+00  0.0000E+00  0.0000E+00  0.0000E+00
  281.95  0.3999E-07  0.3550E-03  0.1579E-05  0.3083E-06  0.2090E+00  0.0000E+00  0.0000E+00  0.0000E+00  0.0000E+00
  272.08  0.3987E-07  0.3550E-03  0.1570E-05  0.3063E-06  0.2090E+00  0.0000E+00  0.0000E+00  0.0000E+00  0.0000E+00
  262.49  0.3976E-07  0.3550E-03  0.1561E-05  0.3044E-06  0.2090E+00  0.0000E+00  0.0000E+00  0.0000E+00  0.0000E+00
  253.17  0.3966E-07  0.3550E-03  0.1552E-05  0.3025E-06  0.2090E+00  0.0000E+00  0.0000E+00  0.0000E+00  0.0000E+00
  244.12  0.3957E-07  0.3550E-03  0.1543E-05  0.3006E-06  0.2090E+00  0.0000E+00  0.0000E+00  0.0000E+00  0.0000E+00
  235.32  0.3949E-07  0.3550E-03  0.1535E-05  0.2988E-06  0.2090E+00  0.0000E+00  0.0000E+00  0.0000E+00  0.0000E+00
  226.79  0.3941E-07  0.3550E-03  0.1526E-05  0.2971E-06  0.2090E+00  0.0000E+00  0.0000E+00  0.0000E+00  0.0000E+00
  218.51  0.3933E-07  0.3550E-03  0.1518E-05  0.2954E-06  0.2090E+00  0.0000E+00  0.0000E+00  0.0000E+00  0.0000E+00
  210.47  0.3932E-07  0.3550E-03  0.1510E-05  0.2937E-06  0.2090E+00  0.0000E+00  0.0000E+00  0.0000E+00  0.0000E+00
  202.67  0.3946E-07  0.3550E-03  0.1502E-05  0.2918E-06  0.2090E+00  0.0000E+00  0.0000E+00  0.0000E+00  0.0000E+00
  195.10  0.3959E-07  0.3550E-03  0.1495E-05  0.2900E-06  0.2090E+00  0.0000E+00  0.0000E+00  0.0000E+00  0.0000E+00
  187.76  0.3972E-07  0.3550E-03  0.1488E-05  0.2882E-06  0.2090E+00  0.0000E+00  0.0000E+00  0.0000E+00  0.0000E+00
  180.65  0.3985E-07  0.3550E-03  0.1481E-05  0.2865E-06  0.2090E+00  0.0000E+00  0.0000E+00  0.0000E+00  0.0000E+00
  173.76  0.4006E-07  0.3550E-03  0.1474E-05  0.2848E-06  0.2090E+00  0.0000E+00  0.0000E+00  0.0000E+00  0.0000E+00
  167.07  0.4070E-07  0.3550E-03  0.1466E-05  0.2831E-06  0.2090E+00  0.0000E+00  0.0000E+00  0.0000E+00  0.0000E+00
  160.60  0.4137E-07  0.3550E-03  0.1459E-05  0.2814E-06  0.2090E+00  0.0000E+00  0.0000E+00  0.0000E+00  0.0000E+00
  154.33  0.4202E-07  0.3550E-03  0.1452E-05  0.2798E-06  0.2090E+00  0.0000E+00  0.0000E+00  0.0000E+00  0.0000E+00
  148.25  0.4265E-07  0.3550E-03  0.1445E-05  0.2782E-06  0.2090E+00  0.0000E+00  0.0000E+00  0.0000E+00  0.0000E+00
  142.37  0.4378E-07  0.3550E-03  0.1438E-05  0.2765E-06  0.2090E+00  0.0000E+00  0.0000E+00  0.0000E+00  0.0000E+00
  136.68  0.4756E-07  0.3550E-03  0.1430E-05  0.2740E-06  0.2090E+00  0.0000E+00  0.0000E+00  0.0000E+00  0.0000E+00
  131.20  0.5159E-07  0.3550E-03  0.1422E-05  0.2714E-06  0.2090E+00  0.0000E+00  0.0000E+00  0.0000E+00  0.0000E+00
  125.93  0.5546E-07  0.3550E-03  0.1414E-05  0.2690E-06  0.2090E+00  0.0000E+00  0.0000E+00  0.0000E+00  0.0000E+00
  120.88  0.5918E-07  0.3550E-03  0.1406E-05  0.2666E-06  0.2090E+00  0.0000E+00  0.0000E+00  0.0000E+00  0.0000E+00
  116.03  0.6581E-07  0.3550E-03  0.1399E-05  0.2638E-06  0.2090E+00  0.0000E+00  0.0000E+00  0.0000E+00  0.0000E+00
  111.37  0.8273E-07  0.3550E-03  0.1389E-05  0.2592E-06  0.2090E+00  0.0000E+00  0.0000E+00  0.0000E+00  0.0000E+00
  106.90  0.9985E-07  0.3550E-03  0.1380E-05  0.2546E-06  0.2090E+00  0.0000E+00  0.0000E+00  0.0000E+00  0.0000E+00
  102.61  0.1163E-06  0.3550E-03  0.1372E-05  0.2501E-06  0.2090E+00  0.0000E+00  0.0000E+00  0.0000E+00  0.0000E+00
   98.49  0.1321E-06  0.3550E-03  0.1363E-05  0.2459E-06  0.2090E+00  0.0000E+00  0.0000E+00  0.0000E+00  0.0000E+00
   94.54  0.1586E-06  0.3550E-03  0.1355E-05  0.2408E-06  0.2090E+00  0.0000E+00  0.0000E+00  0.0000E+00  0.0000E+00
   90.74  0.2101E-06  0.3550E-03  0.1345E-05  0.2336E-06  0.2090E+00  0.0000E+00  0.0000E+00  0.0000E+00  0.0000E+00
   87.10  0.2606E-06  0.3550E-03  0.1336E-05  0.2266E-06  0.2090E+00  0.0000E+00  0.0000E+00  0.0000E+00  0.0000E+00
   83.60  0.3090E-06  0.3550E-03  0.1327E-05  0.2199E-06  0.2090E+00  0.0000E+00  0.0000E+00  0.0000E+00  0.0000E+00
   80.25  0.3555E-06  0.3550E-03  0.1318E-05  0.2134E-06  0.2090E+00  0.0000E+00  0.0000E+00  0.0000E+00  0.0000E+00
   77.02  0.4250E-06  0.3550E-03  0.1308E-05  0.2063E-06  0.2090E+00  0.0000E+00  0.0000E+00  0.0000E+00  0.0000E+00
   73.93  0.5293E-06  0.3550E-03  0.1294E-05  0.1981E-06  0.2090E+00  0.0000E+00  0.0000E+00  0.0000E+00  0.0000E+00
   70.96  0.6298E-06  0.3550E-03  0.1281E-05  0.1903E-06  0.2090E+00  0.0000E+00  0.0000E+00  0.0000E+00  0.0000E+00
   68.11  0.7263E-06  0.3550E-03  0.1269E-05  0.1827E-06  0.2090E+00  0.0000E+00  0.0000E+00  0.0000E+00  0.0000E+00
   65.38  0.8190E-06  0.3550E-03  0.1257E-05  0.1754E-06  0.2090E+00  0.0000E+00  0.0000E+00  0.0000E+00  0.0000E+00
   62.75  0.9337E-06  0.3550E-03  0.1242E-05  0.1681E-06  0.2090E+00  0.0000E+00  0.0000E+00  0.0000E+00  0.0000E+00
   60.23  0.1069E-05  0.3550E-03  0.1223E-05  0.1606E-06  0.2090E+00  0.0000E+00  0.0000E+00  0.0000E+00  0.0000E+00
   57.81  0.1199E-05  0.3550E-03  0.1206E-05  0.1534E-06  0.2090E+00  0.0000E+00  0.0000E+00  0.0000E+00  0.0000E+00
   55.49  0.1323E-05  0.3550E-03  0.1189E-05  0.1465E-06  0.2090E+00  0.0000E+00  0.0000E+00  0.0000E+00  0.0000E+00
   53.26  0.1443E-05  0.3550E-03  0.1173E-05  0.1399E-06  0.2090E+00  0.0000E+00  0.0000E+00  0.0000E+00  0.0000E+00
   51.12  0.1589E-05  0.3550E-03  0.1151E-05  0.1341E-06  0.2090E+00  0.0000E+00  0.0000E+00  0.0000E+00  0.0000E+00
   49.07  0.1748E-05  0.3550E-03  0.1127E-05  0.1289E-06  0.2090E+00  0.0000E+00  0.0000E+00  0.0000E+00  0.0000E+00
   47.10  0.1901E-05  0.3550E-03  0.1104E-05  0.1239E-06  0.2090E+00  0.0000E+00  0.0000E+00  0.0000E+00  0.0000E+00
   45.20  0.2047E-05  0.3550E-03  0.1082E-05  0.1191E-06  0.2090E+00  0.0000E+00  0.0000E+00  0.0000E+00  0.0000E+00
   43.39  0.2191E-05  0.3550E-03  0.1060E-05  0.1145E-06  0.2090E+00  0.0000E+00  0.0000E+00  0.0000E+00  0.0000E+00
   41.64  0.2395E-05  0.3550E-03  0.1035E-05  0.1112E-06  0.2090E+00  0.0000E+00  0.0000E+00  0.0000E+00  0.0000E+00
   39.97  0.2617E-05  0.3550E-03  0.1009E-05  0.1084E-06  0.2090E+00  0.0000E+00  0.0000E+00  0.0000E+00  0.0000E+00
   38.36  0.2831E-05  0.3550E-03  0.9833E-06  0.1057E-06  0.2090E+00  0.0000E+00  0.0000E+00  0.0000E+00  0.0000E+00
   36.82  0.3036E-05  0.3550E-03  0.9590E-06  0.1031E-06  0.2090E+00  0.0000E+00  0.0000E+00  0.0000E+00  0.0000E+00
   35.34  0.3242E-05  0.3550E-03  0.9354E-06  0.1007E-06  0.2090E+00  0.0000E+00  0.0000E+00  0.0000E+00  0.0000E+00
   33.92  0.3529E-05  0.3550E-03  0.9095E-06  0.9860E-07  0.2090E+00  0.0000E+00  0.0000E+00  0.0000E+00  0.0000E+00
   32.56  0.3828E-05  0.3550E-03  0.8837E-06  0.9665E-07  0.2090E+00  0.0000E+00  0.0000E+00  0.0000E+00  0.0000E+00
   31.25  0.4115E-05  0.3550E-03  0.8589E-06  0.9479E-07  0.2090E+00  0.0000E+00  0.0000E+00  0.0000E+00  0.0000E+00
   29.99  0.4390E-05  0.3550E-03  0.8351E-06  0.9300E-07  0.2090E+00  0.0000E+00  0.0000E+00  0.0000E+00  0.0000E+00
   28.79  0.4668E-05  0.3550E-03  0.8134E-06  0.9133E-07  0.2090E+00  0.0000E+00  0.0000E+00  0.0000E+00  0.0000E+00
   27.63  0.5011E-05  0.3550E-03  0.7990E-06  0.9000E-07  0.2090E+00  0.0000E+00  0.0000E+00  0.0000E+00  0.0000E+00
   26.52  0.5353E-05  0.3550E-03  0.7862E-06  0.8876E-07  0.2090E+00  0.0000E+00  0.0000E+00  0.0000E+00  0.0000E+00
   25.45  0.5682E-05  0.3550E-03  0.7740E-06  0.8757E-07  0.2090E+00  0.0000E+00  0.0000E+00  0.0000E+00  0.0000E+00
   24.43  0.5997E-05  0.3550E-03  0.7623E-06  0.8643E-07  0.2090E+00  0.0000E+00  0.0000E+00  0.0000E+00  0.0000E+00
   23.45  0.6305E-05  0.3550E-03  0.7512E-06  0.8532E-07  0.2090E+00  0.0000E+00  0.0000E+00  0.0000E+00  0.0000E+00
   22.50  0.6619E-05  0.3550E-03  0.7412E-06  0.8420E-07  0.2090E+00  0.0000E+00  0.0000E+00  0.0000E+00  0.0000E+00
   21.60  0.6922E-05  0.3550E-03  0.7316E-06  0.8312E-07  0.2090E+00  0.0000E+00  0.0000E+00  0.0000E+00  0.0000E+00
   20.73  0.7213E-05  0.3550E-03  0.7225E-06  0.8208E-07  0.2090E+00  0.0000E+00  0.0000E+00  0.0000E+00  0.0000E+00
   19.90  0.7493E-05  0.3550E-03  0.7136E-06  0.8108E-07  0.2090E+00  0.0000E+00  0.0000E+00  0.0000E+00  0.0000E+00
   19.10  0.7745E-05  0.3550E-03  0.7050E-06  0.7995E-07  0.2090E+00  0.0000E+00  0.0000E+00  0.0000E+00  0.0000E+00
   18.33  0.7949E-05  0.3550E-03  0.6962E-06  0.7843E-07  0.2090E+00  0.0000E+00  0.0000E+00  0.0000E+00  0.0000E+00
   17.59  0.8144E-05  0.3550E-03  0.6878E-06  0.7696E-07  0.2090E+00  0.0000E+00  0.0000E+00  0.0000E+00  0.0000E+00
   16.88  0.8330E-05  0.3550E-03  0.6797E-06  0.7554E-07  0.2090E+00  0.0000E+00  0.0000E+00  0.0000E+00  0.0000E+00
    8.27  0.8255E-05  0.3550E-03  0.5034E-06  0.4234E-07  0.2090E+00  0.0000E+00  0.0000E+00  0.0000E+00  0.0000E+00
 done...
 Initializing P3 Cloud Optics
 Let's do some shortwave
 Range of zenith angles  0.732661695834013       0.732661695834013     
 Range of surface albedo (asdir)  3.383449086658900E-002  3.383449086658900E-002
 Range of surface albedo (aldir)  3.383449086658900E-002  3.383449086658900E-002
 Range of surface albedo (asdif)  6.000000000000000E-002  6.000000000000000E-002
 Range of surface albedo (aldif)  6.000000000000000E-002  6.000000000000000E-002
 radiation: perpetual sun, solin=   310.282739802607     
 longwave radiation is called
NSTEP =          1   NCYCLE=  3  CFL_adv= 0.000  CFL_sgs= 0.000
NSTEP =          2   NCYCLE=  1  CFL_adv= 0.004  CFL_sgs= 0.080
NSTEP =          3   NCYCLE=  1  CFL_adv= 0.011  CFL_sgs= 0.007
 Collecting statistics...
 name QCSTRG is missing in "lst" file.
NSTEP =          4   NCYCLE=  1  CFL_adv= 0.017  CFL_sgs= 0.089
 DAY =   1.388888888888889E-003
 NSTEP=           4
 div:  1.262307823091514E-016 -1.352594693215855E-016
 SST=   305.000000000000     
 surface pressure=   1014.80000000000     
 u: -0.213263343318116       0.213263343318073     
 v: -0.213263344639996       0.213263344639923     
 w: -3.920806241234040E-002  3.649038488738533E-002
 p:  -42.5409659082156        4.69922857092471     
 t:   305.534105074021        479.216236453157     
 tabs:   208.073124947677        305.296580093441     
 qv:  0.000000000000000E+000  2.648942988901686E-002
 tke:  0.000000000000000E+000  6.912805528537452E-003
 tk:  0.000000000000000E+000  0.311787311712741     
 tkh:  0.000000000000000E+000  0.311787311712741     
 qcl:  0.000000000000000E+000  0.000000000000000E+000
 qci:  0.000000000000000E+000  0.000000000000000E+000
 qpl:  0.000000000000000E+000  0.000000000000000E+000
 qpi:  0.000000000000000E+000  0.000000000000000E+000
 qrad(K/day):  -3.84839052561403        1.02405882389821     
 shf:  -1.42479548725300       -1.11348992421476     
 lhf:   18.2207570279811        59.0103967712533     
 uw: -5.106454558270711E-004  5.106454558271751E-004
 vw: -5.106454491099864E-004  5.106454491101728E-004
 sst:   305.000000000000        305.000000000000     
 ===========================
 total water budget:
 before (mm):         62.46056976653
 after (mm):          62.46126813293
 evaporation (mm):     0.00069836641
 precipitation (mm):   0.00000000000
 large-scale (mm):     0.00000000000
 Imbalance (mm)       0.00000000000
 evap (mm/day):   2.01129524939628     
 prec (mm/day):  0.000000000000000E+000
 ls (mm/day):  0.000000000000000E+000
 imbalance (mm/day)  2.877698079828406E-012
  imbalance (rel error):  0.000000000000000E+000
 ===========================
NSTEP =          5   NCYCLE=  1  CFL_adv= 0.022  CFL_sgs= 0.007
NSTEP =          6   NCYCLE=  1  CFL_adv= 0.028  CFL_sgs= 0.093
 Let's do some shortwave
 Range of zenith angles  0.732661695834013       0.732661695834013     
 Range of surface albedo (asdir)  3.383449086658900E-002  3.383449086658900E-002
 Range of surface albedo (aldir)  3.383449086658900E-002  3.383449086658900E-002
 Range of surface albedo (asdif)  6.000000000000000E-002  6.000000000000000E-002
 Range of surface albedo (aldif)  6.000000000000000E-002  6.000000000000000E-002
 radiation: perpetual sun, solin=   310.282739802607     
 longwave radiation is called
NSTEP =          7   NCYCLE=  1  CFL_adv= 0.033  CFL_sgs= 0.007
 Collecting statistics...
 name QCSTRG is missing in "lst" file.
NSTEP =          8   NCYCLE=  1  CFL_adv= 0.037  CFL_sgs= 0.095
 DAY =   2.777777777777778E-003
 NSTEP=           8
 div:  1.845049936185574E-016 -1.306057510616662E-016
 SST=   305.000000000000     
 surface pressure=   1014.80000000000     
 u: -0.429847280268298       0.429847280268852     
 v: -0.429847293320706       0.429847293320718     
 w: -5.159373437883996E-002  7.152381453844581E-002
 p:  -40.1998100591112        5.68174945175617     
 t:   305.526583072674        479.217658102971     
 tabs:   208.074607631871        305.297607728289     
 qv:  0.000000000000000E+000  2.650156609759109E-002
 tke:  0.000000000000000E+000  6.831267038661793E-003
 tk:  0.000000000000000E+000  0.309943047560647     
 tkh:  0.000000000000000E+000  0.309943047560647     
 qcl:  0.000000000000000E+000  0.000000000000000E+000
 qci:  0.000000000000000E+000  0.000000000000000E+000
 qpl:  0.000000000000000E+000  0.000000000000000E+000
 qpi:  0.000000000000000E+000  0.000000000000000E+000
 qrad(K/day):  -3.84392841784616        1.02399629450488     
 shf:  -1.40674029275620       -1.10783931145529     
 lhf:   18.1618042639738        58.5535255443028     
 uw: -1.236133086107812E-003  1.236133086108186E-003
 vw: -1.236133055961384E-003  1.236133055961601E-003
 sst:   305.000000000000        305.000000000000     
 ===========================
 total water budget:
 before (mm):         62.46335470735
 after (mm):          62.46404742959
 evaporation (mm):     0.00069272224
 precipitation (mm):   0.00000000000
 large-scale (mm):     0.00000000000
 Imbalance (mm)      -0.00000000000
 evap (mm/day):   1.99504004260096     
 prec (mm/day):  0.000000000000000E+000
 ls (mm/day):  0.000000000000000E+000
 imbalance (mm/day) -4.636291350834654E-011
  imbalance (rel error): -2.275045454142321E-016
 ===========================
NSTEP =          9   NCYCLE=  1  CFL_adv= 0.041  CFL_sgs= 0.007
NSTEP =         10   NCYCLE=  1  CFL_adv= 0.044  CFL_sgs= 0.096
NSTEP =         11   NCYCLE=  1  CFL_adv= 0.047  CFL_sgs= 0.007
 Collecting statistics...
 name QCSTRG is missing in "lst" file.
NSTEP =         12   NCYCLE=  1  CFL_adv= 0.050  CFL_sgs= 0.097
 DAY =   4.166666666666667E-003
 NSTEP=          12
 div:  1.635223253380831E-016 -1.921594819706173E-016
 SST=   305.000000000000     
 surface pressure=   1014.80000000000     
 u: -0.621047707727421       0.621047707728372     
 v: -0.621047711360851       0.621047711360867     
 w: -3.277252333242802E-002  9.935312505694967E-002
 p:  -36.7220291351730        6.98368777409025     
 t:   305.519167642028        479.219446439544     
 tabs:   208.075998604667        305.297403167853     
 qv:  0.000000000000000E+000  2.651360662748307E-002
 tke:  0.000000000000000E+000  6.970121442678495E-003
 tk:  0.000000000000000E+000  0.313077199405620     
 tkh:  0.000000000000000E+000  0.313077199405620     
 qcl:  0.000000000000000E+000  0.000000000000000E+000
 qci:  0.000000000000000E+000  0.000000000000000E+000
 qpl:  0.000000000000000E+000  0.000000000000000E+000
 qpi:  0.000000000000000E+000  0.000000000000000E+000
 qrad(K/day):  -3.84392841784616        1.02399629450488     
 shf:  -1.39009741927324       -1.10156782666516     
 lhf:   18.1103531629139        58.1284211909743     
 uw: -1.883786787196172E-003  1.883786787196581E-003
 vw: -1.883786690253741E-003  1.883786690254028E-003
 sst:   305.000000000000        305.000000000000     
 ===========================
 total water budget:
 before (mm):         62.46611734975
 after (mm):          62.46680461383
 evaporation (mm):     0.00068726408
 precipitation (mm):   0.00000000000
 large-scale (mm):     0.00000000000
 Imbalance (mm)       0.00000000000
 evap (mm/day):   1.97932055965268     
 prec (mm/day):  0.000000000000000E+000
 ls (mm/day):  0.000000000000000E+000
 imbalance (mm/day)  1.662670001678634E-011
  imbalance (rel error):  1.137472518648358E-016
 ===========================
 Let's do some shortwave
 Range of zenith angles  0.732661695834013       0.732661695834013     
 Range of surface albedo (asdir)  3.383449086658900E-002  3.383449086658900E-002
 Range of surface albedo (aldir)  3.383449086658900E-002  3.383449086658900E-002
 Range of surface albedo (asdif)  6.000000000000000E-002  6.000000000000000E-002
 Range of surface albedo (aldif)  6.000000000000000E-002  6.000000000000000E-002
 radiation: perpetual sun, solin=   310.282739802607     
 longwave radiation is called
NSTEP =         13   NCYCLE=  1  CFL_adv= 0.052  CFL_sgs= 0.007
NSTEP =         14   NCYCLE=  1  CFL_adv= 0.053  CFL_sgs= 0.098
NSTEP =         15   NCYCLE=  1  CFL_adv= 0.056  CFL_sgs= 0.007
 Collecting statistics...
 name QCSTRG is missing in "lst" file.
NSTEP =         16   NCYCLE=  1  CFL_adv= 0.060  CFL_sgs= 0.098
 DAY =   5.555555555555556E-003
 NSTEP=          16
 div:  1.440278662030186E-016 -1.303744056905485E-016
 SST=   305.000000000000     
 surface pressure=   1014.80000000000     
 u: -0.783327009825943       0.783327009827262     
 v: -0.783327057233947       0.783327057233887     
 w: -4.320359576530095E-002  0.120048916234798     
 p:  -32.8962202733178        8.17039031788805     
 t:   305.511819782446        479.220797843073     
 tabs:   208.077391238434        305.295382274074     
 qv:  0.000000000000000E+000  2.652566421836069E-002
 tke:  0.000000000000000E+000  7.177712662823005E-003
 tk:  0.000000000000000E+000  0.317705184598786     
 tkh:  0.000000000000000E+000  0.317705184598786     
 qcl:  0.000000000000000E+000  0.000000000000000E+000
 qci:  0.000000000000000E+000  0.000000000000000E+000
 qpl:  0.000000000000000E+000  0.000000000000000E+000
 qpi:  0.000000000000000E+000  0.000000000000000E+000
 qrad(K/day):  -3.88829090638536        1.02415142136206     
 shf:  -1.37385082916798       -1.09461746762176     
 lhf:   18.0655370516511        57.7240849971804     
 uw: -2.439240013826751E-003  2.439240013828331E-003
 vw: -2.439239474913516E-003  2.439239474913531E-003
 sst:   305.000000000000        305.000000000000     
 ===========================
 total water budget:
 before (mm):         62.46885842957
 after (mm):          62.46954041480
 evaporation (mm):     0.00068198523
 precipitation (mm):   0.00000000000
 large-scale (mm):     0.00000000000
 Imbalance (mm)       0.00000000000
 evap (mm/day):   1.96411746245488     
 prec (mm/day):  0.000000000000000E+000
 ls (mm/day):  0.000000000000000E+000
 imbalance (mm/day)  1.406874616804998E-011
  imbalance (rel error):  1.137422703996339E-016
 ===========================
NSTEP =         17   NCYCLE=  1  CFL_adv= 0.063  CFL_sgs= 0.007
NSTEP =         18   NCYCLE=  1  CFL_adv= 0.066  CFL_sgs= 0.098
 Let's do some shortwave
 Range of zenith angles  0.732661695834013       0.732661695834013     
 Range of surface albedo (asdir)  3.383449086658900E-002  3.383449086658900E-002
 Range of surface albedo (aldir)  3.383449086658900E-002  3.383449086658900E-002
 Range of surface albedo (asdif)  6.000000000000000E-002  6.000000000000000E-002
 Range of surface albedo (aldif)  6.000000000000000E-002  6.000000000000000E-002
 radiation: perpetual sun, solin=   310.282739802607     
 longwave radiation is called
NSTEP =         19   NCYCLE=  1  CFL_adv= 0.069  CFL_sgs= 0.007
 Collecting statistics...
 name QCSTRG is missing in "lst" file.
NSTEP =         20   NCYCLE=  1  CFL_adv= 0.071  CFL_sgs= 0.098
 DAY =   6.944444444444444E-003
 NSTEP=          20
 div:  1.313559480649711E-016 -1.021841392375708E-016
 SST=   305.000000000000     
 surface pressure=   1014.80000000000     
 u: -0.923019190636872       0.923019190637984     
 v: -0.923019136727148       0.923019136726506     
 w: -4.450081153893221E-002  0.134865879958579     
 p:  -29.2249264717819        9.02801780504070     
 t:   305.504551670517        479.222142838687     
 tabs:   208.078783331606        305.292098354859     
 qv:  0.000000000000000E+000  2.653782688575768E-002
 tke:  0.000000000000000E+000  7.399367803591991E-003
 tk:  0.000000000000000E+000  0.322573417593596     
 tkh:  0.000000000000000E+000  0.322573417593596     
 qcl:  0.000000000000000E+000  0.000000000000000E+000
 qci:  0.000000000000000E+000  0.000000000000000E+000
 qpl:  0.000000000000000E+000  0.000000000000000E+000
 qpi:  0.000000000000000E+000  0.000000000000000E+000
 qrad(K/day):  -3.90663041891677        1.02393705558868     
 shf:  -1.35745851826227       -1.08696653967925     
 lhf:   18.0262575191282        57.3327379624070     
 uw: -2.905015607965761E-003  2.905015607968696E-003
 vw: -2.905015470745323E-003  2.905015470743897E-003
 sst:   305.000000000000        305.000000000000     
 ===========================
 total water budget:
 before (mm):         62.47157865515
 after (mm):          62.47225553477
 evaporation (mm):     0.00067687962
 precipitation (mm):   0.00000000000
 large-scale (mm):     0.00000000000
 Imbalance (mm)       0.00000000000
 evap (mm/day):   1.94941331909277     
 prec (mm/day):  0.000000000000000E+000
 ls (mm/day):  0.000000000000000E+000
 imbalance (mm/day)  3.964828465541360E-011
  imbalance (rel error):  2.274746540452946E-016
 ===========================
NSTEP =         21   NCYCLE=  1  CFL_adv= 0.074  CFL_sgs= 0.007
NSTEP =         22   NCYCLE=  1  CFL_adv= 0.077  CFL_sgs= 0.098
NSTEP =         23   NCYCLE=  1  CFL_adv= 0.079  CFL_sgs= 0.007
 Collecting statistics...
 name QCSTRG is missing in "lst" file.
NSTEP =         24   NCYCLE=  1  CFL_adv= 0.081  CFL_sgs= 0.098
 DAY =   8.333333333333333E-003
 NSTEP=          24
 div:  1.268827482648358E-016 -1.242743715738110E-016
 SST=   305.000000000000     
 surface pressure=   1014.80000000000     
 u:  -1.04062841534980        1.04062841535114     
 v:  -1.04062834332949        1.04062834332811     
 w: -3.893814648514855E-002  0.145315349739236     
 p:  -25.9474168555825        9.45579673316178     
 t:   305.497448295743        479.223650457724     
 tabs:   208.080021053048        305.287799661305     
 qv:  0.000000000000000E+000  2.655016033547600E-002
 tke:  0.000000000000000E+000  7.619981101918258E-003
 tk:  0.000000000000000E+000  0.327346886720686     
 tkh:  0.000000000000000E+000  0.327346886720686     
 qcl:  0.000000000000000E+000  0.000000000000000E+000
 qci:  0.000000000000000E+000  0.000000000000000E+000
 qpl:  0.000000000000000E+000  0.000000000000000E+000
 qpi:  0.000000000000000E+000  0.000000000000000E+000
 qrad(K/day):  -3.90663041891677        1.02393705558868     
 shf:  -1.34119475199179       -1.07860167566685     
 lhf:   17.9915003919842        56.9551790667335     
 uw: -3.291841345375441E-003  3.291841345379840E-003
 vw: -3.291841305149575E-003  3.291841305148585E-003
 sst:   305.000000000000        305.000000000000     
 ===========================
 total water budget:
 before (mm):         62.47427870906
 after (mm):          62.47495064974
 evaporation (mm):     0.00067194068
 precipitation (mm):   0.00000000000
 large-scale (mm):     0.00000000000
 Imbalance (mm)      -0.00000000000
 evap (mm/day):   1.93518916931954     
 prec (mm/day):  0.000000000000000E+000
 ls (mm/day):  0.000000000000000E+000
 imbalance (mm/day) -1.183053655040567E-011
  imbalance (rel error): -1.137324204933980E-016
 ===========================
 Let's do some shortwave
 Range of zenith angles  0.732661695834013       0.732661695834013     
 Range of surface albedo (asdir)  3.383449086658900E-002  3.383449086658900E-002
 Range of surface albedo (aldir)  3.383449086658900E-002  3.383449086658900E-002
 Range of surface albedo (asdif)  6.000000000000000E-002  6.000000000000000E-002
 Range of surface albedo (aldif)  6.000000000000000E-002  6.000000000000000E-002
 radiation: perpetual sun, solin=   310.282739802607     
 longwave radiation is called
NSTEP =         25   NCYCLE=  1  CFL_adv= 0.084  CFL_sgs= 0.007
NSTEP =         26   NCYCLE=  1  CFL_adv= 0.086  CFL_sgs= 0.099
NSTEP =         27   NCYCLE=  1  CFL_adv= 0.088  CFL_sgs= 0.007
 Collecting statistics...
 name QCSTRG is missing in "lst" file.
NSTEP =         28   NCYCLE=  1  CFL_adv= 0.090  CFL_sgs= 0.100
 DAY =   9.722222222222222E-003
 NSTEP=          28
 div:  1.124093483360464E-016 -7.656369162658103E-017
 SST=   305.000000000000     
 surface pressure=   1014.80000000000     
 u:  -1.13991370848585        1.13991370848708     
 v:  -1.13991382264087        1.13991382263887     
 w: -4.615583519053355E-002  0.152567797132289     
 p:  -23.1150819995864        9.47146949560624     
 t:   305.490467071331        479.225083672179     
 tabs:   208.081537474681        305.281946147256     
 qv:  0.000000000000000E+000  2.656271187590596E-002
 tke:  0.000000000000000E+000  7.835956416421092E-003
 tk:  0.000000000000000E+000  0.331953516483741     
 tkh:  0.000000000000000E+000  0.331953516483741     
 qcl:  0.000000000000000E+000  0.000000000000000E+000
 qci:  0.000000000000000E+000  0.000000000000000E+000
 qpl:  0.000000000000000E+000  0.000000000000000E+000
 qpi:  0.000000000000000E+000  0.000000000000000E+000
 qrad(K/day):  -3.90806735335342        1.02388376944591     
 shf:  -1.32561341602584       -1.06952638855782     
 lhf:   17.9602454805772        56.5964799137567     
 uw: -3.606760930577432E-003  3.606760930581140E-003
 vw: -3.606759935408868E-003  3.606759935409682E-003
 sst:   305.000000000000        305.000000000000     
 ===========================
 total water budget:
 before (mm):         62.47695932723
 after (mm):          62.47762657184
 evaporation (mm):     0.00066724461
 precipitation (mm):   0.00000000000
 large-scale (mm):     0.00000000000
 Imbalance (mm)       0.00000000000
 evap (mm/day):   1.92166448801345     
 prec (mm/day):  0.000000000000000E+000
 ls (mm/day):  0.000000000000000E+000
 imbalance (mm/day)  0.000000000000000E+000
  imbalance (rel error):  0.000000000000000E+000
 ===========================
NSTEP =         29   NCYCLE=  1  CFL_adv= 0.092  CFL_sgs= 0.007
NSTEP =         30   NCYCLE=  1  CFL_adv= 0.094  CFL_sgs= 0.101
 Let's do some shortwave
 Range of zenith angles  0.732661695834013       0.732661695834013     
 Range of surface albedo (asdir)  3.383449086658900E-002  3.383449086658900E-002
 Range of surface albedo (aldir)  3.383449086658900E-002  3.383449086658900E-002
 Range of surface albedo (asdif)  6.000000000000000E-002  6.000000000000000E-002
 Range of surface albedo (aldif)  6.000000000000000E-002  6.000000000000000E-002
 radiation: perpetual sun, solin=   310.282739802594     
 longwave radiation is called
NSTEP =         31   NCYCLE=  1  CFL_adv= 0.096  CFL_sgs= 0.007
 Collecting statistics...
 name QCSTRG is missing in "lst" file.
NSTEP =         32   NCYCLE=  1  CFL_adv= 0.097  CFL_sgs= 0.103
 DAY =   1.111111111111111E-002
 NSTEP=          32
 div:  1.162610376870670E-016 -1.016460719484285E-016
 SST=   305.000000000000     
 surface pressure=   1014.80000000000     
 u:  -1.22421504073185        1.22421504073223     
 v:  -1.22421533701181        1.22421533701120     
 w: -4.923746885054266E-002  0.157942248732526     
 p:  -20.6345594965808        9.20125918416715     
 t:   305.483487840803        479.226634378878     
 tabs:   208.082901916276        305.273352542897     
 qv:  0.000000000000000E+000  2.657551377789720E-002
 tke:  0.000000000000000E+000  8.046473820929182E-003
 tk:  0.000000000000000E+000  0.336383022917056     
 tkh:  0.000000000000000E+000  0.336383022917056     
 qcl:  0.000000000000000E+000  0.000000000000000E+000
 qci:  0.000000000000000E+000  0.000000000000000E+000
 qpl:  0.000000000000000E+000  0.000000000000000E+000
 qpi:  0.000000000000000E+000  0.000000000000000E+000
 qrad(K/day):  -3.88957854621089        1.02396222206507     
 shf:  -1.34028220821902       -1.05974992781424     
 lhf:   17.9315797234805        56.2578033782751     
 uw: -3.873642653490044E-003  3.873642653492930E-003
 vw: -3.873642508389656E-003  3.873642508393227E-003
 sst:   305.000000000000        305.000000000000     
 ===========================
 total water budget:
 before (mm):         62.47962155184
 after (mm):          62.48028433229
 evaporation (mm):     0.00066278045
 precipitation (mm):   0.00000000000
 large-scale (mm):     0.00000000000
 Imbalance (mm)       0.00000000000
 evap (mm/day):   1.90880769164512     
 prec (mm/day):  0.000000000000000E+000
 ls (mm/day):  0.000000000000000E+000
 imbalance (mm/day) -4.156675004196586E-012
  imbalance (rel error):  0.000000000000000E+000
 ===========================
NSTEP =         33   NCYCLE=  1  CFL_adv= 0.099  CFL_sgs= 0.007
NSTEP =         34   NCYCLE=  1  CFL_adv= 0.100  CFL_sgs= 0.104
NSTEP =         35   NCYCLE=  1  CFL_adv= 0.102  CFL_sgs= 0.008
 Collecting statistics...
 name QCSTRG is missing in "lst" file.
NSTEP =         36   NCYCLE=  1  CFL_adv= 0.103  CFL_sgs= 0.105
 DAY =   1.250000000000000E-002
 NSTEP=          36
 div:  9.621815826098102E-017 -7.484961587826448E-017
 SST=   305.000000000000     
 surface pressure=   1014.80000000000     
 u:  -1.29470668618220        1.29470668618306     
 v:  -1.29470696808905        1.29470696808809     
 w: -5.066406400162853E-002  0.160823991570545     
 p:  -18.3535278481705        8.89543385818891     
 t:   305.476505145331        479.227987617466     
 tabs:   208.084322775577        305.264620044990     
 qv:  0.000000000000000E+000  2.658858493484564E-002
 tke:  0.000000000000000E+000  8.251091593240651E-003
 tk:  0.000000000000000E+000  0.340633197926959     
 tkh:  0.000000000000000E+000  0.340633197926959     
 qcl:  0.000000000000000E+000  0.000000000000000E+000
 qci:  0.000000000000000E+000  0.000000000000000E+000
 qpl:  0.000000000000000E+000  0.000000000000000E+000
 qpi:  0.000000000000000E+000  0.000000000000000E+000
 qrad(K/day):  -3.88957854621089        1.02396222206507     
 shf:  -1.35431151449630       -1.04929658543977     
 lhf:   17.9046189444986        55.9335520760239     
 uw: -4.096079454127486E-003  4.096079454128747E-003
 vw: -4.096079856674398E-003  4.096079856680028E-003
 sst:   305.000000000000        305.000000000000     
 ===========================
 total water budget:
 before (mm):         62.48226615921
 after (mm):          62.48292462600
 evaporation (mm):     0.00065846679
 precipitation (mm):   0.00000000000
 large-scale (mm):     0.00000000000
 Imbalance (mm)       0.00000000000
 evap (mm/day):   1.89638434515341     
 prec (mm/day):  0.000000000000000E+000
 ls (mm/day):  0.000000000000000E+000
 imbalance (mm/day)  1.950439809661475E-011
  imbalance (rel error):  1.137179061340679E-016
 ===========================
 Let's do some shortwave
 Range of zenith angles  0.732661695834013       0.732661695834013     
 Range of surface albedo (asdir)  3.383449086658900E-002  3.383449086658900E-002
 Range of surface albedo (aldir)  3.383449086658900E-002  3.383449086658900E-002
 Range of surface albedo (asdif)  6.000000000000000E-002  6.000000000000000E-002
 Range of surface albedo (aldif)  6.000000000000000E-002  6.000000000000000E-002
 radiation: perpetual sun, solin=   310.282739802576     
 longwave radiation is called
NSTEP =         37   NCYCLE=  1  CFL_adv= 0.105  CFL_sgs= 0.008
NSTEP =         38   NCYCLE=  1  CFL_adv= 0.106  CFL_sgs= 0.052
NSTEP =         39   NCYCLE=  1  CFL_adv= 0.107  CFL_sgs= 0.008
 Collecting statistics...
 name QCSTRG is missing in "lst" file.
NSTEP =         40   NCYCLE=  1  CFL_adv= 0.109  CFL_sgs= 0.009
 DAY =   1.388888888888889E-002
 NSTEP=          40
 div:  1.012253864975974E-016 -9.383758461940679E-017
 SST=   305.000000000000     
 surface pressure=   1014.80000000000     
 u:  -1.35192831607714        1.35192831607805     
 v:  -1.35192833867636        1.35192833867533     
 w: -5.285862550554036E-002  0.162237256808455     
 p:  -16.1742877416614        8.60710213035933     
 t:   305.469550994753        479.229416856445     
 tabs:   208.085707902546        305.255963124561     
 qv:  0.000000000000000E+000  2.660433719272302E-002
 tke:  0.000000000000000E+000  8.449425736786998E-003
 tk:  0.000000000000000E+000  0.344702842204075     
 tkh:  0.000000000000000E+000  0.344702842204075     
 qcl:  0.000000000000000E+000  0.000000000000000E+000
 qci:  0.000000000000000E+000  0.000000000000000E+000
 qpl:  0.000000000000000E+000  0.000000000000000E+000
 qpi:  0.000000000000000E+000  0.000000000000000E+000
 qrad(K/day):  -3.85268573420873        1.02370784583459     
 shf:  -1.34976243190880       -1.03675609063410     
 lhf:   17.8675011169701        55.6161572052187     
 uw: -4.275378195180636E-003  4.275378195181055E-003
 vw: -4.275377028423193E-003  4.275377028429430E-003
 sst:   305.000000000000        305.000000000000     
 ===========================
 total water budget:
 before (mm):         62.48489370242
 after (mm):          62.48554797756
 evaporation (mm):     0.00065427514
 precipitation (mm):   0.00000000000
 large-scale (mm):     0.00000000000
 Imbalance (mm)       0.00000000000
 evap (mm/day):   1.88431240426073     
 prec (mm/day):  0.000000000000000E+000
 ls (mm/day):  0.000000000000000E+000
 imbalance (mm/day)  2.525979425627156E-011
  imbalance (rel error):  1.137131318773516E-016
 ===========================
NSTEP =         41   NCYCLE=  1  CFL_adv= 0.110  CFL_sgs= 0.008
NSTEP =         42   NCYCLE=  1  CFL_adv= 0.111  CFL_sgs= 0.008
 Let's do some shortwave
 Range of zenith angles  0.732661695834013       0.732661695834013     
 Range of surface albedo (asdir)  3.383449086658900E-002  3.383449086658900E-002
 Range of surface albedo (aldir)  3.383449086658900E-002  3.383449086658900E-002
 Range of surface albedo (asdif)  6.000000000000000E-002  6.000000000000000E-002
 Range of surface albedo (aldif)  6.000000000000000E-002  6.000000000000000E-002
 radiation: perpetual sun, solin=   310.282739802542     
 longwave radiation is called
NSTEP =         43   NCYCLE=  1  CFL_adv= 0.112  CFL_sgs= 0.008
 Collecting statistics...
 name QCSTRG is missing in "lst" file.
NSTEP =         44   NCYCLE=  1  CFL_adv= 0.113  CFL_sgs= 0.008
 DAY =   1.527777777777778E-002
 NSTEP=          44
 div:  9.294748746045016E-017 -8.462356775112959E-017
 SST=   305.000000000000     
 surface pressure=   1014.80000000000     
 u:  -1.39755803851620        1.39755803851744     
 v:  -1.39755843342278        1.39755843342164     
 w: -5.664111235764124E-002  0.161180643336718     
 p:  -14.0993696543153        8.36649120521580     
 t:   305.462629733994        479.230852487893     
 tabs:   208.087080864594        305.247480995131     
 qv:  0.000000000000000E+000  2.662311115178273E-002
 tke:  0.000000000000000E+000  8.641377285289954E-003
 tk:  0.000000000000000E+000  0.348596282358820     
 tkh:  0.000000000000000E+000  0.348596282358820     
 qcl:  0.000000000000000E+000  0.000000000000000E+000
 qci:  0.000000000000000E+000  0.000000000000000E+000
 qpl:  0.000000000000000E+000  0.000000000000000E+000
 qpi:  0.000000000000000E+000  0.000000000000000E+000
 qrad(K/day):  -3.81270966508067        1.02341982691321     
 shf:  -1.34435695136043       -1.02259851273611     
 lhf:   17.8142330880706        55.3027233555825     
 uw: -4.412650122258856E-003  4.412650122258617E-003
 vw: -4.412650625195502E-003  4.412650625203281E-003
 sst:   305.000000000000        305.000000000000     
 ===========================
 total water budget:
 before (mm):         62.48750464580
 after (mm):          62.48815483807
 evaporation (mm):     0.00065019227
 precipitation (mm):   0.00000000000
 large-scale (mm):     0.00000000000
 Imbalance (mm)       0.00000000000
 evap (mm/day):   1.87255373827711     
 prec (mm/day):  0.000000000000000E+000
 ls (mm/day):  0.000000000000000E+000
 imbalance (mm/day)  1.278976924368180E-012
  imbalance (rel error):  0.000000000000000E+000
 ===========================
NSTEP =         45   NCYCLE=  1  CFL_adv= 0.114  CFL_sgs= 0.008
NSTEP =         46   NCYCLE=  1  CFL_adv= 0.115  CFL_sgs= 0.008
NSTEP =         47   NCYCLE=  1  CFL_adv= 0.115  CFL_sgs= 0.008
 Collecting statistics...
 name QCSTRG is missing in "lst" file.
NSTEP =         48   NCYCLE=  1  CFL_adv= 0.116  CFL_sgs= 0.008
 DAY =   1.666666666666667E-002
 NSTEP=          48
 div:  9.701933420821204E-017 -6.346787722356729E-017
 SST=   305.000000000000     
 surface pressure=   1014.80000000000     
 u:  -1.43202261894255        1.43202261894398     
 v:  -1.43202329726957        1.43202329726768     
 w: -6.132654186763590E-002  0.158938555830762     
 p:  -12.1916522319819        8.15729449384977     
 t:   305.455749286470        479.232285178795     
 tabs:   208.088459633943        305.238969965555     
 qv:  0.000000000000000E+000  2.664178963064203E-002
 tke:  0.000000000000000E+000  8.826763242699751E-003
 tk:  0.000000000000000E+000  0.352315707995635     
 tkh:  0.000000000000000E+000  0.352315707995635     
 qcl:  0.000000000000000E+000  0.000000000000000E+000
 qci:  0.000000000000000E+000  0.000000000000000E+000
 qpl:  0.000000000000000E+000  0.000000000000000E+000
 qpi:  0.000000000000000E+000  0.000000000000000E+000
 qrad(K/day):  -3.81270966508067        1.02341982691321     
 shf:  -1.33172657965864       -1.00876551568960     
 lhf:   17.7573452879649        54.9956749522999     
 uw: -4.510523841353369E-003  4.510523841351414E-003
 vw: -4.510522285967765E-003  4.510522285977622E-003
 sst:   305.000000000000        305.000000000000     
 ===========================
 total water budget:
 before (mm):         62.49009941057
 after (mm):          62.49074562030
 evaporation (mm):     0.00064620973
 precipitation (mm):   0.00000000000
 large-scale (mm):     0.00000000000
 Imbalance (mm)      -0.00000000000
 evap (mm/day):   1.86108403275895     
 prec (mm/day):  0.000000000000000E+000
 ls (mm/day):  0.000000000000000E+000
 imbalance (mm/day) -2.430056156299543E-011
  imbalance (rel error): -1.137036738331428E-016
 ===========================
 Let's do some shortwave
 Range of zenith angles  0.732661695834013       0.732661695834013     
 Range of surface albedo (asdir)  3.383449086658900E-002  3.383449086658900E-002
 Range of surface albedo (aldir)  3.383449086658900E-002  3.383449086658900E-002
 Range of surface albedo (asdif)  6.000000000000000E-002  6.000000000000000E-002
 Range of surface albedo (aldif)  6.000000000000000E-002  6.000000000000000E-002
 radiation: perpetual sun, solin=   310.282739802492     
 longwave radiation is called
NSTEP =         49   NCYCLE=  1  CFL_adv= 0.117  CFL_sgs= 0.008
NSTEP =         50   NCYCLE=  1  CFL_adv= 0.118  CFL_sgs= 0.008
NSTEP =         51   NCYCLE=  1  CFL_adv= 0.118  CFL_sgs= 0.008
 Collecting statistics...
 name QCSTRG is missing in "lst" file.
NSTEP =         52   NCYCLE=  1  CFL_adv= 0.119  CFL_sgs= 0.008
 DAY =   1.805555555555555E-002
 NSTEP=          52
 div:  7.551166130566718E-017 -4.882877288256766E-017
 SST=   305.000000000000     
 surface pressure=   1014.80000000000     
 u:  -1.45677536293158        1.45677536293325     
 v:  -1.45677623689133        1.45677623688825     
 w: -6.591170189411460E-002  0.155367690213223     
 p:  -10.5091376621795        7.93962485622426     
 t:   305.448937494450        479.233719536576     
 tabs:   208.089838659871        305.230387876653     
 qv:  0.000000000000000E+000  2.666033334238146E-002
 tke:  0.000000000000000E+000  9.005402164079987E-003
 tk:  0.000000000000000E+000  0.355862990394302     
 tkh:  0.000000000000000E+000  0.355862990394302     
 qcl:  0.000000000000000E+000  0.000000000000000E+000
 qci:  0.000000000000000E+000  0.000000000000000E+000
 qpl:  0.000000000000000E+000  0.000000000000000E+000
 qpi:  0.000000000000000E+000  0.000000000000000E+000
 qrad(K/day):  -3.77645740288888        1.02324998043921     
 shf:  -1.31351558812564      -0.994844779759329     
 lhf:   17.7000080698439        54.6972710290869     
 uw: -4.573623668462925E-003  4.573623668459262E-003
 vw: -4.573619715729778E-003  4.573619715741224E-003
 sst:   305.000000000000        305.000000000000     
 ===========================
 total water budget:
 before (mm):         62.49267838856
 after (mm):          62.49332070993
 evaporation (mm):     0.00064232137
 precipitation (mm):   0.00000000000
 large-scale (mm):     0.00000000000
 Imbalance (mm)       0.00000000000
 evap (mm/day):   1.84988553572271     
 prec (mm/day):  0.000000000000000E+000
 ls (mm/day):  0.000000000000000E+000
 imbalance (mm/day)  3.932854042432154E-011
  imbalance (rel error):  2.273979771560480E-016
 ===========================
NSTEP =         53   NCYCLE=  1  CFL_adv= 0.119  CFL_sgs= 0.008
NSTEP =         54   NCYCLE=  1  CFL_adv= 0.120  CFL_sgs= 0.008
 Let's do some shortwave
 Range of zenith angles  0.732661695834013       0.732661695834013     
 Range of surface albedo (asdir)  3.383449086658900E-002  3.383449086658900E-002
 Range of surface albedo (aldir)  3.383449086658900E-002  3.383449086658900E-002
 Range of surface albedo (asdif)  6.000000000000000E-002  6.000000000000000E-002
 Range of surface albedo (aldif)  6.000000000000000E-002  6.000000000000000E-002
 radiation: perpetual sun, solin=   310.282739802437     
 longwave radiation is called
NSTEP =         55   NCYCLE=  1  CFL_adv= 0.120  CFL_sgs= 0.008
 Collecting statistics...
 name QCSTRG is missing in "lst" file.
NSTEP =         56   NCYCLE=  1  CFL_adv= 0.121  CFL_sgs= 0.008
 DAY =   1.944444444444444E-002
 NSTEP=          56
 div:  5.636875292567109E-017 -5.470004268396009E-017
 SST=   305.000000000000     
 surface pressure=   1014.80000000000     
 u:  -1.47340947192499        1.47340947192699     
 v:  -1.47340982598794        1.47340982598356     
 w: -6.895348232104506E-002  0.151480735004591     
 p:  -9.06084725636992        7.73475081534608     
 t:   305.442190837635        479.235152598137     
 tabs:   208.091222716185        305.221673431935     
 qv:  0.000000000000000E+000  2.667874772223715E-002
 tke:  0.000000000000000E+000  9.177322705453100E-003
 tk:  0.000000000000000E+000  0.359243789849504     
 tkh:  0.000000000000000E+000  0.359243789849504     
 qcl:  0.000000000000000E+000  0.000000000000000E+000
 qci:  0.000000000000000E+000  0.000000000000000E+000
 qpl:  0.000000000000000E+000  0.000000000000000E+000
 qpi:  0.000000000000000E+000  0.000000000000000E+000
 qrad(K/day):  -3.75625253516392        1.02315517023055     
 shf:  -1.29128631963974      -0.980853773651353     
 lhf:   17.6420651993471        54.4056316923113     
 uw: -4.607405632989899E-003  4.607405632984445E-003
 vw: -4.607404445699458E-003  4.607404445712852E-003
 sst:   305.000000000000        305.000000000000     
 ===========================
 total water budget:
 before (mm):         62.49524195088
 after (mm):          62.49588047579
 evaporation (mm):     0.00063852490
 precipitation (mm):   0.00000000000
 large-scale (mm):     0.00000000000
 Imbalance (mm)       0.00000000000
 evap (mm/day):   1.83895171825817     
 prec (mm/day):  0.000000000000000E+000
 ls (mm/day):  0.000000000000000E+000
 imbalance (mm/day) -3.197442310920451E-012
  imbalance (rel error):  0.000000000000000E+000
 ===========================
NSTEP =         57   NCYCLE=  1  CFL_adv= 0.121  CFL_sgs= 0.008
NSTEP =         58   NCYCLE=  1  CFL_adv= 0.121  CFL_sgs= 0.008
NSTEP =         59   NCYCLE=  1  CFL_adv= 0.122  CFL_sgs= 0.008
 Collecting statistics...
 name QCSTRG is missing in "lst" file.
 Writting statistics:nstatsteps=          15
 --------------- ISCCP Simulator Diagnostics: -----------------
 ISCCP PDF:
            0.0       0.3       1.3       3.6       9.4      23.0      60.0
    0.     0.000     0.000     0.000     0.000     0.000     0.000     0.000
  180.     0.000     0.000     0.000     0.000     0.000     0.000     0.000
  310.     0.000     0.000     0.000     0.000     0.000     0.000     0.000
  440.     0.000     0.000     0.000     0.000     0.000     0.000     0.000
  560.     0.000     0.000     0.000     0.000     0.000     0.000     0.000
  680.     0.000     0.000     0.000     0.000     0.000     0.000     0.000
  800.     0.000     0.000     0.000     0.000     0.000     0.000     0.000
 low cld area (tau > 0.3)=  0.000000000000000E+000
 mid cld area (tau > 0.3)=  0.000000000000000E+000
 hgh cld area (tau > 0.3)=  0.000000000000000E+000
 total cld area (tau > 0.3)=  0.000000000000000E+000
 mean albedo cld (tau > 0.3)   -1.00000000000000     
 mean tau cld (tau > 0.3)   -1.00000000000000     
 mean top pressure (tau > 0.3)  -1.00000000000000     
 mean brightness temp (tau > 0.3)  -1.00000000000000     
 mean clearsky brightness temp (tau > 0.3)  -1.00000000000000     
 --------------- MODIS Simulator Diagnostics: -----------------
 MODIS PDF:
                      0.3       1.3       3.6       9.4      23.0      60.0
    0.               0.000     0.000     0.000     0.000     0.000     0.000
  180.               0.000     0.000     0.000     0.000     0.000     0.000
  310.               0.000     0.000     0.000     0.000     0.000     0.000
  440.               0.000     0.000     0.000     0.000     0.000     0.000
  560.               0.000     0.000     0.000     0.000     0.000     0.000
  680.               0.000     0.000     0.000     0.000     0.000     0.000
  800.               0.000     0.000     0.000     0.000     0.000     0.000
 low cld area =  0.000000000000000E+000
 mid cld area =  0.000000000000000E+000
 hgh cld area =  0.000000000000000E+000
 total cld area =  0.000000000000000E+000
 mean tau cld   -1.00000000000000     
 mean top pressure   -1.00000000000000     
 total cld area (liquid) =  0.000000000000000E+000
 total cld area (ice) =  0.000000000000000E+000
 mean tau (liquid) =  -1.00000000000000     
 mean tau (ice) =  -1.00000000000000     
 mean lwp (g/m2) =  -1.00000000000000     
 mean iwp (g/m2) =  -1.00000000000000     
 mean reff (liquid)  =  -1.00000000000000     
 mean reff (ice)  =  -1.00000000000000     
 --------------- MISR Simulator Diagnostics: -----------------
 MISR PDF:
            0.0       0.3       1.3       3.6       9.4      23.0      60.0
 99.00     0.000     0.000     0.000     0.000     0.000     0.000     0.000
 17.00     0.000     0.000     0.000     0.000     0.000     0.000     0.000
 15.00     0.000     0.000     0.000     0.000     0.000     0.000     0.000
 13.00     0.000     0.000     0.000     0.000     0.000     0.000     0.000
 11.00     0.000     0.000     0.000     0.000     0.000     0.000     0.000
  9.00     0.000     0.000     0.000     0.000     0.000     0.000     0.000
  7.00     0.000     0.000     0.000     0.000     0.000     0.000     0.000
  5.00     0.000     0.000     0.000     0.000     0.000     0.000     0.000
  4.00     0.000     0.000     0.000     0.000     0.000     0.000     0.000
  3.00     0.000     0.000     0.000     0.000     0.000     0.000     0.000
  2.50     0.000     0.000     0.000     0.000     0.000     0.000     0.000
  2.00     0.000     0.000     0.000     0.000     0.000     0.000     0.000
  1.50     0.000     0.000     0.000     0.000     0.000     0.000     0.000
  1.00     0.000     0.000     0.000     0.000     0.000     0.000     0.000
  0.50     0.000     0.000     0.000     0.000     0.000     0.000     0.000
  0.00     0.000     0.000     0.000     0.000     0.000     0.000     0.000
 total cld area =  0.000000000000000E+000
 mean top height (m)  -1.00000000000000     
 Writting history file 
 rcemip305sst_160_MaxIce20_2dry3km                                              
  
NSTEP =         60   NCYCLE=  1  CFL_adv= 0.122  CFL_sgs= 0.008
 DAY =   2.083333333333333E-002
 NSTEP=          60
 div:  7.254167213785792E-017 -5.105046985478457E-017
 SST=   305.000000000000     
 surface pressure=   1014.80000000000     
 u:  -1.48323975470190        1.48323975470448     
 v:  -1.48324008691872        1.48324008691291     
 w: -7.007057848801336E-002  0.147387621809480     
 p:  -7.80268818494516        7.54213827350438     
 t:   305.435493871428        479.236581014942     
 tabs:   208.092612804696        305.214099345269     
 qv:  0.000000000000000E+000  2.669704049189220E-002
 tke:  0.000000000000000E+000  9.342470967036892E-003
 tk:  0.000000000000000E+000  0.362461719322132     
 tkh:  0.000000000000000E+000  0.362461719322132     
 qcl:  0.000000000000000E+000  0.000000000000000E+000
 qci:  0.000000000000000E+000  0.000000000000000E+000
 qpl:  0.000000000000000E+000  0.000000000000000E+000
 qpi:  0.000000000000000E+000  0.000000000000000E+000
 qrad(K/day):  -3.75625253516392        1.02315517023055     
 shf:  -1.26642893287069      -0.966804580420148     
 lhf:   17.5834487401514        54.1167637391836     
 uw: -4.616987954432037E-003  4.616987954423598E-003
 vw: -4.616984098679348E-003  4.616984098693002E-003
 sst:   305.000000000000        305.000000000000     
 ===========================
 total water budget:
 before (mm):         62.49779046298
 after (mm):          62.49842528172
 evaporation (mm):     0.00063481874
 precipitation (mm):   0.00000000000
 large-scale (mm):     0.00000000000
 Imbalance (mm)       0.00000000000
 evap (mm/day):   1.82827796822650     
 prec (mm/day):  0.000000000000000E+000
 ls (mm/day):  0.000000000000000E+000
 imbalance (mm/day)  1.662670001678634E-011
  imbalance (rel error):  1.136897021896574E-016
 ===========================
CPU TIME =      60.4184 OVER     0.50 MODEL HOURS
 Let's do some shortwave
 Range of zenith angles  0.732661695834013       0.732661695834013     
 Range of surface albedo (asdir)  3.383449086658900E-002  3.383449086658900E-002
 Range of surface albedo (aldir)  3.383449086658900E-002  3.383449086658900E-002
 Range of surface albedo (asdif)  6.000000000000000E-002  6.000000000000000E-002
 Range of surface albedo (aldif)  6.000000000000000E-002  6.000000000000000E-002
 radiation: perpetual sun, solin=   310.282739802406     
 longwave radiation is called
NSTEP =         61   NCYCLE=  1  CFL_adv= 0.122  CFL_sgs= 0.008
NSTEP =         62   NCYCLE=  1  CFL_adv= 0.122  CFL_sgs= 0.008
NSTEP =         63   NCYCLE=  1  CFL_adv= 0.123  CFL_sgs= 0.008
 Collecting statistics...
 name QCSTRG is missing in "lst" file.
NSTEP =         64   NCYCLE=  1  CFL_adv= 0.123  CFL_sgs= 0.008
 DAY =   2.222222222222222E-002
 NSTEP=          64
 div:  5.622293340838507E-017 -4.685880615672655E-017
 SST=   305.000000000000     
 surface pressure=   1014.80000000000     
 u:  -1.48720889444867        1.48720889445193     
 v:  -1.48720916303780        1.48720916303029     
 w: -7.001804825234505E-002  0.142729415627775     
 p:  -6.69443840340025        7.39876729752683     
 t:   305.428815798887        479.238016165931     
 tabs:   208.094004669882        305.208893302872     
 qv:  0.000000000000000E+000  2.671521926548641E-002
 tke:  0.000000000000000E+000  9.500850695888578E-003
 tk:  0.000000000000000E+000  0.365521152480856     
 tkh:  0.000000000000000E+000  0.365521152480856     
 qcl:  0.000000000000000E+000  0.000000000000000E+000
 qci:  0.000000000000000E+000  0.000000000000000E+000
 qpl:  0.000000000000000E+000  0.000000000000000E+000
 qpi:  0.000000000000000E+000  0.000000000000000E+000
 qrad(K/day):  -3.74530578578000        1.02294773751190     
 shf:  -1.24212662052202      -0.952699053911092     
 lhf:   17.5241642866937        53.8278955703245     
 uw: -4.606567285449318E-003  4.606567285437580E-003
 vw: -4.606563041739177E-003  4.606563041751659E-003
 sst:   305.000000000000        305.000000000000     
 ===========================
 total water budget:
 before (mm):         62.50032428385
 after (mm):          62.50095548455
 evaporation (mm):     0.00063120070
 precipitation (mm):   0.00000000000
 large-scale (mm):     0.00000000000
 Imbalance (mm)      -0.00000000000
 evap (mm/day):   1.81785801629449     
 prec (mm/day):  0.000000000000000E+000
 ls (mm/day):  0.000000000000000E+000
 imbalance (mm/day) -1.055155962603749E-011
  imbalance (rel error): -1.136850997319157E-016
 ===========================
NSTEP =         65   NCYCLE=  1  CFL_adv= 0.123  CFL_sgs= 0.008
NSTEP =         66   NCYCLE=  1  CFL_adv= 0.123  CFL_sgs= 0.008
 Let's do some shortwave
 Range of zenith angles  0.732661695834013       0.732661695834013     
 Range of surface albedo (asdir)  3.383449086658900E-002  3.383449086658900E-002
 Range of surface albedo (aldir)  3.383449086658900E-002  3.383449086658900E-002
 Range of surface albedo (asdif)  6.000000000000000E-002  6.000000000000000E-002
 Range of surface albedo (aldif)  6.000000000000000E-002  6.000000000000000E-002
 radiation: perpetual sun, solin=   310.282739802384     
 longwave radiation is called
NSTEP =         67   NCYCLE=  1  CFL_adv= 0.123  CFL_sgs= 0.008
 Collecting statistics...
 name QCSTRG is missing in "lst" file.
NSTEP =         68   NCYCLE=  1  CFL_adv= 0.123  CFL_sgs= 0.008
 DAY =   2.361111111111111E-002
 NSTEP=          68
 div:  6.612733640142599E-017 -4.365229592780345E-017
 SST=   305.000000000000     
 surface pressure=   1014.80000000000     
 u:  -1.48595574706235        1.48595574706623     
 v:  -1.48595615710718        1.48595615709816     
 w: -6.964653044313723E-002  0.138519609042124     
 p:  -5.88769084890603        7.32458556309849     
 t:   305.422137847578        479.239487328558     
 tabs:   208.095385063763        305.203609180166     
 qv:  0.000000000000000E+000  2.673329066939273E-002
 tke:  0.000000000000000E+000  9.652612720141340E-003
 tk:  0.000000000000000E+000  0.368428916314922     
 tkh:  0.000000000000000E+000  0.368428916314922     
 qcl:  0.000000000000000E+000  0.000000000000000E+000
 qci:  0.000000000000000E+000  0.000000000000000E+000
 qpl:  0.000000000000000E+000  0.000000000000000E+000
 qpi:  0.000000000000000E+000  0.000000000000000E+000
 qrad(K/day):  -3.73629660820634        1.02270239793907     
 shf:  -1.22250730572093      -0.938537761794703     
 lhf:   17.4642274728351        53.5398697025450     
 uw: -4.579369191874186E-003  4.579369191859824E-003
 vw: -4.579368796385602E-003  4.579368796396315E-003
 sst:   305.000000000000        305.000000000000     
 ===========================
 total water budget:
 before (mm):         62.50284376275
 after (mm):          62.50347143170
 evaporation (mm):     0.00062766895
 precipitation (mm):   0.00000000000
 large-scale (mm):     0.00000000000
 Imbalance (mm)       0.00000000000
 evap (mm/day):   1.80768658937712     
 prec (mm/day):  0.000000000000000E+000
 ls (mm/day):  0.000000000000000E+000
 imbalance (mm/day) -6.714628852932946E-012
  imbalance (rel error):  0.000000000000000E+000
 ===========================
NSTEP =         69   NCYCLE=  1  CFL_adv= 0.123  CFL_sgs= 0.008
NSTEP =         70   NCYCLE=  1  CFL_adv= 0.123  CFL_sgs= 0.008
NSTEP =         71   NCYCLE=  1  CFL_adv= 0.123  CFL_sgs= 0.008
 Collecting statistics...
 name QCSTRG is missing in "lst" file.
NSTEP =         72   NCYCLE=  1  CFL_adv= 0.123  CFL_sgs= 0.008
 DAY =   2.500000000000000E-002
 NSTEP=          72
 div:  6.800502931993717E-017 -4.568744993742410E-017
 SST=   305.000000000000     
 surface pressure=   1014.80000000000     
 u:  -1.47997085510235        1.47997085510658     
 v:  -1.47997083281437        1.47997083280430     
 w: -7.007712890611942E-002  0.133538591562511     
 p:  -5.29743453052101        7.34738413485632     
 t:   305.415536601800        479.240941652372     
 tabs:   208.096761232462        305.198293299503     
 qv:  0.000000000000000E+000  2.675126039026107E-002
 tke:  0.000000000000000E+000  9.797805974852173E-003
 tk:  0.000000000000000E+000  0.371189502170197     
 tkh:  0.000000000000000E+000  0.371189502170197     
 qcl:  0.000000000000000E+000  0.000000000000000E+000
 qci:  0.000000000000000E+000  0.000000000000000E+000
 qpl:  0.000000000000000E+000  0.000000000000000E+000
 qpi:  0.000000000000000E+000  0.000000000000000E+000
 qrad(K/day):  -3.73629660820634        1.02270239793907     
 shf:  -1.20261848775416      -0.924335238149006     
 lhf:   17.4035711950706        53.2550482485234     
 uw: -4.537816696334409E-003  4.537816696317368E-003
 vw: -4.537814163762323E-003  4.537814163771843E-003
 sst:   305.000000000000        305.000000000000     
 ===========================
 total water budget:
 before (mm):         62.50534923982
 after (mm):          62.50597346012
 evaporation (mm):     0.00062422030
 precipitation (mm):   0.00000000000
 large-scale (mm):     0.00000000000
 Imbalance (mm)       0.00000000000
 evap (mm/day):   1.79775445797276     
 prec (mm/day):  0.000000000000000E+000
 ls (mm/day):  0.000000000000000E+000
 imbalance (mm/day)  2.557953848736361E-012
  imbalance (rel error):  0.000000000000000E+000
 ===========================
 Let's do some shortwave
 Range of zenith angles  0.732661695834013       0.732661695834013     
 Range of surface albedo (asdir)  3.383449086658900E-002  3.383449086658900E-002
 Range of surface albedo (aldir)  3.383449086658900E-002  3.383449086658900E-002
 Range of surface albedo (asdif)  6.000000000000000E-002  6.000000000000000E-002
 Range of surface albedo (aldif)  6.000000000000000E-002  6.000000000000000E-002
 radiation: perpetual sun, solin=   310.282739802340     
 longwave radiation is called
NSTEP =         73   NCYCLE=  1  CFL_adv= 0.123  CFL_sgs= 0.008
NSTEP =         74   NCYCLE=  1  CFL_adv= 0.123  CFL_sgs= 0.008
NSTEP =         75   NCYCLE=  1  CFL_adv= 0.123  CFL_sgs= 0.008
 Collecting statistics...
 name QCSTRG is missing in "lst" file.
NSTEP =         76   NCYCLE=  1  CFL_adv= 0.123  CFL_sgs= 0.008
 DAY =   2.638888888888889E-002
 NSTEP=          76
 div:  7.101998976056583E-017 -5.887624464409641E-017
 SST=   305.000000000000     
 surface pressure=   1014.80000000000     
 u:  -1.46975311316445        1.46975311316851     
 v:  -1.46975238341378        1.46975238340298     
 w: -7.111461454403938E-002  0.128694988669366     
 p:  -4.82412141588906        7.37486313555103     
 t:   305.409013727192        479.242398853821     
 tabs:   208.098152861923        305.192952226332     
 qv:  0.000000000000000E+000  2.676913780551108E-002
 tke:  0.000000000000000E+000  9.936449056369916E-003
 tk:  0.000000000000000E+000  0.373806520616217     
 tkh:  0.000000000000000E+000  0.373806520616217     
 qcl:  0.000000000000000E+000  0.000000000000000E+000
 qci:  0.000000000000000E+000  0.000000000000000E+000
 qpl:  0.000000000000000E+000  0.000000000000000E+000
 qpi:  0.000000000000000E+000  0.000000000000000E+000
 qrad(K/day):  -3.72687743584430        1.02247551447366     
 shf:  -1.18194468795984      -0.910102602235734     
 lhf:   17.3421443143302        52.9741436582012     
 uw: -4.484640662306466E-003  4.484640662292577E-003
 vw: -4.484636997941178E-003  4.484636997969908E-003
 sst:   305.000000000000        305.000000000000     
 ===========================
 total water budget:
 before (mm):         62.50784104345
 after (mm):          62.50846189488
 evaporation (mm):     0.00062085143
 precipitation (mm):   0.00000000000
 large-scale (mm):     0.00000000000
 Imbalance (mm)      -0.00000000000
 evap (mm/day):   1.78805213161411     
 prec (mm/day):  0.000000000000000E+000
 ls (mm/day):  0.000000000000000E+000
 imbalance (mm/day) -1.534772309241816E-011
  imbalance (rel error): -1.136714477081515E-016
 ===========================
NSTEP =         77   NCYCLE=  1  CFL_adv= 0.123  CFL_sgs= 0.008
NSTEP =         78   NCYCLE=  1  CFL_adv= 0.123  CFL_sgs= 0.008
 Let's do some shortwave
 Range of zenith angles  0.732661695834013       0.732661695834013     
 Range of surface albedo (asdir)  3.383449086658900E-002  3.383449086658900E-002
 Range of surface albedo (aldir)  3.383449086658900E-002  3.383449086658900E-002
 Range of surface albedo (asdif)  6.000000000000000E-002  6.000000000000000E-002
 Range of surface albedo (aldif)  6.000000000000000E-002  6.000000000000000E-002
 radiation: perpetual sun, solin=   310.282739802246     
 longwave radiation is called
NSTEP =         79   NCYCLE=  1  CFL_adv= 0.123  CFL_sgs= 0.008
 Collecting statistics...
 name QCSTRG is missing in "lst" file.
NSTEP =         80   NCYCLE=  1  CFL_adv= 0.122  CFL_sgs= 0.008
 DAY =   2.777777777777778E-002
 NSTEP=          80
 div:  6.460520796092281E-017 -3.842984874239416E-017
 SST=   305.000000000000     
 surface pressure=   1014.80000000000     
 u:  -1.45587052576703        1.45587052576975     
 v:  -1.45587008551571        1.45587008550484     
 w: -7.105125530754731E-002  0.124100345708117     
 p:  -4.53139900382782        7.37520343740584     
 t:   305.402460724230        479.243844323024     
 tabs:   208.099544682002        305.187542954708     
 qv:  0.000000000000000E+000  2.678693345356413E-002
 tke:  0.000000000000000E+000  1.006882304047305E-002
 tk:  0.000000000000000E+000  0.376288219330146     
 tkh:  0.000000000000000E+000  0.376288219330146     
 qcl:  0.000000000000000E+000  0.000000000000000E+000
 qci:  0.000000000000000E+000  0.000000000000000E+000
 qpl:  0.000000000000000E+000  0.000000000000000E+000
 qpi:  0.000000000000000E+000  0.000000000000000E+000
 qrad(K/day):  -3.71666585018959        1.02227131448239     
 shf:  -1.16052640221296      -0.895846385658565     
 lhf:   17.2798790627251        52.6955540054939     
 uw: -4.422870434891886E-003  4.422870434879942E-003
 vw: -4.422869666491344E-003  4.422869666523020E-003
 sst:   305.000000000000        305.000000000000     
 ===========================
 total water budget:
 before (mm):         62.51031948806
 after (mm):          62.51093704759
 evaporation (mm):     0.00061755953
 precipitation (mm):   0.00000000000
 large-scale (mm):     0.00000000000
 Imbalance (mm)       0.00000000000
 evap (mm/day):   1.77857144459754     
 prec (mm/day):  0.000000000000000E+000
 ls (mm/day):  0.000000000000000E+000
 imbalance (mm/day)  2.014388655879884E-011
  imbalance (rel error):  1.136669468287089E-016
 ===========================
NSTEP =         81   NCYCLE=  1  CFL_adv= 0.122  CFL_sgs= 0.008
NSTEP =         82   NCYCLE=  1  CFL_adv= 0.122  CFL_sgs= 0.008
NSTEP =         83   NCYCLE=  1  CFL_adv= 0.122  CFL_sgs= 0.008
 Collecting statistics...
 name QCSTRG is missing in "lst" file.
NSTEP =         84   NCYCLE=  1  CFL_adv= 0.122  CFL_sgs= 0.008
 DAY =   2.916666666666667E-002
 NSTEP=          84
 div:  4.786744120602404E-017 -3.783442771913211E-017
 SST=   305.000000000000     
 surface pressure=   1014.80000000000     
 u:  -1.43899313202948        1.43899313202928     
 v:  -1.43899304590072        1.43899304589148     
 w: -7.070074834832854E-002  0.119465605209961     
 p:  -4.51980809527633        7.35790845895920     
 t:   305.395929933064        479.245268618170     
 tabs:   208.100939041359        305.182038319693     
 qv:  0.000000000000000E+000  2.680464718935233E-002
 tke:  0.000000000000000E+000  1.019507112951157E-002
 tk:  0.000000000000000E+000  0.378639918337669     
 tkh:  0.000000000000000E+000  0.378639918337669     
 qcl:  0.000000000000000E+000  0.000000000000000E+000
 qci:  0.000000000000000E+000  0.000000000000000E+000
 qpl:  0.000000000000000E+000  0.000000000000000E+000
 qpi:  0.000000000000000E+000  0.000000000000000E+000
 qrad(K/day):  -3.71666585018959        1.02227131448239     
 shf:  -1.13854367644550      -0.881586432304518     
 lhf:   17.2166779355847        52.4174524740323     
 uw: -4.352552114300197E-003  4.352552114295249E-003
 vw: -4.352552162822891E-003  4.352552162853127E-003
 sst:   305.000000000000        305.000000000000     
 ===========================
 total water budget:
 before (mm):         62.51278487686
 after (mm):          62.51339921905
 evaporation (mm):     0.00061434219
 precipitation (mm):   0.00000000000
 large-scale (mm):     0.00000000000
 Imbalance (mm)       0.00000000000
 evap (mm/day):   1.76930549354150     
 prec (mm/day):  0.000000000000000E+000
 ls (mm/day):  0.000000000000000E+000
 imbalance (mm/day)  2.877698079828406E-012
  imbalance (rel error):  0.000000000000000E+000
 ===========================
 Let's do some shortwave
 Range of zenith angles  0.732661695834013       0.732661695834013     
 Range of surface albedo (asdir)  3.383449086658900E-002  3.383449086658900E-002
 Range of surface albedo (aldir)  3.383449086658900E-002  3.383449086658900E-002
 Range of surface albedo (asdif)  6.000000000000000E-002  6.000000000000000E-002
 Range of surface albedo (aldif)  6.000000000000000E-002  6.000000000000000E-002
 radiation: perpetual sun, solin=   310.282739802095     
 longwave radiation is called
NSTEP =         85   NCYCLE=  1  CFL_adv= 0.121  CFL_sgs= 0.008
NSTEP =         86   NCYCLE=  1  CFL_adv= 0.121  CFL_sgs= 0.008
NSTEP =         87   NCYCLE=  1  CFL_adv= 0.121  CFL_sgs= 0.008
 Collecting statistics...
 name QCSTRG is missing in "lst" file.
NSTEP =         88   NCYCLE=  1  CFL_adv= 0.121  CFL_sgs= 0.008
 DAY =   3.055555555555555E-002
 NSTEP=          88
 div:  4.992019044995868E-017 -4.986410528121085E-017
 SST=   305.000000000000     
 surface pressure=   1014.80000000000     
 u:  -1.42039452838953        1.42039452838613     
 v:  -1.42039445425629        1.42039445425153     
 w: -6.834365349396944E-002  0.115889739589064     
 p:  -4.55126796351650        7.31678524161658     
 t:   305.389482421175        479.246705027362     
 tabs:   208.102341220127        305.176669061039     
 qv:  0.000000000000000E+000  2.682227884250094E-002
 tke:  0.000000000000000E+000  1.031527012098572E-002
 tk:  0.000000000000000E+000  0.380865443531389     
 tkh:  0.000000000000000E+000  0.380865443531389     
 qcl:  0.000000000000000E+000  0.000000000000000E+000
 qci:  0.000000000000000E+000  0.000000000000000E+000
 qpl:  0.000000000000000E+000  0.000000000000000E+000
 qpi:  0.000000000000000E+000  0.000000000000000E+000
 qrad(K/day):  -3.70664063864762        1.02208425595716     
 shf:  -1.11619981930374      -0.867339693436581     
 lhf:   17.1525854720634        52.1400241823562     
 uw: -4.276238842554997E-003  4.276238842561809E-003
 vw: -4.276238073664573E-003  4.276238073686194E-003
 sst:   305.000000000000        305.000000000000     
 ===========================
 total water budget:
 before (mm):         62.51523750604
 after (mm):          62.51584870368
 evaporation (mm):     0.00061119764
 precipitation (mm):   0.00000000000
 large-scale (mm):     0.00000000000
 Imbalance (mm)      -0.00000000000
 evap (mm/day):   1.76024919561904     
 prec (mm/day):  0.000000000000000E+000
 ls (mm/day):  0.000000000000000E+000
 imbalance (mm/day) -3.772981926886132E-011
  imbalance (rel error): -2.273160328121064E-016
 ===========================
NSTEP =         89   NCYCLE=  1  CFL_adv= 0.120  CFL_sgs= 0.008
NSTEP =         90   NCYCLE=  1  CFL_adv= 0.120  CFL_sgs= 0.009
 Let's do some shortwave
 Range of zenith angles  0.732661695834013       0.732661695834013     
 Range of surface albedo (asdir)  3.383449086658900E-002  3.383449086658900E-002
 Range of surface albedo (aldir)  3.383449086658900E-002  3.383449086658900E-002
 Range of surface albedo (asdif)  6.000000000000000E-002  6.000000000000000E-002
 Range of surface albedo (aldif)  6.000000000000000E-002  6.000000000000000E-002
 radiation: perpetual sun, solin=   310.282739801901     
 longwave radiation is called
NSTEP =         91   NCYCLE=  1  CFL_adv= 0.120  CFL_sgs= 0.009
 Collecting statistics...
 name QCSTRG is missing in "lst" file.
NSTEP =         92   NCYCLE=  1  CFL_adv= 0.120  CFL_sgs= 0.009
 DAY =   3.194444444444444E-002
 NSTEP=          92
 div:  5.237765991434995E-017 -3.135472147870655E-017
 SST=   305.000000000000     
 surface pressure=   1014.80000000000     
 u:  -1.40146601743726        1.40146601743035     
 v:  -1.40146926090634        1.40146926090545     
 w: -6.558885483834541E-002  0.112650513705721     
 p:  -4.52209328357647        7.26829627516529     
 t:   305.383108531210        479.248149639856     
 tabs:   208.103763947703        305.172189403597     
 qv:  0.000000000000000E+000  2.683982645167654E-002
 tke:  0.000000000000000E+000  1.042970130143909E-002
 tk:  0.000000000000000E+000  0.382972158976977     
 tkh:  0.000000000000000E+000  0.382972158976977     
 qcl:  0.000000000000000E+000  0.000000000000000E+000
 qci:  0.000000000000000E+000  0.000000000000000E+000
 qpl:  0.000000000000000E+000  0.000000000000000E+000
 qpi:  0.000000000000000E+000  0.000000000000000E+000
 qrad(K/day):  -3.69675144626098        1.02190210950449     
 shf:  -1.09872021022247      -0.853099376611450     
 lhf:   17.0877161978387        51.8648500295054     
 uw: -4.196454509751521E-003  4.196454509769040E-003
 vw: -4.196455947524997E-003  4.196455947532336E-003
 sst:   305.000000000000        305.000000000000     
 ===========================
 total water budget:
 before (mm):         62.51767766577
 after (mm):          62.51828579084
 evaporation (mm):     0.00060812507
 precipitation (mm):   0.00000000000
 large-scale (mm):     0.00000000000
 Imbalance (mm)       0.00000000000
 evap (mm/day):   1.75140019457640     
 prec (mm/day):  0.000000000000000E+000
 ls (mm/day):  0.000000000000000E+000
 imbalance (mm/day) -9.912071163853399E-012
  imbalance (rel error):  0.000000000000000E+000
 ===========================
NSTEP =         93   NCYCLE=  1  CFL_adv= 0.119  CFL_sgs= 0.009
NSTEP =         94   NCYCLE=  1  CFL_adv= 0.119  CFL_sgs= 0.009
NSTEP =         95   NCYCLE=  1  CFL_adv= 0.119  CFL_sgs= 0.009
 Collecting statistics...
 name QCSTRG is missing in "lst" file.
NSTEP =         96   NCYCLE=  1  CFL_adv= 0.119  CFL_sgs= 0.009
 DAY =   3.333333333333333E-002
 NSTEP=          96
 div:  6.031771512955568E-017 -4.598310300258321E-017
 SST=   305.000000000000     
 surface pressure=   1014.80000000000     
 u:  -1.38154887162734        1.38154887161932     
 v:  -1.38155431150541        1.38155431150906     
 w: -6.280671219774851E-002  0.109290350506969     
 p:  -4.48895309714532        7.29178857810587     
 t:   305.376719312018        479.249530418905     
 tabs:   208.105205066666        305.167580119205     
 qv:  0.000000000000000E+000  2.685728672816412E-002
 tke:  0.000000000000000E+000  1.053852686672009E-002
 tk:  0.000000000000000E+000  0.384964977709988     
 tkh:  0.000000000000000E+000  0.384964977709988     
 qcl:  0.000000000000000E+000  0.000000000000000E+000
 qci:  0.000000000000000E+000  0.000000000000000E+000
 qpl:  0.000000000000000E+000  0.000000000000000E+000
 qpi:  0.000000000000000E+000  0.000000000000000E+000
 qrad(K/day):  -3.69675144626098        1.02190210950449     
 shf:  -1.08653118203140      -0.838896815407023     
 lhf:   17.0220981803221        51.5937147860624     
 uw: -4.115242964753052E-003  4.115242964773230E-003
 vw: -4.115243917124664E-003  4.115243917115282E-003
 sst:   305.000000000000        305.000000000000     
 ===========================
 total water budget:
 before (mm):         62.52010564232
 after (mm):          62.52071076647
 evaporation (mm):     0.00060512416
 precipitation (mm):   0.00000000000
 large-scale (mm):     0.00000000000
 Imbalance (mm)      -0.00000000000
 evap (mm/day):   1.74275757683077     
 prec (mm/day):  0.000000000000000E+000
 ls (mm/day):  0.000000000000000E+000
 imbalance (mm/day) -1.151079231931362E-011
  imbalance (rel error): -1.136491775363997E-016
 ===========================
 Let's do some shortwave
 Range of zenith angles  0.732661695834013       0.732661695834013     
 Range of surface albedo (asdir)  3.383449086658900E-002  3.383449086658900E-002
 Range of surface albedo (aldir)  3.383449086658900E-002  3.383449086658900E-002
 Range of surface albedo (asdif)  6.000000000000000E-002  6.000000000000000E-002
 Range of surface albedo (aldif)  6.000000000000000E-002  6.000000000000000E-002
 radiation: perpetual sun, solin=   310.282739801700     
 longwave radiation is called
NSTEP =         97   NCYCLE=  1  CFL_adv= 0.119  CFL_sgs= 0.009
NSTEP =         98   NCYCLE=  1  CFL_adv= 0.118  CFL_sgs= 0.009
NSTEP =         99   NCYCLE=  1  CFL_adv= 0.118  CFL_sgs= 0.009
 Collecting statistics...
 name QCSTRG is missing in "lst" file.
NSTEP =        100   NCYCLE=  1  CFL_adv= 0.118  CFL_sgs= 0.009
 DAY =   3.472222222222222E-002
 NSTEP=         100
 div:  5.492654410634115E-017 -3.520699638370226E-017
 SST=   305.000000000000     
 surface pressure=   1014.80000000000     
 u:  -1.36094581318711        1.36094581318153     
 v:  -1.36094909295449        1.36094909296103     
 w: -6.084779913281128E-002  0.106188528382083     
 p:  -4.42819016378086        7.29671970909368     
 t:   305.370401593658        479.250900667848     
 tabs:   208.106642218145        305.162877999345     
 qv:  0.000000000000000E+000  2.687466195798405E-002
 tke:  0.000000000000000E+000  1.064185517490712E-002
 tk:  0.000000000000000E+000  0.386847629431966     
 tkh:  0.000000000000000E+000  0.386847629431966     
 qcl:  0.000000000000000E+000  6.370149811123440E-007
 qci:  0.000000000000000E+000  0.000000000000000E+000
 qpl:  0.000000000000000E+000  0.000000000000000E+000
 qpi:  0.000000000000000E+000  0.000000000000000E+000
 qrad(K/day):  -3.68768219276274        1.02167461861777     
 shf:  -1.07406780858247      -0.824702170337661     
 lhf:   16.9557705762388        51.3699494735986     
 uw: -4.033866884984854E-003  4.033866884996349E-003
 vw: -4.033872461440511E-003  4.033872461418825E-003
 sst:   305.000000000000        305.000000000000     
 ===========================
 total water budget:
 before (mm):         62.52252172164
 after (mm):          62.52312391505
 evaporation (mm):     0.00060219341
 precipitation (mm):   0.00000000000
 large-scale (mm):     0.00000000000
 Imbalance (mm)       0.00000000000
 evap (mm/day):   1.73431702026221     
 prec (mm/day):  0.000000000000000E+000
 ls (mm/day):  0.000000000000000E+000
 imbalance (mm/day) -5.115907697472721E-012
  imbalance (rel error):  0.000000000000000E+000
 ===========================
NSTEP =        101   NCYCLE=  1  CFL_adv= 0.117  CFL_sgs= 0.009
NSTEP =        102   NCYCLE=  1  CFL_adv= 0.117  CFL_sgs= 0.009
 Let's do some shortwave
 Range of zenith angles  0.732661695834013       0.732661695834013     
 Range of surface albedo (asdir)  3.383449086658900E-002  3.383449086658900E-002
 Range of surface albedo (aldir)  3.383449086658900E-002  3.383449086658900E-002
 Range of surface albedo (asdif)  6.000000000000000E-002  6.000000000000000E-002
 Range of surface albedo (aldif)  6.000000000000000E-002  6.000000000000000E-002
 radiation: perpetual sun, solin=   310.282739801533     
 longwave radiation is called
NSTEP =        103   NCYCLE=  1  CFL_adv= 0.117  CFL_sgs= 0.009
 Collecting statistics...
 name QCSTRG is missing in "lst" file.
NSTEP =        104   NCYCLE=  1  CFL_adv= 0.117  CFL_sgs= 0.009
 DAY =   3.611111111111111E-002
 NSTEP=         104
 div:  3.743414586616079E-017 -3.037641232958637E-017
 SST=   305.000000000000     
 surface pressure=   1014.80000000000     
 u:  -1.33978611073421        1.33978611073462     
 v:  -1.33978281378268        1.33978281378834     
 w: -5.874362604603305E-002  0.108978395271111     
 p:  -4.34714393818338        7.15569609835001     
 t:   305.364450273437        479.252268395425     
 tabs:   208.108062195476        305.158100623145     
 qv:  0.000000000000000E+000  2.689130794209986E-002
 tke:  0.000000000000000E+000  1.074011400149328E-002
 tk:  0.000000000000000E+000  0.388629454810105     
 tkh:  0.000000000000000E+000  0.388629454810105     
 qcl:  0.000000000000000E+000  3.156589035394666E-005
 qci:  0.000000000000000E+000  0.000000000000000E+000
 qpl:  0.000000000000000E+000  2.645158070984921E-011
 qpi:  0.000000000000000E+000  0.000000000000000E+000
 qrad(K/day):  -10.1578024117529        1.12429158989530     
 shf:  -1.06140530104066      -0.810784039099595     
 lhf:   16.8903337623419        51.1609764974188     
 uw: -3.952853575244769E-003  3.952853575236473E-003
 vw: -3.952871517628893E-003  3.952871517607289E-003
 sst:   305.000000000000        305.000000000000     
 ===========================
 total water budget:
 before (mm):         62.52492617979
 after (mm):          62.52552551028
 evaporation (mm):     0.00059933049
 precipitation (mm):   0.00000000000
 large-scale (mm):     0.00000000000
 Imbalance (mm)       0.00000000000
 evap (mm/day):   1.72607181997041     
 prec (mm/day):  0.000000000000000E+000
 ls (mm/day):  0.000000000000000E+000
 imbalance (mm/day)  9.592326932761353E-013
  imbalance (rel error):  0.000000000000000E+000
 ===========================
NSTEP =        105   NCYCLE=  1  CFL_adv= 0.117  CFL_sgs= 0.009
NSTEP =        106   NCYCLE=  1  CFL_adv= 0.118  CFL_sgs= 0.009
NSTEP =        107   NCYCLE=  1  CFL_adv= 0.118  CFL_sgs= 0.010
 Collecting statistics...
 name QCSTRG is missing in "lst" file.
NSTEP =        108   NCYCLE=  1  CFL_adv= 0.118  CFL_sgs= 0.010
 DAY =   3.750000000000000E-002
 NSTEP=         108
 div:  4.180422919377989E-017 -3.728922651088868E-017
 SST=   305.000000000000     
 surface pressure=   1014.80000000000     
 u:  -1.31758608680661        1.31758608681537     
 v:  -1.31757499375900        1.31757499375933     
 w: -5.679481710382414E-002  0.120613618893341     
 p:  -4.24434243217560        6.95141526238226     
 t:   305.358694810378        479.253661563557     
 tabs:   208.109483001193        305.153236761804     
 qv:  2.311858250996261E-293  2.690779560383914E-002
 tke:  0.000000000000000E+000  1.087383727300447E-002
 tk:  0.000000000000000E+000  0.391041349030541     
 tkh:  0.000000000000000E+000  0.391041349030541     
 qcl:  0.000000000000000E+000  6.160044680323191E-005
 qci:  0.000000000000000E+000  0.000000000000000E+000
 qpl:  0.000000000000000E+000  2.748102977611551E-010
 qpi:  0.000000000000000E+000  0.000000000000000E+000
 qrad(K/day):  -10.1578024117529        1.12429158989530     
 shf:  -1.04854440038821      -0.797615319328348     
 lhf:   16.8200209054748        50.9502273055123     
 uw: -3.872356218693723E-003  3.872356218658211E-003
 vw: -3.872378079061268E-003  3.872378079056336E-003
 sst:   305.000000000000        305.000000000000     
 ===========================
 total water budget:
 before (mm):         62.52731928543
 after (mm):          62.52791584692
 evaporation (mm):     0.00059656149
 precipitation (mm):   0.00000000000
 large-scale (mm):     0.00000000000
 Imbalance (mm)       0.00000000000
 evap (mm/day):   1.71809707951137     
 prec (mm/day):  0.000000000000000E+000
 ls (mm/day):  0.000000000000000E+000
 imbalance (mm/day)  2.206235194535111E-011
  imbalance (rel error):  1.136360817622093E-016
 ===========================
 Let's do some shortwave
 Range of zenith angles  0.732661695834013       0.732661695834013     
 Range of surface albedo (asdir)  3.383449086658900E-002  3.383449086658900E-002
 Range of surface albedo (aldir)  3.383449086658900E-002  3.383449086658900E-002
 Range of surface albedo (asdif)  6.000000000000000E-002  6.000000000000000E-002
 Range of surface albedo (aldif)  6.000000000000000E-002  6.000000000000000E-002
 radiation: perpetual sun, solin=   310.282739801440     
 longwave radiation is called
NSTEP =        109   NCYCLE=  1  CFL_adv= 0.118  CFL_sgs= 0.010
NSTEP =        110   NCYCLE=  1  CFL_adv= 0.119  CFL_sgs= 0.010
NSTEP =        111   NCYCLE=  1  CFL_adv= 0.120  CFL_sgs= 0.010
 Collecting statistics...
 name QCSTRG is missing in "lst" file.
NSTEP =        112   NCYCLE=  1  CFL_adv= 0.120  CFL_sgs= 0.010
 DAY =   3.888888888888889E-002
 NSTEP=         112
 div:  3.627692121330993E-017 -2.946431833440749E-017
 SST=   305.000000000000     
 surface pressure=   1014.80000000000     
 u:  -1.29474980269574        1.29474980271206     
 v:  -1.29473767021806        1.29473767020958     
 w: -5.484830159007784E-002  0.142512570104260     
 p:  -4.15613567411044        6.71839099351192     
 t:   305.352983112368        479.255164139859     
 tabs:   208.110928387960        305.148260331377     
 qv:  1.900500992110208E-284  2.692414475396140E-002
 tke:  0.000000000000000E+000  1.100701376053328E-002
 tk:  0.000000000000000E+000  0.393428686050597     
 tkh:  0.000000000000000E+000  0.393428686050597     
 qcl:  0.000000000000000E+000  9.776395623709670E-005
 qci:  0.000000000000000E+000  0.000000000000000E+000
 qpl:  0.000000000000000E+000  1.238026178412918E-009
 qpi:  0.000000000000000E+000  0.000000000000000E+000
 qrad(K/day):  -18.0325832812015        1.79419323278461     
 shf:  -1.03540420250543      -0.786111298258643     
 lhf:   16.7441388361785        50.7361026987405     
 uw: -3.792409127131077E-003  3.792409127071546E-003
 vw: -3.792418876157954E-003  3.792418876181738E-003
 sst:   305.000000000000        305.000000000000     
 ===========================
 total water budget:
 before (mm):         62.52970170300
 after (mm):          62.53029575325
 evaporation (mm):     0.00059405025
 precipitation (mm):   0.00000000000
 large-scale (mm):     0.00000000000
 Imbalance (mm)       0.00000000000
 evap (mm/day):   1.71086472751377     
 prec (mm/day):  0.000000000000000E+000
 ls (mm/day):  0.000000000000000E+000
 imbalance (mm/day)  1.982414232770680E-011
  imbalance (rel error):  1.136317567669865E-016
 ===========================
NSTEP =        113   NCYCLE=  1  CFL_adv= 0.121  CFL_sgs= 0.010
NSTEP =        114   NCYCLE=  1  CFL_adv= 0.122  CFL_sgs= 0.010
 Let's do some shortwave
 Range of zenith angles  0.732661695834013       0.732661695834013     
 Range of surface albedo (asdir)  3.383449086658900E-002  3.383449086658900E-002
 Range of surface albedo (aldir)  3.383449086658900E-002  3.383449086658900E-002
 Range of surface albedo (asdif)  6.000000000000000E-002  6.000000000000000E-002
 Range of surface albedo (aldif)  6.000000000000000E-002  6.000000000000000E-002
 radiation: perpetual sun, solin=   310.282739801453     
 longwave radiation is called
NSTEP =        115   NCYCLE=  1  CFL_adv= 0.122  CFL_sgs= 0.010
 Collecting statistics...
 name QCSTRG is missing in "lst" file.
NSTEP =        116   NCYCLE=  1  CFL_adv= 0.123  CFL_sgs= 0.010
 DAY =   4.027777777777778E-002
 NSTEP=         116
 div:  4.890720420732383E-017 -3.420893274822228E-017
 SST=   305.000000000000     
 surface pressure=   1014.80000000000     
 u:  -1.27127795339708        1.27127795341562     
 v:  -1.27127400357141        1.27127400355337     
 w: -5.226950549398263E-002  0.175999929751166     
 p:  -4.03689520999480        6.49157694917698     
 t:   305.347241228494        479.256587522263     
 tabs:   208.112264929189        305.143156941135     
 qv:  2.863204636238791E-275  2.694038438126515E-002
 tke:  0.000000000000000E+000  1.112530616857038E-002
 tk:  0.000000000000000E+000  0.395537125938288     
 tkh:  0.000000000000000E+000  0.395537125938288     
 qcl:  0.000000000000000E+000  1.420100148711958E-004
 qci:  0.000000000000000E+000  0.000000000000000E+000
 qpl:  0.000000000000000E+000  4.006924450262427E-009
 qpi:  0.000000000000000E+000  0.000000000000000E+000
 qrad(K/day):  -23.5585302177719        4.37524577625258     
 shf:  -1.02193081905647      -0.775046669877052     
 lhf:   16.6664337147184        50.5177097753649     
 uw: -3.713429825463957E-003  3.713429825396615E-003
 vw: -3.713416175638150E-003  3.713416175691903E-003
 sst:   305.000000000000        305.000000000000     
 ===========================
 total water budget:
 before (mm):         62.53207433826
 after (mm):          62.53266603968
 evaporation (mm):     0.00059170142
 precipitation (mm):   0.00000000000
 large-scale (mm):     0.00000000000
 Imbalance (mm)       0.00000000000
 evap (mm/day):   1.70410008351809     
 prec (mm/day):  6.104073639183582E-011
 ls (mm/day):  0.000000000000000E+000
 imbalance (mm/day)  2.207797870899523E-012
  imbalance (rel error):  0.000000000000000E+000
 ===========================
NSTEP =        117   NCYCLE=  1  CFL_adv= 0.124  CFL_sgs= 0.010
NSTEP =        118   NCYCLE=  1  CFL_adv= 0.125  CFL_sgs= 0.010
NSTEP =        119   NCYCLE=  1  CFL_adv= 0.125  CFL_sgs= 0.010
 Collecting statistics...
 name QCSTRG is missing in "lst" file.
 Writting statistics:nstatsteps=          15
 --------------- ISCCP Simulator Diagnostics: -----------------
 ISCCP PDF:
            0.0       0.3       1.3       3.6       9.4      23.0      60.0
    0.     0.000     0.000     0.000     0.000     0.000     0.000     0.000
  180.     0.000     0.000     0.000     0.000     0.000     0.000     0.000
  310.     0.000     0.000     0.000     0.000     0.000     0.000     0.000
  440.     0.000     0.000     0.000     0.000     0.000     0.000     0.000
  560.     0.000     0.000     0.000     0.000     0.000     0.000     0.000
  680.     0.000     0.000     0.000     0.000     0.000     0.000     0.000
  800.     0.000     0.000     0.000     0.000     0.000     0.000     0.000
 low cld area (tau > 0.3)=  0.000000000000000E+000
 mid cld area (tau > 0.3)=  0.000000000000000E+000
 hgh cld area (tau > 0.3)=  0.000000000000000E+000
 total cld area (tau > 0.3)=  0.000000000000000E+000
 mean albedo cld (tau > 0.3)   -1.00000000000000     
 mean tau cld (tau > 0.3)   -1.00000000000000     
 mean top pressure (tau > 0.3)  -1.00000000000000     
 mean brightness temp (tau > 0.3)  -1.00000000000000     
 mean clearsky brightness temp (tau > 0.3)  -1.00000000000000     
 --------------- MODIS Simulator Diagnostics: -----------------
 MODIS PDF:
                      0.3       1.3       3.6       9.4      23.0      60.0
    0.               0.000     0.000     0.000     0.000     0.000     0.000
  180.               0.000     0.000     0.000     0.000     0.000     0.000
  310.               0.000     0.000     0.000     0.000     0.000     0.000
  440.               0.000     0.000     0.000     0.000     0.000     0.000
  560.               0.000     0.000     0.000     0.000     0.000     0.000
  680.               0.000     0.000     0.000     0.000     0.000     0.000
  800.               0.000     0.000     0.000     0.000     0.000     0.000
 low cld area =  0.000000000000000E+000
 mid cld area =  0.000000000000000E+000
 hgh cld area =  0.000000000000000E+000
 total cld area =  0.000000000000000E+000
 mean tau cld   -1.00000000000000     
 mean top pressure   -1.00000000000000     
 total cld area (liquid) =  0.000000000000000E+000
 total cld area (ice) =  0.000000000000000E+000
 mean tau (liquid) =  0.000000000000000E+000
 mean tau (ice) =  -1.00000000000000     
 mean lwp (g/m2) =  0.000000000000000E+000
 mean iwp (g/m2) =  -1.00000000000000     
 mean reff (liquid)  =  0.000000000000000E+000
 mean reff (ice)  =  -1.00000000000000     
 --------------- MISR Simulator Diagnostics: -----------------
 MISR PDF:
            0.0       0.3       1.3       3.6       9.4      23.0      60.0
 99.00     0.000     0.000     0.000     0.000     0.000     0.000     0.000
 17.00     0.000     0.000     0.000     0.000     0.000     0.000     0.000
 15.00     0.000     0.000     0.000     0.000     0.000     0.000     0.000
 13.00     0.000     0.000     0.000     0.000     0.000     0.000     0.000
 11.00     0.000     0.000     0.000     0.000     0.000     0.000     0.000
  9.00     0.000     0.000     0.000     0.000     0.000     0.000     0.000
  7.00     0.000     0.000     0.000     0.000     0.000     0.000     0.000
  5.00     0.000     0.000     0.000     0.000     0.000     0.000     0.000
  4.00     0.000     0.000     0.000     0.000     0.000     0.000     0.000
  3.00     0.000     0.000     0.000     0.000     0.000     0.000     0.000
  2.50     0.000     0.000     0.000     0.000     0.000     0.000     0.000
  2.00     0.000     0.000     0.000     0.000     0.000     0.000     0.000
  1.50     0.000     0.000     0.000     0.000     0.000     0.000     0.000
  1.00     0.000     0.000     0.000     0.000     0.000     0.000     0.000
  0.50     0.000     0.000     0.000     0.000     0.000     0.000     0.000
  0.00     0.000     0.000     0.000     0.000     0.000     0.000     0.000
 total cld area =  0.000000000000000E+000
 mean top height (m)  0.000000000000000E+000
 Writting history file 
 rcemip305sst_160_MaxIce20_2dry3km                                              
  
 Writting 2D data. file:./OUT_2D/bubble_rcemip305sst_160_MaxIce20_2dry3km_64.2Db
 in                                                              
 Writting 3D data. file:./OUT_3D/bubble_rcemip305sst_160_MaxIce20_2dry3km_64_000
 0000120.bin3D                                                   
NSTEP =        120   NCYCLE=  1  CFL_adv= 0.126  CFL_sgs= 0.010
 DAY =   4.166666666666666E-002
 NSTEP=         120
 div:  3.896729934938441E-017 -2.457247767737308E-017
 SST=   305.000000000000     
 surface pressure=   1014.80000000000     
 u:  -1.24757598599688        1.24757598601033     
 v:  -1.24758144400264        1.24758144397850     
 w: -5.000142072143475E-002  0.224220742043318     
 p:  -3.94429844906688        6.25344203482893     
 t:   305.341497679541        479.258032880218     
 tabs:   208.113577510940        305.138719938504     
 qv:  8.068330090512096E-268  2.695655213246334E-002
 tke:  0.000000000000000E+000  1.122924181535759E-002
 tk:  0.000000000000000E+000  0.397380438658556     
 tkh:  0.000000000000000E+000  0.397380438658556     
 qcl:  0.000000000000000E+000  1.968004945659546E-004
 qci:  0.000000000000000E+000  0.000000000000000E+000
 qpl:  0.000000000000000E+000  1.077510679057988E-008
 qpi:  0.000000000000000E+000  0.000000000000000E+000
 qrad(K/day):  -23.5585302177719        4.37524577625258     
 shf:  -1.00859128482127      -0.764551296330255     
 lhf:   16.5882648971698        50.2962348316836     
 uw: -3.644995709200114E-003  3.644995709143736E-003
 vw: -3.645005062578419E-003  3.645005062653404E-003
 sst:   305.000000000000        305.000000000000     
 ===========================
 total water budget:
 before (mm):         62.53443776804
 after (mm):          62.53502724172
 evaporation (mm):     0.00058947368
 precipitation (mm):   0.00000000000
 large-scale (mm):     0.00000000000
 Imbalance (mm)       0.00000000000
 evap (mm/day):   1.69768421229467     
 prec (mm/day):  3.328818079850475E-010
 ls (mm/day):  0.000000000000000E+000
 imbalance (mm/day)  5.118714039295577E-011
  imbalance (rel error):  2.272463184556042E-016
 ===========================
CPU TIME =      61.7547 OVER     0.50 MODEL HOURS
 Let's do some shortwave
 Range of zenith angles  0.732661695834013       0.732661695834013     
 Range of surface albedo (asdir)  3.383449086658900E-002  3.383449086658900E-002
 Range of surface albedo (aldir)  3.383449086658900E-002  3.383449086658900E-002
 Range of surface albedo (asdif)  6.000000000000000E-002  6.000000000000000E-002
 Range of surface albedo (aldif)  6.000000000000000E-002  6.000000000000000E-002
 radiation: perpetual sun, solin=   310.282739801580     
 longwave radiation is called
NSTEP =        121   NCYCLE=  1  CFL_adv= 0.127  CFL_sgs= 0.010
NSTEP =        122   NCYCLE=  1  CFL_adv= 0.128  CFL_sgs= 0.010
NSTEP =        123   NCYCLE=  1  CFL_adv= 0.129  CFL_sgs= 0.010
 Collecting statistics...
 name QCSTRG is missing in "lst" file.
NSTEP =        124   NCYCLE=  1  CFL_adv= 0.130  CFL_sgs= 0.010
 DAY =   4.305555555555556E-002
 NSTEP=         124
 div:  4.606718216367753E-017 -2.601710935562747E-017
 SST=   305.000000000000     
 surface pressure=   1014.80000000000     
 u:  -1.22420935496604        1.22420935496921     
 v:  -1.22421988157072        1.22421988154794     
 w: -4.728184380658763E-002  0.294768277153914     
 p:  -3.82044984523671        6.04092525436178     
 t:   305.335772988514        479.259901204231     
 tabs:   208.115010122870        305.134729437630     
 qv:  8.096222356493165E-256  2.697268700836079E-002
 tke:  0.000000000000000E+000  1.131943141371092E-002
 tk:  0.000000000000000E+000  0.398973062067240     
 tkh:  0.000000000000000E+000  0.398973062067240     
 qcl:  0.000000000000000E+000  2.669294257387399E-004
 qci:  0.000000000000000E+000  0.000000000000000E+000
 qpl:  0.000000000000000E+000  2.634108806418370E-008
 qpi:  0.000000000000000E+000  0.000000000000000E+000
 qrad(K/day):  -29.2156555093310        5.56645683033094     
 shf: -0.998168661446875      -0.754081774542296     
 lhf:   16.5102580174099        50.0740891311018     
 uw: -3.578212353301731E-003  3.578212353275031E-003
 vw: -3.578242629443222E-003  3.578242629521945E-003
 sst:   305.000000000000        305.000000000000     
 ===========================
 total water budget:
 before (mm):         62.53679244174
 after (mm):          62.53737978659
 evaporation (mm):     0.00058734485
 precipitation (mm):   0.00000000000
 large-scale (mm):     0.00000000000
 Imbalance (mm)       0.00000000000
 evap (mm/day):   1.69155317179090     
 prec (mm/day):  1.223630187314926E-009
 ls (mm/day):  0.000000000000000E+000
 imbalance (mm/day)  2.267085533320492E-011
  imbalance (rel error):  1.136188849268689E-016
 ===========================
NSTEP =        125   NCYCLE=  1  CFL_adv= 0.131  CFL_sgs= 0.011
NSTEP =        126   NCYCLE=  1  CFL_adv= 0.135  CFL_sgs= 0.011
 Let's do some shortwave
 Range of zenith angles  0.732661695834013       0.732661695834013     
 Range of surface albedo (asdir)  3.383449086658900E-002  3.383449086658900E-002
 Range of surface albedo (aldir)  3.383449086658900E-002  3.383449086658900E-002
 Range of surface albedo (asdif)  6.000000000000000E-002  6.000000000000000E-002
 Range of surface albedo (aldif)  6.000000000000000E-002  6.000000000000000E-002
 radiation: perpetual sun, solin=   310.282739801804     
 longwave radiation is called
NSTEP =        127   NCYCLE=  1  CFL_adv= 0.144  CFL_sgs= 0.011
 Collecting statistics...
 name QCSTRG is missing in "lst" file.
NSTEP =        128   NCYCLE=  1  CFL_adv= 0.157  CFL_sgs= 0.011
 DAY =   4.444444444444445E-002
 NSTEP=         128
 div:  3.133455164537852E-017 -1.763947287329471E-017
 SST=   305.000000000000     
 surface pressure=   1014.80000000000     
 u:  -1.20200373133211        1.20200373132795     
 v:  -1.20200155737903        1.20200155735567     
 w: -4.530600561229979E-002  0.456161949253708     
 p:  -3.64889092217912        5.79543246215572     
 t:   305.329526506576        479.261586264172     
 tabs:   208.116464980276        305.130626719247     
 qv:  2.291747558215530E-247  2.698879088316293E-002
 tke:  0.000000000000000E+000  1.143141583904088E-002
 tk:  0.000000000000000E+000  0.400941747934176     
 tkh:  0.000000000000000E+000  0.400941747934176     
 qcl:  0.000000000000000E+000  3.694575128259823E-004
 qci:  0.000000000000000E+000  0.000000000000000E+000
 qpl:  0.000000000000000E+000  6.132274964357018E-008
 qpi:  0.000000000000000E+000  0.000000000000000E+000
 qrad(K/day):  -32.9763470411681        5.59843759935052     
 shf: -0.987445591793276      -0.743634256182901     
 lhf:   16.4320483084427        49.8528565421154     
 uw: -3.513992312432935E-003  3.513992312441530E-003
 vw: -3.514026324592989E-003  3.514026324646930E-003
 sst:   305.000000000000        305.000000000000     
 ===========================
 total water budget:
 before (mm):         62.53913872989
 after (mm):          62.53972402961
 evaporation (mm):     0.00058529972
 precipitation (mm):   0.00000000000
 large-scale (mm):     0.00000000000
 Imbalance (mm)      -0.00000000000
 evap (mm/day):   1.68566320417103     
 prec (mm/day):  3.880478589342073E-009
 ls (mm/day):  0.000000000000000E+000
 imbalance (mm/day) -3.734747422875554E-011
  imbalance (rel error): -1.136146260293125E-016
 ===========================
NSTEP =        129   NCYCLE=  1  CFL_adv= 0.171  CFL_sgs= 0.011
NSTEP =        130   NCYCLE=  1  CFL_adv= 0.187  CFL_sgs= 0.011
NSTEP =        131   NCYCLE=  1  CFL_adv= 0.204  CFL_sgs= 0.011
 Collecting statistics...
 name QCSTRG is missing in "lst" file.
NSTEP =        132   NCYCLE=  1  CFL_adv= 0.222  CFL_sgs= 0.011
 DAY =   4.583333333333333E-002
 NSTEP=         132
 div:  3.283827144857991E-017 -1.825677907082673E-017
 SST=   305.000000000000     
 surface pressure=   1014.80000000000     
 u:  -1.18165412156938        1.18165412155652     
 v:  -1.18165374155067        1.18165374154248     
 w: -4.691219203168021E-002  0.705696929061113     
 p:  -3.52617940867549        5.55583235560791     
 t:   305.323001329185        479.263082690594     
 tabs:   208.117898348032        305.126421237670     
 qv:  3.598374912348700E-240  2.700490924052017E-002
 tke:  0.000000000000000E+000  1.153677018018261E-002
 tk:  0.000000000000000E+000  0.402785092398934     
 tkh:  0.000000000000000E+000  0.402785092398934     
 qcl:  0.000000000000000E+000  5.370113074022496E-004
 qci:  0.000000000000000E+000  0.000000000000000E+000
 qpl:  0.000000000000000E+000  1.441914099748000E-007
 qpi:  0.000000000000000E+000  0.000000000000000E+000
 qrad(K/day):  -32.9763470411681        5.59843759935052     
 shf: -0.976449070136033      -0.733185213285001     
 lhf:   16.3534272064923        49.6347406315145     
 uw: -3.452922434842907E-003  3.452922434876900E-003
 vw: -3.452941465044143E-003  3.452941465051258E-003
 sst:   305.000000000000        305.000000000000     
 ===========================
 total water budget:
 before (mm):         62.54147694805
 after (mm):          62.54206027524
 evaporation (mm):     0.00058332720
 precipitation (mm):   0.00000000000
 large-scale (mm):     0.00000000000
 Imbalance (mm)       0.00000000000
 evap (mm/day):   1.67998233181738     
 prec (mm/day):  9.071449654331554E-009
 ls (mm/day):  0.000000000000000E+000
 imbalance (mm/day)  7.020447103167670E-012
  imbalance (rel error):  0.000000000000000E+000
 ===========================
 Let's do some shortwave
 Range of zenith angles  0.732661695834013       0.732661695834013     
 Range of surface albedo (asdir)  3.383449086658900E-002  3.383449086658900E-002
 Range of surface albedo (aldir)  3.383449086658900E-002  3.383449086658900E-002
 Range of surface albedo (asdif)  6.000000000000000E-002  6.000000000000000E-002
 Range of surface albedo (aldif)  6.000000000000000E-002  6.000000000000000E-002
 radiation: perpetual sun, solin=   310.282739802092     
 longwave radiation is called
NSTEP =        133   NCYCLE=  1  CFL_adv= 0.243  CFL_sgs= 0.011
NSTEP =        134   NCYCLE=  1  CFL_adv= 0.265  CFL_sgs= 0.011
NSTEP =        135   NCYCLE=  1  CFL_adv= 0.291  CFL_sgs= 0.012
 Collecting statistics...
 name QCSTRG is missing in "lst" file.
NSTEP =        136   NCYCLE=  1  CFL_adv= 0.320  CFL_sgs= 0.012
 DAY =   4.722222222222222E-002
 NSTEP=         136
 div:  3.117457239946506E-017 -1.963578234095776E-017
 SST=   305.000000000000     
 surface pressure=   1014.80000000000     
 u:  -1.16228850504429        1.16228850502946     
 v:  -1.16229070491893        1.16229070492663     
 w: -9.378898141792248E-002   1.13126977028262     
 p:  -3.79234076104545        5.30577815886787     
 t:   305.316450780914        479.264653029162     
 tabs:   208.119344401131        305.122127149169     
 qv:  5.007888702139232E-233  2.702114772169949E-002
 tke:  0.000000000000000E+000  1.163266910297587E-002
 tk:  0.000000000000000E+000  0.404455695052744     
 tkh:  0.000000000000000E+000  0.404455695052744     
 qcl:  0.000000000000000E+000  7.916333761312549E-004
 qci:  0.000000000000000E+000  0.000000000000000E+000
 qpl:  0.000000000000000E+000  3.819420700972735E-007
 qpi:  0.000000000000000E+000  0.000000000000000E+000
 qrad(K/day):  -33.7985318301895        5.01099875285738     
 shf: -0.965207704906575      -0.721756300022788     
 lhf:   16.2737707063769        49.4791511221996     
 uw: -3.395400869108950E-003  3.395400869145958E-003
 vw: -3.395401989227230E-003  3.395401989186814E-003
 sst:   305.000000000000        305.000000000000     
 ===========================
 total water budget:
 before (mm):         62.54380737621
 after (mm):          62.54438879529
 evaporation (mm):     0.00058141908
 precipitation (mm):   0.00000000000
 large-scale (mm):     0.00000000000
 Imbalance (mm)       0.00000000000
 evap (mm/day):   1.67448695774063     
 prec (mm/day):  1.175060867572389E-008
 ls (mm/day):  0.000000000000000E+000
 imbalance (mm/day)  8.961021561807245E-012
  imbalance (rel error):  0.000000000000000E+000
 ===========================
NSTEP =        137   NCYCLE=  1  CFL_adv= 0.352  CFL_sgs= 0.013
NSTEP =        138   NCYCLE=  1  CFL_adv= 0.397  CFL_sgs= 0.014
 Let's do some shortwave
 Range of zenith angles  0.732661695834013       0.732661695834013     
 Range of surface albedo (asdir)  3.383449086658900E-002  3.383449086658900E-002
 Range of surface albedo (aldir)  3.383449086658900E-002  3.383449086658900E-002
 Range of surface albedo (asdif)  6.000000000000000E-002  6.000000000000000E-002
 Range of surface albedo (aldif)  6.000000000000000E-002  6.000000000000000E-002
 radiation: perpetual sun, solin=   310.282739802401     
 longwave radiation is called
NSTEP =        139   NCYCLE=  1  CFL_adv= 0.444  CFL_sgs= 0.014
 Collecting statistics...
 name QCSTRG is missing in "lst" file.
NSTEP =        140   NCYCLE=  2  CFL_adv= 0.250  CFL_sgs= 0.008
 DAY =   4.861111111111111E-002
 NSTEP=         140
 div:  2.051835476912556E-017 -1.342036809224880E-017
 SST=   305.000000000000     
 surface pressure=   1014.80000000000     
 u:  -1.44741876179161        1.44741876959944     
 v:  -1.44589150857576        1.44589150311817     
 w: -0.246074370492717        1.91543948937291     
 p:  -5.75764827180712        6.82993257463419     
 t:   305.309981955051        479.266442160068     
 tabs:   208.120831505483        305.117737481826     
 qv:  1.278296926617910E-227  2.703758181203800E-002
 tke:  0.000000000000000E+000  1.171974813700255E-002
 tk:  0.000000000000000E+000  0.405966695895856     
 tkh:  0.000000000000000E+000  0.405966695895856     
 qcl:  0.000000000000000E+000  1.232703411015088E-003
 qci:  0.000000000000000E+000  0.000000000000000E+000
 qpl:  0.000000000000000E+000  1.138532129689008E-006
 qpi:  0.000000000000000E+000  0.000000000000000E+000
 qrad(K/day):  -38.2906487746374        5.50795139507674     
 shf: -0.952266733655810      -0.707180428614658     
 lhf:   16.1821626392587        49.2999421267296     
 uw: -3.335057511130684E-003  3.335057511139583E-003
 vw: -3.335052170726600E-003  3.335052170657880E-003
 sst:   305.000000000000        305.000000000000     
 ===========================
 total water budget:
 before (mm):         62.54613025647
 after (mm):          62.54670970736
 evaporation (mm):     0.00057945089
 precipitation (mm):   0.00000000000
 large-scale (mm):     0.00000000000
 Imbalance (mm)       0.00000000000
 evap (mm/day):   1.66881855928409     
 prec (mm/day):  8.458523467845485E-009
 ls (mm/day):  0.000000000000000E+000
 imbalance (mm/day)  1.727576701549481E-011
  imbalance (rel error):  1.136019367101088E-016
 ===========================
NSTEP =        141   NCYCLE=  2  CFL_adv= 0.286  CFL_sgs= 0.008
NSTEP =        142   NCYCLE=  2  CFL_adv= 0.324  CFL_sgs= 0.009
NSTEP =        143   NCYCLE=  2  CFL_adv= 0.375  CFL_sgs= 0.009
 Collecting statistics...
 name QCSTRG is missing in "lst" file.
NSTEP =        144   NCYCLE=  2  CFL_adv= 0.430  CFL_sgs= 0.010
 DAY =   5.000000000000000E-002
 NSTEP=         144
 div:  1.908493771937794E-017 -1.149627899717167E-017
 SST=   305.000000000000     
 surface pressure=   1014.80000000000     
 u:  -2.12094569907538        2.12094570975776     
 v:  -2.12008125071903        2.12008123120601     
 w: -0.567866479516172        3.47977918591794     
 p:  -8.20401662316947        11.8514352431439     
 t:   305.303600530901        479.268374463016     
 tabs:   208.122326792597        305.113236750705     
 qv:  1.295294928435594E-222  2.705424977694496E-002
 tke:  0.000000000000000E+000  1.618924778943994E-002
 tk:  0.000000000000000E+000  0.703151642555971     
 tkh:  0.000000000000000E+000  0.703151642555971     
 qcl:  0.000000000000000E+000  2.070584541030113E-003
 qci:  0.000000000000000E+000  0.000000000000000E+000
 qpl:  0.000000000000000E+000  4.437833646931701E-006
 qpi:  0.000000000000000E+000  0.000000000000000E+000
 qrad(K/day):  -38.2906487746374        5.50795139507674     
 shf: -0.940464627920919      -0.694218951762211     
 lhf:   16.0986983221106        49.1362220631228     
 uw: -3.486356381640021E-003  3.486356376103217E-003
 vw: -3.486528320431587E-003  3.486528328506217E-003
 sst:   305.000000000000        305.000000000000     
 ===========================
 total water budget:
 before (mm):         62.54844534042
 after (mm):          62.54902298705
 evaporation (mm):     0.00057764664
 precipitation (mm):   0.00000000000
 large-scale (mm):     0.00000000000
 Imbalance (mm)       0.00000000000
 evap (mm/day):   1.66362232745559     
 prec (mm/day):  1.384662769200553E-008
 ls (mm/day):  0.000000000000000E+000
 imbalance (mm/day) -1.652293545226680E-011
  imbalance (rel error):  0.000000000000000E+000
 ===========================
 Let's do some shortwave
 Range of zenith angles  0.732661695834013       0.732661695834013     
 Range of surface albedo (asdir)  3.383449086658900E-002  3.383449086658900E-002
 Range of surface albedo (aldir)  3.383449086658900E-002  3.383449086658900E-002
 Range of surface albedo (asdif)  6.000000000000000E-002  6.000000000000000E-002
 Range of surface albedo (aldif)  6.000000000000000E-002  6.000000000000000E-002
 radiation: perpetual sun, solin=   310.282739802667     
 longwave radiation is called
NSTEP =        145   NCYCLE=  3  CFL_adv= 0.321  CFL_sgs= 0.007
NSTEP =        146   NCYCLE=  3  CFL_adv= 0.366  CFL_sgs= 0.008
NSTEP =        147   NCYCLE=  3  CFL_adv= 0.422  CFL_sgs= 0.008
 Collecting statistics...
 name QCSTRG is missing in "lst" file.
NSTEP =        148   NCYCLE=  4  CFL_adv= 0.373  CFL_sgs= 0.007
 DAY =   5.138888888888889E-002
 NSTEP=         148
 div:  1.040005139835619E-017 -5.528323025236672E-018
 SST=   305.000000000000     
 surface pressure=   1014.80000000000     
 u:  -2.98641942061315        2.98641941309263     
 v:  -2.98359633048360        2.98359637036271     
 w:  -1.05050622079909        6.92863225705166     
 p:  -11.4056035739805        21.7025184906065     
 t:   305.297264347142        479.270204987628     
 tabs:   208.123689851738        305.108623338895     
 qv:  4.609676446491621E-219  2.707126781305242E-002
 tke:  0.000000000000000E+000  4.830029348485644E-002
 tk:  0.000000000000000E+000   1.12122965589414     
 tkh:  0.000000000000000E+000   1.12122965589414     
 qcl:  0.000000000000000E+000  3.324132692912739E-003
 qci:  0.000000000000000E+000  0.000000000000000E+000
 qpl:  0.000000000000000E+000  2.435733783146036E-005
 qpi:  0.000000000000000E+000  0.000000000000000E+000
 qrad(K/day):  -39.5707034277360        5.48702977381443     
 shf: -0.927590211811795      -0.680672006811234     
 lhf:   16.0064374401847        48.9566366444777     
 uw: -4.827408204551517E-003  4.827408204415068E-003
 vw: -4.827249442044281E-003  4.827249453227911E-003
 sst:   305.000000000000        305.000000000000     
 ===========================
 total water budget:
 before (mm):         62.55075316186
 after (mm):          62.55132899254
 evaporation (mm):     0.00057583068
 precipitation (mm):   0.00000000000
 large-scale (mm):     0.00000000000
 Imbalance (mm)       0.00000000000
 evap (mm/day):   1.65839235026251     
 prec (mm/day):  0.000000000000000E+000
 ls (mm/day):  0.000000000000000E+000
 imbalance (mm/day) -9.912071163853399E-012
  imbalance (rel error):  0.000000000000000E+000
 ===========================
NSTEP =        149   NCYCLE=  4  CFL_adv= 0.408  CFL_sgs= 0.007
NSTEP =        150   NCYCLE=  4  CFL_adv= 0.465  CFL_sgs= 0.008
 Let's do some shortwave
 Range of zenith angles  0.732661695834013       0.732661695834013     
 Range of surface albedo (asdir)  3.383449086658900E-002  3.383449086658900E-002
 Range of surface albedo (aldir)  3.383449086658900E-002  3.383449086658900E-002
 Range of surface albedo (asdif)  6.000000000000000E-002  6.000000000000000E-002
 Range of surface albedo (aldif)  6.000000000000000E-002  6.000000000000000E-002
 radiation: perpetual sun, solin=   310.282739802939     
 longwave radiation is called
NSTEP =        151   NCYCLE=  5  CFL_adv= 0.441  CFL_sgs= 0.007
 Collecting statistics...
 name QCSTRG is missing in "lst" file.
NSTEP =        152   NCYCLE=  6  CFL_adv= 0.409  CFL_sgs= 0.006
 DAY =   5.277777777777778E-002
 NSTEP=         152
 div:  5.474062041862885E-018 -4.580832686829684E-018
 SST=   305.000000000000     
 surface pressure=   1014.80000000000     
 u:  -5.06025306156257        5.06025305565318     
 v:  -5.06604448974988        5.06604451858481     
 w:  -2.15000204406320        13.2846909496324     
 p:  -30.0789161038472        38.9400159474096     
 t:   305.290975576494        479.271763636315     
 tabs:   208.125070792818        305.104367857700     
 qv:  1.668080972309788E-217  2.708872640525894E-002
 tke:  0.000000000000000E+000   4.59266456673858     
 tk:  0.000000000000000E+000   32.1457674970433     
 tkh:  0.000000000000000E+000   32.1457674970433     
 qcl:  0.000000000000000E+000  4.627193303378794E-003
 qci:  0.000000000000000E+000  0.000000000000000E+000
 qpl:  0.000000000000000E+000  2.365065417700909E-004
 qpi:  0.000000000000000E+000  0.000000000000000E+000
 qrad(K/day):  -38.0680440367054        5.52757433388087     
 shf: -0.916122647256028      -0.680703136108967     
 lhf:   15.9142324340057        48.8126319195028     
 uw: -5.904600302118928E-003  5.904600285821298E-003
 vw: -5.906262656164779E-003  5.906262677533848E-003
 sst:   305.000000000000        305.000000000000     
 ===========================
 total water budget:
 before (mm):         62.55305387903
 after (mm):          62.55362796934
 evaporation (mm):     0.00057409030
 precipitation (mm):   0.00000000000
 large-scale (mm):     0.00000000000
 Imbalance (mm)      -0.00000000000
 evap (mm/day):   1.65338007301198     
 prec (mm/day):  0.000000000000000E+000
 ls (mm/day):  0.000000000000000E+000
 imbalance (mm/day) -1.119104808822158E-011
  imbalance (rel error): -1.135893726433261E-016
 ===========================
NSTEP =        153   NCYCLE=  6  CFL_adv= 0.475  CFL_sgs= 0.012
NSTEP =        154   NCYCLE=  7  CFL_adv= 0.434  CFL_sgs= 0.012
NSTEP =        155   NCYCLE=  7  CFL_adv= 0.478  CFL_sgs= 0.013
 Collecting statistics...
 name QCSTRG is missing in "lst" file.
NSTEP =        156   NCYCLE=  8  CFL_adv= 0.466  CFL_sgs= 0.013
 DAY =   5.416666666666667E-002
 NSTEP=         156
 div:  3.613776112038986E-018 -3.124806369822688E-018
 SST=   305.000000000000     
 surface pressure=   1014.80000000000     
 u:  -7.51307819219824        7.51307819109782     
 v:  -7.51268029090169        7.51268029809472     
 w:  -3.70035563497866        22.5954755655991     
 p:  -100.228050588674        58.3398131987784     
 t:   305.284558985953        479.273155432760     
 tabs:   208.126506381616        305.100243016883     
 qv:  2.239641841777062E-211  2.710625845342257E-002
 tke:  0.000000000000000E+000   12.0346606459902     
 tk:  0.000000000000000E+000   62.9915790516583     
 tkh:  0.000000000000000E+000   62.9915790516583     
 qcl:  0.000000000000000E+000  4.324509836314373E-003
 qci:  0.000000000000000E+000  0.000000000000000E+000
 qpl:  0.000000000000000E+000  2.395815928065672E-003
 qpi:  0.000000000000000E+000  0.000000000000000E+000
 qrad(K/day):  -38.0680440367054        5.52757433388087     
 shf: -0.905233896954027      -0.670204364648329     
 lhf:   15.8216892036245        48.6854925130868     
 uw: -5.748005785741391E-003  5.748005756763179E-003
 vw: -5.769798785662974E-003  5.769798819240212E-003
 sst:   305.000000000000        305.000000000000     
 ===========================
 total water budget:
 before (mm):         62.55534768593
 after (mm):          62.55592007785
 evaporation (mm):     0.00057239192
 precipitation (mm):   0.00000000000
 large-scale (mm):     0.00000000000
 Imbalance (mm)       0.00000000000
 evap (mm/day):   1.64848872726402     
 prec (mm/day):  0.000000000000000E+000
 ls (mm/day):  0.000000000000000E+000
 imbalance (mm/day)  3.005595772265224E-011
  imbalance (rel error):  1.135852106204842E-016
 ===========================
 Let's do some shortwave
 Range of zenith angles  0.732661695834013       0.732661695834013     
 Range of surface albedo (asdir)  3.383449086658900E-002  3.383449086658900E-002
 Range of surface albedo (aldir)  3.383449086658900E-002  3.383449086658900E-002
 Range of surface albedo (asdif)  6.000000000000000E-002  6.000000000000000E-002
 Range of surface albedo (aldif)  6.000000000000000E-002  6.000000000000000E-002
 radiation: perpetual sun, solin=   310.282739803202     
 longwave radiation is called
NSTEP =        157   NCYCLE=  9  CFL_adv= 0.432  CFL_sgs= 0.013
NSTEP =        158   NCYCLE=  9  CFL_adv= 0.445  CFL_sgs= 0.015
NSTEP =        159   NCYCLE=  9  CFL_adv= 0.458  CFL_sgs= 0.018
 Collecting statistics...
 name QCSTRG is missing in "lst" file.
NSTEP =        160   NCYCLE=  9  CFL_adv= 0.452  CFL_sgs= 0.018
 DAY =   5.555555555555555E-002
 NSTEP=         160
 div:  3.581138145120193E-018 -2.420120371200164E-018
 SST=   305.000000000000     
 surface pressure=   1014.80000000000     
 u:  -8.20395843041487        8.20395850845891     
 v:  -8.15933871103966        8.15933822418868     
 w:  -4.55128160211803        27.7567842581242     
 p:  -107.808832067330        69.2951928919846     
 t:   302.550189026358        479.274568852821     
 tabs:   208.127943517189        305.096070613456     
 qv:  5.131876635413114E-209  2.712329223128513E-002
 tke:  0.000000000000000E+000   25.6881797528673     
 tk:  0.000000000000000E+000   118.706071726653     
 tkh:  0.000000000000000E+000   118.706071726653     
 qcl:  0.000000000000000E+000  4.685289422243178E-003
 qci:  0.000000000000000E+000  2.828682063463157E-013
 qpl:  0.000000000000000E+000  6.329965414814571E-003
 qpi:  0.000000000000000E+000  0.000000000000000E+000
 qrad(K/day):  -42.0306156683904        5.14702162915040     
 shf: -0.894291911281710      -0.660144009544526     
 lhf:   15.7317848368323        48.5576911500376     
 uw: -6.623285833180206E-003  6.623285929081010E-003
 vw: -6.629806193033133E-003  6.629806178423450E-003
 sst:   305.000000000000        305.000000000000     
 ===========================
 total water budget:
 before (mm):         62.55763474875
 after (mm):          62.55820548081
 evaporation (mm):     0.00057073206
 precipitation (mm):   0.00000000000
 large-scale (mm):     0.00000000000
 Imbalance (mm)       0.00000000000
 evap (mm/day):   1.64370833801669     
 prec (mm/day):  0.000000000000000E+000
 ls (mm/day):  0.000000000000000E+000
 imbalance (mm/day)  1.662670001678634E-011
  imbalance (rel error):  1.135810610772773E-016
 ===========================
NSTEP =        161   NCYCLE=  9  CFL_adv= 0.448  CFL_sgs= 0.020
NSTEP =        162   NCYCLE=  9  CFL_adv= 0.448  CFL_sgs= 0.021
 Let's do some shortwave
 Range of zenith angles  0.732661695834013       0.732661695834013     
 Range of surface albedo (asdir)  3.383449086658900E-002  3.383449086658900E-002
 Range of surface albedo (aldir)  3.383449086658900E-002  3.383449086658900E-002
 Range of surface albedo (asdif)  6.000000000000000E-002  6.000000000000000E-002
 Range of surface albedo (aldif)  6.000000000000000E-002  6.000000000000000E-002
 radiation: perpetual sun, solin=   310.282739803474     
 longwave radiation is called
NSTEP =        163   NCYCLE=  9  CFL_adv= 0.448  CFL_sgs= 0.021
 Collecting statistics...
 name QCSTRG is missing in "lst" file.
NSTEP =        164   NCYCLE=  9  CFL_adv= 0.453  CFL_sgs= 0.022
 DAY =   5.694444444444444E-002
 NSTEP=         164
 div:  7.393977783035135E-018 -4.242583107914927E-018
 SST=   305.000000000000     
 surface pressure=   1014.80000000000     
 u:  -9.62916128481450        9.62916140235099     
 v:  -9.57235650307000        9.57235593776217     
 w:  -4.61770690813296        34.8843502829417     
 p:  -71.5842087187980        101.016229906955     
 t:   294.969013368274        479.276155473881     
 tabs:   208.129393704246        305.091844491867     
 qv:  4.193886274704755E-208  2.713929020962287E-002
 tke:  0.000000000000000E+000   35.9112530956689     
 tk:  0.000000000000000E+000   149.814996528362     
 tkh:  0.000000000000000E+000   149.814996528362     
 qcl:  0.000000000000000E+000  5.072414681526265E-003
 qci:  0.000000000000000E+000  4.014361842628449E-008
 qpl:  0.000000000000000E+000  1.296774642129140E-002
 qpi:  0.000000000000000E+000  0.000000000000000E+000
 qrad(K/day):  -51.3642118084817        6.81313523723911     
 shf: -0.883245493042996      -0.649931576416612     
 lhf:   15.6501513055286        48.4284027663978     
 uw: -6.861649300136973E-003  6.861649365019651E-003
 vw: -6.868560373848030E-003  6.868560354539113E-003
 sst:   305.000000000000        305.000000000000     
 ===========================
 total water budget:
 before (mm):         62.55991523260
 after (mm):          62.56048434167
 evaporation (mm):     0.00056911044
 precipitation (mm):   0.00000000138
 large-scale (mm):     0.00000000000
 Imbalance (mm)       0.00000000000
 evap (mm/day):   1.63903807650190     
 prec (mm/day):  3.966787845464372E-006
 ls (mm/day):  0.000000000000000E+000
 imbalance (mm/day) -4.169400123430870E-012
  imbalance (rel error):  0.000000000000000E+000
 ===========================
NSTEP =        165   NCYCLE= 10  CFL_adv= 0.444  CFL_sgs= 0.022
NSTEP =        166   NCYCLE= 11  CFL_adv= 0.456  CFL_sgs= 0.022
NSTEP =        167   NCYCLE= 12  CFL_adv= 0.454  CFL_sgs= 0.023
 Collecting statistics...
 name QCSTRG is missing in "lst" file.
NSTEP =        168   NCYCLE= 13  CFL_adv= 0.452  CFL_sgs= 0.023
 DAY =   5.833333333333333E-002
 NSTEP=         168
 div:  4.263569533003713E-018 -3.452649132553569E-018
 SST=   305.000000000000     
 surface pressure=   1014.80000000000     
 u:  -11.2082644755102        11.2082644752008     
 v:  -11.1922084483832        11.1922084499782     
 w:  -4.36402427494766        47.6357114447437     
 p:  -131.687275665258        126.965502554680     
 t:   294.124778970609        479.277761164687     
 tabs:   208.130840154137        305.087562266234     
 qv:  2.290161488975914E-207  2.715182442477641E-002
 tke:  0.000000000000000E+000   67.5405112420330     
 tk:  0.000000000000000E+000   205.457585711189     
 tkh:  0.000000000000000E+000   205.457585711189     
 qcl:  0.000000000000000E+000  4.347580636670251E-003
 qci:  0.000000000000000E+000  3.858722193033231E-003
 qpl:  0.000000000000000E+000  1.384767047215518E-002
 qpi:  0.000000000000000E+000  0.000000000000000E+000
 qrad(K/day):  -51.3642118084817        6.81313523723911     
 shf: -0.871953195203152      -0.639263755427852     
 lhf:   15.5946415544239        48.2955106535262     
 uw: -6.594248358990003E-003  6.594248435040145E-003
 vw: -6.606252661015668E-003  6.606252662710193E-003
 sst:   305.000000000000        305.000000000000     
 ===========================
 total water budget:
 before (mm):         62.56218926602
 after (mm):          62.56275678244
 evaporation (mm):     0.00056751902
 precipitation (mm):   0.00000000260
 large-scale (mm):     0.00000000000
 Imbalance (mm)       0.00000000000
 evap (mm/day):   1.63445479102787     
 prec (mm/day):  7.495138806893229E-006
 ls (mm/day):  0.000000000000000E+000
 imbalance (mm/day)  2.995333192332937E-011
  imbalance (rel error):  1.135727983073016E-016
 ===========================
 Let's do some shortwave
 Range of zenith angles  0.732661695834013       0.732661695834013     
 Range of surface albedo (asdir)  3.383449086658900E-002  3.383449086658900E-002
 Range of surface albedo (aldir)  3.383449086658900E-002  3.383449086658900E-002
 Range of surface albedo (asdif)  6.000000000000000E-002  6.000000000000000E-002
 Range of surface albedo (aldif)  6.000000000000000E-002  6.000000000000000E-002
 radiation: perpetual sun, solin=   310.282739803769     
 longwave radiation is called
NSTEP =        169   NCYCLE= 13  CFL_adv= 0.466  CFL_sgs= 0.023
NSTEP =        170   NCYCLE= 13  CFL_adv= 0.467  CFL_sgs= 0.023
NSTEP =        171   NCYCLE= 13  CFL_adv= 0.465  CFL_sgs= 0.022
 Collecting statistics...
 name QCSTRG is missing in "lst" file.
NSTEP =        172   NCYCLE= 13  CFL_adv= 0.460  CFL_sgs= 0.022
 DAY =   5.972222222222223E-002
 NSTEP=         172
 div:  5.268858399652979E-018 -3.976624820712933E-018
 SST=   305.000000000000     
 surface pressure=   1014.80000000000     
 u:  -11.5623849353622        11.5630703836469     
 v:  -11.5689938746720        11.5690915053202     
 w:  -2.88103943349837        45.3658368349616     
 p:  -58.7336892588029        72.7280419580964     
 t:   299.659920997247        479.278980131759     
 tabs:   208.132198917460        305.083230769300     
 qv:  1.378431807857529E-205  2.716010770611219E-002
 tke:  0.000000000000000E+000   61.8045359827172     
 tk:  0.000000000000000E+000   196.539652460256     
 tkh:  0.000000000000000E+000   196.539652460256     
 qcl:  0.000000000000000E+000  3.567106975774210E-003
 qci:  0.000000000000000E+000  7.517541300008796E-003
 qpl:  0.000000000000000E+000  1.323600648569453E-002
 qpi:  0.000000000000000E+000  0.000000000000000E+000
 qrad(K/day):  -74.3482713131182        9.11305977945712     
 shf: -0.860622309991313      -0.627789949686069     
 lhf:   15.5740644145650        48.1611413843512     
 uw: -6.458626144532552E-003  6.458626161210749E-003
 vw: -6.448439385837784E-003  6.448440084886466E-003
 sst:   305.000000000000        305.000000000000     
 ===========================
 total water budget:
 before (mm):         62.56445698214
 after (mm):          62.56502290861
 evaporation (mm):     0.00056596801
 precipitation (mm):   0.00000004154
 large-scale (mm):     0.00000000000
 Imbalance (mm)       0.00000000000
 evap (mm/day):   1.62998788107522     
 prec (mm/day):  1.196461732880260E-004
 ls (mm/day):  0.000000000000000E+000
 imbalance (mm/day)  1.598638099644582E-011
  imbalance (rel error):  0.000000000000000E+000
 ===========================
NSTEP =        173   NCYCLE= 13  CFL_adv= 0.450  CFL_sgs= 0.022
NSTEP =        174   NCYCLE= 13  CFL_adv= 0.442  CFL_sgs= 0.021
 Let's do some shortwave
 Range of zenith angles  0.732661695834013       0.732661695834013     
 Range of surface albedo (asdir)  3.383449086658900E-002  3.383449086658900E-002
 Range of surface albedo (aldir)  3.383449086658900E-002  3.383449086658900E-002
 Range of surface albedo (asdif)  6.000000000000000E-002  6.000000000000000E-002
 Range of surface albedo (aldif)  6.000000000000000E-002  6.000000000000000E-002
 radiation: perpetual sun, solin=   310.282739804098     
 longwave radiation is called
NSTEP =        175   NCYCLE= 14  CFL_adv= 0.453  CFL_sgs= 0.022
 Collecting statistics...
 name QCSTRG is missing in "lst" file.
NSTEP =        176   NCYCLE= 14  CFL_adv= 0.471  CFL_sgs= 0.020
 DAY =   6.111111111111111E-002
 NSTEP=         176
 div:  5.121751045756076E-018 -3.530149956241812E-018
 SST=   305.000000000000     
 surface pressure=   1014.80000000000     
 u:  -14.4676768990395        14.4675726808977     
 v:  -14.4677123245499        14.4677305311606     
 w:  -1.68048855954295        49.6490410927681     
 p:  -31.2733704518044        52.7156806956477     
 t:   297.789701841364        479.280096005933     
 tabs:   196.432416848534        305.079294351074     
 qv:  1.150079122235098E-202  2.716343901244251E-002
 tke:  0.000000000000000E+000   83.5497199394006     
 tk:  0.000000000000000E+000   228.513839760583     
 tkh:  0.000000000000000E+000   228.513839760583     
 qcl:  0.000000000000000E+000  2.535407095948191E-003
 qci:  0.000000000000000E+000  1.023518455247930E-002
 qpl:  0.000000000000000E+000  1.281649852207469E-002
 qpi:  0.000000000000000E+000  0.000000000000000E+000
 qrad(K/day):  -69.2909758030706        10.3603784374126     
 shf: -0.849936645285821       0.131576880902341     
 lhf:   15.6215876217664        48.0244370872086     
 uw: -6.327632096464750E-003  6.327629005601304E-003
 vw: -6.309868585507697E-003  6.309869977861348E-003
 sst:   305.000000000000        305.000000000000     
 ===========================
 total water budget:
 before (mm):         62.56671698798
 after (mm):          62.56727949447
 evaporation (mm):     0.00056442758
 precipitation (mm):   0.00000192109
 large-scale (mm):     0.00000000000
 Imbalance (mm)      -0.00000000000
 evap (mm/day):   1.62555142696778     
 prec (mm/day):  5.532750553979639E-003
 ls (mm/day):  0.000000000000000E+000
 imbalance (mm/day) -3.297881865055134E-011
  imbalance (rel error): -2.271291772636361E-016
 ===========================
NSTEP =        177   NCYCLE= 13  CFL_adv= 0.478  CFL_sgs= 0.025
NSTEP =        178   NCYCLE= 13  CFL_adv= 0.464  CFL_sgs= 0.023
NSTEP =        179   NCYCLE= 13  CFL_adv= 0.474  CFL_sgs= 0.023
 Collecting statistics...
 name QCSTRG is missing in "lst" file.
 Writting statistics:nstatsteps=          15
 --------------- ISCCP Simulator Diagnostics: -----------------
 ISCCP PDF:
            0.0       0.3       1.3       3.6       9.4      23.0      60.0
    0.     0.000     0.000     0.000     0.000     0.000     0.000     0.000
  180.     0.000     0.000     0.000     0.000     0.000     0.000     0.000
  310.     0.000     0.000     0.000     0.000     0.000     0.000     0.000
  440.     0.000     0.000     0.000     0.000     0.000     0.000     0.000
  560.     0.000     0.000     0.000     0.000     0.000     0.000     0.000
  680.     0.000     0.000     0.000     0.000     0.000     0.000     0.000
  800.     0.000     0.000     0.000     0.000     0.000     0.000     0.000
 low cld area (tau > 0.3)=  0.000000000000000E+000
 mid cld area (tau > 0.3)=  0.000000000000000E+000
 hgh cld area (tau > 0.3)=  0.000000000000000E+000
 total cld area (tau > 0.3)=  0.000000000000000E+000
 mean albedo cld (tau > 0.3)   -1.00000000000000     
 mean tau cld (tau > 0.3)   -1.00000000000000     
 mean top pressure (tau > 0.3)  -1.00000000000000     
 mean brightness temp (tau > 0.3)  -1.00000000000000     
 mean clearsky brightness temp (tau > 0.3)  -1.00000000000000     
 --------------- MODIS Simulator Diagnostics: -----------------
 MODIS PDF:
                      0.3       1.3       3.6       9.4      23.0      60.0
    0.               0.000     0.000     0.000     0.000     0.000     0.000
  180.               0.000     0.000     0.000     0.000     0.000     0.000
  310.               0.000     0.000     0.000     0.000     0.000     0.000
  440.               0.000     0.000     0.000     0.000     0.000     0.000
  560.               0.000     0.000     0.000     0.000     0.000     0.000
  680.               0.000     0.000     0.000     0.000     0.000     0.000
  800.               0.000     0.000     0.000     0.000     0.000     0.000
 low cld area =  0.000000000000000E+000
 mid cld area =  0.000000000000000E+000
 hgh cld area =  0.000000000000000E+000
 total cld area =  0.000000000000000E+000
 mean tau cld   -1.00000000000000     
 mean top pressure   -1.00000000000000     
 total cld area (liquid) =  0.000000000000000E+000
 total cld area (ice) =  0.000000000000000E+000
 mean tau (liquid) =  0.000000000000000E+000
 mean tau (ice) =  0.000000000000000E+000
 mean lwp (g/m2) =  0.000000000000000E+000
 mean iwp (g/m2) =  0.000000000000000E+000
 mean reff (liquid)  =  0.000000000000000E+000
 mean reff (ice)  =  0.000000000000000E+000
 --------------- MISR Simulator Diagnostics: -----------------
 MISR PDF:
            0.0       0.3       1.3       3.6       9.4      23.0      60.0
 99.00     0.000     0.000     0.000     0.000     0.000     0.000     0.000
 17.00     0.000     0.000     0.000     0.000     0.000     0.000     0.000
 15.00     0.000     0.000     0.000     0.000     0.000     0.000     0.000
 13.00     0.000     0.000     0.000     0.000     0.000     0.000     0.000
 11.00     0.000     0.000     0.000     0.000     0.000     0.000     0.000
  9.00     0.000     0.000     0.000     0.000     0.000     0.000     0.000
  7.00     0.000     0.000     0.000     0.000     0.000     0.000     0.000
  5.00     0.000     0.000     0.000     0.000     0.000     0.000     0.000
  4.00     0.000     0.000     0.000     0.000     0.000     0.000     0.000
  3.00     0.000     0.000     0.000     0.000     0.000     0.000     0.000
  2.50     0.000     0.000     0.000     0.000     0.000     0.000     0.000
  2.00     0.000     0.000     0.000     0.000     0.000     0.000     0.000
  1.50     0.000     0.000     0.000     0.000     0.000     0.000     0.000
  1.00     0.000     0.000     0.000     0.000     0.000     0.000     0.000
  0.50     0.000     0.000     0.000     0.000     0.000     0.000     0.000
  0.00     0.000     0.000     0.000     0.000     0.000     0.000     0.000
 total cld area =  0.000000000000000E+000
 mean top height (m)  0.000000000000000E+000
 Writting history file 
 rcemip305sst_160_MaxIce20_2dry3km                                              
  
NSTEP =        180   NCYCLE= 14  CFL_adv= 0.447  CFL_sgs= 0.018
 DAY =   6.250000000000000E-002
 NSTEP=         180
 div:  3.888320325861405E-018 -2.483043447478808E-018
 SST=   305.000000000000     
 surface pressure=   1014.80000000000     
 u:  -12.8158822605872        12.8146534309367     
 v:  -12.7900970233724        12.7900873380824     
 w:  -8.07109384247768        47.4109609222996     
 p:  -24.4128312241300        64.3336356499771     
 t:   294.487496526213        479.282966185956     
 tabs:   188.879137339158        305.075463019559     
 qv:  1.055103355923648E-197  2.716358365972025E-002
 tke:  0.000000000000000E+000   72.9816096338089     
 tk:  0.000000000000000E+000   213.573186568751     
 tkh:  0.000000000000000E+000   213.573186568751     
 qcl:  0.000000000000000E+000  1.448532632759303E-003
 qci:  0.000000000000000E+000  1.162401662362540E-002
 qpl:  0.000000000000000E+000  1.307322224862076E-002
 qpi:  0.000000000000000E+000  0.000000000000000E+000
 qrad(K/day):  -69.2909758030706        10.3603784374126     
 shf: -0.839953650719070        1.77197896000743     
 lhf:   16.5149529645179        47.8863020914177     
 uw: -6.159793578064062E-003  6.159789648540593E-003
 vw: -6.139906115280163E-003  6.139903273408615E-003
 sst:   305.000000000000        305.000000000000     
 ===========================
 total water budget:
 before (mm):         62.56895707198
 after (mm):          62.56951200442
 evaporation (mm):     0.00056286923
 precipitation (mm):   0.00000793711
 large-scale (mm):     0.00000000000
 Imbalance (mm)       0.00000000032
 evap (mm/day):   1.62106337153585     
 prec (mm/day):  2.285886362935397E-002
 ls (mm/day):  0.000000000000000E+000
 imbalance (mm/day)  9.207363208533137E-007
  imbalance (rel error):  5.109542783477794E-012
 ===========================
CPU TIME =     224.2211 OVER     0.50 MODEL HOURS
 Let's do some shortwave
 Range of zenith angles  0.732661695834013       0.732661695834013     
 Range of surface albedo (asdir)  3.383449086658900E-002  3.383449086658900E-002
 Range of surface albedo (aldir)  3.383449086658900E-002  3.383449086658900E-002
 Range of surface albedo (asdif)  6.000000000000000E-002  6.000000000000000E-002
 Range of surface albedo (aldif)  6.000000000000000E-002  6.000000000000000E-002
 radiation: perpetual sun, solin=   310.282739804460     
 longwave radiation is called
NSTEP =        181   NCYCLE= 13  CFL_adv= 0.465  CFL_sgs= 0.024
NSTEP =        182   NCYCLE= 13  CFL_adv= 0.453  CFL_sgs= 0.027
NSTEP =        183   NCYCLE= 13  CFL_adv= 0.452  CFL_sgs= 0.025
 Collecting statistics...
 name QCSTRG is missing in "lst" file.
NSTEP =        184   NCYCLE= 13  CFL_adv= 0.458  CFL_sgs= 0.022
 DAY =   6.388888888888888E-002
 NSTEP=         184
 div:  5.440969572941483E-018 -3.717486454956769E-018
 SST=   305.000000000000     
 surface pressure=   1014.80000000000     
 u:  -20.4804957830204        20.4851852278193     
 v:  -20.4348246213663        20.4351652631481     
 w:  -11.5184063303354        48.0081907841215     
 p:  -41.1824415055237        39.2262871978313     
 t:   291.319704871520        479.281429691517     
 tabs:   188.849054297575        305.071748412718     
 qv:  9.455904437590382E-194  2.721197387178093E-002
 tke:  0.000000000000000E+000   88.0110909706310     
 tk:  0.000000000000000E+000   209.545761133995     
 tkh:  0.000000000000000E+000   209.545761133995     
 qcl:  0.000000000000000E+000  1.922173919752397E-003
 qci:  0.000000000000000E+000  1.145051970767207E-002
 qpl:  0.000000000000000E+000  1.261142016269944E-002
 qpi:  0.000000000000000E+000  0.000000000000000E+000
 qrad(K/day):  -81.7081220199275        27.0390158841186     
 shf: -0.830069581683144        21.0513040059066     
 lhf:   17.9951865635728        47.7469383566005     
 uw: -6.090355986592300E-003  6.090325651345482E-003
 vw: -6.108741003131133E-003  6.108715613982339E-003
 sst:   305.000000000000        305.000000000000     
 ===========================
 total water budget:
 before (mm):         62.57111404819
 after (mm):          62.57162482755
 evaporation (mm):     0.00056127225
 precipitation (mm):   0.00005049322
 large-scale (mm):     0.00000000000
 Imbalance (mm)       0.00000000032
 evap (mm/day):   1.61646409234155     
 prec (mm/day):  0.145420471548342     
 ls (mm/day):  0.000000000000000E+000
 imbalance (mm/day)  9.340598420507635E-007
  imbalance (rel error):  5.183295665272416E-012
 ===========================
NSTEP =        185   NCYCLE= 13  CFL_adv= 0.470  CFL_sgs= 0.023
NSTEP =        186   NCYCLE= 14  CFL_adv= 0.447  CFL_sgs= 0.024
 Let's do some shortwave
 Range of zenith angles  0.732661695834013       0.732661695834013     
 Range of surface albedo (asdir)  3.383449086658900E-002  3.383449086658900E-002
 Range of surface albedo (aldir)  3.383449086658900E-002  3.383449086658900E-002
 Range of surface albedo (asdif)  6.000000000000000E-002  6.000000000000000E-002
 Range of surface albedo (aldif)  6.000000000000000E-002  6.000000000000000E-002
 radiation: perpetual sun, solin=   310.282739804853     
 longwave radiation is called
NSTEP =        187   NCYCLE= 13  CFL_adv= 0.474  CFL_sgs= 0.027
 Collecting statistics...
 name QCSTRG is missing in "lst" file.
NSTEP =        188   NCYCLE= 13  CFL_adv= 0.454  CFL_sgs= 0.022
 DAY =   6.527777777777778E-002
 NSTEP=         188
 div:  4.517074710080643E-018 -4.255525929598685E-018
 SST=   305.000000000000     
 surface pressure=   1014.80000000000     
 u:  -21.9544998405961        21.8990565737914     
 v:  -22.7471789781846        22.7247651209377     
 w:  -9.73778594949105        45.8438183433874     
 p:  -65.3666155156575        66.8730198523757     
 t:   290.672685007645        479.284739051848     
 tabs:   188.442901276671        305.068148340760     
 qv:  2.564390841128361E-190  2.740862367592656E-002
 tke:  0.000000000000000E+000   57.3666493398336     
 tk:  0.000000000000000E+000   189.351936450082     
 tkh:  0.000000000000000E+000   189.351936450082     
 qcl:  0.000000000000000E+000  3.141088948242149E-003
 qci:  0.000000000000000E+000  1.186263657508537E-002
 qpl:  0.000000000000000E+000  1.298322791151183E-002
 qpi:  0.000000000000000E+000  0.000000000000000E+000
 qrad(K/day):  -107.264463492709        44.5090871973655     
 shf: -0.820703569578041        39.1294811370298     
 lhf:   18.7533804012818        47.6057603577046     
 uw: -8.764831309527033E-003  8.764797662908084E-003
 vw: -9.089070635417579E-003  9.089100904891182E-003
 sst:   305.000000000000        305.000000000000     
 ===========================
 total water budget:
 before (mm):         62.57313190599
 after (mm):          62.57363211021
 evaporation (mm):     0.00055964846
 precipitation (mm):   0.00005944455
 large-scale (mm):     0.00000000000
 Imbalance (mm)       0.00000000030
 evap (mm/day):   1.61178756582384     
 prec (mm/day):  0.171200290981589     
 ls (mm/day):  0.000000000000000E+000
 imbalance (mm/day)  8.672666861617509E-007
  imbalance (rel error):  4.812492206175882E-012
 ===========================
NSTEP =        189   NCYCLE= 13  CFL_adv= 0.449  CFL_sgs= 0.021
NSTEP =        190   NCYCLE= 12  CFL_adv= 0.479  CFL_sgs= 0.021
NSTEP =        191   NCYCLE= 12  CFL_adv= 0.467  CFL_sgs= 0.020
 Collecting statistics...
 name QCSTRG is missing in "lst" file.
NSTEP =        192   NCYCLE= 12  CFL_adv= 0.456  CFL_sgs= 0.020
 DAY =   6.666666666666667E-002
 NSTEP=         192
 div:  7.295131066366991E-018 -4.471989295522634E-018
 SST=   305.000000000000     
 surface pressure=   1014.80000000000     
 u:  -18.4944082904472        18.5643736064934     
 v:  -18.2994073696007        18.3142647016558     
 w:  -11.7665572499083        43.5287106133121     
 p:  -101.179839632298        89.3799215575934     
 t:   288.703165608144        479.287881641598     
 tabs:   190.640114025341        305.064480084613     
 qv:  3.875890384755481E-187  2.764352382436453E-002
 tke:  0.000000000000000E+000   127.923042435747     
 tk:  0.000000000000000E+000   282.757672791282     
 tkh:  0.000000000000000E+000   282.757672791282     
 qcl:  0.000000000000000E+000  4.832337648652239E-003
 qci:  0.000000000000000E+000  1.086972464824685E-002
 qpl:  0.000000000000000E+000  1.363676773771098E-002
 qpi:  0.000000000000000E+000  0.000000000000000E+000
 qrad(K/day):  -107.264463492709        44.5090871973655     
 shf: -0.811170370505087        49.2897692126586     
 lhf:   17.7493383657630        47.4662299373864     
 uw: -1.812079889149989E-002  1.812098259794108E-002
 vw: -1.881020558225417E-002  1.881053023135327E-002
 sst:   305.000000000000        305.000000000000     
 ===========================
 total water budget:
 before (mm):         62.57512752098
 after (mm):          62.57562182423
 evaporation (mm):     0.00055805641
 precipitation (mm):   0.00006375316
 large-scale (mm):     0.00000000000
 Imbalance (mm)       0.00000000000
 evap (mm/day):   1.60720245593847     
 prec (mm/day):  0.183609089206449     
 ls (mm/day):  0.000000000000000E+000
 imbalance (mm/day) -1.740802814398368E-011
  imbalance (rel error):  0.000000000000000E+000
 ===========================
 Let's do some shortwave
 Range of zenith angles  0.732661695834013       0.732661695834013     
 Range of surface albedo (asdir)  3.383449086658900E-002  3.383449086658900E-002
 Range of surface albedo (aldir)  3.383449086658900E-002  3.383449086658900E-002
 Range of surface albedo (asdif)  6.000000000000000E-002  6.000000000000000E-002
 Range of surface albedo (aldif)  6.000000000000000E-002  6.000000000000000E-002
 radiation: perpetual sun, solin=   310.282739805262     
 longwave radiation is called
NSTEP =        193   NCYCLE= 12  CFL_adv= 0.454  CFL_sgs= 0.034
NSTEP =        194   NCYCLE= 12  CFL_adv= 0.452  CFL_sgs= 0.020
NSTEP =        195   NCYCLE= 12  CFL_adv= 0.447  CFL_sgs= 0.021
 Collecting statistics...
 name QCSTRG is missing in "lst" file.
NSTEP =        196   NCYCLE= 12  CFL_adv= 0.440  CFL_sgs= 0.022
 DAY =   6.805555555555555E-002
 NSTEP=         196
 div:  7.036278385667393E-018 -5.695032667131529E-018
 SST=   305.000000000000     
 surface pressure=   1014.80000000000     
 u:  -14.9634513783061        14.9269497554539     
 v:  -15.0975866834970        15.0819801019814     
 w:  -9.49637630037931        42.9467298390050     
 p:  -85.3714334277263        84.3924830546120     
 t:   288.881543619622        479.288105476133     
 tabs:   194.687883879278        305.060733092047     
 qv:  1.083792526121198E-186  2.790255437367848E-002
 tke:  0.000000000000000E+000   53.5219650486766     
 tk:  0.000000000000000E+000   182.896769122428     
 tkh:  0.000000000000000E+000   182.896769122428     
 qcl:  0.000000000000000E+000  5.453366751501926E-003
 qci:  0.000000000000000E+000  9.849594395656878E-003
 qpl:  0.000000000000000E+000  1.437779702143707E-002
 qpi:  0.000000000000000E+000  0.000000000000000E+000
 qrad(K/day):  -129.376274269409        58.5587155521145     
 shf: -0.801409338821581        48.7509280978580     
 lhf:   15.6115211697308        48.3709256655612     
 uw: -3.019199167535359E-002  3.019318129533755E-002
 vw: -3.013753812688138E-002  3.013801982660311E-002
 sst:   305.000000000000        305.000000000000     
 ===========================
 total water budget:
 before (mm):         62.57708892984
 after (mm):          62.57757287955
 evaporation (mm):     0.00055655942
 precipitation (mm):   0.00007260971
 large-scale (mm):     0.00000000000
 Imbalance (mm)       0.00000000000
 evap (mm/day):   1.60289112814034     
 prec (mm/day):  0.209115977875058     
 ls (mm/day):  0.000000000000000E+000
 imbalance (mm/day)  1.189497719072952E-011
  imbalance (rel error):  1.135459083924211E-016
 ===========================
NSTEP =        197   NCYCLE= 12  CFL_adv= 0.460  CFL_sgs= 0.022
NSTEP =        198   NCYCLE= 13  CFL_adv= 0.465  CFL_sgs= 0.019
 Let's do some shortwave
 Range of zenith angles  0.732661695834013       0.732661695834013     
 Range of surface albedo (asdir)  3.383449086658900E-002  3.383449086658900E-002
 Range of surface albedo (aldir)  3.383449086658900E-002  3.383449086658900E-002
 Range of surface albedo (asdif)  6.000000000000000E-002  6.000000000000000E-002
 Range of surface albedo (aldif)  6.000000000000000E-002  6.000000000000000E-002
 radiation: perpetual sun, solin=   310.282739805654     
 longwave radiation is called
NSTEP =        199   NCYCLE= 14  CFL_adv= 0.461  CFL_sgs= 0.018
 Collecting statistics...
 name QCSTRG is missing in "lst" file.
NSTEP =        200   NCYCLE= 14  CFL_adv= 0.479  CFL_sgs= 0.021
 DAY =   6.944444444444445E-002
 NSTEP=         200
 div:  7.223270815396112E-018 -3.775921567077966E-018
 SST=   305.000000000000     
 surface pressure=   1014.80000000000     
 u:  -14.7861197956741        14.7112869086436     
 v:  -14.4756475966363        14.5521309597180     
 w:  -7.29339074331106        51.9434315470204     
 p:  -70.7329254898348        74.7898700284561     
 t:   289.320338913624        479.291647448696     
 tabs:   194.251259582844        305.204791846430     
 qv:  2.312879799198092E-185  2.733875951357580E-002
 tke:  0.000000000000000E+000   59.7058690713128     
 tk:  0.000000000000000E+000   185.724827266184     
 tkh:  0.000000000000000E+000   185.724827266184     
 qcl:  0.000000000000000E+000  5.414485327086303E-003
 qci:  0.000000000000000E+000  1.234946897589821E-002
 qpl:  0.000000000000000E+000  1.207321377065339E-002
 qpi:  0.000000000000000E+000  0.000000000000000E+000
 qrad(K/day):  -118.651142354872        51.7109884322554     
 shf: -0.791366455656493        72.4287338648248     
 lhf:   20.7654595632817        75.3787612452301     
 uw: -7.824689638812173E-002  7.825477548074190E-002
 vw: -8.272716199063747E-002  8.272738727013748E-002
 sst:   305.000000000000        305.000000000000     
 ===========================
 total water budget:
 before (mm):         62.57901087377
 after (mm):          62.57948558997
 evaporation (mm):     0.00055515012
 precipitation (mm):   0.00008043409
 large-scale (mm):     0.00000000000
 Imbalance (mm)       0.00000000017
 evap (mm/day):   1.59883235211339     
 prec (mm/day):  0.231650191929024     
 ls (mm/day):  0.000000000000000E+000
 imbalance (mm/day)  4.800671186749525E-007
  imbalance (rel error):  2.663705593579507E-012
 ===========================
NSTEP =        201   NCYCLE= 15  CFL_adv= 0.451  CFL_sgs= 0.018
NSTEP =        202   NCYCLE= 14  CFL_adv= 0.473  CFL_sgs= 0.023
NSTEP =        203   NCYCLE= 13  CFL_adv= 0.473  CFL_sgs= 0.031
 Collecting statistics...
 name QCSTRG is missing in "lst" file.
NSTEP =        204   NCYCLE= 13  CFL_adv= 0.452  CFL_sgs= 0.034
 DAY =   7.083333333333333E-002
 NSTEP=         204
 div:  8.225116844972139E-018 -6.357064783432381E-018
 SST=   305.000000000000     
 surface pressure=   1014.80000000000     
 u:  -17.7493115965422        17.5340193044883     
 v:  -25.1136707518921        24.9208891725115     
 w:  -8.98996646672348        41.9710045310119     
 p:  -68.6601881382003        98.1393263779481     
 t:   290.380307183510        479.292357191741     
 tabs:   191.015204892028        305.255381414984     
 qv:  6.272943716766210E-183  2.703245266624137E-002
 tke:  0.000000000000000E+000   74.5920658398654     
 tk:  0.000000000000000E+000   215.916745876544     
 tkh:  0.000000000000000E+000   215.916745876544     
 qcl:  0.000000000000000E+000  4.084065713763684E-003
 qci:  0.000000000000000E+000  1.262685653523917E-002
 qpl:  0.000000000000000E+000  1.163434168921288E-002
 qpi:  0.000000000000000E+000  0.000000000000000E+000
 qrad(K/day):  -118.651142354872        51.7109884322554     
 shf: -0.781113137257328        115.568305769774     
 lhf:   20.4832569161274        292.863333704129     
 uw: -0.302982607251428       0.303034051341491     
 vw: -0.322436541869776       0.322423042937791     
 sst:   305.000000000000        305.000000000000     
 ===========================
 total water budget:
 before (mm):         62.58090339185
 after (mm):          62.58137972727
 evaporation (mm):     0.00055395500
 precipitation (mm):   0.00007761989
 large-scale (mm):     0.00000000000
 Imbalance (mm)       0.00000000031
 evap (mm/day):   1.59539039747337     
 prec (mm/day):  0.223545278523764     
 ls (mm/day):  0.000000000000000E+000
 imbalance (mm/day)  8.866296978635863E-007
  imbalance (rel error):  4.919417850674019E-012
 ===========================
 Let's do some shortwave
 Range of zenith angles  0.732661695834013       0.732661695834013     
 Range of surface albedo (asdir)  3.383449086658900E-002  3.383449086658900E-002
 Range of surface albedo (aldir)  3.383449086658900E-002  3.383449086658900E-002
 Range of surface albedo (asdif)  6.000000000000000E-002  6.000000000000000E-002
 Range of surface albedo (aldif)  6.000000000000000E-002  6.000000000000000E-002
 radiation: perpetual sun, solin=   310.282739805981     
 longwave radiation is called
NSTEP =        205   NCYCLE= 12  CFL_adv= 0.472  CFL_sgs= 0.041
NSTEP =        206   NCYCLE= 12  CFL_adv= 0.440  CFL_sgs= 0.045
NSTEP =        207   NCYCLE= 10  CFL_adv= 0.461  CFL_sgs= 0.053
 Collecting statistics...
 name QCSTRG is missing in "lst" file.
NSTEP =        208   NCYCLE= 11  CFL_adv= 0.446  CFL_sgs= 0.041
 DAY =   7.222222222222222E-002
 NSTEP=         208
 div:  1.135428302105075E-017 -9.048690166191913E-018
 SST=   305.000000000000     
 surface pressure=   1014.80000000000     
 u:  -16.1475210211700        15.7884105884798     
 v:  -20.8874299692298        21.6290548120317     
 w:  -16.0041196666667        36.2909834281966     
 p:  -100.446107871142        147.588806952330     
 t:   291.400991481483        479.297069789504     
 tabs:   195.428997928622        305.434775947728     
 qv:  1.611292696101476E-175  2.664069739781268E-002
 tke:  0.000000000000000E+000   32.9682258118717     
 tk:  0.000000000000000E+000   143.544909810205     
 tkh:  0.000000000000000E+000   143.544909810205     
 qcl:  0.000000000000000E+000  4.298924863228070E-003
 qci:  0.000000000000000E+000  1.320220503119630E-002
 qpl:  0.000000000000000E+000  1.388208334808176E-002
 qpi:  0.000000000000000E+000  0.000000000000000E+000
 qrad(K/day):  -87.9190963560518        83.3727907947825     
 shf: -0.770673542062836        66.5178917991849     
 lhf:   21.2494294551520        466.138393241674     
 uw: -0.162490149023005       0.162512579483729     
 vw: -0.160428070071562       0.160421612202391     
 sst:   305.000000000000        305.000000000000     
 ===========================
 total water budget:
 before (mm):         62.58283620143
 after (mm):          62.58332725712
 evaporation (mm):     0.00055314655
 precipitation (mm):   0.00006209117
 large-scale (mm):     0.00000000000
 Imbalance (mm)       0.00000000031
 evap (mm/day):   1.59306205766249     
 prec (mm/day):  0.178822565216202     
 ls (mm/day):  0.000000000000000E+000
 imbalance (mm/day)  8.872805429835720E-007
  imbalance (rel error):  4.922784362878175E-012
 ===========================
NSTEP =        209   NCYCLE= 11  CFL_adv= 0.468  CFL_sgs= 0.033
NSTEP =        210   NCYCLE= 12  CFL_adv= 0.451  CFL_sgs= 0.028
 Let's do some shortwave
 Range of zenith angles  0.732661695834013       0.732661695834013     
 Range of surface albedo (asdir)  3.383449086658900E-002  3.383449086658900E-002
 Range of surface albedo (aldir)  3.383449086658900E-002  3.383449086658900E-002
 Range of surface albedo (asdif)  6.000000000000000E-002  6.000000000000000E-002
 Range of surface albedo (aldif)  6.000000000000000E-002  6.000000000000000E-002
 radiation: perpetual sun, solin=   310.282739806169     
 longwave radiation is called
NSTEP =        211   NCYCLE= 12  CFL_adv= 0.464  CFL_sgs= 0.031
 Collecting statistics...
 name QCSTRG is missing in "lst" file.
NSTEP =        212   NCYCLE= 12  CFL_adv= 0.471  CFL_sgs= 0.036
 DAY =   7.361111111111111E-002
 NSTEP=         212
 div:  1.177627722185704E-017 -8.411441322789874E-018
 SST=   305.000000000000     
 surface pressure=   1014.80000000000     
 u:  -21.3698311020049        21.3947570884148     
 v:  -17.0895346877826        17.2764220293962     
 w:  -11.8475779498504        41.2429064589527     
 p:  -118.412378205070        170.441322030993     
 t:   290.806641926690        479.298928759540     
 tabs:   202.679706966339        305.129097935631     
 qv:  5.163761241517605E-173  2.642097039887354E-002
 tke:  0.000000000000000E+000   54.2456757201109     
 tk:  0.000000000000000E+000   184.129159355788     
 tkh:  0.000000000000000E+000   184.129159355788     
 qcl:  0.000000000000000E+000  6.212308183958201E-003
 qci:  0.000000000000000E+000  1.471469023302761E-002
 qpl:  0.000000000000000E+000  1.486177296486711E-002
 qpi:  0.000000000000000E+000  0.000000000000000E+000
 qrad(K/day):  -107.583281636035        87.7273274052517     
 shf: -0.786842824537260        66.8668213705022     
 lhf:   22.4964217451557        373.854012265380     
 uw: -0.231628760206413       0.231550938866547     
 vw: -0.277192727724857       0.277183624016858     
 sst:   305.000000000000        305.000000000000     
 ===========================
 total water budget:
 before (mm):         62.58479660192
 after (mm):          62.58528452320
 evaporation (mm):     0.00055201013
 precipitation (mm):   0.00006408947
 large-scale (mm):     0.00000000000
 Imbalance (mm)       0.00000000062
 evap (mm/day):   1.58978917748730     
 prec (mm/day):  0.184577669325824     
 ls (mm/day):  0.000000000000000E+000
 imbalance (mm/day)  1.791165059475755E-006
  imbalance (rel error):  9.937335204618259E-012
 ===========================
NSTEP =        213   NCYCLE= 13  CFL_adv= 0.454  CFL_sgs= 0.037
NSTEP =        214   NCYCLE= 13  CFL_adv= 0.476  CFL_sgs= 0.040
NSTEP =        215   NCYCLE= 13  CFL_adv= 0.478  CFL_sgs= 0.041
 Collecting statistics...
 name QCSTRG is missing in "lst" file.
NSTEP =        216   NCYCLE= 13  CFL_adv= 0.475  CFL_sgs= 0.041
 DAY =   7.500000000000000E-002
 NSTEP=         216
 div:  1.122566036234016E-017 -1.143158920681245E-017
 SST=   305.000000000000     
 surface pressure=   1014.80000000000     
 u:  -33.8505284419461        35.4868705878482     
 v:  -27.8003392345030        28.0513836350171     
 w:  -13.1586478618676        43.7900862742734     
 p:  -100.583826962388        173.860830851297     
 t:   293.521378004938        479.301598252232     
 tabs:   199.997431220200        306.692480804875     
 qv:  2.755149398834372E-169  2.629710912907012E-002
 tke:  0.000000000000000E+000   70.4588023551869     
 tk:  0.000000000000000E+000   209.849354232964     
 tkh:  0.000000000000000E+000   209.849354232964     
 qcl:  0.000000000000000E+000  2.992182863811056E-003
 qci:  0.000000000000000E+000  1.451903051150163E-002
 qpl:  0.000000000000000E+000  1.081647273903133E-002
 qpi:  0.000000000000000E+000  0.000000000000000E+000
 qrad(K/day):  -107.583281636035        87.7273274052517     
 shf: -0.917860317464404        60.5892223481509     
 lhf:   23.1797433002473        383.062407960257     
 uw: -0.248237599356908       0.248031871426706     
 vw: -0.338988631359326       0.339030558630386     
 sst:   305.000000000000        305.000000000000     
 ===========================
 total water budget:
 before (mm):         62.58675159608
 after (mm):          62.58724705831
 evaporation (mm):     0.00055076466
 precipitation (mm):   0.00005530805
 large-scale (mm):     0.00000000000
 Imbalance (mm)       0.00000000562
 evap (mm/day):   1.58620223032592     
 prec (mm/day):  0.159287188516694     
 ls (mm/day):  0.000000000000000E+000
 imbalance (mm/day)  1.617672048723076E-005
  imbalance (rel error):  8.974541539831244E-011
 ===========================
 Let's do some shortwave
 Range of zenith angles  0.732661695834013       0.732661695834013     
 Range of surface albedo (asdir)  3.383449086658900E-002  3.383449086658900E-002
 Range of surface albedo (aldir)  3.383449086658900E-002  3.383449086658900E-002
 Range of surface albedo (asdif)  6.000000000000000E-002  6.000000000000000E-002
 Range of surface albedo (aldif)  6.000000000000000E-002  6.000000000000000E-002
 radiation: perpetual sun, solin=   310.282739806152     
 longwave radiation is called
NSTEP =        217   NCYCLE= 14  CFL_adv= 0.470  CFL_sgs= 0.038
NSTEP =        218   NCYCLE= 14  CFL_adv= 0.452  CFL_sgs= 0.037
NSTEP =        219   NCYCLE= 14  CFL_adv= 0.451  CFL_sgs= 0.037
 Collecting statistics...
 name QCSTRG is missing in "lst" file.
NSTEP =        220   NCYCLE= 13  CFL_adv= 0.455  CFL_sgs= 0.040
 DAY =   7.638888888888890E-002
 NSTEP=         220
 div:  1.322924648167394E-017 -7.632062128326169E-018
 SST=   305.000000000000     
 surface pressure=   1014.80000000000     
 u:  -34.8123217588333        31.4874804722290     
 v:  -19.6674859586788        19.8256639746743     
 w:  -12.6355883593771        39.2528178358885     
 p:  -56.4476981279397        131.184403013151     
 t:   294.613490414143        479.312069051889     
 tabs:   198.275749233199        307.226728030843     
 qv:  3.337496964710170E-167  2.627693872329696E-002
 tke:  0.000000000000000E+000   61.1854259277537     
 tk:  0.000000000000000E+000   195.552783679614     
 tkh:  0.000000000000000E+000   195.552783679614     
 qcl:  0.000000000000000E+000  2.829774372233578E-003
 qci:  0.000000000000000E+000  1.440219926880406E-002
 qpl:  0.000000000000000E+000  9.701705440698354E-003
 qpi:  0.000000000000000E+000  0.000000000000000E+000
 qrad(K/day):  -85.6794472290711        61.0082954281458     
 shf:  -1.38375351742914        77.9130866268012     
 lhf:   23.5922296916406        517.405949555433     
 uw: -0.379794621254670       0.379715961656107     
 vw: -0.212328175052190       0.212239559287193     
 sst:   305.000000000000        305.000000000000     
 ===========================
 total water budget:
 before (mm):         62.58873661491
 after (mm):          62.58921960972
 evaporation (mm):     0.00054960881
 precipitation (mm):   0.00006661604
 large-scale (mm):     0.00000000000
 Imbalance (mm)       0.00000000205
 evap (mm/day):   1.58287336275841     
 prec (mm/day):  0.191854196678190     
 ls (mm/day):  0.000000000000000E+000
 imbalance (mm/day)  5.907079892769791E-006
  imbalance (rel error):  3.277028991077602E-011
 ===========================
NSTEP =        221   NCYCLE= 12  CFL_adv= 0.472  CFL_sgs= 0.043
NSTEP =        222   NCYCLE= 12  CFL_adv= 0.443  CFL_sgs= 0.041
 Let's do some shortwave
 Range of zenith angles  0.732661695834013       0.732661695834013     
 Range of surface albedo (asdir)  3.383449086658900E-002  3.383449086658900E-002
 Range of surface albedo (aldir)  3.383449086658900E-002  3.383449086658900E-002
 Range of surface albedo (asdif)  6.000000000000000E-002  6.000000000000000E-002
 Range of surface albedo (aldif)  6.000000000000000E-002  6.000000000000000E-002
 radiation: perpetual sun, solin=   310.282739805899     
 longwave radiation is called
NSTEP =        223   NCYCLE= 10  CFL_adv= 0.467  CFL_sgs= 0.045
 Collecting statistics...
 name QCSTRG is missing in "lst" file.
NSTEP =        224   NCYCLE= 10  CFL_adv= 0.437  CFL_sgs= 0.041
 DAY =   7.777777777777778E-002
 NSTEP=         224
 div:  1.932032648417297E-017 -1.944854821281042E-017
 SST=   305.000000000000     
 surface pressure=   1014.80000000000     
 u:  -24.6327818471645        24.4414332886150     
 v:  -18.2981582883967        18.1832572151230     
 w:  -17.9265888925429        29.6135494069499     
 p:  -88.0364510582422        179.430024443991     
 t:   293.575055644467        479.326552832287     
 tabs:   196.407177701339        307.005030327962     
 qv:  2.631993855927103E-165  2.619689981508292E-002
 tke:  0.000000000000000E+000   47.2065822414173     
 tk:  0.000000000000000E+000   171.767615984171     
 tkh:  0.000000000000000E+000   171.767615984171     
 qcl:  0.000000000000000E+000  2.143836645101656E-003
 qci:  0.000000000000000E+000  1.794840894799970E-002
 qpl:  0.000000000000000E+000  1.015044030662565E-002
 qpi:  0.000000000000000E+000  0.000000000000000E+000
 qrad(K/day):  -117.206259216148        100.490849959020     
 shf:  -1.45753096575550        107.427128438324     
 lhf:   24.0193087448049        659.301987791388     
 uw: -0.262033424943073       0.261780679456951     
 vw: -0.229707396922438       0.229471762304062     
 sst:   305.000000000000        305.000000000000     
 ===========================
 total water budget:
 before (mm):         62.59054947006
 after (mm):          62.59096340332
 evaporation (mm):     0.00054841618
 precipitation (mm):   0.00013448292
 large-scale (mm):     0.00000000000
 Imbalance (mm)       0.00000000000
 evap (mm/day):   1.57943859155143     
 prec (mm/day):  0.387310820638228     
 ls (mm/day):  0.000000000000000E+000
 imbalance (mm/day) -1.135966321008652E-012
  imbalance (rel error):  0.000000000000000E+000
 ===========================
NSTEP =        225   NCYCLE= 10  CFL_adv= 0.435  CFL_sgs= 0.038
NSTEP =        226   NCYCLE=  9  CFL_adv= 0.444  CFL_sgs= 0.040
NSTEP =        227   NCYCLE=  8  CFL_adv= 0.478  CFL_sgs= 0.043
 Collecting statistics...
 name QCSTRG is missing in "lst" file.
NSTEP =        228   NCYCLE=  8  CFL_adv= 0.451  CFL_sgs= 0.040
 DAY =   7.916666666666666E-002
 NSTEP=         228
 div:  2.588139807343066E-017 -1.690019628747781E-017
 SST=   305.000000000000     
 surface pressure=   1014.80000000000     
 u:  -18.9949390370655        19.5448379439212     
 v:  -15.7937635432994        16.3205321373623     
 w:  -22.4712149782639        25.9767666897319     
 p:  -101.806206325118        195.948659027182     
 t:   291.971565457540        479.330229985599     
 tabs:   205.446581298204        305.455208230513     
 qv:  5.722861194596598E-165  2.613260073534767E-002
 tke:  0.000000000000000E+000   40.1100255106369     
 tk:  0.000000000000000E+000   158.331190686321     
 tkh:  0.000000000000000E+000   158.331190686321     
 qcl:  0.000000000000000E+000  1.803119460977877E-003
 qci:  0.000000000000000E+000  1.644818886726062E-002
 qpl:  0.000000000000000E+000  1.066414830844269E-002
 qpi:  0.000000000000000E+000  0.000000000000000E+000
 qrad(K/day):  -117.206259216148        100.490849959020     
 shf:  -2.91294704396353        124.043670587626     
 lhf:   25.0712167008596        616.662379635591     
 uw: -0.190502814337158       0.190289465375327     
 vw: -0.239473563872582       0.239644199144895     
 sst:   305.000000000000        305.000000000000     
 ===========================
 total water budget:
 before (mm):         62.59216091717
 after (mm):          62.59253081025
 evaporation (mm):     0.00054697807
 precipitation (mm):   0.00017708498
 large-scale (mm):     0.00000000000
 Imbalance (mm)       0.00000000000
 evap (mm/day):   1.57529683291362     
 prec (mm/day):  0.510004734707543     
 ls (mm/day):  0.000000000000000E+000
 imbalance (mm/day)  2.003764341951264E-011
  imbalance (rel error):  1.135187739754549E-016
 ===========================
 Let's do some shortwave
 Range of zenith angles  0.732661695834013       0.732661695834013     
 Range of surface albedo (asdir)  3.383449086658900E-002  3.383449086658900E-002
 Range of surface albedo (aldir)  3.383449086658900E-002  3.383449086658900E-002
 Range of surface albedo (asdif)  6.000000000000000E-002  6.000000000000000E-002
 Range of surface albedo (aldif)  6.000000000000000E-002  6.000000000000000E-002
 radiation: perpetual sun, solin=   310.282739805440     
 longwave radiation is called
NSTEP =        229   NCYCLE=  8  CFL_adv= 0.478  CFL_sgs= 0.035
NSTEP =        230   NCYCLE=  9  CFL_adv= 0.454  CFL_sgs= 0.026
NSTEP =        231   NCYCLE= 10  CFL_adv= 0.477  CFL_sgs= 0.023
 Collecting statistics...
 name QCSTRG is missing in "lst" file.
NSTEP =        232   NCYCLE= 11  CFL_adv= 0.476  CFL_sgs= 0.023
 DAY =   8.055555555555556E-002
 NSTEP=         232
 div:  1.581934640789082E-017 -8.757478139135792E-018
 SST=   305.000000000000     
 surface pressure=   1014.80000000000     
 u:  -24.6652147325280        23.8596142704960     
 v:  -23.3762302097791        22.6199962449629     
 w:  -10.7445551346229        32.5318048406886     
 p:  -124.094922941608        191.105048685827     
 t:   288.433806401291        479.327971591700     
 tabs:   198.400466420373        305.027132029437     
 qv:  1.408433709927359E-162  2.607495226700328E-002
 tke:  0.000000000000000E+000   54.2736187110449     
 tk:  0.000000000000000E+000   184.176577485855     
 tkh:  0.000000000000000E+000   184.176577485855     
 qcl:  0.000000000000000E+000  2.347580705602755E-003
 qci:  0.000000000000000E+000  1.604401960721269E-002
 qpl:  0.000000000000000E+000  1.214371909003601E-002
 qpi:  0.000000000000000E+000  0.000000000000000E+000
 qrad(K/day):  -113.815315354366        110.637636133404     
 shf:  -2.21200225842243        203.262874029926     
 lhf:   25.8421111953586        460.042416368051     
 uw: -0.193284460983393       0.193261777011407     
 vw: -0.274906077023231       0.274370302803713     
 sst:   305.000000000000        305.000000000000     
 ===========================
 total water budget:
 before (mm):         62.59345614191
 after (mm):          62.59370692673
 evaporation (mm):     0.00054556056
 precipitation (mm):   0.00029479701
 large-scale (mm):     0.00000000000
 Imbalance (mm)       0.00000002127
 evap (mm/day):   1.57121440539342     
 prec (mm/day):  0.849015375762404     
 ls (mm/day):  0.000000000000000E+000
 imbalance (mm/day)  6.124960660111936E-005
  imbalance (rel error):  3.397662040885516E-010
 ===========================
NSTEP =        233   NCYCLE= 12  CFL_adv= 0.443  CFL_sgs= 0.022
NSTEP =        234   NCYCLE= 11  CFL_adv= 0.470  CFL_sgs= 0.023
 Let's do some shortwave
 Range of zenith angles  0.732661695834013       0.732661695834013     
 Range of surface albedo (asdir)  3.383449086658900E-002  3.383449086658900E-002
 Range of surface albedo (aldir)  3.383449086658900E-002  3.383449086658900E-002
 Range of surface albedo (asdif)  6.000000000000000E-002  6.000000000000000E-002
 Range of surface albedo (aldif)  6.000000000000000E-002  6.000000000000000E-002
 radiation: perpetual sun, solin=   310.282739804830     
 longwave radiation is called
NSTEP =        235   NCYCLE= 11  CFL_adv= 0.437  CFL_sgs= 0.022
 Collecting statistics...
 name QCSTRG is missing in "lst" file.
NSTEP =        236   NCYCLE= 11  CFL_adv= 0.442  CFL_sgs= 0.023
 DAY =   8.194444444444444E-002
 NSTEP=         236
 div:  1.594732486701911E-017 -1.269608986214703E-017
 SST=   305.000000000000     
 surface pressure=   1014.80000000000     
 u:  -22.0170666087901        23.3504403600812     
 v:  -23.2964199575699        22.8970269759255     
 w:  -16.6252624748306        31.4269145662750     
 p:  -79.8404444861050        115.355490201759     
 t:   288.448815151300        479.344242777124     
 tabs:   190.165844260900        305.023354093715     
 qv:  3.797223294784204E-149  2.602833023054340E-002
 tke:  0.000000000000000E+000   41.1409063952959     
 tk:  0.000000000000000E+000   160.352943524776     
 tkh:  0.000000000000000E+000   160.352943524776     
 qcl:  0.000000000000000E+000  4.238703316657130E-003
 qci:  0.000000000000000E+000  1.197731619190741E-002
 qpl:  0.000000000000000E+000  1.225219926260665E-002
 qpi:  0.000000000000000E+000  0.000000000000000E+000
 qrad(K/day):  -107.878189497743        107.301694341933     
 shf:  -1.02705118667283        214.601921610575     
 lhf:   26.1317623705970        496.735476319944     
 uw: -0.255468174954145       0.255698504101511     
 vw: -0.229397418427328       0.229065849795704     
 sst:   305.000000000000        305.000000000000     
 ===========================
 total water budget:
 before (mm):         62.59442381181
 after (mm):          62.59465817309
 evaporation (mm):     0.00054473812
 precipitation (mm):   0.00031037773
 large-scale (mm):     0.00000000000
 Imbalance (mm)       0.00000000089
 evap (mm/day):   1.56884577241119     
 prec (mm/day):  0.893887867655416     
 ls (mm/day):  0.000000000000000E+000
 imbalance (mm/day)  2.567730192533368E-006
  imbalance (rel error):  1.424351110096865E-011
 ===========================
NSTEP =        237   NCYCLE= 11  CFL_adv= 0.466  CFL_sgs= 0.021
NSTEP =        238   NCYCLE= 11  CFL_adv= 0.457  CFL_sgs= 0.021
NSTEP =        239   NCYCLE= 11  CFL_adv= 0.442  CFL_sgs= 0.021
 Collecting statistics...
 name QCSTRG is missing in "lst" file.
 Writting statistics:nstatsteps=          15
 --------------- ISCCP Simulator Diagnostics: -----------------
 ISCCP PDF:
            0.0       0.3       1.3       3.6       9.4      23.0      60.0
    0.     0.000     0.000     0.000     0.000     0.000     0.000     0.000
  180.     0.000     0.000     0.000     0.000     0.000     0.000     0.000
  310.     0.000     0.000     0.000     0.000     0.000     0.000     0.000
  440.     0.000     0.000     0.000     0.000     0.000     0.000     0.000
  560.     0.000     0.000     0.000     0.000     0.000     0.000     0.000
  680.     0.000     0.000     0.000     0.000     0.000     0.000     0.000
  800.     0.000     0.000     0.000     0.000     0.000     0.000     0.000
 low cld area (tau > 0.3)=  0.000000000000000E+000
 mid cld area (tau > 0.3)=  0.000000000000000E+000
 hgh cld area (tau > 0.3)=  0.000000000000000E+000
 total cld area (tau > 0.3)=  0.000000000000000E+000
 mean albedo cld (tau > 0.3)   -1.00000000000000     
 mean tau cld (tau > 0.3)   -1.00000000000000     
 mean top pressure (tau > 0.3)  -1.00000000000000     
 mean brightness temp (tau > 0.3)  -1.00000000000000     
 mean clearsky brightness temp (tau > 0.3)  -1.00000000000000     
 --------------- MODIS Simulator Diagnostics: -----------------
 MODIS PDF:
                      0.3       1.3       3.6       9.4      23.0      60.0
    0.               0.000     0.000     0.000     0.000     0.000     0.000
  180.               0.000     0.000     0.000     0.000     0.000     0.000
  310.               0.000     0.000     0.000     0.000     0.000     0.000
  440.               0.000     0.000     0.000     0.000     0.000     0.000
  560.               0.000     0.000     0.000     0.000     0.000     0.000
  680.               0.000     0.000     0.000     0.000     0.000     0.000
  800.               0.000     0.000     0.000     0.000     0.000     0.000
 low cld area =  0.000000000000000E+000
 mid cld area =  0.000000000000000E+000
 hgh cld area =  0.000000000000000E+000
 total cld area =  0.000000000000000E+000
 mean tau cld   -1.00000000000000     
 mean top pressure   -1.00000000000000     
 total cld area (liquid) =  0.000000000000000E+000
 total cld area (ice) =  0.000000000000000E+000
 mean tau (liquid) =  0.000000000000000E+000
 mean tau (ice) =  0.000000000000000E+000
 mean lwp (g/m2) =  0.000000000000000E+000
 mean iwp (g/m2) =  0.000000000000000E+000
 mean reff (liquid)  =  0.000000000000000E+000
 mean reff (ice)  =  0.000000000000000E+000
 --------------- MISR Simulator Diagnostics: -----------------
 MISR PDF:
            0.0       0.3       1.3       3.6       9.4      23.0      60.0
 99.00     0.000     0.000     0.000     0.000     0.000     0.000     0.000
 17.00     0.000     0.000     0.000     0.000     0.000     0.000     0.000
 15.00     0.000     0.000     0.000     0.000     0.000     0.000     0.000
 13.00     0.000     0.000     0.000     0.000     0.000     0.000     0.000
 11.00     0.000     0.000     0.000     0.000     0.000     0.000     0.000
  9.00     0.000     0.000     0.000     0.000     0.000     0.000     0.000
  7.00     0.000     0.000     0.000     0.000     0.000     0.000     0.000
  5.00     0.000     0.000     0.000     0.000     0.000     0.000     0.000
  4.00     0.000     0.000     0.000     0.000     0.000     0.000     0.000
  3.00     0.000     0.000     0.000     0.000     0.000     0.000     0.000
  2.50     0.000     0.000     0.000     0.000     0.000     0.000     0.000
  2.00     0.000     0.000     0.000     0.000     0.000     0.000     0.000
  1.50     0.000     0.000     0.000     0.000     0.000     0.000     0.000
  1.00     0.000     0.000     0.000     0.000     0.000     0.000     0.000
  0.50     0.000     0.000     0.000     0.000     0.000     0.000     0.000
  0.00     0.000     0.000     0.000     0.000     0.000     0.000     0.000
 total cld area =  0.000000000000000E+000
 mean top height (m)  0.000000000000000E+000
 Writting history file 
 rcemip305sst_160_MaxIce20_2dry3km                                              
  
 Writting 2D data. file:./OUT_2D/bubble_rcemip305sst_160_MaxIce20_2dry3km_64.2Db
 in                                                              
 Writting 3D data. file:./OUT_3D/bubble_rcemip305sst_160_MaxIce20_2dry3km_64_000
 0000240.bin3D                                                   
NSTEP =        240   NCYCLE= 12  CFL_adv= 0.441  CFL_sgs= 0.018
 DAY =   8.333333333333333E-002
 NSTEP=         240
 div:  1.106769017548362E-017 -7.598241969241487E-018
 SST=   305.000000000000     
 surface pressure=   1014.80000000000     
 u:  -19.1337968143176        19.4022866467604     
 v:  -18.8556059164047        17.3413295865743     
 w:  -8.83785631723012        39.8680095615469     
 p:  -49.7682658525632        121.362197925493     
 t:   287.255304528312        479.390745219748     
 tabs:   195.072745244688        305.019392637113     
 qv:  2.401265533002441E-143  2.600550239304704E-002
 tke:  0.000000000000000E+000   49.0091363596049     
 tk:  0.000000000000000E+000   175.016314167431     
 tkh:  0.000000000000000E+000   175.016314167431     
 qcl:  0.000000000000000E+000  3.413239769867718E-003
 qci:  0.000000000000000E+000  1.198830227711570E-002
 qpl:  0.000000000000000E+000  1.289989171387592E-002
 qpi:  0.000000000000000E+000  0.000000000000000E+000
 qrad(K/day):  -107.878189497743        107.301694341933     
 shf: -0.693257200459033        164.730580686359     
 lhf:   25.6776997397069        439.885947839623     
 uw: -0.278927852626801       0.278680445935999     
 vw: -0.323728542263374       0.323102477761062     
 sst:   305.000000000000        305.000000000000     
 ===========================
 total water budget:
 before (mm):         62.59540621835
 after (mm):          62.59569111103
 evaporation (mm):     0.00054394531
 precipitation (mm):   0.00025905436
 large-scale (mm):     0.00000000000
 Imbalance (mm)       0.00000000174
 evap (mm/day):   1.56656249728638     
 prec (mm/day):  0.746076562848279     
 ls (mm/day):  0.000000000000000E+000
 imbalance (mm/day)  4.998531635165560E-006
  imbalance (rel error):  2.772714986081729E-011
 ===========================
CPU TIME =     451.6813 OVER     0.50 MODEL HOURS
 Let's do some shortwave
 Range of zenith angles  0.732661695834013       0.732661695834013     
 Range of surface albedo (asdir)  3.383449086658900E-002  3.383449086658900E-002
 Range of surface albedo (aldir)  3.383449086658900E-002  3.383449086658900E-002
 Range of surface albedo (asdif)  6.000000000000000E-002  6.000000000000000E-002
 Range of surface albedo (aldif)  6.000000000000000E-002  6.000000000000000E-002
 radiation: perpetual sun, solin=   310.282739804035     
 longwave radiation is called
NSTEP =        241   NCYCLE= 13  CFL_adv= 0.452  CFL_sgs= 0.019
NSTEP =        242   NCYCLE= 13  CFL_adv= 0.475  CFL_sgs= 0.023
NSTEP =        243   NCYCLE= 14  CFL_adv= 0.449  CFL_sgs= 0.019
 Collecting statistics...
 name QCSTRG is missing in "lst" file.
NSTEP =        244   NCYCLE= 14  CFL_adv= 0.465  CFL_sgs= 0.022
 DAY =   8.472222222222223E-002
 NSTEP=         244
 div:  1.110470140052646E-017 -7.555531661990273E-018
 SST=   305.000000000000     
 surface pressure=   1014.80000000000     
 u:  -16.7061543639383        19.4371227901583     
 v:  -19.4937460570358        16.0504114174032     
 w:  -9.57964732793475        46.3632226307333     
 p:  -84.7975836004262        114.777538276858     
 t:   285.531450104864        479.406467251290     
 tabs:   199.645541896775        305.015601115934     
 qv:  1.101467293283766E-139  2.585462084478154E-002
 tke:  0.000000000000000E+000   90.9415327348310     
 tk:  0.000000000000000E+000   238.408175109977     
 tkh:  0.000000000000000E+000   238.408175109977     
 qcl:  0.000000000000000E+000  2.846062671506095E-003
 qci:  0.000000000000000E+000  1.506462372687035E-002
 qpl:  0.000000000000000E+000  1.159087600914280E-002
 qpi:  0.000000000000000E+000  0.000000000000000E+000
 qrad(K/day):  -107.897492244675        97.7734500733658     
 shf: -0.683002786600594        183.579796855906     
 lhf:   26.1933990111320        422.111249147168     
 uw: -0.232574712105197       0.232181098526598     
 vw: -0.240360502432351       0.239684297591077     
 sst:   305.000000000000        305.000000000000     
 ===========================
 total water budget:
 before (mm):         62.59660031539
 after (mm):          62.59691313521
 evaporation (mm):     0.00054290920
 precipitation (mm):   0.00023009086
 large-scale (mm):     0.00000000000
 Imbalance (mm)       0.00000000148
 evap (mm/day):   1.56357850150727     
 prec (mm/day):  0.662661679145683     
 ls (mm/day):  0.000000000000000E+000
 imbalance (mm/day)  4.262910292653424E-006
  imbalance (rel error):  2.364623488152124E-011
 ===========================
NSTEP =        245   NCYCLE= 14  CFL_adv= 0.475  CFL_sgs= 0.025
NSTEP =        246   NCYCLE= 15  CFL_adv= 0.466  CFL_sgs= 0.022
 Let's do some shortwave
 Range of zenith angles  0.732661695834013       0.732661695834013     
 Range of surface albedo (asdir)  3.383449086658900E-002  3.383449086658900E-002
 Range of surface albedo (aldir)  3.383449086658900E-002  3.383449086658900E-002
 Range of surface albedo (asdif)  6.000000000000000E-002  6.000000000000000E-002
 Range of surface albedo (aldif)  6.000000000000000E-002  6.000000000000000E-002
 radiation: perpetual sun, solin=   310.282739802930     
 longwave radiation is called
NSTEP =        247   NCYCLE= 16  CFL_adv= 0.473  CFL_sgs= 0.021
 Collecting statistics...
 name QCSTRG is missing in "lst" file.
NSTEP =        248   NCYCLE= 17  CFL_adv= 0.464  CFL_sgs= 0.021
 DAY =   8.611111111111111E-002
 NSTEP=         248
 div:  7.507653410681548E-018 -6.456976566788675E-018
 SST=   305.000000000000     
 surface pressure=   1014.80000000000     
 u:  -23.3957276420650        22.4746755602255     
 v:  -21.7422574455022        27.1394920858564     
 w:  -10.9271338837476        57.1572046605590     
 p:  -81.9417118388598        99.0034323610366     
 t:   286.328624932063        479.399922154279     
 tabs:   191.149537211839        305.012100662847     
 qv:  4.782272997740116E-137  2.581532702939050E-002
 tke:  0.000000000000000E+000   134.943471252872     
 tk:  0.000000000000000E+000   290.412929348961     
 tkh:  0.000000000000000E+000   290.412929348961     
 qcl:  0.000000000000000E+000  2.628517107589035E-003
 qci:  0.000000000000000E+000  1.489976040970897E-002
 qpl:  0.000000000000000E+000  1.048743439528612E-002
 qpi:  0.000000000000000E+000  0.000000000000000E+000
 qrad(K/day):  -109.224535590259        95.9146491445813     
 shf: -0.673828562665242        160.962246619309     
 lhf:   26.4063658865059        350.537271021249     
 uw: -0.179500786909693       0.167947243363384     
 vw: -0.229835093814331       0.229936533802064     
 sst:   305.000000000000        305.000000000000     
 ===========================
 total water budget:
 before (mm):         62.59789894650
 after (mm):          62.59824291897
 evaporation (mm):     0.00054153253
 precipitation (mm):   0.00019756066
 large-scale (mm):     0.00000000000
 Imbalance (mm)       0.00000000060
 evap (mm/day):   1.55961368747722     
 prec (mm/day):  0.568974697541705     
 ls (mm/day):  0.000000000000000E+000
 imbalance (mm/day)  1.733688016506904E-006
  imbalance (rel error):  9.616432948688018E-012
 ===========================
NSTEP =        249   NCYCLE= 17  CFL_adv= 0.469  CFL_sgs= 0.025
NSTEP =        250   NCYCLE= 16  CFL_adv= 0.470  CFL_sgs= 0.021
NSTEP =        251   NCYCLE= 14  CFL_adv= 0.473  CFL_sgs= 0.028
 Collecting statistics...
 name QCSTRG is missing in "lst" file.
NSTEP =        252   NCYCLE= 14  CFL_adv= 0.447  CFL_sgs= 0.024
 DAY =   8.749999999999999E-002
 NSTEP=         252
 div:  1.035444652028073E-017 -1.091206389387555E-017
 SST=   305.000000000000     
 surface pressure=   1014.80000000000     
 u:  -25.7526133431205        28.2565457528000     
 v:  -29.1336197080624        26.6640715320360     
 w:  -19.3799018694138        36.8159355715503     
 p:  -51.5647545335776        107.902277465531     
 t:   287.278820437138        479.409776702637     
 tabs:   188.530722294684        305.008621210876     
 qv:  9.749035538765220E-135  2.562475657179080E-002
 tke:  0.000000000000000E+000   69.0030110937324     
 tk:  0.000000000000000E+000   207.670127687115     
 tkh:  0.000000000000000E+000   207.670127687115     
 qcl:  0.000000000000000E+000  4.169089259494400E-003
 qci:  0.000000000000000E+000  1.286687568042660E-002
 qpl:  0.000000000000000E+000  8.676022712127793E-003
 qpi:  0.000000000000000E+000  0.000000000000000E+000
 qrad(K/day):  -109.224535590259        95.9146491445813     
 shf:  -1.34318015136118        178.323485147039     
 lhf:   29.4425562651872        385.256491745052     
 uw: -0.200071269133536       0.188278463045998     
 vw: -0.213548510790016       0.212176283873955     
 sst:   305.000000000000        305.000000000000     
 ===========================
 total water budget:
 before (mm):         62.59929014637
 after (mm):          62.59963586165
 evaporation (mm):     0.00054000388
 precipitation (mm):   0.00019428881
 large-scale (mm):     0.00000000000
 Imbalance (mm)       0.00000000022
 evap (mm/day):   1.55521116181383     
 prec (mm/day):  0.559551776892335     
 ls (mm/day):  0.000000000000000E+000
 imbalance (mm/day)  6.395016648261947E-007
  imbalance (rel error):  3.547172556133324E-012
 ===========================
 Let's do some shortwave
 Range of zenith angles  0.732661695834013       0.732661695834013     
 Range of surface albedo (asdir)  3.383449086658900E-002  3.383449086658900E-002
 Range of surface albedo (aldir)  3.383449086658900E-002  3.383449086658900E-002
 Range of surface albedo (asdif)  6.000000000000000E-002  6.000000000000000E-002
 Range of surface albedo (aldif)  6.000000000000000E-002  6.000000000000000E-002
 radiation: perpetual sun, solin=   310.282739801338     
 longwave radiation is called
NSTEP =        253   NCYCLE= 12  CFL_adv= 0.471  CFL_sgs= 0.029
NSTEP =        254   NCYCLE= 11  CFL_adv= 0.455  CFL_sgs= 0.029
NSTEP =        255   NCYCLE= 11  CFL_adv= 0.464  CFL_sgs= 0.026
 Collecting statistics...
 name QCSTRG is missing in "lst" file.
NSTEP =        256   NCYCLE= 12  CFL_adv= 0.446  CFL_sgs= 0.027
 DAY =   8.888888888888889E-002
 NSTEP=         256
 div:  1.296639714887701E-017 -9.498498577250963E-018
 SST=   305.000000000000     
 surface pressure=   1014.80000000000     
 u:  -25.3819216653600        29.1364981627700     
 v:  -19.0107717733874        25.9225123220786     
 w:  -20.4857670562613        40.2222257567470     
 p:  -87.7457269995420        163.950022004270     
 t:   290.035666861279        479.444054603906     
 tabs:   198.664341086355        305.005335348616     
 qv:  1.452340272435936E-134  2.563110986748578E-002
 tke:  0.000000000000000E+000   93.6837764838843     
 tk:  0.000000000000000E+000   241.975949843012     
 tkh:  0.000000000000000E+000   241.975949843012     
 qcl:  0.000000000000000E+000  5.330039721890829E-003
 qci:  0.000000000000000E+000  1.252055684487855E-002
 qpl:  0.000000000000000E+000  1.096125530034983E-002
 qpi:  0.000000000000000E+000  0.000000000000000E+000
 qrad(K/day):  -156.920549556961        101.122631422202     
 shf:  -1.34902906420340        186.225748526944     
 lhf:   29.0691938089244        358.847820176144     
 uw: -0.201269273113418       0.256398059987034     
 vw: -0.263725778001538       0.265830903887045     
 sst:   305.000000000000        305.000000000000     
 ===========================
 total water budget:
 before (mm):         62.60064393958
 after (mm):          62.60096110196
 evaporation (mm):     0.00053857363
 precipitation (mm):   0.00022141183
 large-scale (mm):     0.00000000000
 Imbalance (mm)       0.00000000059
 evap (mm/day):   1.55109206092657     
 prec (mm/day):  0.637666080600723     
 ls (mm/day):  0.000000000000000E+000
 imbalance (mm/day)  1.692041258511551E-006
  imbalance (rel error):  9.385035800110133E-012
 ===========================
NSTEP =        257   NCYCLE= 13  CFL_adv= 0.446  CFL_sgs= 0.027
NSTEP =        258   NCYCLE= 13  CFL_adv= 0.476  CFL_sgs= 0.025
 Let's do some shortwave
 Range of zenith angles  0.732661695834013       0.732661695834013     
 Range of surface albedo (asdir)  3.383449086658900E-002  3.383449086658900E-002
 Range of surface albedo (aldir)  3.383449086658900E-002  3.383449086658900E-002
 Range of surface albedo (asdif)  6.000000000000000E-002  6.000000000000000E-002
 Range of surface albedo (aldif)  6.000000000000000E-002  6.000000000000000E-002
 radiation: perpetual sun, solin=   310.282739799206     
 longwave radiation is called
NSTEP =        259   NCYCLE= 16  CFL_adv= 0.458  CFL_sgs= 0.019
 Collecting statistics...
 name QCSTRG is missing in "lst" file.
NSTEP =        260   NCYCLE= 18  CFL_adv= 0.455  CFL_sgs= 0.019
 DAY =   9.027777777777778E-002
 NSTEP=         260
 div:  9.015395770808760E-018 -6.723773900292122E-018
 SST=   305.000000000000     
 surface pressure=   1014.80000000000     
 u:  -27.0684023790777        32.0611146391832     
 v:  -29.9960946339704        28.5846493870548     
 w:  -15.5850884653115        60.0881454051755     
 p:  -107.678384984779        168.591282543056     
 t:   292.141082676563        479.444281790331     
 tabs:   196.480667807436        305.002147428951     
 qv:  2.386627884276312E-134  2.551819510590219E-002
 tke:  0.000000000000000E+000   93.0871704300797     
 tk:  0.000000000000000E+000   241.204231967020     
 tkh:  0.000000000000000E+000   241.204231967020     
 qcl:  0.000000000000000E+000  4.497496855484994E-003
 qci:  0.000000000000000E+000  1.329356356054216E-002
 qpl:  0.000000000000000E+000  1.095940001344949E-002
 qpi:  0.000000000000000E+000  0.000000000000000E+000
 qrad(K/day):  -113.990196752839        106.731381590079     
 shf:  -1.27090493830160        180.394208545027     
 lhf:   29.4560486488077        338.021930942314     
 uw: -0.221466422526517       0.203917197560765     
 vw: -0.237101158789922       0.245173845624809     
 sst:   305.000000000000        305.000000000000     
 ===========================
 total water budget:
 before (mm):         62.60189644149
 after (mm):          62.60221338475
 evaporation (mm):     0.00053739943
 precipitation (mm):   0.00022046025
 large-scale (mm):     0.00000000000
 Imbalance (mm)       0.00000000408
 evap (mm/day):   1.54771034924565     
 prec (mm/day):  0.634925509712422     
 ls (mm/day):  0.000000000000000E+000
 imbalance (mm/day)  1.174602227201754E-005
  imbalance (rel error):  6.514913060756844E-011
 ===========================
NSTEP =        261   NCYCLE= 19  CFL_adv= 0.459  CFL_sgs= 0.018
NSTEP =        262   NCYCLE= 18  CFL_adv= 0.464  CFL_sgs= 0.019
NSTEP =        263   NCYCLE= 18  CFL_adv= 0.465  CFL_sgs= 0.020
 Collecting statistics...
 name QCSTRG is missing in "lst" file.
NSTEP =        264   NCYCLE= 17  CFL_adv= 0.458  CFL_sgs= 0.021
 DAY =   9.166666666666666E-002
 NSTEP=         264
 div:  7.783667395557623E-018 -8.063481290079681E-018
 SST=   305.000000000000     
 surface pressure=   1014.80000000000     
 u:  -43.2595178351567        36.0761818584597     
 v:  -37.8120248446630        27.9134427885843     
 w:  -14.8761149108501        51.9415290865131     
 p:  -79.2349414885216        174.157844770175     
 t:   292.783274244843        479.426965006170     
 tabs:   186.284552670450        304.998971538339     
 qv:  4.753521924597916E-133  2.533476564939539E-002
 tke:  0.000000000000000E+000   106.313349325241     
 tk:  0.000000000000000E+000   257.770912494555     
 tkh:  0.000000000000000E+000   257.770912494555     
 qcl:  0.000000000000000E+000  4.118595628754978E-003
 qci:  0.000000000000000E+000  1.334755777977163E-002
 qpl:  0.000000000000000E+000  1.180469344015527E-002
 qpi:  0.000000000000000E+000  0.000000000000000E+000
 qrad(K/day):  -113.990196752839        106.731381590079     
 shf: -0.751810748271933        129.684585509556     
 lhf:   30.4116940756740        309.632798241116     
 uw: -0.199617166427133       0.208467306862908     
 vw: -0.171874906103152       0.179354405129829     
 sst:   305.000000000000        305.000000000000     
 ===========================
 total water budget:
 before (mm):         62.60317078022
 after (mm):          62.60350425723
 evaporation (mm):     0.00053672002
 precipitation (mm):   0.00020324478
 large-scale (mm):     0.00000000000
 Imbalance (mm)       0.00000000177
 evap (mm/day):   1.54575365674898     
 prec (mm/day):  0.585344965119304     
 ls (mm/day):  0.000000000000000E+000
 imbalance (mm/day)  5.093698781672568E-006
  imbalance (rel error):  2.825157268273914E-011
 ===========================
 Let's do some shortwave
 Range of zenith angles  0.732661695834013       0.732661695834013     
 Range of surface albedo (asdir)  3.383449086658900E-002  3.383449086658900E-002
 Range of surface albedo (aldir)  3.383449086658900E-002  3.383449086658900E-002
 Range of surface albedo (asdif)  6.000000000000000E-002  6.000000000000000E-002
 Range of surface albedo (aldif)  6.000000000000000E-002  6.000000000000000E-002
 radiation: perpetual sun, solin=   310.282739796648     
 longwave radiation is called
NSTEP =        265   NCYCLE= 16  CFL_adv= 0.471  CFL_sgs= 0.023
NSTEP =        266   NCYCLE= 16  CFL_adv= 0.453  CFL_sgs= 0.028
NSTEP =        267   NCYCLE= 16  CFL_adv= 0.460  CFL_sgs= 0.027
 Collecting statistics...
 name QCSTRG is missing in "lst" file.
NSTEP =        268   NCYCLE= 15  CFL_adv= 0.453  CFL_sgs= 0.025
 DAY =   9.305555555555556E-002
 NSTEP=         268
 div:  2.099753586092770E-017 -1.445896392145839E-017
 SST=   305.000000000000     
 surface pressure=   1014.80000000000     
 u:  -36.0460384002970        28.0421723790961     
 v:  -34.0440017674734        38.3006781338068     
 w:  -30.9037223396617        53.0762767800905     
 p:  -117.045361092853        202.085020018446     
 t:   291.492337979921        479.427426682513     
 tabs:   186.444576882272        305.942533572104     
 qv:  5.133079716360930E-130  2.531556148575108E-002
 tke:  0.000000000000000E+000   106.163987192737     
 tk:  0.000000000000000E+000   257.589774632963     
 tkh:  0.000000000000000E+000   257.589774632963     
 qcl:  0.000000000000000E+000  3.931153934869276E-003
 qci:  0.000000000000000E+000  1.349274349631124E-002
 qpl:  0.000000000000000E+000  1.315250314527498E-002
 qpi:  0.000000000000000E+000  0.000000000000000E+000
 qrad(K/day):  -115.184585004510        109.666757246484     
 shf:  -1.93655582700379        108.793741645824     
 lhf:   30.2402316067348        305.767422922764     
 uw: -0.157829429517963       0.193953801696199     
 vw: -0.149970125070034       0.149224417084148     
 sst:   305.000000000000        305.000000000000     
 ===========================
 total water budget:
 before (mm):         62.60457215655
 after (mm):          62.60494068231
 evaporation (mm):     0.00053643876
 precipitation (mm):   0.00016791425
 large-scale (mm):     0.00000000000
 Imbalance (mm)       0.00000000123
 evap (mm/day):   1.54494363752320     
 prec (mm/day):  0.483593028799238     
 ls (mm/day):  0.000000000000000E+000
 imbalance (mm/day)  3.555158731858091E-006
  imbalance (rel error):  1.971782077915560E-011
 ===========================
NSTEP =        269   NCYCLE= 16  CFL_adv= 0.451  CFL_sgs= 0.023
NSTEP =        270   NCYCLE= 17  CFL_adv= 0.459  CFL_sgs= 0.021
 Let's do some shortwave
 Range of zenith angles  0.732661695834013       0.732661695834013     
 Range of surface albedo (asdir)  3.383449086658900E-002  3.383449086658900E-002
 Range of surface albedo (aldir)  3.383449086658900E-002  3.383449086658900E-002
 Range of surface albedo (asdif)  6.000000000000000E-002  6.000000000000000E-002
 Range of surface albedo (aldif)  6.000000000000000E-002  6.000000000000000E-002
 radiation: perpetual sun, solin=   310.282739793941     
 longwave radiation is called
NSTEP =        271   NCYCLE= 18  CFL_adv= 0.468  CFL_sgs= 0.028
 Collecting statistics...
 name QCSTRG is missing in "lst" file.
NSTEP =        272   NCYCLE= 18  CFL_adv= 0.469  CFL_sgs= 0.028
 DAY =   9.444444444444444E-002
 NSTEP=         272
 div:  9.586989448567615E-018 -8.119339951949177E-018
 SST=   305.000000000000     
 surface pressure=   1014.80000000000     
 u:  -44.6560200208156        34.5801933731260     
 v:  -35.5614012510473        33.6186404040787     
 w:  -20.9046404134288        60.0388379992774     
 p:  -158.078059176994        284.452148786824     
 t:   289.700031247118        479.446025795224     
 tabs:   186.471771906719        305.747111472667     
 qv:  2.350999666715479E-128  2.518998176754592E-002
 tke:  0.000000000000000E+000   180.278137711908     
 tk:  0.000000000000000E+000   335.669236108915     
 tkh:  0.000000000000000E+000   335.669236108915     
 qcl:  0.000000000000000E+000  3.732737729162901E-003
 qci:  0.000000000000000E+000  1.643830442327818E-002
 qpl:  0.000000000000000E+000  1.411994220979135E-002
 qpi:  0.000000000000000E+000  0.000000000000000E+000
 qrad(K/day):  -153.686042751168        102.441810183494     
 shf:  -1.55338359434962        144.741062096059     
 lhf:   31.1143825646304        299.777891325513     
 uw: -0.181288233566795       0.168876659520188     
 vw: -0.166081388203932       0.168603313269427     
 sst:   305.000000000000        305.000000000000     
 ===========================
 total water budget:
 before (mm):         62.60603631126
 after (mm):          62.60639269129
 evaporation (mm):     0.00053616933
 precipitation (mm):   0.00017979280
 large-scale (mm):     0.00000000000
 Imbalance (mm)       0.00000000351
 evap (mm/day):   1.54416765747658     
 prec (mm/day):  0.517803266489780     
 ls (mm/day):  0.000000000000000E+000
 imbalance (mm/day)  1.010555913606021E-005
  imbalance (rel error):  5.604656395563395E-011
 ===========================
NSTEP =        273   NCYCLE= 19  CFL_adv= 0.462  CFL_sgs= 0.025
NSTEP =        274   NCYCLE= 19  CFL_adv= 0.456  CFL_sgs= 0.024
NSTEP =        275   NCYCLE= 18  CFL_adv= 0.478  CFL_sgs= 0.025
 Collecting statistics...
 name QCSTRG is missing in "lst" file.
NSTEP =        276   NCYCLE= 18  CFL_adv= 0.466  CFL_sgs= 0.022
 DAY =   9.583333333333334E-002
 NSTEP=         276
 div:  1.427774986507184E-017 -1.408299047060784E-017
 SST=   305.000000000000     
 surface pressure=   1014.80000000000     
 u:  -54.3608855515023        38.1709882691401     
 v:  -35.6528756689499        41.0212003534984     
 w:  -18.6205583502482        55.4531399744955     
 p:  -87.8387260766103        121.172902381612     
 t:   288.459811783062        479.425148518946     
 tabs:   186.912434097860        305.613472782938     
 qv:  1.417995414159130E-125  2.518603123373398E-002
 tke:  0.000000000000000E+000   125.119262028953     
 tk:  0.000000000000000E+000   279.641804400014     
 tkh:  0.000000000000000E+000   279.641804400014     
 qcl:  0.000000000000000E+000  3.739041843132966E-003
 qci:  0.000000000000000E+000  1.683687449603349E-002
 qpl:  0.000000000000000E+000  1.361821369811654E-002
 qpi:  0.000000000000000E+000  0.000000000000000E+000
 qrad(K/day):  -153.686042751168        102.441810183494     
 shf: -0.889291531581438        197.640413623372     
 lhf:   32.6084098149382        357.979254224091     
 uw: -0.279345420639246       0.234507895871140     
 vw: -0.203077103588289       0.180770570089854     
 sst:   305.000000000000        305.000000000000     
 ===========================
 total water budget:
 before (mm):         62.60743770103
 after (mm):          62.60778015627
 evaporation (mm):     0.00053565024
 precipitation (mm):   0.00019319643
 large-scale (mm):     0.00000000000
 Imbalance (mm)       0.00000000142
 evap (mm/day):   1.54267270151116     
 prec (mm/day):  0.556405707794310     
 ls (mm/day):  0.000000000000000E+000
 imbalance (mm/day)  4.096220108029333E-006
  imbalance (rel error):  2.271763183502594E-011
 ===========================
 Let's do some shortwave
 Range of zenith angles  0.732661695834013       0.732661695834013     
 Range of surface albedo (asdir)  3.383449086658900E-002  3.383449086658900E-002
 Range of surface albedo (aldir)  3.383449086658900E-002  3.383449086658900E-002
 Range of surface albedo (asdif)  6.000000000000000E-002  6.000000000000000E-002
 Range of surface albedo (aldif)  6.000000000000000E-002  6.000000000000000E-002
 radiation: perpetual sun, solin=   310.282739791194     
 longwave radiation is called
NSTEP =        277   NCYCLE= 18  CFL_adv= 0.478  CFL_sgs= 0.022
NSTEP =        278   NCYCLE= 17  CFL_adv= 0.472  CFL_sgs= 0.028
NSTEP =        279   NCYCLE= 17  CFL_adv= 0.452  CFL_sgs= 0.026
 Collecting statistics...
 name QCSTRG is missing in "lst" file.
NSTEP =        280   NCYCLE= 16  CFL_adv= 0.464  CFL_sgs= 0.021
 DAY =   9.722222222222222E-002
 NSTEP=         280
 div:  1.266991282547194E-017 -1.019376361662995E-017
 SST=   305.000000000000     
 surface pressure=   1014.80000000000     
 u:  -31.0602923028659        35.2059694510871     
 v:  -38.0458880808125        32.9647630422630     
 w:  -27.9618022319892        47.1201700410734     
 p:  -98.8198144741887        121.259370844681     
 t:   287.965292166042        479.444011182646     
 tabs:   183.774491752663        306.041631654342     
 qv:  1.761037038651226E-125  2.504912248823023E-002
 tke:  0.000000000000000E+000   115.271015237345     
 tk:  0.000000000000000E+000   268.410850234003     
 tkh:  0.000000000000000E+000   268.410850234003     
 qcl:  0.000000000000000E+000  4.601865240067888E-003
 qci:  0.000000000000000E+000  1.593313354556863E-002
 qpl:  0.000000000000000E+000  1.171278777575211E-002
 qpi:  0.000000000000000E+000  0.000000000000000E+000
 qrad(K/day):  -149.498914734381        99.4632567014878     
 shf:  -1.74082927530922        214.051616911976     
 lhf:   33.3076446445536        447.610033049913     
 uw: -0.350413527700853       0.211415073245978     
 vw: -0.274724234756556       0.238962926893602     
 sst:   305.000000000000        305.000000000000     
 ===========================
 total water budget:
 before (mm):         62.60878976982
 after (mm):          62.60911968236
 evaporation (mm):     0.00053470574
 precipitation (mm):   0.00020479349
 large-scale (mm):     0.00000000000
 Imbalance (mm)       0.00000000030
 evap (mm/day):   1.53995252765188     
 prec (mm/day):  0.589805261895974     
 ls (mm/day):  0.000000000000000E+000
 imbalance (mm/day)  8.736008600112449E-007
  imbalance (rel error):  4.844945925805564E-012
 ===========================
NSTEP =        281   NCYCLE= 16  CFL_adv= 0.457  CFL_sgs= 0.024
NSTEP =        282   NCYCLE= 15  CFL_adv= 0.463  CFL_sgs= 0.027
 Let's do some shortwave
 Range of zenith angles  0.732661695834013       0.732661695834013     
 Range of surface albedo (asdir)  3.383449086658900E-002  3.383449086658900E-002
 Range of surface albedo (aldir)  3.383449086658900E-002  3.383449086658900E-002
 Range of surface albedo (asdif)  6.000000000000000E-002  6.000000000000000E-002
 Range of surface albedo (aldif)  6.000000000000000E-002  6.000000000000000E-002
 radiation: perpetual sun, solin=   310.282739788237     
 longwave radiation is called
NSTEP =        283   NCYCLE= 14  CFL_adv= 0.475  CFL_sgs= 0.028
 Collecting statistics...
 name QCSTRG is missing in "lst" file.
NSTEP =        284   NCYCLE= 14  CFL_adv= 0.450  CFL_sgs= 0.029
 DAY =   9.861111111111111E-002
 NSTEP=         284
 div:  2.062974357068449E-017 -1.968202308797706E-017
 SST=   305.000000000000     
 surface pressure=   1014.80000000000     
 u:  -28.1473489538209        30.6290321148886     
 v:  -38.0651960796865        37.8404191421209     
 w:  -23.0846373350103        40.8222517323568     
 p:  -102.545777757520        125.152608633743     
 t:   289.513213434024        479.475345965662     
 tabs:   189.429025898207        306.000888945606     
 qv:  1.026182990258858E-122  2.507580219051146E-002
 tke:  0.000000000000000E+000   94.4399294199063     
 tk:  0.000000000000000E+000   242.950521480077     
 tkh:  0.000000000000000E+000   242.950521480077     
 qcl:  0.000000000000000E+000  4.383483024688588E-003
 qci:  0.000000000000000E+000  1.317263642149217E-002
 qpl:  0.000000000000000E+000  8.766134712618574E-003
 qpi:  0.000000000000000E+000  0.000000000000000E+000
 qrad(K/day):  -153.573900895648        95.4386823471399     
 shf:  -2.01503115404284        193.632491536044     
 lhf:   33.4932243248883        535.734440779219     
 uw: -0.187706090734248       0.273799667583929     
 vw: -0.332591117032331       0.323061546935018     
 sst:   305.000000000000        305.000000000000     
 ===========================
 total water budget:
 before (mm):         62.61010556569
 after (mm):          62.61043534875
 evaporation (mm):     0.00053340053
 precipitation (mm):   0.00020361764
 large-scale (mm):     0.00000000000
 Imbalance (mm)       0.00000000017
 evap (mm/day):   1.53619351308603     
 prec (mm/day):  0.586418798180214     
 ls (mm/day):  0.000000000000000E+000
 imbalance (mm/day)  4.932175432133257E-007
  imbalance (rel error):  2.735247075331547E-012
 ===========================
NSTEP =        285   NCYCLE= 14  CFL_adv= 0.451  CFL_sgs= 0.030
NSTEP =        286   NCYCLE= 13  CFL_adv= 0.460  CFL_sgs= 0.036
NSTEP =        287   NCYCLE= 12  CFL_adv= 0.463  CFL_sgs= 0.039
 Collecting statistics...
 name QCSTRG is missing in "lst" file.
NSTEP =        288   NCYCLE= 11  CFL_adv= 0.469  CFL_sgs= 0.037
 DAY =   0.100000000000000     
 NSTEP=         288
 div:  1.629640932247013E-017 -1.780442269462384E-017
 SST=   305.000000000000     
 surface pressure=   1014.80000000000     
 u:  -32.1011475952502        25.7301425653619     
 v:  -24.8833690055562        35.6745985209064     
 w:  -20.5129427069484        34.4014096743789     
 p:  -61.7522610253271        132.264647724147     
 t:   290.649449853100        479.466216248986     
 tabs:   196.137102476181        306.303732849232     
 qv:  5.347398285212163E-118  2.502858822962327E-002
 tke:  0.000000000000000E+000   79.4330974211531     
 tk:  0.000000000000000E+000   222.813118752511     
 tkh:  0.000000000000000E+000   222.813118752511     
 qcl:  0.000000000000000E+000  3.558004878431046E-003
 qci:  0.000000000000000E+000  1.309164300576861E-002
 qpl:  0.000000000000000E+000  6.708113023457527E-003
 qpi:  0.000000000000000E+000  0.000000000000000E+000
 qrad(K/day):  -153.573900895648        95.4386823471399     
 shf:  -1.59812063207830        114.177640391440     
 lhf:   32.9779601577595        627.109649663536     
 uw: -0.119843094207070       0.224460322262772     
 vw: -0.302151736449183       0.309925520409341     
 sst:   305.000000000000        305.000000000000     
 ===========================
 total water budget:
 before (mm):         62.61143174220
 after (mm):          62.61176563268
 evaporation (mm):     0.00053182083
 precipitation (mm):   0.00019793093
 large-scale (mm):     0.00000000000
 Imbalance (mm)       0.00000000058
 evap (mm/day):   1.53164398921767     
 prec (mm/day):  0.570041091870321     
 ls (mm/day):  0.000000000000000E+000
 imbalance (mm/day)  1.681185947408417E-006
  imbalance (rel error):  9.323269814627772E-012
 ===========================
 Let's do some shortwave
 Range of zenith angles  0.732661695834013       0.732661695834013     
 Range of surface albedo (asdir)  3.383449086658900E-002  3.383449086658900E-002
 Range of surface albedo (aldir)  3.383449086658900E-002  3.383449086658900E-002
 Range of surface albedo (asdif)  6.000000000000000E-002  6.000000000000000E-002
 Range of surface albedo (aldif)  6.000000000000000E-002  6.000000000000000E-002
 radiation: perpetual sun, solin=   310.282739784927     
 longwave radiation is called
NSTEP =        289   NCYCLE= 11  CFL_adv= 0.450  CFL_sgs= 0.032
NSTEP =        290   NCYCLE= 10  CFL_adv= 0.472  CFL_sgs= 0.036
NSTEP =        291   NCYCLE= 10  CFL_adv= 0.469  CFL_sgs= 0.041
 Collecting statistics...
 name QCSTRG is missing in "lst" file.
NSTEP =        292   NCYCLE= 10  CFL_adv= 0.466  CFL_sgs= 0.045
 DAY =   0.101388888888889     
 NSTEP=         292
 div:  1.918325799959719E-017 -2.564837437064327E-017
 SST=   305.000000000000     
 surface pressure=   1014.80000000000     
 u:  -21.3132325226711        20.2774223032671     
 v:  -22.1376384378942        24.0648432788648     
 w:  -14.9306325978859        28.9313084007649     
 p:  -71.3145724399546        122.981778806378     
 t:   292.515152931821        479.486457955558     
 tabs:   202.620144787536        306.528349514722     
 qv:  3.679912596511664E-116  2.504273535231664E-002
 tke:  0.000000000000000E+000   47.5716099812344     
 tk:  0.000000000000000E+000   172.430438839178     
 tkh:  0.000000000000000E+000   172.430438839178     
 qcl:  0.000000000000000E+000  4.103450922384269E-003
 qci:  0.000000000000000E+000  1.365352279910535E-002
 qpl:  0.000000000000000E+000  5.890983944099043E-003
 qpi:  0.000000000000000E+000  0.000000000000000E+000
 qrad(K/day):  -133.209544374778        122.838563346723     
 shf:  -1.83198067864768        124.795196417077     
 lhf:   32.7632857644357        611.194165020545     
 uw: -0.204530865479323       0.484912679068965     
 vw: -0.237721889942178       0.244997220689021     
 sst:   305.000000000000        305.000000000000     
 ===========================
 total water budget:
 before (mm):         62.61279450788
 after (mm):          62.61315157169
 evaporation (mm):     0.00053019171
 precipitation (mm):   0.00017312819
 large-scale (mm):     0.00000000000
 Imbalance (mm)       0.00000000029
 evap (mm/day):   1.52695213732891     
 prec (mm/day):  0.498609180424611     
 ls (mm/day):  0.000000000000000E+000
 imbalance (mm/day)  8.348862812809082E-007
  imbalance (rel error):  4.629927155652373E-012
 ===========================
NSTEP =        293   NCYCLE= 10  CFL_adv= 0.452  CFL_sgs= 0.046
NSTEP =        294   NCYCLE=  9  CFL_adv= 0.463  CFL_sgs= 0.048
 Let's do some shortwave
 Range of zenith angles  0.732661695834013       0.732661695834013     
 Range of surface albedo (asdir)  3.383449086658900E-002  3.383449086658900E-002
 Range of surface albedo (aldir)  3.383449086658900E-002  3.383449086658900E-002
 Range of surface albedo (asdif)  6.000000000000000E-002  6.000000000000000E-002
 Range of surface albedo (aldif)  6.000000000000000E-002  6.000000000000000E-002
 radiation: perpetual sun, solin=   310.282739781327     
 longwave radiation is called
NSTEP =        295   NCYCLE=  8  CFL_adv= 0.459  CFL_sgs= 0.046
 Collecting statistics...
 name QCSTRG is missing in "lst" file.
NSTEP =        296   NCYCLE=  8  CFL_adv= 0.441  CFL_sgs= 0.039
 DAY =   0.102777777777778     
 NSTEP=         296
 div:  2.315754345048626E-017 -3.865848040341325E-017
 SST=   305.000000000000     
 surface pressure=   1014.80000000000     
 u:  -16.6782006790808        18.2720892332599     
 v:  -20.6920023100535        18.5733465417824     
 w:  -14.5974650098568        26.1291869188159     
 p:  -62.7647652955621        90.5007809991009     
 t:   294.751270086529        479.518752692444     
 tabs:   203.723944769062        306.018866861126     
 qv:  1.786590963263751E-114  2.505621687231535E-002
 tke:  0.000000000000000E+000   33.2421329255790     
 tk:  0.000000000000000E+000   144.139977377849     
 tkh:  0.000000000000000E+000   144.139977377849     
 qcl:  0.000000000000000E+000  5.583671512725678E-003
 qci:  0.000000000000000E+000  1.422011795240828E-002
 qpl:  0.000000000000000E+000  5.013041389813316E-003
 qpi:  0.000000000000000E+000  0.000000000000000E+000
 qrad(K/day):  -127.869388020522        119.515442920823     
 shf:  -2.58659287859733        58.7660305820510     
 lhf:   32.9316323674088        612.650840632625     
 uw: -0.187074589944204       0.208593636331219     
 vw: -0.167360353342067       0.191108894990070     
 sst:   305.000000000000        305.000000000000     
 ===========================
 total water budget:
 before (mm):         62.61425093624
 after (mm):          62.61462243033
 evaporation (mm):     0.00052886886
 precipitation (mm):   0.00015737477
 large-scale (mm):     0.00000000000
 Imbalance (mm)      -0.00000000000
 evap (mm/day):   1.52314232189394     
 prec (mm/day):  0.453239342764444     
 ls (mm/day):  0.000000000000000E+000
 imbalance (mm/day) -8.190799601071053E-011
  imbalance (rel error): -4.539148896414761E-016
 ===========================
NSTEP =        297   NCYCLE=  8  CFL_adv= 0.465  CFL_sgs= 0.034
NSTEP =        298   NCYCLE=  9  CFL_adv= 0.438  CFL_sgs= 0.029
NSTEP =        299   NCYCLE=  9  CFL_adv= 0.436  CFL_sgs= 0.027
 Collecting statistics...
 name QCSTRG is missing in "lst" file.
 Writting statistics:nstatsteps=          15
 --------------- ISCCP Simulator Diagnostics: -----------------
 ISCCP PDF:
            0.0       0.3       1.3       3.6       9.4      23.0      60.0
    0.     0.000     0.000     0.000     0.000     0.000     0.000     0.000
  180.     0.000     0.000     0.000     0.000     0.000     0.000     0.000
  310.     0.000     0.000     0.000     0.000     0.000     0.000     0.000
  440.     0.000     0.000     0.000     0.000     0.000     0.000     0.000
  560.     0.000     0.000     0.000     0.000     0.000     0.000     0.000
  680.     0.000     0.000     0.000     0.000     0.000     0.000     0.000
  800.     0.000     0.000     0.000     0.000     0.000     0.000     0.000
 low cld area (tau > 0.3)=  0.000000000000000E+000
 mid cld area (tau > 0.3)=  0.000000000000000E+000
 hgh cld area (tau > 0.3)=  0.000000000000000E+000
 total cld area (tau > 0.3)=  0.000000000000000E+000
 mean albedo cld (tau > 0.3)   -1.00000000000000     
 mean tau cld (tau > 0.3)   -1.00000000000000     
 mean top pressure (tau > 0.3)  -1.00000000000000     
 mean brightness temp (tau > 0.3)  -1.00000000000000     
 mean clearsky brightness temp (tau > 0.3)  -1.00000000000000     
 --------------- MODIS Simulator Diagnostics: -----------------
 MODIS PDF:
                      0.3       1.3       3.6       9.4      23.0      60.0
    0.               0.000     0.000     0.000     0.000     0.000     0.000
  180.               0.000     0.000     0.000     0.000     0.000     0.000
  310.               0.000     0.000     0.000     0.000     0.000     0.000
  440.               0.000     0.000     0.000     0.000     0.000     0.000
  560.               0.000     0.000     0.000     0.000     0.000     0.000
  680.               0.000     0.000     0.000     0.000     0.000     0.000
  800.               0.000     0.000     0.000     0.000     0.000     0.000
 low cld area =  0.000000000000000E+000
 mid cld area =  0.000000000000000E+000
 hgh cld area =  0.000000000000000E+000
 total cld area =  0.000000000000000E+000
 mean tau cld   -1.00000000000000     
 mean top pressure   -1.00000000000000     
 total cld area (liquid) =  0.000000000000000E+000
 total cld area (ice) =  0.000000000000000E+000
 mean tau (liquid) =  -1.00000000000000     
 mean tau (ice) =  0.000000000000000E+000
 mean lwp (g/m2) =  -1.00000000000000     
 mean iwp (g/m2) =  0.000000000000000E+000
 mean reff (liquid)  =  -1.00000000000000     
 mean reff (ice)  =  0.000000000000000E+000
 --------------- MISR Simulator Diagnostics: -----------------
 MISR PDF:
            0.0       0.3       1.3       3.6       9.4      23.0      60.0
 99.00     0.000     0.000     0.000     0.000     0.000     0.000     0.000
 17.00     0.000     0.000     0.000     0.000     0.000     0.000     0.000
 15.00     0.000     0.000     0.000     0.000     0.000     0.000     0.000
 13.00     0.000     0.000     0.000     0.000     0.000     0.000     0.000
 11.00     0.000     0.000     0.000     0.000     0.000     0.000     0.000
  9.00     0.000     0.000     0.000     0.000     0.000     0.000     0.000
  7.00     0.000     0.000     0.000     0.000     0.000     0.000     0.000
  5.00     0.000     0.000     0.000     0.000     0.000     0.000     0.000
  4.00     0.000     0.000     0.000     0.000     0.000     0.000     0.000
  3.00     0.000     0.000     0.000     0.000     0.000     0.000     0.000
  2.50     0.000     0.000     0.000     0.000     0.000     0.000     0.000
  2.00     0.000     0.000     0.000     0.000     0.000     0.000     0.000
  1.50     0.000     0.000     0.000     0.000     0.000     0.000     0.000
  1.00     0.000     0.000     0.000     0.000     0.000     0.000     0.000
  0.50     0.000     0.000     0.000     0.000     0.000     0.000     0.000
  0.00     0.000     0.000     0.000     0.000     0.000     0.000     0.000
 total cld area =  0.000000000000000E+000
 mean top height (m)  0.000000000000000E+000
 Writting history file 
 rcemip305sst_160_MaxIce20_2dry3km                                              
  
NSTEP =        300   NCYCLE=  9  CFL_adv= 0.438  CFL_sgs= 0.027
 DAY =   0.104166666666667     
 NSTEP=         300
 div:  2.644983979100183E-017 -2.369491776330254E-017
 SST=   305.000000000000     
 surface pressure=   1014.80000000000     
 u:  -17.9696382817148        17.9135649884419     
 v:  -20.4017830053858        14.6211991215077     
 w:  -14.8399717543027        25.0481816895650     
 p:  -53.8187618048654        64.4885443002376     
 t:   295.809933348589        479.468130441844     
 tabs:   202.624642144005        306.141078232554     
 qv:  9.240525648562565E-114  2.503715504509550E-002
 tke:  0.000000000000000E+000   41.3527166317224     
 tk:  0.000000000000000E+000   160.765194911170     
 tkh:  0.000000000000000E+000   160.765194911170     
 qcl:  0.000000000000000E+000  3.931475311658985E-003
 qci:  0.000000000000000E+000  1.410567882360999E-002
 qpl:  0.000000000000000E+000  4.419129456401698E-003
 qpi:  0.000000000000000E+000  0.000000000000000E+000
 qrad(K/day):  -127.869388020522        119.515442920823     
 shf:  -2.32450595076872        57.7007843635258     
 lhf:   33.4017130607189        491.727279530175     
 uw: -0.145028912734089       0.110046754018489     
 vw: -0.171613268083704       0.153392465179680     
 sst:   305.000000000000        305.000000000000     
 ===========================
 total water budget:
 before (mm):         62.61574762519
 after (mm):          62.61612258821
 evaporation (mm):     0.00052803865
 precipitation (mm):   0.00015307563
 large-scale (mm):     0.00000000000
 Imbalance (mm)      -0.00000000000
 evap (mm/day):   1.52075130567788     
 prec (mm/day):  0.440857814675715     
 ls (mm/day):  0.000000000000000E+000
 imbalance (mm/day) -3.091698771995333E-011
  imbalance (rel error): -2.269520073713207E-016
 ===========================
CPU TIME =     566.6442 OVER     0.50 MODEL HOURS
 Let's do some shortwave
 Range of zenith angles  0.732661695834013       0.732661695834013     
 Range of surface albedo (asdir)  3.383449086658900E-002  3.383449086658900E-002
 Range of surface albedo (aldir)  3.383449086658900E-002  3.383449086658900E-002
 Range of surface albedo (asdif)  6.000000000000000E-002  6.000000000000000E-002
 Range of surface albedo (aldif)  6.000000000000000E-002  6.000000000000000E-002
 radiation: perpetual sun, solin=   310.282739777570     
 longwave radiation is called
NSTEP =        301   NCYCLE=  8  CFL_adv= 0.470  CFL_sgs= 0.029
NSTEP =        302   NCYCLE=  7  CFL_adv= 0.473  CFL_sgs= 0.041
NSTEP =        303   NCYCLE=  7  CFL_adv= 0.448  CFL_sgs= 0.042
 Collecting statistics...
 name QCSTRG is missing in "lst" file.
NSTEP =        304   NCYCLE=  7  CFL_adv= 0.414  CFL_sgs= 0.042
 DAY =   0.105555555555556     
 NSTEP=         304
 div:  3.340022343911677E-017 -4.703374435750514E-017
 SST=   305.000000000000     
 surface pressure=   1014.80000000000     
 u:  -18.2187878828054        18.0830440017493     
 v:  -17.3085142875943        17.5534040796494     
 w:  -10.4859860024095        19.4697684435832     
 p:  -42.8009940200854        67.1289350221229     
 t:   298.398518674596        479.456868080617     
 tabs:   203.613403204844        306.267877672705     
 qv:  8.345756195040171E-104  2.506061459706552E-002
 tke:  0.000000000000000E+000   25.0019634514035     
 tk:  0.000000000000000E+000   124.153640967554     
 tkh:  0.000000000000000E+000   124.153640967554     
 qcl:  0.000000000000000E+000  4.918931425002476E-003
 qci:  0.000000000000000E+000  1.145117550783742E-002
 qpl:  0.000000000000000E+000  5.324131585170288E-003
 qpi:  0.000000000000000E+000  0.000000000000000E+000
 qrad(K/day):  -124.153468266651        115.690653011754     
 shf:  -2.43831211242403        46.5823579096277     
 lhf:   33.8564443268091        418.644312264401     
 uw: -9.867745975632605E-002  9.713590195093215E-002
 vw: -0.120322834003851       0.128078944782851     
 sst:   305.000000000000        305.000000000000     
 ===========================
 total water budget:
 before (mm):         62.61723646009
 after (mm):          62.61760680869
 evaporation (mm):     0.00052745632
 precipitation (mm):   0.00015710772
 large-scale (mm):     0.00000000000
 Imbalance (mm)       0.00000000000
 evap (mm/day):   1.51907419068284     
 prec (mm/day):  0.452470231172800     
 ls (mm/day):  0.000000000000000E+000
 imbalance (mm/day) -6.433915900050380E-013
  imbalance (rel error):  0.000000000000000E+000
 ===========================
NSTEP =        305   NCYCLE=  6  CFL_adv= 0.474  CFL_sgs= 0.048
NSTEP =        306   NCYCLE=  6  CFL_adv= 0.476  CFL_sgs= 0.047
 Let's do some shortwave
 Range of zenith angles  0.732661695834013       0.732661695834013     
 Range of surface albedo (asdir)  3.383449086658900E-002  3.383449086658900E-002
 Range of surface albedo (aldir)  3.383449086658900E-002  3.383449086658900E-002
 Range of surface albedo (asdif)  6.000000000000000E-002  6.000000000000000E-002
 Range of surface albedo (aldif)  6.000000000000000E-002  6.000000000000000E-002
 radiation: perpetual sun, solin=   310.282739773655     
 longwave radiation is called
NSTEP =        307   NCYCLE=  7  CFL_adv= 0.416  CFL_sgs= 0.038
 Collecting statistics...
 name QCSTRG is missing in "lst" file.
NSTEP =        308   NCYCLE=  6  CFL_adv= 0.476  CFL_sgs= 0.043
 DAY =   0.106944444444444     
 NSTEP=         308
 div:  4.015967282524879E-017 -5.972593605620958E-017
 SST=   305.000000000000     
 surface pressure=   1014.80000000000     
 u:  -17.5603592254650        17.2757387206566     
 v:  -15.8461751847311        15.2579714031788     
 w:  -10.8837135856902        20.9149471490551     
 p:  -49.2330601591606        57.2410393563371     
 t:   299.833034491625        479.473608949663     
 tabs:   201.587640304042        306.057506807166     
 qv:  2.505913266499912E-098  2.505994194087249E-002
 tke:  0.000000000000000E+000   18.6227349624272     
 tk:  0.000000000000000E+000   105.118166799489     
 tkh:  0.000000000000000E+000   105.118166799489     
 qcl:  0.000000000000000E+000  3.542091909217874E-003
 qci:  0.000000000000000E+000  1.348461557869261E-002
 qpl:  0.000000000000000E+000  5.206953575704332E-003
 qpi:  0.000000000000000E+000  0.000000000000000E+000
 qrad(K/day):  -122.080689707288        116.400412114281     
 shf:  -2.51687001597890        38.2888598738558     
 lhf:   35.3695327522342        365.274664004070     
 uw: -7.310237587316049E-002  6.814038075138394E-002
 vw: -0.111365486590773       0.100161794800075     
 sst:   305.000000000000        305.000000000000     
 ===========================
 total water budget:
 before (mm):         62.61873920387
 after (mm):          62.61912704170
 evaporation (mm):     0.00052667128
 precipitation (mm):   0.00013883345
 large-scale (mm):     0.00000000000
 Imbalance (mm)      -0.00000000000
 evap (mm/day):   1.51681328247243     
 prec (mm/day):  0.399840332854783     
 ls (mm/day):  0.000000000000000E+000
 imbalance (mm/day) -1.053694631547586E-010
  imbalance (rel error): -5.673527956457170E-016
 ===========================
NSTEP =        309   NCYCLE=  7  CFL_adv= 0.430  CFL_sgs= 0.035
NSTEP =        310   NCYCLE=  7  CFL_adv= 0.453  CFL_sgs= 0.033
NSTEP =        311   NCYCLE=  8  CFL_adv= 0.420  CFL_sgs= 0.027
 Collecting statistics...
 name QCSTRG is missing in "lst" file.
NSTEP =        312   NCYCLE=  8  CFL_adv= 0.443  CFL_sgs= 0.025
 DAY =   0.108333333333333     
 NSTEP=         312
 div:  3.178537663985051E-017 -3.299918264850536E-017
 SST=   305.000000000000     
 surface pressure=   1014.80000000000     
 u:  -14.2727802013992        18.5059135496446     
 v:  -18.2552585920744        15.5721951662199     
 w:  -8.99031505423517        27.8212688023913     
 p:  -64.2215364093426        48.7775858776706     
 t:   298.750727180438        479.437327125494     
 tabs:   204.545725082672        305.490142497804     
 qv:  4.654380100999984E-095  2.507982109748241E-002
 tke:  0.000000000000000E+000   13.7505576916977     
 tk:  0.000000000000000E+000   92.7043610479629     
 tkh:  0.000000000000000E+000   92.7043610479629     
 qcl:  0.000000000000000E+000  4.146158897280138E-003
 qci:  0.000000000000000E+000  1.001066978427974E-002
 qpl:  0.000000000000000E+000  4.408986745952862E-003
 qpi:  0.000000000000000E+000  0.000000000000000E+000
 qrad(K/day):  -122.080689707288        116.400412114281     
 shf:  -2.22101711273561        50.0177973793260     
 lhf:   33.8334975508915        313.635122821974     
 uw: -6.833827712448506E-002  6.350254995615970E-002
 vw: -8.378953794823853E-002  9.100564772100467E-002
 sst:   305.000000000000        305.000000000000     
 ===========================
 total water budget:
 before (mm):         62.62030686551
 after (mm):          62.62069579140
 evaporation (mm):     0.00052559787
 precipitation (mm):   0.00013667198
 large-scale (mm):     0.00000000000
 Imbalance (mm)       0.00000000000
 evap (mm/day):   1.51372185699937     
 prec (mm/day):  0.393615299724406     
 ls (mm/day):  0.000000000000000E+000
 imbalance (mm/day) -8.615295976621695E-012
  imbalance (rel error):  0.000000000000000E+000
 ===========================
 Let's do some shortwave
 Range of zenith angles  0.732661695834013       0.732661695834013     
 Range of surface albedo (asdir)  3.383449086658900E-002  3.383449086658900E-002
 Range of surface albedo (aldir)  3.383449086658900E-002  3.383449086658900E-002
 Range of surface albedo (asdif)  6.000000000000000E-002  6.000000000000000E-002
 Range of surface albedo (aldif)  6.000000000000000E-002  6.000000000000000E-002
 radiation: perpetual sun, solin=   310.282739769771     
 longwave radiation is called
NSTEP =        313   NCYCLE=  8  CFL_adv= 0.467  CFL_sgs= 0.024
NSTEP =        314   NCYCLE=  9  CFL_adv= 0.427  CFL_sgs= 0.021
NSTEP =        315   NCYCLE=  9  CFL_adv= 0.450  CFL_sgs= 0.021
 Collecting statistics...
 name QCSTRG is missing in "lst" file.
NSTEP =        316   NCYCLE=  9  CFL_adv= 0.460  CFL_sgs= 0.020
 DAY =   0.109722222222222     
 NSTEP=         316
 div:  2.680419202825030E-017 -3.208658842379789E-017
 SST=   305.000000000000     
 surface pressure=   1014.80000000000     
 u:  -15.3882581411101        15.7848151154925     
 v:  -17.1131871885530        15.0057516063991     
 w:  -7.35577725713464        30.9851900505088     
 p:  -55.7568193101871        54.7113196173226     
 t:   297.679875453340        479.425728695275     
 tabs:   203.112031778805        305.376338860544     
 qv:  9.937239037743980E-093  2.508457219059370E-002
 tke:  0.000000000000000E+000   24.6945925577344     
 tk:  0.000000000000000E+000   124.234135198761     
 tkh:  0.000000000000000E+000   124.234135198761     
 qcl:  0.000000000000000E+000  2.916148913319114E-003
 qci:  0.000000000000000E+000  9.307525632558288E-003
 qpl:  0.000000000000000E+000  3.708603587983517E-003
 qpi:  0.000000000000000E+000  0.000000000000000E+000
 qrad(K/day):  -110.665686258513        115.105584708020     
 shf:  -3.78001309334850        57.3095410830114     
 lhf:   34.1855086003762        308.741417118487     
 uw: -5.764035088230588E-002  6.503610042710434E-002
 vw: -7.707857010141748E-002  8.796022803982675E-002
 sst:   305.000000000000        305.000000000000     
 ===========================
 total water budget:
 before (mm):         62.62183928582
 after (mm):          62.62221800786
 evaporation (mm):     0.00052441851
 precipitation (mm):   0.00014569646
 large-scale (mm):     0.00000000000
 Imbalance (mm)      -0.00000000000
 evap (mm/day):   1.51032530195288     
 prec (mm/day):  0.419605816465123     
 ls (mm/day):  0.000000000000000E+000
 imbalance (mm/day) -2.331908104113989E-011
  imbalance (rel error): -1.134649583428789E-016
 ===========================
NSTEP =        317   NCYCLE=  9  CFL_adv= 0.471  CFL_sgs= 0.020
NSTEP =        318   NCYCLE= 10  CFL_adv= 0.436  CFL_sgs= 0.022
 Let's do some shortwave
 Range of zenith angles  0.732661695834013       0.732661695834013     
 Range of surface albedo (asdir)  3.383449086658900E-002  3.383449086658900E-002
 Range of surface albedo (aldir)  3.383449086658900E-002  3.383449086658900E-002
 Range of surface albedo (asdif)  6.000000000000000E-002  6.000000000000000E-002
 Range of surface albedo (aldif)  6.000000000000000E-002  6.000000000000000E-002
 radiation: perpetual sun, solin=   310.282739766403     
 longwave radiation is called
NSTEP =        319   NCYCLE= 10  CFL_adv= 0.451  CFL_sgs= 0.021
 Collecting statistics...
 name QCSTRG is missing in "lst" file.
NSTEP =        320   NCYCLE= 10  CFL_adv= 0.437  CFL_sgs= 0.024
 DAY =   0.111111111111111     
 NSTEP=         320
 div:  1.693831856812642E-017 -2.906913702210794E-017
 SST=   305.000000000000     
 surface pressure=   1014.80000000000     
 u:  -16.2959818456313        17.2631633896983     
 v:  -18.5979391714935        17.3064546845288     
 w:  -6.27872276299680        26.6618422758193     
 p:  -42.4683628960142        59.2098217306468     
 t:   298.095908898447        479.425080947420     
 tabs:   204.058195517367        305.540537154645     
 qv:  8.768781526787780E-091  2.509769470239696E-002
 tke:  0.000000000000000E+000   33.5822428272686     
 tk:  0.000000000000000E+000   144.875469859610     
 tkh:  0.000000000000000E+000   144.875469859610     
 qcl:  0.000000000000000E+000  2.589992721465339E-003
 qci:  0.000000000000000E+000  9.916463693086628E-003
 qpl:  0.000000000000000E+000  3.079414578114169E-003
 qpi:  0.000000000000000E+000  0.000000000000000E+000
 qrad(K/day):  -115.104282312131        114.896924314834     
 shf:  -2.60244910397366        51.8356273825056     
 lhf:   33.4550736637973        332.314324267367     
 uw: -6.181207707964954E-002  6.451319554216690E-002
 vw: -8.363963155985944E-002  7.981405581862856E-002
 sst:   305.000000000000        305.000000000000     
 ===========================
 total water budget:
 before (mm):         62.62335975109
 after (mm):          62.62374389268
 evaporation (mm):     0.00052329339
 precipitation (mm):   0.00013915239
 large-scale (mm):     0.00000000000
 Imbalance (mm)       0.00000000059
 evap (mm/day):   1.50708495538741     
 prec (mm/day):  0.400758875515555     
 ls (mm/day):  0.000000000000000E+000
 imbalance (mm/day)  1.697068510875949E-006
  imbalance (rel error):  9.409533182862164E-012
 ===========================
NSTEP =        321   NCYCLE=  9  CFL_adv= 0.453  CFL_sgs= 0.023
NSTEP =        322   NCYCLE=  8  CFL_adv= 0.456  CFL_sgs= 0.023
NSTEP =        323   NCYCLE=  7  CFL_adv= 0.465  CFL_sgs= 0.022
 Collecting statistics...
 name QCSTRG is missing in "lst" file.
NSTEP =        324   NCYCLE=  7  CFL_adv= 0.435  CFL_sgs= 0.024
 DAY =   0.112500000000000     
 NSTEP=         324
 div:  3.167637440449415E-017 -5.252693843308267E-017
 SST=   305.000000000000     
 surface pressure=   1014.80000000000     
 u:  -15.1810174235496        14.9965699415959     
 v:  -16.6209170889665        14.1215067281063     
 w:  -7.94533106272834        17.0298363122073     
 p:  -33.3997614587175        53.2015603272366     
 t:   298.767449330871        479.430414638572     
 tabs:   205.755818628004        305.170594653369     
 qv:  9.245803592152288E-091  2.510040791789230E-002
 tke:  0.000000000000000E+000   20.5530387446074     
 tk:  0.000000000000000E+000   113.338648374593     
 tkh:  0.000000000000000E+000   113.338648374593     
 qcl:  0.000000000000000E+000  2.202210887350140E-003
 qci:  0.000000000000000E+000  1.056483742406960E-002
 qpl:  0.000000000000000E+000  3.236082670523340E-003
 qpi:  0.000000000000000E+000  0.000000000000000E+000
 qrad(K/day):  -115.104282312131        114.896924314834     
 shf:  -3.53985674909285        47.5843182865594     
 lhf:   33.2576836267647        311.451167946327     
 uw: -7.194859324066057E-002  6.890859913826293E-002
 vw: -9.093687669038980E-002  9.696098663578201E-002
 sst:   305.000000000000        305.000000000000     
 ===========================
 total water budget:
 before (mm):         62.62491619451
 after (mm):          62.62531530352
 evaporation (mm):     0.00052229524
 precipitation (mm):   0.00012318624
 large-scale (mm):     0.00000000000
 Imbalance (mm)       0.00000000000
 evap (mm/day):   1.50421030099128     
 prec (mm/day):  0.354776358153573     
 ls (mm/day):  0.000000000000000E+000
 imbalance (mm/day) -4.325446251174369E-013
  imbalance (rel error):  0.000000000000000E+000
 ===========================
 Let's do some shortwave
 Range of zenith angles  0.732661695834013       0.732661695834013     
 Range of surface albedo (asdir)  3.383449086658900E-002  3.383449086658900E-002
 Range of surface albedo (aldir)  3.383449086658900E-002  3.383449086658900E-002
 Range of surface albedo (asdif)  6.000000000000000E-002  6.000000000000000E-002
 Range of surface albedo (aldif)  6.000000000000000E-002  6.000000000000000E-002
 radiation: perpetual sun, solin=   310.282739764221     
 longwave radiation is called
NSTEP =        325   NCYCLE=  6  CFL_adv= 0.454  CFL_sgs= 0.027
NSTEP =        326   NCYCLE=  5  CFL_adv= 0.469  CFL_sgs= 0.031
NSTEP =        327   NCYCLE=  5  CFL_adv= 0.426  CFL_sgs= 0.031
 Collecting statistics...
 name QCSTRG is missing in "lst" file.
NSTEP =        328   NCYCLE=  5  CFL_adv= 0.427  CFL_sgs= 0.031
 DAY =   0.113888888888889     
 NSTEP=         328
 div:  3.348991399084069E-017 -5.017464268822614E-017
 SST=   305.000000000000     
 surface pressure=   1014.80000000000     
 u:  -15.0566341361459        14.2098507452720     
 v:  -12.2379526396432        11.6232699999672     
 w:  -12.4902353332915        13.0815102832404     
 p:  -40.7236550830632        41.3148310265214     
 t:   299.301182276183        479.422272971300     
 tabs:   204.935028141076        305.304899884794     
 qv:  9.707076383383662E-091  2.509502578143143E-002
 tke:  0.000000000000000E+000   16.0446297439918     
 tk:  0.000000000000000E+000   100.139370828835     
 tkh:  0.000000000000000E+000   100.139370828835     
 qcl:  0.000000000000000E+000  1.929329230478755E-003
 qci:  0.000000000000000E+000  1.106853324188733E-002
 qpl:  0.000000000000000E+000  3.262160464761208E-003
 qpi:  0.000000000000000E+000  0.000000000000000E+000
 qrad(K/day):  -114.546251927213        105.405218704217     
 shf:  -2.90074054784858        45.2670337166366     
 lhf:   33.4066625324377        296.908769619804     
 uw: -6.596429985084439E-002  5.920047669853901E-002
 vw: -0.103237269424496       0.117410495356231     
 sst:   305.000000000000        305.000000000000     
 ===========================
 total water budget:
 before (mm):         62.62653733684
 after (mm):          62.62695201898
 evaporation (mm):     0.00052132455
 precipitation (mm):   0.00010664240
 large-scale (mm):     0.00000000000
 Imbalance (mm)      -0.00000000000
 evap (mm/day):   1.50141469245046     
 prec (mm/day):  0.307130111161875     
 ls (mm/day):  0.000000000000000E+000
 imbalance (mm/day) -4.810370851648926E-011
  imbalance (rel error): -3.403691443636238E-016
 ===========================
NSTEP =        329   NCYCLE=  5  CFL_adv= 0.428  CFL_sgs= 0.031
NSTEP =        330   NCYCLE=  5  CFL_adv= 0.412  CFL_sgs= 0.031
 Let's do some shortwave
 Range of zenith angles  0.732661695834013       0.732661695834013     
 Range of surface albedo (asdir)  3.383449086658900E-002  3.383449086658900E-002
 Range of surface albedo (aldir)  3.383449086658900E-002  3.383449086658900E-002
 Range of surface albedo (asdif)  6.000000000000000E-002  6.000000000000000E-002
 Range of surface albedo (aldif)  6.000000000000000E-002  6.000000000000000E-002
 radiation: perpetual sun, solin=   310.282739763613     
 longwave radiation is called
NSTEP =        331   NCYCLE=  5  CFL_adv= 0.422  CFL_sgs= 0.031
 Collecting statistics...
 name QCSTRG is missing in "lst" file.
NSTEP =        332   NCYCLE=  5  CFL_adv= 0.429  CFL_sgs= 0.030
 DAY =   0.115277777777778     
 NSTEP=         332
 div:  5.379062939638215E-017 -7.082210077575174E-017
 SST=   305.000000000000     
 surface pressure=   1014.80000000000     
 u:  -11.3765864738855        12.3225541809784     
 v:  -12.6173028811297        9.95828654935714     
 w:  -12.4899104991354        11.7343497838200     
 p:  -39.2284610487057        42.1135680805936     
 t:   299.662856779091        479.429033146064     
 tabs:   205.847720651639        305.308560445313     
 qv:  1.153909030943958E-090  2.510054301208588E-002
 tke:  0.000000000000000E+000   10.5909302788895     
 tk:  0.000000000000000E+000   81.3592737449515     
 tkh:  0.000000000000000E+000   81.3592737449515     
 qcl:  0.000000000000000E+000  1.807532046633920E-003
 qci:  0.000000000000000E+000  1.002684559465753E-002
 qpl:  0.000000000000000E+000  2.771905850510621E-003
 qpi:  0.000000000000000E+000  0.000000000000000E+000
 qrad(K/day):  -108.818749189005        89.3414323819102     
 shf:  -2.30283321212057        37.0534715678164     
 lhf:   33.2297705782733        280.673656335677     
 uw: -6.945311277267847E-002  6.300724111986328E-002
 vw: -9.979695295854195E-002  0.120323387721040     
 sst:   305.000000000000        305.000000000000     
 ===========================
 total water budget:
 before (mm):         62.62821906241
 after (mm):          62.62864952382
 evaporation (mm):     0.00052026681
 precipitation (mm):   0.00008980539
 large-scale (mm):     0.00000000000
 Imbalance (mm)      -0.00000000000
 evap (mm/day):   1.49836840375141     
 prec (mm/day):  0.258639520555006     
 ls (mm/day):  0.000000000000000E+000
 imbalance (mm/day) -3.564921795262688E-011
  imbalance (rel error): -2.269066126006153E-016
 ===========================
NSTEP =        333   NCYCLE=  5  CFL_adv= 0.425  CFL_sgs= 0.029
NSTEP =        334   NCYCLE=  5  CFL_adv= 0.410  CFL_sgs= 0.030
NSTEP =        335   NCYCLE=  4  CFL_adv= 0.467  CFL_sgs= 0.038
 Collecting statistics...
 name QCSTRG is missing in "lst" file.
NSTEP =        336   NCYCLE=  4  CFL_adv= 0.436  CFL_sgs= 0.038
 DAY =   0.116666666666667     
 NSTEP=         336
 div:  4.354021621202119E-017 -7.962825280105187E-017
 SST=   305.000000000000     
 surface pressure=   1014.80000000000     
 u:  -10.8382614831097        13.7686876410186     
 v:  -12.0057078451067        9.18847809169410     
 w:  -7.66521100935975        10.9952561368563     
 p:  -37.2212484854829        38.7051655090856     
 t:   300.128588095415        479.418324480090     
 tabs:   206.205919312134        305.332859211609     
 qv:  3.642537382168309E-090  2.512495089253796E-002
 tke:  0.000000000000000E+000   5.81067522958897     
 tk:  0.000000000000000E+000   60.2633555196946     
 tkh:  0.000000000000000E+000   60.2633555196946     
 qcl:  0.000000000000000E+000  1.676771482313263E-003
 qci:  0.000000000000000E+000  1.022525472511250E-002
 qpl:  0.000000000000000E+000  2.046885103075059E-003
 qpi:  0.000000000000000E+000  0.000000000000000E+000
 qrad(K/day):  -108.818749189005        89.3414323819102     
 shf:  -2.07702780598318        24.2221633678466     
 lhf:   32.9379694720083        264.285161548279     
 uw: -6.596895290703340E-002  6.331441123161362E-002
 vw: -9.530469618654122E-002  0.105974349529918     
 sst:   305.000000000000        305.000000000000     
 ===========================
 total water budget:
 before (mm):         62.62995999604
 after (mm):          62.63039920169
 evaporation (mm):     0.00051915378
 precipitation (mm):   0.00007994813
 large-scale (mm):     0.00000000000
 Imbalance (mm)      -0.00000000000
 evap (mm/day):   1.49516288139313     
 prec (mm/day):  0.230250604768300     
 ls (mm/day):  0.000000000000000E+000
 imbalance (mm/day) -7.104781606787069E-011
  imbalance (rel error): -4.538005472210966E-016
 ===========================
 Let's do some shortwave
 Range of zenith angles  0.732661695834013       0.732661695834013     
 Range of surface albedo (asdir)  3.383449086658900E-002  3.383449086658900E-002
 Range of surface albedo (aldir)  3.383449086658900E-002  3.383449086658900E-002
 Range of surface albedo (asdif)  6.000000000000000E-002  6.000000000000000E-002
 Range of surface albedo (aldif)  6.000000000000000E-002  6.000000000000000E-002
 radiation: perpetual sun, solin=   310.282739764252     
 longwave radiation is called
NSTEP =        337   NCYCLE=  4  CFL_adv= 0.405  CFL_sgs= 0.038
NSTEP =        338   NCYCLE=  4  CFL_adv= 0.394  CFL_sgs= 0.037
NSTEP =        339   NCYCLE=  4  CFL_adv= 0.381  CFL_sgs= 0.036
 Collecting statistics...
 name QCSTRG is missing in "lst" file.
NSTEP =        340   NCYCLE=  4  CFL_adv= 0.382  CFL_sgs= 0.036
 DAY =   0.118055555555556     
 NSTEP=         340
 div:  5.423167732457288E-017 -7.373482993038291E-017
 SST=   305.000000000000     
 surface pressure=   1014.80000000000     
 u:  -12.0586380545304        12.2584435974626     
 v:  -12.9570304290566        8.80491852788127     
 w:  -5.40136247332717        10.3204436196526     
 p:  -31.9159630872764        31.3406287408656     
 t:   300.512341067923        479.420211424903     
 tabs:   205.282627574675        305.444890010260     
 qv:  1.950589131762808E-089  2.514139174198397E-002
 tke:  0.000000000000000E+000   4.70227134967053     
 tk:  0.000000000000000E+000   54.2118030833146     
 tkh:  0.000000000000000E+000   54.2118030833146     
 qcl:  0.000000000000000E+000  1.569838349169579E-003
 qci:  0.000000000000000E+000  1.024420679168485E-002
 qpl:  0.000000000000000E+000  1.350285072336357E-003
 qpi:  0.000000000000000E+000  0.000000000000000E+000
 qrad(K/day):  -105.864169429165        108.623587488805     
 shf:  -2.05430926340804        22.1999825978057     
 lhf:   34.3987537320653        234.280268440743     
 uw: -5.394816126136459E-002  5.684860001186216E-002
 vw: -8.546830288033049E-002  9.716102860621570E-002
 sst:   305.000000000000        305.000000000000     
 ===========================
 total water budget:
 before (mm):         62.63171942157
 after (mm):          62.63216274631
 evaporation (mm):     0.00051796357
 precipitation (mm):   0.00007463883
 large-scale (mm):     0.00000000000
 Imbalance (mm)      -0.00000000000
 evap (mm/day):   1.49173509399553     
 prec (mm/day):  0.214959817100989     
 ls (mm/day):  0.000000000000000E+000
 imbalance (mm/day) -2.043584051980574E-011
  imbalance (rel error): -1.134469423701822E-016
 ===========================
NSTEP =        341   NCYCLE=  4  CFL_adv= 0.448  CFL_sgs= 0.036
NSTEP =        342   NCYCLE=  4  CFL_adv= 0.473  CFL_sgs= 0.035
 Let's do some shortwave
 Range of zenith angles  0.732661695834013       0.732661695834013     
 Range of surface albedo (asdir)  3.383449086658900E-002  3.383449086658900E-002
 Range of surface albedo (aldir)  3.383449086658900E-002  3.383449086658900E-002
 Range of surface albedo (asdif)  6.000000000000000E-002  6.000000000000000E-002
 Range of surface albedo (aldif)  6.000000000000000E-002  6.000000000000000E-002
 radiation: perpetual sun, solin=   310.282739765468     
 longwave radiation is called
NSTEP =        343   NCYCLE=  5  CFL_adv= 0.387  CFL_sgs= 0.028
 Collecting statistics...
 name QCSTRG is missing in "lst" file.
NSTEP =        344   NCYCLE=  4  CFL_adv= 0.460  CFL_sgs= 0.033
 DAY =   0.119444444444444     
 NSTEP=         344
 div:  4.936993073210698E-017 -7.147487130404917E-017
 SST=   305.000000000000     
 surface pressure=   1014.80000000000     
 u:  -12.4068581209483        10.7425851068302     
 v:  -13.7392704765828        11.9080546131618     
 w:  -5.62753619472375        11.3766696718841     
 p:  -21.4957432333465        31.2361040881426     
 t:   300.842342559962        479.413252860419     
 tabs:   205.224380936124        305.456012494422     
 qv:  2.163448389439249E-089  2.515722831434172E-002
 tke:  0.000000000000000E+000   3.91362039160102     
 tk:  0.000000000000000E+000   49.4571809219919     
 tkh:  0.000000000000000E+000   49.4571809219919     
 qcl:  0.000000000000000E+000  1.267627974935898E-003
 qci:  0.000000000000000E+000  1.001019842922730E-002
 qpl:  0.000000000000000E+000  1.611254482272870E-003
 qpi:  0.000000000000000E+000  0.000000000000000E+000
 qrad(K/day):  -106.338104583621        88.2354683627606     
 shf:  -1.82333356140030        20.1720149091617     
 lhf:   33.8479451572637        227.182411634634     
 uw: -4.195048109057171E-002  5.320049623081136E-002
 vw: -7.126865336336657E-002  8.328283219705519E-002
 sst:   305.000000000000        305.000000000000     
 ===========================
 total water budget:
 before (mm):         62.63350563197
 after (mm):          62.63395685519
 evaporation (mm):     0.00051669145
 precipitation (mm):   0.00006546823
 large-scale (mm):     0.00000000000
 Imbalance (mm)       0.00000000000
 evap (mm/day):   1.48807138169239     
 prec (mm/day):  0.188548491222309     
 ls (mm/day):  0.000000000000000E+000
 imbalance (mm/day)  4.507901864292396E-011
  imbalance (rel error):  2.268873855128846E-016
 ===========================
NSTEP =        345   NCYCLE=  4  CFL_adv= 0.451  CFL_sgs= 0.032
NSTEP =        346   NCYCLE=  4  CFL_adv= 0.386  CFL_sgs= 0.031
NSTEP =        347   NCYCLE=  3  CFL_adv= 0.461  CFL_sgs= 0.119
 Collecting statistics...
 name QCSTRG is missing in "lst" file.
NSTEP =        348   NCYCLE=  3  CFL_adv= 0.440  CFL_sgs= 0.041
 DAY =   0.120833333333333     
 NSTEP=         348
 div:  8.655343015357869E-017 -1.020371341447660E-016
 SST=   305.000000000000     
 surface pressure=   1014.80000000000     
 u:  -12.3776914276796        10.7802355625258     
 v:  -13.9924405152369        9.78358129573783     
 w:  -5.84751662087060        7.16666205032866     
 p:  -18.7774061245378        28.8557724258481     
 t:   301.102437146558        479.409217199321     
 tabs:   206.288369517882        305.313381653512     
 qv:  4.827085730392060E-089  2.516166171836317E-002
 tke:  0.000000000000000E+000   3.16432666001518     
 tk:  0.000000000000000E+000   44.4713858847404     
 tkh:  0.000000000000000E+000   44.4713858847404     
 qcl:  0.000000000000000E+000  7.977105714922923E-004
 qci:  0.000000000000000E+000  1.030265102200198E-002
 qpl:  0.000000000000000E+000  1.879886324705515E-003
 qpi:  0.000000000000000E+000  0.000000000000000E+000
 qrad(K/day):  -106.338104583621        88.2354683627606     
 shf:  -1.60054824618552        20.5871394267384     
 lhf:   33.3658820970970        240.928698376588     
 uw: -4.274295510820732E-002  4.656934052362453E-002
 vw: -5.778409255358269E-002  6.763714876421054E-002
 sst:   305.000000000000        305.000000000000     
 ===========================
 total water budget:
 before (mm):         62.63531515751
 after (mm):          62.63576801409
 evaporation (mm):     0.00051539677
 precipitation (mm):   0.00006254019
 large-scale (mm):     0.00000000000
 Imbalance (mm)       0.00000000000
 evap (mm/day):   1.48434268416565     
 prec (mm/day):  0.180115747479770     
 ls (mm/day):  0.000000000000000E+000
 imbalance (mm/day) -4.367990344422701E-012
  imbalance (rel error):  0.000000000000000E+000
 ===========================
 Let's do some shortwave
 Range of zenith angles  0.732661695834013       0.732661695834013     
 Range of surface albedo (asdir)  3.383449086658900E-002  3.383449086658900E-002
 Range of surface albedo (aldir)  3.383449086658900E-002  3.383449086658900E-002
 Range of surface albedo (asdif)  6.000000000000000E-002  6.000000000000000E-002
 Range of surface albedo (aldif)  6.000000000000000E-002  6.000000000000000E-002
 radiation: perpetual sun, solin=   310.282739766663     
 longwave radiation is called
NSTEP =        349   NCYCLE=  3  CFL_adv= 0.403  CFL_sgs= 0.040
NSTEP =        350   NCYCLE=  3  CFL_adv= 0.445  CFL_sgs= 0.038
NSTEP =        351   NCYCLE=  3  CFL_adv= 0.439  CFL_sgs= 0.037
 Collecting statistics...
 name QCSTRG is missing in "lst" file.
NSTEP =        352   NCYCLE=  3  CFL_adv= 0.386  CFL_sgs= 0.036
 DAY =   0.122222222222222     
 NSTEP=         352
 div:  6.729911353588284E-017 -1.063390388480008E-016
 SST=   305.000000000000     
 surface pressure=   1014.80000000000     
 u:  -11.9480019332687        8.40003562797806     
 v:  -13.5086175687348        9.18197586044754     
 w:  -6.74933117051747        5.33111439806232     
 p:  -17.9576424454729        24.8478933978263     
 t:   301.156723724986        479.389139921832     
 tabs:   206.434223728742        305.514308694100     
 qv:  2.116738501779874E-088  2.517055817870465E-002
 tke:  0.000000000000000E+000   2.56054826934471     
 tk:  0.000000000000000E+000   39.7988396328086     
 tkh:  0.000000000000000E+000   39.7988396328086     
 qcl:  0.000000000000000E+000  8.078970652878327E-004
 qci:  0.000000000000000E+000  9.889484313303963E-003
 qpl:  0.000000000000000E+000  2.053197733949614E-003
 qpi:  0.000000000000000E+000  0.000000000000000E+000
 qrad(K/day):  -104.982008889879        90.2184628531620     
 shf:  -1.49953531838731        19.4798032331247     
 lhf:   32.9747298454176        244.583205350594     
 uw: -4.643507390241373E-002  4.374851808361971E-002
 vw: -4.651916518653736E-002  5.284758634975974E-002
 sst:   305.000000000000        305.000000000000     
 ===========================
 total water budget:
 before (mm):         62.63712113429
 after (mm):          62.63756901176
 evaporation (mm):     0.00051409626
 precipitation (mm):   0.00006621879
 large-scale (mm):     0.00000000000
 Imbalance (mm)       0.00000000000
 evap (mm/day):   1.48059723170324     
 prec (mm/day):  0.190710115084629     
 ls (mm/day):  0.000000000000000E+000
 imbalance (mm/day) -5.106774378371703E-012
  imbalance (rel error):  0.000000000000000E+000
 ===========================
NSTEP =        353   NCYCLE=  3  CFL_adv= 0.392  CFL_sgs= 0.036
NSTEP =        354   NCYCLE=  3  CFL_adv= 0.382  CFL_sgs= 0.035
 Let's do some shortwave
 Range of zenith angles  0.732661695834013       0.732661695834013     
 Range of surface albedo (asdir)  3.383449086658900E-002  3.383449086658900E-002
 Range of surface albedo (aldir)  3.383449086658900E-002  3.383449086658900E-002
 Range of surface albedo (asdif)  6.000000000000000E-002  6.000000000000000E-002
 Range of surface albedo (aldif)  6.000000000000000E-002  6.000000000000000E-002
 radiation: perpetual sun, solin=   310.282739767346     
 longwave radiation is called
NSTEP =        355   NCYCLE=  3  CFL_adv= 0.393  CFL_sgs= 0.124
 Collecting statistics...
 name QCSTRG is missing in "lst" file.
NSTEP =        356   NCYCLE=  3  CFL_adv= 0.403  CFL_sgs= 0.032
 DAY =   0.123611111111111     
 NSTEP=         356
 div:  5.659287890810440E-017 -9.066356180037941E-017
 SST=   305.000000000000     
 surface pressure=   1014.80000000000     
 u:  -10.6259180479953        8.99405731750652     
 v:  -12.3314718913705        8.39000423214622     
 w:  -7.75610190288348        4.31951237826403     
 p:  -14.9905358871658        23.5784812881193     
 t:   301.004852121143        479.397888975679     
 tabs:   206.409457400832        305.491939287343     
 qv:  1.180780217636938E-087  2.519031721039021E-002
 tke:  0.000000000000000E+000   14.1568177938626     
 tk:  0.000000000000000E+000   44.7154285460694     
 tkh:  0.000000000000000E+000   44.7154285460694     
 qcl:  0.000000000000000E+000  8.864057159613282E-004
 qci:  0.000000000000000E+000  9.515473605206996E-003
 qpl:  0.000000000000000E+000  2.353369258332231E-003
 qpi:  0.000000000000000E+000  0.000000000000000E+000
 qrad(K/day):  -104.698323351327        101.520448189750     
 shf:  -1.44067555132065        19.6582681031252     
 lhf:   32.6666341983408        237.415821794412     
 uw: -5.335050516895965E-002  4.312071655279165E-002
 vw: -4.294579542739554E-002  4.162147556142886E-002
 sst:   305.000000000000        305.000000000000     
 ===========================
 total water budget:
 before (mm):         62.63889722676
 after (mm):          62.63933363185
 evaporation (mm):     0.00051285019
 precipitation (mm):   0.00007644510
 large-scale (mm):     0.00000000000
 Imbalance (mm)       0.00000000000
 evap (mm/day):   1.47700854057625     
 prec (mm/day):  0.220161898964153     
 ls (mm/day):  0.000000000000000E+000
 imbalance (mm/day)  4.891676907287090E-011
  imbalance (rel error):  3.403018652479053E-016
 ===========================
NSTEP =        357   NCYCLE=  3  CFL_adv= 0.439  CFL_sgs= 0.105
NSTEP =        358   NCYCLE=  3  CFL_adv= 0.468  CFL_sgs= 0.112
NSTEP =        359   NCYCLE=  4  CFL_adv= 0.372  CFL_sgs= 0.061
 Writting radiation restart file...
mv: cannot stat './RESTART/bubble_rcemip305sst_160_MaxIce20_2dry3km_64_restart_rad.bin': No such file or directory
 Saved radiation restart file. nstep=         360
 Collecting statistics...
 name QCSTRG is missing in "lst" file.
 Writting statistics:nstatsteps=          15
 --------------- ISCCP Simulator Diagnostics: -----------------
 ISCCP PDF:
            0.0       0.3       1.3       3.6       9.4      23.0      60.0
    0.     0.001     0.000     0.000     0.000     0.000     0.001     0.006
  180.     0.004     0.001     0.001     0.001     0.002     0.002     0.002
  310.     0.000     0.000     0.000     0.000     0.000     0.000     0.000
  440.     0.000     0.000     0.000     0.000     0.000     0.000     0.000
  560.     0.000     0.000     0.000     0.000     0.000     0.000     0.000
  680.     0.000     0.000     0.000     0.000     0.000     0.000     0.000
  800.     0.000     0.000     0.000     0.000     0.000     0.000     0.000
 low cld area (tau > 0.3)=  0.000000000000000E+000
 mid cld area (tau > 0.3)=  0.000000000000000E+000
 hgh cld area (tau > 0.3)=  1.571858723958333E-002
 total cld area (tau > 0.3)=  1.571858723958333E-002
 mean albedo cld (tau > 0.3)   0.700289277334760     
 mean tau cld (tau > 0.3)    22.0505036941823     
 mean top pressure (tau > 0.3)   179.160674755120     
 mean brightness temp (tau > 0.3)   280.682445435650     
 mean clearsky brightness temp (tau > 0.3)   299.359214031825     
 --------------- MODIS Simulator Diagnostics: -----------------
 MODIS PDF:
                      0.3       1.3       3.6       9.4      23.0      60.0
    0.               0.000     0.000     0.000     0.000     0.001     0.006
  180.               0.001     0.001     0.001     0.002     0.002     0.001
  310.               0.000     0.000     0.000     0.000     0.000     0.000
  440.               0.000     0.000     0.000     0.000     0.000     0.000
  560.               0.000     0.000     0.000     0.000     0.000     0.000
  680.               0.000     0.000     0.000     0.000     0.000     0.000
  800.               0.000     0.000     0.000     0.000     0.000     0.000
 low cld area =  0.000000000000000E+000
 mid cld area =  0.000000000000000E+000
 hgh cld area =  1.571655273437500E-002
 total cld area =  1.571655273437500E-002
 mean tau cld    91.9474532878958     
 mean top pressure    170.774595712340     
 total cld area (liquid) =  0.000000000000000E+000
 total cld area (ice) =  1.571655273437500E-002
 mean tau (liquid) =  -1.00000000000000     
 mean tau (ice) =   91.9474532878958     
 mean lwp (g/m2) =  -1.00000000000000     
 mean iwp (g/m2) =   2781.52267514540     
 mean reff (liquid)  =  -1.00000000000000     
 mean reff (ice)  =   49.8973096162180     
 --------------- MISR Simulator Diagnostics: -----------------
 MISR PDF:
            0.0       0.3       1.3       3.6       9.4      23.0      60.0
 99.00     0.000     0.000     0.000     0.000     0.000     0.000     0.000
 17.00     0.000     0.000     0.000     0.000     0.000     0.000     0.004
 15.00     0.000     0.000     0.000     0.000     0.000     0.001     0.002
 13.00     0.000     0.000     0.001     0.001     0.002     0.002     0.001
 11.00     0.000     0.000     0.000     0.000     0.000     0.000     0.000
  9.00     0.000     0.000     0.000     0.000     0.000     0.000     0.000
  7.00     0.000     0.000     0.000     0.000     0.000     0.000     0.000
  5.00     0.000     0.000     0.000     0.000     0.000     0.000     0.000
  4.00     0.000     0.000     0.000     0.000     0.000     0.000     0.000
  3.00     0.000     0.000     0.000     0.000     0.000     0.000     0.000
  2.50     0.000     0.000     0.000     0.000     0.000     0.000     0.000
  2.00     0.000     0.000     0.000     0.000     0.000     0.000     0.000
  1.50     0.000     0.000     0.000     0.000     0.000     0.000     0.000
  1.00     0.000     0.000     0.000     0.000     0.000     0.000     0.000
  0.50     0.000     0.000     0.000     0.000     0.000     0.000     0.000
  0.00     0.000     0.000     0.000     0.000     0.000     0.000     0.000
 total cld area =  1.541748046875000E-002
 mean top height (m)   13490.3833979367     
 Writting history file 
 rcemip305sst_160_MaxIce20_2dry3km                                              
  
 Writing restart file ...
mv: cannot stat './RESTART/bubble_rcemip305sst_160_MaxIce20_2dry3km_misc_restart.bin': No such file or directory
mv: cannot stat './RESTART/bubble_rcemip305sst_160_MaxIce20_2dry3km_64_restart.bin': No such file or directory
 Restart file was saved. nstep=         360
 Writting 2D data. file:./OUT_2D/bubble_rcemip305sst_160_MaxIce20_2dry3km_64.2Db
 in                                                              
 Writting 3D data. file:./OUT_3D/bubble_rcemip305sst_160_MaxIce20_2dry3km_64_000
 0000360.bin3D                                                   
NSTEP =        360   NCYCLE=  4  CFL_adv= 0.389  CFL_sgs= 0.058
 DAY =   0.125000000000000     
 NSTEP=         360
 div:  3.265061340286369E-017 -5.637955350256151E-017
 SST=   305.000000000000     
 surface pressure=   1014.80000000000     
 u:  -9.24461559172088        9.09358246507239     
 v:  -10.5479339651391        7.74419145323437     
 w:  -9.90549214052172        3.81243438319391     
 p:  -14.0218883025604        22.2366966323720     
 t:   300.841480371159        479.403356017543     
 tabs:   206.395572451765        305.465015071983     
 qv:  1.265960168307048E-087  2.519751292398519E-002
 tke:  0.000000000000000E+000   6.97529232836547     
 tk:  0.000000000000000E+000   47.8714222643539     
 tkh:  0.000000000000000E+000   47.8714222643539     
 qcl:  0.000000000000000E+000  8.297721774542326E-004
 qci:  0.000000000000000E+000  8.739789717904456E-003
 qpl:  0.000000000000000E+000  2.238179839859836E-003
 qpi:  0.000000000000000E+000  0.000000000000000E+000
 qrad(K/day):  -104.698323351327        101.520448189750     
 shf:  -1.79460196623036        21.6135459941852     
 lhf:   32.2765277873781        249.004144738226     
 uw: -4.170595984048946E-002  3.794284838946394E-002
 vw: -3.761921387222465E-002  3.861669505285833E-002
 sst:   305.000000000000        305.000000000000     
 ===========================
 total water budget:
 before (mm):         62.64062199947
 after (mm):          62.64104489051
 evaporation (mm):     0.00051166627
 precipitation (mm):   0.00008877523
 large-scale (mm):     0.00000000000
 Imbalance (mm)       0.00000000000
 evap (mm/day):   1.47359886925752     
 prec (mm/day):  0.255672672865260     
 ls (mm/day):  0.000000000000000E+000
 imbalance (mm/day)  3.375463970833880E-012
  imbalance (rel error):  0.000000000000000E+000
 ===========================
CPU TIME =     275.8079 OVER     0.50 MODEL HOURS
 Let's do some shortwave
 Range of zenith angles  0.732661695834013       0.732661695834013     
 Range of surface albedo (asdir)  3.383449086658900E-002  3.383449086658900E-002
 Range of surface albedo (aldir)  3.383449086658900E-002  3.383449086658900E-002
 Range of surface albedo (asdif)  6.000000000000000E-002  6.000000000000000E-002
 Range of surface albedo (aldif)  6.000000000000000E-002  6.000000000000000E-002
 radiation: perpetual sun, solin=   310.282739767502     
 longwave radiation is called
NSTEP =        361   NCYCLE=  4  CFL_adv= 0.423  CFL_sgs= 0.055
NSTEP =        362   NCYCLE=  4  CFL_adv= 0.430  CFL_sgs= 0.053
NSTEP =        363   NCYCLE=  4  CFL_adv= 0.430  CFL_sgs= 0.051
 Collecting statistics...
 name QCSTRG is missing in "lst" file.
NSTEP =        364   NCYCLE=  4  CFL_adv= 0.419  CFL_sgs= 0.050
 DAY =   0.126388888888889     
 NSTEP=         364
 div:  4.791504554897294E-017 -6.251367325296784E-017
 SST=   305.000000000000     
 surface pressure=   1014.80000000000     
 u:  -9.43401165022505        9.80810605996711     
 v:  -8.58428804320760        7.50234687459999     
 w:  -9.53367391832811        4.59920218380674     
 p:  -13.3439131437883        21.2347616427209     
 t:   300.903381478515        479.401148666320     
 tabs:   206.748411607123        305.445696444703     
 qv:  1.611409152065165E-087  2.519475593420515E-002
 tke:  0.000000000000000E+000   5.61556413510549     
 tk:  0.000000000000000E+000   43.2148664377294     
 tkh:  0.000000000000000E+000   43.2148664377294     
 qcl:  0.000000000000000E+000  4.124266108230259E-004
 qci:  0.000000000000000E+000  7.834819975287604E-003
 qpl:  0.000000000000000E+000  2.340739111825198E-003
 qpi:  0.000000000000000E+000  0.000000000000000E+000
 qrad(K/day):  -103.616028203897        94.4912355464756     
 shf:  -2.59620946069772        21.5089696287373     
 lhf:   31.8756213550790        229.009375673972     
 uw: -4.060303991327061E-002  3.705117421766035E-002
 vw: -3.753493147114957E-002  3.821932060349024E-002
 sst:   305.000000000000        305.000000000000     
 ===========================
 total water budget:
 before (mm):         62.64229789865
 after (mm):          62.64271127482
 evaporation (mm):     0.00051056687
 precipitation (mm):   0.00009719069
 large-scale (mm):     0.00000000000
 Imbalance (mm)      -0.00000000000
 evap (mm/day):   1.47043257249962     
 prec (mm/day):  0.279909197511848     
 ls (mm/day):  0.000000000000000E+000
 imbalance (mm/day) -2.108290104996247E-011
  imbalance (rel error): -1.134278388179625E-016
 ===========================
NSTEP =        365   NCYCLE=  4  CFL_adv= 0.426  CFL_sgs= 0.050
NSTEP =        366   NCYCLE=  4  CFL_adv= 0.398  CFL_sgs= 0.049
 Let's do some shortwave
 Range of zenith angles  0.732661695834013       0.732661695834013     
 Range of surface albedo (asdir)  3.383449086658900E-002  3.383449086658900E-002
 Range of surface albedo (aldir)  3.383449086658900E-002  3.383449086658900E-002
 Range of surface albedo (asdif)  6.000000000000000E-002  6.000000000000000E-002
 Range of surface albedo (aldif)  6.000000000000000E-002  6.000000000000000E-002
 radiation: perpetual sun, solin=   310.282739767503     
 longwave radiation is called
NSTEP =        367   NCYCLE=  4  CFL_adv= 0.391  CFL_sgs= 0.050
 Collecting statistics...
 name QCSTRG is missing in "lst" file.
NSTEP =        368   NCYCLE=  4  CFL_adv= 0.410  CFL_sgs= 0.050
 DAY =   0.127777777777778     
 NSTEP=         368
 div:  4.080376554448197E-017 -6.640141276562395E-017
 SST=   305.000000000000     
 surface pressure=   1014.80000000000     
 u:  -8.74362150203730        8.79348028527599     
 v:  -9.49413842541618        6.46060045204903     
 w:  -10.8231191114929        4.65556629630728     
 p:  -22.6242875109229        19.0979833096322     
 t:   301.207817871961        479.398503681100     
 tabs:   206.478595200253        305.443699676849     
 qv:  3.838375081851583E-087  2.521305031670275E-002
 tke:  0.000000000000000E+000   3.97044054834705     
 tk:  0.000000000000000E+000   49.8149108472243     
 tkh:  0.000000000000000E+000   49.8149108472243     
 qcl:  0.000000000000000E+000  1.723804701615144E-004
 qci:  0.000000000000000E+000  6.734734966959514E-003
 qpl:  0.000000000000000E+000  2.303954196746265E-003
 qpi:  0.000000000000000E+000  0.000000000000000E+000
 qrad(K/day):  -102.586717058646        101.459876012063     
 shf:  -2.60013282757109        22.2366789241259     
 lhf:   31.7314948546697        216.127778775971     
 uw: -3.914645944143356E-002  3.487322994555711E-002
 vw: -3.714308475002431E-002  3.325949925826975E-002
 sst:   305.000000000000        305.000000000000     
 ===========================
 total water budget:
 before (mm):         62.64394312229
 after (mm):          62.64435242462
 evaporation (mm):     0.00050951272
 precipitation (mm):   0.00010021039
 large-scale (mm):     0.00000000000
 Imbalance (mm)      -0.00000000000
 evap (mm/day):   1.46739664487480     
 prec (mm/day):  0.288605935469074     
 ls (mm/day):  0.000000000000000E+000
 imbalance (mm/day) -3.266808698554335E-011
  imbalance (rel error): -2.268497344960342E-016
 ===========================
NSTEP =        369   NCYCLE=  4  CFL_adv= 0.433  CFL_sgs= 0.035
NSTEP =        370   NCYCLE=  4  CFL_adv= 0.450  CFL_sgs= 0.035
NSTEP =        371   NCYCLE=  4  CFL_adv= 0.461  CFL_sgs= 0.034
 Collecting statistics...
 name QCSTRG is missing in "lst" file.
NSTEP =        372   NCYCLE=  4  CFL_adv= 0.473  CFL_sgs= 0.030
 DAY =   0.129166666666667     
 NSTEP=         372
 div:  4.729359497956418E-017 -5.637434706021696E-017
 SST=   305.000000000000     
 surface pressure=   1014.80000000000     
 u:  -10.0990001384399        9.35216382125846     
 v:  -8.13344537028228        6.96554991968313     
 w:  -11.6896730079685        4.77698108677310     
 p:  -26.4061285979281        19.7384656566904     
 t:   301.247682770792        479.391519966899     
 tabs:   206.439859671137        305.595473573862     
 qv:  8.011589403730625E-087  2.523744165287687E-002
 tke:  0.000000000000000E+000   15.1943863102157     
 tk:  0.000000000000000E+000   41.0629857847068     
 tkh:  0.000000000000000E+000   41.0629857847068     
 qcl:  0.000000000000000E+000  1.268609918199382E-004
 qci:  0.000000000000000E+000  5.607063265997196E-003
 qpl:  0.000000000000000E+000  2.635864241145377E-003
 qpi:  0.000000000000000E+000  0.000000000000000E+000
 qrad(K/day):  -102.586717058646        101.459876012063     
 shf:  -2.24314939676475        20.6401750524742     
 lhf:   31.6582142435743        210.901010434929     
 uw: -3.384310875398611E-002  3.528058763207280E-002
 vw: -3.242734427479970E-002  3.068944870861750E-002
 sst:   305.000000000000        305.000000000000     
 ===========================
 total water budget:
 before (mm):         62.64558368504
 after (mm):          62.64599654248
 evaporation (mm):     0.00050845734
 precipitation (mm):   0.00009559990
 large-scale (mm):     0.00000000000
 Imbalance (mm)       0.00000000000
 evap (mm/day):   1.46435713958095     
 prec (mm/day):  0.275327712672013     
 ls (mm/day):  0.000000000000000E+000
 imbalance (mm/day)  1.449091471816821E-009
  imbalance (rel error):  8.052954222662657E-015
 ===========================
 Let's do some shortwave
 Range of zenith angles  0.732661695834013       0.732661695834013     
 Range of surface albedo (asdir)  3.383449086658900E-002  3.383449086658900E-002
 Range of surface albedo (aldir)  3.383449086658900E-002  3.383449086658900E-002
 Range of surface albedo (asdif)  6.000000000000000E-002  6.000000000000000E-002
 Range of surface albedo (aldif)  6.000000000000000E-002  6.000000000000000E-002
 radiation: perpetual sun, solin=   310.282739767922     
 longwave radiation is called
NSTEP =        373   NCYCLE=  5  CFL_adv= 0.404  CFL_sgs= 0.065
NSTEP =        374   NCYCLE=  4  CFL_adv= 0.479  CFL_sgs= 0.097
NSTEP =        375   NCYCLE=  4  CFL_adv= 0.464  CFL_sgs= 0.095
 Collecting statistics...
 name QCSTRG is missing in "lst" file.
NSTEP =        376   NCYCLE=  4  CFL_adv= 0.450  CFL_sgs= 0.094
 DAY =   0.130555555555556     
 NSTEP=         376
 div:  3.757245073027806E-017 -5.642787314499363E-017
 SST=   305.000000000000     
 surface pressure=   1014.80000000000     
 u:  -9.48086638139198        8.60683102288572     
 v:  -8.66153740877406        7.97984855267720     
 w:  -9.46517922985440        4.10945153232474     
 p:  -28.2768315622811        19.1827298279575     
 t:   301.049270037866        479.386398030647     
 tabs:   206.572930298611        305.636836195199     
 qv:  9.526763037313414E-087  2.526094337374087E-002
 tke:  0.000000000000000E+000   19.9442580048158     
 tk:  0.000000000000000E+000   36.4597234959129     
 tkh:  0.000000000000000E+000   36.4597234959129     
 qcl:  0.000000000000000E+000  1.232826972977965E-004
 qci:  0.000000000000000E+000  5.459847453724664E-003
 qpl:  0.000000000000000E+000  2.452962818851030E-003
 qpi:  0.000000000000000E+000  0.000000000000000E+000
 qrad(K/day):  -106.425593408073        89.6776662646039     
 shf:  -2.12617486097061        19.2572754218924     
 lhf:   32.3014502266531        200.929746930945     
 uw: -3.262753068892607E-002  3.166556348345231E-002
 vw: -3.002991400473943E-002  3.124773703928977E-002
 sst:   305.000000000000        305.000000000000     
 ===========================
 total water budget:
 before (mm):         62.64724530486
 after (mm):          62.64766569871
 evaporation (mm):     0.00050737549
 precipitation (mm):   0.00008698165
 large-scale (mm):     0.00000000000
 Imbalance (mm)       0.00000000001
 evap (mm/day):   1.46124142402147     
 prec (mm/day):  0.250507160494239     
 ls (mm/day):  0.000000000000000E+000
 imbalance (mm/day)  1.702346197601096E-008
  imbalance (rel error):  9.436449859049841E-014
 ===========================
NSTEP =        377   NCYCLE=  4  CFL_adv= 0.453  CFL_sgs= 0.093
NSTEP =        378   NCYCLE=  4  CFL_adv= 0.382  CFL_sgs= 0.093
 Let's do some shortwave
 Range of zenith angles  0.732661695834013       0.732661695834013     
 Range of surface albedo (asdir)  3.383449086658900E-002  3.383449086658900E-002
 Range of surface albedo (aldir)  3.383449086658900E-002  3.383449086658900E-002
 Range of surface albedo (asdif)  6.000000000000000E-002  6.000000000000000E-002
 Range of surface albedo (aldif)  6.000000000000000E-002  6.000000000000000E-002
 radiation: perpetual sun, solin=   310.282739769252     
 longwave radiation is called
NSTEP =        379   NCYCLE=  3  CFL_adv= 0.453  CFL_sgs= 0.124
 Collecting statistics...
 name QCSTRG is missing in "lst" file.
NSTEP =        380   NCYCLE=  3  CFL_adv= 0.405  CFL_sgs= 0.111
 DAY =   0.131944444444444     
 NSTEP=         380
 div:  5.343660004815267E-017 -5.572090900538942E-017
 SST=   305.000000000000     
 surface pressure=   1014.80000000000     
 u:  -9.91474657139310        7.83030011041735     
 v:  -8.91292203816529        8.18965803641688     
 w:  -6.58381924026702        3.36779105216243     
 p:  -26.9061128817202        18.6582841201792     
 t:   300.827663580490        479.386916456596     
 tabs:   206.799137452548        305.551846282715     
 qv:  1.906730285285430E-086  2.528428745442566E-002
 tke:  0.000000000000000E+000   1.82464460277067     
 tk:  0.000000000000000E+000   30.2151130129946     
 tkh:  0.000000000000000E+000   30.2151130129946     
 qcl:  0.000000000000000E+000  1.879569755727735E-004
 qci:  0.000000000000000E+000  5.286872198516429E-003
 qpl:  0.000000000000000E+000  1.954107749808245E-003
 qpi:  0.000000000000000E+000  0.000000000000000E+000
 qrad(K/day):  -106.737342779087        91.3221870023163     
 shf:  -3.04988270551869        19.8400193571352     
 lhf:   32.1387388731929        194.136480801900     
 uw: -3.410302680062719E-002  3.278001977940749E-002
 vw: -2.996337379529670E-002  3.031130368145053E-002
 sst:   305.000000000000        305.000000000000     
 ===========================
 total water budget:
 before (mm):         62.64894117239
 after (mm):          62.64937104230
 evaporation (mm):     0.00050627716
 precipitation (mm):   0.00007640726
 large-scale (mm):     0.00000000000
 Imbalance (mm)       0.00000000000
 evap (mm/day):   1.45807821120947     
 prec (mm/day):  0.220052895345294     
 ls (mm/day):  0.000000000000000E+000
 imbalance (mm/day)  2.488636874700689E-009
  imbalance (rel error):  1.383672530474552E-014
 ===========================
NSTEP =        381   NCYCLE=  3  CFL_adv= 0.422  CFL_sgs= 0.040
NSTEP =        382   NCYCLE=  3  CFL_adv= 0.448  CFL_sgs= 0.128
NSTEP =        383   NCYCLE=  3  CFL_adv= 0.462  CFL_sgs= 0.115
 Collecting statistics...
 name QCSTRG is missing in "lst" file.
NSTEP =        384   NCYCLE=  3  CFL_adv= 0.464  CFL_sgs= 0.125
 DAY =   0.133333333333333     
 NSTEP=         384
 div:  5.786772979125345E-017 -7.483576332657553E-017
 SST=   305.000000000000     
 surface pressure=   1014.80000000000     
 u:  -10.0648400999414        7.47938274717385     
 v:  -10.5122948501931        7.75193587143260     
 w:  -5.64679355755646        2.94866606603525     
 p:  -27.0109065762913        14.3002014557715     
 t:   300.929184123840        479.388942793074     
 tabs:   207.011757378507        305.453052566596     
 qv:  2.828467454121110E-086  2.529656154995838E-002
 tke:  0.000000000000000E+000   17.6454096838044     
 tk:  0.000000000000000E+000   41.4036115320714     
 tkh:  0.000000000000000E+000   41.4036115320714     
 qcl:  0.000000000000000E+000  9.152447723012164E-005
 qci:  0.000000000000000E+000  5.160396209746672E-003
 qpl:  0.000000000000000E+000  1.558262176489993E-003
 qpi:  0.000000000000000E+000  0.000000000000000E+000
 qrad(K/day):  -106.737342779087        91.3221870023163     
 shf:  -3.09487023766764        20.0739286984593     
 lhf:   32.0994306689755        201.253409888058     
 uw: -3.273305526878632E-002  3.156854531872771E-002
 vw: -3.199307262223955E-002  3.039867382221077E-002
 sst:   305.000000000000        305.000000000000     
 ===========================
 total water budget:
 before (mm):         62.65067274781
 after (mm):          62.65111075379
 evaporation (mm):     0.00050515658
 precipitation (mm):   0.00006715060
 large-scale (mm):     0.00000000000
 Imbalance (mm)       0.00000000000
 evap (mm/day):   1.45485095485579     
 prec (mm/day):  0.193393719431958     
 ls (mm/day):  0.000000000000000E+000
 imbalance (mm/day)  2.404034393430066E-010
  imbalance (rel error):  1.360951581948634E-015
 ===========================
 Let's do some shortwave
 Range of zenith angles  0.732661695834013       0.732661695834013     
 Range of surface albedo (asdir)  3.383449086658900E-002  3.383449086658900E-002
 Range of surface albedo (aldir)  3.383449086658900E-002  3.383449086658900E-002
 Range of surface albedo (asdif)  6.000000000000000E-002  6.000000000000000E-002
 Range of surface albedo (aldif)  6.000000000000000E-002  6.000000000000000E-002
 radiation: perpetual sun, solin=   310.282739771495     
 longwave radiation is called
NSTEP =        385   NCYCLE=  4  CFL_adv= 0.366  CFL_sgs= 0.088
NSTEP =        386   NCYCLE=  4  CFL_adv= 0.368  CFL_sgs= 0.089
NSTEP =        387   NCYCLE=  4  CFL_adv= 0.377  CFL_sgs= 0.022
 Collecting statistics...
 name QCSTRG is missing in "lst" file.
NSTEP =        388   NCYCLE=  4  CFL_adv= 0.366  CFL_sgs= 0.023
 DAY =   0.134722222222222     
 NSTEP=         388
 div:  4.139331019627338E-017 -4.147862240765905E-017
 SST=   305.000000000000     
 surface pressure=   1014.80000000000     
 u:  -10.3241181846722        7.68933634654099     
 v:  -11.0328713660712        8.26188728534994     
 w:  -5.14927142991731        3.47108675340062     
 p:  -27.0519897626985        15.8262447780772     
 t:   301.698294489647        479.390299616811     
 tabs:   207.147859483333        305.323869947045     
 qv:  3.280617399771609E-086  2.530888613587109E-002
 tke:  0.000000000000000E+000   2.59943230413978     
 tk:  0.000000000000000E+000   38.7413919347215     
 tkh:  0.000000000000000E+000   38.7413919347215     
 qcl:  0.000000000000000E+000  1.424718474940844E-004
 qci:  0.000000000000000E+000  5.070600861571049E-003
 qpl:  0.000000000000000E+000  1.265989225262342E-003
 qpi:  0.000000000000000E+000  0.000000000000000E+000
 qrad(K/day):  -100.265292277528        78.1517433518302     
 shf:  -2.35239439746608        18.0651009544634     
 lhf:   31.7010699748243        194.633771375122     
 uw: -3.359820422313669E-002  3.564624549028111E-002
 vw: -3.653686452223187E-002  3.329124028844543E-002
 sst:   305.000000000000        305.000000000000     
 ===========================
 total water budget:
 before (mm):         62.65243896998
 after (mm):          62.65288662837
 evaporation (mm):     0.00050403376
 precipitation (mm):   0.00005637537
 large-scale (mm):     0.00000000000
 Imbalance (mm)       0.00000000000
 evap (mm/day):   1.45161723726545     
 prec (mm/day):  0.162361069346044     
 ls (mm/day):  0.000000000000000E+000
 imbalance (mm/day)  7.338132055126345E-011
  imbalance (rel error):  4.536376687476247E-016
 ===========================
NSTEP =        389   NCYCLE=  3  CFL_adv= 0.471  CFL_sgs= 0.031
NSTEP =        390   NCYCLE=  3  CFL_adv= 0.468  CFL_sgs= 0.108
 Let's do some shortwave
 Range of zenith angles  0.732661695834013       0.732661695834013     
 Range of surface albedo (asdir)  3.383449086658900E-002  3.383449086658900E-002
 Range of surface albedo (aldir)  3.383449086658900E-002  3.383449086658900E-002
 Range of surface albedo (asdif)  6.000000000000000E-002  6.000000000000000E-002
 Range of surface albedo (aldif)  6.000000000000000E-002  6.000000000000000E-002
 radiation: perpetual sun, solin=   310.282739774609     
 longwave radiation is called
NSTEP =        391   NCYCLE=  3  CFL_adv= 0.446  CFL_sgs= 0.124
 Collecting statistics...
 name QCSTRG is missing in "lst" file.
NSTEP =        392   NCYCLE=  3  CFL_adv= 0.405  CFL_sgs= 0.117
 DAY =   0.136111111111111     
 NSTEP=         392
 div:  6.046260719190271E-017 -5.207705766377986E-017
 SST=   305.000000000000     
 surface pressure=   1014.80000000000     
 u:  -10.5397391035153        7.80048666863544     
 v:  -10.5893651802166        8.03068986607248     
 w:  -4.18317133239001        2.75995897958461     
 p:  -24.6321220632151        15.7295209437509     
 t:   301.681446942705        479.390697430614     
 tabs:   207.011376788722        305.514730988413     
 qv:  6.052930810305190E-086  2.531549345864748E-002
 tke:  0.000000000000000E+000   17.7968887221125     
 tk:  0.000000000000000E+000   32.8260922821850     
 tkh:  0.000000000000000E+000   32.8260922821850     
 qcl:  0.000000000000000E+000  0.000000000000000E+000
 qci:  0.000000000000000E+000  5.026275861586403E-003
 qpl:  0.000000000000000E+000  9.776401169632009E-004
 qpi:  0.000000000000000E+000  0.000000000000000E+000
 qrad(K/day):  -98.3434137520409        74.5431426407105     
 shf:  -2.16029687904972        13.1273964473118     
 lhf:   31.4521518664612        194.826151163968     
 uw: -2.845721007453136E-002  3.616349988960506E-002
 vw: -3.580813693204314E-002  4.110099009388043E-002
 sst:   305.000000000000        305.000000000000     
 ===========================
 total water budget:
 before (mm):         62.65424303080
 after (mm):          62.65469913689
 evaporation (mm):     0.00050295789
 precipitation (mm):   0.00004685181
 large-scale (mm):     0.00000000000
 Imbalance (mm)       0.00000000000
 evap (mm/day):   1.44851873735760     
 prec (mm/day):  0.134933203527266     
 ls (mm/day):  0.000000000000000E+000
 imbalance (mm/day)  4.729654168311725E-012
  imbalance (rel error):  0.000000000000000E+000
 ===========================
NSTEP =        393   NCYCLE=  3  CFL_adv= 0.415  CFL_sgs= 0.118
NSTEP =        394   NCYCLE=  3  CFL_adv= 0.404  CFL_sgs= 0.109
NSTEP =        395   NCYCLE=  3  CFL_adv= 0.376  CFL_sgs= 0.113
 Collecting statistics...
 name QCSTRG is missing in "lst" file.
NSTEP =        396   NCYCLE=  3  CFL_adv= 0.358  CFL_sgs= 0.122
 DAY =   0.137500000000000     
 NSTEP=         396
 div:  6.355989901357715E-017 -4.857988960199219E-017
 SST=   305.000000000000     
 surface pressure=   1014.80000000000     
 u:  -9.62063692898032        8.74049320660857     
 v:  -10.1919765164511        7.56272596718364     
 w:  -3.76297441483658        2.52985705546768     
 p:  -20.5052158758356        13.5358718012349     
 t:   301.722968417753        479.388665118915     
 tabs:   206.978410751409        305.601821481288     
 qv:  1.248203280884716E-085  2.534438413742953E-002
 tke:  0.000000000000000E+000   15.4053585131884     
 tk:  0.000000000000000E+000   25.5014070549489     
 tkh:  0.000000000000000E+000   25.5014070549489     
 qcl:  0.000000000000000E+000  3.503416731974213E-006
 qci:  0.000000000000000E+000  4.920772090729119E-003
 qpl:  0.000000000000000E+000  8.499978063586933E-004
 qpi:  0.000000000000000E+000  0.000000000000000E+000
 qrad(K/day):  -98.3434137520409        74.5431426407105     
 shf:  -1.72283985267944        11.5904257286605     
 lhf:   31.3215373129575        192.104484251670     
 uw: -2.733200090599634E-002  3.465446952015930E-002
 vw: -3.872567436095202E-002  4.416546275200037E-002
 sst:   305.000000000000        305.000000000000     
 ===========================
 total water budget:
 before (mm):         62.65607929125
 after (mm):          62.65654347339
 evaporation (mm):     0.00050188325
 precipitation (mm):   0.00003770111
 large-scale (mm):     0.00000000000
 Imbalance (mm)       0.00000000000
 evap (mm/day):   1.44542375004189     
 prec (mm/day):  0.108579187555255     
 ls (mm/day):  0.000000000000000E+000
 imbalance (mm/day)  3.804027405573951E-011
  imbalance (rel error):  2.268055964695581E-016
 ===========================
 Let's do some shortwave
 Range of zenith angles  0.732661695834013       0.732661695834013     
 Range of surface albedo (asdir)  3.383449086658900E-002  3.383449086658900E-002
 Range of surface albedo (aldir)  3.383449086658900E-002  3.383449086658900E-002
 Range of surface albedo (asdif)  6.000000000000000E-002  6.000000000000000E-002
 Range of surface albedo (aldif)  6.000000000000000E-002  6.000000000000000E-002
 radiation: perpetual sun, solin=   310.282739778216     
 longwave radiation is called
NSTEP =        397   NCYCLE=  3  CFL_adv= 0.341  CFL_sgs= 0.109
NSTEP =        398   NCYCLE=  3  CFL_adv= 0.324  CFL_sgs= 0.114
NSTEP =        399   NCYCLE=  2  CFL_adv= 0.465  CFL_sgs= 0.154
 Collecting statistics...
 name QCSTRG is missing in "lst" file.
NSTEP =        400   NCYCLE=  2  CFL_adv= 0.456  CFL_sgs= 0.155
 DAY =   0.138888888888889     
 NSTEP=         400
 div:  8.642665273156808E-017 -7.292167132115557E-017
 SST=   305.000000000000     
 surface pressure=   1014.80000000000     
 u:  -8.77727956640743        7.74034470118827     
 v:  -9.65013479039663        6.48175269385142     
 w:  -3.71303907026972        2.61548694575286     
 p:  -19.7391030188676        12.7866654891081     
 t:   301.940124394311        479.386813690827     
 tabs:   207.103411110270        305.697258850749     
 qv:  1.428960107035352E-085  2.537515963234175E-002
 tke:  0.000000000000000E+000   13.7401672127768     
 tk:  0.000000000000000E+000   22.3674617353712     
 tkh:  0.000000000000000E+000   22.3674617353712     
 qcl:  0.000000000000000E+000  0.000000000000000E+000
 qci:  0.000000000000000E+000  4.750913401827045E-003
 qpl:  0.000000000000000E+000  7.746198121580024E-004
 qpi:  0.000000000000000E+000  0.000000000000000E+000
 qrad(K/day):  -93.0198718399647        83.4657410869623     
 shf:  -1.79115669580406        11.3435735799229     
 lhf:   31.1947464692045        195.966177306205     
 uw: -2.771806032872479E-002  3.320958567321877E-002
 vw: -3.686521379116402E-002  4.602689331263944E-002
 sst:   305.000000000000        305.000000000000     
 ===========================
 total water budget:
 before (mm):         62.65794806848
 after (mm):          62.65841989707
 evaporation (mm):     0.00050082905
 precipitation (mm):   0.00002900046
 large-scale (mm):     0.00000000000
 Imbalance (mm)       0.00000000000
 evap (mm/day):   1.44238765920939     
 prec (mm/day):  8.352132933526069E-002
 ls (mm/day):  0.000000000000000E+000
 imbalance (mm/day)  2.044180040083193E-009
  imbalance (rel error):  1.133994021756859E-014
 ===========================
NSTEP =        401   NCYCLE=  2  CFL_adv= 0.468  CFL_sgs= 0.155
NSTEP =        402   NCYCLE=  2  CFL_adv= 0.456  CFL_sgs= 0.162
 Let's do some shortwave
 Range of zenith angles  0.732661695834013       0.732661695834013     
 Range of surface albedo (asdir)  3.383449086658900E-002  3.383449086658900E-002
 Range of surface albedo (aldir)  3.383449086658900E-002  3.383449086658900E-002
 Range of surface albedo (asdif)  6.000000000000000E-002  6.000000000000000E-002
 Range of surface albedo (aldif)  6.000000000000000E-002  6.000000000000000E-002
 radiation: perpetual sun, solin=   310.282739782043     
 longwave radiation is called
NSTEP =        403   NCYCLE=  2  CFL_adv= 0.455  CFL_sgs= 0.158
 Collecting statistics...
 name QCSTRG is missing in "lst" file.
NSTEP =        404   NCYCLE=  2  CFL_adv= 0.462  CFL_sgs= 0.155
 DAY =   0.140277777777778     
 NSTEP=         404
 div:  9.056227046838362E-017 -7.779581853447084E-017
 SST=   305.000000000000     
 surface pressure=   1014.80000000000     
 u:  -7.61064400110743        7.75627535887108     
 v:  -8.70257677239776        6.52876754599470     
 w:  -4.82915956207712        2.25384433385654     
 p:  -17.0948991304166        9.78477547261021     
 t:   302.251343963100        479.391094873596     
 tabs:   207.154006159547        305.662214491052     
 qv:  2.055813410590657E-085  2.539801981950333E-002
 tke:  0.000000000000000E+000   13.5963683829290     
 tk:  0.000000000000000E+000   30.5585967871672     
 tkh:  0.000000000000000E+000   30.5585967871672     
 qcl:  0.000000000000000E+000  0.000000000000000E+000
 qci:  0.000000000000000E+000  4.612234175995987E-003
 qpl:  0.000000000000000E+000  6.459568093524218E-004
 qpi:  0.000000000000000E+000  0.000000000000000E+000
 qrad(K/day):  -89.3173491340457        73.6285106988476     
 shf:  -1.63151454745896        10.8243636200310     
 lhf:   31.0584486357600        184.266545687967     
 uw: -2.689336102118001E-002  3.629100671535813E-002
 vw: -3.505829633429571E-002  4.423373682603932E-002
 sst:   305.000000000000        305.000000000000     
 ===========================
 total water budget:
 before (mm):         62.65984344091
 after (mm):          62.66032029435
 evaporation (mm):     0.00049972545
 precipitation (mm):   0.00002287201
 large-scale (mm):     0.00000000000
 Imbalance (mm)      -0.00000000000
 evap (mm/day):   1.43920930657455     
 prec (mm/day):  6.587139114624843E-002
 ls (mm/day):  0.000000000000000E+000
 imbalance (mm/day) -2.643648971609180E-011
  imbalance (rel error): -1.133959629351149E-016
 ===========================
NSTEP =        405   NCYCLE=  3  CFL_adv= 0.324  CFL_sgs= 0.103
NSTEP =        406   NCYCLE=  3  CFL_adv= 0.322  CFL_sgs= 0.105
NSTEP =        407   NCYCLE=  3  CFL_adv= 0.327  CFL_sgs= 0.101
 Collecting statistics...
 name QCSTRG is missing in "lst" file.
NSTEP =        408   NCYCLE=  3  CFL_adv= 0.338  CFL_sgs= 0.102
 DAY =   0.141666666666667     
 NSTEP=         408
 div:  8.019939024764434E-017 -6.550761861205830E-017
 SST=   305.000000000000     
 surface pressure=   1014.80000000000     
 u:  -6.97632678196871        7.43280446521528     
 v:  -7.30053874658553        6.73671993570047     
 w:  -4.45941499396976        2.02614507496337     
 p:  -16.4869923717381        8.39153613051346     
 t:   302.533411011449        479.393592168729     
 tabs:   207.228406118465        305.818186244885     
 qv:  1.087352413565618E-084  2.539224169473125E-002
 tke:  0.000000000000000E+000   12.6907101275942     
 tk:  0.000000000000000E+000   30.8096857278932     
 tkh:  0.000000000000000E+000   30.8096857278932     
 qcl:  0.000000000000000E+000  0.000000000000000E+000
 qci:  0.000000000000000E+000  4.544811793110741E-003
 qpl:  0.000000000000000E+000  6.306371353632760E-004
 qpi:  0.000000000000000E+000  0.000000000000000E+000
 qrad(K/day):  -89.3173491340457        73.6285106988476     
 shf:  -1.70775434721587        8.72545847004145     
 lhf:   30.9128752134560        180.514467886565     
 uw: -2.519286567295713E-002  2.994188949968232E-002
 vw: -3.560695205571893E-002  4.390095960679433E-002
 sst:   305.000000000000        305.000000000000     
 ===========================
 total water budget:
 before (mm):         62.66175650780
 after (mm):          62.66223697303
 evaporation (mm):     0.00049853970
 precipitation (mm):   0.00001807447
 large-scale (mm):     0.00000000000
 Imbalance (mm)       0.00000000000
 evap (mm/day):   1.43579433903380     
 prec (mm/day):  5.205447167733639E-002
 ls (mm/day):  0.000000000000000E+000
 imbalance (mm/day)  3.124171819683663E-011
  imbalance (rel error):  1.133924944406207E-016
 ===========================
 Let's do some shortwave
 Range of zenith angles  0.732661695834013       0.732661695834013     
 Range of surface albedo (asdir)  3.383449086658900E-002  3.383449086658900E-002
 Range of surface albedo (aldir)  3.383449086658900E-002  3.383449086658900E-002
 Range of surface albedo (asdif)  6.000000000000000E-002  6.000000000000000E-002
 Range of surface albedo (aldif)  6.000000000000000E-002  6.000000000000000E-002
 radiation: perpetual sun, solin=   310.282739785225     
 longwave radiation is called
NSTEP =        409   NCYCLE=  3  CFL_adv= 0.355  CFL_sgs= 0.099
NSTEP =        410   NCYCLE=  3  CFL_adv= 0.354  CFL_sgs= 0.087
NSTEP =        411   NCYCLE=  3  CFL_adv= 0.356  CFL_sgs= 0.097
 Collecting statistics...
 name QCSTRG is missing in "lst" file.
NSTEP =        412   NCYCLE=  3  CFL_adv= 0.355  CFL_sgs= 0.087
 DAY =   0.143055555555556     
 NSTEP=         412
 div:  8.993137023897950E-017 -5.431934792904557E-017
 SST=   305.000000000000     
 surface pressure=   1014.80000000000     
 u:  -6.74203092513183        8.40537335337264     
 v:  -6.86205209351116        7.12780817338764     
 w:  -3.48986455286130        1.80949881656770     
 p:  -16.7253947572098        8.53915380850568     
 t:   302.808452360879        479.395061874652     
 tabs:   207.036787284592        305.966183700142     
 qv:  1.210065472568426E-083  2.541804192863453E-002
 tke:  0.000000000000000E+000   11.6992119526735     
 tk:  0.000000000000000E+000   38.0560619770195     
 tkh:  0.000000000000000E+000   38.0560619770195     
 qcl:  0.000000000000000E+000  0.000000000000000E+000
 qci:  0.000000000000000E+000  4.504887201477238E-003
 qpl:  0.000000000000000E+000  5.981712948534815E-004
 qpi:  0.000000000000000E+000  0.000000000000000E+000
 qrad(K/day):  -86.3669225011262        74.2522205360600     
 shf:  -1.58085581996673        8.49902231346417     
 lhf:   30.7796476101567        168.644797383354     
 uw: -2.193412095632378E-002  2.641062673361214E-002
 vw: -3.199941272023835E-002  4.584402129355448E-002
 sst:   305.000000000000        305.000000000000     
 ===========================
 total water budget:
 before (mm):         62.66368200842
 after (mm):          62.66416448928
 evaporation (mm):     0.00049732456
 precipitation (mm):   0.00001484370
 large-scale (mm):     0.00000000000
 Imbalance (mm)       0.00000000000
 evap (mm/day):   1.43229471891818     
 prec (mm/day):  4.274985644915323E-002
 ls (mm/day):  0.000000000000000E+000
 imbalance (mm/day) -1.236596274597351E-011
  imbalance (rel error):  0.000000000000000E+000
 ===========================
NSTEP =        413   NCYCLE=  3  CFL_adv= 0.360  CFL_sgs= 0.095
NSTEP =        414   NCYCLE=  3  CFL_adv= 0.359  CFL_sgs= 0.081
 Let's do some shortwave
 Range of zenith angles  0.732661695834013       0.732661695834013     
 Range of surface albedo (asdir)  3.383449086658900E-002  3.383449086658900E-002
 Range of surface albedo (aldir)  3.383449086658900E-002  3.383449086658900E-002
 Range of surface albedo (asdif)  6.000000000000000E-002  6.000000000000000E-002
 Range of surface albedo (aldif)  6.000000000000000E-002  6.000000000000000E-002
 radiation: perpetual sun, solin=   310.282739787516     
 longwave radiation is called
NSTEP =        415   NCYCLE=  3  CFL_adv= 0.355  CFL_sgs= 0.097
 Collecting statistics...
 name QCSTRG is missing in "lst" file.
NSTEP =        416   NCYCLE=  3  CFL_adv= 0.346  CFL_sgs= 0.075
 DAY =   0.144444444444444     
 NSTEP=         416
 div:  9.434553237740951E-017 -7.315493792732409E-017
 SST=   305.000000000000     
 surface pressure=   1014.80000000000     
 u:  -6.52031303909771        7.82856487298539     
 v:  -6.80135636096479        7.51430504163037     
 w:  -3.43952902167410        2.05946893232422     
 p:  -18.3805184651641        8.30282669744029     
 t:   303.127204860065        479.398413055125     
 tabs:   207.379136280877        306.137938852279     
 qv:  1.242137522421613E-083  2.543557987730380E-002
 tke:  0.000000000000000E+000   11.6505515026102     
 tk:  0.000000000000000E+000   38.7413797784444     
 tkh:  0.000000000000000E+000   38.7413797784444     
 qcl:  0.000000000000000E+000  0.000000000000000E+000
 qci:  0.000000000000000E+000  4.472797867812107E-003
 qpl:  0.000000000000000E+000  4.765285825573439E-004
 qpi:  0.000000000000000E+000  0.000000000000000E+000
 qrad(K/day):  -77.8966831817018        78.7277792562804     
 shf:  -3.42323299321414        7.48788189554938     
 lhf:   30.7039971471178        168.954371046788     
 uw: -2.064724957859332E-002  2.193882509433086E-002
 vw: -2.971170960057172E-002  4.078727158948145E-002
 sst:   305.000000000000        305.000000000000     
 ===========================
 total water budget:
 before (mm):         62.66561300219
 after (mm):          62.66609601268
 evaporation (mm):     0.00049608294
 precipitation (mm):   0.00001307245
 large-scale (mm):     0.00000000000
 Imbalance (mm)      -0.00000000000
 evap (mm/day):   1.42871886903926     
 prec (mm/day):  3.764866075224080E-002
 ls (mm/day):  0.000000000000000E+000
 imbalance (mm/day) -3.124835351413224E-011
  imbalance (rel error): -1.133855116196057E-016
 ===========================
NSTEP =        417   NCYCLE=  3  CFL_adv= 0.333  CFL_sgs= 0.095
NSTEP =        418   NCYCLE=  2  CFL_adv= 0.472  CFL_sgs= 0.129
NSTEP =        419   NCYCLE=  2  CFL_adv= 0.448  CFL_sgs= 0.134
 Collecting statistics...
 name QCSTRG is missing in "lst" file.
 Writting statistics:nstatsteps=          15
 --------------- ISCCP Simulator Diagnostics: -----------------
 ISCCP PDF:
            0.0       0.3       1.3       3.6       9.4      23.0      60.0
    0.     0.002     0.001     0.000     0.000     0.000     0.001     0.006
  180.     0.003     0.002     0.002     0.002     0.003     0.003     0.002
  310.     0.000     0.000     0.000     0.000     0.000     0.000     0.000
  440.     0.000     0.000     0.000     0.000     0.000     0.000     0.000
  560.     0.000     0.000     0.000     0.000     0.000     0.000     0.000
  680.     0.000     0.000     0.000     0.000     0.000     0.000     0.000
  800.     0.000     0.000     0.000     0.000     0.000     0.000     0.000
 low cld area (tau > 0.3)=  0.000000000000000E+000
 mid cld area (tau > 0.3)=  0.000000000000000E+000
 hgh cld area (tau > 0.3)=  2.020975748697917E-002
 total cld area (tau > 0.3)=  2.020975748697917E-002
 mean albedo cld (tau > 0.3)   0.636865030534513     
 mean tau cld (tau > 0.3)    16.0031419167386     
 mean top pressure (tau > 0.3)   186.993087850639     
 mean brightness temp (tau > 0.3)   277.154829935832     
 mean clearsky brightness temp (tau > 0.3)   299.332465978025     
 --------------- MODIS Simulator Diagnostics: -----------------
 MODIS PDF:
                      0.3       1.3       3.6       9.4      23.0      60.0
    0.               0.000     0.000     0.000     0.000     0.001     0.006
  180.               0.002     0.002     0.002     0.002     0.002     0.001
  310.               0.000     0.000     0.000     0.000     0.000     0.000
  440.               0.000     0.000     0.000     0.000     0.000     0.000
  560.               0.000     0.000     0.000     0.000     0.000     0.000
  680.               0.000     0.000     0.000     0.000     0.000     0.000
  800.               0.000     0.000     0.000     0.000     0.000     0.000
 low cld area =  0.000000000000000E+000
 mid cld area =  0.000000000000000E+000
 hgh cld area =  2.020670572916667E-002
 total cld area =  2.020670572916667E-002
 mean tau cld    56.7474346315113     
 mean top pressure    178.964804668204     
 total cld area (liquid) =  0.000000000000000E+000
 total cld area (ice) =  2.020670572916667E-002
 mean tau (liquid) =  -1.00000000000000     
 mean tau (ice) =   56.7474346315113     
 mean lwp (g/m2) =  -1.00000000000000     
 mean iwp (g/m2) =   1603.56829826040     
 mean reff (liquid)  =  -1.00000000000000     
 mean reff (ice)  =   49.3084612257364     
 --------------- MISR Simulator Diagnostics: -----------------
 MISR PDF:
            0.0       0.3       1.3       3.6       9.4      23.0      60.0
 99.00     0.000     0.000     0.000     0.000     0.000     0.000     0.000
 17.00     0.000     0.000     0.000     0.000     0.000     0.000     0.004
 15.00     0.000     0.000     0.000     0.000     0.000     0.001     0.002
 13.00     0.000     0.001     0.002     0.002     0.002     0.003     0.001
 11.00     0.000     0.001     0.000     0.000     0.000     0.000     0.000
  9.00     0.000     0.000     0.000     0.000     0.000     0.000     0.000
  7.00     0.000     0.000     0.000     0.000     0.000     0.000     0.000
  5.00     0.000     0.000     0.000     0.000     0.000     0.000     0.000
  4.00     0.000     0.000     0.000     0.000     0.000     0.000     0.000
  3.00     0.000     0.000     0.000     0.000     0.000     0.000     0.000
  2.50     0.000     0.000     0.000     0.000     0.000     0.000     0.000
  2.00     0.000     0.000     0.000     0.000     0.000     0.000     0.000
  1.50     0.000     0.000     0.000     0.000     0.000     0.000     0.000
  1.00     0.000     0.000     0.000     0.000     0.000     0.000     0.000
  0.50     0.000     0.000     0.000     0.000     0.000     0.000     0.000
  0.00     0.000     0.001     0.000     0.000     0.000     0.000     0.000
 total cld area =  1.957906087239583E-002
 mean top height (m)   13070.5812916090     
 Writting history file 
 rcemip305sst_160_MaxIce20_2dry3km                                              
  
NSTEP =        420   NCYCLE=  2  CFL_adv= 0.416  CFL_sgs= 0.128
 DAY =   0.145833333333333     
 NSTEP=         420
 div:  9.972568100980890E-017 -7.010610441983740E-017
 SST=   305.000000000000     
 surface pressure=   1014.80000000000     
 u:  -6.59239530023661        7.69374683737474     
 v:  -7.16451755104930        6.75160060500602     
 w:  -3.00041326089346        2.18953459383069     
 p:  -18.6721386924665        8.27410596683717     
 t:   303.219725980817        479.400991214614     
 tabs:   207.334430168550        306.481099049189     
 qv:  1.267727341811665E-083  2.544438516489304E-002
 tke:  0.000000000000000E+000   8.73735599018356     
 tk:  0.000000000000000E+000   32.3536934691633     
 tkh:  0.000000000000000E+000   32.3536934691633     
 qcl:  0.000000000000000E+000  0.000000000000000E+000
 qci:  0.000000000000000E+000  4.425742351704946E-003
 qpl:  0.000000000000000E+000  3.813915093076419E-004
 qpi:  0.000000000000000E+000  0.000000000000000E+000
 qrad(K/day):  -77.8966831817018        78.7277792562804     
 shf:  -4.74296705263858        7.25886074033299     
 lhf:   30.6934069353712        163.898753120021     
 uw: -1.908420531049982E-002  1.912252956641690E-002
 vw: -2.864998033647726E-002  3.586337883244858E-002
 sst:   305.000000000000        305.000000000000     
 ===========================
 total water budget:
 before (mm):         62.66754534897
 after (mm):          62.66802845590
 evaporation (mm):     0.00049486326
 precipitation (mm):   0.00001175632
 large-scale (mm):     0.00000000000
 Imbalance (mm)       0.00000000000
 evap (mm/day):   1.42520618920617     
 prec (mm/day):  3.385821076941795E-002
 ls (mm/day):  0.000000000000000E+000
 imbalance (mm/day)  1.242169941125665E-011
  imbalance (rel error):  0.000000000000000E+000
 ===========================
CPU TIME =     168.1521 OVER     0.50 MODEL HOURS
 Let's do some shortwave
 Range of zenith angles  0.732661695834013       0.732661695834013     
 Range of surface albedo (asdir)  3.383449086658900E-002  3.383449086658900E-002
 Range of surface albedo (aldir)  3.383449086658900E-002  3.383449086658900E-002
 Range of surface albedo (asdif)  6.000000000000000E-002  6.000000000000000E-002
 Range of surface albedo (aldif)  6.000000000000000E-002  6.000000000000000E-002
 radiation: perpetual sun, solin=   310.282739788508     
 longwave radiation is called
NSTEP =        421   NCYCLE=  2  CFL_adv= 0.381  CFL_sgs= 0.124
NSTEP =        422   NCYCLE=  2  CFL_adv= 0.335  CFL_sgs= 0.120
NSTEP =        423   NCYCLE=  2  CFL_adv= 0.348  CFL_sgs= 0.116
 Collecting statistics...
 name QCSTRG is missing in "lst" file.
NSTEP =        424   NCYCLE=  2  CFL_adv= 0.378  CFL_sgs= 0.114
 DAY =   0.147222222222222     
 NSTEP=         424
 div:  1.485383964445567E-016 -9.386862479266232E-017
 SST=   305.000000000000     
 surface pressure=   1014.80000000000     
 u:  -7.44044284681059        7.36055068429600     
 v:  -7.05681252043080        7.40544508076034     
 w:  -2.94179116609551        1.71830579868333     
 p:  -17.8071982377810        8.35989357671197     
 t:   303.508201909232        479.403491605814     
 tabs:   207.229038692250        306.567834128672     
 qv:  2.102191484420117E-083  2.544779574600212E-002
 tke:  0.000000000000000E+000   7.14345120038469     
 tk:  0.000000000000000E+000   40.3865310769183     
 tkh:  0.000000000000000E+000   40.3865310769183     
 qcl:  0.000000000000000E+000  0.000000000000000E+000
 qci:  0.000000000000000E+000  4.301920753553304E-003
 qpl:  0.000000000000000E+000  3.178149608969806E-004
 qpi:  0.000000000000000E+000  0.000000000000000E+000
 qrad(K/day):  -77.6978927668592        73.6629966628354     
 shf:  -4.95016242398590        7.42414998151796     
 lhf:   30.7175774528988        164.958365346508     
 uw: -1.910752123852993E-002  1.846497913239320E-002
 vw: -2.594469749554834E-002  3.211317980698038E-002
 sst:   305.000000000000        305.000000000000     
 ===========================
 total water budget:
 before (mm):         62.66947735782
 after (mm):          62.66996019360
 evaporation (mm):     0.00049364732
 precipitation (mm):   0.00001081154
 large-scale (mm):     0.00000000000
 Imbalance (mm)      -0.00000000000
 evap (mm/day):   1.42170427279716     
 prec (mm/day):  3.113723654166994E-002
 ls (mm/day):  0.000000000000000E+000
 imbalance (mm/day) -1.129502741337163E-011
  imbalance (rel error): -1.133785203573009E-016
 ===========================
NSTEP =        425   NCYCLE=  2  CFL_adv= 0.408  CFL_sgs= 0.112
NSTEP =        426   NCYCLE=  2  CFL_adv= 0.419  CFL_sgs= 0.110
 Let's do some shortwave
 Range of zenith angles  0.732661695834013       0.732661695834013     
 Range of surface albedo (asdir)  3.383449086658900E-002  3.383449086658900E-002
 Range of surface albedo (aldir)  3.383449086658900E-002  3.383449086658900E-002
 Range of surface albedo (asdif)  6.000000000000000E-002  6.000000000000000E-002
 Range of surface albedo (aldif)  6.000000000000000E-002  6.000000000000000E-002
 radiation: perpetual sun, solin=   310.282739788183     
 longwave radiation is called
NSTEP =        427   NCYCLE=  2  CFL_adv= 0.429  CFL_sgs= 0.109
 Collecting statistics...
 name QCSTRG is missing in "lst" file.
NSTEP =        428   NCYCLE=  2  CFL_adv= 0.429  CFL_sgs= 0.119
 DAY =   0.148611111111111     
 NSTEP=         428
 div:  1.257186873898096E-016 -7.694232237086720E-017
 SST=   305.000000000000     
 surface pressure=   1014.80000000000     
 u:  -7.84089506036580        6.39485913606318     
 v:  -7.61727018428914        7.86305891950187     
 w:  -3.08919343442409        1.64795070418692     
 p:  -16.5993307395785        8.56480170378161     
 t:   303.673879665110        479.405489392479     
 tabs:   207.253697043298        306.367904825058     
 qv:  3.819597878973197E-083  2.545543401488116E-002
 tke:  0.000000000000000E+000   7.76896453600621     
 tk:  0.000000000000000E+000   33.5914888630073     
 tkh:  0.000000000000000E+000   33.5914888630073     
 qcl:  0.000000000000000E+000  0.000000000000000E+000
 qci:  0.000000000000000E+000  4.187686750614217E-003
 qpl:  0.000000000000000E+000  2.571663055290928E-004
 qpi:  0.000000000000000E+000  0.000000000000000E+000
 qrad(K/day):  -80.9037910164613        81.0840855728334     
 shf:  -4.55465628199951        7.08677683307146     
 lhf:   30.3980892924645        165.202539187623     
 uw: -1.852963460486267E-002  1.699600383093818E-002
 vw: -2.365515734522885E-002  2.591729686774393E-002
 sst:   305.000000000000        305.000000000000     
 ===========================
 total water budget:
 before (mm):         62.67140861952
 after (mm):          62.67189149816
 evaporation (mm):     0.00049245828
 precipitation (mm):   0.00000957965
 large-scale (mm):     0.00000000000
 Imbalance (mm)       0.00000000000
 evap (mm/day):   1.41827985873732     
 prec (mm/day):  2.758937779425056E-002
 ls (mm/day):  0.000000000000000E+000
 imbalance (mm/day)  5.180450794901870E-012
  imbalance (rel error):  0.000000000000000E+000
 ===========================
NSTEP =        429   NCYCLE=  2  CFL_adv= 0.425  CFL_sgs= 0.117
NSTEP =        430   NCYCLE=  2  CFL_adv= 0.403  CFL_sgs= 0.115
NSTEP =        431   NCYCLE=  2  CFL_adv= 0.379  CFL_sgs= 0.113
 Collecting statistics...
 name QCSTRG is missing in "lst" file.
NSTEP =        432   NCYCLE=  2  CFL_adv= 0.351  CFL_sgs= 0.112
 DAY =   0.150000000000000     
 NSTEP=         432
 div:  1.304837488543526E-016 -1.042380841665974E-016
 SST=   305.000000000000     
 surface pressure=   1014.80000000000     
 u:  -7.92819208150019        5.84229991567920     
 v:  -8.50478234558478        6.82741365365181     
 w:  -2.60881945938355        1.56961841543189     
 p:  -16.5637158256919        8.80425226839725     
 t:   303.764318391927        479.407370831560     
 tabs:   207.290119105422        306.250305755757     
 qv:  6.136140930388122E-083  2.547839010218048E-002
 tke:  0.000000000000000E+000   7.04233279394146     
 tk:  0.000000000000000E+000   28.4641025521521     
 tkh:  0.000000000000000E+000   28.4641025521521     
 qcl:  0.000000000000000E+000  0.000000000000000E+000
 qci:  0.000000000000000E+000  4.082669700457058E-003
 qpl:  0.000000000000000E+000  2.086714826636365E-004
 qpi:  0.000000000000000E+000  0.000000000000000E+000
 qrad(K/day):  -80.9037910164613        81.0840855728334     
 shf:  -4.24992679294119        6.48813859318496     
 lhf:   30.2949515018197        169.126924150768     
 uw: -1.802985844036090E-002  1.779121915057987E-002
 vw: -2.336577214708042E-002  2.278839987433312E-002
 sst:   305.000000000000        305.000000000000     
 ===========================
 total water budget:
 before (mm):         62.67334051620
 after (mm):          62.67382363552
 evaporation (mm):     0.00049127267
 precipitation (mm):   0.00000815335
 large-scale (mm):     0.00000000000
 Imbalance (mm)      -0.00000000000
 evap (mm/day):   1.41486529284073     
 prec (mm/day):  2.348163939611659E-002
 ls (mm/day):  0.000000000000000E+000
 imbalance (mm/day) -1.119126276025173E-011
  imbalance (rel error): -1.133715312938640E-016
 ===========================
 Let's do some shortwave
 Range of zenith angles  0.732661695834013       0.732661695834013     
 Range of surface albedo (asdir)  3.383449086658900E-002  3.383449086658900E-002
 Range of surface albedo (aldir)  3.383449086658900E-002  3.383449086658900E-002
 Range of surface albedo (asdif)  6.000000000000000E-002  6.000000000000000E-002
 Range of surface albedo (aldif)  6.000000000000000E-002  6.000000000000000E-002
 radiation: perpetual sun, solin=   310.282739786737     
 longwave radiation is called
NSTEP =        433   NCYCLE=  2  CFL_adv= 0.339  CFL_sgs= 0.111
NSTEP =        434   NCYCLE=  2  CFL_adv= 0.328  CFL_sgs= 0.110
NSTEP =        435   NCYCLE=  2  CFL_adv= 0.322  CFL_sgs= 0.110
 Collecting statistics...
 name QCSTRG is missing in "lst" file.
NSTEP =        436   NCYCLE=  2  CFL_adv= 0.311  CFL_sgs= 0.110
 DAY =   0.151388888888889     
 NSTEP=         436
 div:  1.140720489168288E-016 -7.912725502703290E-017
 SST=   305.000000000000     
 surface pressure=   1014.80000000000     
 u:  -8.21668428579608        6.54186272100401     
 v:  -7.37688182355561        8.48882066386771     
 w:  -2.43048757774843        1.49256314057074     
 p:  -16.2815711294201        9.19728607231829     
 t:   303.900826153732        479.408048161514     
 tabs:   207.234310726650        306.006528283684     
 qv:  2.603844163361140E-082  2.550172313951417E-002
 tke:  0.000000000000000E+000   2.33616138478422     
 tk:  0.000000000000000E+000   33.3845563185775     
 tkh:  0.000000000000000E+000   33.3845563185775     
 qcl:  0.000000000000000E+000  0.000000000000000E+000
 qci:  0.000000000000000E+000  4.002022864331654E-003
 qpl:  0.000000000000000E+000  1.788248416639104E-004
 qpi:  0.000000000000000E+000  0.000000000000000E+000
 qrad(K/day):  -73.3570366965346        76.6254671477568     
 shf:  -3.99560124424298        5.16650211930987     
 lhf:   30.1754181965122        163.768813298102     
 uw: -1.801641755001854E-002  1.793541933358720E-002
 vw: -2.039247953686562E-002  2.259246811992248E-002
 sst:   305.000000000000        305.000000000000     
 ===========================
 total water budget:
 before (mm):         62.67527317564
 after (mm):          62.67575636443
 evaporation (mm):     0.00049003733
 precipitation (mm):   0.00000684854
 large-scale (mm):     0.00000000000
 Imbalance (mm)       0.00000000000
 evap (mm/day):   1.41130751139432     
 prec (mm/day):  1.972379358848994E-002
 ls (mm/day):  0.000000000000000E+000
 imbalance (mm/day) -7.972319093947633E-012
  imbalance (rel error):  0.000000000000000E+000
 ===========================
NSTEP =        437   NCYCLE=  2  CFL_adv= 0.304  CFL_sgs= 0.036
NSTEP =        438   NCYCLE=  2  CFL_adv= 0.301  CFL_sgs= 0.109
 Let's do some shortwave
 Range of zenith angles  0.732661695834013       0.732661695834013     
 Range of surface albedo (asdir)  3.383449086658900E-002  3.383449086658900E-002
 Range of surface albedo (aldir)  3.383449086658900E-002  3.383449086658900E-002
 Range of surface albedo (asdif)  6.000000000000000E-002  6.000000000000000E-002
 Range of surface albedo (aldif)  6.000000000000000E-002  6.000000000000000E-002
 radiation: perpetual sun, solin=   310.282739784193     
 longwave radiation is called
NSTEP =        439   NCYCLE=  2  CFL_adv= 0.300  CFL_sgs= 0.108
 Collecting statistics...
 name QCSTRG is missing in "lst" file.
NSTEP =        440   NCYCLE=  2  CFL_adv= 0.305  CFL_sgs= 0.107
 DAY =   0.152777777777778     
 NSTEP=         440
 div:  1.073803929067677E-016 -8.189932406351515E-017
 SST=   305.000000000000     
 surface pressure=   1014.80000000000     
 u:  -7.71699220971924        6.44654976133484     
 v:  -8.79629227218000        7.93551163018858     
 w:  -2.70462285524283        1.66419542657261     
 p:  -16.0196458951738        9.07406968474287     
 t:   304.060301106223        479.407551940889     
 tabs:   207.144778885282        305.889159375694     
 qv:  1.262886294278369E-081  2.552514812469673E-002
 tke:  0.000000000000000E+000   6.88483029299226     
 tk:  0.000000000000000E+000   32.6006339823532     
 tkh:  0.000000000000000E+000   32.6006339823532     
 qcl:  0.000000000000000E+000  4.448778697966786E-005
 qci:  0.000000000000000E+000  3.970068886363248E-003
 qpl:  0.000000000000000E+000  1.616228473704589E-004
 qpi:  0.000000000000000E+000  0.000000000000000E+000
 qrad(K/day):  -75.8529331435034        77.4900772808658     
 shf:  -3.45481037977838        4.81504324821682     
 lhf:   30.0485104995159        156.875379489342     
 uw: -1.710216331922787E-002  1.607465242387824E-002
 vw: -2.076353443917979E-002  2.101653675288933E-002
 sst:   305.000000000000        305.000000000000     
 ===========================
 total water budget:
 before (mm):         62.67720572039
 after (mm):          62.67768872307
 evaporation (mm):     0.00048876459
 precipitation (mm):   0.00000576191
 large-scale (mm):     0.00000000000
 Imbalance (mm)       0.00000000000
 evap (mm/day):   1.40764201258680     
 prec (mm/day):  1.659429636361351E-002
 ls (mm/day):  0.000000000000000E+000
 imbalance (mm/day)  5.783230339929946E-012
  imbalance (rel error):  1.133645401156184E-016
 ===========================
NSTEP =        441   NCYCLE=  2  CFL_adv= 0.311  CFL_sgs= 0.110
NSTEP =        442   NCYCLE=  2  CFL_adv= 0.311  CFL_sgs= 0.107
NSTEP =        443   NCYCLE=  2  CFL_adv= 0.307  CFL_sgs= 0.107
 Collecting statistics...
 name QCSTRG is missing in "lst" file.
NSTEP =        444   NCYCLE=  2  CFL_adv= 0.312  CFL_sgs= 0.103
 DAY =   0.154166666666667     
 NSTEP=         444
 div:  1.262813932785317E-016 -8.550241695011728E-017
 SST=   305.000000000000     
 surface pressure=   1014.80000000000     
 u:  -7.40492479324990        6.66447918444512     
 v:  -7.86172011496867        8.06561280892935     
 w:  -2.77464879604937        1.57294262720401     
 p:  -13.9548803920205        8.72868317042433     
 t:   304.089032627339        479.406389634422     
 tabs:   207.029779155757        305.917519173798     
 qv:  2.584128690415333E-081  2.554883274040941E-002
 tke:  0.000000000000000E+000   5.92153307756992     
 tk:  0.000000000000000E+000   36.7441412305931     
 tkh:  0.000000000000000E+000   36.7441412305931     
 qcl:  0.000000000000000E+000  6.549815638137213E-005
 qci:  0.000000000000000E+000  3.933625913327865E-003
 qpl:  0.000000000000000E+000  1.393694926970458E-004
 qpi:  0.000000000000000E+000  0.000000000000000E+000
 qrad(K/day):  -75.8529331435034        77.4900772808658     
 shf:  -2.69878633762699        4.79153286078251     
 lhf:   29.9178555063406        154.588169703037     
 uw: -1.743104101466726E-002  1.578544024462516E-002
 vw: -1.925021113476993E-002  2.046707872986623E-002
 sst:   305.000000000000        305.000000000000     
 ===========================
 total water budget:
 before (mm):         62.67913718133
 after (mm):          62.67961976557
 evaporation (mm):     0.00048747461
 precipitation (mm):   0.00000489037
 large-scale (mm):     0.00000000000
 Imbalance (mm)      -0.00000000000
 evap (mm/day):   1.40392687446838     
 prec (mm/day):  1.408426429873490E-002
 ls (mm/day):  0.000000000000000E+000
 imbalance (mm/day) -2.279730847458070E-011
  imbalance (rel error): -1.133610475650001E-016
 ===========================
 Let's do some shortwave
 Range of zenith angles  0.732661695834013       0.732661695834013     
 Range of surface albedo (asdir)  3.383449086658900E-002  3.383449086658900E-002
 Range of surface albedo (aldir)  3.383449086658900E-002  3.383449086658900E-002
 Range of surface albedo (asdif)  6.000000000000000E-002  6.000000000000000E-002
 Range of surface albedo (aldif)  6.000000000000000E-002  6.000000000000000E-002
 radiation: perpetual sun, solin=   310.282739780468     
 longwave radiation is called
NSTEP =        445   NCYCLE=  2  CFL_adv= 0.320  CFL_sgs= 0.102
NSTEP =        446   NCYCLE=  2  CFL_adv= 0.304  CFL_sgs= 0.108
NSTEP =        447   NCYCLE=  2  CFL_adv= 0.298  CFL_sgs= 0.106
 Collecting statistics...
 name QCSTRG is missing in "lst" file.
NSTEP =        448   NCYCLE=  2  CFL_adv= 0.299  CFL_sgs= 0.104
 DAY =   0.155555555555556     
 NSTEP=         448
 div:  1.337187315225765E-016 -9.165659895695261E-017
 SST=   305.000000000000     
 surface pressure=   1014.80000000000     
 u:  -7.24756953385380        7.03228682474639     
 v:  -8.24087818166678        8.73092093906650     
 w:  -2.69414813378205        1.44664752792997     
 p:  -12.9054970657095        8.86087625171784     
 t:   304.120561119307        479.404814105829     
 tabs:   207.180914424003        306.080187353094     
 qv:  3.895084810713394E-081  2.557275231716664E-002
 tke:  0.000000000000000E+000   6.07326356252317     
 tk:  0.000000000000000E+000   34.4626842045486     
 tkh:  0.000000000000000E+000   34.4626842045486     
 qcl:  0.000000000000000E+000  6.496036996279063E-005
 qci:  0.000000000000000E+000  3.871918176792393E-003
 qpl:  0.000000000000000E+000  1.193435157007194E-004
 qpi:  0.000000000000000E+000  0.000000000000000E+000
 qrad(K/day):  -75.4699303275672        76.1228925460922     
 shf:  -2.29256551104318        4.30135330849481     
 lhf:   29.7814776159516        147.140556265344     
 uw: -1.499281943182651E-002  1.427554620150282E-002
 vw: -1.764767201733753E-002  1.696337343279632E-002
 sst:   305.000000000000        305.000000000000     
 ===========================
 total water budget:
 before (mm):         62.68106663267
 after (mm):          62.68154859661
 evaporation (mm):     0.00048617132
 precipitation (mm):   0.00000420739
 large-scale (mm):     0.00000000000
 Imbalance (mm)       0.00000000000
 evap (mm/day):   1.40017341582496     
 prec (mm/day):  1.211727587225321E-002
 ls (mm/day):  0.000000000000000E+000
 imbalance (mm/day)  1.466938875059609E-011
  imbalance (rel error):  1.133575592289298E-016
 ===========================
NSTEP =        449   NCYCLE=  2  CFL_adv= 0.297  CFL_sgs= 0.103
NSTEP =        450   NCYCLE=  2  CFL_adv= 0.295  CFL_sgs= 0.102
 Let's do some shortwave
 Range of zenith angles  0.732661695834013       0.732661695834013     
 Range of surface albedo (asdir)  3.383449086658900E-002  3.383449086658900E-002
 Range of surface albedo (aldir)  3.383449086658900E-002  3.383449086658900E-002
 Range of surface albedo (asdif)  6.000000000000000E-002  6.000000000000000E-002
 Range of surface albedo (aldif)  6.000000000000000E-002  6.000000000000000E-002
 radiation: perpetual sun, solin=   310.282739775597     
 longwave radiation is called
NSTEP =        451   NCYCLE=  2  CFL_adv= 0.294  CFL_sgs= 0.101
 Collecting statistics...
 name QCSTRG is missing in "lst" file.
NSTEP =        452   NCYCLE=  2  CFL_adv= 0.297  CFL_sgs= 0.100
 DAY =   0.156944444444444     
 NSTEP=         452
 div:  1.387544979775787E-016 -1.032816894149283E-016
 SST=   305.000000000000     
 surface pressure=   1014.80000000000     
 u:  -6.73642050557827        6.15367772231235     
 v:  -7.89070086053996        7.46221474787910     
 w:  -2.77880887040053        1.46133745948951     
 p:  -12.5034681144546        8.64592574396612     
 t:   304.157824657538        479.403728621137     
 tabs:   207.321370537815        306.099060845460     
 qv:  1.091779456094922E-080  2.559616029740431E-002
 tke:  0.000000000000000E+000   6.85146098012811     
 tk:  0.000000000000000E+000   33.8395116267874     
 tkh:  0.000000000000000E+000   33.8395116267874     
 qcl:  0.000000000000000E+000  7.177918859504929E-005
 qci:  0.000000000000000E+000  3.791178765382141E-003
 qpl:  0.000000000000000E+000  1.054894029738227E-004
 qpi:  0.000000000000000E+000  0.000000000000000E+000
 qrad(K/day):  -70.5321862930100        70.9912192076844     
 shf:  -2.27255664155505        4.23325300336527     
 lhf:   29.6381801844168        137.838541549104     
 uw: -1.425738563191182E-002  1.501729941896525E-002
 vw: -1.588618409287523E-002  1.579436461421282E-002
 sst:   305.000000000000        305.000000000000     
 ===========================
 total water budget:
 before (mm):         62.68299342783
 after (mm):          62.68347467088
 evaporation (mm):     0.00048485688
 precipitation (mm):   0.00000361382
 large-scale (mm):     0.00000000000
 Imbalance (mm)       0.00000000000
 evap (mm/day):   1.39638780197952     
 prec (mm/day):  1.040780760725711E-002
 ls (mm/day):  0.000000000000000E+000
 imbalance (mm/day)  3.436072227528536E-011
  imbalance (rel error):  2.267081521854996E-016
 ===========================
NSTEP =        453   NCYCLE=  2  CFL_adv= 0.299  CFL_sgs= 0.109
NSTEP =        454   NCYCLE=  2  CFL_adv= 0.300  CFL_sgs= 0.107
NSTEP =        455   NCYCLE=  2  CFL_adv= 0.301  CFL_sgs= 0.123
 Collecting statistics...
 name QCSTRG is missing in "lst" file.
NSTEP =        456   NCYCLE=  2  CFL_adv= 0.301  CFL_sgs= 0.120
 DAY =   0.158333333333333     
 NSTEP=         456
 div:  1.327828991322146E-016 -9.497457773811098E-017
 SST=   305.000000000000     
 surface pressure=   1014.80000000000     
 u:  -6.79026020338678        6.40755723219902     
 v:  -7.20586986864681        7.15799266788526     
 w:  -2.69381211263856        1.34986678707771     
 p:  -11.4281521202314        8.22248515496143     
 t:   304.192054603015        479.402725618463     
 tabs:   207.441011886121        306.075984600418     
 qv:  2.285370456606610E-080  2.561520214155571E-002
 tke:  0.000000000000000E+000   7.76898603084584     
 tk:  0.000000000000000E+000   29.4506514919499     
 tkh:  0.000000000000000E+000   29.4506514919499     
 qcl:  0.000000000000000E+000  9.268068437529718E-005
 qci:  0.000000000000000E+000  3.713174812983565E-003
 qpl:  0.000000000000000E+000  9.165876109810413E-005
 qpi:  0.000000000000000E+000  0.000000000000000E+000
 qrad(K/day):  -70.5321862930100        70.9912192076844     
 shf:  -2.37224341136482        3.71797066587346     
 lhf:   29.5086636407001        136.009287837853     
 uw: -1.391963385216325E-002  1.634102880733141E-002
 vw: -1.523182205572248E-002  1.393273472456736E-002
 sst:   305.000000000000        305.000000000000     
 ===========================
 total water budget:
 before (mm):         62.68491724055
 after (mm):          62.68539769572
 evaporation (mm):     0.00048353587
 precipitation (mm):   0.00000308070
 large-scale (mm):     0.00000000000
 Imbalance (mm)      -0.00000000000
 evap (mm/day):   1.39258331416993     
 prec (mm/day):  8.872418941952735E-003
 ls (mm/day):  0.000000000000000E+000
 imbalance (mm/day) -2.364924540378642E-011
  imbalance (rel error): -1.133505986847382E-016
 ===========================
 Let's do some shortwave
 Range of zenith angles  0.732661695834013       0.732661695834013     
 Range of surface albedo (asdir)  3.383449086658900E-002  3.383449086658900E-002
 Range of surface albedo (aldir)  3.383449086658900E-002  3.383449086658900E-002
 Range of surface albedo (asdif)  6.000000000000000E-002  6.000000000000000E-002
 Range of surface albedo (aldif)  6.000000000000000E-002  6.000000000000000E-002
 radiation: perpetual sun, solin=   310.282739769908     
 longwave radiation is called
NSTEP =        457   NCYCLE=  2  CFL_adv= 0.298  CFL_sgs= 0.117
NSTEP =        458   NCYCLE=  2  CFL_adv= 0.293  CFL_sgs= 0.114
NSTEP =        459   NCYCLE=  2  CFL_adv= 0.287  CFL_sgs= 0.113
 Collecting statistics...
 name QCSTRG is missing in "lst" file.
NSTEP =        460   NCYCLE=  2  CFL_adv= 0.287  CFL_sgs= 0.109
 DAY =   0.159722222222222     
 NSTEP=         460
 div:  1.369789939147860E-016 -1.076301510558277E-016
 SST=   305.000000000000     
 surface pressure=   1014.80000000000     
 u:  -6.89587749207298        6.52985905516274     
 v:  -7.20074970846222        7.77985363944620     
 w:  -2.57007343951715        1.61547352468788     
 p:  -9.11717346120484        7.91664087195736     
 t:   304.235790108799        479.401778011264     
 tabs:   207.384746952673        305.880892392691     
 qv:  4.016331317453225E-080  2.562626353311088E-002
 tke:  0.000000000000000E+000   6.43036352862342     
 tk:  0.000000000000000E+000   25.8375795130181     
 tkh:  0.000000000000000E+000   25.8375795130181     
 qcl:  0.000000000000000E+000  8.022037112260835E-005
 qci:  0.000000000000000E+000  3.665835844455707E-003
 qpl:  0.000000000000000E+000  7.970357854522981E-005
 qpi:  0.000000000000000E+000  0.000000000000000E+000
 qrad(K/day):  -71.0937890355285        81.5357082833644     
 shf:  -2.34667789301246        3.47283481083563     
 lhf:   29.4311876962748        136.813641718178     
 uw: -1.286876599294045E-002  1.467973335004019E-002
 vw: -1.528838253618463E-002  1.359383229499375E-002
 sst:   305.000000000000        305.000000000000     
 ===========================
 total water budget:
 before (mm):         62.68683778589
 after (mm):          62.68731737695
 evaporation (mm):     0.00048221448
 precipitation (mm):   0.00000262341
 large-scale (mm):     0.00000000000
 Imbalance (mm)       0.00000000000
 evap (mm/day):   1.38877770536169     
 prec (mm/day):  7.555434058434180E-003
 ls (mm/day):  0.000000000000000E+000
 imbalance (mm/day) -5.554106979020756E-012
  imbalance (rel error):  0.000000000000000E+000
 ===========================
NSTEP =        461   NCYCLE=  2  CFL_adv= 0.287  CFL_sgs= 0.106
NSTEP =        462   NCYCLE=  2  CFL_adv= 0.286  CFL_sgs= 0.104
 Let's do some shortwave
 Range of zenith angles  0.732661695834013       0.732661695834013     
 Range of surface albedo (asdir)  3.383449086658900E-002  3.383449086658900E-002
 Range of surface albedo (aldir)  3.383449086658900E-002  3.383449086658900E-002
 Range of surface albedo (asdif)  6.000000000000000E-002  6.000000000000000E-002
 Range of surface albedo (aldif)  6.000000000000000E-002  6.000000000000000E-002
 radiation: perpetual sun, solin=   310.282739763831     
 longwave radiation is called
NSTEP =        463   NCYCLE=  2  CFL_adv= 0.285  CFL_sgs= 0.109
 Collecting statistics...
 name QCSTRG is missing in "lst" file.
NSTEP =        464   NCYCLE=  2  CFL_adv= 0.286  CFL_sgs= 0.106
 DAY =   0.161111111111111     
 NSTEP=         464
 div:  1.304680305551735E-016 -1.128863671693847E-016
 SST=   305.000000000000     
 surface pressure=   1014.80000000000     
 u:  -6.53218011366329        6.60095942080478     
 v:  -6.43205377923124        7.96451396211880     
 w:  -2.06172409873970        1.78863721752755     
 p:  -8.55085721581904        8.04010550370310     
 t:   304.255814375590        479.401899946975     
 tabs:   207.478674888599        305.842511286745     
 qv:  3.638785576057103E-079  2.563125583289427E-002
 tke:  0.000000000000000E+000   6.16025007727896     
 tk:  0.000000000000000E+000   30.8810208276398     
 tkh:  0.000000000000000E+000   30.8810208276398     
 qcl:  0.000000000000000E+000  0.000000000000000E+000
 qci:  0.000000000000000E+000  3.606232019989052E-003
 qpl:  0.000000000000000E+000  7.043219193695524E-005
 qpi:  0.000000000000000E+000  0.000000000000000E+000
 qrad(K/day):  -67.5559862861333        76.0792869711283     
 shf:  -2.52121310518097        3.24999345804749     
 lhf:   29.3937871790931        134.343954601238     
 uw: -1.263367267316974E-002  1.508219239243785E-002
 vw: -1.624178033072879E-002  1.318173739661797E-002
 sst:   305.000000000000        305.000000000000     
 ===========================
 total water budget:
 before (mm):         62.68875479898
 after (mm):          62.68923347868
 evaporation (mm):     0.00048089863
 precipitation (mm):   0.00000221893
 large-scale (mm):     0.00000000000
 Imbalance (mm)       0.00000000000
 evap (mm/day):   1.38498806194118     
 prec (mm/day):  6.390529921846634E-003
 ls (mm/day):  0.000000000000000E+000
 imbalance (mm/day)  1.723255083551853E-011
  imbalance (rel error):  1.133436630712311E-016
 ===========================
NSTEP =        465   NCYCLE=  2  CFL_adv= 0.290  CFL_sgs= 0.104
NSTEP =        466   NCYCLE=  2  CFL_adv= 0.297  CFL_sgs= 0.101
NSTEP =        467   NCYCLE=  2  CFL_adv= 0.302  CFL_sgs= 0.099
 Collecting statistics...
 name QCSTRG is missing in "lst" file.
NSTEP =        468   NCYCLE=  2  CFL_adv= 0.308  CFL_sgs= 0.097
 DAY =   0.162500000000000     
 NSTEP=         468
 div:  1.226317596129990E-016 -9.046019380434915E-017
 SST=   305.000000000000     
 surface pressure=   1014.80000000000     
 u:  -7.05573608281489        6.23027252204271     
 v:  -6.72494601684779        8.09726306593567     
 w:  -1.67285130649813        1.64661038257183     
 p:  -8.34462846279577        7.77058606000979     
 t:   304.283763121382        479.402550074768     
 tabs:   207.450351393717        305.779234262935     
 qv:  1.880278698312013E-078  2.562622970219597E-002
 tke:  0.000000000000000E+000   5.14904431638308     
 tk:  0.000000000000000E+000   31.7719846866259     
 tkh:  0.000000000000000E+000   31.7719846866259     
 qcl:  0.000000000000000E+000  0.000000000000000E+000
 qci:  0.000000000000000E+000  3.551642733240372E-003
 qpl:  0.000000000000000E+000  6.762306711622175E-005
 qpi:  0.000000000000000E+000  0.000000000000000E+000
 qrad(K/day):  -67.5559862861333        76.0792869711283     
 shf:  -2.68460351416804        3.05187009829980     
 lhf:   29.4252505472498        129.296720739651     
 uw: -1.198249815212172E-002  1.423076337815683E-002
 vw: -1.517882852400710E-002  1.277597748955446E-002
 sst:   305.000000000000        305.000000000000     
 ===========================
 total water budget:
 before (mm):         62.69066809028
 after (mm):          62.69114580772
 evaporation (mm):     0.00047959653
 precipitation (mm):   0.00000187909
 large-scale (mm):     0.00000000000
 Imbalance (mm)       0.00000000000
 evap (mm/day):   1.38123799536199     
 prec (mm/day):  5.411780849988166E-003
 ls (mm/day):  0.000000000000000E+000
 imbalance (mm/day) -2.260971561341384E-012
  imbalance (rel error):  0.000000000000000E+000
 ===========================
 Let's do some shortwave
 Range of zenith angles  0.732661695834013       0.732661695834013     
 Range of surface albedo (asdir)  3.383449086658900E-002  3.383449086658900E-002
 Range of surface albedo (aldir)  3.383449086658900E-002  3.383449086658900E-002
 Range of surface albedo (asdif)  6.000000000000000E-002  6.000000000000000E-002
 Range of surface albedo (aldif)  6.000000000000000E-002  6.000000000000000E-002
 radiation: perpetual sun, solin=   310.282739757645     
 longwave radiation is called
NSTEP =        469   NCYCLE=  2  CFL_adv= 0.309  CFL_sgs= 0.095
NSTEP =        470   NCYCLE=  2  CFL_adv= 0.304  CFL_sgs= 0.094
NSTEP =        471   NCYCLE=  2  CFL_adv= 0.303  CFL_sgs= 0.093
 Collecting statistics...
 name QCSTRG is missing in "lst" file.
NSTEP =        472   NCYCLE=  2  CFL_adv= 0.306  CFL_sgs= 0.092
 DAY =   0.163888888888889     
 NSTEP=         472
 div:  1.146849379993581E-016 -9.861417293882797E-017
 SST=   305.000000000000     
 surface pressure=   1014.80000000000     
 u:  -7.49979300282723        6.75229573660494     
 v:  -7.19173317585587        7.44300638325560     
 w:  -1.62567642391587        1.57437386962705     
 p:  -7.43468000587936        7.83977009219667     
 t:   304.320211952324        479.402999147504     
 tabs:   207.442545690996        305.798578341257     
 qv:  1.137356256852736E-077  2.560303638984946E-002
 tke:  0.000000000000000E+000   4.84073980788926     
 tk:  0.000000000000000E+000   39.5649420265843     
 tkh:  0.000000000000000E+000   39.5649420265843     
 qcl:  0.000000000000000E+000  0.000000000000000E+000
 qci:  0.000000000000000E+000  3.496309529693856E-003
 qpl:  0.000000000000000E+000  6.198235752777575E-005
 qpi:  0.000000000000000E+000  0.000000000000000E+000
 qrad(K/day):  -75.9981284892371        73.5917547536393     
 shf:  -2.81447321086479        2.98301487927194     
 lhf:   29.5914900654500        122.233916125756     
 uw: -1.214007027615588E-002  1.154341964618632E-002
 vw: -1.309653225342497E-002  1.237921105539490E-002
 sst:   305.000000000000        305.000000000000     
 ===========================
 total water budget:
 before (mm):         62.69257745708
 after (mm):          62.69305416772
 evaporation (mm):     0.00047832003
 precipitation (mm):   0.00000160938
 large-scale (mm):     0.00000000000
 Imbalance (mm)       0.00000000000
 evap (mm/day):   1.37756168082792     
 prec (mm/day):  4.635020733654500E-003
 ls (mm/day):  0.000000000000000E+000
 imbalance (mm/day)  1.154208503675435E-011
  imbalance (rel error):  1.133367555932368E-016
 ===========================
NSTEP =        473   NCYCLE=  2  CFL_adv= 0.306  CFL_sgs= 0.092
NSTEP =        474   NCYCLE=  2  CFL_adv= 0.302  CFL_sgs= 0.092
 Let's do some shortwave
 Range of zenith angles  0.732661695834013       0.732661695834013     
 Range of surface albedo (asdir)  3.383449086658900E-002  3.383449086658900E-002
 Range of surface albedo (aldir)  3.383449086658900E-002  3.383449086658900E-002
 Range of surface albedo (asdif)  6.000000000000000E-002  6.000000000000000E-002
 Range of surface albedo (aldif)  6.000000000000000E-002  6.000000000000000E-002
 radiation: perpetual sun, solin=   310.282739751480     
 longwave radiation is called
NSTEP =        475   NCYCLE=  2  CFL_adv= 0.296  CFL_sgs= 0.091
 Collecting statistics...
 name QCSTRG is missing in "lst" file.
NSTEP =        476   NCYCLE=  2  CFL_adv= 0.287  CFL_sgs= 0.091
 DAY =   0.165277777777778     
 NSTEP=         476
 div:  9.959343665831723E-017 -6.319290029698640E-017
 SST=   305.000000000000     
 surface pressure=   1014.80000000000     
 u:  -6.97200831139385        6.82085022552026     
 v:  -6.89315209618651        7.38463824775624     
 w:  -1.67275493332820        1.53158900007180     
 p:  -7.26373496081546        7.87877997753226     
 t:   304.331398618361        479.403109004840     
 tabs:   207.530721586231        305.829931804764     
 qv:  8.247798182156253E-077  2.555709298740579E-002
 tke:  0.000000000000000E+000   4.72129197132993     
 tk:  0.000000000000000E+000   32.7653030049354     
 tkh:  0.000000000000000E+000   32.7653030049354     
 qcl:  0.000000000000000E+000  0.000000000000000E+000
 qci:  0.000000000000000E+000  3.466962071336410E-003
 qpl:  0.000000000000000E+000  5.309373962661874E-005
 qpi:  0.000000000000000E+000  0.000000000000000E+000
 qrad(K/day):  -87.9943619373304        76.8307061242571     
 shf:  -2.88896046598178        2.89416785423463     
 lhf:   29.9345292119986        119.307162776949     
 uw: -1.291872639726614E-002  1.275555819466893E-002
 vw: -1.374101858451319E-002  1.152072791736881E-002
 sst:   305.000000000000        305.000000000000     
 ===========================
 total water budget:
 before (mm):         62.69448275173
 after (mm):          62.69495842086
 evaporation (mm):     0.00047706527
 precipitation (mm):   0.00000139614
 large-scale (mm):     0.00000000000
 Imbalance (mm)       0.00000000000
 evap (mm/day):   1.37394798105746     
 prec (mm/day):  4.020889406224713E-003
 ls (mm/day):  0.000000000000000E+000
 imbalance (mm/day)  1.965796300154761E-011
  imbalance (rel error):  1.133333131813103E-016
 ===========================
NSTEP =        477   NCYCLE=  2  CFL_adv= 0.293  CFL_sgs= 0.091
NSTEP =        478   NCYCLE=  2  CFL_adv= 0.303  CFL_sgs= 0.091
NSTEP =        479   NCYCLE=  2  CFL_adv= 0.311  CFL_sgs= 0.091
 Collecting statistics...
 name QCSTRG is missing in "lst" file.
 Writting statistics:nstatsteps=          15
 --------------- ISCCP Simulator Diagnostics: -----------------
 ISCCP PDF:
            0.0       0.3       1.3       3.6       9.4      23.0      60.0
    0.     0.002     0.001     0.000     0.000     0.000     0.001     0.006
  180.     0.004     0.002     0.002     0.003     0.003     0.003     0.001
  310.     0.000     0.000     0.000     0.000     0.000     0.000     0.000
  440.     0.000     0.000     0.000     0.000     0.000     0.000     0.000
  560.     0.000     0.000     0.000     0.000     0.000     0.000     0.000
  680.     0.000     0.000     0.000     0.000     0.000     0.000     0.000
  800.     0.000     0.000     0.000     0.000     0.000     0.000     0.000
 low cld area (tau > 0.3)=  0.000000000000000E+000
 mid cld area (tau > 0.3)=  0.000000000000000E+000
 hgh cld area (tau > 0.3)=  2.183329264322917E-002
 total cld area (tau > 0.3)=  2.183329264322917E-002
 mean albedo cld (tau > 0.3)   0.598326104546967     
 mean tau cld (tau > 0.3)    13.3343126669115     
 mean top pressure (tau > 0.3)   196.737682928793     
 mean brightness temp (tau > 0.3)   276.610494204150     
 mean clearsky brightness temp (tau > 0.3)   299.307184586454     
 --------------- MODIS Simulator Diagnostics: -----------------
 MODIS PDF:
                      0.3       1.3       3.6       9.4      23.0      60.0
    0.               0.000     0.000     0.000     0.001     0.002     0.006
  180.               0.003     0.002     0.003     0.003     0.002     0.001
  310.               0.000     0.000     0.000     0.000     0.000     0.000
  440.               0.000     0.000     0.000     0.000     0.000     0.000
  560.               0.000     0.000     0.000     0.000     0.000     0.000
  680.               0.000     0.000     0.000     0.000     0.000     0.000
  800.               0.000     0.000     0.000     0.000     0.000     0.000
 low cld area =  0.000000000000000E+000
 mid cld area =  0.000000000000000E+000
 hgh cld area =  2.183329264322917E-002
 total cld area =  2.183329264322917E-002
 mean tau cld    45.0909831800460     
 mean top pressure    188.703911664605     
 total cld area (liquid) =  0.000000000000000E+000
 total cld area (ice) =  2.183329264322917E-002
 mean tau (liquid) =  -1.00000000000000     
 mean tau (ice) =   45.0909831800460     
 mean lwp (g/m2) =  -1.00000000000000     
 mean iwp (g/m2) =   1175.05323541226     
 mean reff (liquid)  =  -1.00000000000000     
 mean reff (ice)  =   48.5567452990936     
 --------------- MISR Simulator Diagnostics: -----------------
 MISR PDF:
            0.0       0.3       1.3       3.6       9.4      23.0      60.0
 99.00     0.000     0.000     0.000     0.000     0.000     0.000     0.000
 17.00     0.000     0.000     0.000     0.000     0.000     0.000     0.001
 15.00     0.000     0.000     0.000     0.000     0.000     0.002     0.005
 13.00     0.000     0.001     0.002     0.002     0.002     0.002     0.001
 11.00     0.000     0.001     0.000     0.001     0.001     0.000     0.000
  9.00     0.000     0.000     0.000     0.000     0.000     0.000     0.000
  7.00     0.000     0.000     0.000     0.000     0.000     0.000     0.000
  5.00     0.000     0.000     0.000     0.000     0.000     0.000     0.000
  4.00     0.000     0.000     0.000     0.000     0.000     0.000     0.000
  3.00     0.000     0.000     0.000     0.000     0.000     0.000     0.000
  2.50     0.000     0.000     0.000     0.000     0.000     0.000     0.000
  2.00     0.000     0.000     0.000     0.000     0.000     0.000     0.000
  1.50     0.000     0.000     0.000     0.000     0.000     0.000     0.000
  1.00     0.000     0.000     0.000     0.000     0.000     0.000     0.000
  0.50     0.000     0.000     0.000     0.000     0.000     0.000     0.000
  0.00     0.001     0.001     0.000     0.000     0.000     0.000     0.000
 total cld area =  2.097066243489583E-002
 mean top height (m)   12707.7115589459     
 Writting history file 
 rcemip305sst_160_MaxIce20_2dry3km                                              
  
 Writting 2D data. file:./OUT_2D/bubble_rcemip305sst_160_MaxIce20_2dry3km_64.2Db
 in                                                              
 Writting 3D data. file:./OUT_3D/bubble_rcemip305sst_160_MaxIce20_2dry3km_64_000
 0000480.bin3D                                                   
NSTEP =        480   NCYCLE=  2  CFL_adv= 0.317  CFL_sgs= 0.088
 DAY =   0.166666666666667     
 NSTEP=         480
 div:  9.173134060355099E-017 -1.019354358087533E-016
 SST=   305.000000000000     
 surface pressure=   1014.80000000000     
 u:  -8.10831081274918        6.37556129441969     
 v:  -5.96411354984896        8.76153716703506     
 w:  -1.46075428001500        1.45522201821470     
 p:  -6.86432967499151        7.30791134535285     
 t:   304.344595682175        479.403092094221     
 tabs:   207.616216865599        305.842876401952     
 qv:  5.770001436299045E-076  2.548490992571752E-002
 tke:  0.000000000000000E+000   4.35471173603356     
 tk:  0.000000000000000E+000   31.7738286375528     
 tkh:  0.000000000000000E+000   31.7738286375528     
 qcl:  0.000000000000000E+000  0.000000000000000E+000
 qci:  0.000000000000000E+000  3.447281150364971E-003
 qpl:  0.000000000000000E+000  4.262660495204297E-005
 qpi:  0.000000000000000E+000  0.000000000000000E+000
 qrad(K/day):  -87.9943619373304        76.8307061242571     
 shf:  -2.91597970827968        2.64932826019977     
 lhf:   30.3619737592933        117.847359452452     
 uw: -1.306307967937552E-002  1.293437072828116E-002
 vw: -1.287867712424719E-002  1.102479960194189E-002
 sst:   305.000000000000        305.000000000000     
 ===========================
 total water budget:
 before (mm):         62.69638382044
 after (mm):          62.69685840963
 evaporation (mm):     0.00047581901
 precipitation (mm):   0.00000122982
 large-scale (mm):     0.00000000000
 Imbalance (mm)       0.00000000000
 evap (mm/day):   1.37035875704633     
 prec (mm/day):  3.541887823237943E-003
 ls (mm/day):  0.000000000000000E+000
 imbalance (mm/day) -1.074140776324839E-012
  imbalance (rel error):  0.000000000000000E+000
 ===========================
CPU TIME =     123.3575 OVER     0.50 MODEL HOURS
 Let's do some shortwave
 Range of zenith angles  0.732661695834013       0.732661695834013     
 Range of surface albedo (asdir)  3.383449086658900E-002  3.383449086658900E-002
 Range of surface albedo (aldir)  3.383449086658900E-002  3.383449086658900E-002
 Range of surface albedo (asdif)  6.000000000000000E-002  6.000000000000000E-002
 Range of surface albedo (aldif)  6.000000000000000E-002  6.000000000000000E-002
 radiation: perpetual sun, solin=   310.282739745534     
 longwave radiation is called
NSTEP =        481   NCYCLE=  2  CFL_adv= 0.324  CFL_sgs= 0.087
NSTEP =        482   NCYCLE=  2  CFL_adv= 0.329  CFL_sgs= 0.087
NSTEP =        483   NCYCLE=  2  CFL_adv= 0.333  CFL_sgs= 0.087
 Collecting statistics...
 name QCSTRG is missing in "lst" file.
NSTEP =        484   NCYCLE=  2  CFL_adv= 0.334  CFL_sgs= 0.087
 DAY =   0.168055555555556     
 NSTEP=         484
 div:  8.606786949265462E-017 -8.151214800256763E-017
 SST=   305.000000000000     
 surface pressure=   1014.80000000000     
 u:  -7.80330537541660        6.80037181721471     
 v:  -6.54760202528239        8.80113249907157     
 w:  -1.43852747519585        1.66649197755502     
 p:  -6.29017723742570        7.30565324839846     
 t:   304.367370118820        479.402975831982     
 tabs:   207.604800157685        305.841739786748     
 qv:  1.874413571669678E-075  2.545443718488445E-002
 tke:  0.000000000000000E+000   4.74960298994803     
 tk:  0.000000000000000E+000   35.8947949381119     
 tkh:  0.000000000000000E+000   35.8947949381119     
 qcl:  0.000000000000000E+000  0.000000000000000E+000
 qci:  0.000000000000000E+000  3.415462150086821E-003
 qpl:  0.000000000000000E+000  3.413115660760553E-005
 qpi:  0.000000000000000E+000  0.000000000000000E+000
 qrad(K/day):  -82.3854083611900        72.6707795327694     
 shf:  -2.90906865772431        2.66284503066203     
 lhf:   30.5016717499876        123.338293129887     
 uw: -1.370460491772995E-002  1.462813730023247E-002
 vw: -1.040892594988395E-002  1.038101998758496E-002
 sst:   305.000000000000        305.000000000000     
 ===========================
 total water budget:
 before (mm):         62.69828052900
 after (mm):          62.69875401760
 evaporation (mm):     0.00047458164
 precipitation (mm):   0.00000109304
 large-scale (mm):     0.00000000000
 Imbalance (mm)      -0.00000000000
 evap (mm/day):   1.36679513033997     
 prec (mm/day):  3.147956163547458E-003
 ls (mm/day):  0.000000000000000E+000
 imbalance (mm/day) -1.442157733565295E-011
  imbalance (rel error): -1.133264523184403E-016
 ===========================
NSTEP =        485   NCYCLE=  2  CFL_adv= 0.329  CFL_sgs= 0.091
NSTEP =        486   NCYCLE=  2  CFL_adv= 0.321  CFL_sgs= 0.095
 Let's do some shortwave
 Range of zenith angles  0.732661695834013       0.732661695834013     
 Range of surface albedo (asdir)  3.383449086658900E-002  3.383449086658900E-002
 Range of surface albedo (aldir)  3.383449086658900E-002  3.383449086658900E-002
 Range of surface albedo (asdif)  6.000000000000000E-002  6.000000000000000E-002
 Range of surface albedo (aldif)  6.000000000000000E-002  6.000000000000000E-002
 radiation: perpetual sun, solin=   310.282739740171     
 longwave radiation is called
NSTEP =        487   NCYCLE=  2  CFL_adv= 0.313  CFL_sgs= 0.094
 Collecting statistics...
 name QCSTRG is missing in "lst" file.
NSTEP =        488   NCYCLE=  2  CFL_adv= 0.311  CFL_sgs= 0.093
 DAY =   0.169444444444444     
 NSTEP=         488
 div:  8.961180908380065E-017 -9.506687337600087E-017
 SST=   305.000000000000     
 surface pressure=   1014.80000000000     
 u:  -7.41709143924020        6.74875623019475     
 v:  -6.36307764364588        7.54223043946766     
 w:  -1.56554847555911        1.51386375168507     
 p:  -5.47351586749918        7.00984497758731     
 t:   304.384671997149        479.403270103553     
 tabs:   207.657081595642        305.831027186730     
 qv:  3.995153417423215E-075  2.546488608220921E-002
 tke:  0.000000000000000E+000   5.32576816467081     
 tk:  0.000000000000000E+000   28.4173396574885     
 tkh:  0.000000000000000E+000   28.4173396574885     
 qcl:  0.000000000000000E+000  0.000000000000000E+000
 qci:  0.000000000000000E+000  3.371769176126439E-003
 qpl:  0.000000000000000E+000  2.535090657972148E-005
 qpi:  0.000000000000000E+000  0.000000000000000E+000
 qrad(K/day):  -84.5748215245532        72.5108046168744     
 shf:  -2.88005384371469        2.48201033165560     
 lhf:   30.6325055461153        123.446737054154     
 uw: -1.300706919075205E-002  1.597872092340457E-002
 vw: -9.915337780484595E-003  9.945339774645737E-003
 sst:   305.000000000000        305.000000000000     
 ===========================
 total water budget:
 before (mm):         62.70017282841
 after (mm):          62.70064521574
 evaporation (mm):     0.00047336301
 precipitation (mm):   0.00000097569
 large-scale (mm):     0.00000000000
 Imbalance (mm)      -0.00000000000
 evap (mm/day):   1.36328546640801     
 prec (mm/day):  2.809977364688970E-003
 ls (mm/day):  0.000000000000000E+000
 imbalance (mm/day) -2.944027773031221E-011
  imbalance (rel error): -2.266460682550562E-016
 ===========================
NSTEP =        489   NCYCLE=  2  CFL_adv= 0.311  CFL_sgs= 0.096
NSTEP =        490   NCYCLE=  2  CFL_adv= 0.311  CFL_sgs= 0.095
NSTEP =        491   NCYCLE=  2  CFL_adv= 0.316  CFL_sgs= 0.094
 Collecting statistics...
 name QCSTRG is missing in "lst" file.
NSTEP =        492   NCYCLE=  2  CFL_adv= 0.331  CFL_sgs= 0.093
 DAY =   0.170833333333333     
 NSTEP=         492
 div:  9.818882354537701E-017 -8.091545771511478E-017
 SST=   305.000000000000     
 surface pressure=   1014.80000000000     
 u:  -8.64446320659221        6.52902035945145     
 v:  -6.67124361990277        7.99996445701125     
 w:  -1.53807593336105        1.60571033489499     
 p:  -5.04038085008909        6.58016650458048     
 t:   304.393366147169        479.404424114231     
 tabs:   207.650740443786        305.815511687577     
 qv:  8.287676492171078E-075  2.547990238315606E-002
 tke:  0.000000000000000E+000   4.90319806522142     
 tk:  0.000000000000000E+000   28.5866533443021     
 tkh:  0.000000000000000E+000   28.5866533443021     
 qcl:  0.000000000000000E+000  0.000000000000000E+000
 qci:  0.000000000000000E+000  3.324918189916488E-003
 qpl:  0.000000000000000E+000  1.788293577991364E-005
 qpi:  0.000000000000000E+000  0.000000000000000E+000
 qrad(K/day):  -84.5748215245532        72.5108046168744     
 shf:  -2.84748072230526        2.25435195943291     
 lhf:   30.5847402274450        129.193530510861     
 uw: -1.178466043610161E-002  1.512908145447988E-002
 vw: -9.018667804286134E-003  8.729648881541307E-003
 sst:   305.000000000000        305.000000000000     
 ===========================
 total water budget:
 before (mm):         62.70206076861
 after (mm):          62.70253209057
 evaporation (mm):     0.00047219287
 precipitation (mm):   0.00000087091
 large-scale (mm):     0.00000000000
 Imbalance (mm)       0.00000000000
 evap (mm/day):   1.35991546674180     
 prec (mm/day):  2.508229724873299E-003
 ls (mm/day):  0.000000000000000E+000
 imbalance (mm/day)  2.509525729311578E-011
  imbalance (rel error):  1.133196239561393E-016
 ===========================
 Let's do some shortwave
 Range of zenith angles  0.732661695834013       0.732661695834013     
 Range of surface albedo (asdir)  3.383449086658900E-002  3.383449086658900E-002
 Range of surface albedo (aldir)  3.383449086658900E-002  3.383449086658900E-002
 Range of surface albedo (asdif)  6.000000000000000E-002  6.000000000000000E-002
 Range of surface albedo (aldif)  6.000000000000000E-002  6.000000000000000E-002
 radiation: perpetual sun, solin=   310.282739735693     
 longwave radiation is called
NSTEP =        493   NCYCLE=  2  CFL_adv= 0.341  CFL_sgs= 0.093
NSTEP =        494   NCYCLE=  2  CFL_adv= 0.346  CFL_sgs= 0.092
NSTEP =        495   NCYCLE=  2  CFL_adv= 0.346  CFL_sgs= 0.094
 Collecting statistics...
 name QCSTRG is missing in "lst" file.
NSTEP =        496   NCYCLE=  2  CFL_adv= 0.340  CFL_sgs= 0.093
 DAY =   0.172222222222222     
 NSTEP=         496
 div:  6.884435475356468E-017 -7.446656804816555E-017
 SST=   305.000000000000     
 surface pressure=   1014.80000000000     
 u:  -8.36324219930533        6.64614588141447     
 v:  -6.57569654360508        8.70718028854244     
 w:  -1.49301008208874        1.77724335230942     
 p:  -5.05170678579027        6.44040571195345     
 t:   304.400606356696        479.405088621722     
 tabs:   207.651267045486        305.800420876902     
 qv:  1.130025600400980E-074  2.549741626824287E-002
 tke:  0.000000000000000E+000   4.81663373699845     
 tk:  0.000000000000000E+000   40.9492940724757     
 tkh:  0.000000000000000E+000   40.9492940724757     
 qcl:  0.000000000000000E+000  0.000000000000000E+000
 qci:  0.000000000000000E+000  3.267850036829256E-003
 qpl:  0.000000000000000E+000  1.366706133286278E-005
 qpi:  0.000000000000000E+000  0.000000000000000E+000
 qrad(K/day):  -83.0126098686346        66.3374137190061     
 shf:  -2.80071835278640        2.17950488484371     
 lhf:   30.5193134747889        132.128056526535     
 uw: -1.135542294392826E-002  1.699957149485609E-002
 vw: -8.130680872057774E-003  8.038356411229233E-003
 sst:   305.000000000000        305.000000000000     
 ===========================
 total water budget:
 before (mm):         62.70394449548
 after (mm):          62.70441478115
 evaporation (mm):     0.00047105995
 precipitation (mm):   0.00000077427
 large-scale (mm):     0.00000000000
 Imbalance (mm)      -0.00000000000
 evap (mm/day):   1.35665264383395     
 prec (mm/day):  2.229901863850823E-003
 ls (mm/day):  0.000000000000000E+000
 imbalance (mm/day) -1.625558818411574E-011
  imbalance (rel error): -1.133162215515461E-016
 ===========================
NSTEP =        497   NCYCLE=  2  CFL_adv= 0.342  CFL_sgs= 0.092
NSTEP =        498   NCYCLE=  2  CFL_adv= 0.340  CFL_sgs= 0.091
 Let's do some shortwave
 Range of zenith angles  0.732661695834013       0.732661695834013     
 Range of surface albedo (asdir)  3.383449086658900E-002  3.383449086658900E-002
 Range of surface albedo (aldir)  3.383449086658900E-002  3.383449086658900E-002
 Range of surface albedo (asdif)  6.000000000000000E-002  6.000000000000000E-002
 Range of surface albedo (aldif)  6.000000000000000E-002  6.000000000000000E-002
 radiation: perpetual sun, solin=   310.282739732201     
 longwave radiation is called
NSTEP =        499   NCYCLE=  2  CFL_adv= 0.334  CFL_sgs= 0.090
 Collecting statistics...
 name QCSTRG is missing in "lst" file.
NSTEP =        500   NCYCLE=  2  CFL_adv= 0.326  CFL_sgs= 0.090
 DAY =   0.173611111111111     
 NSTEP=         500
 div:  7.631013952671759E-017 -5.861166766952662E-017
 SST=   305.000000000000     
 surface pressure=   1014.80000000000     
 u:  -7.05299251743923        6.77829971527961     
 v:  -6.44733319478220        8.20695409972567     
 w:  -1.48021762131679        1.83323539483593     
 p:  -5.18186803773688        6.23766946778647     
 t:   304.408230070798        479.405533157614     
 tabs:   207.688844856632        305.788297046782     
 qv:  1.791763783507371E-074  2.550804895176174E-002
 tke:  0.000000000000000E+000   4.56077990521875     
 tk:  0.000000000000000E+000   32.5302650088565     
 tkh:  0.000000000000000E+000   32.5302650088565     
 qcl:  0.000000000000000E+000  0.000000000000000E+000
 qci:  0.000000000000000E+000  3.241606444559748E-003
 qpl:  0.000000000000000E+000  1.288934066363452E-005
 qpi:  0.000000000000000E+000  0.000000000000000E+000
 qrad(K/day):  -81.2042594722059        68.5902783318561     
 shf:  -2.76869496084586        2.09109927370935     
 lhf:   30.5007651336865        123.406144256727     
 uw: -1.115751534049357E-002  1.700767554662354E-002
 vw: -7.791992407217980E-003  7.720232503713976E-003
 sst:   305.000000000000        305.000000000000     
 ===========================
 total water budget:
 before (mm):         62.70582410362
 after (mm):          62.70629336941
 evaporation (mm):     0.00046995371
 precipitation (mm):   0.00000068793
 large-scale (mm):     0.00000000000
 Imbalance (mm)       0.00000000000
 evap (mm/day):   1.35346669766562     
 prec (mm/day):  1.981234184434827E-003
 ls (mm/day):  0.000000000000000E+000
 imbalance (mm/day)  2.018704661440641E-011
  imbalance (rel error):  1.133128267643351E-016
 ===========================
NSTEP =        501   NCYCLE=  2  CFL_adv= 0.314  CFL_sgs= 0.089
NSTEP =        502   NCYCLE=  2  CFL_adv= 0.300  CFL_sgs= 0.040
NSTEP =        503   NCYCLE=  2  CFL_adv= 0.288  CFL_sgs= 0.040
 Collecting statistics...
 name QCSTRG is missing in "lst" file.
NSTEP =        504   NCYCLE=  2  CFL_adv= 0.290  CFL_sgs= 0.038
 DAY =   0.175000000000000     
 NSTEP=         504
 div:  7.917411869786956E-017 -7.499848201701141E-017
 SST=   305.000000000000     
 surface pressure=   1014.80000000000     
 u:  -7.01965667672839        6.91145370084933     
 v:  -6.61887366992584        9.12079473077844     
 w:  -1.44167457326130        1.65849030289088     
 p:  -5.90961102830723        5.87449947348277     
 t:   304.420283410105        479.405724597943     
 tabs:   207.732665600724        305.778912249941     
 qv:  5.743104157348953E-074  2.551209769916528E-002
 tke:  0.000000000000000E+000   1.08552066002288     
 tk:  0.000000000000000E+000   22.6823830005248     
 tkh:  0.000000000000000E+000   22.6823830005248     
 qcl:  0.000000000000000E+000  0.000000000000000E+000
 qci:  0.000000000000000E+000  3.229245351934725E-003
 qpl:  0.000000000000000E+000  1.348985513753969E-005
 qpi:  0.000000000000000E+000  0.000000000000000E+000
 qrad(K/day):  -81.2042594722059        68.5902783318561     
 shf:  -2.74373321831500        2.04586740055999     
 lhf:   30.5206709138005        120.616397281765     
 uw: -1.174003207934782E-002  1.461690124484336E-002
 vw: -7.377785861149755E-003  7.589666827994549E-003
 sst:   305.000000000000        305.000000000000     
 ===========================
 total water budget:
 before (mm):         62.70769964742
 after (mm):          62.70816790248
 evaporation (mm):     0.00046886959
 precipitation (mm):   0.00000061454
 large-scale (mm):     0.00000000000
 Imbalance (mm)       0.00000000000
 evap (mm/day):   1.35034442709138     
 prec (mm/day):  1.769871305013749E-003
 ls (mm/day):  0.000000000000000E+000
 imbalance (mm/day) -1.360830241217302E-011
  imbalance (rel error):  0.000000000000000E+000
 ===========================
 Let's do some shortwave
 Range of zenith angles  0.732661695834013       0.732661695834013     
 Range of surface albedo (asdir)  3.383449086658900E-002  3.383449086658900E-002
 Range of surface albedo (aldir)  3.383449086658900E-002  3.383449086658900E-002
 Range of surface albedo (asdif)  6.000000000000000E-002  6.000000000000000E-002
 Range of surface albedo (aldif)  6.000000000000000E-002  6.000000000000000E-002
 radiation: perpetual sun, solin=   310.282739729757     
 longwave radiation is called
NSTEP =        505   NCYCLE=  2  CFL_adv= 0.295  CFL_sgs= 0.038
NSTEP =        506   NCYCLE=  2  CFL_adv= 0.297  CFL_sgs= 0.093
NSTEP =        507   NCYCLE=  2  CFL_adv= 0.306  CFL_sgs= 0.092
 Collecting statistics...
 name QCSTRG is missing in "lst" file.
NSTEP =        508   NCYCLE=  2  CFL_adv= 0.311  CFL_sgs= 0.091
 DAY =   0.176388888888889     
 NSTEP=         508
 div:  4.979213115861859E-017 -6.373137484844513E-017
 SST=   305.000000000000     
 surface pressure=   1014.80000000000     
 u:  -7.58162471727817        7.34225238699531     
 v:  -6.07107297458055        8.80075672127256     
 w:  -1.52727699685711        1.49380074362499     
 p:  -6.90501911959866        5.71141934731126     
 t:   304.437150585693        479.405884314824     
 tabs:   207.714798450154        305.771257600909     
 qv:  1.332582503007318E-073  2.551061071390767E-002
 tke:  0.000000000000000E+000   4.65250298726931     
 tk:  0.000000000000000E+000   22.6092911788104     
 tkh:  0.000000000000000E+000   22.6092911788104     
 qcl:  0.000000000000000E+000  0.000000000000000E+000
 qci:  0.000000000000000E+000  3.194051159913966E-003
 qpl:  0.000000000000000E+000  1.458699816403832E-005
 qpi:  0.000000000000000E+000  0.000000000000000E+000
 qrad(K/day):  -77.0292021402229        72.5386069823329     
 shf:  -2.72471363149085        2.03742304027638     
 lhf:   30.4129687091894        114.487146790332     
 uw: -1.203882999768525E-002  1.243783764076294E-002
 vw: -7.408364918774676E-003  7.365747309998513E-003
 sst:   305.000000000000        305.000000000000     
 ===========================
 total water budget:
 before (mm):         62.70957115512
 after (mm):          62.71003840142
 evaporation (mm):     0.00046780569
 precipitation (mm):   0.00000055939
 large-scale (mm):     0.00000000000
 Imbalance (mm)      -0.00000000000
 evap (mm/day):   1.34728040069366     
 prec (mm/day):  1.611057136477897E-003
 ls (mm/day):  0.000000000000000E+000
 imbalance (mm/day) -5.485513471681792E-011
  imbalance (rel error): -2.266121194861230E-016
 ===========================
NSTEP =        509   NCYCLE=  2  CFL_adv= 0.317  CFL_sgs= 0.090
NSTEP =        510   NCYCLE=  2  CFL_adv= 0.325  CFL_sgs= 0.089
 Let's do some shortwave
 Range of zenith angles  0.732661695834013       0.732661695834013     
 Range of surface albedo (asdir)  3.383449086658900E-002  3.383449086658900E-002
 Range of surface albedo (aldir)  3.383449086658900E-002  3.383449086658900E-002
 Range of surface albedo (asdif)  6.000000000000000E-002  6.000000000000000E-002
 Range of surface albedo (aldif)  6.000000000000000E-002  6.000000000000000E-002
 radiation: perpetual sun, solin=   310.282739728570     
 longwave radiation is called
NSTEP =        511   NCYCLE=  2  CFL_adv= 0.328  CFL_sgs= 0.089
 Collecting statistics...
 name QCSTRG is missing in "lst" file.
NSTEP =        512   NCYCLE=  2  CFL_adv= 0.326  CFL_sgs= 0.088
 DAY =   0.177777777777778     
 NSTEP=         512
 div:  5.616510831287912E-017 -7.429187106162905E-017
 SST=   305.000000000000     
 surface pressure=   1014.80000000000     
 u:  -6.79298790891036        7.10630641303163     
 v:  -6.59262247431115        7.81816973400203     
 w:  -1.76961875074922        1.55912181484844     
 p:  -6.56363113244130        5.58047028229091     
 t:   304.446430348451        479.406151633458     
 tabs:   207.724385138287        305.764407981882     
 qv:  1.866775184590720E-073  2.552768422793955E-002
 tke:  0.000000000000000E+000   4.42396780435554     
 tk:  0.000000000000000E+000   27.4568574180048     
 tkh:  0.000000000000000E+000   27.4568574180048     
 qcl:  0.000000000000000E+000  4.391968308994311E-006
 qci:  0.000000000000000E+000  3.149530641763429E-003
 qpl:  0.000000000000000E+000  1.490426038567112E-005
 qpi:  0.000000000000000E+000  0.000000000000000E+000
 qrad(K/day):  -71.7839354167139        70.6049455072573     
 shf:  -2.70435443549803        2.02540794111781     
 lhf:   30.2932421738014        105.028231993194     
 uw: -1.106072719735083E-002  1.225176857162742E-002
 vw: -7.067771419766307E-003  7.552748685172350E-003
 sst:   305.000000000000        305.000000000000     
 ===========================
 total water budget:
 before (mm):         62.71143863050
 after (mm):          62.71190487193
 evaporation (mm):     0.00046676515
 precipitation (mm):   0.00000052373
 large-scale (mm):     0.00000000000
 Imbalance (mm)       0.00000000000
 evap (mm/day):   1.34428362536625     
 prec (mm/day):  1.508332077949650E-003
 ls (mm/day):  0.000000000000000E+000
 imbalance (mm/day)  3.564371240787631E-011
  imbalance (rel error):  1.133026874580232E-016
 ===========================
NSTEP =        513   NCYCLE=  2  CFL_adv= 0.319  CFL_sgs= 0.088
NSTEP =        514   NCYCLE=  2  CFL_adv= 0.303  CFL_sgs= 0.088
NSTEP =        515   NCYCLE=  2  CFL_adv= 0.296  CFL_sgs= 0.087
 Collecting statistics...
 name QCSTRG is missing in "lst" file.
NSTEP =        516   NCYCLE=  2  CFL_adv= 0.297  CFL_sgs= 0.087
 DAY =   0.179166666666667     
 NSTEP=         516
 div:  5.391522330341978E-017 -6.103784333624609E-017
 SST=   305.000000000000     
 surface pressure=   1014.80000000000     
 u:  -7.32691956495560        6.80791093691999     
 v:  -5.79213910690627        8.30537074628540     
 w:  -1.59820619104096        1.67015344876366     
 p:  -6.13246320913035        5.78238785214163     
 t:   304.448112420560        479.407764578223     
 tabs:   207.749266928824        305.757810595516     
 qv:  4.488620439586946E-073  2.554025735638979E-002
 tke:  0.000000000000000E+000   4.30512449405858     
 tk:  0.000000000000000E+000   44.2155921680053     
 tkh:  0.000000000000000E+000   44.2155921680053     
 qcl:  0.000000000000000E+000  2.754629462255522E-006
 qci:  0.000000000000000E+000  3.134796026452357E-003
 qpl:  0.000000000000000E+000  1.481228888909538E-005
 qpi:  0.000000000000000E+000  0.000000000000000E+000
 qrad(K/day):  -71.7839354167139        70.6049455072573     
 shf:  -2.68666478928716        1.96679707073568     
 lhf:   30.2070654431166        98.6250944922833     
 uw: -9.208422776914239E-003  1.170956835969768E-002
 vw: -7.376115851737542E-003  7.888161119803352E-003
 sst:   305.000000000000        305.000000000000     
 ===========================
 total water budget:
 before (mm):         62.71330210319
 after (mm):          62.71376734837
 evaporation (mm):     0.00046575197
 precipitation (mm):   0.00000050679
 large-scale (mm):     0.00000000000
 Imbalance (mm)      -0.00000000000
 evap (mm/day):   1.34136567019116     
 prec (mm/day):  1.459550166303162E-003
 ls (mm/day):  0.000000000000000E+000
 imbalance (mm/day) -4.143097730125930E-011
  imbalance (rel error): -2.265986451788597E-016
 ===========================
 Let's do some shortwave
 Range of zenith angles  0.732661695834013       0.732661695834013     
 Range of surface albedo (asdir)  3.383449086658900E-002  3.383449086658900E-002
 Range of surface albedo (aldir)  3.383449086658900E-002  3.383449086658900E-002
 Range of surface albedo (asdif)  6.000000000000000E-002  6.000000000000000E-002
 Range of surface albedo (aldif)  6.000000000000000E-002  6.000000000000000E-002
 radiation: perpetual sun, solin=   310.282739728905     
 longwave radiation is called
NSTEP =        517   NCYCLE=  2  CFL_adv= 0.301  CFL_sgs= 0.087
NSTEP =        518   NCYCLE=  2  CFL_adv= 0.304  CFL_sgs= 0.087
NSTEP =        519   NCYCLE=  2  CFL_adv= 0.303  CFL_sgs= 0.032
 Collecting statistics...
 name QCSTRG is missing in "lst" file.
NSTEP =        520   NCYCLE=  2  CFL_adv= 0.308  CFL_sgs= 0.088
 DAY =   0.180555555555556     
 NSTEP=         520
 div:  6.859748471524099E-017 -6.735317553519640E-017
 SST=   305.000000000000     
 surface pressure=   1014.80000000000     
 u:  -7.72128909225624        8.43675298684824     
 v:  -6.22804933460016        7.37308583198566     
 w:  -1.55427861371675        1.84763654099595     
 p:  -5.51690496596956        5.80725835035877     
 t:   304.451667172861        479.408779420065     
 tabs:   207.760975177628        305.751294995031     
 qv:  6.931131449707469E-073  2.554515473650587E-002
 tke:  0.000000000000000E+000   4.36881623003023     
 tk:  0.000000000000000E+000   41.8342032748034     
 tkh:  0.000000000000000E+000   41.8342032748034     
 qcl:  0.000000000000000E+000  0.000000000000000E+000
 qci:  0.000000000000000E+000  3.112170993908863E-003
 qpl:  0.000000000000000E+000  1.477417261635683E-005
 qpi:  0.000000000000000E+000  0.000000000000000E+000
 qrad(K/day):  -77.1239683398167        65.6373943774349     
 shf:  -2.66919650893631        1.86671557996381     
 lhf:   30.1796650296209        95.5692007463706     
 uw: -8.398152455497571E-003  1.083496407862948E-002
 vw: -7.723710383372298E-003  7.620563723037392E-003
 sst:   305.000000000000        305.000000000000     
 ===========================
 total water budget:
 before (mm):         62.71516158855
 after (mm):          62.71562583988
 evaporation (mm):     0.00046475484
 precipitation (mm):   0.00000050351
 large-scale (mm):     0.00000000000
 Imbalance (mm)       0.00000000000
 evap (mm/day):   1.33849393657385     
 prec (mm/day):  1.450104793944303E-003
 ls (mm/day):  0.000000000000000E+000
 imbalance (mm/day)  1.528904383467627E-011
  imbalance (rel error):  1.132959651194761E-016
 ===========================
NSTEP =        521   NCYCLE=  2  CFL_adv= 0.311  CFL_sgs= 0.087
NSTEP =        522   NCYCLE=  2  CFL_adv= 0.310  CFL_sgs= 0.087
 Let's do some shortwave
 Range of zenith angles  0.732661695834013       0.732661695834013     
 Range of surface albedo (asdir)  3.383449086658900E-002  3.383449086658900E-002
 Range of surface albedo (aldir)  3.383449086658900E-002  3.383449086658900E-002
 Range of surface albedo (asdif)  6.000000000000000E-002  6.000000000000000E-002
 Range of surface albedo (aldif)  6.000000000000000E-002  6.000000000000000E-002
 radiation: perpetual sun, solin=   310.282739730824     
 longwave radiation is called
NSTEP =        523   NCYCLE=  2  CFL_adv= 0.304  CFL_sgs= 0.086
 Collecting statistics...
 name QCSTRG is missing in "lst" file.
NSTEP =        524   NCYCLE=  2  CFL_adv= 0.294  CFL_sgs= 0.086
 DAY =   0.181944444444444     
 NSTEP=         524
 div:  6.652988424598911E-017 -6.565455187290097E-017
 SST=   305.000000000000     
 surface pressure=   1014.80000000000     
 u:  -6.80839369167462        8.45668254093606     
 v:  -5.65396981803236        7.15846067110201     
 w:  -1.46809289661935        1.80533845091012     
 p:  -5.97444017370532        5.88855692595815     
 t:   304.455804710789        479.408989835569     
 tabs:   207.757765096461        305.744744502447     
 qv:  7.774654062159074E-073  2.554054135782296E-002
 tke:  0.000000000000000E+000   4.16188184046548     
 tk:  0.000000000000000E+000   40.1329621084284     
 tkh:  0.000000000000000E+000   40.1329621084284     
 qcl:  0.000000000000000E+000  0.000000000000000E+000
 qci:  0.000000000000000E+000  3.082580835192914E-003
 qpl:  0.000000000000000E+000  1.508567526448358E-005
 qpi:  0.000000000000000E+000  0.000000000000000E+000
 qrad(K/day):  -74.1276651113109        64.8151172815415     
 shf:  -2.65165936323483        1.84343357928839     
 lhf:   30.2286564397552        92.3747486265210     
 uw: -8.477091720935382E-003  9.506457410586026E-003
 vw: -7.327145501267127E-003  7.810989171424188E-003
 sst:   305.000000000000        305.000000000000     
 ===========================
 total water budget:
 before (mm):         62.71701711933
 after (mm):          62.71748038803
 evaporation (mm):     0.00046377779
 precipitation (mm):   0.00000050908
 large-scale (mm):     0.00000000000
 Imbalance (mm)       0.00000000000
 evap (mm/day):   1.33568003373959     
 prec (mm/day):  1.466153211976171E-003
 ls (mm/day):  0.000000000000000E+000
 imbalance (mm/day) -4.777525116240067E-012
  imbalance (rel error):  0.000000000000000E+000
 ===========================
NSTEP =        525   NCYCLE=  2  CFL_adv= 0.295  CFL_sgs= 0.085
NSTEP =        526   NCYCLE=  2  CFL_adv= 0.294  CFL_sgs= 0.085
NSTEP =        527   NCYCLE=  2  CFL_adv= 0.295  CFL_sgs= 0.085
 Collecting statistics...
 name QCSTRG is missing in "lst" file.
NSTEP =        528   NCYCLE=  2  CFL_adv= 0.293  CFL_sgs= 0.084
 DAY =   0.183333333333333     
 NSTEP=         528
 div:  4.695068381779057E-017 -6.683298922259428E-017
 SST=   305.000000000000     
 surface pressure=   1014.80000000000     
 u:  -7.41213011252329        7.13635846931045     
 v:  -5.60770617002462        7.81350716973581     
 w:  -1.74947955566435        1.32246451565496     
 p:  -5.98029398981784        5.98733648408126     
 t:   304.462941183999        479.411048130539     
 tabs:   207.728702075537        305.737752687291     
 qv:  8.971141600745835E-073  2.552602574403184E-002
 tke:  0.000000000000000E+000   1.69059216524064     
 tk:  0.000000000000000E+000   26.6108029077880     
 tkh:  0.000000000000000E+000   26.6108029077880     
 qcl:  0.000000000000000E+000  0.000000000000000E+000
 qci:  0.000000000000000E+000  3.045486529667519E-003
 qpl:  0.000000000000000E+000  1.497579602640397E-005
 qpi:  0.000000000000000E+000  0.000000000000000E+000
 qrad(K/day):  -74.1276651113109        64.8151172815415     
 shf:  -2.63314969491246        1.84194769745373     
 lhf:   30.2644037161733        88.5100234117316     
 uw: -8.329341209690876E-003  8.705556803183979E-003
 vw: -7.313090293624171E-003  7.242773546717033E-003
 sst:   305.000000000000        305.000000000000     
 ===========================
 total water budget:
 before (mm):         62.71886871733
 after (mm):          62.71933100132
 evaporation (mm):     0.00046280330
 precipitation (mm):   0.00000051930
 large-scale (mm):     0.00000000000
 Imbalance (mm)       0.00000000000
 evap (mm/day):   1.33287350059099     
 prec (mm/day):  1.495594363651072E-003
 ls (mm/day):  0.000000000000000E+000
 imbalance (mm/day)  3.614083214826831E-012
  imbalance (rel error):  0.000000000000000E+000
 ===========================
 Let's do some shortwave
 Range of zenith angles  0.732661695834013       0.732661695834013     
 Range of surface albedo (asdir)  3.383449086658900E-002  3.383449086658900E-002
 Range of surface albedo (aldir)  3.383449086658900E-002  3.383449086658900E-002
 Range of surface albedo (asdif)  6.000000000000000E-002  6.000000000000000E-002
 Range of surface albedo (aldif)  6.000000000000000E-002  6.000000000000000E-002
 radiation: perpetual sun, solin=   310.282739734067     
 longwave radiation is called
NSTEP =        529   NCYCLE=  2  CFL_adv= 0.292  CFL_sgs= 0.031
NSTEP =        530   NCYCLE=  2  CFL_adv= 0.299  CFL_sgs= 0.031
NSTEP =        531   NCYCLE=  2  CFL_adv= 0.300  CFL_sgs= 0.031
 Collecting statistics...
 name QCSTRG is missing in "lst" file.
NSTEP =        532   NCYCLE=  2  CFL_adv= 0.306  CFL_sgs= 0.031
 DAY =   0.184722222222222     
 NSTEP=         532
 div:  7.308234549952543E-017 -8.769460794314317E-017
 SST=   305.000000000000     
 surface pressure=   1014.80000000000     
 u:  -7.10287259632960        5.74197657344072     
 v:  -5.32936660387685        7.22901336443121     
 w:  -1.78135275582347        1.40435192293008     
 p:  -7.06589758428684        5.95437590158539     
 t:   304.472619055233        479.415383358879     
 tabs:   207.688365393280        305.729561246372     
 qv:  1.075278581560718E-072  2.553997469915345E-002
 tke:  0.000000000000000E+000   2.26097377608942     
 tk:  0.000000000000000E+000   37.5913369016837     
 tkh:  0.000000000000000E+000   37.5913369016837     
 qcl:  0.000000000000000E+000  0.000000000000000E+000
 qci:  0.000000000000000E+000  3.002631366186823E-003
 qpl:  0.000000000000000E+000  1.517912059901414E-005
 qpi:  0.000000000000000E+000  0.000000000000000E+000
 qrad(K/day):  -73.5081753134001        62.0138639569990     
 shf:  -2.61182250078081        1.81999497596369     
 lhf:   30.1477493437047        88.8066305839120     
 uw: -7.861451930657693E-003  8.141065298965657E-003
 vw: -7.184143870736724E-003  7.287063237813145E-003
 sst:   305.000000000000        305.000000000000     
 ===========================
 total water budget:
 before (mm):         62.72071637550
 after (mm):          62.72117767367
 evaporation (mm):     0.00046183004
 precipitation (mm):   0.00000053186
 large-scale (mm):     0.00000000000
 Imbalance (mm)      -0.00000000000
 evap (mm/day):   1.33007051188745     
 prec (mm/day):  1.531771189271633E-003
 ls (mm/day):  0.000000000000000E+000
 imbalance (mm/day) -2.140052844407537E-011
  imbalance (rel error): -1.132859366029373E-016
 ===========================
NSTEP =        533   NCYCLE=  2  CFL_adv= 0.306  CFL_sgs= 0.031
NSTEP =        534   NCYCLE=  2  CFL_adv= 0.301  CFL_sgs= 0.031
 Let's do some shortwave
 Range of zenith angles  0.732661695834013       0.732661695834013     
 Range of surface albedo (asdir)  3.383449086658900E-002  3.383449086658900E-002
 Range of surface albedo (aldir)  3.383449086658900E-002  3.383449086658900E-002
 Range of surface albedo (asdif)  6.000000000000000E-002  6.000000000000000E-002
 Range of surface albedo (aldif)  6.000000000000000E-002  6.000000000000000E-002
 radiation: perpetual sun, solin=   310.282739738221     
 longwave radiation is called
NSTEP =        535   NCYCLE=  2  CFL_adv= 0.292  CFL_sgs= 0.029
 Collecting statistics...
 name QCSTRG is missing in "lst" file.
NSTEP =        536   NCYCLE=  2  CFL_adv= 0.282  CFL_sgs= 0.029
 DAY =   0.186111111111111     
 NSTEP=         536
 div:  4.042779591052302E-017 -6.505366635878028E-017
 SST=   305.000000000000     
 surface pressure=   1014.80000000000     
 u:  -6.78815559421420        6.09782246452690     
 v:  -5.47233548872407        6.91000495035620     
 w:  -1.67794599406458        1.42514335151932     
 p:  -6.86280855839335        5.76102907120785     
 t:   304.483799821479        479.418254193223     
 tabs:   207.685660417436        305.719703904312     
 qv:  1.282421279775994E-072  2.555914747968027E-002
 tke:  0.000000000000000E+000   1.79220124443165     
 tk:  0.000000000000000E+000   33.4682801734684     
 tkh:  0.000000000000000E+000   33.4682801734684     
 qcl:  0.000000000000000E+000  0.000000000000000E+000
 qci:  0.000000000000000E+000  2.957094394131277E-003
 qpl:  0.000000000000000E+000  1.588557208780031E-005
 qpi:  0.000000000000000E+000  0.000000000000000E+000
 qrad(K/day):  -73.9109880088360        63.1695514262549     
 shf:  -2.58637529131349        1.78464968489033     
 lhf:   30.1168431254315        88.5934567208189     
 uw: -7.688278751209102E-003  8.397008210705466E-003
 vw: -7.667926950742198E-003  7.150951467539501E-003
 sst:   305.000000000000        305.000000000000     
 ===========================
 total water budget:
 before (mm):         62.72256008913
 after (mm):          62.72302040086
 evaporation (mm):     0.00046085848
 precipitation (mm):   0.00000054675
 large-scale (mm):     0.00000000000
 Imbalance (mm)       0.00000000000
 evap (mm/day):   1.32727242276545     
 prec (mm/day):  1.574631799631768E-003
 ls (mm/day):  0.000000000000000E+000
 imbalance (mm/day)  1.466990164598631E-011
  imbalance (rel error):  1.132826083978540E-016
 ===========================
NSTEP =        537   NCYCLE=  2  CFL_adv= 0.280  CFL_sgs= 0.029
NSTEP =        538   NCYCLE=  2  CFL_adv= 0.276  CFL_sgs= 0.028
NSTEP =        539   NCYCLE=  2  CFL_adv= 0.270  CFL_sgs= 0.028
 Collecting statistics...
 name QCSTRG is missing in "lst" file.
 Writting statistics:nstatsteps=          15
 --------------- ISCCP Simulator Diagnostics: -----------------
 ISCCP PDF:
            0.0       0.3       1.3       3.6       9.4      23.0      60.0
    0.     0.003     0.001     0.000     0.000     0.000     0.001     0.005
  180.     0.005     0.002     0.003     0.003     0.003     0.003     0.000
  310.     0.000     0.000     0.000     0.000     0.000     0.000     0.000
  440.     0.000     0.000     0.000     0.000     0.000     0.000     0.000
  560.     0.000     0.000     0.000     0.000     0.000     0.000     0.000
  680.     0.000     0.000     0.000     0.000     0.000     0.000     0.000
  800.     0.000     0.000     0.000     0.000     0.000     0.000     0.000
 low cld area (tau > 0.3)=  0.000000000000000E+000
 mid cld area (tau > 0.3)=  0.000000000000000E+000
 hgh cld area (tau > 0.3)=  2.222696940104167E-002
 total cld area (tau > 0.3)=  2.222696940104167E-002
 mean albedo cld (tau > 0.3)   0.565505844568095     
 mean tau cld (tau > 0.3)    11.4678836386548     
 mean top pressure (tau > 0.3)   203.931050793282     
 mean brightness temp (tau > 0.3)   277.185381901430     
 mean clearsky brightness temp (tau > 0.3)   299.281947738603     
 --------------- MODIS Simulator Diagnostics: -----------------
 MODIS PDF:
                      0.3       1.3       3.6       9.4      23.0      60.0
    0.               0.000     0.000     0.000     0.001     0.002     0.006
  180.               0.003     0.003     0.003     0.002     0.002     0.000
  310.               0.000     0.000     0.000     0.000     0.000     0.000
  440.               0.000     0.000     0.000     0.000     0.000     0.000
  560.               0.000     0.000     0.000     0.000     0.000     0.000
  680.               0.000     0.000     0.000     0.000     0.000     0.000
  800.               0.000     0.000     0.000     0.000     0.000     0.000
 low cld area =  0.000000000000000E+000
 mid cld area =  0.000000000000000E+000
 hgh cld area =  2.222696940104167E-002
 total cld area =  2.222696940104167E-002
 mean tau cld    38.0486012779409     
 mean top pressure    195.074058788464     
 total cld area (liquid) =  0.000000000000000E+000
 total cld area (ice) =  2.222696940104167E-002
 mean tau (liquid) =  -1.00000000000000     
 mean tau (ice) =   38.0486012779409     
 mean lwp (g/m2) =  -1.00000000000000     
 mean iwp (g/m2) =   919.255870123545     
 mean reff (liquid)  =  -1.00000000000000     
 mean reff (ice)  =   47.5064678682998     
 --------------- MISR Simulator Diagnostics: -----------------
 MISR PDF:
            0.0       0.3       1.3       3.6       9.4      23.0      60.0
 99.00     0.000     0.000     0.000     0.000     0.000     0.000     0.000
 17.00     0.000     0.000     0.000     0.000     0.000     0.000     0.000
 15.00     0.000     0.000     0.000     0.000     0.001     0.002     0.006
 13.00     0.000     0.000     0.001     0.001     0.002     0.002     0.000
 11.00     0.000     0.002     0.002     0.002     0.001     0.000     0.000
  9.00     0.000     0.000     0.000     0.000     0.000     0.000     0.000
  7.00     0.000     0.000     0.000     0.000     0.000     0.000     0.000
  5.00     0.000     0.000     0.000     0.000     0.000     0.000     0.000
  4.00     0.000     0.000     0.000     0.000     0.000     0.000     0.000
  3.00     0.000     0.000     0.000     0.000     0.000     0.000     0.000
  2.50     0.000     0.000     0.000     0.000     0.000     0.000     0.000
  2.00     0.000     0.000     0.000     0.000     0.000     0.000     0.000
  1.50     0.000     0.000     0.000     0.000     0.000     0.000     0.000
  1.00     0.000     0.000     0.000     0.000     0.000     0.000     0.000
  0.50     0.000     0.000     0.000     0.000     0.000     0.000     0.000
  0.00     0.001     0.001     0.000     0.000     0.000     0.000     0.000
 total cld area =  2.126159667968750E-002
 mean top height (m)   12448.1352234034     
 Writting history file 
 rcemip305sst_160_MaxIce20_2dry3km                                              
  
NSTEP =        540   NCYCLE=  2  CFL_adv= 0.265  CFL_sgs= 0.028
 DAY =   0.187500000000000     
 NSTEP=         540
 div:  4.002777876849701E-017 -6.477973338475149E-017
 SST=   305.000000000000     
 surface pressure=   1014.80000000000     
 u:  -6.76625825512484        6.16433458199636     
 v:  -5.29545835875094        6.59629777171313     
 w:  -1.54392708854874        1.31929624936760     
 p:  -6.13573641240134        5.48842060027185     
 t:   304.489202724087        479.419011865666     
 tabs:   207.736912276547        305.708375304006     
 qv:  1.422185761928435E-072  2.557313147928032E-002
 tke:  0.000000000000000E+000   1.11006646195023     
 tk:  0.000000000000000E+000   26.3399229064721     
 tkh:  0.000000000000000E+000   26.3399229064721     
 qcl:  0.000000000000000E+000  0.000000000000000E+000
 qci:  0.000000000000000E+000  2.906851757846672E-003
 qpl:  0.000000000000000E+000  1.586897612081822E-005
 qpi:  0.000000000000000E+000  0.000000000000000E+000
 qrad(K/day):  -73.9109880088360        63.1695514262549     
 shf:  -2.55716545737755        1.72329232648245     
 lhf:   30.2023052373933        87.5533181555551     
 uw: -7.227346141632515E-003  8.629803549189480E-003
 vw: -7.542662910316965E-003  7.033588166887565E-003
 sst:   305.000000000000        305.000000000000     
 ===========================
 total water budget:
 before (mm):         62.72439985583
 after (mm):          62.72485918391
 evaporation (mm):     0.00045989202
 precipitation (mm):   0.00000056393
 large-scale (mm):     0.00000000000
 Imbalance (mm)      -0.00000000000
 evap (mm/day):   1.32448900349150     
 prec (mm/day):  1.624132394301421E-003
 ls (mm/day):  0.000000000000000E+000
 imbalance (mm/day) -2.752992719044518E-011
  imbalance (rel error): -1.132792875113149E-016
 ===========================
CPU TIME =     115.0544 OVER     0.50 MODEL HOURS
 Let's do some shortwave
 Range of zenith angles  0.732661695834013       0.732661695834013     
 Range of surface albedo (asdir)  3.383449086658900E-002  3.383449086658900E-002
 Range of surface albedo (aldir)  3.383449086658900E-002  3.383449086658900E-002
 Range of surface albedo (asdif)  6.000000000000000E-002  6.000000000000000E-002
 Range of surface albedo (aldif)  6.000000000000000E-002  6.000000000000000E-002
 radiation: perpetual sun, solin=   310.282739742942     
 longwave radiation is called
NSTEP =        541   NCYCLE=  2  CFL_adv= 0.267  CFL_sgs= 0.028
NSTEP =        542   NCYCLE=  2  CFL_adv= 0.272  CFL_sgs= 0.027
NSTEP =        543   NCYCLE=  2  CFL_adv= 0.273  CFL_sgs= 0.027
 Collecting statistics...
 name QCSTRG is missing in "lst" file.
NSTEP =        544   NCYCLE=  2  CFL_adv= 0.270  CFL_sgs= 0.026
 DAY =   0.188888888888889     
 NSTEP=         544
 div:  3.871019745309229E-017 -6.609642434962393E-017
 SST=   305.000000000000     
 surface pressure=   1014.80000000000     
 u:  -6.08242344171296        6.29196747397112     
 v:  -5.13599352113996        7.29758636046387     
 w:  -1.64504960801230        1.26100210964005     
 p:  -5.53693091241903        5.37700785962854     
 t:   304.492947195632        479.417900758109     
 tabs:   207.798059346182        305.695874965255     
 qv:  1.522917053199878E-072  2.557164693844433E-002
 tke:  0.000000000000000E+000   1.39840095157620     
 tk:  0.000000000000000E+000   24.9334029279492     
 tkh:  0.000000000000000E+000   24.9334029279492     
 qcl:  0.000000000000000E+000  0.000000000000000E+000
 qci:  0.000000000000000E+000  2.850127787475375E-003
 qpl:  0.000000000000000E+000  1.546508044840618E-005
 qpi:  0.000000000000000E+000  0.000000000000000E+000
 qrad(K/day):  -69.0034997827163        62.5514683484861     
 shf:  -2.52494919000393        1.65423284510752     
 lhf:   30.3473222178338        85.2648081393471     
 uw: -7.109016670727305E-003  8.830577454102021E-003
 vw: -7.470382457301553E-003  7.038830487389024E-003
 sst:   305.000000000000        305.000000000000     
 ===========================
 total water budget:
 before (mm):         62.72623570536
 after (mm):          62.72669406065
 evaporation (mm):     0.00045893461
 precipitation (mm):   0.00000057931
 large-scale (mm):     0.00000000000
 Imbalance (mm)       0.00000000000
 evap (mm/day):   1.32173166695193     
 prec (mm/day):  1.668422057345931E-003
 ls (mm/day):  0.000000000000000E+000
 imbalance (mm/day)  5.631018112732533E-012
  imbalance (rel error):  1.132759738737458E-016
 ===========================
NSTEP =        545   NCYCLE=  2  CFL_adv= 0.263  CFL_sgs= 0.026
NSTEP =        546   NCYCLE=  2  CFL_adv= 0.269  CFL_sgs= 0.025
 Let's do some shortwave
 Range of zenith angles  0.732661695834013       0.732661695834013     
 Range of surface albedo (asdir)  3.383449086658900E-002  3.383449086658900E-002
 Range of surface albedo (aldir)  3.383449086658900E-002  3.383449086658900E-002
 Range of surface albedo (asdif)  6.000000000000000E-002  6.000000000000000E-002
 Range of surface albedo (aldif)  6.000000000000000E-002  6.000000000000000E-002
 radiation: perpetual sun, solin=   310.282739747944     
 longwave radiation is called
NSTEP =        547   NCYCLE=  2  CFL_adv= 0.276  CFL_sgs= 0.025
 Collecting statistics...
 name QCSTRG is missing in "lst" file.
NSTEP =        548   NCYCLE=  2  CFL_adv= 0.280  CFL_sgs= 0.026
 DAY =   0.190277777777778     
 NSTEP=         548
 div:  4.774903720838577E-017 -5.910787194605606E-017
 SST=   305.000000000000     
 surface pressure=   1014.80000000000     
 u:  -7.25821662953922        6.68089389970008     
 v:  -4.92822129141674        7.63668551747802     
 w:  -1.56236610739103        1.33892023331261     
 p:  -5.64087754575044        5.44114703845489     
 t:   304.497160888586        479.416837708662     
 tabs:   207.792918272959        305.681955125452     
 qv:  1.747001181552503E-072  2.555273134360131E-002
 tke:  0.000000000000000E+000   1.60931292912394     
 tk:  0.000000000000000E+000   31.7146745325009     
 tkh:  0.000000000000000E+000   31.7146745325009     
 qcl:  0.000000000000000E+000  0.000000000000000E+000
 qci:  0.000000000000000E+000  2.799727874618648E-003
 qpl:  0.000000000000000E+000  1.504339182060000E-005
 qpi:  0.000000000000000E+000  0.000000000000000E+000
 qrad(K/day):  -72.8912559941538        56.5619219705883     
 shf:  -2.48917866601211        1.64901821185553     
 lhf:   30.4952095998558        83.6715439904398     
 uw: -7.081744363618033E-003  8.835529277295300E-003
 vw: -7.700312302585667E-003  7.069792913444453E-003
 sst:   305.000000000000        305.000000000000     
 ===========================
 total water budget:
 before (mm):         62.72806768074
 after (mm):          62.72852507311
 evaporation (mm):     0.00045798145
 precipitation (mm):   0.00000058908
 large-scale (mm):     0.00000000000
 Imbalance (mm)      -0.00000000000
 evap (mm/day):   1.31898656833886     
 prec (mm/day):  1.696541491247277E-003
 ls (mm/day):  0.000000000000000E+000
 imbalance (mm/day) -1.347370579365438E-011
  imbalance (rel error): -1.132726674080060E-016
 ===========================
NSTEP =        549   NCYCLE=  2  CFL_adv= 0.282  CFL_sgs= 0.026
NSTEP =        550   NCYCLE=  2  CFL_adv= 0.283  CFL_sgs= 0.026
NSTEP =        551   NCYCLE=  2  CFL_adv= 0.282  CFL_sgs= 0.087
 Collecting statistics...
 name QCSTRG is missing in "lst" file.
NSTEP =        552   NCYCLE=  2  CFL_adv= 0.283  CFL_sgs= 0.087
 DAY =   0.191666666666667     
 NSTEP=         552
 div:  4.119950623179592E-017 -6.334585879872303E-017
 SST=   305.000000000000     
 surface pressure=   1014.80000000000     
 u:  -7.36071389893641        6.11322116957836     
 v:  -5.03007130141933        6.90060252594766     
 w:  -1.35971484146936        1.51539382304233     
 p:  -5.68101786374834        5.34635062273666     
 t:   304.500781872102        479.418661910245     
 tabs:   207.830160830750        305.666153144546     
 qv:  2.581175508422909E-072  2.553493325732691E-002
 tke:  0.000000000000000E+000   4.25364994251717     
 tk:  0.000000000000000E+000   29.6802763365065     
 tkh:  0.000000000000000E+000   29.6802763365065     
 qcl:  0.000000000000000E+000  0.000000000000000E+000
 qci:  0.000000000000000E+000  2.783025751311128E-003
 qpl:  0.000000000000000E+000  1.851330055859661E-005
 qpi:  0.000000000000000E+000  0.000000000000000E+000
 qrad(K/day):  -72.8912559941538        56.5619219705883     
 shf:  -2.44855034148180        1.58712669827654     
 lhf:   30.4793936876987        82.9485269204144     
 uw: -7.127339944599365E-003  8.203862527824613E-003
 vw: -7.301835933584130E-003  6.984653317064726E-003
 sst:   305.000000000000        305.000000000000     
 ===========================
 total water budget:
 before (mm):         62.72989581814
 after (mm):          62.73035225908
 evaporation (mm):     0.00045703358
 precipitation (mm):   0.00000059263
 large-scale (mm):     0.00000000000
 Imbalance (mm)       0.00000000000
 evap (mm/day):   1.31625670137247     
 prec (mm/day):  1.706778256586726E-003
 ls (mm/day):  0.000000000000000E+000
 imbalance (mm/day)  1.858078510388710E-012
  imbalance (rel error):  0.000000000000000E+000
 ===========================
 Let's do some shortwave
 Range of zenith angles  0.732661695834013       0.732661695834013     
 Range of surface albedo (asdir)  3.383449086658900E-002  3.383449086658900E-002
 Range of surface albedo (aldir)  3.383449086658900E-002  3.383449086658900E-002
 Range of surface albedo (asdif)  6.000000000000000E-002  6.000000000000000E-002
 Range of surface albedo (aldif)  6.000000000000000E-002  6.000000000000000E-002
 radiation: perpetual sun, solin=   310.282739752926     
 longwave radiation is called
NSTEP =        553   NCYCLE=  2  CFL_adv= 0.283  CFL_sgs= 0.086
NSTEP =        554   NCYCLE=  2  CFL_adv= 0.281  CFL_sgs= 0.086
NSTEP =        555   NCYCLE=  2  CFL_adv= 0.275  CFL_sgs= 0.085
 Collecting statistics...
 name QCSTRG is missing in "lst" file.
NSTEP =        556   NCYCLE=  2  CFL_adv= 0.265  CFL_sgs= 0.085
 DAY =   0.193055555555556     
 NSTEP=         556
 div:  6.050783484005286E-017 -6.540740832712964E-017
 SST=   305.000000000000     
 surface pressure=   1014.80000000000     
 u:  -6.15311485267316        6.22539100974078     
 v:  -5.58523795456188        6.30042132469777     
 w:  -1.39729007717755        1.50004543892366     
 p:  -5.87071440429786        5.35107734871268     
 t:   304.504643986633        479.420101207217     
 tabs:   207.784311942137        305.651526616645     
 qv:  4.440298870863340E-072  2.553716869490109E-002
 tke:  0.000000000000000E+000   4.09523259155407     
 tk:  0.000000000000000E+000   26.5492234684716     
 tkh:  0.000000000000000E+000   26.5492234684716     
 qcl:  0.000000000000000E+000  0.000000000000000E+000
 qci:  0.000000000000000E+000  2.766129444393776E-003
 qpl:  0.000000000000000E+000  1.786788076738368E-005
 qpi:  0.000000000000000E+000  0.000000000000000E+000
 qrad(K/day):  -77.9324678616590        56.9987119918326     
 shf:  -2.40298754376266        1.60685590355265     
 lhf:   30.4686835032683        82.0234106001038     
 uw: -6.654338556868122E-003  8.202527420437788E-003
 vw: -6.989084773476257E-003  7.292764878226905E-003
 sst:   305.000000000000        305.000000000000     
 ===========================
 total water budget:
 before (mm):         62.73172017297
 after (mm):          62.73217567893
 evaporation (mm):     0.00045609862
 precipitation (mm):   0.00000059266
 large-scale (mm):     0.00000000000
 Imbalance (mm)      -0.00000000000
 evap (mm/day):   1.31356403728621     
 prec (mm/day):  1.706856250385943E-003
 ls (mm/day):  0.000000000000000E+000
 imbalance (mm/day) -3.440511578027073E-011
  imbalance (rel error): -1.132660756733035E-016
 ===========================
NSTEP =        557   NCYCLE=  2  CFL_adv= 0.270  CFL_sgs= 0.085
NSTEP =        558   NCYCLE=  2  CFL_adv= 0.252  CFL_sgs= 0.084
 Let's do some shortwave
 Range of zenith angles  0.732661695834013       0.732661695834013     
 Range of surface albedo (asdir)  3.383449086658900E-002  3.383449086658900E-002
 Range of surface albedo (aldir)  3.383449086658900E-002  3.383449086658900E-002
 Range of surface albedo (asdif)  6.000000000000000E-002  6.000000000000000E-002
 Range of surface albedo (aldif)  6.000000000000000E-002  6.000000000000000E-002
 radiation: perpetual sun, solin=   310.282739757614     
 longwave radiation is called
NSTEP =        559   NCYCLE=  2  CFL_adv= 0.251  CFL_sgs= 0.026
 Collecting statistics...
 name QCSTRG is missing in "lst" file.
NSTEP =        560   NCYCLE=  2  CFL_adv= 0.257  CFL_sgs= 0.026
 DAY =   0.194444444444444     
 NSTEP=         560
 div:  4.392218264889675E-017 -6.482098165218613E-017
 SST=   305.000000000000     
 surface pressure=   1014.80000000000     
 u:  -5.91546924947061        6.50274148047590     
 v:  -6.08996368818954        7.05312799827441     
 w:  -1.60106428920408        1.44799223644865     
 p:  -5.75135272053524        5.22665354571340     
 t:   304.507500212127        479.420730691791     
 tabs:   207.802445134267        305.664851023828     
 qv:  7.360881516101620E-072  2.553752770070852E-002
 tke:  0.000000000000000E+000   1.89063074438836     
 tk:  0.000000000000000E+000   27.4229620551185     
 tkh:  0.000000000000000E+000   27.4229620551185     
 qcl:  0.000000000000000E+000  0.000000000000000E+000
 qci:  0.000000000000000E+000  2.741303546330162E-003
 qpl:  0.000000000000000E+000  1.449251318210242E-005
 qpi:  0.000000000000000E+000  0.000000000000000E+000
 qrad(K/day):  -74.8909775691565        55.2868856771987     
 shf:  -2.40044245212656        1.61341985449551     
 lhf:   30.3905168439288        80.9732068070057     
 uw: -5.984033990559305E-003  7.728359101504491E-003
 vw: -6.698464258453552E-003  7.194500458395551E-003
 sst:   305.000000000000        305.000000000000     
 ===========================
 total water budget:
 before (mm):         62.73354080668
 after (mm):          62.73399538889
 evaporation (mm):     0.00045517233
 precipitation (mm):   0.00000059011
 large-scale (mm):     0.00000000000
 Imbalance (mm)      -0.00000000000
 evap (mm/day):   1.31089630995437     
 prec (mm/day):  1.699527977462631E-003
 ls (mm/day):  0.000000000000000E+000
 imbalance (mm/day) -3.685797486310946E-011
  imbalance (rel error): -2.265255803828180E-016
 ===========================
NSTEP =        561   NCYCLE=  2  CFL_adv= 0.265  CFL_sgs= 0.026
NSTEP =        562   NCYCLE=  2  CFL_adv= 0.268  CFL_sgs= 0.026
NSTEP =        563   NCYCLE=  2  CFL_adv= 0.271  CFL_sgs= 0.027
 Collecting statistics...
 name QCSTRG is missing in "lst" file.
NSTEP =        564   NCYCLE=  2  CFL_adv= 0.271  CFL_sgs= 0.031
 DAY =   0.195833333333333     
 NSTEP=         564
 div:  3.893364706155843E-017 -6.573110902580359E-017
 SST=   305.000000000000     
 surface pressure=   1014.80000000000     
 u:  -6.67418115718157        6.64214068341531     
 v:  -5.98038758233058        7.21986788024248     
 w:  -1.65787613768768        1.21623158549981     
 p:  -5.34110539073899        4.92206165365484     
 t:   304.509102505770        479.422773775024     
 tabs:   207.825139837814        305.668229588945     
 qv:  1.410606367683873E-071  2.554111876507411E-002
 tke:  0.000000000000000E+000   2.55926238862050     
 tk:  0.000000000000000E+000   39.9942369959449     
 tkh:  0.000000000000000E+000   39.9942369959449     
 qcl:  0.000000000000000E+000  0.000000000000000E+000
 qci:  0.000000000000000E+000  2.702686062882788E-003
 qpl:  0.000000000000000E+000  1.236547157859727E-005
 qpi:  0.000000000000000E+000  0.000000000000000E+000
 qrad(K/day):  -74.8909775691565        55.2868856771987     
 shf:  -2.41061247838688        1.57232321617148     
 lhf:   30.4038630868531        79.6754854503190     
 uw: -5.697772105728775E-003  6.974067739975413E-003
 vw: -6.619356191997043E-003  7.840031345237268E-003
 sst:   305.000000000000        305.000000000000     
 ===========================
 total water budget:
 before (mm):         62.73535776410
 after (mm):          62.73581143381
 evaporation (mm):     0.00045425107
 precipitation (mm):   0.00000058136
 large-scale (mm):     0.00000000000
 Imbalance (mm)       0.00000000000
 evap (mm/day):   1.30824308204115     
 prec (mm/day):  1.674310957435986E-003
 ls (mm/day):  0.000000000000000E+000
 imbalance (mm/day) -7.316137137032466E-012
  imbalance (rel error):  0.000000000000000E+000
 ===========================
 Let's do some shortwave
 Range of zenith angles  0.732661695834013       0.732661695834013     
 Range of surface albedo (asdir)  3.383449086658900E-002  3.383449086658900E-002
 Range of surface albedo (aldir)  3.383449086658900E-002  3.383449086658900E-002
 Range of surface albedo (asdif)  6.000000000000000E-002  6.000000000000000E-002
 Range of surface albedo (aldif)  6.000000000000000E-002  6.000000000000000E-002
 radiation: perpetual sun, solin=   310.282739761910     
 longwave radiation is called
NSTEP =        565   NCYCLE=  2  CFL_adv= 0.270  CFL_sgs= 0.029
NSTEP =        566   NCYCLE=  2  CFL_adv= 0.267  CFL_sgs= 0.027
NSTEP =        567   NCYCLE=  2  CFL_adv= 0.264  CFL_sgs= 0.025
 Collecting statistics...
 name QCSTRG is missing in "lst" file.
NSTEP =        568   NCYCLE=  2  CFL_adv= 0.260  CFL_sgs= 0.024
 DAY =   0.197222222222222     
 NSTEP=         568
 div:  3.653264078827593E-017 -6.683610074000414E-017
 SST=   305.000000000000     
 surface pressure=   1014.80000000000     
 u:  -7.07147858494777        6.06107751060594     
 v:  -5.24055046091209        6.51280198501831     
 w:  -1.51661709190156        1.25531150745355     
 p:  -5.78226522941391        4.86021123567414     
 t:   304.508032024812        479.423910631451     
 tabs:   207.825270797116        305.664772097123     
 qv:  2.411959219332348E-071  2.553842561086115E-002
 tke:  0.000000000000000E+000   1.35600969542877     
 tk:  0.000000000000000E+000   24.2057435711789     
 tkh:  0.000000000000000E+000   24.2057435711789     
 qcl:  0.000000000000000E+000  0.000000000000000E+000
 qci:  0.000000000000000E+000  2.677673657664734E-003
 qpl:  0.000000000000000E+000  1.175223295554158E-005
 qpi:  0.000000000000000E+000  0.000000000000000E+000
 qrad(K/day):  -69.5399479662530        56.2062420229051     
 shf:  -2.40285110031309        1.52457501170533     
 lhf:   30.4082144306997        77.8338689579958     
 uw: -5.448380367261029E-003  6.760350804195789E-003
 vw: -6.465826420605477E-003  7.838132749165535E-003
 sst:   305.000000000000        305.000000000000     
 ===========================
 total water budget:
 before (mm):         62.73717108709
 after (mm):          62.73762385595
 evaporation (mm):     0.00045333051
 precipitation (mm):   0.00000056165
 large-scale (mm):     0.00000000000
 Imbalance (mm)      -0.00000000000
 evap (mm/day):   1.30559185712059     
 prec (mm/day):  1.617540832007937E-003
 ls (mm/day):  0.000000000000000E+000
 imbalance (mm/day) -3.915811980090755E-011
  imbalance (rel error): -1.132562395718907E-016
 ===========================
NSTEP =        569   NCYCLE=  2  CFL_adv= 0.263  CFL_sgs= 0.025
NSTEP =        570   NCYCLE=  2  CFL_adv= 0.264  CFL_sgs= 0.025
 Let's do some shortwave
 Range of zenith angles  0.732661695834013       0.732661695834013     
 Range of surface albedo (asdir)  3.383449086658900E-002  3.383449086658900E-002
 Range of surface albedo (aldir)  3.383449086658900E-002  3.383449086658900E-002
 Range of surface albedo (asdif)  6.000000000000000E-002  6.000000000000000E-002
 Range of surface albedo (aldif)  6.000000000000000E-002  6.000000000000000E-002
 radiation: perpetual sun, solin=   310.282739765897     
 longwave radiation is called
NSTEP =        571   NCYCLE=  2  CFL_adv= 0.264  CFL_sgs= 0.025
 Collecting statistics...
 name QCSTRG is missing in "lst" file.
NSTEP =        572   NCYCLE=  2  CFL_adv= 0.264  CFL_sgs= 0.025
 DAY =   0.198611111111111     
 NSTEP=         572
 div:  3.366213645231826E-017 -4.799734932352458E-017
 SST=   305.000000000000     
 surface pressure=   1014.80000000000     
 u:  -6.99580499125942        5.79792975933570     
 v:  -4.83810896801205        5.84414310756812     
 w:  -1.38696871429521        1.28917799491851     
 p:  -5.99028712168267        4.65009572799831     
 t:   304.506010436288        479.424708595275     
 tabs:   207.822550288161        305.657617252258     
 qv:  3.406155981919181E-071  2.554470441033281E-002
 tke:  0.000000000000000E+000   1.32923307254479     
 tk:  0.000000000000000E+000   20.8984268089719     
 tkh:  0.000000000000000E+000   20.8984268089719     
 qcl:  0.000000000000000E+000  0.000000000000000E+000
 qci:  0.000000000000000E+000  2.659376600229172E-003
 qpl:  0.000000000000000E+000  1.092114395730822E-005
 qpi:  0.000000000000000E+000  0.000000000000000E+000
 qrad(K/day):  -64.1796217372309        55.3087747489241     
 shf:  -2.38490430488131        1.54165536817471     
 lhf:   30.5069974033279        77.1598249168545     
 uw: -5.427439439443046E-003  6.556875218006171E-003
 vw: -6.126007189931102E-003  7.091422356826920E-003
 sst:   305.000000000000        305.000000000000     
 ===========================
 total water budget:
 before (mm):         62.73898082933
 after (mm):          62.73943271272
 evaporation (mm):     0.00045241578
 precipitation (mm):   0.00000053239
 large-scale (mm):     0.00000000000
 Imbalance (mm)       0.00000000000
 evap (mm/day):   1.30295743455026     
 prec (mm/day):  1.533286702089264E-003
 ls (mm/day):  0.000000000000000E+000
 imbalance (mm/day)  2.242949783423740E-012
  imbalance (rel error):  1.132529742520366E-016
 ===========================
NSTEP =        573   NCYCLE=  2  CFL_adv= 0.266  CFL_sgs= 0.025
NSTEP =        574   NCYCLE=  2  CFL_adv= 0.269  CFL_sgs= 0.024
NSTEP =        575   NCYCLE=  2  CFL_adv= 0.269  CFL_sgs= 0.029
 Collecting statistics...
 name QCSTRG is missing in "lst" file.
NSTEP =        576   NCYCLE=  2  CFL_adv= 0.266  CFL_sgs= 0.029
 DAY =   0.200000000000000     
 NSTEP=         576
 div:  3.181256316104465E-017 -5.714233438406065E-017
 SST=   305.000000000000     
 surface pressure=   1014.80000000000     
 u:  -6.17138493608135        5.32554384516742     
 v:  -5.27767037026535        5.76479221327217     
 w:  -1.33786765546368        1.41844770440285     
 p:  -6.33657768654591        4.63007220186744     
 t:   304.507447786357        479.426897376063     
 tabs:   207.834394766507        305.648637256434     
 qv:  3.452489333887950E-071  2.556077631059103E-002
 tke:  0.000000000000000E+000  0.848070745870335     
 tk:  0.000000000000000E+000   18.4667462450709     
 tkh:  0.000000000000000E+000   18.4667462450709     
 qcl:  0.000000000000000E+000  0.000000000000000E+000
 qci:  0.000000000000000E+000  2.643692323166244E-003
 qpl:  0.000000000000000E+000  9.931877715838400E-006
 qpi:  0.000000000000000E+000  0.000000000000000E+000
 qrad(K/day):  -64.1796217372309        55.3087747489241     
 shf:  -2.36177689203802        1.52759856384258     
 lhf:   30.6359141672615        76.5050431081884     
 uw: -5.525596568959642E-003  6.247552831318959E-003
 vw: -6.035363681246699E-003  6.355473263195598E-003
 sst:   305.000000000000        305.000000000000     
 ===========================
 total water budget:
 before (mm):         62.74078704765
 after (mm):          62.74123805570
 evaporation (mm):     0.00045150765
 precipitation (mm):   0.00000049959
 large-scale (mm):     0.00000000000
 Imbalance (mm)      -0.00000000000
 evap (mm/day):   1.30034202563905     
 prec (mm/day):  1.438829210371216E-003
 ls (mm/day):  0.000000000000000E+000
 imbalance (mm/day) -4.888587459644066E-011
  imbalance (rel error): -2.264994309258758E-016
 ===========================
 Let's do some shortwave
 Range of zenith angles  0.732661695834013       0.732661695834013     
 Range of surface albedo (asdir)  3.383449086658900E-002  3.383449086658900E-002
 Range of surface albedo (aldir)  3.383449086658900E-002  3.383449086658900E-002
 Range of surface albedo (asdif)  6.000000000000000E-002  6.000000000000000E-002
 Range of surface albedo (aldif)  6.000000000000000E-002  6.000000000000000E-002
 radiation: perpetual sun, solin=   310.282739769673     
 longwave radiation is called
NSTEP =        577   NCYCLE=  2  CFL_adv= 0.258  CFL_sgs= 0.028
NSTEP =        578   NCYCLE=  2  CFL_adv= 0.248  CFL_sgs= 0.028
NSTEP =        579   NCYCLE=  2  CFL_adv= 0.241  CFL_sgs= 0.028
 Collecting statistics...
 name QCSTRG is missing in "lst" file.
NSTEP =        580   NCYCLE=  2  CFL_adv= 0.241  CFL_sgs= 0.028
 DAY =   0.201388888888889     
 NSTEP=         580
 div:  3.210769903114523E-017 -5.831714863735585E-017
 SST=   305.000000000000     
 surface pressure=   1014.80000000000     
 u:  -6.46899881236956        5.61883138438451     
 v:  -5.26094370592414        5.77730514703338     
 w:  -1.39392535606796        1.50328636469958     
 p:  -6.62384846054538        4.61962812543244     
 t:   304.510680806337        479.427417960258     
 tabs:   207.792647756430        305.638677674116     
 qv:  3.555272574636100E-071  2.556447767131798E-002
 tke:  0.000000000000000E+000  0.947644863053786     
 tk:  0.000000000000000E+000   24.3367631251285     
 tkh:  0.000000000000000E+000   24.3367631251285     
 qcl:  0.000000000000000E+000  0.000000000000000E+000
 qci:  0.000000000000000E+000  2.625506876996711E-003
 qpl:  0.000000000000000E+000  8.905022431182680E-006
 qpi:  0.000000000000000E+000  0.000000000000000E+000
 qrad(K/day):  -61.5491801392671        55.9915038605613     
 shf:  -2.33584904648746        1.49011269964717     
 lhf:   30.6099158630410        75.9160131905024     
 uw: -5.591226381491432E-003  6.338002950871468E-003
 vw: -5.985849860326725E-003  6.059147739564250E-003
 sst:   305.000000000000        305.000000000000     
 ===========================
 total water budget:
 before (mm):         62.74258977886
 after (mm):          62.74303992301
 evaporation (mm):     0.00045061029
 precipitation (mm):   0.00000046614
 large-scale (mm):     0.00000000000
 Imbalance (mm)      -0.00000000000
 evap (mm/day):   1.29775763253889     
 prec (mm/day):  1.342482443311497E-003
 ls (mm/day):  0.000000000000000E+000
 imbalance (mm/day) -1.596742940505099E-011
  imbalance (rel error): -1.132464631347219E-016
 ===========================
NSTEP =        581   NCYCLE=  2  CFL_adv= 0.244  CFL_sgs= 0.028
NSTEP =        582   NCYCLE=  2  CFL_adv= 0.247  CFL_sgs= 0.028
 Let's do some shortwave
 Range of zenith angles  0.732661695834013       0.732661695834013     
 Range of surface albedo (asdir)  3.383449086658900E-002  3.383449086658900E-002
 Range of surface albedo (aldir)  3.383449086658900E-002  3.383449086658900E-002
 Range of surface albedo (asdif)  6.000000000000000E-002  6.000000000000000E-002
 Range of surface albedo (aldif)  6.000000000000000E-002  6.000000000000000E-002
 radiation: perpetual sun, solin=   310.282739773197     
 longwave radiation is called
NSTEP =        583   NCYCLE=  2  CFL_adv= 0.247  CFL_sgs= 0.028
 Collecting statistics...
 name QCSTRG is missing in "lst" file.
NSTEP =        584   NCYCLE=  2  CFL_adv= 0.251  CFL_sgs= 0.027
 DAY =   0.202777777777778     
 NSTEP=         584
 div:  3.418716788427376E-017 -5.588510127598835E-017
 SST=   305.000000000000     
 surface pressure=   1014.80000000000     
 u:  -7.09679494981608        5.98063043311463     
 v:  -4.98308322509506        5.73858326712897     
 w:  -1.42228680620352        1.44836332717463     
 p:  -5.89042252460161        4.70642105515066     
 t:   304.514932703093        479.428429355574     
 tabs:   207.786885581112        305.628256115147     
 qv:  4.001126354029185E-071  2.555505864350407E-002
 tke:  0.000000000000000E+000  0.959612559357001     
 tk:  0.000000000000000E+000   24.4899540546348     
 tkh:  0.000000000000000E+000   24.4899540546348     
 qcl:  0.000000000000000E+000  0.000000000000000E+000
 qci:  0.000000000000000E+000  2.608615266468747E-003
 qpl:  0.000000000000000E+000  7.830787232756782E-006
 qpi:  0.000000000000000E+000  0.000000000000000E+000
 qrad(K/day):  -58.2575957313918        55.4007849372734     
 shf:  -2.30846521271916        1.44453180223974     
 lhf:   30.4664997692248        75.1703675973372     
 uw: -5.628411334663135E-003  6.395150494085402E-003
 vw: -6.304676982867189E-003  5.850084350577017E-003
 sst:   305.000000000000        305.000000000000     
 ===========================
 total water budget:
 before (mm):         62.74438907848
 after (mm):          62.74483837366
 evaporation (mm):     0.00044972916
 precipitation (mm):   0.00000043398
 large-scale (mm):     0.00000000000
 Imbalance (mm)       0.00000000000
 evap (mm/day):   1.29521997379207     
 prec (mm/day):  1.249870669593243E-003
 ls (mm/day):  0.000000000000000E+000
 imbalance (mm/day)  2.485155224307895E-011
  imbalance (rel error):  1.132432171597379E-016
 ===========================
NSTEP =        585   NCYCLE=  2  CFL_adv= 0.251  CFL_sgs= 0.027
NSTEP =        586   NCYCLE=  2  CFL_adv= 0.249  CFL_sgs= 0.027
NSTEP =        587   NCYCLE=  2  CFL_adv= 0.243  CFL_sgs= 0.027
 Collecting statistics...
 name QCSTRG is missing in "lst" file.
NSTEP =        588   NCYCLE=  2  CFL_adv= 0.243  CFL_sgs= 0.026
 DAY =   0.204166666666667     
 NSTEP=         588
 div:  3.062565593895460E-017 -5.667608380631394E-017
 SST=   305.000000000000     
 surface pressure=   1014.80000000000     
 u:  -6.56151925238142        5.68652442386071     
 v:  -4.60277989775123        5.91184000084215     
 w:  -1.35530127876482        1.29696815481257     
 p:  -5.78842549424256        4.73273400876360     
 t:   304.514454809251        479.428952363698     
 tabs:   207.766226209381        305.617668140040     
 qv:  5.117384656392178E-071  2.553316459372697E-002
 tke:  0.000000000000000E+000   1.02978052246476     
 tk:  0.000000000000000E+000   25.3695255481942     
 tkh:  0.000000000000000E+000   25.3695255481942     
 qcl:  0.000000000000000E+000  0.000000000000000E+000
 qci:  0.000000000000000E+000  2.580493946541024E-003
 qpl:  0.000000000000000E+000  6.813301400779535E-006
 qpi:  0.000000000000000E+000  0.000000000000000E+000
 qrad(K/day):  -58.2575957313918        55.4007849372734     
 shf:  -2.28047243821248        1.44696160575772     
 lhf:   30.3947213633209        74.2714178647651     
 uw: -5.636369775688430E-003  6.394844234426258E-003
 vw: -6.611169618710700E-003  5.849762839822980E-003
 sst:   305.000000000000        305.000000000000     
 ===========================
 total water budget:
 before (mm):         62.74618499496
 after (mm):          62.74663344886
 evaporation (mm):     0.00044885935
 precipitation (mm):   0.00000040545
 large-scale (mm):     0.00000000000
 Imbalance (mm)      -0.00000000000
 evap (mm/day):   1.29271493888425     
 prec (mm/day):  1.167694969953114E-003
 ls (mm/day):  0.000000000000000E+000
 imbalance (mm/day) -7.557677323322045E-012
  imbalance (rel error): -1.132399774625677E-016
 ===========================
 Let's do some shortwave
 Range of zenith angles  0.732661695834013       0.732661695834013     
 Range of surface albedo (asdir)  3.383449086658900E-002  3.383449086658900E-002
 Range of surface albedo (aldir)  3.383449086658900E-002  3.383449086658900E-002
 Range of surface albedo (asdif)  6.000000000000000E-002  6.000000000000000E-002
 Range of surface albedo (aldif)  6.000000000000000E-002  6.000000000000000E-002
 radiation: perpetual sun, solin=   310.282739776334     
 longwave radiation is called
NSTEP =        589   NCYCLE=  2  CFL_adv= 0.240  CFL_sgs= 0.026
NSTEP =        590   NCYCLE=  1  CFL_adv= 0.473  CFL_sgs= 0.052
NSTEP =        591   NCYCLE=  1  CFL_adv= 0.464  CFL_sgs= 0.051
 Collecting statistics...
 name QCSTRG is missing in "lst" file.
NSTEP =        592   NCYCLE=  1  CFL_adv= 0.450  CFL_sgs= 0.051
 DAY =   0.205555555555556     
 NSTEP=         592
 div:  5.919871418170670E-017 -9.036811483477220E-017
 SST=   305.000000000000     
 surface pressure=   1014.80000000000     
 u:  -5.36160081946907        5.82584027485168     
 v:  -4.52384412811827        5.73467836392275     
 w:  -1.30307525525544        1.18193262686457     
 p:  -5.59958985387039        4.54766269084077     
 t:   304.513885404872        479.431265161244     
 tabs:   207.758328806524        305.606863205703     
 qv:  8.036912680196904E-071  2.553617662091695E-002
 tke:  0.000000000000000E+000  0.782135132280959     
 tk:  0.000000000000000E+000   21.5375947322260     
 tkh:  0.000000000000000E+000   21.5375947322260     
 qcl:  0.000000000000000E+000  0.000000000000000E+000
 qci:  0.000000000000000E+000  2.544030602290560E-003
 qpl:  0.000000000000000E+000  5.879680557821174E-006
 qpi:  0.000000000000000E+000  0.000000000000000E+000
 qrad(K/day):  -56.7114639149382        56.9100173664768     
 shf:  -2.25549783053680        1.44996723684015     
 lhf:   30.3803276489171        73.4581151434105     
 uw: -5.613216886439998E-003  6.297406546933896E-003
 vw: -6.524021369450789E-003  5.908514303711702E-003
 sst:   305.000000000000        305.000000000000     
 ===========================
 total water budget:
 before (mm):         62.74797766677
 after (mm):          62.74842533836
 evaporation (mm):     0.00044805343
 precipitation (mm):   0.00000038184
 large-scale (mm):     0.00000000000
 Imbalance (mm)       0.00000000000
 evap (mm/day):   1.29039387374895     
 prec (mm/day):  1.099706383201894E-003
 ls (mm/day):  0.000000000000000E+000
 imbalance (mm/day) -6.749044834960085E-012
  imbalance (rel error):  0.000000000000000E+000
 ===========================
NSTEP =        593   NCYCLE=  1  CFL_adv= 0.445  CFL_sgs= 0.051
NSTEP =        594   NCYCLE=  1  CFL_adv= 0.448  CFL_sgs= 0.051
 Let's do some shortwave
 Range of zenith angles  0.732661695834013       0.732661695834013     
 Range of surface albedo (asdir)  3.383449086658900E-002  3.383449086658900E-002
 Range of surface albedo (aldir)  3.383449086658900E-002  3.383449086658900E-002
 Range of surface albedo (asdif)  6.000000000000000E-002  6.000000000000000E-002
 Range of surface albedo (aldif)  6.000000000000000E-002  6.000000000000000E-002
 radiation: perpetual sun, solin=   310.282739779206     
 longwave radiation is called
NSTEP =        595   NCYCLE=  1  CFL_adv= 0.446  CFL_sgs= 0.051
 Collecting statistics...
 name QCSTRG is missing in "lst" file.
NSTEP =        596   NCYCLE=  1  CFL_adv= 0.440  CFL_sgs= 0.051
 DAY =   0.206944444444444     
 NSTEP=         596
 div:  5.923851472623972E-017 -9.313949515192616E-017
 SST=   305.000000000000     
 surface pressure=   1014.80000000000     
 u:  -5.43559241106697        6.14947512113525     
 v:  -4.29698268236855        5.18252090323064     
 w:  -1.30730721704067        1.13431962126313     
 p:  -5.49021009362163        4.33548042726076     
 t:   304.516808521160        479.432648828727     
 tabs:   207.788199015161        305.595545003986     
 qv:  1.974504715809737E-070  2.553366517448755E-002
 tke:  0.000000000000000E+000  0.683764617822191     
 tk:  0.000000000000000E+000   19.3072674141175     
 tkh:  0.000000000000000E+000   19.3072674141175     
 qcl:  0.000000000000000E+000  0.000000000000000E+000
 qci:  0.000000000000000E+000  2.506280540676292E-003
 qpl:  0.000000000000000E+000  5.903527383918629E-006
 qpi:  0.000000000000000E+000  0.000000000000000E+000
 qrad(K/day):  -55.0800408594672        53.9548732731467     
 shf:  -2.22571307786970        1.46503750597080     
 lhf:   30.4136014984323        72.9120884641177     
 uw: -5.713271768345993E-003  6.320970048771339E-003
 vw: -6.864280595330187E-003  6.299223401592603E-003
 sst:   305.000000000000        305.000000000000     
 ===========================
 total water budget:
 before (mm):         62.74976709982
 after (mm):          62.75021393512
 evaporation (mm):     0.00044720037
 precipitation (mm):   0.00000036508
 large-scale (mm):     0.00000000000
 Imbalance (mm)       0.00000000000
 evap (mm/day):   1.28793706881346     
 prec (mm/day):  1.051416151668694E-003
 ls (mm/day):  0.000000000000000E+000
 imbalance (mm/day) -8.867029120229308E-012
  imbalance (rel error):  0.000000000000000E+000
 ===========================
NSTEP =        597   NCYCLE=  1  CFL_adv= 0.445  CFL_sgs= 0.051
NSTEP =        598   NCYCLE=  1  CFL_adv= 0.453  CFL_sgs= 0.050
NSTEP =        599   NCYCLE=  1  CFL_adv= 0.461  CFL_sgs= 0.050
 Collecting statistics...
 name QCSTRG is missing in "lst" file.
 Writting statistics:nstatsteps=          15
 --------------- ISCCP Simulator Diagnostics: -----------------
 ISCCP PDF:
            0.0       0.3       1.3       3.6       9.4      23.0      60.0
    0.     0.003     0.001     0.000     0.000     0.000     0.001     0.005
  180.     0.006     0.003     0.003     0.003     0.003     0.003     0.000
  310.     0.000     0.000     0.000     0.000     0.000     0.000     0.000
  440.     0.000     0.000     0.000     0.000     0.000     0.000     0.000
  560.     0.000     0.000     0.000     0.000     0.000     0.000     0.000
  680.     0.000     0.000     0.000     0.000     0.000     0.000     0.000
  800.     0.000     0.000     0.000     0.000     0.000     0.000     0.000
 low cld area (tau > 0.3)=  0.000000000000000E+000
 mid cld area (tau > 0.3)=  0.000000000000000E+000
 hgh cld area (tau > 0.3)=  2.197076706659226E-002
 total cld area (tau > 0.3)=  2.197076706659226E-002
 mean albedo cld (tau > 0.3)   0.527248524905209     
 mean tau cld (tau > 0.3)    9.65037017334325     
 mean top pressure (tau > 0.3)   208.034849132634     
 mean brightness temp (tau > 0.3)   278.673121338642     
 mean clearsky brightness temp (tau > 0.3)   299.256880249978     
 --------------- MODIS Simulator Diagnostics: -----------------
 MODIS PDF:
                      0.3       1.3       3.6       9.4      23.0      60.0
    0.               0.000     0.000     0.000     0.001     0.003     0.005
  180.               0.004     0.003     0.002     0.002     0.001     0.000
  310.               0.000     0.000     0.000     0.000     0.000     0.000
  440.               0.000     0.000     0.000     0.000     0.000     0.000
  560.               0.000     0.000     0.000     0.000     0.000     0.000
  680.               0.000     0.000     0.000     0.000     0.000     0.000
  800.               0.000     0.000     0.000     0.000     0.000     0.000
 low cld area =  0.000000000000000E+000
 mid cld area =  0.000000000000000E+000
 hgh cld area =  2.197076706659226E-002
 total cld area =  2.197076706659226E-002
 mean tau cld    32.0930036502774     
 mean top pressure    199.183028862609     
 total cld area (liquid) =  0.000000000000000E+000
 total cld area (ice) =  2.197076706659226E-002
 mean tau (liquid) =  -1.00000000000000     
 mean tau (ice) =   32.0930036502774     
 mean lwp (g/m2) =  -1.00000000000000     
 mean iwp (g/m2) =   725.823109044620     
 mean reff (liquid)  =  -1.00000000000000     
 mean reff (ice)  =   45.2329037285613     
 --------------- MISR Simulator Diagnostics: -----------------
 MISR PDF:
            0.0       0.3       1.3       3.6       9.4      23.0      60.0
 99.00     0.000     0.000     0.000     0.000     0.000     0.000     0.000
 17.00     0.000     0.000     0.000     0.000     0.000     0.000     0.000
 15.00     0.000     0.000     0.000     0.000     0.001     0.002     0.005
 13.00     0.000     0.000     0.001     0.002     0.002     0.002     0.000
 11.00     0.000     0.002     0.002     0.001     0.000     0.000     0.000
  9.00     0.000     0.001     0.000     0.000     0.000     0.000     0.000
  7.00     0.000     0.000     0.000     0.000     0.000     0.000     0.000
  5.00     0.000     0.000     0.000     0.000     0.000     0.000     0.000
  4.00     0.000     0.000     0.000     0.000     0.000     0.000     0.000
  3.00     0.000     0.000     0.000     0.000     0.000     0.000     0.000
  2.50     0.000     0.000     0.000     0.000     0.000     0.000     0.000
  2.00     0.000     0.000     0.000     0.000     0.000     0.000     0.000
  1.50     0.000     0.000     0.000     0.000     0.000     0.000     0.000
  1.00     0.000     0.000     0.000     0.000     0.000     0.000     0.000
  0.50     0.000     0.000     0.000     0.000     0.000     0.000     0.000
  0.00     0.001     0.001     0.000     0.000     0.000     0.000     0.000
 total cld area =  2.079060872395833E-002
 mean top height (m)   12221.4907554122     
 Writting history file 
 rcemip305sst_160_MaxIce20_2dry3km                                              
  
 Writting 2D data. file:./OUT_2D/bubble_rcemip305sst_160_MaxIce20_2dry3km_64.2Db
 in                                                              
 Writting 3D data. file:./OUT_3D/bubble_rcemip305sst_160_MaxIce20_2dry3km_64_000
 0000600.bin3D                                                   
NSTEP =        600   NCYCLE=  1  CFL_adv= 0.467  CFL_sgs= 0.049
 DAY =   0.208333333333333     
 NSTEP=         600
 div:  8.123562480791014E-017 -1.053154917588749E-016
 SST=   305.000000000000     
 surface pressure=   1014.80000000000     
 u:  -5.35224809711646        6.06148500852482     
 v:  -4.42722812796422        4.93212431948206     
 w:  -1.43788876051785        1.22095375486256     
 p:  -5.16115988330982        4.23629181195042     
 t:   304.516141696562        479.435289178155     
 tabs:   207.805740205337        305.583245825159     
 qv:  7.544572140656375E-070  2.552442603746349E-002
 tke:  0.000000000000000E+000  0.640253828250487     
 tk:  0.000000000000000E+000   17.8121020647291     
 tkh:  0.000000000000000E+000   17.8121020647291     
 qcl:  0.000000000000000E+000  0.000000000000000E+000
 qci:  0.000000000000000E+000  2.495829279503823E-003
 qpl:  0.000000000000000E+000  5.726172765819430E-006
 qpi:  0.000000000000000E+000  0.000000000000000E+000
 qrad(K/day):  -55.0800408594672        53.9548732731467     
 shf:  -2.19371899493616        1.47979968143353     
 lhf:   30.4961551695633        72.6932972834401     
 uw: -5.513815956035228E-003  6.038293159431132E-003
 vw: -6.700292421141353E-003  6.584499545082028E-003
 sst:   305.000000000000        305.000000000000     
 ===========================
 total water budget:
 before (mm):         62.75155317937
 after (mm):          62.75199917252
 evaporation (mm):     0.00044634879
 precipitation (mm):   0.00000035564
 large-scale (mm):     0.00000000000
 Imbalance (mm)       0.00000000000
 evap (mm/day):   1.28548451473556     
 prec (mm/day):  1.024257160034945E-003
 ls (mm/day):  0.000000000000000E+000
 imbalance (mm/day)  2.460808000851800E-011
  imbalance (rel error):  2.264605893452710E-016
 ===========================
CPU TIME =     107.8737 OVER     0.50 MODEL HOURS
 Let's do some shortwave
 Range of zenith angles  0.732661695834013       0.732661695834013     
 Range of surface albedo (asdir)  3.383449086658900E-002  3.383449086658900E-002
 Range of surface albedo (aldir)  3.383449086658900E-002  3.383449086658900E-002
 Range of surface albedo (asdif)  6.000000000000000E-002  6.000000000000000E-002
 Range of surface albedo (aldif)  6.000000000000000E-002  6.000000000000000E-002
 radiation: perpetual sun, solin=   310.282739781425     
 longwave radiation is called
NSTEP =        601   NCYCLE=  1  CFL_adv= 0.470  CFL_sgs= 0.049
NSTEP =        602   NCYCLE=  1  CFL_adv= 0.470  CFL_sgs= 0.048
NSTEP =        603   NCYCLE=  1  CFL_adv= 0.468  CFL_sgs= 0.047
 Collecting statistics...
 name QCSTRG is missing in "lst" file.
NSTEP =        604   NCYCLE=  1  CFL_adv= 0.463  CFL_sgs= 0.047
 DAY =   0.209722222222222     
 NSTEP=         604
 div:  7.558670851271388E-017 -1.168652262816366E-016
 SST=   305.000000000000     
 surface pressure=   1014.80000000000     
 u:  -5.02493699574433        5.52256142411850     
 v:  -4.69657302960990        5.13938514808588     
 w:  -1.31240169677092        1.18773565742832     
 p:  -4.92018083275158        4.01841747680992     
 t:   304.514818860780        479.437415464487     
 tabs:   207.808908642465        305.568746466738     
 qv:  3.719185414348992E-069  2.552837828994558E-002
 tke:  0.000000000000000E+000   2.02938167902746     
 tk:  0.000000000000000E+000   35.6140920057238     
 tkh:  0.000000000000000E+000   35.6140920057238     
 qcl:  0.000000000000000E+000  0.000000000000000E+000
 qci:  0.000000000000000E+000  2.478624198698545E-003
 qpl:  0.000000000000000E+000  5.978786679456884E-006
 qpi:  0.000000000000000E+000  0.000000000000000E+000
 qrad(K/day):  -53.7015867981637        53.6904450034767     
 shf:  -2.15706370392535        1.50510564386785     
 lhf:   30.5740901619722        72.4114526161619     
 uw: -5.578420192617889E-003  5.656569868961523E-003
 vw: -6.055713301587143E-003  6.539042703938028E-003
 sst:   305.000000000000        305.000000000000     
 ===========================
 total water budget:
 before (mm):         62.75333588677
 after (mm):          62.75378103580
 evaporation (mm):     0.00044550856
 precipitation (mm):   0.00000035953
 large-scale (mm):     0.00000000000
 Imbalance (mm)      -0.00000000000
 evap (mm/day):   1.28306464569089     
 prec (mm/day):  1.035437534534606E-003
 ls (mm/day):  0.000000000000000E+000
 imbalance (mm/day) -1.716505249095839E-011
  imbalance (rel error): -1.132270795531481E-016
 ===========================
NSTEP =        605   NCYCLE=  1  CFL_adv= 0.457  CFL_sgs= 0.051
NSTEP =        606   NCYCLE=  1  CFL_adv= 0.452  CFL_sgs= 0.048
 Let's do some shortwave
 Range of zenith angles  0.732661695834013       0.732661695834013     
 Range of surface albedo (asdir)  3.383449086658900E-002  3.383449086658900E-002
 Range of surface albedo (aldir)  3.383449086658900E-002  3.383449086658900E-002
 Range of surface albedo (asdif)  6.000000000000000E-002  6.000000000000000E-002
 Range of surface albedo (aldif)  6.000000000000000E-002  6.000000000000000E-002
 radiation: perpetual sun, solin=   310.282739783323     
 longwave radiation is called
NSTEP =        607   NCYCLE=  1  CFL_adv= 0.445  CFL_sgs= 0.046
 Collecting statistics...
 name QCSTRG is missing in "lst" file.
NSTEP =        608   NCYCLE=  1  CFL_adv= 0.444  CFL_sgs= 0.047
 DAY =   0.211111111111111     
 NSTEP=         608
 div:  1.258650280894703E-016 -1.689563129624332E-016
 SST=   305.000000000000     
 surface pressure=   1014.80000000000     
 u:  -5.87447284802029        4.72435939292551     
 v:  -4.58088373178492        5.32041436437653     
 w:  -1.18283122194573        1.18617863399645     
 p:  -4.80373072608034        3.72347686725164     
 t:   304.518352792236        479.438153345290     
 tabs:   207.813987666548        305.551139593518     
 qv:  4.798415874828204E-069  2.552671596015748E-002
 tke:  0.000000000000000E+000   1.02161781589975     
 tk:  0.000000000000000E+000   18.9766779067685     
 tkh:  0.000000000000000E+000   18.9766779067685     
 qcl:  0.000000000000000E+000  0.000000000000000E+000
 qci:  0.000000000000000E+000  2.453103558967721E-003
 qpl:  0.000000000000000E+000  6.376158929474473E-006
 qpi:  0.000000000000000E+000  0.000000000000000E+000
 qrad(K/day):  -50.9262695727474        45.5242038954344     
 shf:  -2.11256914653203        1.52617525019292     
 lhf:   30.5372985477371        72.0405706425964     
 uw: -5.421435832312173E-003  5.380985241657594E-003
 vw: -5.837889683956703E-003  6.253265850530910E-003
 sst:   305.000000000000        305.000000000000     
 ===========================
 total water budget:
 before (mm):         62.75511522633
 after (mm):          62.75555953938
 evaporation (mm):     0.00044468028
 precipitation (mm):   0.00000036723
 large-scale (mm):     0.00000000000
 Imbalance (mm)       0.00000000000
 evap (mm/day):   1.28067920715587     
 prec (mm/day):  1.057617488823762E-003
 ls (mm/day):  0.000000000000000E+000
 imbalance (mm/day)  1.170779385305199E-011
  imbalance (rel error):  1.132238706778136E-016
 ===========================
NSTEP =        609   NCYCLE=  1  CFL_adv= 0.448  CFL_sgs= 0.047
NSTEP =        610   NCYCLE=  1  CFL_adv= 0.448  CFL_sgs= 0.050
NSTEP =        611   NCYCLE=  1  CFL_adv= 0.444  CFL_sgs= 0.051
 Collecting statistics...
 name QCSTRG is missing in "lst" file.
NSTEP =        612   NCYCLE=  1  CFL_adv= 0.435  CFL_sgs= 0.051
 DAY =   0.212500000000000     
 NSTEP=         612
 div:  8.832074396725212E-017 -1.452691827322232E-016
 SST=   305.000000000000     
 surface pressure=   1014.80000000000     
 u:  -5.93418922257595        5.27272902474602     
 v:  -4.22427538270935        5.97104365639170     
 w:  -1.13994639569627        1.30214925935298     
 p:  -4.49219824702214        3.55410477574452     
 t:   304.524210189463        479.438578657713     
 tabs:   207.809079065157        305.530962889663     
 qv:  5.416154519579120E-069  2.553277623424999E-002
 tke:  0.000000000000000E+000  0.624626118370792     
 tk:  0.000000000000000E+000   19.7583229040763     
 tkh:  0.000000000000000E+000   19.7583229040763     
 qcl:  0.000000000000000E+000  0.000000000000000E+000
 qci:  0.000000000000000E+000  2.421458627847430E-003
 qpl:  0.000000000000000E+000  6.235764740570042E-006
 qpi:  0.000000000000000E+000  0.000000000000000E+000
 qrad(K/day):  -50.9262695727474        45.5242038954344     
 shf:  -2.06066324523394        1.55198297299962     
 lhf:   30.4029499752016        71.8354061574669     
 uw: -5.154990649338009E-003  5.426473503522243E-003
 vw: -6.144697356743088E-003  6.135074184261884E-003
 sst:   305.000000000000        305.000000000000     
 ===========================
 total water budget:
 before (mm):         62.75689123532
 after (mm):          62.75733471989
 evaporation (mm):     0.00044386137
 precipitation (mm):   0.00000037680
 large-scale (mm):     0.00000000000
 Imbalance (mm)      -0.00000000000
 evap (mm/day):   1.27832074790174     
 prec (mm/day):  1.085187809944765E-003
 ls (mm/day):  0.000000000000000E+000
 imbalance (mm/day) -2.948435989986748E-011
  imbalance (rel error): -1.132206679795334E-016
 ===========================
 Let's do some shortwave
 Range of zenith angles  0.732661695834013       0.732661695834013     
 Range of surface albedo (asdir)  3.383449086658900E-002  3.383449086658900E-002
 Range of surface albedo (aldir)  3.383449086658900E-002  3.383449086658900E-002
 Range of surface albedo (asdif)  6.000000000000000E-002  6.000000000000000E-002
 Range of surface albedo (aldif)  6.000000000000000E-002  6.000000000000000E-002
 radiation: perpetual sun, solin=   310.282739784930     
 longwave radiation is called
NSTEP =        613   NCYCLE=  1  CFL_adv= 0.425  CFL_sgs= 0.051
NSTEP =        614   NCYCLE=  1  CFL_adv= 0.431  CFL_sgs= 0.051
NSTEP =        615   NCYCLE=  1  CFL_adv= 0.435  CFL_sgs= 0.050
 Collecting statistics...
 name QCSTRG is missing in "lst" file.
NSTEP =        616   NCYCLE=  1  CFL_adv= 0.436  CFL_sgs= 0.050
 DAY =   0.213888888888889     
 NSTEP=         616
 div:  9.206369084701894E-017 -1.454865331797014E-016
 SST=   305.000000000000     
 surface pressure=   1014.80000000000     
 u:  -5.16759498220188        5.60290754412979     
 v:  -3.98588772383246        6.16836426079875     
 w:  -1.24784764304321        1.27673773100445     
 p:  -4.28976594055911        3.56947974469772     
 t:   304.523688192410        479.439088217514     
 tabs:   207.774940849157        305.510313052522     
 qv:  7.650698159215420E-069  2.553756398341504E-002
 tke:  0.000000000000000E+000  0.668640470771897     
 tk:  0.000000000000000E+000   20.4426097705854     
 tkh:  0.000000000000000E+000   20.4426097705854     
 qcl:  0.000000000000000E+000  0.000000000000000E+000
 qci:  0.000000000000000E+000  2.386827995796999E-003
 qpl:  0.000000000000000E+000  6.578235954088056E-006
 qpi:  0.000000000000000E+000  0.000000000000000E+000
 qrad(K/day):  -49.0452911788437        45.6846483966992     
 shf:  -2.00597063906272        1.53507320800293     
 lhf:   30.3219137279004        71.8855749638415     
 uw: -5.153872409528191E-003  5.478591380804326E-003
 vw: -6.449717719492778E-003  6.280620208501207E-003
 sst:   305.000000000000        305.000000000000     
 ===========================
 total water budget:
 before (mm):         62.75866393390
 after (mm):          62.75910659207
 evaporation (mm):     0.00044304566
 precipitation (mm):   0.00000038749
 large-scale (mm):     0.00000000000
 Imbalance (mm)       0.00000000000
 evap (mm/day):   1.27597150288913     
 prec (mm/day):  1.115969863264012E-003
 ls (mm/day):  0.000000000000000E+000
 imbalance (mm/day) -3.652076657447356E-012
  imbalance (rel error):  0.000000000000000E+000
 ===========================
NSTEP =        617   NCYCLE=  1  CFL_adv= 0.434  CFL_sgs= 0.050
NSTEP =        618   NCYCLE=  1  CFL_adv= 0.431  CFL_sgs= 0.050
 Let's do some shortwave
 Range of zenith angles  0.732661695834013       0.732661695834013     
 Range of surface albedo (asdir)  3.383449086658900E-002  3.383449086658900E-002
 Range of surface albedo (aldir)  3.383449086658900E-002  3.383449086658900E-002
 Range of surface albedo (asdif)  6.000000000000000E-002  6.000000000000000E-002
 Range of surface albedo (aldif)  6.000000000000000E-002  6.000000000000000E-002
 radiation: perpetual sun, solin=   310.282739786241     
 longwave radiation is called
NSTEP =        619   NCYCLE=  1  CFL_adv= 0.442  CFL_sgs= 0.049
 Collecting statistics...
 name QCSTRG is missing in "lst" file.
NSTEP =        620   NCYCLE=  1  CFL_adv= 0.453  CFL_sgs= 0.049
 DAY =   0.215277777777778     
 NSTEP=         620
 div:  1.517515119928855E-016 -2.043720605104743E-016
 SST=   305.000000000000     
 surface pressure=   1014.80000000000     
 u:  -6.14017705276428        5.47067390646295     
 v:  -4.25237212662620        5.84876636658959     
 w:  -1.34706242523432        1.18531641586265     
 p:  -4.55303860217860        3.76925159380654     
 t:   304.527452069039        479.440709251300     
 tabs:   207.739772317621        305.491655342147     
 qv:  1.140042469379368E-068  2.553935767537583E-002
 tke:  0.000000000000000E+000  0.674422680582695     
 tk:  0.000000000000000E+000   20.5308103922905     
 tkh:  0.000000000000000E+000   20.5308103922905     
 qcl:  0.000000000000000E+000  0.000000000000000E+000
 qci:  0.000000000000000E+000  2.371120920437655E-003
 qpl:  0.000000000000000E+000  7.941067262770571E-006
 qpi:  0.000000000000000E+000  0.000000000000000E+000
 qrad(K/day):  -46.1632869196575        48.1464781418702     
 shf:  -1.95637145879976        1.49175367046664     
 lhf:   30.2903571990721        71.7374718853044     
 uw: -4.963865140965394E-003  5.441610120733203E-003
 vw: -6.390368123284141E-003  6.161140828099057E-003
 sst:   305.000000000000        305.000000000000     
 ===========================
 total water budget:
 before (mm):         62.76043332309
 after (mm):          62.76087515124
 evaporation (mm):     0.00044223359
 precipitation (mm):   0.00000040544
 large-scale (mm):     0.00000000000
 Imbalance (mm)      -0.00000000000
 evap (mm/day):   1.27363273530218     
 prec (mm/day):  1.167670316345723E-003
 ls (mm/day):  0.000000000000000E+000
 imbalance (mm/day) -3.926055342645413E-011
  imbalance (rel error): -1.132142810385981E-016
 ===========================
NSTEP =        621   NCYCLE=  1  CFL_adv= 0.460  CFL_sgs= 0.048
NSTEP =        622   NCYCLE=  1  CFL_adv= 0.463  CFL_sgs= 0.048
NSTEP =        623   NCYCLE=  1  CFL_adv= 0.461  CFL_sgs= 0.048
 Collecting statistics...
 name QCSTRG is missing in "lst" file.
NSTEP =        624   NCYCLE=  1  CFL_adv= 0.456  CFL_sgs= 0.047
 DAY =   0.216666666666667     
 NSTEP=         624
 div:  1.178960391808849E-016 -1.625076062880464E-016
 SST=   305.000000000000     
 surface pressure=   1014.80000000000     
 u:  -6.25865867569482        5.03307426548318     
 v:  -4.16423540712234        5.15494618867742     
 w:  -1.16772817950555        1.02240804623450     
 p:  -5.03050384022983        3.83541814974613     
 t:   304.524010108367        479.441483738925     
 tabs:   207.716420365710        305.473399471367     
 qv:  1.489404238902117E-068  2.553925258558029E-002
 tke:  0.000000000000000E+000  0.651331633726120     
 tk:  0.000000000000000E+000   20.1762799117881     
 tkh:  0.000000000000000E+000   20.1762799117881     
 qcl:  0.000000000000000E+000  0.000000000000000E+000
 qci:  0.000000000000000E+000  2.362337826003917E-003
 qpl:  0.000000000000000E+000  9.576180267732326E-006
 qpi:  0.000000000000000E+000  0.000000000000000E+000
 qrad(K/day):  -46.1632869196575        48.1464781418702     
 shf:  -1.90868550177125        1.47229666756494     
 lhf:   30.3016070434231        71.1873263545345     
 uw: -4.948697649993467E-003  5.403308290356354E-003
 vw: -5.766959398186844E-003  5.776940277497793E-003
 sst:   305.000000000000        305.000000000000     
 ===========================
 total water budget:
 before (mm):         62.76219938467
 after (mm):          62.76264037643
 evaporation (mm):     0.00044142934
 precipitation (mm):   0.00000043758
 large-scale (mm):     0.00000000000
 Imbalance (mm)       0.00000000000
 evap (mm/day):   1.27131650327232     
 prec (mm/day):  1.260224382352639E-003
 ls (mm/day):  0.000000000000000E+000
 imbalance (mm/day)  2.781454571060358E-012
  imbalance (rel error):  0.000000000000000E+000
 ===========================
 Let's do some shortwave
 Range of zenith angles  0.732661695834013       0.732661695834013     
 Range of surface albedo (asdir)  3.383449086658900E-002  3.383449086658900E-002
 Range of surface albedo (aldir)  3.383449086658900E-002  3.383449086658900E-002
 Range of surface albedo (asdif)  6.000000000000000E-002  6.000000000000000E-002
 Range of surface albedo (aldif)  6.000000000000000E-002  6.000000000000000E-002
 radiation: perpetual sun, solin=   310.282739787294     
 longwave radiation is called
NSTEP =        625   NCYCLE=  1  CFL_adv= 0.446  CFL_sgs= 0.047
NSTEP =        626   NCYCLE=  1  CFL_adv= 0.432  CFL_sgs= 0.046
NSTEP =        627   NCYCLE=  1  CFL_adv= 0.415  CFL_sgs= 0.046
 Collecting statistics...
 name QCSTRG is missing in "lst" file.
NSTEP =        628   NCYCLE=  1  CFL_adv= 0.405  CFL_sgs= 0.045
 DAY =   0.218055555555556     
 NSTEP=         628
 div:  1.176700619699650E-016 -1.765481382042842E-016
 SST=   305.000000000000     
 surface pressure=   1014.80000000000     
 u:  -5.63296254183633        4.38919995956998     
 v:  -3.98316506849694        5.19515318429888     
 w:  -1.18653218541808        1.10840033168078     
 p:  -5.34021850980165        3.87491241329584     
 t:   304.520568044424        479.442263399657     
 tabs:   207.731738933304        305.460154006548     
 qv:  2.182829989756668E-068  2.554438517058108E-002
 tke:  0.000000000000000E+000  0.515264111059906     
 tk:  0.000000000000000E+000   17.9454749007219     
 tkh:  0.000000000000000E+000   17.9454749007219     
 qcl:  0.000000000000000E+000  0.000000000000000E+000
 qci:  0.000000000000000E+000  2.346740976085361E-003
 qpl:  0.000000000000000E+000  9.581313586331666E-006
 qpi:  0.000000000000000E+000  0.000000000000000E+000
 qrad(K/day):  -43.4706967750059        49.9795825723392     
 shf:  -1.88921308428268        1.41163901764565     
 lhf:   30.3412846708956        70.3821554751428     
 uw: -4.963613198620143E-003  5.497878854136808E-003
 vw: -5.466632496635668E-003  5.462784160306396E-003
 sst:   305.000000000000        305.000000000000     
 ===========================
 total water budget:
 before (mm):         62.76396208408
 after (mm):          62.76440222990
 evaporation (mm):     0.00044063239
 precipitation (mm):   0.00000048656
 large-scale (mm):     0.00000000000
 Imbalance (mm)       0.00000000000
 evap (mm/day):   1.26902126918697     
 prec (mm/day):  1.401294948004853E-003
 ls (mm/day):  0.000000000000000E+000
 imbalance (mm/day)  9.679105051631741E-012
  imbalance (rel error):  0.000000000000000E+000
 ===========================
NSTEP =        629   NCYCLE=  1  CFL_adv= 0.398  CFL_sgs= 0.045
NSTEP =        630   NCYCLE=  1  CFL_adv= 0.388  CFL_sgs= 0.044
 Let's do some shortwave
 Range of zenith angles  0.732661695834013       0.732661695834013     
 Range of surface albedo (asdir)  3.383449086658900E-002  3.383449086658900E-002
 Range of surface albedo (aldir)  3.383449086658900E-002  3.383449086658900E-002
 Range of surface albedo (asdif)  6.000000000000000E-002  6.000000000000000E-002
 Range of surface albedo (aldif)  6.000000000000000E-002  6.000000000000000E-002
 radiation: perpetual sun, solin=   310.282739788156     
 longwave radiation is called
NSTEP =        631   NCYCLE=  1  CFL_adv= 0.379  CFL_sgs= 0.044
 Collecting statistics...
 name QCSTRG is missing in "lst" file.
NSTEP =        632   NCYCLE=  1  CFL_adv= 0.375  CFL_sgs= 0.043
 DAY =   0.219444444444444     
 NSTEP=         632
 div:  1.490431824165769E-016 -2.197374562293779E-016
 SST=   305.000000000000     
 surface pressure=   1014.80000000000     
 u:  -5.03051442944033        4.27442851492136     
 v:  -3.94102935055136        5.67161979997139     
 w:  -1.19084673604952        1.22482785222926     
 p:  -5.46768378730903        3.78891920211599     
 t:   304.517801397757        479.443616955416     
 tabs:   207.754737772134        305.456669717966     
 qv:  2.816981013347889E-068  2.555728833958749E-002
 tke:  0.000000000000000E+000  0.576358645721886     
 tk:  0.000000000000000E+000   17.9575805774752     
 tkh:  0.000000000000000E+000   17.9575805774752     
 qcl:  0.000000000000000E+000  0.000000000000000E+000
 qci:  0.000000000000000E+000  2.322558930863354E-003
 qpl:  0.000000000000000E+000  9.006799427586945E-006
 qpi:  0.000000000000000E+000  0.000000000000000E+000
 qrad(K/day):  -41.3653721177241        49.2084963270786     
 shf:  -1.87901658372824        1.39952760144690     
 lhf:   30.3916845388866        69.5618646217715     
 uw: -5.136251149167747E-003  5.209505132107792E-003
 vw: -5.643222521716652E-003  5.102497420086803E-003
 sst:   305.000000000000        305.000000000000     
 ===========================
 total water budget:
 before (mm):         62.76572139804
 after (mm):          62.76616069903
 evaporation (mm):     0.00043985013
 precipitation (mm):   0.00000054913
 large-scale (mm):     0.00000000000
 Imbalance (mm)       0.00000000000
 evap (mm/day):   1.26676836131264     
 prec (mm/day):  1.581498824875045E-003
 ls (mm/day):  0.000000000000000E+000
 imbalance (mm/day) -4.300087507748927E-012
  imbalance (rel error):  0.000000000000000E+000
 ===========================
NSTEP =        633   NCYCLE=  1  CFL_adv= 0.390  CFL_sgs= 0.043
NSTEP =        634   NCYCLE=  1  CFL_adv= 0.389  CFL_sgs= 0.043
NSTEP =        635   NCYCLE=  1  CFL_adv= 0.394  CFL_sgs= 0.042
 Collecting statistics...
 name QCSTRG is missing in "lst" file.
NSTEP =        636   NCYCLE=  1  CFL_adv= 0.399  CFL_sgs= 0.042
 DAY =   0.220833333333333     
 NSTEP=         636
 div:  1.453686503912458E-016 -1.751889058114556E-016
 SST=   305.000000000000     
 surface pressure=   1014.80000000000     
 u:  -5.34872497158934        4.25804483955741     
 v:  -3.95603552824365        5.65756125813797     
 w:  -1.26329595543340        1.29453518549256     
 p:  -5.44082238373820        3.99751893413798     
 t:   304.518517934993        479.444894037271     
 tabs:   207.747925388266        305.452411225825     
 qv:  3.498857590414884E-068  2.556531652618452E-002
 tke:  0.000000000000000E+000  0.545321378592699     
 tk:  0.000000000000000E+000   18.4614696495278     
 tkh:  0.000000000000000E+000   18.4614696495278     
 qcl:  0.000000000000000E+000  0.000000000000000E+000
 qci:  0.000000000000000E+000  2.288610488112972E-003
 qpl:  0.000000000000000E+000  1.037732393956471E-005
 qpi:  0.000000000000000E+000  0.000000000000000E+000
 qrad(K/day):  -41.3653721177241        49.2084963270786     
 shf:  -1.86710850588916        1.38999804227607     
 lhf:   30.4264333228723        68.8268328896126     
 uw: -5.325313956534760E-003  5.074526666557942E-003
 vw: -5.597241555410162E-003  4.780725940243190E-003
 sst:   305.000000000000        305.000000000000     
 ===========================
 total water budget:
 before (mm):         62.76747735152
 after (mm):          62.76791582434
 evaporation (mm):     0.00043908040
 precipitation (mm):   0.00000060758
 large-scale (mm):     0.00000000000
 Imbalance (mm)       0.00000000000
 evap (mm/day):   1.26455155170571     
 prec (mm/day):  1.749832967204886E-003
 ls (mm/day):  0.000000000000000E+000
 imbalance (mm/day)  4.000900380039720E-011
  imbalance (rel error):  2.264031635998883E-016
 ===========================
 Let's do some shortwave
 Range of zenith angles  0.732661695834013       0.732661695834013     
 Range of surface albedo (asdir)  3.383449086658900E-002  3.383449086658900E-002
 Range of surface albedo (aldir)  3.383449086658900E-002  3.383449086658900E-002
 Range of surface albedo (asdif)  6.000000000000000E-002  6.000000000000000E-002
 Range of surface albedo (aldif)  6.000000000000000E-002  6.000000000000000E-002
 radiation: perpetual sun, solin=   310.282739788836     
 longwave radiation is called
NSTEP =        637   NCYCLE=  1  CFL_adv= 0.411  CFL_sgs= 0.041
NSTEP =        638   NCYCLE=  1  CFL_adv= 0.403  CFL_sgs= 0.040
NSTEP =        639   NCYCLE=  1  CFL_adv= 0.404  CFL_sgs= 0.039
 Collecting statistics...
 name QCSTRG is missing in "lst" file.
NSTEP =        640   NCYCLE=  1  CFL_adv= 0.402  CFL_sgs= 0.039
 DAY =   0.222222222222222     
 NSTEP=         640
 div:  1.752112213174148E-016 -2.250895680439496E-016
 SST=   305.000000000000     
 surface pressure=   1014.80000000000     
 u:  -5.35294375365343        4.17494246692118     
 v:  -3.98207971181575        5.18522849428799     
 w:  -1.29193912433663        1.27738866631824     
 p:  -5.30239975212691        4.12105802018740     
 t:   304.522302663762        479.447568545340     
 tabs:   207.688305646613        305.447167868689     
 qv:  4.457754610766445E-068  2.556812901387888E-002
 tke:  0.000000000000000E+000  0.478122507613643     
 tk:  0.000000000000000E+000   17.2866008011560     
 tkh:  0.000000000000000E+000   17.2866008011560     
 qcl:  0.000000000000000E+000  0.000000000000000E+000
 qci:  0.000000000000000E+000  2.249764452284641E-003
 qpl:  0.000000000000000E+000  1.125431883665798E-005
 qpi:  0.000000000000000E+000  0.000000000000000E+000
 qrad(K/day):  -39.5826450216773        48.7581161334254     
 shf:  -1.85263378204021        1.36587108493147     
 lhf:   30.4293357611067        68.7632701654135     
 uw: -5.374370065334202E-003  4.803141735698091E-003
 vw: -5.507376033955784E-003  4.543101909541942E-003
 sst:   305.000000000000        305.000000000000     
 ===========================
 total water budget:
 before (mm):         62.76923003974
 after (mm):          62.76966771862
 evaporation (mm):     0.00043832179
 precipitation (mm):   0.00000064291
 large-scale (mm):     0.00000000000
 Imbalance (mm)       0.00000000000
 evap (mm/day):   1.26236675422902     
 prec (mm/day):  1.851572771362568E-003
 ls (mm/day):  0.000000000000000E+000
 imbalance (mm/day)  1.512519388300335E-011
  imbalance (rel error):  0.000000000000000E+000
 ===========================
NSTEP =        641   NCYCLE=  1  CFL_adv= 0.409  CFL_sgs= 0.039
NSTEP =        642   NCYCLE=  1  CFL_adv= 0.394  CFL_sgs= 0.039
 Let's do some shortwave
 Range of zenith angles  0.732661695834013       0.732661695834013     
 Range of surface albedo (asdir)  3.383449086658900E-002  3.383449086658900E-002
 Range of surface albedo (aldir)  3.383449086658900E-002  3.383449086658900E-002
 Range of surface albedo (asdif)  6.000000000000000E-002  6.000000000000000E-002
 Range of surface albedo (aldif)  6.000000000000000E-002  6.000000000000000E-002
 radiation: perpetual sun, solin=   310.282739789268     
 longwave radiation is called
NSTEP =        643   NCYCLE=  1  CFL_adv= 0.404  CFL_sgs= 0.038
 Collecting statistics...
 name QCSTRG is missing in "lst" file.
NSTEP =        644   NCYCLE=  1  CFL_adv= 0.413  CFL_sgs= 0.037
 DAY =   0.223611111111111     
 NSTEP=         644
 div:  1.863845849683273E-016 -2.351073607120159E-016
 SST=   305.000000000000     
 surface pressure=   1014.80000000000     
 u:  -5.03258958081799        4.04635558461203     
 v:  -4.09138771587903        4.84204400041091     
 w:  -1.21997895760423        1.17267113973739     
 p:  -5.09008743328233        4.16403454258661     
 t:   304.528003900265        479.448612176769     
 tabs:   207.662211088225        305.441198395803     
 qv:  5.196380829200634E-068  2.556582683152078E-002
 tke:  0.000000000000000E+000  0.619031503250953     
 tk:  0.000000000000000E+000   19.6696387748186     
 tkh:  0.000000000000000E+000   19.6696387748186     
 qcl:  0.000000000000000E+000  0.000000000000000E+000
 qci:  0.000000000000000E+000  2.226163074071603E-003
 qpl:  0.000000000000000E+000  1.239795727777488E-005
 qpi:  0.000000000000000E+000  0.000000000000000E+000
 qrad(K/day):  -38.8840989427015        50.7252100442008     
 shf:  -1.83620951950429        1.33071767386139     
 lhf:   30.4743792953587        68.7658022817645     
 uw: -5.483639715405450E-003  4.572413940448419E-003
 vw: -5.655859092321528E-003  4.673725113775742E-003
 sst:   305.000000000000        305.000000000000     
 ===========================
 total water budget:
 before (mm):         62.77097961615
 after (mm):          62.77141654397
 evaporation (mm):     0.00043757814
 precipitation (mm):   0.00000065033
 large-scale (mm):     0.00000000000
 Imbalance (mm)       0.00000000000
 evap (mm/day):   1.26022505712935     
 prec (mm/day):  1.872938636902321E-003
 ls (mm/day):  0.000000000000000E+000
 imbalance (mm/day) -1.047137962277567E-011
  imbalance (rel error):  0.000000000000000E+000
 ===========================
NSTEP =        645   NCYCLE=  1  CFL_adv= 0.420  CFL_sgs= 0.037
NSTEP =        646   NCYCLE=  1  CFL_adv= 0.423  CFL_sgs= 0.037
NSTEP =        647   NCYCLE=  1  CFL_adv= 0.423  CFL_sgs= 0.037
 Collecting statistics...
 name QCSTRG is missing in "lst" file.
NSTEP =        648   NCYCLE=  1  CFL_adv= 0.422  CFL_sgs= 0.037
 DAY =   0.225000000000000     
 NSTEP=         648
 div:  1.626465397330684E-016 -2.358527604255367E-016
 SST=   305.000000000000     
 surface pressure=   1014.80000000000     
 u:  -5.23952441731192        4.23004185094926     
 v:  -4.02819630010947        4.80008565863069     
 w:  -1.23898289294537        1.10342697482217     
 p:  -5.15892737120863        4.34855177356654     
 t:   304.534859626458        479.449662364457     
 tabs:   207.664621803555        305.434334728726     
 qv:  6.654189229185619E-068  2.556596795277879E-002
 tke:  0.000000000000000E+000  0.565933717601311     
 tk:  0.000000000000000E+000   18.8071415558245     
 tkh:  0.000000000000000E+000   18.8071415558245     
 qcl:  0.000000000000000E+000  0.000000000000000E+000
 qci:  0.000000000000000E+000  2.215649776037497E-003
 qpl:  0.000000000000000E+000  1.423517910031475E-005
 qpi:  0.000000000000000E+000  0.000000000000000E+000
 qrad(K/day):  -38.8840989427015        50.7252100442008     
 shf:  -1.81777299035514        1.29335568419803     
 lhf:   30.5488019508213        68.7488086436758     
 uw: -5.684009017207866E-003  4.485336463080384E-003
 vw: -5.497286854753590E-003  4.553747884204813E-003
 sst:   305.000000000000        305.000000000000     
 ===========================
 total water budget:
 before (mm):         62.77272624652
 after (mm):          62.77316245984
 evaporation (mm):     0.00043685330
 precipitation (mm):   0.00000063998
 large-scale (mm):     0.00000000000
 Imbalance (mm)       0.00000000000
 evap (mm/day):   1.25813751479836     
 prec (mm/day):  1.843129523829407E-003
 ls (mm/day):  0.000000000000000E+000
 imbalance (mm/day)  2.360637869262914E-011
  imbalance (rel error):  2.263842406266027E-016
 ===========================
 Let's do some shortwave
 Range of zenith angles  0.732661695834013       0.732661695834013     
 Range of surface albedo (asdir)  3.383449086658900E-002  3.383449086658900E-002
 Range of surface albedo (aldir)  3.383449086658900E-002  3.383449086658900E-002
 Range of surface albedo (asdif)  6.000000000000000E-002  6.000000000000000E-002
 Range of surface albedo (aldif)  6.000000000000000E-002  6.000000000000000E-002
 radiation: perpetual sun, solin=   310.282739789381     
 longwave radiation is called
NSTEP =        649   NCYCLE=  1  CFL_adv= 0.420  CFL_sgs= 0.037
NSTEP =        650   NCYCLE=  1  CFL_adv= 0.416  CFL_sgs= 0.037
NSTEP =        651   NCYCLE=  1  CFL_adv= 0.412  CFL_sgs= 0.038
 Collecting statistics...
 name QCSTRG is missing in "lst" file.
NSTEP =        652   NCYCLE=  1  CFL_adv= 0.407  CFL_sgs= 0.038
 DAY =   0.226388888888889     
 NSTEP=         652
 div:  1.700683494495027E-016 -2.267542069322193E-016
 SST=   305.000000000000     
 surface pressure=   1014.80000000000     
 u:  -5.21717110258970        4.28349847905859     
 v:  -3.95839851854865        4.50914085696378     
 w:  -1.18880490316106        1.06503516722463     
 p:  -5.59941567456574        4.39848124064604     
 t:   304.536930194312        479.451038616350     
 tabs:   207.680651686554        305.427397815700     
 qv:  7.421627112096020E-068  2.557696099142717E-002
 tke:  0.000000000000000E+000  0.588272119243393     
 tk:  0.000000000000000E+000   19.0678863263854     
 tkh:  0.000000000000000E+000   19.0678863263854     
 qcl:  0.000000000000000E+000  0.000000000000000E+000
 qci:  0.000000000000000E+000  2.209279138509972E-003
 qpl:  0.000000000000000E+000  1.516402266828805E-005
 qpi:  0.000000000000000E+000  0.000000000000000E+000
 qrad(K/day):  -37.7965970570986        51.1913644893693     
 shf:  -1.79822057588473        1.29237541475455     
 lhf:   30.6441610391625        68.6768311003890     
 uw: -5.588367076890688E-003  4.547562162770673E-003
 vw: -5.393431966112329E-003  4.563908906252033E-003
 sst:   305.000000000000        305.000000000000     
 ===========================
 total water budget:
 before (mm):         62.77447006055
 after (mm):          62.77490558672
 evaporation (mm):     0.00043615226
 precipitation (mm):   0.00000062610
 large-scale (mm):     0.00000000000
 Imbalance (mm)       0.00000000000
 evap (mm/day):   1.25611850624058     
 prec (mm/day):  1.803156948275954E-003
 ls (mm/day):  0.000000000000000E+000
 imbalance (mm/day)  3.201574747500879E-011
  imbalance (rel error):  1.131889772065970E-016
 ===========================
NSTEP =        653   NCYCLE=  1  CFL_adv= 0.401  CFL_sgs= 0.038
NSTEP =        654   NCYCLE=  1  CFL_adv= 0.396  CFL_sgs= 0.038
 Let's do some shortwave
 Range of zenith angles  0.732661695834013       0.732661695834013     
 Range of surface albedo (asdir)  3.383449086658900E-002  3.383449086658900E-002
 Range of surface albedo (aldir)  3.383449086658900E-002  3.383449086658900E-002
 Range of surface albedo (asdif)  6.000000000000000E-002  6.000000000000000E-002
 Range of surface albedo (aldif)  6.000000000000000E-002  6.000000000000000E-002
 radiation: perpetual sun, solin=   310.282739789161     
 longwave radiation is called
NSTEP =        655   NCYCLE=  1  CFL_adv= 0.392  CFL_sgs= 0.038
 Collecting statistics...
 name QCSTRG is missing in "lst" file.
NSTEP =        656   NCYCLE=  1  CFL_adv= 0.387  CFL_sgs= 0.038
 DAY =   0.227777777777778     
 NSTEP=         656
 div:  1.541630276221584E-016 -1.865131614244091E-016
 SST=   305.000000000000     
 surface pressure=   1014.80000000000     
 u:  -4.94509524967339        4.18567602654617     
 v:  -3.92016413324090        4.37849579087818     
 w:  -1.08738693563735       0.930323057097937     
 p:  -5.92319079274032        4.33141085630597     
 t:   304.535639297046        479.452213585055     
 tabs:   207.696343568528        305.420608776981     
 qv:  9.487961574172103E-068  2.558046616580579E-002
 tke:  0.000000000000000E+000  0.559432145844110     
 tk:  0.000000000000000E+000   18.6987991901237     
 tkh:  0.000000000000000E+000   18.6987991901237     
 qcl:  0.000000000000000E+000  0.000000000000000E+000
 qci:  0.000000000000000E+000  2.203677513169231E-003
 qpl:  0.000000000000000E+000  1.530260018267461E-005
 qpi:  0.000000000000000E+000  0.000000000000000E+000
 qrad(K/day):  -33.8184658650673        44.1883088975229     
 shf:  -1.78068771276983        1.27894582050409     
 lhf:   30.6185351384645        68.5232946498730     
 uw: -5.286449868132442E-003  4.534062001974858E-003
 vw: -5.274007791880335E-003  4.715534697717675E-003
 sst:   305.000000000000        305.000000000000     
 ===========================
 total water budget:
 before (mm):         62.77621115999
 after (mm):          62.77664601938
 evaporation (mm):     0.00043547910
 precipitation (mm):   0.00000061971
 large-scale (mm):     0.00000000000
 Imbalance (mm)      -0.00000000000
 evap (mm/day):   1.25417979618600     
 prec (mm/day):  1.784759660231785E-003
 ls (mm/day):  0.000000000000000E+000
 imbalance (mm/day) -4.459415929786766E-011
  imbalance (rel error): -2.263716782641720E-016
 ===========================
NSTEP =        657   NCYCLE=  1  CFL_adv= 0.381  CFL_sgs= 0.038
NSTEP =        658   NCYCLE=  1  CFL_adv= 0.372  CFL_sgs= 0.038
NSTEP =        659   NCYCLE=  1  CFL_adv= 0.371  CFL_sgs= 0.038
 Collecting statistics...
 name QCSTRG is missing in "lst" file.
 Writting statistics:nstatsteps=          15
 --------------- ISCCP Simulator Diagnostics: -----------------
 ISCCP PDF:
            0.0       0.3       1.3       3.6       9.4      23.0      60.0
    0.     0.003     0.001     0.000     0.000     0.000     0.001     0.004
  180.     0.007     0.003     0.003     0.003     0.003     0.003     0.000
  310.     0.000     0.000     0.000     0.000     0.000     0.000     0.000
  440.     0.000     0.000     0.000     0.000     0.000     0.000     0.000
  560.     0.000     0.000     0.000     0.000     0.000     0.000     0.000
  680.     0.000     0.000     0.000     0.000     0.000     0.000     0.000
  800.     0.000     0.000     0.000     0.000     0.000     0.000     0.000
 low cld area (tau > 0.3)=  0.000000000000000E+000
 mid cld area (tau > 0.3)=  0.000000000000000E+000
 hgh cld area (tau > 0.3)=  2.021687825520833E-002
 total cld area (tau > 0.3)=  2.021687825520833E-002
 mean albedo cld (tau > 0.3)   0.512184849400767     
 mean tau cld (tau > 0.3)    9.02106676513646     
 mean top pressure (tau > 0.3)   207.938168068943     
 mean brightness temp (tau > 0.3)   280.476711805583     
 mean clearsky brightness temp (tau > 0.3)   299.231689432072     
 --------------- MODIS Simulator Diagnostics: -----------------
 MODIS PDF:
                      0.3       1.3       3.6       9.4      23.0      60.0
    0.               0.000     0.000     0.000     0.001     0.003     0.004
  180.               0.004     0.003     0.002     0.002     0.000     0.000
  310.               0.000     0.000     0.000     0.000     0.000     0.000
  440.               0.000     0.000     0.000     0.000     0.000     0.000
  560.               0.000     0.000     0.000     0.000     0.000     0.000
  680.               0.000     0.000     0.000     0.000     0.000     0.000
  800.               0.000     0.000     0.000     0.000     0.000     0.000
 low cld area =  0.000000000000000E+000
 mid cld area =  0.000000000000000E+000
 hgh cld area =  2.021687825520833E-002
 total cld area =  2.021687825520833E-002
 mean tau cld    28.6252141127373     
 mean top pressure    198.313775364703     
 total cld area (liquid) =  0.000000000000000E+000
 total cld area (ice) =  2.021687825520833E-002
 mean tau (liquid) =  -1.00000000000000     
 mean tau (ice) =   28.6252141127373     
 mean lwp (g/m2) =  -1.00000000000000     
 mean iwp (g/m2) =   613.440545015325     
 mean reff (liquid)  =  -1.00000000000000     
 mean reff (ice)  =   42.0357594802262     
 --------------- MISR Simulator Diagnostics: -----------------
 MISR PDF:
            0.0       0.3       1.3       3.6       9.4      23.0      60.0
 99.00     0.000     0.000     0.000     0.000     0.000     0.000     0.000
 17.00     0.000     0.000     0.000     0.000     0.000     0.000     0.000
 15.00     0.000     0.000     0.000     0.000     0.001     0.003     0.004
 13.00     0.000     0.000     0.001     0.002     0.002     0.001     0.000
 11.00     0.000     0.002     0.001     0.001     0.000     0.000     0.000
  9.00     0.000     0.001     0.000     0.000     0.000     0.000     0.000
  7.00     0.000     0.000     0.000     0.000     0.000     0.000     0.000
  5.00     0.000     0.000     0.000     0.000     0.000     0.000     0.000
  4.00     0.000     0.000     0.000     0.000     0.000     0.000     0.000
  3.00     0.000     0.000     0.000     0.000     0.000     0.000     0.000
  2.50     0.000     0.000     0.000     0.000     0.000     0.000     0.000
  2.00     0.000     0.000     0.000     0.000     0.000     0.000     0.000
  1.50     0.000     0.000     0.000     0.000     0.000     0.000     0.000
  1.00     0.000     0.000     0.000     0.000     0.000     0.000     0.000
  0.50     0.000     0.000     0.000     0.000     0.000     0.000     0.000
  0.00     0.001     0.001     0.000     0.000     0.000     0.000     0.000
 total cld area =  1.884460449218750E-002
 mean top height (m)   12140.6560814170     
 Writting history file 
 rcemip305sst_160_MaxIce20_2dry3km                                              
  
NSTEP =        660   NCYCLE=  1  CFL_adv= 0.369  CFL_sgs= 0.038
 DAY =   0.229166666666667     
 NSTEP=         660
 div:  1.237870110079393E-016 -1.949188423571915E-016
 SST=   305.000000000000     
 surface pressure=   1014.80000000000     
 u:  -5.15250026935215        4.23845715517465     
 v:  -3.91731668835054        4.18637807903303     
 w:  -1.01140390343974       0.911944444143936     
 p:  -6.08254985020176        4.15522637348946     
 t:   304.534715466628        479.454127748657     
 tabs:   207.702203293560        305.413154256602     
 qv:  1.500465216848487E-067  2.557715636108161E-002
 tke:  0.000000000000000E+000  0.369241591151791     
 tk:  0.000000000000000E+000   15.1913131252657     
 tkh:  0.000000000000000E+000   15.1913131252657     
 qcl:  0.000000000000000E+000  0.000000000000000E+000
 qci:  0.000000000000000E+000  2.195535822335476E-003
 qpl:  0.000000000000000E+000  1.422267296962221E-005
 qpi:  0.000000000000000E+000  0.000000000000000E+000
 qrad(K/day):  -33.8184658650673        44.1883088975229     
 shf:  -1.76107734671344        1.25991498117866     
 lhf:   30.4795740071119        68.2902586736847     
 uw: -4.944641230078291E-003  4.419821455958576E-003
 vw: -5.028675993284874E-003  4.930301782060740E-003
 sst:   305.000000000000        305.000000000000     
 ===========================
 total water budget:
 before (mm):         62.77794961306
 after (mm):          62.77838381852
 evaporation (mm):     0.00043483147
 precipitation (mm):   0.00000062601
 large-scale (mm):     0.00000000000
 Imbalance (mm)       0.00000000000
 evap (mm/day):   1.25231462072904     
 prec (mm/day):  1.802908687649603E-003
 ls (mm/day):  0.000000000000000E+000
 imbalance (mm/day)  3.903583755066400E-011
  imbalance (rel error):  2.263654119590403E-016
 ===========================
CPU TIME =      71.6413 OVER     0.50 MODEL HOURS
 Let's do some shortwave
 Range of zenith angles  0.732661695834013       0.732661695834013     
 Range of surface albedo (asdir)  3.383449086658900E-002  3.383449086658900E-002
 Range of surface albedo (aldir)  3.383449086658900E-002  3.383449086658900E-002
 Range of surface albedo (asdif)  6.000000000000000E-002  6.000000000000000E-002
 Range of surface albedo (aldif)  6.000000000000000E-002  6.000000000000000E-002
 radiation: perpetual sun, solin=   310.282739788643     
 longwave radiation is called
NSTEP =        661   NCYCLE=  1  CFL_adv= 0.367  CFL_sgs= 0.038
NSTEP =        662   NCYCLE=  1  CFL_adv= 0.363  CFL_sgs= 0.038
NSTEP =        663   NCYCLE=  1  CFL_adv= 0.365  CFL_sgs= 0.039
 Collecting statistics...
 name QCSTRG is missing in "lst" file.
NSTEP =        664   NCYCLE=  1  CFL_adv= 0.369  CFL_sgs= 0.039
 DAY =   0.230555555555556     
 NSTEP=         664
 div:  1.732913220475576E-016 -2.115783524939012E-016
 SST=   305.000000000000     
 surface pressure=   1014.80000000000     
 u:  -4.92349419591315        4.42262384373304     
 v:  -3.88699568162043        4.24196665440330     
 w:  -1.20105697442198       0.947054703048077     
 p:  -6.05934986901530        3.96503420000756     
 t:   304.532762854465        479.455568087892     
 tabs:   207.698858196384        305.405402283077     
 qv:  2.555660051561044E-067  2.558576931508664E-002
 tke:  0.000000000000000E+000  0.511253506088650     
 tk:  0.000000000000000E+000   17.8754983512462     
 tkh:  0.000000000000000E+000   17.8754983512462     
 qcl:  0.000000000000000E+000  0.000000000000000E+000
 qci:  0.000000000000000E+000  2.183031036528676E-003
 qpl:  0.000000000000000E+000  1.218067485247112E-005
 qpi:  0.000000000000000E+000  0.000000000000000E+000
 qrad(K/day):  -32.3638998883043        42.7452159590536     
 shf:  -1.74035392107998        1.26562080768641     
 lhf:   30.3579741430251        67.9960674550922     
 uw: -4.655603341663280E-003  4.231263527772436E-003
 vw: -4.737455160627873E-003  4.984142372310874E-003
 sst:   305.000000000000        305.000000000000     
 ===========================
 total water budget:
 before (mm):         62.77968546586
 after (mm):          62.78011902789
 evaporation (mm):     0.00043420783
 precipitation (mm):   0.00000064580
 large-scale (mm):     0.00000000000
 Imbalance (mm)      -0.00000000000
 evap (mm/day):   1.25051855705269     
 prec (mm/day):  1.859910413202454E-003
 ls (mm/day):  0.000000000000000E+000
 imbalance (mm/day) -2.334108980314025E-011
  imbalance (rel error): -2.263591553384567E-016
 ===========================
NSTEP =        665   NCYCLE=  1  CFL_adv= 0.371  CFL_sgs= 0.039
NSTEP =        666   NCYCLE=  1  CFL_adv= 0.372  CFL_sgs= 0.039
 Let's do some shortwave
 Range of zenith angles  0.732661695834013       0.732661695834013     
 Range of surface albedo (asdir)  3.383449086658900E-002  3.383449086658900E-002
 Range of surface albedo (aldir)  3.383449086658900E-002  3.383449086658900E-002
 Range of surface albedo (asdif)  6.000000000000000E-002  6.000000000000000E-002
 Range of surface albedo (aldif)  6.000000000000000E-002  6.000000000000000E-002
 radiation: perpetual sun, solin=   310.282739787854     
 longwave radiation is called
NSTEP =        667   NCYCLE=  1  CFL_adv= 0.375  CFL_sgs= 0.039
 Collecting statistics...
 name QCSTRG is missing in "lst" file.
NSTEP =        668   NCYCLE=  1  CFL_adv= 0.376  CFL_sgs= 0.039
 DAY =   0.231944444444444     
 NSTEP=         668
 div:  1.595254465733350E-016 -2.458777492516077E-016
 SST=   305.000000000000     
 surface pressure=   1014.80000000000     
 u:  -4.88885448433113        4.47989512212698     
 v:  -4.11788172317348        4.14297181738687     
 w:  -1.23463268650929       0.989650626851802     
 p:  -5.87923231926928        3.87614323010295     
 t:   304.529273244042        479.456950164982     
 tabs:   207.690782174071        305.397867095944     
 qv:  3.960010833386605E-067  2.559691963155169E-002
 tke:  0.000000000000000E+000  0.466172815302127     
 tk:  0.000000000000000E+000   17.0692123299181     
 tkh:  0.000000000000000E+000   17.0692123299181     
 qcl:  0.000000000000000E+000  0.000000000000000E+000
 qci:  0.000000000000000E+000  2.166440589233428E-003
 qpl:  0.000000000000000E+000  1.278332820240777E-005
 qpi:  0.000000000000000E+000  0.000000000000000E+000
 qrad(K/day):  -30.9761681483297        42.6843195533104     
 shf:  -1.71980538649984        1.27455967000215     
 lhf:   30.2678252802139        67.6790134571898     
 uw: -4.722768037064630E-003  4.320024843361234E-003
 vw: -4.420233032007446E-003  4.890325717471991E-003
 sst:   305.000000000000        305.000000000000     
 ===========================
 total water budget:
 before (mm):         62.78141876879
 after (mm):          62.78185170578
 evaporation (mm):     0.00043360756
 precipitation (mm):   0.00000067058
 large-scale (mm):     0.00000000000
 Imbalance (mm)       0.00000000000
 evap (mm/day):   1.24878978034179     
 prec (mm/day):  1.931257023006972E-003
 ls (mm/day):  0.000000000000000E+000
 imbalance (mm/day)  8.537804252646553E-012
  imbalance (rel error):  0.000000000000000E+000
 ===========================
NSTEP =        669   NCYCLE=  1  CFL_adv= 0.376  CFL_sgs= 0.039
NSTEP =        670   NCYCLE=  1  CFL_adv= 0.377  CFL_sgs= 0.039
NSTEP =        671   NCYCLE=  1  CFL_adv= 0.378  CFL_sgs= 0.039
 Collecting statistics...
 name QCSTRG is missing in "lst" file.
NSTEP =        672   NCYCLE=  1  CFL_adv= 0.379  CFL_sgs= 0.039
 DAY =   0.233333333333333     
 NSTEP=         672
 div:  1.598256064539608E-016 -2.541202701843653E-016
 SST=   305.000000000000     
 surface pressure=   1014.80000000000     
 u:  -5.17260121739145        4.39663462736013     
 v:  -4.17494491179766        3.80563981570479     
 w:  -1.14780554685426        1.05749615846393     
 p:  -5.59470738426506        3.86504332177341     
 t:   304.525821964602        479.457776915822     
 tabs:   207.681149811543        305.391001676601     
 qv:  4.607180603979629E-067  2.560410737074219E-002
 tke:  0.000000000000000E+000  0.405959556444514     
 tk:  0.000000000000000E+000   15.9287388947720     
 tkh:  0.000000000000000E+000   15.9287388947720     
 qcl:  0.000000000000000E+000  0.000000000000000E+000
 qci:  0.000000000000000E+000  2.147391182268291E-003
 qpl:  0.000000000000000E+000  1.423202597103547E-005
 qpi:  0.000000000000000E+000  0.000000000000000E+000
 qrad(K/day):  -30.9761681483297        42.6843195533104     
 shf:  -1.70089531517828        1.28191396651257     
 lhf:   30.2068764387861        67.3314507585196     
 uw: -4.823591544632354E-003  4.447489815918680E-003
 vw: -4.066344433030569E-003  4.854496089649246E-003
 sst:   305.000000000000        305.000000000000     
 ===========================
 total water budget:
 before (mm):         62.78314961086
 after (mm):          62.78358195029
 evaporation (mm):     0.00043303101
 precipitation (mm):   0.00000069158
 large-scale (mm):     0.00000000000
 Imbalance (mm)       0.00000000000
 evap (mm/day):   1.24712931622710     
 prec (mm/day):  1.991754284893372E-003
 ls (mm/day):  0.000000000000000E+000
 imbalance (mm/day) -5.564576204604867E-012
  imbalance (rel error):  0.000000000000000E+000
 ===========================
 Let's do some shortwave
 Range of zenith angles  0.732661695834013       0.732661695834013     
 Range of surface albedo (asdir)  3.383449086658900E-002  3.383449086658900E-002
 Range of surface albedo (aldir)  3.383449086658900E-002  3.383449086658900E-002
 Range of surface albedo (asdif)  6.000000000000000E-002  6.000000000000000E-002
 Range of surface albedo (aldif)  6.000000000000000E-002  6.000000000000000E-002
 radiation: perpetual sun, solin=   310.282739786792     
 longwave radiation is called
NSTEP =        673   NCYCLE=  1  CFL_adv= 0.379  CFL_sgs= 0.039
NSTEP =        674   NCYCLE=  1  CFL_adv= 0.378  CFL_sgs= 0.039
NSTEP =        675   NCYCLE=  1  CFL_adv= 0.377  CFL_sgs= 0.039
 Collecting statistics...
 name QCSTRG is missing in "lst" file.
NSTEP =        676   NCYCLE=  1  CFL_adv= 0.376  CFL_sgs= 0.039
 DAY =   0.234722222222222     
 NSTEP=         676
 div:  1.954676941350791E-016 -1.857333924216393E-016
 SST=   305.000000000000     
 surface pressure=   1014.80000000000     
 u:  -4.94828514749742        4.24116148954678     
 v:  -4.11300280169859        3.88934775548218     
 w:  -1.07037716450661        1.04575101807358     
 p:  -5.32513960478702        3.74828525736800     
 t:   304.522415563018        479.459204772360     
 tabs:   207.659526612857        305.384506017574     
 qv:  4.765045851409557E-067  2.562155449845104E-002
 tke:  0.000000000000000E+000  0.847783038380054     
 tk:  0.000000000000000E+000   20.7610175364675     
 tkh:  0.000000000000000E+000   20.7610175364675     
 qcl:  0.000000000000000E+000  0.000000000000000E+000
 qci:  0.000000000000000E+000  2.127067419591617E-003
 qpl:  0.000000000000000E+000  1.405870221640913E-005
 qpi:  0.000000000000000E+000  0.000000000000000E+000
 qrad(K/day):  -29.8822722418584        41.7231024057546     
 shf:  -1.68331860910754        1.28975685640354     
 lhf:   30.0364041216965        66.9453342729229     
 uw: -4.880727019537227E-003  4.488795916477262E-003
 vw: -4.019775305806408E-003  4.829082464841834E-003
 sst:   305.000000000000        305.000000000000     
 ===========================
 total water budget:
 before (mm):         62.78487811010
 after (mm):          62.78530988324
 evaporation (mm):     0.00043247868
 precipitation (mm):   0.00000070554
 large-scale (mm):     0.00000000000
 Imbalance (mm)       0.00000000000
 evap (mm/day):   1.24553861150940     
 prec (mm/day):  2.031951636607885E-003
 ls (mm/day):  0.000000000000000E+000
 imbalance (mm/day)  7.252451812928344E-012
  imbalance (rel error):  0.000000000000000E+000
 ===========================
NSTEP =        677   NCYCLE=  1  CFL_adv= 0.375  CFL_sgs= 0.039
NSTEP =        678   NCYCLE=  1  CFL_adv= 0.375  CFL_sgs= 0.038
 Let's do some shortwave
 Range of zenith angles  0.732661695834013       0.732661695834013     
 Range of surface albedo (asdir)  3.383449086658900E-002  3.383449086658900E-002
 Range of surface albedo (aldir)  3.383449086658900E-002  3.383449086658900E-002
 Range of surface albedo (asdif)  6.000000000000000E-002  6.000000000000000E-002
 Range of surface albedo (aldif)  6.000000000000000E-002  6.000000000000000E-002
 radiation: perpetual sun, solin=   310.282739785490     
 longwave radiation is called
NSTEP =        679   NCYCLE=  1  CFL_adv= 0.374  CFL_sgs= 0.038
 Collecting statistics...
 name QCSTRG is missing in "lst" file.
NSTEP =        680   NCYCLE=  1  CFL_adv= 0.374  CFL_sgs= 0.038
 DAY =   0.236111111111111     
 NSTEP=         680
 div:  1.474503724736847E-016 -2.327740404503038E-016
 SST=   305.000000000000     
 surface pressure=   1014.80000000000     
 u:  -4.82929088291583        4.05505104965591     
 v:  -4.30131178731396        4.43804314301019     
 w:  -1.10873119463754        1.06386583703776     
 p:  -5.57466628068713        3.66824976825701     
 t:   304.518987949218        479.461078395539     
 tabs:   207.641212666644        305.377605301642     
 qv:  5.579537807804663E-067  2.564319510405395E-002
 tke:  0.000000000000000E+000  0.828326177760167     
 tk:  0.000000000000000E+000   21.2359209883080     
 tkh:  0.000000000000000E+000   21.2359209883080     
 qcl:  0.000000000000000E+000  0.000000000000000E+000
 qci:  0.000000000000000E+000  2.112197385791214E-003
 qpl:  0.000000000000000E+000  1.319253731745984E-005
 qpi:  0.000000000000000E+000  0.000000000000000E+000
 qrad(K/day):  -30.3271624626864        40.7227444923764     
 shf:  -1.66518267492560        1.29921904154048     
 lhf:   29.8725559802422        66.5200527550227     
 uw: -4.855466332607973E-003  4.362103399487647E-003
 vw: -4.110842241068426E-003  4.692058278285912E-003
 sst:   305.000000000000        305.000000000000     
 ===========================
 total water budget:
 before (mm):         62.78660438568
 after (mm):          62.78703561920
 evaporation (mm):     0.00043195069
 precipitation (mm):   0.00000071717
 large-scale (mm):     0.00000000000
 Imbalance (mm)       0.00000000000
 evap (mm/day):   1.24401798481220     
 prec (mm/day):  2.065456502763969E-003
 ls (mm/day):  0.000000000000000E+000
 imbalance (mm/day)  3.226702901453025E-011
  imbalance (rel error):  2.263342197168081E-016
 ===========================
NSTEP =        681   NCYCLE=  1  CFL_adv= 0.373  CFL_sgs= 0.038
NSTEP =        682   NCYCLE=  1  CFL_adv= 0.372  CFL_sgs= 0.038
NSTEP =        683   NCYCLE=  1  CFL_adv= 0.371  CFL_sgs= 0.038
 Collecting statistics...
 name QCSTRG is missing in "lst" file.
NSTEP =        684   NCYCLE=  1  CFL_adv= 0.369  CFL_sgs= 0.038
 DAY =   0.237500000000000     
 NSTEP=         684
 div:  1.711270985610004E-016 -1.680095514074393E-016
 SST=   305.000000000000     
 surface pressure=   1014.80000000000     
 u:  -4.83409185514703        4.12227621222329     
 v:  -4.23941967921262        4.83779265323981     
 w:  -1.21190999936776        1.08886801986760     
 p:  -5.79961324608130        3.54405663841541     
 t:   304.515646228480        479.461685527028     
 tabs:   207.631790623008        305.369644001118     
 qv:  7.822782029328945E-067  2.566237001719633E-002
 tke:  0.000000000000000E+000  0.748244389062368     
 tk:  0.000000000000000E+000   20.8743365527542     
 tkh:  0.000000000000000E+000   20.8743365527542     
 qcl:  0.000000000000000E+000  0.000000000000000E+000
 qci:  0.000000000000000E+000  2.101131149988501E-003
 qpl:  0.000000000000000E+000  1.320209300427340E-005
 qpi:  0.000000000000000E+000  0.000000000000000E+000
 qrad(K/day):  -30.3271624626864        40.7227444923764     
 shf:  -1.64457359537413        1.31083728463236     
 lhf:   29.7267197668996        66.0592847577268     
 uw: -4.752169933468314E-003  4.658179754960498E-003
 vw: -4.137131151071166E-003  4.489953384133855E-003
 sst:   305.000000000000        305.000000000000     
 ===========================
 total water budget:
 before (mm):         62.78832853717
 after (mm):          62.78875925392
 evaporation (mm):     0.00043144565
 precipitation (mm):   0.00000072890
 large-scale (mm):     0.00000000000
 Imbalance (mm)       0.00000000000
 evap (mm/day):   1.24256346605364     
 prec (mm/day):  2.099228077620014E-003
 ls (mm/day):  0.000000000000000E+000
 imbalance (mm/day) -1.357687826910019E-011
  imbalance (rel error):  0.000000000000000E+000
 ===========================
 Let's do some shortwave
 Range of zenith angles  0.732661695834013       0.732661695834013     
 Range of surface albedo (asdir)  3.383449086658900E-002  3.383449086658900E-002
 Range of surface albedo (aldir)  3.383449086658900E-002  3.383449086658900E-002
 Range of surface albedo (asdif)  6.000000000000000E-002  6.000000000000000E-002
 Range of surface albedo (aldif)  6.000000000000000E-002  6.000000000000000E-002
 radiation: perpetual sun, solin=   310.282739783998     
 longwave radiation is called
NSTEP =        685   NCYCLE=  1  CFL_adv= 0.368  CFL_sgs= 0.037
NSTEP =        686   NCYCLE=  1  CFL_adv= 0.371  CFL_sgs= 0.037
NSTEP =        687   NCYCLE=  1  CFL_adv= 0.372  CFL_sgs= 0.037
 Collecting statistics...
 name QCSTRG is missing in "lst" file.
NSTEP =        688   NCYCLE=  1  CFL_adv= 0.376  CFL_sgs= 0.037
 DAY =   0.238888888888889     
 NSTEP=         688
 div:  1.401606908413450E-016 -1.958705275304292E-016
 SST=   305.000000000000     
 surface pressure=   1014.80000000000     
 u:  -4.63134685474705        4.27337567612227     
 v:  -4.15597986872549        5.02493042588310     
 w:  -1.20700270085596        1.00752818506802     
 p:  -5.91496939690121        3.34186932518274     
 t:   304.512529575096        479.464393186182     
 tabs:   207.627960781327        305.360429022983     
 qv:  1.132316870167932E-066  2.567955472825058E-002
 tke:  0.000000000000000E+000  0.508210493728398     
 tk:  0.000000000000000E+000   17.1656261985584     
 tkh:  0.000000000000000E+000   17.1656261985584     
 qcl:  0.000000000000000E+000  0.000000000000000E+000
 qci:  0.000000000000000E+000  2.094596058337275E-003
 qpl:  0.000000000000000E+000  1.332673720290844E-005
 qpi:  0.000000000000000E+000  0.000000000000000E+000
 qrad(K/day):  -30.4356623600785        40.6624800501840     
 shf:  -1.62071002670305        1.31982628842778     
 lhf:   29.5965137790308        65.5659676702662     
 uw: -4.605058055590797E-003  4.835916176247094E-003
 vw: -3.993588218337721E-003  4.308002251478098E-003
 sst:   305.000000000000        305.000000000000     
 ===========================
 total water budget:
 before (mm):         62.79005065366
 after (mm):          62.79048087402
 evaporation (mm):     0.00043096073
 precipitation (mm):   0.00000074037
 large-scale (mm):     0.00000000000
 Imbalance (mm)      -0.00000000000
 evap (mm/day):   1.24116688901690     
 prec (mm/day):  2.132256057656260E-003
 ls (mm/day):  0.000000000000000E+000
 imbalance (mm/day) -2.124540167815041E-011
  imbalance (rel error): -1.131609004851757E-016
 ===========================
NSTEP =        689   NCYCLE=  1  CFL_adv= 0.380  CFL_sgs= 0.037
NSTEP =        690   NCYCLE=  1  CFL_adv= 0.382  CFL_sgs= 0.037
 Let's do some shortwave
 Range of zenith angles  0.732661695834013       0.732661695834013     
 Range of surface albedo (asdir)  3.383449086658900E-002  3.383449086658900E-002
 Range of surface albedo (aldir)  3.383449086658900E-002  3.383449086658900E-002
 Range of surface albedo (asdif)  6.000000000000000E-002  6.000000000000000E-002
 Range of surface albedo (aldif)  6.000000000000000E-002  6.000000000000000E-002
 radiation: perpetual sun, solin=   310.282739782361     
 longwave radiation is called
NSTEP =        691   NCYCLE=  1  CFL_adv= 0.383  CFL_sgs= 0.037
 Collecting statistics...
 name QCSTRG is missing in "lst" file.
NSTEP =        692   NCYCLE=  1  CFL_adv= 0.382  CFL_sgs= 0.037
 DAY =   0.240277777777778     
 NSTEP=         692
 div:  1.463931311484252E-016 -1.528998148746117E-016
 SST=   305.000000000000     
 surface pressure=   1014.80000000000     
 u:  -4.37621461033503        4.23387846969809     
 v:  -4.26742762103182        4.98232411594909     
 w:  -1.10603273045167       0.900016258294818     
 p:  -5.93669168335444        3.23747496817777     
 t:   304.509749988818        479.465768002661     
 tabs:   207.624651111057        305.350128250756     
 qv:  1.335090332253584E-066  2.569513142792739E-002
 tke:  0.000000000000000E+000  0.634637424651000     
 tk:  0.000000000000000E+000   17.0184933749879     
 tkh:  0.000000000000000E+000   17.0184933749879     
 qcl:  0.000000000000000E+000  0.000000000000000E+000
 qci:  0.000000000000000E+000  2.096500565711788E-003
 qpl:  0.000000000000000E+000  1.296963763081617E-005
 qpi:  0.000000000000000E+000  0.000000000000000E+000
 qrad(K/day):  -29.8639220166584        41.5787398632806     
 shf:  -1.59384344743106        1.32600272653386     
 lhf:   29.4779261616333        65.0440747726731     
 uw: -4.433827294607576E-003  4.766128770955785E-003
 vw: -3.911270314416846E-003  4.331203623954372E-003
 sst:   305.000000000000        305.000000000000     
 ===========================
 total water budget:
 before (mm):         62.79177080940
 after (mm):          62.79220054811
 evaporation (mm):     0.00043049505
 precipitation (mm):   0.00000075633
 large-scale (mm):     0.00000000000
 Imbalance (mm)       0.00000000000
 evap (mm/day):   1.23982573389011     
 prec (mm/day):  2.178240410561657E-003
 ls (mm/day):  0.000000000000000E+000
 imbalance (mm/day)  2.857466155782151E-011
  imbalance (rel error):  2.263156027525026E-016
 ===========================
NSTEP =        693   NCYCLE=  1  CFL_adv= 0.381  CFL_sgs= 0.037
NSTEP =        694   NCYCLE=  1  CFL_adv= 0.379  CFL_sgs= 0.037
NSTEP =        695   NCYCLE=  1  CFL_adv= 0.376  CFL_sgs= 0.037
 Collecting statistics...
 name QCSTRG is missing in "lst" file.
NSTEP =        696   NCYCLE=  1  CFL_adv= 0.372  CFL_sgs= 0.036
 DAY =   0.241666666666667     
 NSTEP=         696
 div:  1.348472164373453E-016 -1.689781050296639E-016
 SST=   305.000000000000     
 surface pressure=   1014.80000000000     
 u:  -4.09925226217431        4.08026402498183     
 v:  -4.30833324100269        4.74987148620849     
 w:  -1.03595983454434       0.864291793534349     
 p:  -5.89090338189330        3.14454956429114     
 t:   304.508776083190        479.466626511747     
 tabs:   207.641055872055        305.338903939621     
 qv:  1.426199078693577E-066  2.570860952971384E-002
 tke:  0.000000000000000E+000  0.665218782089041     
 tk:  0.000000000000000E+000   19.8088840797920     
 tkh:  0.000000000000000E+000   19.8088840797920     
 qcl:  0.000000000000000E+000  0.000000000000000E+000
 qci:  0.000000000000000E+000  2.099250072950207E-003
 qpl:  0.000000000000000E+000  1.371862231300572E-005
 qpi:  0.000000000000000E+000  0.000000000000000E+000
 qrad(K/day):  -29.8639220166584        41.5787398632806     
 shf:  -1.56450966963002        1.32863787926275     
 lhf:   29.3743150077109        64.5018457934899     
 uw: -4.460109205914035E-003  4.538072672557361E-003
 vw: -3.973562396630641E-003  4.241058012159783E-003
 sst:   305.000000000000        305.000000000000     
 ===========================
 total water budget:
 before (mm):         62.79348904889
 after (mm):          62.79391831065
 evaporation (mm):     0.00043004538
 precipitation (mm):   0.00000078361
 large-scale (mm):     0.00000000000
 Imbalance (mm)      -0.00000000000
 evap (mm/day):   1.23853068235690     
 prec (mm/day):  2.256794336543180E-003
 ls (mm/day):  0.000000000000000E+000
 imbalance (mm/day) -3.339823748371154E-011
  imbalance (rel error): -2.263094117633867E-016
 ===========================
 Let's do some shortwave
 Range of zenith angles  0.732661695834013       0.732661695834013     
 Range of surface albedo (asdir)  3.383449086658900E-002  3.383449086658900E-002
 Range of surface albedo (aldir)  3.383449086658900E-002  3.383449086658900E-002
 Range of surface albedo (asdif)  6.000000000000000E-002  6.000000000000000E-002
 Range of surface albedo (aldif)  6.000000000000000E-002  6.000000000000000E-002
 radiation: perpetual sun, solin=   310.282739780615     
 longwave radiation is called
NSTEP =        697   NCYCLE=  1  CFL_adv= 0.368  CFL_sgs= 0.036
NSTEP =        698   NCYCLE=  1  CFL_adv= 0.363  CFL_sgs= 0.036
NSTEP =        699   NCYCLE=  1  CFL_adv= 0.358  CFL_sgs= 0.036
 Collecting statistics...
 name QCSTRG is missing in "lst" file.
NSTEP =        700   NCYCLE=  1  CFL_adv= 0.353  CFL_sgs= 0.036
 DAY =   0.243055555555556     
 NSTEP=         700
 div:  1.541467303340239E-016 -1.713932613611689E-016
 SST=   305.000000000000     
 surface pressure=   1014.80000000000     
 u:  -3.81642686173998        4.05973383598791     
 v:  -4.20537239063901        4.37898717719731     
 w:  -1.01763423909722       0.822325295121709     
 p:  -5.78965436286659        3.14850876049369     
 t:   304.509993076510        479.467510981846     
 tabs:   207.662611571123        305.326829464278     
 qv:  1.548457486021941E-066  2.572000372545193E-002
 tke:  0.000000000000000E+000  0.839453348530813     
 tk:  0.000000000000000E+000   22.9054216907648     
 tkh:  0.000000000000000E+000   22.9054216907648     
 qcl:  0.000000000000000E+000  0.000000000000000E+000
 qci:  0.000000000000000E+000  2.102070302292263E-003
 qpl:  0.000000000000000E+000  1.506755009220352E-005
 qpi:  0.000000000000000E+000  0.000000000000000E+000
 qrad(K/day):  -29.1439554887581        42.1015213587168     
 shf:  -1.53293611657031        1.32658407707045     
 lhf:   29.2867498818419        63.9268406193822     
 uw: -4.651152427314526E-003  4.309171983252844E-003
 vw: -4.024663061392018E-003  4.104351309880998E-003
 sst:   305.000000000000        305.000000000000     
 ===========================
 total water budget:
 before (mm):         62.79520538114
 after (mm):          62.79563416666
 evaporation (mm):     0.00042961089
 precipitation (mm):   0.00000082538
 large-scale (mm):     0.00000000000
 Imbalance (mm)       0.00000000000
 evap (mm/day):   1.23727937712882     
 prec (mm/day):  2.377094478606952E-003
 ls (mm/day):  0.000000000000000E+000
 imbalance (mm/day)  1.270066937362167E-011
  imbalance (rel error):  1.131516139918771E-016
 ===========================
NSTEP =        701   NCYCLE=  1  CFL_adv= 0.348  CFL_sgs= 0.036
NSTEP =        702   NCYCLE=  1  CFL_adv= 0.352  CFL_sgs= 0.036
 Let's do some shortwave
 Range of zenith angles  0.732661695834013       0.732661695834013     
 Range of surface albedo (asdir)  3.383449086658900E-002  3.383449086658900E-002
 Range of surface albedo (aldir)  3.383449086658900E-002  3.383449086658900E-002
 Range of surface albedo (asdif)  6.000000000000000E-002  6.000000000000000E-002
 Range of surface albedo (aldif)  6.000000000000000E-002  6.000000000000000E-002
 radiation: perpetual sun, solin=   310.282739778769     
 longwave radiation is called
NSTEP =        703   NCYCLE=  1  CFL_adv= 0.356  CFL_sgs= 0.036
 Collecting statistics...
 name QCSTRG is missing in "lst" file.
NSTEP =        704   NCYCLE=  1  CFL_adv= 0.359  CFL_sgs= 0.036
 DAY =   0.244444444444444     
 NSTEP=         704
 div:  1.663013407620517E-016 -1.796749863091666E-016
 SST=   305.000000000000     
 surface pressure=   1014.80000000000     
 u:  -4.41263388197646        4.08867772729552     
 v:  -4.55442428025970        3.91908413314585     
 w:  -1.06687334466251       0.865826615208415     
 p:  -5.62764119197393        2.95292025355505     
 t:   304.507979043410        479.468043850184     
 tabs:   207.681479995086        305.314110395309     
 qv:  1.683751024650188E-066  2.572953313694330E-002
 tke:  0.000000000000000E+000  0.719124094374337     
 tk:  0.000000000000000E+000   21.2002962003827     
 tkh:  0.000000000000000E+000   21.2002962003827     
 qcl:  0.000000000000000E+000  0.000000000000000E+000
 qci:  0.000000000000000E+000  2.106085503214280E-003
 qpl:  0.000000000000000E+000  1.550269970575267E-005
 qpi:  0.000000000000000E+000  0.000000000000000E+000
 qrad(K/day):  -29.1649146683846        42.2100725040943     
 shf:  -1.49946879900911        1.31946341030215     
 lhf:   29.2144623523206        63.3502410684120     
 uw: -4.639818930029545E-003  4.164143428426319E-003
 vw: -4.026516415047037E-003  4.038517093948545E-003
 sst:   305.000000000000        305.000000000000     
 ===========================
 total water budget:
 before (mm):         62.79691981446
 after (mm):          62.79734812970
 evaporation (mm):     0.00042919332
 precipitation (mm):   0.00000087807
 large-scale (mm):     0.00000000000
 Imbalance (mm)       0.00000000000
 evap (mm/day):   1.23607676443235     
 prec (mm/day):  2.528847582247942E-003
 ls (mm/day):  0.000000000000000E+000
 imbalance (mm/day) -7.325560446333305E-012
  imbalance (rel error):  0.000000000000000E+000
 ===========================
NSTEP =        705   NCYCLE=  1  CFL_adv= 0.362  CFL_sgs= 0.036
NSTEP =        706   NCYCLE=  1  CFL_adv= 0.358  CFL_sgs= 0.036
NSTEP =        707   NCYCLE=  1  CFL_adv= 0.356  CFL_sgs= 0.036
 Collecting statistics...
 name QCSTRG is missing in "lst" file.
NSTEP =        708   NCYCLE=  1  CFL_adv= 0.362  CFL_sgs= 0.036
 DAY =   0.245833333333333     
 NSTEP=         708
 div:  1.309507465950410E-016 -1.436157915615774E-016
 SST=   305.000000000000     
 surface pressure=   1014.80000000000     
 u:  -4.51595033781688        4.22557191136845     
 v:  -4.69201099967357        3.57743048065520     
 w:  -1.10263194464618       0.897856158531693     
 p:  -5.37562391031215        2.86458809049144     
 t:   304.506636029486        479.470205092799     
 tabs:   207.686839888615        305.301168272506     
 qv:  1.899400717512339E-066  2.573728502497554E-002
 tke:  0.000000000000000E+000  0.593609097630322     
 tk:  0.000000000000000E+000   18.1324622891706     
 tkh:  0.000000000000000E+000   18.1324622891706     
 qcl:  0.000000000000000E+000  0.000000000000000E+000
 qci:  0.000000000000000E+000  2.107440054104978E-003
 qpl:  0.000000000000000E+000  1.731043645455014E-005
 qpi:  0.000000000000000E+000  0.000000000000000E+000
 qrad(K/day):  -29.1649146683846        42.2100725040943     
 shf:  -1.46508399533469        1.30660599412991     
 lhf:   29.1563646718380        62.7677954830995     
 uw: -4.514058775461511E-003  4.075491759553407E-003
 vw: -3.898390763522110E-003  4.013059706344379E-003
 sst:   305.000000000000        305.000000000000     
 ===========================
 total water budget:
 before (mm):         62.79863238761
 after (mm):          62.79906024887
 evaporation (mm):     0.00042879286
 precipitation (mm):   0.00000093160
 large-scale (mm):     0.00000000000
 Imbalance (mm)      -0.00000000000
 evap (mm/day):   1.23492344251407     
 prec (mm/day):  2.683020527819472E-003
 ls (mm/day):  0.000000000000000E+000
 imbalance (mm/day) -1.999396955371926E-011
  imbalance (rel error): -1.131454408623769E-016
 ===========================
 Let's do some shortwave
 Range of zenith angles  0.732661695834013       0.732661695834013     
 Range of surface albedo (asdir)  3.383449086658900E-002  3.383449086658900E-002
 Range of surface albedo (aldir)  3.383449086658900E-002  3.383449086658900E-002
 Range of surface albedo (asdif)  6.000000000000000E-002  6.000000000000000E-002
 Range of surface albedo (aldif)  6.000000000000000E-002  6.000000000000000E-002
 radiation: perpetual sun, solin=   310.282739776811     
 longwave radiation is called
NSTEP =        709   NCYCLE=  1  CFL_adv= 0.375  CFL_sgs= 0.036
NSTEP =        710   NCYCLE=  1  CFL_adv= 0.369  CFL_sgs= 0.036
NSTEP =        711   NCYCLE=  1  CFL_adv= 0.371  CFL_sgs= 0.036
 Collecting statistics...
 name QCSTRG is missing in "lst" file.
NSTEP =        712   NCYCLE=  1  CFL_adv= 0.372  CFL_sgs= 0.036
 DAY =   0.247222222222222     
 NSTEP=         712
 div:  1.258993706310015E-016 -1.685460576221168E-016
 SST=   305.000000000000     
 surface pressure=   1014.80000000000     
 u:  -4.47930706735072        4.42636708333596     
 v:  -4.60005628901525        3.61311893279750     
 w:  -1.07058498660592       0.960936294754841     
 p:  -5.00425625526180        2.83562964982375     
 t:   304.506177344196        479.471382350013     
 tabs:   207.684707655928        305.288557051164     
 qv:  2.372478372855024E-066  2.574284944992779E-002
 tke:  0.000000000000000E+000  0.409319012530599     
 tk:  0.000000000000000E+000   15.9945110219608     
 tkh:  0.000000000000000E+000   15.9945110219608     
 qcl:  0.000000000000000E+000  0.000000000000000E+000
 qci:  0.000000000000000E+000  2.103956597086742E-003
 qpl:  0.000000000000000E+000  2.025056295132716E-005
 qpi:  0.000000000000000E+000  0.000000000000000E+000
 qrad(K/day):  -28.4005864987930        43.7681383297618     
 shf:  -1.43126927883865        1.28771296161198     
 lhf:   29.1139732235492        62.1853467132584     
 uw: -4.362211697523093E-003  3.979621148985042E-003
 vw: -4.106025624847761E-003  3.985672019133476E-003
 sst:   305.000000000000        305.000000000000     
 ===========================
 total water budget:
 before (mm):         62.80034318009
 after (mm):          62.80077061110
 evaporation (mm):     0.00042841019
 precipitation (mm):   0.00000097917
 large-scale (mm):     0.00000000000
 Imbalance (mm)      -0.00000000000
 evap (mm/day):   1.23382134522064     
 prec (mm/day):  2.820015888030387E-003
 ls (mm/day):  0.000000000000000E+000
 imbalance (mm/day) -3.994304276981435E-011
  imbalance (rel error): -2.262847187529516E-016
 ===========================
NSTEP =        713   NCYCLE=  1  CFL_adv= 0.371  CFL_sgs= 0.036
NSTEP =        714   NCYCLE=  1  CFL_adv= 0.370  CFL_sgs= 0.036
 Let's do some shortwave
 Range of zenith angles  0.732661695834013       0.732661695834013     
 Range of surface albedo (asdir)  3.383449086658900E-002  3.383449086658900E-002
 Range of surface albedo (aldir)  3.383449086658900E-002  3.383449086658900E-002
 Range of surface albedo (asdif)  6.000000000000000E-002  6.000000000000000E-002
 Range of surface albedo (aldif)  6.000000000000000E-002  6.000000000000000E-002
 radiation: perpetual sun, solin=   310.282739774712     
 longwave radiation is called
NSTEP =        715   NCYCLE=  1  CFL_adv= 0.367  CFL_sgs= 0.036
 Collecting statistics...
 name QCSTRG is missing in "lst" file.
NSTEP =        716   NCYCLE=  1  CFL_adv= 0.364  CFL_sgs= 0.035
 DAY =   0.248611111111111     
 NSTEP=         716
 div:  1.037751719563136E-016 -1.238177558840148E-016
 SST=   305.000000000000     
 surface pressure=   1014.80000000000     
 u:  -4.49103196368787        4.62077176565288     
 v:  -4.33230769157917        3.65239995461391     
 w:  -1.04921706932650       0.969157746328177     
 p:  -4.49803958867743        2.77048083903044     
 t:   304.506461872912        479.473380938745     
 tabs:   207.701798220302        305.276693423774     
 qv:  4.100829376796398E-066  2.574511208121071E-002
 tke:  0.000000000000000E+000  0.809846128281150     
 tk:  0.000000000000000E+000   14.8360307143138     
 tkh:  0.000000000000000E+000   14.8360307143138     
 qcl:  0.000000000000000E+000  0.000000000000000E+000
 qci:  0.000000000000000E+000  2.093394145922709E-003
 qpl:  0.000000000000000E+000  2.205932339577544E-005
 qpi:  0.000000000000000E+000  0.000000000000000E+000
 qrad(K/day):  -26.6895336712280        44.0974230269231     
 shf:  -1.39930267569425        1.26310308105870     
 lhf:   29.0949137931174        61.6428982501660     
 uw: -4.194826933392997E-003  4.033476412631296E-003
 vw: -4.278356153806600E-003  3.920561579812304E-003
 sst:   305.000000000000        305.000000000000     
 ===========================
 total water budget:
 before (mm):         62.80205228164
 after (mm):          62.80247930014
 evaporation (mm):     0.00042804447
 precipitation (mm):   0.00000102598
 large-scale (mm):     0.00000000000
 Imbalance (mm)      -0.00000000000
 evap (mm/day):   1.23276808656595     
 prec (mm/day):  2.954819180437298E-003
 ls (mm/day):  0.000000000000000E+000
 imbalance (mm/day) -1.688324833941119E-011
  imbalance (rel error): -1.131392810726998E-016
 ===========================
NSTEP =        717   NCYCLE=  1  CFL_adv= 0.360  CFL_sgs= 0.035
NSTEP =        718   NCYCLE=  1  CFL_adv= 0.359  CFL_sgs= 0.035
NSTEP =        719   NCYCLE=  1  CFL_adv= 0.360  CFL_sgs= 0.035
 Collecting statistics...
 Writting radiation restart file...
 Saved radiation restart file. nstep=         720
 name QCSTRG is missing in "lst" file.
 Writting statistics:nstatsteps=          15
 --------------- ISCCP Simulator Diagnostics: -----------------
 ISCCP PDF:
            0.0       0.3       1.3       3.6       9.4      23.0      60.0
    0.     0.003     0.001     0.000     0.000     0.000     0.000     0.003
  180.     0.008     0.003     0.003     0.003     0.003     0.003     0.000
  310.     0.000     0.000     0.000     0.000     0.000     0.000     0.000
  440.     0.000     0.000     0.000     0.000     0.000     0.000     0.000
  560.     0.000     0.000     0.000     0.000     0.000     0.000     0.000
  680.     0.000     0.000     0.000     0.000     0.000     0.000     0.000
  800.     0.000     0.000     0.000     0.000     0.000     0.000     0.000
 low cld area (tau > 0.3)=  0.000000000000000E+000
 mid cld area (tau > 0.3)=  0.000000000000000E+000
 hgh cld area (tau > 0.3)=  1.951802571614583E-002
 total cld area (tau > 0.3)=  1.951802571614583E-002
 mean albedo cld (tau > 0.3)   0.498846154118466     
 mean tau cld (tau > 0.3)    8.49890659810777     
 mean top pressure (tau > 0.3)   213.044913921777     
 mean brightness temp (tau > 0.3)   281.231726444352     
 mean clearsky brightness temp (tau > 0.3)   299.206476299360     
 --------------- MODIS Simulator Diagnostics: -----------------
 MODIS PDF:
                      0.3       1.3       3.6       9.4      23.0      60.0
    0.               0.000     0.000     0.000     0.001     0.003     0.003
  180.               0.004     0.003     0.003     0.002     0.000     0.000
  310.               0.000     0.000     0.000     0.000     0.000     0.000
  440.               0.000     0.000     0.000     0.000     0.000     0.000
  560.               0.000     0.000     0.000     0.000     0.000     0.000
  680.               0.000     0.000     0.000     0.000     0.000     0.000
  800.               0.000     0.000     0.000     0.000     0.000     0.000
 low cld area =  0.000000000000000E+000
 mid cld area =  0.000000000000000E+000
 hgh cld area =  1.951802571614583E-002
 total cld area =  1.951802571614583E-002
 mean tau cld    25.1176137143275     
 mean top pressure    202.248995421985     
 total cld area (liquid) =  0.000000000000000E+000
 total cld area (ice) =  1.951802571614583E-002
 mean tau (liquid) =  -1.00000000000000     
 mean tau (ice) =   25.1176137143275     
 mean lwp (g/m2) =  -1.00000000000000     
 mean iwp (g/m2) =   522.621943530811     
 mean reff (liquid)  =  -1.00000000000000     
 mean reff (ice)  =   40.8884395657685     
 --------------- MISR Simulator Diagnostics: -----------------
 MISR PDF:
            0.0       0.3       1.3       3.6       9.4      23.0      60.0
 99.00     0.000     0.000     0.000     0.000     0.000     0.000     0.000
 17.00     0.000     0.000     0.000     0.000     0.000     0.000     0.000
 15.00     0.000     0.000     0.000     0.000     0.000     0.003     0.003
 13.00     0.000     0.000     0.001     0.002     0.002     0.001     0.000
 11.00     0.000     0.002     0.002     0.001     0.000     0.000     0.000
  9.00     0.000     0.001     0.000     0.000     0.000     0.000     0.000
  7.00     0.000     0.000     0.000     0.000     0.000     0.000     0.000
  5.00     0.000     0.000     0.000     0.000     0.000     0.000     0.000
  4.00     0.000     0.000     0.000     0.000     0.000     0.000     0.000
  3.00     0.000     0.000     0.000     0.000     0.000     0.000     0.000
  2.50     0.000     0.000     0.000     0.000     0.000     0.000     0.000
  2.00     0.000     0.000     0.000     0.000     0.000     0.000     0.000
  1.50     0.000     0.000     0.000     0.000     0.000     0.000     0.000
  1.00     0.000     0.000     0.000     0.000     0.000     0.000     0.000
  0.50     0.000     0.000     0.000     0.000     0.000     0.000     0.000
  0.00     0.001     0.001     0.000     0.000     0.000     0.000     0.000
 total cld area =  1.815795898437500E-002
 mean top height (m)   11970.5554851933     
 Writting history file 
 rcemip305sst_160_MaxIce20_2dry3km                                              
  
 Writing restart file ...
 Restart file was saved. nstep=         720
 Writting 2D data. file:./OUT_2D/bubble_rcemip305sst_160_MaxIce20_2dry3km_64.2Db
 in                                                              
 Writting 3D data. file:./OUT_3D/bubble_rcemip305sst_160_MaxIce20_2dry3km_64_000
 0000720.bin3D                                                   
NSTEP =        720   NCYCLE=  1  CFL_adv= 0.360  CFL_sgs= 0.035
 DAY =   0.250000000000000     
 NSTEP=         720
 div:  1.580315136562448E-016 -1.999647736412718E-016
 SST=   305.000000000000     
 surface pressure=   1014.80000000000     
 u:  -4.39972517245104        4.60397824395908     
 v:  -4.04777412270095        3.88775281913173     
 w:  -1.01845463803015       0.887883086597224     
 p:  -4.50790181543101        2.50106264285196     
 t:   304.507409215521        479.475120470261     
 tabs:   207.706614217744        305.265669413376     
 qv:  1.046109003097713E-065  2.574398974168774E-002
 tke:  0.000000000000000E+000  0.917569562534593     
 tk:  0.000000000000000E+000   18.2156854077415     
 tkh:  0.000000000000000E+000   18.2156854077415     
 qcl:  0.000000000000000E+000  0.000000000000000E+000
 qci:  0.000000000000000E+000  2.068161560413096E-003
 qpl:  0.000000000000000E+000  2.382299182530611E-005
 qpi:  0.000000000000000E+000  0.000000000000000E+000
 qrad(K/day):  -26.6895336712280        44.0974230269231     
 shf:  -1.36973081853787        1.25138636015819     
 lhf:   29.1020695942437        61.4787293616901     
 uw: -4.014585769570381E-003  4.025076071116135E-003
 vw: -4.327667342910808E-003  4.065507907095712E-003
 sst:   305.000000000000        305.000000000000     
 ===========================
 total water budget:
 before (mm):         62.80375974546
 after (mm):          62.80418635726
 evaporation (mm):     0.00042769486
 precipitation (mm):   0.00000108305
 large-scale (mm):     0.00000000000
 Imbalance (mm)       0.00000000000
 evap (mm/day):   1.23176118490150     
 prec (mm/day):  3.119197696082118E-003
 ls (mm/day):  0.000000000000000E+000
 imbalance (mm/day) -7.884728636599510E-012
  imbalance (rel error):  0.000000000000000E+000
 ===========================
 Finished with SAM, exiting...
srun: error: n1902: tasks 32-63: Exited with exit code 9
srun: Terminating StepId=50578767.0
srun: error: n1782: tasks 0-31: Exited with exit code 9
