n282
n282
n282
n282
n282
n282
n282
n282
n282
n282
n282
n282
n282
n282
n282
n282
n282
n282
n282
n282
n282
n282
n282
n282
n282
n282
n282
n282
n282
n282
n282
n282
n283
n283
n283
n283
n283
n283
n283
n283
n283
n283
n283
n283
n283
n283
n283
n283
n283
n283
n283
n283
n283
n283
n283
n283
n283
n283
n283
n283
n283
n283
n283
n283
 number of MPI tasks:          64
           **************************************************
           **************************************************
           *                                                *
           *      *****          **       ***          **   *
           *    ***   ***       ****      ****       ****   *
           *   ***     ***     *** ***    *****     *****   *
           *    ***           ***   ***   *** **   ** ***   *
           *       ***       ***     ***  ***  ** **  ***   *
           *          ***    ***     ***  ***   ***   ***   *
           *   ***     ***   ***********  ***         ***   *
           *    ***   ***    ***     ***  ***         ***   *
           *      *****      ***     ***  ***         ***   *
           *                                                *
           **************************************************
           **************************************************
           ***       System for Atmospheric Modeling      ***
           ***                    SAM                     ***
                     Version 6.10.9 (Feb 2016)  
           **************************************************
           ***     (C) Marat Khairoutdinov                ***
           *** School of Marine and Atmospheric Sciences  ***
           ***       Stony Brook University               ***
           **************************************************
           ***       The model can be used only with      ***
           ***         permission from the author!        ***
           ***       No transfer to any third party       ***
           ***                is allowed!                 ***
           **************************************************
           **************************************************
           ***       DATE 01/18/26 TIME 22:58:49          ***
           **************************************************
 
 ==============================================================
  You have chosen to use            1  ice categories in MICRO_P3.
 ==============================================================
 ==============================================================
  You have chosen to use            1  ice categories in MICRO_P3.
 ==============================================================
 ==============================================================
  You have chosen to use            1  ice categories in MICRO_P3.
 ==============================================================
 ==============================================================
  You have chosen to use            1  ice categories in MICRO_P3.
 ==============================================================
 ==============================================================
  You have chosen to use            1  ice categories in MICRO_P3.
 ==============================================================
 ==============================================================
  You have chosen to use            1  ice categories in MICRO_P3.
 ==============================================================
 ==============================================================
  You have chosen to use            1  ice categories in MICRO_P3.
 ==============================================================
 ==============================================================
  You have chosen to use            1  ice categories in MICRO_P3.
 ==============================================================
 ==============================================================
  You have chosen to use            1  ice categories in MICRO_P3.
 ==============================================================
 ==============================================================
  You have chosen to use            1  ice categories in MICRO_P3.
 ==============================================================
 ==============================================================
  You have chosen to use            1  ice categories in MICRO_P3.
 ==============================================================
 ==============================================================
  You have chosen to use            1  ice categories in MICRO_P3.
 ==============================================================
 ==============================================================
  You have chosen to use            1  ice categories in MICRO_P3.
 ==============================================================
 ==============================================================
 ==============================================================
  You have chosen to use            1  ice categories in MICRO_P3.
 ==============================================================
  You have chosen to use            1  ice categories in MICRO_P3.
 ==============================================================
 ==============================================================
  You have chosen to use            1  ice categories in MICRO_P3.
 ==============================================================
 ==============================================================
  You have chosen to use            1  ice categories in MICRO_P3.
 ==============================================================
 ==============================================================
  You have chosen to use            1  ice categories in MICRO_P3.
 ==============================================================
 ==============================================================
  You have chosen to use            1  ice categories in MICRO_P3.
 ==============================================================
 ==============================================================
  You have chosen to use            1  ice categories in MICRO_P3.
 ==============================================================
 ==============================================================
  You have chosen to use            1  ice categories in MICRO_P3.
 ==============================================================
 ==============================================================
  You have chosen to use            1  ice categories in MICRO_P3.
 ==============================================================
 ==============================================================
  You have chosen to use            1  ice categories in MICRO_P3.
 ==============================================================
 ==============================================================
 ==============================================================
  You have chosen to use            1  ice categories in MICRO_P3.
 ==============================================================
  You have chosen to use            1  ice categories in MICRO_P3.
 ==============================================================
 ==============================================================
  You have chosen to use            1  ice categories in MICRO_P3.
 ==============================================================
 ==============================================================
  You have chosen to use            1  ice categories in MICRO_P3.
 ==============================================================
 ==============================================================
 ==============================================================
  You have chosen to use            1  ice categories in MICRO_P3.
 ==============================================================
  You have chosen to use            1  ice categories in MICRO_P3.
 ==============================================================
 ==============================================================
  You have chosen to use            1  ice categories in MICRO_P3.
 ==============================================================
 ==============================================================
  You have chosen to use            1  ice categories in MICRO_P3.
 ==============================================================
 ==============================================================
  You have chosen to use            1  ice categories in MICRO_P3.
 ==============================================================
 ==============================================================
  You have chosen to use            1  ice categories in MICRO_P3.
 ==============================================================
 ==============================================================
  You have chosen to use            1  ice categories in MICRO_P3.
 ==============================================================
 ==============================================================
  You have chosen to use            1  ice categories in MICRO_P3.
 ==============================================================
 ==============================================================
 ==============================================================
  You have chosen to use            1  ice categories in MICRO_P3.
 ==============================================================
  You have chosen to use            1  ice categories in MICRO_P3.
 ==============================================================
 ==============================================================
  You have chosen to use            1  ice categories in MICRO_P3.
 ==============================================================
 ==============================================================
  You have chosen to use            1  ice categories in MICRO_P3.
 ==============================================================
 ==============================================================
 ==============================================================
  You have chosen to use            1  ice categories in MICRO_P3.
  You have chosen to use            1  ice categories in MICRO_P3.
 ==============================================================
 ==============================================================
  You have chosen to use            1  ice categories in MICRO_P3.
 ==============================================================
 ==============================================================
 ==============================================================
  You have chosen to use            1  ice categories in MICRO_P3.
 ==============================================================
  You have chosen to use            1  ice categories in MICRO_P3.
 ==============================================================
 ==============================================================
 ==============================================================
  You have chosen to use            1  ice categories in MICRO_P3.
 ==============================================================
 ==============================================================
  You have chosen to use            1  ice categories in MICRO_P3.
 ==============================================================
 ==============================================================
  You have chosen to use            1  ice categories in MICRO_P3.
 ==============================================================
 ==============================================================
 ==============================================================
 ==============================================================
  You have chosen to use            1  ice categories in MICRO_P3.
 ==============================================================
 ==============================================================
  You have chosen to use            1  ice categories in MICRO_P3.
 ==============================================================
 ==============================================================
  You have chosen to use            1  ice categories in MICRO_P3.
 ==============================================================
 ==============================================================
  You have chosen to use            1  ice categories in MICRO_P3.
  You have chosen to use            1  ice categories in MICRO_P3.
 ==============================================================
 ==============================================================
 ==============================================================
  You have chosen to use            1  ice categories in MICRO_P3.
 ==============================================================
 ==============================================================
  You have chosen to use            1  ice categories in MICRO_P3.
 ==============================================================
 ==============================================================
  You have chosen to use            1  ice categories in MICRO_P3.
 ==============================================================
  You have chosen to use            1  ice categories in MICRO_P3.
 ==============================================================
 ==============================================================
 ==============================================================
 ==============================================================
  You have chosen to use            1  ice categories in MICRO_P3.
 ==============================================================
  You have chosen to use            1  ice categories in MICRO_P3.
 ==============================================================
 ==============================================================
  You have chosen to use            1  ice categories in MICRO_P3.
 ==============================================================
 ==============================================================
  You have chosen to use            1  ice categories in MICRO_P3.
 ==============================================================
 ==============================================================
  You have chosen to use            1  ice categories in MICRO_P3.
 ==============================================================
  You have chosen to use            1  ice categories in MICRO_P3.
 ==============================================================
 ==============================================================
  You have chosen to use            1  ice categories in MICRO_P3.
 ==============================================================
 ==============================================================
  You have chosen to use            1  ice categories in MICRO_P3.
 ==============================================================
 
 surface pressure:    1014.80000000000     
 
  P3 microphysics: v3.1.14          
    P3_INIT (reading/creating look-up tables [v4.1, v4.1]) ...
    P3_INIT DONE.
 
 Initial Sounding:
  k      z    rho     rhoi    s      h     h*      qt      u      v     adz     
 Nsq
 128 27750.0  0.027  0.027 499.03 499.04 508.80   0.00   0.00   0.00  6.667     0.4421E-03
 127 27500.0  0.028  0.028 496.46 496.47 505.75   0.00   0.00   0.00  6.667     0.4423E-03
 126 27250.0  0.029  0.029 493.89 493.90 502.71   0.00   0.00   0.00  6.667     0.4470E-03
 125 27000.0  0.030  0.031 491.30 491.31 499.66   0.00   0.00   0.00  6.667     0.4522E-03
 124 26750.0  0.031  0.032 488.68 488.69 496.57   0.00   0.00   0.00  6.667     0.4544E-03
 123 26500.0  0.032  0.033 486.05 486.05 493.49   0.00   0.00   0.00  6.667     0.4595E-03
 122 26250.0  0.034  0.034 483.39 483.40 490.39   0.00   0.00   0.00  6.667     0.4649E-03
 121 26000.0  0.035  0.036 480.70 480.71 487.26   0.00   0.00   0.00  6.667     0.4702E-03
 120 25750.0  0.036  0.037 477.98 477.99 484.11   0.00   0.00   0.00  6.667     0.4562E-03
 119 25500.0  0.038  0.039 475.35 475.36 481.13   0.00   0.00   0.00  6.667     0.4611E-03
 118 25250.0  0.039  0.040 472.69 472.70 478.13   0.00   0.00   0.00  6.667     0.4666E-03
 117 25000.0  0.041  0.042 470.01 470.01 475.10   0.00   0.00   0.00  6.667     0.4721E-03
 116 24750.0  0.043  0.043 467.29 467.30 472.05   0.00   0.00   0.00  6.667     0.4768E-03
 115 24500.0  0.044  0.045 464.55 464.56 468.98   0.00   0.00   0.00  6.667     0.4826E-03
 114 24250.0  0.046  0.047 461.78 461.79 465.89   0.00   0.00   0.00  6.667     0.4884E-03
 113 24000.0  0.048  0.049 458.98 458.99 462.79   0.00   0.00   0.00  6.667     0.4937E-03
 112 23750.0  0.050  0.051 456.16 456.17 459.67   0.00   0.00   0.00  6.667     0.4940E-03
 111 23500.0  0.052  0.053 453.34 453.35 456.57   0.00   0.00   0.00  6.667     0.5001E-03
 110 23250.0  0.054  0.055 450.49 450.49 453.46   0.00   0.00   0.00  6.667     0.5067E-03
 109 23000.0  0.056  0.057 447.60 447.61 450.32   0.00   0.00   0.00  6.667     0.5182E-03
 108 22750.0  0.058  0.060 444.66 444.67 447.13   0.00   0.00   0.00  6.667     0.5275E-03
 107 22500.0  0.061  0.062 441.67 441.68 443.91   0.00   0.00   0.00  6.667     0.5347E-03
 106 22250.0  0.064  0.065 438.65 438.66 440.66   0.00   0.00   0.00  6.667     0.5405E-03
 105 22000.0  0.066  0.068 435.60 435.61 437.40   0.00   0.00   0.00  6.667     0.5466E-03
 104 21750.0  0.069  0.070 432.53 432.53 434.14   0.00   0.00   0.00  6.667     0.5541E-03
 103 21500.0  0.072  0.073 429.42 429.43 430.85   0.00   0.00   0.00  6.667     0.5604E-03
 102 21250.0  0.075  0.077 426.29 426.30 427.56   0.00   0.00   0.00  6.667     0.5673E-03
 101 21000.0  0.078  0.080 423.13 423.13 424.25   0.00   0.00   0.00  6.667     0.5758E-03
 100 20750.0  0.082  0.084 419.93 419.94 420.91   0.00   0.00   0.00  6.667     0.5849E-03
  99 20500.0  0.085  0.087 416.69 416.70 417.55   0.00   0.00   0.00  6.667     0.5939E-03
  98 20250.0  0.089  0.091 413.42 413.42 414.16   0.00   0.00   0.00  6.667     0.6009E-03
  97 20000.0  0.093  0.095 410.12 410.12 410.76   0.00   0.00   0.00  6.667     0.6069E-03
  96 19750.0  0.097  0.099 406.80 406.80 407.35   0.00   0.00   0.00  6.667     0.6176E-03
  95 19500.0  0.102  0.104 403.43 403.44 403.90   0.00   0.00   0.00  6.667     0.6328E-03
  94 19250.0  0.106  0.109 400.00 400.00 400.39   0.00   0.00   0.00  6.667     0.6428E-03
  93 19000.0  0.111  0.114 396.53 396.53 396.86   0.00   0.00   0.00  6.667     0.6527E-03
  92 18750.0  0.116  0.119 393.02 393.03 393.29   0.00   0.00   0.00  6.667     0.6577E-03
  91 18500.0  0.122  0.125 389.50 389.51 389.73   0.00   0.00   0.00  6.667     0.6613E-03
  90 18250.0  0.128  0.131 385.98 385.99 386.17   0.00   0.00   0.00  6.667     0.6344E-03
  89 18000.0  0.134  0.137 382.63 382.63 382.78   0.00   0.00   0.00  6.667     0.6132E-03
  88 17750.0  0.140  0.143 379.40 379.40 379.53   0.00   0.00   0.00  6.667     0.5987E-03
  87 17500.0  0.146  0.150 376.25 376.26 376.37   0.00   0.00   0.00  6.667     0.6007E-03
  86 17250.0  0.153  0.157 373.11 373.11 373.21   0.00   0.00   0.00  6.667     0.6149E-03
  85 17000.0  0.160  0.164 369.91 369.91 369.99   0.00   0.00   0.00  6.667     0.6171E-03
  84 16750.0  0.168  0.172 366.70 366.70 366.78   0.00   0.00   0.00  6.667     0.5928E-03
  83 16500.0  0.175  0.179 363.63 363.64 363.70   0.00   0.00   0.00  6.667     0.5542E-03
  82 16250.0  0.183  0.187 360.77 360.78 360.84   0.00   0.00   0.00  6.667     0.5207E-03
  81 16000.0  0.192  0.196 358.09 358.10 358.15   0.00   0.00   0.00  6.667     0.4969E-03
  80 15750.0  0.200  0.204 355.54 355.54 355.59   0.00   0.00   0.00  6.667     0.4831E-03
  79 15500.0  0.209  0.213 353.06 353.06 353.11   0.00   0.00   0.00  6.667     0.4721E-03
  78 15250.0  0.218  0.222 350.63 350.63 350.68   0.00   0.00   0.00  6.667     0.4605E-03
  77 15000.0  0.227  0.232 348.27 348.27 348.31   0.00   0.00   0.00  6.667     0.4183E-03
  76 14750.0  0.237  0.241 346.11 346.12 346.16   0.00   0.00   0.00  6.667     0.3540E-03
  75 14500.0  0.246  0.251 344.29 344.30 344.34   0.00   0.00   0.00  6.667     0.2754E-03
  74 14250.0  0.255  0.260 342.87 342.88 342.92   0.00   0.00   0.00  6.667     0.1519E-03
  73 14000.0  0.264  0.268 342.08 342.09 342.15   0.00   0.00   0.00  6.667     0.1069E-03
  72 13750.0  0.273  0.277 341.52 341.53 341.61   0.00   0.00   0.00  6.667     0.8705E-04
  71 13500.0  0.281  0.286 341.06 341.07 341.17   0.00   0.00   0.00  6.667     0.7132E-04
  70 13250.0  0.290  0.295 340.68 340.70 340.82   0.01   0.00   0.00  6.667     0.5595E-04
  69 13000.0  0.299  0.304 340.38 340.40 340.55   0.01   0.00   0.00  6.667     0.4938E-04
  68 12750.0  0.308  0.313 340.11 340.14 340.33   0.01   0.00   0.00  6.667     0.5613E-04
  67 12500.0  0.317  0.322 339.81 339.87 340.07   0.02   0.00   0.00  6.667     0.5700E-04
  66 12250.0  0.327  0.332 339.49 339.65 339.82   0.06   0.00   0.00  6.667     0.3920E-04
  65 12000.0  0.336  0.341 339.27 339.49 339.68   0.09   0.00   0.00  6.667     0.3985E-04
  64 11750.0  0.346  0.351 339.04 339.32 339.56   0.11   0.00   0.00  6.667     0.4290E-04
  63 11500.0  0.356  0.361 338.80 339.14 339.43   0.14   0.00   0.00  6.667     0.4452E-04
  62 11250.0  0.366  0.371 338.54 338.96 339.31   0.17   0.00   0.00  6.667     0.4610E-04
  61 11000.0  0.376  0.381 338.27 338.79 339.20   0.20   0.00   0.00  6.667     0.5046E-04
  60 10750.0  0.387  0.392 337.98 338.60 339.10   0.25   0.00   0.00  6.667     0.5407E-04
  59 10500.0  0.397  0.403 337.66 338.41 339.00   0.30   0.00   0.00  6.667     0.5674E-04
  58 10250.0  0.408  0.414 337.32 338.21 338.92   0.36   0.00   0.00  6.667     0.6395E-04
  57 10000.0  0.420  0.425 336.93 337.99 338.82   0.43   0.00   0.00  6.667     0.6831E-04
  56  9750.0  0.431  0.437 336.51 337.76 338.73   0.50   0.00   0.00  6.667     0.7478E-04
  55  9500.0  0.443  0.449 336.05 337.51 338.64   0.58   0.00   0.00  6.667     0.8153E-04
  54  9250.0  0.455  0.461 335.55 337.25 338.54   0.68   0.00   0.00  6.667     0.8508E-04
  53  9000.0  0.468  0.474 335.02 336.98 338.46   0.78   0.00   0.00  6.667     0.9168E-04
  52  8750.0  0.480  0.487 334.44 336.70 338.38   0.90   0.00   0.00  6.667     0.9691E-04
  51  8500.0  0.493  0.500 333.82 336.41 338.30   1.03   0.00   0.00  6.667     0.1009E-03
  50  8250.0  0.507  0.513 333.18 336.11 338.25   1.17   0.00   0.00  6.667     0.1100E-03
  49  8000.0  0.520  0.527 332.47 335.80 338.16   1.33   0.00   0.00  6.667     0.1151E-03
  48  7750.0  0.534  0.542 331.73 335.48 338.08   1.50   0.00   0.00  6.667     0.1223E-03
  47  7500.0  0.549  0.556 330.93 335.15 337.98   1.69   0.00   0.00  6.667     0.1266E-03
  46  7250.0  0.564  0.571 330.10 334.83 337.89   1.89   0.00   0.00  6.667     0.1288E-03
  45  7000.0  0.579  0.587 329.25 334.53 337.83   2.11   0.00   0.00  6.667     0.1320E-03
  44  6750.0  0.595  0.602 328.37 334.25 337.79   2.35   0.00   0.00  6.667     0.1342E-03
  43  6500.0  0.610  0.618 327.47 334.01 337.79   2.62   0.00   0.00  6.667     0.1358E-03
  42  6250.0  0.627  0.635 326.56 333.79 337.82   2.89   0.00   0.00  6.667     0.1389E-03
  41  6000.0  0.643  0.652 325.62 333.63 337.87   3.20   0.00   0.00  6.667     0.1421E-03
  40  5750.0  0.660  0.669 324.65 333.49 337.93   3.53   0.00   0.00  6.596     0.1461E-03
  39  5505.3  0.677  0.686 323.67 333.37 338.00   3.88   0.00   0.00  6.526     0.1508E-03
  38  5260.5  0.695  0.703 322.66 333.30 338.05   4.26   0.00   0.00  6.386     0.1517E-03
  37  5026.3  0.712  0.721 321.67 333.26 338.14   4.64   0.00   0.00  6.246     0.1508E-03
  36  4792.1  0.729  0.738 320.69 333.31 338.29   5.05   0.00   0.00  6.105     0.1504E-03
  35  4568.4  0.746  0.755 319.75 333.40 338.49   5.46   0.00   0.00  5.965     0.1508E-03
  34  4344.7  0.764  0.772 318.81 333.53 338.72   5.89   0.00   0.00  5.825     0.1526E-03
  33  4131.6  0.780  0.789 317.89 333.70 338.97   6.32   0.00   0.00  5.684     0.1543E-03
  32  3918.4  0.797  0.806 316.96 333.88 339.23   6.77   0.00   0.00  5.544     0.1529E-03
  31  3715.8  0.814  0.823 316.08 334.13 339.54   7.22   0.00   0.00  5.404     0.1538E-03
  30  3513.2  0.831  0.839 315.19 334.38 339.88   7.67   0.00   0.00  5.263     0.1536E-03
  29  3321.1  0.847  0.855 314.35 334.68 340.24   8.13   0.00   0.00  5.123     0.1536E-03
  28  3128.9  0.863  0.871 313.50 334.85 340.64   8.54   0.00   0.00  4.982     0.1504E-03
  27  2947.4  0.879  0.887 312.71 334.62 341.10   8.76   0.00   0.00  4.842     0.1506E-03
  26  2765.8  0.895  0.903 311.92 334.33 341.59   8.96   0.00   0.00  4.702     0.1488E-03
  25  2594.7  0.911  0.919 311.18 334.02 342.12   9.13   0.00   0.00  4.561     0.1500E-03
  24  2423.7  0.926  0.934 310.43 333.67 342.66   9.29   0.00   0.00  4.421     0.1506E-03
  23  2263.2  0.941  0.949 309.73 333.28 343.20   9.42   0.00   0.00  4.281     0.1515E-03
  22  2102.6  0.956  0.964 309.01 332.86 343.74   9.54   0.00   0.00  4.140     0.1511E-03
  21  1952.6  0.971  0.978 308.35 332.40 344.29   9.62   0.00   0.00  4.000     0.1518E-03
  20  1802.6  0.985  0.992 307.68 332.15 344.85   9.79   0.00   0.00  3.860     0.1503E-03
  19  1663.2  0.999  1.005 307.06 332.42 345.42  10.14   0.00   0.00  3.719     0.1509E-03
  18  1523.7  1.012  1.018 306.43 332.73 346.00  10.52   0.00   0.00  3.579     0.1489E-03
  17  1394.7  1.025  1.031 305.86 333.08 346.59  10.88   0.00   0.00  3.439     0.1500E-03
  16  1265.8  1.037  1.043 305.29 333.43 347.18  11.26   0.00   0.00  3.298     0.1497E-03
  15  1147.4  1.049  1.055 304.76 333.81 347.75  11.62   0.00   0.00  3.158     0.1500E-03
  14  1028.9  1.061  1.067 304.22 334.19 348.33  11.98   0.00   0.00  3.018     0.1427E-03
  13   921.1  1.072  1.078 303.76 334.59 348.96  12.33   0.00   0.00  2.877     0.1420E-03
  12   813.2  1.083  1.088 303.30 334.98 349.63  12.67   0.00   0.00  2.737     0.1225E-03
  11   715.8  1.093  1.098 302.94 335.39 350.47  12.98   0.00   0.00  2.596     0.1214E-03
  10   618.4  1.103  1.107 302.59 335.80 351.34  13.28   0.00   0.00  2.456     0.6509E-04
   9   531.6  1.111  1.115 302.42 336.29 352.75  13.55   0.00   0.00  2.316     0.6205E-04
   8   444.7  1.119  1.123 302.25 336.78 354.23  13.81   0.00   0.00  2.175     0.2463E-04
   7   368.4  1.126  1.130 302.20 337.24 355.94  14.02   0.00   0.00  2.035     0.2330E-04
   6   292.1  1.133  1.136 302.14 337.72 357.72  14.23   0.00   0.00  1.895     0.7474E-05
   5   226.3  1.139  1.142 302.13 338.18 359.43  14.42   0.00   0.00  1.754    -0.5889E-05
   4   160.5  1.145  1.147 302.14 338.76 361.32  14.64   0.00   0.00  1.614    -0.4931E-04
   3   105.3  1.150  1.152 302.22 339.60 363.28  14.95   0.00   0.00  1.474    -0.1300E-03
   2    50.0  1.153  1.154 302.44 341.53 365.96  15.63   0.00   0.00  1.070    -0.2549E-03
   1    25.0  1.155  1.156 302.64 343.10 367.68  16.18   0.00   0.00  1.000      0.000    
  k      z    rho     rhoi    s      h     h*      qt      u      v     adz     
 Nsq
 
   k      z      dz     pres   presi   Tabs     tp     tpl      qt      Qc      
 Qi      REL
 128 27750.00  250.00   17.51   17.84  227.89  724.29  724.29  0.0027  0.0000  0.0000    0.07
 127 27500.00  250.00   18.18   18.52  227.76  716.18  716.18  0.0027  0.0000  0.0000    0.07
 126 27250.00  250.00   18.87   19.23  227.64  708.15  708.15  0.0027  0.0000  0.0000    0.08
 125 27000.00  250.00   19.59   19.96  227.49  700.12  700.12  0.0027  0.0000  0.0000    0.08
 124 26750.00  250.00   20.34   20.73  227.31  692.10  692.10  0.0027  0.0000  0.0000    0.09
 123 26500.00  250.00   21.12   21.52  227.12  684.13  684.13  0.0027  0.0000  0.0000    0.09
 122 26250.00  250.00   21.93   22.35  226.90  676.16  676.16  0.0027  0.0000  0.0000    0.10
 121 26000.00  250.00   22.77   23.21  226.66  668.19  668.19  0.0027  0.0000  0.0000    0.10
 120 25750.00  250.00   23.65   24.10  226.38  660.23  660.23  0.0027  0.0000  0.0000    0.11
 119 25500.00  250.00   24.56   25.03  226.19  652.59  652.59  0.0027  0.0000  0.0000    0.12
 118 25250.00  250.00   25.51   25.99  225.98  644.97  644.97  0.0027  0.0000  0.0000    0.12
 117 25000.00  250.00   26.49   27.00  225.73  637.34  637.34  0.0027  0.0000  0.0000    0.13
 116 24750.00  250.00   27.51   28.04  225.46  629.71  629.71  0.0027  0.0000  0.0000    0.14
 115 24500.00  250.00   28.58   29.12  225.16  622.10  622.10  0.0027  0.0000  0.0000    0.15
 114 24250.00  250.00   29.68   30.25  224.84  614.49  614.49  0.0027  0.0000  0.0000    0.16
 113 24000.00  250.00   30.83   31.43  224.48  606.88  606.88  0.0027  0.0000  0.0000    0.18
 112 23750.00  250.00   32.03   32.65  224.10  599.29  599.29  0.0027  0.0000  0.0000    0.19
 111 23500.00  250.00   33.28   33.92  223.72  591.79  591.79  0.0027  0.0000  0.0000    0.21
 110 23250.00  250.00   34.57   35.24  223.31  584.29  584.29  0.0027  0.0000  0.0000    0.23
 109 23000.00  250.00   35.92   36.62  222.87  576.78  576.78  0.0027  0.0000  0.0000    0.25
 108 22750.00  250.00   37.33   38.05  222.37  569.21  569.21  0.0027  0.0000  0.0000    0.27
 107 22500.00  250.00   38.79   39.55  221.83  561.60  561.60  0.0027  0.0000  0.0000    0.30
 106 22250.00  250.00   40.32   41.11  221.25  553.99  553.99  0.0027  0.0000  0.0000    0.34
 105 22000.00  250.00   41.91   42.73  220.64  546.40  546.40  0.0027  0.0000  0.0000    0.37
 104 21750.00  250.00   43.57   44.42  220.01  538.83  538.83  0.0027  0.0000  0.0000    0.42
 103 21500.00  250.00   45.29   46.19  219.35  531.26  531.26  0.0027  0.0000  0.0000    0.47
 102 21250.00  250.00   47.10   48.03  218.66  523.72  523.72  0.0027  0.0000  0.0000    0.53
 101 21000.00  250.00   48.98   49.95  217.94  516.19  516.19  0.0027  0.0000  0.0000    0.60
 100 20750.00  250.00   50.94   51.95  217.18  508.66  508.66  0.0027  0.0000  0.0000    0.69
  99 20500.00  250.00   52.99   54.04  216.39  501.12  501.12  0.0027  0.0000  0.0000    0.79
  98 20250.00  250.00   55.13   56.23  215.56  493.58  493.58  0.0027  0.0000  0.0000    0.91
  97 20000.00  250.00   57.36   58.51  214.70  486.06  486.06  0.0027  0.0000  0.0000    1.06
  96 19750.00  250.00   59.69   60.90  213.82  478.59  478.59  0.0027  0.0000  0.0000    1.23
  95 19500.00  250.00   62.13   63.39  212.90  471.10  471.10  0.0027  0.0000  0.0000    1.44
  94 19250.00  250.00   64.68   66.00  211.91  463.54  463.54  0.0027  0.0000  0.0000    1.71
  93 19000.00  250.00   67.35   68.73  210.88  455.99  455.99  0.0027  0.0000  0.0000    2.05
  92 18750.00  250.00   70.14   71.59  209.81  448.45  448.45  0.0027  0.0000  0.0000    2.46
  91 18500.00  250.00   73.07   74.58  208.74  440.98  440.98  0.0027  0.0000  0.0000    2.98
  90 18250.00  250.00   76.13   77.71  207.66  433.59  433.59  0.0027  0.0000  0.0000    3.61
  89 18000.00  250.00   79.33   80.99  206.75  426.62  426.62  0.0027  0.0000  0.0000    4.29
  88 17750.00  250.00   82.69   84.42  205.96  419.99  419.99  0.0027  0.0000  0.0000    5.00
  87 17500.00  250.00   86.20   88.01  205.26  413.62  413.62  0.0020  0.0000  0.0000    4.26
  86 17250.00  250.00   89.87   91.76  204.56  407.33  407.33  0.0010  0.0000  0.0000    2.45
  85 17000.00  250.00   93.71   95.69  203.80  400.99  400.99  0.0010  0.0000  0.0000    2.84
  84 16750.00  250.00   97.73   99.81  203.04  394.72  394.72  0.0010  0.0000  0.0000    3.29
  83 16500.00  250.00  101.94  104.11  202.41  388.79  388.79  0.0010  0.0000  0.0000    3.73
  82 16250.00  250.00  106.34  108.61  202.00  383.33  383.33  0.0010  0.0000  0.0000    4.11
  81 16000.00  250.00  110.93  113.31  201.76  378.28  378.28  0.0010  0.0000  0.0000    4.42
  80 15750.00  250.00  115.73  118.21  201.65  373.52  373.52  0.0010  0.0000  0.0000    4.67
  79 15500.00  250.00  120.74  123.33  201.61  368.94  368.94  0.0010  0.0000  0.0000    4.90
  78 15250.00  250.00  125.97  128.67  201.62  364.53  364.53  0.0010  0.0000  0.0000    5.10
  77 15000.00  250.00  131.42  134.24  201.70  360.28  360.28  0.0010  0.0000  0.0000    5.27
  76 14750.00  250.00  137.11  140.04  201.99  356.46  356.46  0.0010  0.0000  0.0000    5.30
  75 14500.00  250.00  143.02  146.07  202.61  353.27  353.27  0.0013  0.0000  0.0000    6.63
  74 14250.00  250.00  149.17  152.33  203.64  350.80  350.80  0.0021  0.0000  0.0000    9.73
  73 14000.00  250.00  155.54  158.81  205.29  349.45  349.45  0.0029  0.0000  0.0000   11.11
  72 13750.00  250.00  162.12  165.49  207.17  348.51  348.51  0.0037  0.0000  0.0000   11.30
  71 13500.00  250.00  168.91  172.40  209.16  347.74  347.74  0.0044  0.0000  0.0000   10.60
  70 13250.00  250.00  175.92  179.51  211.22  347.11  347.11  0.0055  0.0000  0.0000   10.40
  69 13000.00  250.00  183.14  186.85  213.36  346.62  346.62  0.0076  0.0000  0.0000   11.27
  68 12750.00  250.00  190.59  194.40  215.53  346.18  346.18  0.0089  0.0000  0.0000   10.41
  67 12500.00  250.00  198.26  202.19  217.67  345.69  345.69  0.0243  0.0000  0.0000   22.73
  66 12250.00  250.00  206.16  210.20  219.80  345.19  345.19  0.0638  0.0000  0.0000   48.11
  65 12000.00  250.00  214.29  218.45  222.02  344.85  344.85  0.0870  0.0000  0.0000   52.66
  64 11750.00  250.00  222.65  226.94  224.24  344.50  344.50  0.1090  0.0000  0.0000   53.31
  63 11500.00  250.00  231.26  235.66  226.43  344.13  344.13  0.1355  0.0000  0.0000   53.96
  62 11250.00  250.00  240.11  244.64  228.62  343.74  343.74  0.1682  0.0000  0.0000   54.86
  61 11000.00  250.00  249.21  253.86  230.79  343.34  343.34  0.2047  0.0000  0.0000   55.00
  60 10750.00  250.00  258.56  263.35  232.94  342.90  342.90  0.2492  0.0000  0.0000   55.55
  59 10500.00  250.00  268.18  273.10  235.06  342.43  342.43  0.3006  0.0000  0.0000   55.95
  58 10250.00  250.00  278.06  283.11  237.16  341.94  341.94  0.3569  0.0000  0.0000   55.77
  57 10000.00  250.00  288.21  293.41  239.22  341.38  341.38  0.4257  0.0000  0.0000   56.31
  56  9750.00  250.00  298.65  303.98  241.25  340.79  340.79  0.5006  0.0000  0.0000   56.40
  55  9500.00  250.00  309.37  314.85  243.23  340.15  340.15  0.5844  0.0000  0.0000   56.49
  54  9250.00  250.00  320.38  326.01  245.17  339.45  339.45  0.6808  0.0000  0.0000   56.87
  53  9000.00  250.00  331.69  337.48  247.08  338.72  338.72  0.7843  0.0000  0.0000   56.91
  52  8750.00  250.00  343.32  349.26  248.94  337.93  337.93  0.9023  0.0000  0.0000   57.26
  51  8500.00  250.00  355.25  361.36  250.77  337.10  337.10  1.0324  0.0000  0.0000   57.63
  50  8250.00  250.00  367.52  373.78  252.57  336.24  336.24  1.1709  0.0000  0.0000   57.77
  49  8000.00  250.00  380.11  386.54  254.30  335.30  335.30  1.3310  0.0000  0.0000   58.49
  48  7750.00  250.00  393.04  399.65  256.00  334.33  334.33  1.5016  0.0000  0.0000   59.08
  47  7500.00  250.00  406.33  413.12  257.65  333.29  333.29  1.6871  0.0000  0.0000   59.80
  46  7250.00  250.00  419.97  426.94  259.26  332.23  332.23  1.8938  0.0000  0.0000   60.74
  45  7000.00  250.00  433.98  441.14  260.85  331.15  331.15  2.1123  0.0000  0.0000   61.50
  44  6750.00  250.00  448.37  455.72  262.41  330.04  330.04  2.3545  0.0000  0.0000   62.45
  43  6500.00  250.00  463.15  470.69  263.96  328.92  328.92  2.6171  0.0000  0.0000   63.43
  42  6250.00  250.00  478.32  486.06  265.49  327.79  327.79  2.8931  0.0000  0.0000   64.24
  41  6000.00  250.00  493.89  501.84  266.99  326.64  326.64  3.2046  0.0000  0.0000   65.41
  40  5750.00  247.37  509.87  517.86  268.47  325.47  325.47  3.5342  0.0000  0.0000   66.53
  39  5505.26  244.74  525.93  534.13  269.88  324.30  324.30  3.8789  0.0000  0.0000   67.69
  38  5260.53  239.47  542.41  550.45  271.26  323.09  323.09  4.2577  0.0000  0.0000   69.14
  37  5026.32  234.21  558.57  566.81  272.56  321.93  321.93  4.6354  0.0000  0.0000   70.39
  36  4792.10  228.95  575.13  583.19  273.87  320.79  320.79  5.0458  0.0000  0.0000   71.70
  35  4568.42  223.68  591.32  599.57  275.12  319.70  319.70  5.4571  0.0000  0.0000   72.84
  34  4344.74  218.42  607.89  615.93  276.36  318.61  318.61  5.8875  0.0000  0.0000   73.92
  33  4131.58  213.16  624.04  632.25  277.52  317.57  317.57  6.3230  0.0000  0.0000   75.01
  32  3918.42  207.89  640.54  648.51  278.67  316.52  316.52  6.7677  0.0000  0.0000   75.98
  31  3715.79  202.63  656.55  664.70  279.77  315.53  315.53  7.2183  0.0000  0.0000   76.93
  30  3513.16  197.37  672.90  680.78  280.86  314.54  314.54  7.6744  0.0000  0.0000   77.73
  29  3321.05  192.11  688.72  696.74  281.90  313.61  313.61  8.1300  0.0000  0.0000   78.51
  28  3128.95  186.84  704.83  712.57  282.93  312.68  312.68  8.5407  0.0000  0.0000   78.69
  27  2947.37  181.58  720.36  728.23  283.91  311.82  311.82  8.7614  0.0000  0.0000   77.17
  26  2765.79  176.32  736.17  743.72  284.90  310.97  310.97  8.9634  0.0000  0.0000   75.53
  25  2594.74  171.05  751.32  759.00  285.83  310.17  310.17  9.1337  0.0000  0.0000   73.82
  24  2423.68  165.79  766.73  774.06  286.75  309.37  309.37  9.2926  0.0000  0.0000   72.09
  23  2263.16  160.53  781.44  788.89  287.61  308.62  308.62  9.4199  0.0000  0.0000   70.37
  22  2102.63  155.26  796.38  803.45  288.47  307.87  307.87  9.5359  0.0000  0.0000   68.65
  21  1952.63  150.00  810.56  817.73  289.27  307.17  307.17  9.6205  0.0000  0.0000   66.93
  20  1802.63  144.74  824.95  831.72  290.06  306.46  306.46  9.7862  0.0000  0.0000   65.82
  19  1663.16  139.47  838.52  845.38  290.81  305.82  305.82 10.1432  0.0000  0.0000   66.11
  18  1523.68  134.21  852.28  858.70  291.54  305.17  305.17 10.5168  0.0000  0.0000   66.46
  17  1394.74  128.95  865.16  871.67  292.23  304.59  304.59 10.8843  0.0000  0.0000   66.83
  16  1265.79  123.68  878.20  884.25  292.92  304.00  304.00 11.2574  0.0000  0.0000   67.19
  15  1147.37  118.42  890.33  896.44  293.54  303.46  303.46 11.6199  0.0000  0.0000   67.58
  14  1028.95  113.16  902.59  908.22  294.17  302.92  302.92 11.9847  0.0000  0.0000   67.95
  13   921.05  107.89  913.88  919.57  294.76  302.45  302.45 12.3276  0.0000  0.0000   68.19
  12   813.16  102.63  925.29  930.47  295.36  301.99  301.99 12.6706  0.0000  0.0000   68.39
  11   715.79   97.37  935.68  940.91  295.95  301.63  301.63 12.9778  0.0000  0.0000   68.28
  10   618.42   92.11  946.17  950.88  296.54  301.27  301.27 13.2849  0.0000  0.0000   68.13
   9   531.58   86.84  955.60  960.34  297.22  301.11  301.11 13.5472  0.0000  0.0000   67.30
   8   444.74   81.58  965.10  969.30  297.91  300.95  300.95 13.8089  0.0000  0.0000   66.43
   7   368.42   76.32  973.50  977.73  298.60  300.90  300.90 14.0162  0.0000  0.0000   65.20
   6   292.11   71.05  981.96  985.63  299.29  300.85  300.85 14.2279  0.0000  0.0000   64.01
   5   226.32   65.79  989.30  992.98  299.91  300.84  300.84 14.4198  0.0000  0.0000   62.92
   4   160.53   60.53  996.67  999.78  300.57  300.86  300.86 14.6447  0.0000  0.0000   61.88
   3   105.26   55.26 1002.89 1006.01  301.19  300.94  300.94 14.9495  0.0000  0.0000   61.22
   2    50.00   40.13 1009.13 1010.55  301.95  301.17  301.17 15.6324  0.0000  0.0000   61.53
   1    25.00   37.50 1011.96 1014.80  302.39  301.37  301.37 16.1806  0.0000  0.0000   62.21
   k      z      dz     pres   presi   Tabs     tp     tpl      qt      Qc      
 Qi      REL
 Smagorinsky SGS Closure
 initialize with warm bubble:
 bubble_x0=   128000.000000000     
 bubble_y0=   128000.000000000     
 bubble_z0=  0.000000000000000E+000
 bubble_radius_hor=   30000.0000000000     
 bubble_radius_ver=   3000.00000000000     
 bubble_dtemp=  0.000000000000000E+000
 bubble_dq=  5.000000000000000E-003
 Initializeing forcing data...
 sounding data: nsnd=           3   nzsnd=         128
 Observed sounding interval (days):  0.000000000000000E+000
   2000.00000000000     
 
 Case: bubble
 Caseid: new_frz_P3_256x256x128_Nc0_16_NImax2
 New Run.
 Day:  0.000000000000000E+000
 Model type: CEM
 Finish at timestep:        1440
 Finish on day:  0.500000000000000     
 
 Statistics file ouput frequency:           60  steps
 Statistics file sampling: every           15  steps
 printouts frequency:           4  steps
 Adams-Bashforth scheme order:           3
 
 Global Grid:         256         256         128
 Local Grid:          32          32         128
 Grid spacing (m) dx, dy, dz:   1000.00000000000        1000.00000000000     
   37.5000000000000     
 Domain dimensions (m):   256000.000000000        256000.000000000     
   27750.0000000000     
 dowallx= F
 dowally= F
 
 Timestep (sec):   30.0000000000000     
 domain translation velocities ug, vg:  0.000000000000000E+000
  0.000000000000000E+000
 
 do column model F
 do convective parameterization F
 do spange damping at the domain top:  T
 maintain grad. of scalars at the top: T
 clouds are allowed: T
 precipitation is allowed: T
 smoke cloud F
 SGS scheme is on: T
 larger-scale subsidence is on: F
 larger-scale tendency is on: F
 coriolis force is allowed: F
 vertical coriolis force is allowed: F
 longwave radiation: T
 shortwave radiation: T
 do seasonal solar cycle: F
 do perpetual sun: T
 compute effective radius for liquid: T
 compute effective radius for ice: T
 doradsimple =  F
 doradhomo = F
 dosolarconstant =  T
 solar_constant =    423.500000000000     
 zenith_angle =    42.8900000000000     
 doradlon =  F
 doradlat =  F
 Latitude0:  0.000000000000000E+000
 Longitude0:  0.000000000000000E+000
 rundatadir = ./RUNDATA
 factor to change present CO2 concentration: nxco2=   1.00000000000000     
 surface flux parameterization is on: T
 Surface type: OCEAN
  sensible heat flux prescribed: F
  latent heat flux prescribed: F
  surface stress prescribed: F
 dosfchomo =  F
 doisccp =  T
 domodis =  T
 domisr =  T
 dosimfilesout= F
 dodynamicocean = F
 doseawater= T
 salt_factor (satur. correction for salty water)=  0.981000000000000     
 dotracers = F
 output_sep = F
 perturb_type =            2
 doSAMconditionals = F
 dosatupdnconditionals = T
 doscamiopdata = F
 iopfile:
 dozero_out_day0 = F
 nsave2D =           60
 nsave2Dstart =            0
 nsave2Dend =     99960480
 save2Dbin =  T
 nsave3D =          120
 nsave3Dstart =            0
 nsave3Dend =     99960480
 save3Dbin =  T
 qnsave3D =   0.000000000000000E+000
 docolumn =  F
 doensemble =  F
 nensemble =            0
 nstatmom =         1000
 nstatmomstart =            1
 nstatmomend =            0
 savemombin =  F
 nmovie =         1000
 nmoviestart =     99999999
 nmovieend =     99999999
 Writting 3D data. file:./OUT_3D/bubble_new_frz_P3_256x256x128_Nc0_16_NImax2_64_
 0000000000.bin3D                                                
 Number of statistics profiles:         457
 Statistics profiles to save:
PRES       U          V          UOBS       VOBS       WOBS       RHO        MSE     
DSE        SSE        THETAE     THETA      THETAV     THETAL     TABS       TABSOBS 
TL         QT         QV         QVOBS      TTEND      QTEND      QCL        QCI     
QPL        QPI        QN         QP         QNFR       FRACT      QSAT       QCOND   
PRECIP     RELH       TLFLUX     TLFLUXS    TVFLUX     QCFLUX     QIFLUX     SW      
SWSB       UW         UWSB       VW         VWSB       RADLWUP    RADLWDN    RADSWUP 
RADSWDN    RADQRLW    RADQRSW    RADQR      RADQRS     RADQRC     Q1C        Q1CC    
Q1CS       Q1LS       Q2         Q2C        Q2S        Q2LS       U2         V2      
W2         TL2        TQ         QT2        QC2        QI2        QS2        S2      
W3         AUP        WSKEW      TKE        TKES       TK         TKH        HLADV   
HLDIFF     HLLAT      HLRAD      QTADV      QTDIFF     QTSINK     QTSRC      QPADV   
QPDIFF     QPFALL     QPSRC      QPEVP      SHEAR      SHEARS     BUOYA      BUOYAS  
ADVTR      PRESSTR    ADVTRS     DIFTR      DISSIP     DISSIPS    WUADV      WVADV   
WUPRES     WVPRES     WUANIZ     WVANIZ     WUSHEAR    WVSHEAR    WUBUOY     WVBUOY  
WUDIFF     WVDIFF     W2ADV      W2PRES     W2REDIS    W2BUOY     W2DIFF     TWGRAD  
TWADV      TWDIFF     TWBUOY     TWPRES     TWPREC     QWGRAD     QWADV      QWDIFF  
QWBUOY     QWPRES     QWPREC     T2ADVTR    T2GRAD     T2DISSIP   T2DIFTR    T2PREC  
Q2ADVTR    Q2GRAD     Q2DISSIP   Q2DIFTR    Q2PREC     HYDRO      MCUP       MCDNS   
MCDNU      MC         CORE       CORECL     COREDN     COREDNCL   MCRUP      MCRDNS  
MCRDNU     MCR        QVTEND     QHTEND     QNUDGE     THTEND     TVTEND     TNUDGE  
WSTAR3     UADV       VADV       UDIFF      VDIFF      UNUDGE     VNUDGE     ULSADVV 
VLSADVV    USTOR      VSTOR      UTENDCOR   URESID     VTENDCOR   VRESID     HLSTOR  
QTSTOR     CLDCUMU1   CLDCUMD1   CLDCUMU2   CLDCUMD2   TBIAS      QBIAS      RELHBIAS
UXGRID     VXGRID     TKEDAMP    RADQRCLW   RADQRCSW   SURFVARS   CLD        WCLD    
UCLD       VCLD       MSECLD     DSECLD     TLCLD      TACLD      TVCLD      TVCLDA  
QTCLD      QNCLD      QPCLD      SCLD       WCLDA      TLWCLD     TVWCLD     SWCLD   
QTWCLD     QCWCLD     QIWCLD     HFCLD      HFCLDA     UCLDA      VCLDA      UPGFCLD 
VPGFCLD    WPGFCLD    UWCLD      VWCLD      UWSBCLD    VWSBCLD    MFCLD      MFHCLD  
MFHCLDA    MFTLCLD    MFTLCLDA   MFTVCLD    MFTVCLDA   MFQTCLD    MFQTCLDA   RUWCLD  
RVWCLD     RWWCLD     SUP        WSUP       USUP       VSUP       MSESUP     DSESUP  
TLSUP      TASUP      TVSUP      TVSUPA     QTSUP      QNSUP      QPSUP      SSUP    
WSUPA      TLWSUP     TVWSUP     SWSUP      QTWSUP     QCWSUP     QIWSUP     HFSUP   
HFSUPA     USUPA      VSUPA      UPGFSUP    VPGFSUP    WPGFSUP    UWSUP      VWSUP   
UWSBSUP    VWSBSUP    MFSUP      MFHSUP     MFHSUPA    MFTLSUP    MFTLSUPA   MFTVSUP 
MFTVSUPA   MFQTSUP    MFQTSUPA   RUWSUP     RVWSUP     RWWSUP     SDN        WSDN    
USDN       VSDN       MSESDN     DSESDN     TLSDN      TASDN      TVSDN      TVSDNA  
QTSDN      QNSDN      QPSDN      SSDN       WSDNA      TLWSDN     TVWSDN     SWSDN   
QTWSDN     QCWSDN     QIWSDN     HFSDN      HFSDNA     USDNA      VSDNA      UPGFSDN 
VPGFSDN    WPGFSDN    UWSDN      VWSDN      UWSBSDN    VWSBSDN    MFSDN      MFHSDN  
MFHSDNA    MFTLSDN    MFTLSDNA   MFTVSDN    MFTVSDNA   MFQTSDN    MFQTSDNA   RUWSDN  
RVWSDN     RWWSDN     ENV        WENV       UENV       VENV       MSEENV     DSEENV  
TLENV      TAENV      TVENV      TVENVA     QTENV      QNENV      QPENV      SENV    
WENVA      TLWENV     TVWENV     SWENV      QTWENV     QCWENV     QIWENV     HFENV   
HFENVA     UENVA      VENVA      UPGFENV    VPGFENV    WPGFENV    UWENV      VWENV   
UWSBENV    VWSBENV    MFENV      MFHENV     MFHENVA    MFTLENV    MFTLENVA   MFTVENV 
MFTVENVA   MFQTENV    MFQTENVA   RUWENV     RVWENV     RWWENV     QTFLUX     QTO     
QTO2       QTOADV     QTODIFF    QTOMPHY    QTOSED     QTOSDFLX   QTOSTRG    QTOFLXR 
QTOFLXS    NC         NCADV      NCDIFF     NCMPHY     NCSED      NCSDFLX    NCSTRG  
NCFLXR     NCFLXS     QR         QRADV      QRDIFF     QRMPHY     QRSED      QRSDFLX 
QRSTRG     QRFLXR     QRFLXS     NR         NRADV      NRDIFF     NRMPHY     NRSED   
NRSDFLX    NRSTRG     NRFLXR     NRFLXS     QIA        QIAADV     QIADIFF    QIAMPHY 
QIASED     QIASDFLX   QIASTRG    QIAFLXR    QIAFLXS    TAUQIA     QIAOEFFR   NIA     
NIAADV     NIADIFF    NIAMPHY    NIASED     NIASDFLX   NIASTRG    NIAFLXR    NIAFLXS 
IRA        IRAADV     IRADIFF    IRAMPHY    IRASED     IRASDFLX   IRASTRG    IRAFLXR 
IRAFLXS    IBA        IBAADV     IBADIFF    IBAMPHY    IBASED     IBASDFLX   IBASTRG 
IBAFLXR    IBAFLXS    QC         TAUQC      QCOEFFR    T1         QV1        ninuc   
ninuc2     ninuc3     ncheti     nrheti     nimul      nimlt      nisub      nislf   
nrchomi 
forrtl: File exists
forrtl: severe (10): cannot overwrite existing file, unit 55, file /home/x_cison/SAM/SAM-P3-multi_ci/restore_version/./OUT_STAT/bubble_new_frz_P3_256x256x128_Nc0_16_NImax2.stat
Image              PC                Routine            Line        Source             
libifcoremt.so.5   00001490AD250EE0  for_open              Unknown  Unknown
SAM_ADV_UM5_SGS_T  0000000000450E78  Unknown               Unknown  Unknown
SAM_ADV_UM5_SGS_T  0000000000477109  Unknown               Unknown  Unknown
SAM_ADV_UM5_SGS_T  00000000004068BD  Unknown               Unknown  Unknown
libc.so.6          00001490AB42A610  Unknown               Unknown  Unknown
libc.so.6          00001490AB42A6C0  __libc_start_main     Unknown  Unknown
SAM_ADV_UM5_SGS_T  00000000004067D5  Unknown               Unknown  Unknown
srun: error: n282: task 0: Exited with exit code 10
srun: Terminating StepId=49876690.0
[2026-01-18T22:58:56.650] error: *** STEP 49876690.0 ON n282 CANCELLED AT 2026-01-18T22:58:56 DUE TO TASK FAILURE ***
forrtl: error (78): process killed (SIGTERM)
Image              PC                Routine            Line        Source             
libc.so.6          00001477A183FC30  Unknown               Unknown  Unknown
libmpi.so.12.0.0   00001477A39FF014  Unknown               Unknown  Unknown
libmpi.so.12.0.0   00001477A39DF52B  Unknown               Unknown  Unknown
libmpi.so.12.0.0   00001477A39BAB2A  Unknown               Unknown  Unknown
libmpi.so.12.0.0   00001477A3AC87DD  Unknown               Unknown  Unknown
libmpi.so.12.0.0   00001477A39965CC  PMPI_Allreduce        Unknown  Unknown
libmpifort.so.12.  00001477A5257A50  mpi_allreduce_        Unknown  Unknown
SAM_ADV_UM5_SGS_T  00000000006E764A  Unknown               Unknown  Unknown
SAM_ADV_UM5_SGS_T  00000000004686A4  Unknown               Unknown  Unknown
SAM_ADV_UM5_SGS_T  000000000047729E  Unknown               Unknown  Unknown
SAM_ADV_UM5_SGS_T  00000000004068BD  Unknown               Unknown  Unknown
libc.so.6          00001477A182A610  Unknown               Unknown  Unknown
libc.so.6          00001477A182A6C0  __libc_start_main     Unknown  Unknown
SAM_ADV_UM5_SGS_T  00000000004067D5  Unknown               Unknown  Unknown
forrtl: error (78): process killed (SIGTERM)
Image              PC                Routine            Line        Source             
libc.so.6          00001467DCE3FC30  Unknown               Unknown  Unknown
libmpi.so.12.0.0   00001467DF0720C9  Unknown               Unknown  Unknown
libmpi.so.12.0.0   00001467DF066435  Unknown               Unknown  Unknown
libmpi.so.12.0.0   00001467DEF987EA  Unknown               Unknown  Unknown
libmpi.so.12.0.0   00001467DEF73B2A  Unknown               Unknown  Unknown
libmpi.so.12.0.0   00001467DF0817DD  Unknown               Unknown  Unknown
libmpi.so.12.0.0   00001467DEF4F5CC  PMPI_Allreduce        Unknown  Unknown
libmpifort.so.12.  00001467E0810A50  mpi_allreduce_        Unknown  Unknown
SAM_ADV_UM5_SGS_T  00000000006E764A  Unknown               Unknown  Unknown
SAM_ADV_UM5_SGS_T  00000000004686A4  Unknown               Unknown  Unknown
SAM_ADV_UM5_SGS_T  000000000047729E  Unknown               Unknown  Unknown
SAM_ADV_UM5_SGS_T  00000000004068BD  Unknown               Unknown  Unknown
libc.so.6          00001467DCE2A610  Unknown               Unknown  Unknown
libc.so.6          00001467DCE2A6C0  __libc_start_main     Unknown  Unknown
SAM_ADV_UM5_SGS_T  00000000004067D5  Unknown               Unknown  Unknown
forrtl: error (78): process killed (SIGTERM)
Image              PC                Routine            Line        Source             
libc.so.6          000014E10D23FC30  Unknown               Unknown  Unknown
libmpi.so.12.0.0   000014E10F4F20C9  Unknown               Unknown  Unknown
libmpi.so.12.0.0   000014E10F4E6435  Unknown               Unknown  Unknown
libmpi.so.12.0.0   000014E10F4187EA  Unknown               Unknown  Unknown
libmpi.so.12.0.0   000014E10F3F3B2A  Unknown               Unknown  Unknown
libmpi.so.12.0.0   000014E10F5017DD  Unknown               Unknown  Unknown
libmpi.so.12.0.0   000014E10F3CF5CC  PMPI_Allreduce        Unknown  Unknown
libmpifort.so.12.  000014E110C90A50  mpi_allreduce_        Unknown  Unknown
SAM_ADV_UM5_SGS_T  00000000006E764A  Unknown               Unknown  Unknown
SAM_ADV_UM5_SGS_T  00000000004686A4  Unknown               Unknown  Unknown
SAM_ADV_UM5_SGS_T  000000000047729E  Unknown               Unknown  Unknown
SAM_ADV_UM5_SGS_T  00000000004068BD  Unknown               Unknown  Unknown
libc.so.6          000014E10D22A610  Unknown               Unknown  Unknown
libc.so.6          000014E10D22A6C0  __libc_start_main     Unknown  Unknown
SAM_ADV_UM5_SGS_T  00000000004067D5  Unknown               Unknown  Unknown
forrtl: error (78): process killed (SIGTERM)
Image              PC                Routine            Line        Source             
libc.so.6          0000154DD0E3FC30  Unknown               Unknown  Unknown
libmpi.so.12.0.0   0000154DD2FFC0C9  Unknown               Unknown  Unknown
libmpi.so.12.0.0   0000154DD2FF0435  Unknown               Unknown  Unknown
libmpi.so.12.0.0   0000154DD2F227EA  Unknown               Unknown  Unknown
libmpi.so.12.0.0   0000154DD2EFDB2A  Unknown               Unknown  Unknown
libmpi.so.12.0.0   0000154DD300B7DD  Unknown               Unknown  Unknown
libmpi.so.12.0.0   0000154DD2ED95CC  PMPI_Allreduce        Unknown  Unknown
libmpifort.so.12.  0000154DD479AA50  mpi_allreduce_        Unknown  Unknown
SAM_ADV_UM5_SGS_T  00000000006E764A  Unknown               Unknown  Unknown
SAM_ADV_UM5_SGS_T  00000000004686A4  Unknown               Unknown  Unknown
SAM_ADV_UM5_SGS_T  000000000047729E  Unknown               Unknown  Unknown
SAM_ADV_UM5_SGS_T  00000000004068BD  Unknown               Unknown  Unknown
libc.so.6          0000154DD0E2A610  Unknown               Unknown  Unknown
libc.so.6          0000154DD0E2A6C0  __libc_start_main     Unknown  Unknown
SAM_ADV_UM5_SGS_T  00000000004067D5  Unknown               Unknown  Unknown
forrtl: error (78): process killed (SIGTERM)
Image              PC                Routine            Line        Source             
libc.so.6          000015553F43FC30  Unknown               Unknown  Unknown
libmpi.so.12.0.0   00001555416790C9  Unknown               Unknown  Unknown
libmpi.so.12.0.0   000015554166D435  Unknown               Unknown  Unknown
libmpi.so.12.0.0   000015554159F7EA  Unknown               Unknown  Unknown
libmpi.so.12.0.0   000015554157AB2A  Unknown               Unknown  Unknown
libmpi.so.12.0.0   00001555416887DD  Unknown               Unknown  Unknown
libmpi.so.12.0.0   00001555415565CC  PMPI_Allreduce        Unknown  Unknown
libmpifort.so.12.  0000155542E17A50  mpi_allreduce_        Unknown  Unknown
SAM_ADV_UM5_SGS_T  00000000006E764A  Unknown               Unknown  Unknown
SAM_ADV_UM5_SGS_T  00000000004686A4  Unknown               Unknown  Unknown
SAM_ADV_UM5_SGS_T  000000000047729E  Unknown               Unknown  Unknown
SAM_ADV_UM5_SGS_T  00000000004068BD  Unknown               Unknown  Unknown
libc.so.6          000015553F42A610  Unknown               Unknown  Unknown
libc.so.6          000015553F42A6C0  __libc_start_main     Unknown  Unknown
SAM_ADV_UM5_SGS_T  00000000004067D5  Unknown               Unknown  Unknown
forrtl: error (78): process killed (SIGTERM)
Image              PC                Routine            Line        Source             
libc.so.6          000014DF2323FC30  Unknown               Unknown  Unknown
libmpi.so.12.0.0   000014DF255140C9  Unknown               Unknown  Unknown
libmpi.so.12.0.0   000014DF25508435  Unknown               Unknown  Unknown
libmpi.so.12.0.0   000014DF2543A7EA  Unknown               Unknown  Unknown
libmpi.so.12.0.0   000014DF25415B2A  Unknown               Unknown  Unknown
libmpi.so.12.0.0   000014DF255237DD  Unknown               Unknown  Unknown
libmpi.so.12.0.0   000014DF253F15CC  PMPI_Allreduce        Unknown  Unknown
libmpifort.so.12.  000014DF26CB2A50  mpi_allreduce_        Unknown  Unknown
SAM_ADV_UM5_SGS_T  00000000006E764A  Unknown               Unknown  Unknown
SAM_ADV_UM5_SGS_T  00000000004686A4  Unknown               Unknown  Unknown
SAM_ADV_UM5_SGS_T  000000000047729E  Unknown               Unknown  Unknown
SAM_ADV_UM5_SGS_T  00000000004068BD  Unknown               Unknown  Unknown
libc.so.6          000014DF2322A610  Unknown               Unknown  Unknown
libc.so.6          000014DF2322A6C0  __libc_start_main     Unknown  Unknown
SAM_ADV_UM5_SGS_T  00000000004067D5  Unknown               Unknown  Unknown
forrtl: error (78): process killed (SIGTERM)
Image              PC                Routine            Line        Source             
libc.so.6          000014D30AE3FC30  Unknown               Unknown  Unknown
libmpi.so.12.0.0   000014D30D1170C9  Unknown               Unknown  Unknown
libmpi.so.12.0.0   000014D30D10B435  Unknown               Unknown  Unknown
libmpi.so.12.0.0   000014D30D03D7EA  Unknown               Unknown  Unknown
libmpi.so.12.0.0   000014D30D018B2A  Unknown               Unknown  Unknown
libmpi.so.12.0.0   000014D30D1267DD  Unknown               Unknown  Unknown
libmpi.so.12.0.0   000014D30CFF45CC  PMPI_Allreduce        Unknown  Unknown
libmpifort.so.12.  000014D30E8B5A50  mpi_allreduce_        Unknown  Unknown
SAM_ADV_UM5_SGS_T  00000000006E764A  Unknown               Unknown  Unknown
SAM_ADV_UM5_SGS_T  00000000004686A4  Unknown               Unknown  Unknown
SAM_ADV_UM5_SGS_T  000000000047729E  Unknown               Unknown  Unknown
SAM_ADV_UM5_SGS_T  00000000004068BD  Unknown               Unknown  Unknown
libc.so.6          000014D30AE2A610  Unknown               Unknown  Unknown
libc.so.6          000014D30AE2A6C0  __libc_start_main     Unknown  Unknown
SAM_ADV_UM5_SGS_T  00000000004067D5  Unknown               Unknown  Unknown
forrtl: error (78): process killed (SIGTERM)
Image              PC                Routine            Line        Source             
libc.so.6          000014B838A3FC30  Unknown               Unknown  Unknown
libmpi.so.12.0.0   000014B83ACE30C9  Unknown               Unknown  Unknown
libmpi.so.12.0.0   000014B83ACD7435  Unknown               Unknown  Unknown
libmpi.so.12.0.0   000014B83AC097EA  Unknown               Unknown  Unknown
libmpi.so.12.0.0   000014B83ABE4B2A  Unknown               Unknown  Unknown
libmpi.so.12.0.0   000014B83ACF27DD  Unknown               Unknown  Unknown
libmpi.so.12.0.0   000014B83ABC05CC  PMPI_Allreduce        Unknown  Unknown
libmpifort.so.12.  000014B83C481A50  mpi_allreduce_        Unknown  Unknown
SAM_ADV_UM5_SGS_T  00000000006E764A  Unknown               Unknown  Unknown
SAM_ADV_UM5_SGS_T  00000000004686A4  Unknown               Unknown  Unknown
SAM_ADV_UM5_SGS_T  000000000047729E  Unknown               Unknown  Unknown
SAM_ADV_UM5_SGS_T  00000000004068BD  Unknown               Unknown  Unknown
libc.so.6          000014B838A2A610  Unknown               Unknown  Unknown
libc.so.6          000014B838A2A6C0  __libc_start_main     Unknown  Unknown
SAM_ADV_UM5_SGS_T  00000000004067D5  Unknown               Unknown  Unknown
forrtl: error (78): process killed (SIGTERM)
Image              PC                Routine            Line        Source             
libc.so.6          000014C42BC3FC30  Unknown               Unknown  Unknown
libmpi.so.12.0.0   000014C42DF540C9  Unknown               Unknown  Unknown
libmpi.so.12.0.0   000014C42DF48435  Unknown               Unknown  Unknown
libmpi.so.12.0.0   000014C42DE7A7EA  Unknown               Unknown  Unknown
libmpi.so.12.0.0   000014C42DE55B2A  Unknown               Unknown  Unknown
libmpi.so.12.0.0   000014C42DF637DD  Unknown               Unknown  Unknown
libmpi.so.12.0.0   000014C42DE315CC  PMPI_Allreduce        Unknown  Unknown
libmpifort.so.12.  000014C42F6F2A50  mpi_allreduce_        Unknown  Unknown
SAM_ADV_UM5_SGS_T  00000000006E764A  Unknown               Unknown  Unknown
SAM_ADV_UM5_SGS_T  00000000004686A4  Unknown               Unknown  Unknown
SAM_ADV_UM5_SGS_T  000000000047729E  Unknown               Unknown  Unknown
SAM_ADV_UM5_SGS_T  00000000004068BD  Unknown               Unknown  Unknown
libc.so.6          000014C42BC2A610  Unknown               Unknown  Unknown
libc.so.6          000014C42BC2A6C0  __libc_start_main     Unknown  Unknown
SAM_ADV_UM5_SGS_T  00000000004067D5  Unknown               Unknown  Unknown
forrtl: error (78): process killed (SIGTERM)
Image              PC                Routine            Line        Source             
libc.so.6          000014FB5C83FC30  Unknown               Unknown  Unknown
libmpi.so.12.0.0   000014FB5EB880C9  Unknown               Unknown  Unknown
libmpi.so.12.0.0   000014FB5EB7C435  Unknown               Unknown  Unknown
libmpi.so.12.0.0   000014FB5EAAE7EA  Unknown               Unknown  Unknown
libmpi.so.12.0.0   000014FB5EA89B2A  Unknown               Unknown  Unknown
libmpi.so.12.0.0   000014FB5EB977DD  Unknown               Unknown  Unknown
libmpi.so.12.0.0   000014FB5EA655CC  PMPI_Allreduce        Unknown  Unknown
libmpifort.so.12.  000014FB60326A50  mpi_allreduce_        Unknown  Unknown
SAM_ADV_UM5_SGS_T  00000000006E764A  Unknown               Unknown  Unknown
SAM_ADV_UM5_SGS_T  00000000004686A4  Unknown               Unknown  Unknown
SAM_ADV_UM5_SGS_T  000000000047729E  Unknown               Unknown  Unknown
SAM_ADV_UM5_SGS_T  00000000004068BD  Unknown               Unknown  Unknown
libc.so.6          000014FB5C82A610  Unknown               Unknown  Unknown
libc.so.6          000014FB5C82A6C0  __libc_start_main     Unknown  Unknown
SAM_ADV_UM5_SGS_T  00000000004067D5  Unknown               Unknown  Unknown
forrtl: error (78): process killed (SIGTERM)
Image              PC                Routine            Line        Source             
libc.so.6          000014CDA7E3FC30  Unknown               Unknown  Unknown
libmpi.so.12.0.0   000014CDA9FE10C9  Unknown               Unknown  Unknown
libmpi.so.12.0.0   000014CDA9FD5435  Unknown               Unknown  Unknown
libmpi.so.12.0.0   000014CDA9F077EA  Unknown               Unknown  Unknown
libmpi.so.12.0.0   000014CDA9EE2B2A  Unknown               Unknown  Unknown
libmpi.so.12.0.0   000014CDA9FF07DD  Unknown               Unknown  Unknown
libmpi.so.12.0.0   000014CDA9EBE5CC  PMPI_Allreduce        Unknown  Unknown
libmpifort.so.12.  000014CDAB77FA50  mpi_allreduce_        Unknown  Unknown
SAM_ADV_UM5_SGS_T  00000000006E764A  Unknown               Unknown  Unknown
SAM_ADV_UM5_SGS_T  00000000004686A4  Unknown               Unknown  Unknown
SAM_ADV_UM5_SGS_T  000000000047729E  Unknown               Unknown  Unknown
SAM_ADV_UM5_SGS_T  00000000004068BD  Unknown               Unknown  Unknown
libc.so.6          000014CDA7E2A610  Unknown               Unknown  Unknown
libc.so.6          000014CDA7E2A6C0  __libc_start_main     Unknown  Unknown
SAM_ADV_UM5_SGS_T  00000000004067D5  Unknown               Unknown  Unknown
forrtl: error (78): process killed (SIGTERM)
Image              PC                Routine            Line        Source             
libc.so.6          000014741563FC30  Unknown               Unknown  Unknown
libmpi.so.12.0.0   00001474177DE0C9  Unknown               Unknown  Unknown
libmpi.so.12.0.0   00001474177D2435  Unknown               Unknown  Unknown
libmpi.so.12.0.0   00001474177047EA  Unknown               Unknown  Unknown
libmpi.so.12.0.0   00001474176DFB2A  Unknown               Unknown  Unknown
libmpi.so.12.0.0   00001474177ED7DD  Unknown               Unknown  Unknown
libmpi.so.12.0.0   00001474176BB5CC  PMPI_Allreduce        Unknown  Unknown
libmpifort.so.12.  0000147418F7CA50  mpi_allreduce_        Unknown  Unknown
SAM_ADV_UM5_SGS_T  00000000006E764A  Unknown               Unknown  Unknown
SAM_ADV_UM5_SGS_T  00000000004686A4  Unknown               Unknown  Unknown
SAM_ADV_UM5_SGS_T  000000000047729E  Unknown               Unknown  Unknown
SAM_ADV_UM5_SGS_T  00000000004068BD  Unknown               Unknown  Unknown
libc.so.6          000014741562A610  Unknown               Unknown  Unknown
libc.so.6          000014741562A6C0  __libc_start_main     Unknown  Unknown
SAM_ADV_UM5_SGS_T  00000000004067D5  Unknown               Unknown  Unknown
forrtl: error (78): process killed (SIGTERM)
Image              PC                Routine            Line        Source             
libc.so.6          000014823AA3FC30  Unknown               Unknown  Unknown
libmpi.so.12.0.0   000014823CD020C9  Unknown               Unknown  Unknown
libmpi.so.12.0.0   000014823CCF6435  Unknown               Unknown  Unknown
libmpi.so.12.0.0   000014823CC287EA  Unknown               Unknown  Unknown
libmpi.so.12.0.0   000014823CC03B2A  Unknown               Unknown  Unknown
libmpi.so.12.0.0   000014823CD117DD  Unknown               Unknown  Unknown
libmpi.so.12.0.0   000014823CBDF5CC  PMPI_Allreduce        Unknown  Unknown
libmpifort.so.12.  000014823E4A0A50  mpi_allreduce_        Unknown  Unknown
SAM_ADV_UM5_SGS_T  00000000006E764A  Unknown               Unknown  Unknown
SAM_ADV_UM5_SGS_T  00000000004686A4  Unknown               Unknown  Unknown
SAM_ADV_UM5_SGS_T  000000000047729E  Unknown               Unknown  Unknown
SAM_ADV_UM5_SGS_T  00000000004068BD  Unknown               Unknown  Unknown
libc.so.6          000014823AA2A610  Unknown               Unknown  Unknown
libc.so.6          000014823AA2A6C0  __libc_start_main     Unknown  Unknown
SAM_ADV_UM5_SGS_T  00000000004067D5  Unknown               Unknown  Unknown
forrtl: error (78): process killed (SIGTERM)
Image              PC                Routine            Line        Source             
libc.so.6          0000146B3A03FC30  Unknown               Unknown  Unknown
libmpi.so.12.0.0   0000146B3C25C0C9  Unknown               Unknown  Unknown
libmpi.so.12.0.0   0000146B3C250435  Unknown               Unknown  Unknown
libmpi.so.12.0.0   0000146B3C1827EA  Unknown               Unknown  Unknown
libmpi.so.12.0.0   0000146B3C15DB2A  Unknown               Unknown  Unknown
libmpi.so.12.0.0   0000146B3C26B7DD  Unknown               Unknown  Unknown
libmpi.so.12.0.0   0000146B3C1395CC  PMPI_Allreduce        Unknown  Unknown
libmpifort.so.12.  0000146B3D9FAA50  mpi_allreduce_        Unknown  Unknown
SAM_ADV_UM5_SGS_T  00000000006E764A  Unknown               Unknown  Unknown
SAM_ADV_UM5_SGS_T  00000000004686A4  Unknown               Unknown  Unknown
SAM_ADV_UM5_SGS_T  000000000047729E  Unknown               Unknown  Unknown
forrtl: error (78): process killed (SIGTERM)
Image              PC                Routine            Line        Source             
libc.so.6          000014700583FC30  Unknown               Unknown  Unknown
libmpi.so.12.0.0   0000147007B3B0C9  Unknown               Unknown  Unknown
libmpi.so.12.0.0   0000147007B2F435  Unknown               Unknown  Unknown
libmpi.so.12.0.0   0000147007A617EA  Unknown               Unknown  Unknown
libmpi.so.12.0.0   0000147007A3CB2A  Unknown               Unknown  Unknown
libmpi.so.12.0.0   0000147007B4A7DD  Unknown               Unknown  Unknown
libmpi.so.12.0.0   0000147007A185CC  PMPI_Allreduce        Unknown  Unknown
libmpifort.so.12.  00001470092D9A50  mpi_allreduce_        Unknown  Unknown
SAM_ADV_UM5_SGS_T  00000000006E764A  Unknown               Unknown  Unknown
SAM_ADV_UM5_SGS_T  00000000004686A4  Unknown               Unknown  Unknown
SAM_ADV_UM5_SGS_T  000000000047729E  Unknown               Unknown  Unknown
SAM_ADV_UM5_SGS_T  00000000004068BD  Unknown               Unknown  Unknown
libc.so.6          0000146B3A02A610  Unknown               Unknown  Unknown
libc.so.6          0000146B3A02A6C0  __libc_start_main     Unknown  Unknown
SAM_ADV_UM5_SGS_T  00000000004067D5  Unknown               Unknown  Unknown
SAM_ADV_UM5_SGS_T  00000000004068BD  Unknown               Unknown  Unknown
libc.so.6          000014700582A610  Unknown               Unknown  Unknown
libc.so.6          000014700582A6C0  __libc_start_main     Unknown  Unknown
SAM_ADV_UM5_SGS_T  00000000004067D5  Unknown               Unknown  Unknown
forrtl: error (78): process killed (SIGTERM)
Image              PC                Routine            Line        Source             
libc.so.6          000014EC1523FC30  Unknown               Unknown  Unknown
libmpi.so.12.0.0   000014EC175510C9  Unknown               Unknown  Unknown
libmpi.so.12.0.0   000014EC17545435  Unknown               Unknown  Unknown
libmpi.so.12.0.0   000014EC174777EA  Unknown               Unknown  Unknown
libmpi.so.12.0.0   000014EC17452B2A  Unknown               Unknown  Unknown
libmpi.so.12.0.0   000014EC175607DD  Unknown               Unknown  Unknown
libmpi.so.12.0.0   000014EC1742E5CC  PMPI_Allreduce        Unknown  Unknown
libmpifort.so.12.  000014EC18CEFA50  mpi_allreduce_        Unknown  Unknown
SAM_ADV_UM5_SGS_T  00000000006E764A  Unknown               Unknown  Unknown
SAM_ADV_UM5_SGS_T  00000000004686A4  Unknown               Unknown  Unknown
SAM_ADV_UM5_SGS_T  000000000047729E  Unknown               Unknown  Unknown
SAM_ADV_UM5_SGS_T  00000000004068BD  Unknown               Unknown  Unknown
libc.so.6          000014EC1522A610  Unknown               Unknown  Unknown
libc.so.6          000014EC1522A6C0  __libc_start_main     Unknown  Unknown
SAM_ADV_UM5_SGS_T  00000000004067D5  Unknown               Unknown  Unknown
forrtl: error (78): process killed (SIGTERM)
Image              PC                Routine            Line        Source             
libc.so.6          000014C1C423FC30  Unknown               Unknown  Unknown
libmpi.so.12.0.0   000014C1C65200C9  Unknown               Unknown  Unknown
libmpi.so.12.0.0   000014C1C6514435  Unknown               Unknown  Unknown
libmpi.so.12.0.0   000014C1C64467EA  Unknown               Unknown  Unknown
libmpi.so.12.0.0   000014C1C6421B2A  Unknown               Unknown  Unknown
libmpi.so.12.0.0   000014C1C652F7DD  Unknown               Unknown  Unknown
libmpi.so.12.0.0   000014C1C63FD5CC  PMPI_Allreduce        Unknown  Unknown
libmpifort.so.12.  000014C1C7CBEA50  mpi_allreduce_        Unknown  Unknown
SAM_ADV_UM5_SGS_T  00000000006E764A  Unknown               Unknown  Unknown
SAM_ADV_UM5_SGS_T  00000000004686A4  Unknown               Unknown  Unknown
SAM_ADV_UM5_SGS_T  000000000047729E  Unknown               Unknown  Unknown
SAM_ADV_UM5_SGS_T  00000000004068BD  Unknown               Unknown  Unknown
libc.so.6          000014C1C422A610  Unknown               Unknown  Unknown
libc.so.6          000014C1C422A6C0  __libc_start_main     Unknown  Unknown
SAM_ADV_UM5_SGS_T  00000000004067D5  Unknown               Unknown  Unknown
forrtl: error (78): process killed (SIGTERM)
Image              PC                Routine            Line        Source             
libc.so.6          000014F8FAE3FC30  Unknown               Unknown  Unknown
libmpi.so.12.0.0   000014F8FD16C0C9  Unknown               Unknown  Unknown
libmpi.so.12.0.0   000014F8FD160435  Unknown               Unknown  Unknown
libmpi.so.12.0.0   000014F8FD0927EA  Unknown               Unknown  Unknown
libmpi.so.12.0.0   000014F8FD06DB2A  Unknown               Unknown  Unknown
libmpi.so.12.0.0   000014F8FD17B7DD  Unknown               Unknown  Unknown
libmpi.so.12.0.0   000014F8FD0495CC  PMPI_Allreduce        Unknown  Unknown
libmpifort.so.12.  000014F8FE90AA50  mpi_allreduce_        Unknown  Unknown
SAM_ADV_UM5_SGS_T  00000000006E764A  Unknown               Unknown  Unknown
SAM_ADV_UM5_SGS_T  00000000004686A4  Unknown               Unknown  Unknown
SAM_ADV_UM5_SGS_T  000000000047729E  Unknown               Unknown  Unknown
SAM_ADV_UM5_SGS_T  00000000004068BD  Unknown               Unknown  Unknown
libc.so.6          000014F8FAE2A610  Unknown               Unknown  Unknown
libc.so.6          000014F8FAE2A6C0  __libc_start_main     Unknown  Unknown
SAM_ADV_UM5_SGS_T  00000000004067D5  Unknown               Unknown  Unknown
forrtl: error (78): process killed (SIGTERM)
Image              PC                Routine            Line        Source             
libc.so.6          00001536EBA3FC30  Unknown               Unknown  Unknown
libmpi.so.12.0.0   00001536EDD1A0C9  Unknown               Unknown  Unknown
libmpi.so.12.0.0   00001536EDD0E435  Unknown               Unknown  Unknown
libmpi.so.12.0.0   00001536EDC407EA  Unknown               Unknown  Unknown
libmpi.so.12.0.0   00001536EDC1BB2A  Unknown               Unknown  Unknown
libmpi.so.12.0.0   00001536EDD297DD  Unknown               Unknown  Unknown
libmpi.so.12.0.0   00001536EDBF75CC  PMPI_Allreduce        Unknown  Unknown
libmpifort.so.12.  00001536EF4B8A50  mpi_allreduce_        Unknown  Unknown
SAM_ADV_UM5_SGS_T  00000000006E764A  Unknown               Unknown  Unknown
SAM_ADV_UM5_SGS_T  00000000004686A4  Unknown               Unknown  Unknown
SAM_ADV_UM5_SGS_T  000000000047729E  Unknown               Unknown  Unknown
SAM_ADV_UM5_SGS_T  00000000004068BD  Unknown               Unknown  Unknown
libc.so.6          00001536EBA2A610  Unknown               Unknown  Unknown
libc.so.6          00001536EBA2A6C0  __libc_start_main     Unknown  Unknown
SAM_ADV_UM5_SGS_T  00000000004067D5  Unknown               Unknown  Unknown
forrtl: error (78): process killed (SIGTERM)
Image              PC                Routine            Line        Source             
libc.so.6          000014A4A683FC30  Unknown               Unknown  Unknown
libmpi.so.12.0.0   000014A4A8B730C9  Unknown               Unknown  Unknown
libmpi.so.12.0.0   000014A4A8B67435  Unknown               Unknown  Unknown
libmpi.so.12.0.0   000014A4A8A997EA  Unknown               Unknown  Unknown
libmpi.so.12.0.0   000014A4A8A74B2A  Unknown               Unknown  Unknown
libmpi.so.12.0.0   000014A4A8B827DD  Unknown               Unknown  Unknown
libmpi.so.12.0.0   000014A4A8A505CC  PMPI_Allreduce        Unknown  Unknown
libmpifort.so.12.  000014A4AA311A50  mpi_allreduce_        Unknown  Unknown
SAM_ADV_UM5_SGS_T  00000000006E764A  Unknown               Unknown  Unknown
SAM_ADV_UM5_SGS_T  00000000004686A4  Unknown               Unknown  Unknown
SAM_ADV_UM5_SGS_T  000000000047729E  Unknown               Unknown  Unknown
SAM_ADV_UM5_SGS_T  00000000004068BD  Unknown               Unknown  Unknown
libc.so.6          000014A4A682A610  Unknown               Unknown  Unknown
libc.so.6          000014A4A682A6C0  __libc_start_main     Unknown  Unknown
SAM_ADV_UM5_SGS_T  00000000004067D5  Unknown               Unknown  Unknown
forrtl: error (78): process killed (SIGTERM)
Image              PC                Routine            Line        Source             
libc.so.6          0000152B5B03FC30  Unknown               Unknown  Unknown
libmpi.so.12.0.0   0000152B5D37A0C9  Unknown               Unknown  Unknown
libmpi.so.12.0.0   0000152B5D36E435  Unknown               Unknown  Unknown
libmpi.so.12.0.0   0000152B5D2A07EA  Unknown               Unknown  Unknown
libmpi.so.12.0.0   0000152B5D27BB2A  Unknown               Unknown  Unknown
libmpi.so.12.0.0   0000152B5D3897DD  Unknown               Unknown  Unknown
libmpi.so.12.0.0   0000152B5D2575CC  PMPI_Allreduce        Unknown  Unknown
libmpifort.so.12.  0000152B5EB18A50  mpi_allreduce_        Unknown  Unknown
SAM_ADV_UM5_SGS_T  00000000006E764A  Unknown               Unknown  Unknown
SAM_ADV_UM5_SGS_T  00000000004686A4  Unknown               Unknown  Unknown
SAM_ADV_UM5_SGS_T  000000000047729E  Unknown               Unknown  Unknown
SAM_ADV_UM5_SGS_T  00000000004068BD  Unknown               Unknown  Unknown
libc.so.6          0000152B5B02A610  Unknown               Unknown  Unknown
libc.so.6          0000152B5B02A6C0  __libc_start_main     Unknown  Unknown
SAM_ADV_UM5_SGS_T  00000000004067D5  Unknown               Unknown  Unknown
forrtl: error (78): process killed (SIGTERM)
Image              PC                Routine            Line        Source             
libc.so.6          0000151D5D03FC30  Unknown               Unknown  Unknown
libmpi.so.12.0.0   0000151D5F1BD0C9  Unknown               Unknown  Unknown
libmpi.so.12.0.0   0000151D5F1B1435  Unknown               Unknown  Unknown
libmpi.so.12.0.0   0000151D5F0E37EA  Unknown               Unknown  Unknown
libmpi.so.12.0.0   0000151D5F0BEB2A  Unknown               Unknown  Unknown
libmpi.so.12.0.0   0000151D5F1CC7DD  Unknown               Unknown  Unknown
libmpi.so.12.0.0   0000151D5F09A5CC  PMPI_Allreduce        Unknown  Unknown
libmpifort.so.12.  0000151D6095BA50  mpi_allreduce_        Unknown  Unknown
SAM_ADV_UM5_SGS_T  00000000006E764A  Unknown               Unknown  Unknown
SAM_ADV_UM5_SGS_T  00000000004686A4  Unknown               Unknown  Unknown
SAM_ADV_UM5_SGS_T  000000000047729E  Unknown               Unknown  Unknown
SAM_ADV_UM5_SGS_T  00000000004068BD  Unknown               Unknown  Unknown
libc.so.6          0000151D5D02A610  Unknown               Unknown  Unknown
libc.so.6          0000151D5D02A6C0  __libc_start_main     Unknown  Unknown
SAM_ADV_UM5_SGS_T  00000000004067D5  Unknown               Unknown  Unknown
forrtl: error (78): process killed (SIGTERM)
Image              PC                Routine            Line        Source             
libc.so.6          000014CAA403FC30  Unknown               Unknown  Unknown
libmpi.so.12.0.0   000014CAA623C0C9  Unknown               Unknown  Unknown
libmpi.so.12.0.0   000014CAA6230435  Unknown               Unknown  Unknown
libmpi.so.12.0.0   000014CAA61627EA  Unknown               Unknown  Unknown
libmpi.so.12.0.0   000014CAA613DB2A  Unknown               Unknown  Unknown
libmpi.so.12.0.0   000014CAA624B7DD  Unknown               Unknown  Unknown
libmpi.so.12.0.0   000014CAA61195CC  PMPI_Allreduce        Unknown  Unknown
libmpifort.so.12.  000014CAA79DAA50  mpi_allreduce_        Unknown  Unknown
SAM_ADV_UM5_SGS_T  00000000006E764A  Unknown               Unknown  Unknown
SAM_ADV_UM5_SGS_T  00000000004686A4  Unknown               Unknown  Unknown
SAM_ADV_UM5_SGS_T  000000000047729E  Unknown               Unknown  Unknown
SAM_ADV_UM5_SGS_T  00000000004068BD  Unknown               Unknown  Unknown
libc.so.6          000014CAA402A610  Unknown               Unknown  Unknown
libc.so.6          000014CAA402A6C0  __libc_start_main     Unknown  Unknown
SAM_ADV_UM5_SGS_T  00000000004067D5  Unknown               Unknown  Unknown
forrtl: error (78): process killed (SIGTERM)
Image              PC                Routine            Line        Source             
libc.so.6          0000154ECE23FC30  Unknown               Unknown  Unknown
libmpi.so.12.0.0   0000154ED03CE0C9  Unknown               Unknown  Unknown
libmpi.so.12.0.0   0000154ED03C2435  Unknown               Unknown  Unknown
libmpi.so.12.0.0   0000154ED02F47EA  Unknown               Unknown  Unknown
libmpi.so.12.0.0   0000154ED02CFB2A  Unknown               Unknown  Unknown
libmpi.so.12.0.0   0000154ED03DD7DD  Unknown               Unknown  Unknown
libmpi.so.12.0.0   0000154ED02AB5CC  PMPI_Allreduce        Unknown  Unknown
libmpifort.so.12.  0000154ED1B6CA50  mpi_allreduce_        Unknown  Unknown
SAM_ADV_UM5_SGS_T  00000000006E764A  Unknown               Unknown  Unknown
SAM_ADV_UM5_SGS_T  00000000004686A4  Unknown               Unknown  Unknown
SAM_ADV_UM5_SGS_T  000000000047729E  Unknown               Unknown  Unknown
SAM_ADV_UM5_SGS_T  00000000004068BD  Unknown               Unknown  Unknown
libc.so.6          0000154ECE22A610  Unknown               Unknown  Unknown
libc.so.6          0000154ECE22A6C0  __libc_start_main     Unknown  Unknown
SAM_ADV_UM5_SGS_T  00000000004067D5  Unknown               Unknown  Unknown
forrtl: error (78): process killed (SIGTERM)
Image              PC                Routine            Line        Source             
libc.so.6          0000150977A3FC30  Unknown               Unknown  Unknown
libmpi.so.12.0.0   0000150979C8D0C9  Unknown               Unknown  Unknown
libmpi.so.12.0.0   0000150979C81435  Unknown               Unknown  Unknown
libmpi.so.12.0.0   0000150979BB37EA  Unknown               Unknown  Unknown
libmpi.so.12.0.0   0000150979B8EB2A  Unknown               Unknown  Unknown
libmpi.so.12.0.0   0000150979C9C7DD  Unknown               Unknown  Unknown
libmpi.so.12.0.0   0000150979B6A5CC  PMPI_Allreduce        Unknown  Unknown
libmpifort.so.12.  000015097B42BA50  mpi_allreduce_        Unknown  Unknown
SAM_ADV_UM5_SGS_T  00000000006E764A  Unknown               Unknown  Unknown
SAM_ADV_UM5_SGS_T  00000000004686A4  Unknown               Unknown  Unknown
SAM_ADV_UM5_SGS_T  000000000047729E  Unknown               Unknown  Unknown
SAM_ADV_UM5_SGS_T  00000000004068BD  Unknown               Unknown  Unknown
libc.so.6          0000150977A2A610  Unknown               Unknown  Unknown
libc.so.6          0000150977A2A6C0  __libc_start_main     Unknown  Unknown
SAM_ADV_UM5_SGS_T  00000000004067D5  Unknown               Unknown  Unknown
forrtl: error (78): process killed (SIGTERM)
Image              PC                Routine            Line        Source             
libc.so.6          000014B878C3FC30  Unknown               Unknown  Unknown
libmpi.so.12.0.0   000014B87ADD30C9  Unknown               Unknown  Unknown
libmpi.so.12.0.0   000014B87ADC7435  Unknown               Unknown  Unknown
libmpi.so.12.0.0   000014B87ACF97EA  Unknown               Unknown  Unknown
libmpi.so.12.0.0   000014B87ACD4B2A  Unknown               Unknown  Unknown
libmpi.so.12.0.0   000014B87ADE27DD  Unknown               Unknown  Unknown
libmpi.so.12.0.0   000014B87ACB05CC  PMPI_Allreduce        Unknown  Unknown
libmpifort.so.12.  000014B87C571A50  mpi_allreduce_        Unknown  Unknown
SAM_ADV_UM5_SGS_T  00000000006E764A  Unknown               Unknown  Unknown
SAM_ADV_UM5_SGS_T  00000000004686A4  Unknown               Unknown  Unknown
SAM_ADV_UM5_SGS_T  000000000047729E  Unknown               Unknown  Unknown
SAM_ADV_UM5_SGS_T  00000000004068BD  Unknown               Unknown  Unknown
libc.so.6          000014B878C2A610  Unknown               Unknown  Unknown
libc.so.6          000014B878C2A6C0  __libc_start_main     Unknown  Unknown
SAM_ADV_UM5_SGS_T  00000000004067D5  Unknown               Unknown  Unknown
forrtl: error (78): process killed (SIGTERM)
Image              PC                Routine            Line        Source             
libc.so.6          000015529B03FC30  Unknown               Unknown  Unknown
libmpi.so.12.0.0   000015529D2880C9  Unknown               Unknown  Unknown
libmpi.so.12.0.0   000015529D27C435  Unknown               Unknown  Unknown
libmpi.so.12.0.0   000015529D1AE7EA  Unknown               Unknown  Unknown
libmpi.so.12.0.0   000015529D189B2A  Unknown               Unknown  Unknown
libmpi.so.12.0.0   000015529D2977DD  Unknown               Unknown  Unknown
libmpi.so.12.0.0   000015529D1655CC  PMPI_Allreduce        Unknown  Unknown
libmpifort.so.12.  000015529EA26A50  mpi_allreduce_        Unknown  Unknown
SAM_ADV_UM5_SGS_T  00000000006E764A  Unknown               Unknown  Unknown
SAM_ADV_UM5_SGS_T  00000000004686A4  Unknown               Unknown  Unknown
SAM_ADV_UM5_SGS_T  000000000047729E  Unknown               Unknown  Unknown
SAM_ADV_UM5_SGS_T  00000000004068BD  Unknown               Unknown  Unknown
libc.so.6          000015529B02A610  Unknown               Unknown  Unknown
libc.so.6          000015529B02A6C0  __libc_start_main     Unknown  Unknown
SAM_ADV_UM5_SGS_T  00000000004067D5  Unknown               Unknown  Unknown
forrtl: error (78): process killed (SIGTERM)
Image              PC                Routine            Line        Source             
libc.so.6          0000152B0CE3FC30  Unknown               Unknown  Unknown
libmpi.so.12.0.0   0000152B0F18E0C9  Unknown               Unknown  Unknown
libmpi.so.12.0.0   0000152B0F182435  Unknown               Unknown  Unknown
libmpi.so.12.0.0   0000152B0F0B47EA  Unknown               Unknown  Unknown
libmpi.so.12.0.0   0000152B0F08FB2A  Unknown               Unknown  Unknown
libmpi.so.12.0.0   0000152B0F19D7DD  Unknown               Unknown  Unknown
libmpi.so.12.0.0   0000152B0F06B5CC  PMPI_Allreduce        Unknown  Unknown
libmpifort.so.12.  0000152B1092CA50  mpi_allreduce_        Unknown  Unknown
SAM_ADV_UM5_SGS_T  00000000006E764A  Unknown               Unknown  Unknown
SAM_ADV_UM5_SGS_T  00000000004686A4  Unknown               Unknown  Unknown
SAM_ADV_UM5_SGS_T  000000000047729E  Unknown               Unknown  Unknown
SAM_ADV_UM5_SGS_T  00000000004068BD  Unknown               Unknown  Unknown
libc.so.6          0000152B0CE2A610  Unknown               Unknown  Unknown
libc.so.6          0000152B0CE2A6C0  __libc_start_main     Unknown  Unknown
SAM_ADV_UM5_SGS_T  00000000004067D5  Unknown               Unknown  Unknown
forrtl: error (78): process killed (SIGTERM)
Image              PC                Routine            Line        Source             
libc.so.6          000014E1AA43FC30  Unknown               Unknown  Unknown
libmpi.so.12.0.0   000014E1AC68B0C9  Unknown               Unknown  Unknown
libmpi.so.12.0.0   000014E1AC67F435  Unknown               Unknown  Unknown
libmpi.so.12.0.0   000014E1AC5B17EA  Unknown               Unknown  Unknown
libmpi.so.12.0.0   000014E1AC58CB2A  Unknown               Unknown  Unknown
libmpi.so.12.0.0   000014E1AC69A7DD  Unknown               Unknown  Unknown
libmpi.so.12.0.0   000014E1AC5685CC  PMPI_Allreduce        Unknown  Unknown
libmpifort.so.12.  000014E1ADE29A50  mpi_allreduce_        Unknown  Unknown
SAM_ADV_UM5_SGS_T  00000000006E764A  Unknown               Unknown  Unknown
SAM_ADV_UM5_SGS_T  00000000004686A4  Unknown               Unknown  Unknown
SAM_ADV_UM5_SGS_T  000000000047729E  Unknown               Unknown  Unknown
SAM_ADV_UM5_SGS_T  00000000004068BD  Unknown               Unknown  Unknown
libc.so.6          000014E1AA42A610  Unknown               Unknown  Unknown
libc.so.6          000014E1AA42A6C0  __libc_start_main     Unknown  Unknown
SAM_ADV_UM5_SGS_T  00000000004067D5  Unknown               Unknown  Unknown
forrtl: error (78): process killed (SIGTERM)
Image              PC                Routine            Line        Source             
libc.so.6          000014C248C3FC30  Unknown               Unknown  Unknown
libmpi.so.12.0.0   000014C24AF420C9  Unknown               Unknown  Unknown
libmpi.so.12.0.0   000014C24AF36435  Unknown               Unknown  Unknown
libmpi.so.12.0.0   000014C24AE687EA  Unknown               Unknown  Unknown
libmpi.so.12.0.0   000014C24AE43B2A  Unknown               Unknown  Unknown
libmpi.so.12.0.0   000014C24AF517DD  Unknown               Unknown  Unknown
libmpi.so.12.0.0   000014C24AE1F5CC  PMPI_Allreduce        Unknown  Unknown
libmpifort.so.12.  000014C24C6E0A50  mpi_allreduce_        Unknown  Unknown
SAM_ADV_UM5_SGS_T  00000000006E764A  Unknown               Unknown  Unknown
SAM_ADV_UM5_SGS_T  00000000004686A4  Unknown               Unknown  Unknown
SAM_ADV_UM5_SGS_T  000000000047729E  Unknown               Unknown  Unknown
forrtl: error (78): process killed (SIGTERM)
Image              PC                Routine            Line        Source             
libc.so.6          000014821663FC30  Unknown               Unknown  Unknown
libmpi.so.12.0.0   00001482188060C9  Unknown               Unknown  Unknown
libmpi.so.12.0.0   00001482187FA435  Unknown               Unknown  Unknown
libmpi.so.12.0.0   000014821872C7EA  Unknown               Unknown  Unknown
libmpi.so.12.0.0   0000148218707B2A  Unknown               Unknown  Unknown
libmpi.so.12.0.0   00001482188157DD  Unknown               Unknown  Unknown
libmpi.so.12.0.0   00001482186E35CC  PMPI_Allreduce        Unknown  Unknown
libmpifort.so.12.  0000148219FA4A50  mpi_allreduce_        Unknown  Unknown
SAM_ADV_UM5_SGS_T  00000000006E764A  Unknown               Unknown  Unknown
SAM_ADV_UM5_SGS_T  00000000004686A4  Unknown               Unknown  Unknown
SAM_ADV_UM5_SGS_T  000000000047729E  Unknown               Unknown  Unknown
SAM_ADV_UM5_SGS_T  00000000004068BD  Unknown               Unknown  Unknown
libc.so.6          000014C248C2A610  Unknown               Unknown  Unknown
libc.so.6          000014C248C2A6C0  __libc_start_main     Unknown  Unknown
SAM_ADV_UM5_SGS_T  00000000004067D5  Unknown               Unknown  Unknown
forrtl: error (78): process killed (SIGTERM)
Image              PC                Routine            Line        Source             
libc.so.6          00001533A243FC30  Unknown               Unknown  Unknown
libmpi.so.12.0.0   00001533A47790C9  Unknown               Unknown  Unknown
libmpi.so.12.0.0   00001533A476D435  Unknown               Unknown  Unknown
libmpi.so.12.0.0   00001533A469F7EA  Unknown               Unknown  Unknown
libmpi.so.12.0.0   00001533A467AB2A  Unknown               Unknown  Unknown
libmpi.so.12.0.0   00001533A47887DD  Unknown               Unknown  Unknown
libmpi.so.12.0.0   00001533A46565CC  PMPI_Allreduce        Unknown  Unknown
libmpifort.so.12.  00001533A5F17A50  mpi_allreduce_        Unknown  Unknown
SAM_ADV_UM5_SGS_T  00000000006E764A  Unknown               Unknown  Unknown
SAM_ADV_UM5_SGS_T  00000000004686A4  Unknown               Unknown  Unknown
SAM_ADV_UM5_SGS_T  000000000047729E  Unknown               Unknown  Unknown
SAM_ADV_UM5_SGS_T  00000000004068BD  Unknown               Unknown  Unknown
libc.so.6          000014821662A610  Unknown               Unknown  Unknown
libc.so.6          000014821662A6C0  __libc_start_main     Unknown  Unknown
SAM_ADV_UM5_SGS_T  00000000004067D5  Unknown               Unknown  Unknown
SAM_ADV_UM5_SGS_T  00000000004068BD  Unknown               Unknown  Unknown
libc.so.6          00001533A242A610  Unknown               Unknown  Unknown
libc.so.6          00001533A242A6C0  __libc_start_main     Unknown  Unknown
SAM_ADV_UM5_SGS_T  00000000004067D5  Unknown               Unknown  Unknown
forrtl: error (78): process killed (SIGTERM)
Image              PC                Routine            Line        Source             
libc.so.6          000014ABB363FC30  Unknown               Unknown  Unknown
libmpi.so.12.0.0   000014ABB582B0C9  Unknown               Unknown  Unknown
libmpi.so.12.0.0   000014ABB581F435  Unknown               Unknown  Unknown
libmpi.so.12.0.0   000014ABB57517EA  Unknown               Unknown  Unknown
libmpi.so.12.0.0   000014ABB572CB2A  Unknown               Unknown  Unknown
libmpi.so.12.0.0   000014ABB583A7DD  Unknown               Unknown  Unknown
libmpi.so.12.0.0   000014ABB57085CC  PMPI_Allreduce        Unknown  Unknown
libmpifort.so.12.  000014ABB6FC9A50  mpi_allreduce_        Unknown  Unknown
SAM_ADV_UM5_SGS_T  00000000006E764A  Unknown               Unknown  Unknown
SAM_ADV_UM5_SGS_T  00000000004686A4  Unknown               Unknown  Unknown
SAM_ADV_UM5_SGS_T  000000000047729E  Unknown               Unknown  Unknown
SAM_ADV_UM5_SGS_T  00000000004068BD  Unknown               Unknown  Unknown
libc.so.6          000014ABB362A610  Unknown               Unknown  Unknown
libc.so.6          000014ABB362A6C0  __libc_start_main     Unknown  Unknown
SAM_ADV_UM5_SGS_T  00000000004067D5  Unknown               Unknown  Unknown
forrtl: error (78): process killed (SIGTERM)
Image              PC                Routine            Line        Source             
libc.so.6          000014E1C883FC30  Unknown               Unknown  Unknown
libmpi.so.12.0.0   000014E1CA9D90C9  Unknown               Unknown  Unknown
libmpi.so.12.0.0   000014E1CA9CD435  Unknown               Unknown  Unknown
libmpi.so.12.0.0   000014E1CA8FF7EA  Unknown               Unknown  Unknown
libmpi.so.12.0.0   000014E1CA8DAB2A  Unknown               Unknown  Unknown
libmpi.so.12.0.0   000014E1CA9E87DD  Unknown               Unknown  Unknown
libmpi.so.12.0.0   000014E1CA8B65CC  PMPI_Allreduce        Unknown  Unknown
libmpifort.so.12.  000014E1CC177A50  mpi_allreduce_        Unknown  Unknown
SAM_ADV_UM5_SGS_T  00000000006E764A  Unknown               Unknown  Unknown
SAM_ADV_UM5_SGS_T  00000000004686A4  Unknown               Unknown  Unknown
SAM_ADV_UM5_SGS_T  000000000047729E  Unknown               Unknown  Unknown
SAM_ADV_UM5_SGS_T  00000000004068BD  Unknown               Unknown  Unknown
libc.so.6          000014E1C882A610  Unknown               Unknown  Unknown
libc.so.6          000014E1C882A6C0  __libc_start_main     Unknown  Unknown
SAM_ADV_UM5_SGS_T  00000000004067D5  Unknown               Unknown  Unknown
forrtl: error (78): process killed (SIGTERM)
Image              PC                Routine            Line        Source             
libc.so.6          00001549D0A3FC30  Unknown               Unknown  Unknown
libmpi.so.12.0.0   00001549D2BD60C9  Unknown               Unknown  Unknown
libmpi.so.12.0.0   00001549D2BCA435  Unknown               Unknown  Unknown
libmpi.so.12.0.0   00001549D2AFC7EA  Unknown               Unknown  Unknown
libmpi.so.12.0.0   00001549D2AD7B2A  Unknown               Unknown  Unknown
libmpi.so.12.0.0   00001549D2BE57DD  Unknown               Unknown  Unknown
libmpi.so.12.0.0   00001549D2AB35CC  PMPI_Allreduce        Unknown  Unknown
libmpifort.so.12.  00001549D4374A50  mpi_allreduce_        Unknown  Unknown
SAM_ADV_UM5_SGS_T  00000000006E764A  Unknown               Unknown  Unknown
SAM_ADV_UM5_SGS_T  00000000004686A4  Unknown               Unknown  Unknown
SAM_ADV_UM5_SGS_T  000000000047729E  Unknown               Unknown  Unknown
SAM_ADV_UM5_SGS_T  00000000004068BD  Unknown               Unknown  Unknown
libc.so.6          00001549D0A2A610  Unknown               Unknown  Unknown
libc.so.6          00001549D0A2A6C0  __libc_start_main     Unknown  Unknown
SAM_ADV_UM5_SGS_T  00000000004067D5  Unknown               Unknown  Unknown
forrtl: error (78): process killed (SIGTERM)
Image              PC                Routine            Line        Source             
libc.so.6          0000146809C3FC30  Unknown               Unknown  Unknown
libmpi.so.12.0.0   000014680BDB90C9  Unknown               Unknown  Unknown
libmpi.so.12.0.0   000014680BDAD435  Unknown               Unknown  Unknown
libmpi.so.12.0.0   000014680BCDF7EA  Unknown               Unknown  Unknown
libmpi.so.12.0.0   000014680BCBAB2A  Unknown               Unknown  Unknown
libmpi.so.12.0.0   000014680BDC87DD  Unknown               Unknown  Unknown
libmpi.so.12.0.0   000014680BC965CC  PMPI_Allreduce        Unknown  Unknown
libmpifort.so.12.  000014680D557A50  mpi_allreduce_        Unknown  Unknown
SAM_ADV_UM5_SGS_T  00000000006E764A  Unknown               Unknown  Unknown
SAM_ADV_UM5_SGS_T  00000000004686A4  Unknown               Unknown  Unknown
SAM_ADV_UM5_SGS_T  000000000047729E  Unknown               Unknown  Unknown
SAM_ADV_UM5_SGS_T  00000000004068BD  Unknown               Unknown  Unknown
libc.so.6          0000146809C2A610  Unknown               Unknown  Unknown
libc.so.6          0000146809C2A6C0  __libc_start_main     Unknown  Unknown
SAM_ADV_UM5_SGS_T  00000000004067D5  Unknown               Unknown  Unknown
forrtl: error (78): process killed (SIGTERM)
Image              PC                Routine            Line        Source             
libc.so.6          000014F6BD23FC30  Unknown               Unknown  Unknown
libmpi.so.12.0.0   000014F6BF5440C9  Unknown               Unknown  Unknown
libmpi.so.12.0.0   000014F6BF538435  Unknown               Unknown  Unknown
libmpi.so.12.0.0   000014F6BF46A7EA  Unknown               Unknown  Unknown
libmpi.so.12.0.0   000014F6BF445B2A  Unknown               Unknown  Unknown
libmpi.so.12.0.0   000014F6BF5537DD  Unknown               Unknown  Unknown
libmpi.so.12.0.0   000014F6BF4215CC  PMPI_Allreduce        Unknown  Unknown
libmpifort.so.12.  000014F6C0CE2A50  mpi_allreduce_        Unknown  Unknown
SAM_ADV_UM5_SGS_T  00000000006E764A  Unknown               Unknown  Unknown
SAM_ADV_UM5_SGS_T  00000000004686A4  Unknown               Unknown  Unknown
SAM_ADV_UM5_SGS_T  000000000047729E  Unknown               Unknown  Unknown
SAM_ADV_UM5_SGS_T  00000000004068BD  Unknown               Unknown  Unknown
libc.so.6          000014F6BD22A610  Unknown               Unknown  Unknown
libc.so.6          000014F6BD22A6C0  __libc_start_main     Unknown  Unknown
SAM_ADV_UM5_SGS_T  00000000004067D5  Unknown               Unknown  Unknown
forrtl: error (78): process killed (SIGTERM)
Image              PC                Routine            Line        Source             
libc.so.6          000014F7C803FC30  Unknown               Unknown  Unknown
libmpi.so.12.0.0   000014F7CA1E90C9  Unknown               Unknown  Unknown
libmpi.so.12.0.0   000014F7CA1DD435  Unknown               Unknown  Unknown
libmpi.so.12.0.0   000014F7CA10F7EA  Unknown               Unknown  Unknown
libmpi.so.12.0.0   000014F7CA0EAB2A  Unknown               Unknown  Unknown
libmpi.so.12.0.0   000014F7CA1F87DD  Unknown               Unknown  Unknown
libmpi.so.12.0.0   000014F7CA0C65CC  PMPI_Allreduce        Unknown  Unknown
libmpifort.so.12.  000014F7CB987A50  mpi_allreduce_        Unknown  Unknown
SAM_ADV_UM5_SGS_T  00000000006E764A  Unknown               Unknown  Unknown
SAM_ADV_UM5_SGS_T  00000000004686A4  Unknown               Unknown  Unknown
SAM_ADV_UM5_SGS_T  000000000047729E  Unknown               Unknown  Unknown
SAM_ADV_UM5_SGS_T  00000000004068BD  Unknown               Unknown  Unknown
libc.so.6          000014F7C802A610  Unknown               Unknown  Unknown
libc.so.6          000014F7C802A6C0  __libc_start_main     Unknown  Unknown
SAM_ADV_UM5_SGS_T  00000000004067D5  Unknown               Unknown  Unknown
forrtl: error (78): process killed (SIGTERM)
Image              PC                Routine            Line        Source             
libc.so.6          000014BE9763FC30  Unknown               Unknown  Unknown
libmpi.so.12.0.0   000014BE998EC0C9  Unknown               Unknown  Unknown
libmpi.so.12.0.0   000014BE998E0435  Unknown               Unknown  Unknown
libmpi.so.12.0.0   000014BE998127EA  Unknown               Unknown  Unknown
libmpi.so.12.0.0   000014BE997EDB2A  Unknown               Unknown  Unknown
libmpi.so.12.0.0   000014BE998FB7DD  Unknown               Unknown  Unknown
libmpi.so.12.0.0   000014BE997C95CC  PMPI_Allreduce        Unknown  Unknown
libmpifort.so.12.  000014BE9B08AA50  mpi_allreduce_        Unknown  Unknown
SAM_ADV_UM5_SGS_T  00000000006E764A  Unknown               Unknown  Unknown
SAM_ADV_UM5_SGS_T  00000000004686A4  Unknown               Unknown  Unknown
SAM_ADV_UM5_SGS_T  000000000047729E  Unknown               Unknown  Unknown
SAM_ADV_UM5_SGS_T  00000000004068BD  Unknown               Unknown  Unknown
libc.so.6          000014BE9762A610  Unknown               Unknown  Unknown
libc.so.6          000014BE9762A6C0  __libc_start_main     Unknown  Unknown
SAM_ADV_UM5_SGS_T  00000000004067D5  Unknown               Unknown  Unknown
forrtl: error (78): process killed (SIGTERM)
Image              PC                Routine            Line        Source             
libc.so.6          000014DC7D23FC30  Unknown               Unknown  Unknown
libmpi.so.12.0.0   000014DC7F43F0C9  Unknown               Unknown  Unknown
libmpi.so.12.0.0   000014DC7F433435  Unknown               Unknown  Unknown
libmpi.so.12.0.0   000014DC7F3657EA  Unknown               Unknown  Unknown
libmpi.so.12.0.0   000014DC7F340B2A  Unknown               Unknown  Unknown
libmpi.so.12.0.0   000014DC7F44E7DD  Unknown               Unknown  Unknown
libmpi.so.12.0.0   000014DC7F31C5CC  PMPI_Allreduce        Unknown  Unknown
libmpifort.so.12.  000014DC80BDDA50  mpi_allreduce_        Unknown  Unknown
SAM_ADV_UM5_SGS_T  00000000006E764A  Unknown               Unknown  Unknown
SAM_ADV_UM5_SGS_T  00000000004686A4  Unknown               Unknown  Unknown
SAM_ADV_UM5_SGS_T  000000000047729E  Unknown               Unknown  Unknown
SAM_ADV_UM5_SGS_T  00000000004068BD  Unknown               Unknown  Unknown
libc.so.6          000014DC7D22A610  Unknown               Unknown  Unknown
libc.so.6          000014DC7D22A6C0  __libc_start_main     Unknown  Unknown
SAM_ADV_UM5_SGS_T  00000000004067D5  Unknown               Unknown  Unknown
forrtl: error (78): process killed (SIGTERM)
Image              PC                Routine            Line        Source             
libc.so.6          0000150FB4C3FC30  Unknown               Unknown  Unknown
libmpi.so.12.0.0   0000150FB6F820CE  Unknown               Unknown  Unknown
libmpi.so.12.0.0   0000150FB6F76435  Unknown               Unknown  Unknown
libmpi.so.12.0.0   0000150FB6EA87EA  Unknown               Unknown  Unknown
libmpi.so.12.0.0   0000150FB6E83B2A  Unknown               Unknown  Unknown
libmpi.so.12.0.0   0000150FB6F917DD  Unknown               Unknown  Unknown
libmpi.so.12.0.0   0000150FB6E5F5CC  PMPI_Allreduce        Unknown  Unknown
libmpifort.so.12.  0000150FB8720A50  mpi_allreduce_        Unknown  Unknown
SAM_ADV_UM5_SGS_T  00000000006E764A  Unknown               Unknown  Unknown
SAM_ADV_UM5_SGS_T  00000000004686A4  Unknown               Unknown  Unknown
SAM_ADV_UM5_SGS_T  000000000047729E  Unknown               Unknown  Unknown
SAM_ADV_UM5_SGS_T  00000000004068BD  Unknown               Unknown  Unknown
libc.so.6          0000150FB4C2A610  Unknown               Unknown  Unknown
libc.so.6          0000150FB4C2A6C0  __libc_start_main     Unknown  Unknown
SAM_ADV_UM5_SGS_T  00000000004067D5  Unknown               Unknown  Unknown
forrtl: error (78): process killed (SIGTERM)
Image              PC                Routine            Line        Source             
libc.so.6          000015193703FC30  Unknown               Unknown  Unknown
libmpi.so.12.0.0   00001519391E40C9  Unknown               Unknown  Unknown
libmpi.so.12.0.0   00001519391D8435  Unknown               Unknown  Unknown
libmpi.so.12.0.0   000015193910A7EA  Unknown               Unknown  Unknown
libmpi.so.12.0.0   00001519390E5B2A  Unknown               Unknown  Unknown
libmpi.so.12.0.0   00001519391F37DD  Unknown               Unknown  Unknown
libmpi.so.12.0.0   00001519390C15CC  PMPI_Allreduce        Unknown  Unknown
libmpifort.so.12.  000015193A982A50  mpi_allreduce_        Unknown  Unknown
SAM_ADV_UM5_SGS_T  00000000006E764A  Unknown               Unknown  Unknown
SAM_ADV_UM5_SGS_T  00000000004686A4  Unknown               Unknown  Unknown
SAM_ADV_UM5_SGS_T  000000000047729E  Unknown               Unknown  Unknown
SAM_ADV_UM5_SGS_T  00000000004068BD  Unknown               Unknown  Unknown
libc.so.6          000015193702A610  Unknown               Unknown  Unknown
libc.so.6          000015193702A6C0  __libc_start_main     Unknown  Unknown
SAM_ADV_UM5_SGS_T  00000000004067D5  Unknown               Unknown  Unknown
forrtl: error (78): process killed (SIGTERM)
Image              PC                Routine            Line        Source             
libc.so.6          000014E5F0A3FC30  Unknown               Unknown  Unknown
libmpi.so.12.0.0   000014E5F2CD20C9  Unknown               Unknown  Unknown
libmpi.so.12.0.0   000014E5F2CC6435  Unknown               Unknown  Unknown
libmpi.so.12.0.0   000014E5F2BF87EA  Unknown               Unknown  Unknown
libmpi.so.12.0.0   000014E5F2BD3B2A  Unknown               Unknown  Unknown
libmpi.so.12.0.0   000014E5F2CE17DD  Unknown               Unknown  Unknown
libmpi.so.12.0.0   000014E5F2BAF5CC  PMPI_Allreduce        Unknown  Unknown
libmpifort.so.12.  000014E5F4470A50  mpi_allreduce_        Unknown  Unknown
SAM_ADV_UM5_SGS_T  00000000006E764A  Unknown               Unknown  Unknown
SAM_ADV_UM5_SGS_T  00000000004686A4  Unknown               Unknown  Unknown
SAM_ADV_UM5_SGS_T  000000000047729E  Unknown               Unknown  Unknown
SAM_ADV_UM5_SGS_T  00000000004068BD  Unknown               Unknown  Unknown
libc.so.6          000014E5F0A2A610  Unknown               Unknown  Unknown
libc.so.6          000014E5F0A2A6C0  __libc_start_main     Unknown  Unknown
SAM_ADV_UM5_SGS_T  00000000004067D5  Unknown               Unknown  Unknown
forrtl: error (78): process killed (SIGTERM)
Image              PC                Routine            Line        Source             
libc.so.6          0000150D6083FC30  Unknown               Unknown  Unknown
libmpi.so.12.0.0   0000150D62B9D0C9  Unknown               Unknown  Unknown
libmpi.so.12.0.0   0000150D62B91435  Unknown               Unknown  Unknown
libmpi.so.12.0.0   0000150D62AC37EA  Unknown               Unknown  Unknown
libmpi.so.12.0.0   0000150D62A9EB2A  Unknown               Unknown  Unknown
libmpi.so.12.0.0   0000150D62BAC7DD  Unknown               Unknown  Unknown
libmpi.so.12.0.0   0000150D62A7A5CC  PMPI_Allreduce        Unknown  Unknown
libmpifort.so.12.  0000150D6433BA50  mpi_allreduce_        Unknown  Unknown
SAM_ADV_UM5_SGS_T  00000000006E764A  Unknown               Unknown  Unknown
SAM_ADV_UM5_SGS_T  00000000004686A4  Unknown               Unknown  Unknown
SAM_ADV_UM5_SGS_T  000000000047729E  Unknown               Unknown  Unknown
SAM_ADV_UM5_SGS_T  00000000004068BD  Unknown               Unknown  Unknown
libc.so.6          0000150D6082A610  Unknown               Unknown  Unknown
libc.so.6          0000150D6082A6C0  __libc_start_main     Unknown  Unknown
SAM_ADV_UM5_SGS_T  00000000004067D5  Unknown               Unknown  Unknown
forrtl: error (78): process killed (SIGTERM)
Image              PC                Routine            Line        Source             
libc.so.6          000014C7B383FC30  Unknown               Unknown  Unknown
libmpi.so.12.0.0   000014C7B5AD10CE  Unknown               Unknown  Unknown
libmpi.so.12.0.0   000014C7B5AC5435  Unknown               Unknown  Unknown
libmpi.so.12.0.0   000014C7B59F77EA  Unknown               Unknown  Unknown
libmpi.so.12.0.0   000014C7B59D2B2A  Unknown               Unknown  Unknown
libmpi.so.12.0.0   000014C7B5AE07DD  Unknown               Unknown  Unknown
libmpi.so.12.0.0   000014C7B59AE5CC  PMPI_Allreduce        Unknown  Unknown
libmpifort.so.12.  000014C7B726FA50  mpi_allreduce_        Unknown  Unknown
SAM_ADV_UM5_SGS_T  00000000006E764A  Unknown               Unknown  Unknown
SAM_ADV_UM5_SGS_T  00000000004686A4  Unknown               Unknown  Unknown
SAM_ADV_UM5_SGS_T  000000000047729E  Unknown               Unknown  Unknown
SAM_ADV_UM5_SGS_T  00000000004068BD  Unknown               Unknown  Unknown
libc.so.6          000014C7B382A610  Unknown               Unknown  Unknown
libc.so.6          000014C7B382A6C0  __libc_start_main     Unknown  Unknown
SAM_ADV_UM5_SGS_T  00000000004067D5  Unknown               Unknown  Unknown
forrtl: error (78): process killed (SIGTERM)
Image              PC                Routine            Line        Source             
libc.so.6          0000149C7903FC30  Unknown               Unknown  Unknown
libmpi.so.12.0.0   0000149C7B3A90C9  Unknown               Unknown  Unknown
libmpi.so.12.0.0   0000149C7B39D435  Unknown               Unknown  Unknown
libmpi.so.12.0.0   0000149C7B2CF7EA  Unknown               Unknown  Unknown
libmpi.so.12.0.0   0000149C7B2AAB2A  Unknown               Unknown  Unknown
libmpi.so.12.0.0   0000149C7B3B87DD  Unknown               Unknown  Unknown
libmpi.so.12.0.0   0000149C7B2865CC  PMPI_Allreduce        Unknown  Unknown
libmpifort.so.12.  0000149C7CB47A50  mpi_allreduce_        Unknown  Unknown
SAM_ADV_UM5_SGS_T  00000000006E764A  Unknown               Unknown  Unknown
SAM_ADV_UM5_SGS_T  00000000004686A4  Unknown               Unknown  Unknown
SAM_ADV_UM5_SGS_T  000000000047729E  Unknown               Unknown  Unknown
SAM_ADV_UM5_SGS_T  00000000004068BD  Unknown               Unknown  Unknown
libc.so.6          0000149C7902A610  Unknown               Unknown  Unknown
libc.so.6          0000149C7902A6C0  __libc_start_main     Unknown  Unknown
SAM_ADV_UM5_SGS_T  00000000004067D5  Unknown               Unknown  Unknown
forrtl: error (78): process killed (SIGTERM)
Image              PC                Routine            Line        Source             
libc.so.6          0000145E5743FC30  Unknown               Unknown  Unknown
libmpi.so.12.0.0   0000145E595EC0C9  Unknown               Unknown  Unknown
libmpi.so.12.0.0   0000145E595E0435  Unknown               Unknown  Unknown
libmpi.so.12.0.0   0000145E595127EA  Unknown               Unknown  Unknown
libmpi.so.12.0.0   0000145E594EDB2A  Unknown               Unknown  Unknown
libmpi.so.12.0.0   0000145E595FB7DD  Unknown               Unknown  Unknown
libmpi.so.12.0.0   0000145E594C95CC  PMPI_Allreduce        Unknown  Unknown
libmpifort.so.12.  0000145E5AD8AA50  mpi_allreduce_        Unknown  Unknown
SAM_ADV_UM5_SGS_T  00000000006E764A  Unknown               Unknown  Unknown
SAM_ADV_UM5_SGS_T  00000000004686A4  Unknown               Unknown  Unknown
SAM_ADV_UM5_SGS_T  000000000047729E  Unknown               Unknown  Unknown
SAM_ADV_UM5_SGS_T  00000000004068BD  Unknown               Unknown  Unknown
libc.so.6          0000145E5742A610  Unknown               Unknown  Unknown
libc.so.6          0000145E5742A6C0  __libc_start_main     Unknown  Unknown
SAM_ADV_UM5_SGS_T  00000000004067D5  Unknown               Unknown  Unknown
forrtl: error (78): process killed (SIGTERM)
Image              PC                Routine            Line        Source             
libc.so.6          0000147F47C3FC30  Unknown               Unknown  Unknown
libmpi.so.12.0.0   0000147F49F490C9  Unknown               Unknown  Unknown
libmpi.so.12.0.0   0000147F49F3D435  Unknown               Unknown  Unknown
libmpi.so.12.0.0   0000147F49E6F7EA  Unknown               Unknown  Unknown
libmpi.so.12.0.0   0000147F49E4AB2A  Unknown               Unknown  Unknown
libmpi.so.12.0.0   0000147F49F587DD  Unknown               Unknown  Unknown
libmpi.so.12.0.0   0000147F49E265CC  PMPI_Allreduce        Unknown  Unknown
libmpifort.so.12.  0000147F4B6E7A50  mpi_allreduce_        Unknown  Unknown
SAM_ADV_UM5_SGS_T  00000000006E764A  Unknown               Unknown  Unknown
SAM_ADV_UM5_SGS_T  00000000004686A4  Unknown               Unknown  Unknown
SAM_ADV_UM5_SGS_T  000000000047729E  Unknown               Unknown  Unknown
SAM_ADV_UM5_SGS_T  00000000004068BD  Unknown               Unknown  Unknown
libc.so.6          0000147F47C2A610  Unknown               Unknown  Unknown
libc.so.6          0000147F47C2A6C0  __libc_start_main     Unknown  Unknown
SAM_ADV_UM5_SGS_T  00000000004067D5  Unknown               Unknown  Unknown
forrtl: error (78): process killed (SIGTERM)
Image              PC                Routine            Line        Source             
libc.so.6          0000148E59A3FC30  Unknown               Unknown  Unknown
libmpi.so.12.0.0   0000148E5BDAE0CE  Unknown               Unknown  Unknown
libmpi.so.12.0.0   0000148E5BDA2435  Unknown               Unknown  Unknown
libmpi.so.12.0.0   0000148E5BCD47EA  Unknown               Unknown  Unknown
libmpi.so.12.0.0   0000148E5BCAFB2A  Unknown               Unknown  Unknown
libmpi.so.12.0.0   0000148E5BDBD7DD  Unknown               Unknown  Unknown
libmpi.so.12.0.0   0000148E5BC8B5CC  PMPI_Allreduce        Unknown  Unknown
libmpifort.so.12.  0000148E5D54CA50  mpi_allreduce_        Unknown  Unknown
SAM_ADV_UM5_SGS_T  00000000006E764A  Unknown               Unknown  Unknown
SAM_ADV_UM5_SGS_T  00000000004686A4  Unknown               Unknown  Unknown
SAM_ADV_UM5_SGS_T  000000000047729E  Unknown               Unknown  Unknown
SAM_ADV_UM5_SGS_T  00000000004068BD  Unknown               Unknown  Unknown
libc.so.6          0000148E59A2A610  Unknown               Unknown  Unknown
libc.so.6          0000148E59A2A6C0  __libc_start_main     Unknown  Unknown
SAM_ADV_UM5_SGS_T  00000000004067D5  Unknown               Unknown  Unknown
forrtl: error (78): process killed (SIGTERM)
Image              PC                Routine            Line        Source             
libc.so.6          0000147BA363FC30  Unknown               Unknown  Unknown
libmpi.so.12.0.0   0000147BA59700C9  Unknown               Unknown  Unknown
libmpi.so.12.0.0   0000147BA5964435  Unknown               Unknown  Unknown
libmpi.so.12.0.0   0000147BA58967EA  Unknown               Unknown  Unknown
libmpi.so.12.0.0   0000147BA5871B2A  Unknown               Unknown  Unknown
libmpi.so.12.0.0   0000147BA597F7DD  Unknown               Unknown  Unknown
libmpi.so.12.0.0   0000147BA584D5CC  PMPI_Allreduce        Unknown  Unknown
libmpifort.so.12.  0000147BA710EA50  mpi_allreduce_        Unknown  Unknown
SAM_ADV_UM5_SGS_T  00000000006E764A  Unknown               Unknown  Unknown
SAM_ADV_UM5_SGS_T  00000000004686A4  Unknown               Unknown  Unknown
SAM_ADV_UM5_SGS_T  000000000047729E  Unknown               Unknown  Unknown
SAM_ADV_UM5_SGS_T  00000000004068BD  Unknown               Unknown  Unknown
libc.so.6          0000147BA362A610  Unknown               Unknown  Unknown
libc.so.6          0000147BA362A6C0  __libc_start_main     Unknown  Unknown
SAM_ADV_UM5_SGS_T  00000000004067D5  Unknown               Unknown  Unknown
forrtl: error (78): process killed (SIGTERM)
Image              PC                Routine            Line        Source             
libc.so.6          00001461E803FC30  Unknown               Unknown  Unknown
libmpi.so.12.0.0   00001461EA2980C9  Unknown               Unknown  Unknown
libmpi.so.12.0.0   00001461EA28C435  Unknown               Unknown  Unknown
libmpi.so.12.0.0   00001461EA1BE7EA  Unknown               Unknown  Unknown
libmpi.so.12.0.0   00001461EA199B2A  Unknown               Unknown  Unknown
libmpi.so.12.0.0   00001461EA2A77DD  Unknown               Unknown  Unknown
libmpi.so.12.0.0   00001461EA1755CC  PMPI_Allreduce        Unknown  Unknown
libmpifort.so.12.  00001461EBA36A50  mpi_allreduce_        Unknown  Unknown
SAM_ADV_UM5_SGS_T  00000000006E764A  Unknown               Unknown  Unknown
SAM_ADV_UM5_SGS_T  00000000004686A4  Unknown               Unknown  Unknown
SAM_ADV_UM5_SGS_T  000000000047729E  Unknown               Unknown  Unknown
SAM_ADV_UM5_SGS_T  00000000004068BD  Unknown               Unknown  Unknown
libc.so.6          00001461E802A610  Unknown               Unknown  Unknown
libc.so.6          00001461E802A6C0  __libc_start_main     Unknown  Unknown
SAM_ADV_UM5_SGS_T  00000000004067D5  Unknown               Unknown  Unknown
forrtl: error (78): process killed (SIGTERM)
Image              PC                Routine            Line        Source             
libc.so.6          000015262CC3FC30  Unknown               Unknown  Unknown
libmpi.so.12.0.0   000015262EE380C9  Unknown               Unknown  Unknown
libmpi.so.12.0.0   000015262EE2C435  Unknown               Unknown  Unknown
libmpi.so.12.0.0   000015262ED5E7EA  Unknown               Unknown  Unknown
libmpi.so.12.0.0   000015262ED39B2A  Unknown               Unknown  Unknown
libmpi.so.12.0.0   000015262EE477DD  Unknown               Unknown  Unknown
libmpi.so.12.0.0   000015262ED155CC  PMPI_Allreduce        Unknown  Unknown
libmpifort.so.12.  00001526305D6A50  mpi_allreduce_        Unknown  Unknown
SAM_ADV_UM5_SGS_T  00000000006E764A  Unknown               Unknown  Unknown
SAM_ADV_UM5_SGS_T  00000000004686A4  Unknown               Unknown  Unknown
SAM_ADV_UM5_SGS_T  000000000047729E  Unknown               Unknown  Unknown
SAM_ADV_UM5_SGS_T  00000000004068BD  Unknown               Unknown  Unknown
libc.so.6          000015262CC2A610  Unknown               Unknown  Unknown
libc.so.6          000015262CC2A6C0  __libc_start_main     Unknown  Unknown
SAM_ADV_UM5_SGS_T  00000000004067D5  Unknown               Unknown  Unknown
forrtl: error (78): process killed (SIGTERM)
Image              PC                Routine            Line        Source             
libc.so.6          000014CC3683FC30  Unknown               Unknown  Unknown
libmpi.so.12.0.0   000014CC38AFB0CE  Unknown               Unknown  Unknown
libmpi.so.12.0.0   000014CC38AEF435  Unknown               Unknown  Unknown
libmpi.so.12.0.0   000014CC38A217EA  Unknown               Unknown  Unknown
libmpi.so.12.0.0   000014CC389FCB2A  Unknown               Unknown  Unknown
libmpi.so.12.0.0   000014CC38B0A7DD  Unknown               Unknown  Unknown
libmpi.so.12.0.0   000014CC389D85CC  PMPI_Allreduce        Unknown  Unknown
libmpifort.so.12.  000014CC3A299A50  mpi_allreduce_        Unknown  Unknown
SAM_ADV_UM5_SGS_T  00000000006E764A  Unknown               Unknown  Unknown
SAM_ADV_UM5_SGS_T  00000000004686A4  Unknown               Unknown  Unknown
SAM_ADV_UM5_SGS_T  000000000047729E  Unknown               Unknown  Unknown
SAM_ADV_UM5_SGS_T  00000000004068BD  Unknown               Unknown  Unknown
libc.so.6          000014CC3682A610  Unknown               Unknown  Unknown
libc.so.6          000014CC3682A6C0  __libc_start_main     Unknown  Unknown
SAM_ADV_UM5_SGS_T  00000000004067D5  Unknown               Unknown  Unknown
forrtl: error (78): process killed (SIGTERM)
Image              PC                Routine            Line        Source             
libc.so.6          000014A95A03FC30  Unknown               Unknown  Unknown
libmpi.so.12.0.0   000014A95C2DE0C9  Unknown               Unknown  Unknown
libmpi.so.12.0.0   000014A95C2D2435  Unknown               Unknown  Unknown
libmpi.so.12.0.0   000014A95C2047EA  Unknown               Unknown  Unknown
libmpi.so.12.0.0   000014A95C1DFB2A  Unknown               Unknown  Unknown
libmpi.so.12.0.0   000014A95C2ED7DD  Unknown               Unknown  Unknown
libmpi.so.12.0.0   000014A95C1BB5CC  PMPI_Allreduce        Unknown  Unknown
libmpifort.so.12.  000014A95DA7CA50  mpi_allreduce_        Unknown  Unknown
SAM_ADV_UM5_SGS_T  00000000006E764A  Unknown               Unknown  Unknown
SAM_ADV_UM5_SGS_T  00000000004686A4  Unknown               Unknown  Unknown
SAM_ADV_UM5_SGS_T  000000000047729E  Unknown               Unknown  Unknown
SAM_ADV_UM5_SGS_T  00000000004068BD  Unknown               Unknown  Unknown
libc.so.6          000014A95A02A610  Unknown               Unknown  Unknown
libc.so.6          000014A95A02A6C0  __libc_start_main     Unknown  Unknown
SAM_ADV_UM5_SGS_T  00000000004067D5  Unknown               Unknown  Unknown
forrtl: error (78): process killed (SIGTERM)
Image              PC                Routine            Line        Source             
libc.so.6          000014596243FC30  Unknown               Unknown  Unknown
libmpi.so.12.0.0   00001459646C80C9  Unknown               Unknown  Unknown
libmpi.so.12.0.0   00001459646BC435  Unknown               Unknown  Unknown
libmpi.so.12.0.0   00001459645EE7EA  Unknown               Unknown  Unknown
libmpi.so.12.0.0   00001459645C9B2A  Unknown               Unknown  Unknown
libmpi.so.12.0.0   00001459646D77DD  Unknown               Unknown  Unknown
libmpi.so.12.0.0   00001459645A55CC  PMPI_Allreduce        Unknown  Unknown
libmpifort.so.12.  0000145965E66A50  mpi_allreduce_        Unknown  Unknown
SAM_ADV_UM5_SGS_T  00000000006E764A  Unknown               Unknown  Unknown
SAM_ADV_UM5_SGS_T  00000000004686A4  Unknown               Unknown  Unknown
SAM_ADV_UM5_SGS_T  000000000047729E  Unknown               Unknown  Unknown
SAM_ADV_UM5_SGS_T  00000000004068BD  Unknown               Unknown  Unknown
libc.so.6          000014596242A610  Unknown               Unknown  Unknown
libc.so.6          000014596242A6C0  __libc_start_main     Unknown  Unknown
SAM_ADV_UM5_SGS_T  00000000004067D5  Unknown               Unknown  Unknown
forrtl: error (78): process killed (SIGTERM)
Image              PC                Routine            Line        Source             
libc.so.6          000014F57303FC30  Unknown               Unknown  Unknown
libmpi.so.12.0.0   000014F5753920C9  Unknown               Unknown  Unknown
libmpi.so.12.0.0   000014F575386435  Unknown               Unknown  Unknown
libmpi.so.12.0.0   000014F5752B87EA  Unknown               Unknown  Unknown
libmpi.so.12.0.0   000014F575293B2A  Unknown               Unknown  Unknown
libmpi.so.12.0.0   000014F5753A17DD  Unknown               Unknown  Unknown
libmpi.so.12.0.0   000014F57526F5CC  PMPI_Allreduce        Unknown  Unknown
libmpifort.so.12.  000014F576B30A50  mpi_allreduce_        Unknown  Unknown
SAM_ADV_UM5_SGS_T  00000000006E764A  Unknown               Unknown  Unknown
SAM_ADV_UM5_SGS_T  00000000004686A4  Unknown               Unknown  Unknown
SAM_ADV_UM5_SGS_T  000000000047729E  Unknown               Unknown  Unknown
SAM_ADV_UM5_SGS_T  00000000004068BD  Unknown               Unknown  Unknown
libc.so.6          000014F57302A610  Unknown               Unknown  Unknown
libc.so.6          000014F57302A6C0  __libc_start_main     Unknown  Unknown
SAM_ADV_UM5_SGS_T  00000000004067D5  Unknown               Unknown  Unknown
forrtl: error (78): process killed (SIGTERM)
Image              PC                Routine            Line        Source             
libc.so.6          0000152CB083FC30  Unknown               Unknown  Unknown
libmpi.so.12.0.0   0000152CB2B5F0C9  Unknown               Unknown  Unknown
libmpi.so.12.0.0   0000152CB2B53435  Unknown               Unknown  Unknown
libmpi.so.12.0.0   0000152CB2A857EA  Unknown               Unknown  Unknown
libmpi.so.12.0.0   0000152CB2A60B2A  Unknown               Unknown  Unknown
libmpi.so.12.0.0   0000152CB2B6E7DD  Unknown               Unknown  Unknown
libmpi.so.12.0.0   0000152CB2A3C5CC  PMPI_Allreduce        Unknown  Unknown
libmpifort.so.12.  0000152CB42FDA50  mpi_allreduce_        Unknown  Unknown
SAM_ADV_UM5_SGS_T  00000000006E764A  Unknown               Unknown  Unknown
SAM_ADV_UM5_SGS_T  00000000004686A4  Unknown               Unknown  Unknown
SAM_ADV_UM5_SGS_T  000000000047729E  Unknown               Unknown  Unknown
SAM_ADV_UM5_SGS_T  00000000004068BD  Unknown               Unknown  Unknown
libc.so.6          0000152CB082A610  Unknown               Unknown  Unknown
libc.so.6          0000152CB082A6C0  __libc_start_main     Unknown  Unknown
SAM_ADV_UM5_SGS_T  00000000004067D5  Unknown               Unknown  Unknown
forrtl: error (78): process killed (SIGTERM)
Image              PC                Routine            Line        Source             
libc.so.6          00001512A623FC30  Unknown               Unknown  Unknown
libmpi.so.12.0.0   00001512A85770C9  Unknown               Unknown  Unknown
libmpi.so.12.0.0   00001512A856B435  Unknown               Unknown  Unknown
libmpi.so.12.0.0   00001512A849D7EA  Unknown               Unknown  Unknown
libmpi.so.12.0.0   00001512A8478B2A  Unknown               Unknown  Unknown
libmpi.so.12.0.0   00001512A85867DD  Unknown               Unknown  Unknown
libmpi.so.12.0.0   00001512A84545CC  PMPI_Allreduce        Unknown  Unknown
libmpifort.so.12.  00001512A9D15A50  mpi_allreduce_        Unknown  Unknown
SAM_ADV_UM5_SGS_T  00000000006E764A  Unknown               Unknown  Unknown
SAM_ADV_UM5_SGS_T  00000000004686A4  Unknown               Unknown  Unknown
SAM_ADV_UM5_SGS_T  000000000047729E  Unknown               Unknown  Unknown
SAM_ADV_UM5_SGS_T  00000000004068BD  Unknown               Unknown  Unknown
libc.so.6          00001512A622A610  Unknown               Unknown  Unknown
libc.so.6          00001512A622A6C0  __libc_start_main     Unknown  Unknown
SAM_ADV_UM5_SGS_T  00000000004067D5  Unknown               Unknown  Unknown
forrtl: error (78): process killed (SIGTERM)
Image              PC                Routine            Line        Source             
libc.so.6          00001493EA23FC30  Unknown               Unknown  Unknown
libmpi.so.12.0.0   00001493EC48A0C9  Unknown               Unknown  Unknown
libmpi.so.12.0.0   00001493EC47E435  Unknown               Unknown  Unknown
libmpi.so.12.0.0   00001493EC3B07EA  Unknown               Unknown  Unknown
libmpi.so.12.0.0   00001493EC38BB2A  Unknown               Unknown  Unknown
libmpi.so.12.0.0   00001493EC4997DD  Unknown               Unknown  Unknown
libmpi.so.12.0.0   00001493EC3675CC  PMPI_Allreduce        Unknown  Unknown
libmpifort.so.12.  00001493EDC28A50  mpi_allreduce_        Unknown  Unknown
SAM_ADV_UM5_SGS_T  00000000006E764A  Unknown               Unknown  Unknown
SAM_ADV_UM5_SGS_T  00000000004686A4  Unknown               Unknown  Unknown
SAM_ADV_UM5_SGS_T  000000000047729E  Unknown               Unknown  Unknown
SAM_ADV_UM5_SGS_T  00000000004068BD  Unknown               Unknown  Unknown
libc.so.6          00001493EA22A610  Unknown               Unknown  Unknown
libc.so.6          00001493EA22A6C0  __libc_start_main     Unknown  Unknown
SAM_ADV_UM5_SGS_T  00000000004067D5  Unknown               Unknown  Unknown
forrtl: error (78): process killed (SIGTERM)
Image              PC                Routine            Line        Source             
libc.so.6          0000146BCF43FC30  Unknown               Unknown  Unknown
libmpi.so.12.0.0   0000146BD16EC0C9  Unknown               Unknown  Unknown
libmpi.so.12.0.0   0000146BD16E0435  Unknown               Unknown  Unknown
libmpi.so.12.0.0   0000146BD16127EA  Unknown               Unknown  Unknown
libmpi.so.12.0.0   0000146BD15EDB2A  Unknown               Unknown  Unknown
libmpi.so.12.0.0   0000146BD16FB7DD  Unknown               Unknown  Unknown
libmpi.so.12.0.0   0000146BD15C95CC  PMPI_Allreduce        Unknown  Unknown
libmpifort.so.12.  0000146BD2E8AA50  mpi_allreduce_        Unknown  Unknown
SAM_ADV_UM5_SGS_T  00000000006E764A  Unknown               Unknown  Unknown
SAM_ADV_UM5_SGS_T  00000000004686A4  Unknown               Unknown  Unknown
SAM_ADV_UM5_SGS_T  000000000047729E  Unknown               Unknown  Unknown
SAM_ADV_UM5_SGS_T  00000000004068BD  Unknown               Unknown  Unknown
libc.so.6          0000146BCF42A610  Unknown               Unknown  Unknown
libc.so.6          0000146BCF42A6C0  __libc_start_main     Unknown  Unknown
SAM_ADV_UM5_SGS_T  00000000004067D5  Unknown               Unknown  Unknown
forrtl: error (78): process killed (SIGTERM)
Image              PC                Routine            Line        Source             
libc.so.6          0000147777C3FC30  Unknown               Unknown  Unknown
libmpi.so.12.0.0   0000147779DD00C9  Unknown               Unknown  Unknown
libmpi.so.12.0.0   0000147779DC4435  Unknown               Unknown  Unknown
libmpi.so.12.0.0   0000147779CF67EA  Unknown               Unknown  Unknown
libmpi.so.12.0.0   0000147779CD1B2A  Unknown               Unknown  Unknown
libmpi.so.12.0.0   0000147779DDF7DD  Unknown               Unknown  Unknown
libmpi.so.12.0.0   0000147779CAD5CC  PMPI_Allreduce        Unknown  Unknown
libmpifort.so.12.  000014777B56EA50  mpi_allreduce_        Unknown  Unknown
SAM_ADV_UM5_SGS_T  00000000006E764A  Unknown               Unknown  Unknown
SAM_ADV_UM5_SGS_T  00000000004686A4  Unknown               Unknown  Unknown
SAM_ADV_UM5_SGS_T  000000000047729E  Unknown               Unknown  Unknown
SAM_ADV_UM5_SGS_T  00000000004068BD  Unknown               Unknown  Unknown
libc.so.6          0000147777C2A610  Unknown               Unknown  Unknown
libc.so.6          0000147777C2A6C0  __libc_start_main     Unknown  Unknown
SAM_ADV_UM5_SGS_T  00000000004067D5  Unknown               Unknown  Unknown
forrtl: error (78): process killed (SIGTERM)
Image              PC                Routine            Line        Source             
libc.so.6          0000152F7483FC30  Unknown               Unknown  Unknown
libmpi.so.12.0.0   0000152F769E80C9  Unknown               Unknown  Unknown
libmpi.so.12.0.0   0000152F769DC435  Unknown               Unknown  Unknown
libmpi.so.12.0.0   0000152F7690E7EA  Unknown               Unknown  Unknown
libmpi.so.12.0.0   0000152F768E9B2A  Unknown               Unknown  Unknown
libmpi.so.12.0.0   0000152F769F77DD  Unknown               Unknown  Unknown
libmpi.so.12.0.0   0000152F768C55CC  PMPI_Allreduce        Unknown  Unknown
libmpifort.so.12.  0000152F78186A50  mpi_allreduce_        Unknown  Unknown
SAM_ADV_UM5_SGS_T  00000000006E764A  Unknown               Unknown  Unknown
SAM_ADV_UM5_SGS_T  00000000004686A4  Unknown               Unknown  Unknown
SAM_ADV_UM5_SGS_T  000000000047729E  Unknown               Unknown  Unknown
SAM_ADV_UM5_SGS_T  00000000004068BD  Unknown               Unknown  Unknown
libc.so.6          0000152F7482A610  Unknown               Unknown  Unknown
libc.so.6          0000152F7482A6C0  __libc_start_main     Unknown  Unknown
SAM_ADV_UM5_SGS_T  00000000004067D5  Unknown               Unknown  Unknown
forrtl: error (78): process killed (SIGTERM)
Image              PC                Routine            Line        Source             
libc.so.6          0000149B1663FC30  Unknown               Unknown  Unknown
libmpi.so.12.0.0   0000149B1884A0C9  Unknown               Unknown  Unknown
libmpi.so.12.0.0   0000149B1883E435  Unknown               Unknown  Unknown
libmpi.so.12.0.0   0000149B187707EA  Unknown               Unknown  Unknown
libmpi.so.12.0.0   0000149B1874BB2A  Unknown               Unknown  Unknown
libmpi.so.12.0.0   0000149B188597DD  Unknown               Unknown  Unknown
libmpi.so.12.0.0   0000149B187275CC  PMPI_Allreduce        Unknown  Unknown
libmpifort.so.12.  0000149B19FE8A50  mpi_allreduce_        Unknown  Unknown
SAM_ADV_UM5_SGS_T  00000000006E764A  Unknown               Unknown  Unknown
SAM_ADV_UM5_SGS_T  00000000004686A4  Unknown               Unknown  Unknown
SAM_ADV_UM5_SGS_T  000000000047729E  Unknown               Unknown  Unknown
SAM_ADV_UM5_SGS_T  00000000004068BD  Unknown               Unknown  Unknown
libc.so.6          0000149B1662A610  Unknown               Unknown  Unknown
libc.so.6          0000149B1662A6C0  __libc_start_main     Unknown  Unknown
SAM_ADV_UM5_SGS_T  00000000004067D5  Unknown               Unknown  Unknown
srun: error: n283: tasks 32-63: Exited with exit code 1
srun: error: n282: tasks 1-31: Exited with exit code 1
