n1813
n1813
n1813
n1813
n1813
n1813
n1813
n1813
n1804
n1813
n1813
n1804
n1804
n1813
n1804
n1813
n1804
n1813
n1804
n1813
n1804
n1813
n1804
n1813
n1804
n1813
n1813
n1813
n1813
n1813
n1813
n1813
n1804
n1804
n1804
n1813
n1813
n1804
n1813
n1804
n1813
n1813
n1813
n1813
n1813
n1813
n1804
n1804
n1804
n1804
n1804
n1804
n1804
n1804
n1804
n1804
n1804
n1804
n1804
n1804
n1804
n1804
n1804
n1804
 number of MPI tasks:          64
 ==============================================================
  You have chosen to use            1  ice categories in MICRO_P3.
 ==============================================================
 ==============================================================
  You have chosen to use            1  ice categories in MICRO_P3.
 ==============================================================
 ==============================================================
  You have chosen to use            1  ice categories in MICRO_P3.
 ==============================================================
 ==============================================================
  You have chosen to use            1  ice categories in MICRO_P3.
 ==============================================================
 ==============================================================
  You have chosen to use            1  ice categories in MICRO_P3.
 ==============================================================
 ==============================================================
  You have chosen to use            1  ice categories in MICRO_P3.
 ==============================================================
 ==============================================================
  You have chosen to use            1  ice categories in MICRO_P3.
 ==============================================================
 ==============================================================
  You have chosen to use            1  ice categories in MICRO_P3.
 ==============================================================
 ==============================================================
  You have chosen to use            1  ice categories in MICRO_P3.
 ==============================================================
 ==============================================================
  You have chosen to use            1  ice categories in MICRO_P3.
 ==============================================================
 ==============================================================
  You have chosen to use            1  ice categories in MICRO_P3.
 ==============================================================
 ==============================================================
  You have chosen to use            1  ice categories in MICRO_P3.
 ==============================================================
 ==============================================================
  You have chosen to use            1  ice categories in MICRO_P3.
 ==============================================================
 ==============================================================
  You have chosen to use            1  ice categories in MICRO_P3.
 ==============================================================
 ==============================================================
  You have chosen to use            1  ice categories in MICRO_P3.
 ==============================================================
 ==============================================================
  You have chosen to use            1  ice categories in MICRO_P3.
 ==============================================================
 ==============================================================
  You have chosen to use            1  ice categories in MICRO_P3.
 ==============================================================
 ==============================================================
  You have chosen to use            1  ice categories in MICRO_P3.
 ==============================================================
 ==============================================================
  You have chosen to use            1  ice categories in MICRO_P3.
 ==============================================================
 ==============================================================
  You have chosen to use            1  ice categories in MICRO_P3.
 ==============================================================
 ==============================================================
  You have chosen to use            1  ice categories in MICRO_P3.
 ==============================================================
 ==============================================================
  You have chosen to use            1  ice categories in MICRO_P3.
 ==============================================================
 ==============================================================
  You have chosen to use            1  ice categories in MICRO_P3.
 ==============================================================
 ==============================================================
  You have chosen to use            1  ice categories in MICRO_P3.
 ==============================================================
 ==============================================================
  You have chosen to use            1  ice categories in MICRO_P3.
 ==============================================================
 ==============================================================
  You have chosen to use            1  ice categories in MICRO_P3.
 ==============================================================
 ==============================================================
  You have chosen to use            1  ice categories in MICRO_P3.
 ==============================================================
 ==============================================================
 ==============================================================
  You have chosen to use            1  ice categories in MICRO_P3.
 ==============================================================
 ==============================================================
  You have chosen to use            1  ice categories in MICRO_P3.
 ==============================================================
 ==============================================================
  You have chosen to use            1  ice categories in MICRO_P3.
 ==============================================================
  You have chosen to use            1  ice categories in MICRO_P3.
 ==============================================================
 ==============================================================
  You have chosen to use            1  ice categories in MICRO_P3.
 ==============================================================
 ==============================================================
  You have chosen to use            1  ice categories in MICRO_P3.
 ==============================================================
 ==============================================================
  You have chosen to use            1  ice categories in MICRO_P3.
 ==============================================================
 ==============================================================
  You have chosen to use            1  ice categories in MICRO_P3.
 ==============================================================
 ==============================================================
  You have chosen to use            1  ice categories in MICRO_P3.
 ==============================================================
 ==============================================================
 ==============================================================
  You have chosen to use            1  ice categories in MICRO_P3.
 ==============================================================
 ==============================================================
  You have chosen to use            1  ice categories in MICRO_P3.
 ==============================================================
 ==============================================================
  You have chosen to use            1  ice categories in MICRO_P3.
 ==============================================================
  You have chosen to use            1  ice categories in MICRO_P3.
 ==============================================================
 ==============================================================
  You have chosen to use            1  ice categories in MICRO_P3.
 ==============================================================
 ==============================================================
  You have chosen to use            1  ice categories in MICRO_P3.
 ==============================================================
 ==============================================================
  You have chosen to use            1  ice categories in MICRO_P3.
 ==============================================================
 ==============================================================
  You have chosen to use            1  ice categories in MICRO_P3.
 ==============================================================
 ==============================================================
  You have chosen to use            1  ice categories in MICRO_P3.
 ==============================================================
 ==============================================================
  You have chosen to use            1  ice categories in MICRO_P3.
 ==============================================================
 ==============================================================
  You have chosen to use            1  ice categories in MICRO_P3.
 ==============================================================
 ==============================================================
 ==============================================================
  You have chosen to use            1  ice categories in MICRO_P3.
 ==============================================================
  You have chosen to use            1  ice categories in MICRO_P3.
 ==============================================================
  You have chosen to use            1  ice categories in MICRO_P3.
 ==============================================================
 ==============================================================
 ==============================================================
  You have chosen to use            1  ice categories in MICRO_P3.
 ==============================================================
 ==============================================================
  You have chosen to use            1  ice categories in MICRO_P3.
 ==============================================================
 ==============================================================
  You have chosen to use            1  ice categories in MICRO_P3.
 ==============================================================
 ==============================================================
  You have chosen to use            1  ice categories in MICRO_P3.
 ==============================================================
 ==============================================================
  You have chosen to use            1  ice categories in MICRO_P3.
 ==============================================================
 ==============================================================
  You have chosen to use            1  ice categories in MICRO_P3.
 ==============================================================
 ==============================================================
  You have chosen to use            1  ice categories in MICRO_P3.
 ==============================================================
 ==============================================================
  You have chosen to use            1  ice categories in MICRO_P3.
 ==============================================================
 ==============================================================
  You have chosen to use            1  ice categories in MICRO_P3.
 ==============================================================
 ==============================================================
  You have chosen to use            1  ice categories in MICRO_P3.
 ==============================================================
 ==============================================================
  You have chosen to use            1  ice categories in MICRO_P3.
 ==============================================================
 ==============================================================
 ==============================================================
  You have chosen to use            1  ice categories in MICRO_P3.
 ==============================================================
  You have chosen to use            1  ice categories in MICRO_P3.
 ==============================================================
           **************************************************
           **************************************************
           *                                                *
           *      *****          **       ***          **   *
           *    ***   ***       ****      ****       ****   *
           *   ***     ***     *** ***    *****     *****   *
           *    ***           ***   ***   *** **   ** ***   *
           *       ***       ***     ***  ***  ** **  ***   *
           *          ***    ***     ***  ***   ***   ***   *
           *   ***     ***   ***********  ***         ***   *
           *    ***   ***    ***     ***  ***         ***   *
           *      *****      ***     ***  ***         ***   *
           *                                                *
           **************************************************
           **************************************************
           ***       System for Atmospheric Modeling      ***
           ***                    SAM                     ***
                     Version 6.10.9 (Feb 2016)  
           **************************************************
           ***     (C) Marat Khairoutdinov                ***
           *** School of Marine and Atmospheric Sciences  ***
           ***       Stony Brook University               ***
           **************************************************
           ***       The model can be used only with      ***
           ***         permission from the author!        ***
           ***       No transfer to any third party       ***
           ***                is allowed!                 ***
           **************************************************
           **************************************************
           ***       DATE 01/06/26 TIME 10:14:56          ***
           **************************************************
 
 ==============================================================
  You have chosen to use            1  ice categories in MICRO_P3.
 ==============================================================
 
 surface pressure:    1014.80000000000     
 
  P3 microphysics: v3.1.14          
    P3_INIT (reading/creating look-up tables [v4.1, v4.1]) ...
    P3_INIT DONE.
 
 Initial Sounding:
  k      z    rho     rhoi    s      h     h*      qt      u      v     adz     
 Nsq
 128 27750.0  0.025  0.026 497.29 497.30 505.87   0.00   0.00   0.00  6.667     0.5320E-03
 127 27500.0  0.026  0.027 494.23 494.24 501.93   0.00   0.00   0.00  6.667     0.5335E-03
 126 27250.0  0.028  0.028 491.16 491.17 498.08   0.00   0.00   0.00  6.667     0.5408E-03
 125 27000.0  0.029  0.029 488.06 488.07 494.25   0.00   0.00   0.00  6.667     0.5483E-03
 124 26750.0  0.030  0.031 484.93 484.94 490.44   0.00   0.00   0.00  6.667     0.5558E-03
 123 26500.0  0.031  0.032 481.76 481.77 486.64   0.00   0.00   0.00  6.667     0.5131E-03
 122 26250.0  0.032  0.033 478.85 478.86 483.30   0.00   0.00   0.00  6.667     0.5195E-03
 121 26000.0  0.034  0.035 475.90 475.91 479.95   0.00   0.00   0.00  6.667     0.5264E-03
 120 25750.0  0.035  0.036 472.93 472.94 476.58   0.00   0.00   0.00  6.667     0.5335E-03
 119 25500.0  0.037  0.037 469.92 469.93 473.21   0.00   0.00   0.00  6.667     0.5407E-03
 118 25250.0  0.038  0.039 466.88 466.89 469.83   0.00   0.00   0.00  6.667     0.5482E-03
 117 25000.0  0.040  0.041 463.80 463.81 466.44   0.00   0.00   0.00  6.667     0.5559E-03
 116 24750.0  0.042  0.043 460.69 460.70 463.03   0.00   0.00   0.00  6.667     0.5638E-03
 115 24500.0  0.043  0.044 457.54 457.56 459.62   0.00   0.00   0.00  6.667     0.5533E-03
 114 24250.0  0.045  0.046 454.47 454.48 456.31   0.00   0.00   0.00  6.667     0.5282E-03
 113 24000.0  0.047  0.048 451.54 451.55 453.21   0.00   0.00   0.00  6.667     0.5350E-03
 112 23750.0  0.049  0.050 448.58 448.59 450.09   0.00   0.00   0.00  6.667     0.5423E-03
 111 23500.0  0.051  0.052 445.59 445.60 446.94   0.00   0.00   0.00  6.667     0.5499E-03
 110 23250.0  0.054  0.055 442.56 442.57 443.77   0.00   0.00   0.00  6.667     0.5577E-03
 109 23000.0  0.056  0.057 439.50 439.51 440.58   0.00   0.00   0.00  6.667     0.5657E-03
 108 22750.0  0.058  0.060 436.41 436.42 437.35   0.00   0.00   0.00  6.667     0.5737E-03
 107 22500.0  0.061  0.062 433.27 433.29 434.11   0.00   0.00   0.00  6.667     0.5820E-03
 106 22250.0  0.064  0.065 430.11 430.12 430.84   0.00   0.00   0.00  6.667     0.5785E-03
 105 22000.0  0.066  0.068 426.97 426.98 427.61   0.00   0.00   0.00  6.667     0.5860E-03
 104 21750.0  0.069  0.071 423.81 423.82 424.37   0.00   0.00   0.00  6.667     0.5949E-03
 103 21500.0  0.073  0.074 420.60 420.61 421.09   0.00   0.00   0.00  6.667     0.6037E-03
 102 21250.0  0.076  0.078 417.37 417.38 417.78   0.00   0.00   0.00  6.667     0.6130E-03
 101 21000.0  0.079  0.081 414.09 414.10 414.44   0.00   0.00   0.00  6.667     0.6228E-03
 100 20750.0  0.083  0.085 410.77 410.78 411.07   0.00   0.00   0.00  6.667     0.6329E-03
  99 20500.0  0.087  0.089 407.42 407.43 407.67   0.00   0.00   0.00  6.667     0.6432E-03
  98 20250.0  0.091  0.093 404.02 404.03 404.24   0.00   0.00   0.00  6.667     0.6391E-03
  97 20000.0  0.095  0.097 400.66 400.67 400.84   0.00   0.00   0.00  6.667     0.6425E-03
  96 19750.0  0.100  0.102 397.30 397.31 397.46   0.00   0.00   0.00  6.667     0.6533E-03
  95 19500.0  0.105  0.107 393.90 393.91 394.03   0.00   0.00   0.00  6.667     0.6644E-03
  94 19250.0  0.110  0.112 390.46 390.47 390.57   0.00   0.00   0.00  6.667     0.6758E-03
  93 19000.0  0.115  0.118 386.97 386.98 387.06   0.00   0.00   0.00  6.667     0.6874E-03
  92 18750.0  0.121  0.123 383.45 383.46 383.52   0.00   0.00   0.00  6.667     0.6998E-03
  91 18500.0  0.127  0.130 379.88 379.89 379.94   0.00   0.00   0.00  6.667     0.7123E-03
  90 18250.0  0.133  0.136 376.26 376.27 376.32   0.00   0.00   0.00  6.667     0.6583E-03
  89 18000.0  0.139  0.143 372.94 372.95 372.99   0.00   0.00   0.00  6.667     0.6217E-03
  88 17750.0  0.146  0.150 369.82 369.83 369.86   0.00   0.00   0.00  6.667     0.6313E-03
  87 17500.0  0.153  0.157 366.66 366.67 366.70   0.00   0.00   0.00  6.667     0.6415E-03
  86 17250.0  0.161  0.164 363.46 363.47 363.50   0.00   0.00   0.00  6.667     0.6520E-03
  85 17000.0  0.168  0.173 360.22 360.23 360.26   0.00   0.00   0.00  6.667     0.6627E-03
  84 16750.0  0.177  0.181 356.94 356.95 356.97   0.00   0.00   0.00  6.667     0.6443E-03
  83 16500.0  0.186  0.189 353.77 353.77 353.80   0.00   0.00   0.00  6.667     0.2696E-03
  82 16250.0  0.193  0.197 352.45 352.45 352.48   0.00   0.00   0.00  6.667     0.2699E-03
  81 16000.0  0.200  0.204 351.12 351.12 351.14   0.00   0.00   0.00  6.667     0.2718E-03
  80 15750.0  0.208  0.212 349.77 349.77 349.80   0.00   0.00   0.00  6.667     0.2734E-03
  79 15500.0  0.216  0.220 348.40 348.41 348.43   0.00   0.00   0.00  6.667     0.2743E-03
  78 15250.0  0.225  0.228 347.03 347.03 347.06   0.00   0.00   0.00  6.667     0.1225E-03
  77 15000.0  0.232  0.236 346.41 346.42 346.44   0.00   0.00   0.00  6.667     0.1219E-03
  76 14750.0  0.240  0.244 345.79 345.80 345.83   0.01   0.00   0.00  6.667     0.1222E-03
  75 14500.0  0.248  0.252 345.16 345.18 345.21   0.01   0.00   0.00  6.667     0.1221E-03
  74 14250.0  0.257  0.261 344.52 344.55 344.59   0.01   0.00   0.00  6.667     0.7883E-04
  73 14000.0  0.265  0.269 344.11 344.15 344.20   0.01   0.00   0.00  6.667     0.6108E-04
  72 13750.0  0.273  0.277 343.79 343.84 343.90   0.02   0.00   0.00  6.667     0.6030E-04
  71 13500.0  0.282  0.286 343.47 343.53 343.61   0.02   0.00   0.00  6.667     0.6015E-04
  70 13250.0  0.290  0.295 343.14 343.21 343.32   0.03   0.00   0.00  6.667     0.4858E-04
  69 13000.0  0.299  0.303 342.88 342.97 343.11   0.04   0.00   0.00  6.667     0.4739E-04
  68 12750.0  0.308  0.312 342.62 342.74 342.91   0.05   0.00   0.00  6.667     0.4700E-04
  67 12500.0  0.317  0.322 342.36 342.50 342.72   0.06   0.00   0.00  6.667     0.4637E-04
  66 12250.0  0.326  0.331 342.10 342.28 342.54   0.07   0.00   0.00  6.667     0.4502E-04
  65 12000.0  0.336  0.340 341.84 342.08 342.39   0.09   0.00   0.00  6.667     0.4423E-04
  64 11750.0  0.345  0.350 341.59 341.87 342.26   0.11   0.00   0.00  6.667     0.4765E-04
  63 11500.0  0.355  0.360 341.31 341.66 342.13   0.14   0.00   0.00  6.667     0.5088E-04
  62 11250.0  0.365  0.370 341.02 341.45 342.01   0.17   0.00   0.00  6.667     0.5068E-04
  61 11000.0  0.375  0.380 340.72 341.23 341.91   0.20   0.00   0.00  6.667     0.5872E-04
  60 10750.0  0.386  0.391 340.37 340.99 341.79   0.25   0.00   0.00  6.667     0.6264E-04
  59 10500.0  0.396  0.402 339.99 340.75 341.68   0.30   0.00   0.00  6.667     0.6307E-04
  58 10250.0  0.407  0.413 339.61 340.50 341.60   0.35   0.00   0.00  6.667     0.7619E-04
  57 10000.0  0.418  0.424 339.15 340.22 341.47   0.43   0.00   0.00  6.667     0.7626E-04
  56  9750.0  0.430  0.436 338.68 339.94 341.39   0.51   0.00   0.00  6.667     0.8416E-04
  55  9500.0  0.442  0.448 338.16 339.64 341.29   0.59   0.00   0.00  6.667     0.8988E-04
  54  9250.0  0.454  0.460 337.59 339.31 341.19   0.69   0.00   0.00  6.667     0.9294E-04
  53  9000.0  0.466  0.473 337.01 338.98 341.11   0.79   0.00   0.00  6.667     0.1003E-03
  52  8750.0  0.479  0.485 336.37 338.63 341.03   0.90   0.00   0.00  6.667     0.1019E-03
  51  8500.0  0.492  0.499 335.72 338.28 340.98   1.02   0.00   0.00  6.667     0.1109E-03
  50  8250.0  0.505  0.512 335.01 337.91 340.91   1.16   0.00   0.00  6.667     0.1123E-03
  49  8000.0  0.519  0.526 334.28 337.52 340.88   1.30   0.00   0.00  6.667     0.1231E-03
  48  7750.0  0.533  0.540 333.47 337.05 340.80   1.43   0.00   0.00  6.667     0.1249E-03
  47  7500.0  0.547  0.555 332.65 336.57 340.76   1.57   0.00   0.00  6.667     0.1318E-03
  46  7250.0  0.562  0.570 331.78 336.08 340.70   1.72   0.00   0.00  6.667     0.1330E-03
  45  7000.0  0.577  0.585 330.90 335.62 340.68   1.89   0.00   0.00  6.667     0.1351E-03
  44  6750.0  0.593  0.601 329.99 335.25 340.69   2.10   0.00   0.00  6.667     0.1373E-03
  43  6500.0  0.609  0.617 329.07 334.96 340.73   2.36   0.00   0.00  6.667     0.1392E-03
  42  6250.0  0.625  0.633 328.13 334.76 340.81   2.65   0.00   0.00  6.667     0.1477E-03
  41  6000.0  0.641  0.650 327.12 334.59 340.84   2.99   0.00   0.00  6.667     0.1514E-03
  40  5750.0  0.658  0.667 326.09 334.47 340.86   3.35   0.00   0.00  6.596     0.1571E-03
  39  5505.3  0.676  0.684 325.03 334.47 340.86   3.78   0.00   0.00  6.526     0.1637E-03
  38  5260.5  0.693  0.702 323.92 334.53 340.80   4.24   0.00   0.00  6.386     0.1671E-03
  37  5026.3  0.710  0.719 322.83 334.58 340.73   4.70   0.00   0.00  6.246     0.1708E-03
  36  4792.1  0.728  0.737 321.72 334.45 340.64   5.09   0.00   0.00  6.105     0.1613E-03
  35  4568.4  0.745  0.754 320.71 334.29 340.74   5.43   0.00   0.00  5.965     0.1549E-03
  34  4344.7  0.762  0.771 319.73 334.09 340.97   5.74   0.00   0.00  5.825     0.1457E-03
  33  4131.6  0.779  0.788 318.85 333.88 341.38   6.01   0.00   0.00  5.684     0.1439E-03
  32  3918.4  0.796  0.804 317.98 333.69 341.88   6.28   0.00   0.00  5.544     0.1417E-03
  31  3715.8  0.812  0.821 317.16 333.54 342.43   6.55   0.00   0.00  5.404     0.1430E-03
  30  3513.2  0.829  0.837 316.34 333.54 343.02   6.88   0.00   0.00  5.263     0.1434E-03
  29  3321.1  0.845  0.853 315.54 333.60 343.62   7.22   0.00   0.00  5.123     0.1450E-03
  28  3128.9  0.861  0.869 314.74 333.72 344.24   7.59   0.00   0.00  4.982     0.1490E-03
  27  2947.4  0.877  0.885 313.96 334.00 344.80   8.02   0.00   0.00  4.842     0.1525E-03
  26  2765.8  0.892  0.900 313.15 334.29 345.35   8.46   0.00   0.00  4.702     0.1580E-03
  25  2594.7  0.908  0.916 312.36 334.57 345.81   8.88   0.00   0.00  4.561     0.1665E-03
  24  2423.7  0.923  0.931 311.53 334.93 346.16   9.36   0.00   0.00  4.421     0.1717E-03
  23  2263.2  0.938  0.946 310.72 335.32 346.43   9.84   0.00   0.00  4.281     0.1746E-03
  22  2102.6  0.953  0.961 309.89 335.72 346.67  10.33   0.00   0.00  4.140     0.1744E-03
  21  1952.6  0.968  0.975 309.12 336.05 346.91  10.77   0.00   0.00  4.000     0.1736E-03
  20  1802.6  0.982  0.989 308.35 336.26 347.18  11.16   0.00   0.00  3.860     0.1715E-03
  19  1663.2  0.996  1.003 307.64 336.50 347.48  11.54   0.00   0.00  3.719     0.1698E-03
  18  1523.7  1.010  1.016 306.94 336.80 347.81  11.94   0.00   0.00  3.579     0.1657E-03
  17  1394.7  1.023  1.029 306.31 337.17 348.19  12.34   0.00   0.00  3.439     0.1636E-03
  16  1265.8  1.035  1.041 305.68 337.60 348.61  12.77   0.00   0.00  3.298     0.1557E-03
  15  1147.4  1.047  1.053 305.12 338.21 349.12  13.23   0.00   0.00  3.158     0.1517E-03
  14  1028.9  1.059  1.065 304.59 338.95 349.70  13.74   0.00   0.00  3.018     0.1415E-03
  13   921.1  1.070  1.075 304.13 339.80 350.37  14.27   0.00   0.00  2.877     0.1338E-03
  12   813.2  1.080  1.085 303.69 340.79 351.16  14.84   0.00   0.00  2.737     0.1242E-03
  11   715.8  1.090  1.095 303.33 341.71 352.01  15.35   0.00   0.00  2.596     0.1041E-03
  10   618.4  1.099  1.104 303.02 342.69 353.11  15.86   0.00   0.00  2.456     0.1007E-03
   9   531.6  1.108  1.112 302.76 343.57 354.17  16.32   0.00   0.00  2.316     0.8264E-04
   8   444.7  1.116  1.120 302.54 344.25 355.45  16.68   0.00   0.00  2.175     0.7255E-04
   7   368.4  1.124  1.127 302.37 344.79 356.71  16.97   0.00   0.00  2.035     0.7589E-04
   6   292.1  1.131  1.134 302.20 345.33 357.96  17.25   0.00   0.00  1.895     0.8495E-04
   5   226.3  1.138  1.141 302.03 345.73 358.98  17.48   0.00   0.00  1.754     0.9079E-04
   4   160.5  1.144  1.147 301.84 346.12 359.97  17.71   0.00   0.00  1.614     0.8328E-04
   3   105.3  1.150  1.153 301.70 346.46 360.87  17.90   0.00   0.00  1.474     0.8823E-04
   2    50.0  1.154  1.156 301.55 346.81 361.75  18.10   0.00   0.00  1.070    -0.2698E-04
   1    25.0  1.158  1.160 301.57 347.00 362.57  18.17   0.00   0.00  1.000      0.000    
  k      z    rho     rhoi    s      h     h*      qt      u      v     adz     
 Nsq
 
   k      z      dz     pres   presi   Tabs     tp     tpl      qt      Qc      
 Qi      REL
 128 27750.00  250.00   16.49   16.80  226.15  731.15  731.15  0.0041  0.0000  0.0000    0.12
 127 27500.00  250.00   17.13   17.45  225.52  721.29  721.29  0.0041  0.0000  0.0000    0.13
 126 27250.00  250.00   17.79   18.13  224.90  711.54  711.54  0.0041  0.0000  0.0000    0.15
 125 27000.00  250.00   18.48   18.83  224.24  701.79  701.79  0.0041  0.0000  0.0000    0.17
 124 26750.00  250.00   19.20   19.57  223.55  692.04  692.04  0.0041  0.0000  0.0000    0.19
 123 26500.00  250.00   19.95   20.33  222.83  682.29  682.29  0.0041  0.0000  0.0000    0.21
 122 26250.00  250.00   20.73   21.13  222.36  673.42  673.42  0.0041  0.0000  0.0000    0.23
 121 26000.00  250.00   21.54   21.96  221.86  664.55  664.55  0.0041  0.0000  0.0000    0.25
 120 25750.00  250.00   22.39   22.82  221.33  655.68  655.68  0.0041  0.0000  0.0000    0.28
 119 25500.00  250.00   23.27   23.72  220.76  646.82  646.82  0.0041  0.0000  0.0000    0.31
 118 25250.00  250.00   24.19   24.66  220.16  637.95  637.95  0.0041  0.0000  0.0000    0.35
 117 25000.00  250.00   25.15   25.64  219.53  629.09  629.09  0.0041  0.0000  0.0000    0.39
 116 24750.00  250.00   26.15   26.66  218.86  620.23  620.23  0.0041  0.0000  0.0000    0.44
 115 24500.00  250.00   27.19   27.73  218.16  611.37  611.37  0.0041  0.0000  0.0000    0.50
 114 24250.00  250.00   28.28   28.84  217.52  602.79  602.79  0.0041  0.0000  0.0000    0.56
 113 24000.00  250.00   29.41   30.00  217.04  594.73  594.73  0.0041  0.0000  0.0000    0.61
 112 23750.00  250.00   30.60   31.21  216.52  586.66  586.66  0.0041  0.0000  0.0000    0.68
 111 23500.00  250.00   31.83   32.46  215.97  578.60  578.60  0.0041  0.0000  0.0000    0.76
 110 23250.00  250.00   33.11   33.78  215.39  570.54  570.54  0.0041  0.0000  0.0000    0.85
 109 23000.00  250.00   34.46   35.15  214.77  562.47  562.47  0.0041  0.0000  0.0000    0.95
 108 22750.00  250.00   35.86   36.58  214.12  554.41  554.41  0.0041  0.0000  0.0000    1.08
 107 22500.00  250.00   37.32   38.07  213.43  546.35  546.35  0.0041  0.0000  0.0000    1.23
 106 22250.00  250.00   38.85   39.64  212.71  538.30  538.30  0.0041  0.0000  0.0000    1.40
 105 22000.00  250.00   40.44   41.27  212.01  530.40  530.40  0.0041  0.0000  0.0000    1.60
 104 21750.00  250.00   42.11   42.97  211.29  522.53  522.53  0.0041  0.0000  0.0000    1.84
 103 21500.00  250.00   43.85   44.75  210.53  514.65  514.65  0.0041  0.0000  0.0000    2.12
 102 21250.00  250.00   45.67   46.61  209.73  506.78  506.78  0.0041  0.0000  0.0000    2.46
 101 21000.00  250.00   47.57   48.56  208.90  498.91  498.91  0.0041  0.0000  0.0000    2.88
 100 20750.00  250.00   49.56   50.59  208.03  491.04  491.04  0.0041  0.0000  0.0000    3.39
  99 20500.00  250.00   51.65   52.72  207.11  483.16  483.16  0.0041  0.0000  0.0000    4.02
  98 20250.00  250.00   53.83   54.95  206.16  475.29  475.29  0.0041  0.0000  0.0000    4.80
  97 20000.00  250.00   56.11   57.29  205.25  467.60  467.60  0.0041  0.0000  0.0000    5.70
  96 19750.00  250.00   58.50   59.74  204.33  459.98  459.98  0.0041  0.0000  0.0000    6.76
  95 19500.00  250.00   61.01   62.30  203.37  452.37  452.37  0.0041  0.0000  0.0000    8.05
  94 19250.00  250.00   63.63   64.99  202.37  444.76  444.76  0.0041  0.0000  0.0000    9.60
  93 19000.00  250.00   66.38   67.81  201.33  437.15  437.15  0.0041  0.0000  0.0000   11.43
  92 18750.00  250.00   69.27   70.76  200.24  429.53  429.53  0.0041  0.0000  0.0000   13.54
  91 18500.00  250.00   72.30   73.86  199.11  421.92  421.92  0.0041  0.0000  0.0000   15.91
  90 18250.00  250.00   75.48   77.12  197.94  414.31  414.31  0.0041  0.0000  0.0000   18.49
  89 18000.00  250.00   78.81   80.54  197.06  407.40  407.40  0.0039  0.0000  0.0000   19.73
  88 17750.00  250.00   82.31   84.12  196.39  400.99  400.99  0.0035  0.0000  0.0000   19.47
  87 17500.00  250.00   85.98   87.88  195.67  394.58  394.58  0.0031  0.0000  0.0000   19.01
  86 17250.00  250.00   89.83   91.82  194.91  388.17  388.17  0.0026  0.0000  0.0000   17.66
  85 17000.00  250.00   93.86   95.95  194.12  381.76  381.76  0.0022  0.0000  0.0000   16.74
  84 16750.00  250.00   98.09  100.29  193.28  375.35  375.35  0.0018  0.0000  0.0000   15.68
  83 16500.00  250.00  102.54  104.84  192.55  369.23  369.23  0.0014  0.0000  0.0000   12.95
  82 16250.00  250.00  107.18  109.57  193.67  366.71  366.71  0.0018  0.0000  0.0000   16.37
  81 16000.00  250.00  112.00  114.48  194.78  364.20  364.20  0.0021  0.0000  0.0000   17.98
  80 15750.00  250.00  117.00  119.58  195.87  361.69  361.69  0.0025  0.0000  0.0000   20.54
  79 15500.00  250.00  122.21  124.89  196.95  359.19  359.19  0.0028  0.0000  0.0000   22.16
  78 15250.00  250.00  127.61  130.39  198.02  356.69  356.69  0.0032  0.0000  0.0000   24.24
  77 15000.00  250.00  133.21  136.09  199.84  355.59  355.59  0.0049  0.0000  0.0000   32.50
  76 14750.00  250.00  139.01  141.98  201.67  354.49  354.49  0.0067  0.0000  0.0000   37.51
  75 14500.00  250.00  144.99  148.07  203.48  353.39  353.39  0.0084  0.0000  0.0000   38.63
  74 14250.00  250.00  151.19  154.36  205.29  352.30  352.30  0.0102  0.0000  0.0000   37.98
  73 14000.00  250.00  157.58  160.86  207.32  351.59  351.59  0.0141  0.0000  0.0000   41.00
  72 13750.00  250.00  164.18  167.56  209.44  351.05  351.05  0.0188  0.0000  0.0000   42.31
  71 13500.00  250.00  170.98  174.47  211.56  350.51  350.51  0.0235  0.0000  0.0000   41.25
  70 13250.00  250.00  177.99  181.58  213.68  349.98  349.98  0.0283  0.0000  0.0000   39.14
  69 13000.00  250.00  185.21  188.92  215.86  349.55  349.55  0.0381  0.0000  0.0000   41.60
  68 12750.00  250.00  192.65  196.47  218.04  349.13  349.13  0.0483  0.0000  0.0000   41.97
  67 12500.00  250.00  200.32  204.24  220.22  348.71  348.71  0.0585  0.0000  0.0000   40.78
  66 12250.00  250.00  208.20  212.24  222.40  348.30  348.30  0.0740  0.0000  0.0000   41.64
  65 12000.00  250.00  216.32  220.47  224.59  347.91  347.91  0.0935  0.0000  0.0000   42.70
  64 11750.00  250.00  224.66  228.94  226.78  347.52  347.52  0.1131  0.0000  0.0000   42.12
  63 11500.00  250.00  233.25  237.64  228.95  347.10  347.10  0.1392  0.0000  0.0000   42.58
  62 11250.00  250.00  242.07  246.59  231.09  346.65  346.65  0.1721  0.0000  0.0000   43.53
  61 11000.00  250.00  251.15  255.79  233.24  346.20  346.20  0.2050  0.0000  0.0000   43.04
  60 10750.00  250.00  260.48  265.25  235.33  345.69  345.69  0.2502  0.0000  0.0000   44.01
  59 10500.00  250.00  270.07  274.97  237.40  345.14  345.14  0.3019  0.0000  0.0000   44.77
  58 10250.00  250.00  279.92  284.96  239.46  344.59  344.59  0.3544  0.0000  0.0000   44.48
  57 10000.00  250.00  290.04  295.22  241.44  343.92  343.92  0.4301  0.0000  0.0000   46.21
  56  9750.00  250.00  300.45  305.77  243.41  343.26  343.26  0.5059  0.0000  0.0000   46.69
  55  9500.00  250.00  311.14  316.60  245.33  342.53  342.53  0.5922  0.0000  0.0000   47.31
  54  9250.00  250.00  322.12  327.73  247.21  341.75  341.75  0.6862  0.0000  0.0000   47.76
  53  9000.00  250.00  333.40  339.16  249.07  340.95  340.95  0.7868  0.0000  0.0000   47.94
  52  8750.00  250.00  344.99  350.91  250.88  340.08  340.08  0.9041  0.0000  0.0000   48.55
  51  8500.00  250.00  356.89  362.97  252.67  339.20  339.20  1.0239  0.0000  0.0000   48.64
  50  8250.00  250.00  369.11  375.36  254.40  338.25  338.25  1.1615  0.0000  0.0000   49.18
  49  8000.00  250.00  381.67  388.09  256.11  337.29  337.29  1.2987  0.0000  0.0000   49.16
  48  7750.00  250.00  394.57  401.16  257.75  336.24  336.24  1.4308  0.0000  0.0000   48.82
  47  7500.00  250.00  407.81  414.58  259.37  335.18  335.18  1.5657  0.0000  0.0000   48.30
  46  7250.00  250.00  421.42  428.37  260.94  334.06  334.06  1.7183  0.0000  0.0000   48.20
  45  7000.00  250.00  435.39  442.53  262.50  332.94  332.94  1.8885  0.0000  0.0000   48.29
  44  6750.00  250.00  449.74  457.06  264.04  331.80  331.80  2.1004  0.0000  0.0000   49.11
  43  6500.00  250.00  464.46  471.99  265.56  330.65  330.65  2.3574  0.0000  0.0000   50.54
  42  6250.00  250.00  479.59  487.31  267.06  329.48  329.48  2.6529  0.0000  0.0000   52.29
  41  6000.00  250.00  495.11  503.04  268.50  328.26  328.26  2.9878  0.0000  0.0000   54.47
  40  5750.00  247.37  511.05  519.01  269.90  327.00  327.00  3.3528  0.0000  0.0000   56.74
  39  5505.26  244.74  527.06  535.23  271.24  325.73  325.73  3.7763  0.0000  0.0000   59.66
  38  5260.53  239.47  543.49  551.51  272.52  324.41  324.41  4.2422  0.0000  0.0000   62.85
  37  5026.32  234.21  559.61  567.83  273.72  323.13  323.13  4.6964  0.0000  0.0000   65.61
  36  4792.10  228.95  576.14  584.18  274.89  321.83  321.83  5.0936  0.0000  0.0000   67.29
  35  4568.42  223.68  592.30  600.53  276.07  320.66  320.66  5.4330  0.0000  0.0000   67.82
  34  4344.74  218.42  608.84  616.86  277.28  319.54  319.54  5.7439  0.0000  0.0000   67.61
  33  4131.58  213.16  624.96  633.15  278.48  318.54  318.54  6.0102  0.0000  0.0000   66.70
  32  3918.42  207.89  641.42  649.38  279.70  317.55  317.55  6.2833  0.0000  0.0000   65.75
  31  3715.79  202.63  657.41  665.53  280.86  316.64  316.64  6.5490  0.0000  0.0000   64.81
  30  3513.16  197.37  673.72  681.58  282.01  315.71  315.71  6.8804  0.0000  0.0000   64.48
  29  3321.05  192.11  689.49  697.50  283.09  314.84  314.84  7.2196  0.0000  0.0000   64.30
  28  3128.95  186.84  705.57  713.28  284.17  313.96  313.96  7.5919  0.0000  0.0000   64.36
  27  2947.37  181.58  721.05  728.90  285.16  313.10  313.10  8.0150  0.0000  0.0000   64.97
  26  2765.79  176.32  736.81  744.34  286.13  312.23  312.23  8.4559  0.0000  0.0000   65.67
  25  2594.74  171.05  751.92  759.57  287.01  311.38  311.38  8.8832  0.0000  0.0000   66.41
  24  2423.68  165.79  767.28  774.59  287.85  310.49  310.49  9.3601  0.0000  0.0000   67.58
  23  2263.16  160.53  781.94  789.37  288.61  309.63  309.63  9.8401  0.0000  0.0000   68.91
  22  2102.63  155.26  796.84  803.89  289.35  308.76  308.76 10.3272  0.0000  0.0000   70.22
  21  1952.63  150.00  810.98  818.13  290.04  307.95  307.95 10.7704  0.0000  0.0000   71.27
  20  1802.63  144.74  825.33  832.08  290.74  307.14  307.14 11.1605  0.0000  0.0000   71.87
  19  1663.16  139.47  838.86  845.70  291.39  306.40  306.40 11.5394  0.0000  0.0000   72.44
  18  1523.68  134.21  852.59  859.00  292.05  305.68  305.68 11.9418  0.0000  0.0000   73.06
  17  1394.74  128.95  865.44  871.93  292.68  305.02  305.02 12.3430  0.0000  0.0000   73.69
  16  1265.79  123.68  878.46  884.49  293.31  304.38  304.38 12.7678  0.0000  0.0000   74.35
  15  1147.37  118.42  890.56  896.66  293.91  303.82  303.82 13.2316  0.0000  0.0000   75.20
  14  1028.95  113.16  902.79  908.42  294.53  303.27  303.27 13.7444  0.0000  0.0000   76.18
  13   921.05  107.89  914.06  919.74  295.13  302.81  302.81 14.2654  0.0000  0.0000   77.13
  12   813.16  102.63  925.44  930.62  295.75  302.37  302.37 14.8367  0.0000  0.0000   78.16
  11   715.79   97.37  935.81  941.03  296.34  302.01  302.01 15.3517  0.0000  0.0000   78.86
  10   618.42   92.11  946.27  950.96  296.98  301.71  301.71 15.8649  0.0000  0.0000   79.19
   9   531.58   86.84  955.67  960.40  297.56  301.45  301.45 16.3225  0.0000  0.0000   79.39
   8   444.74   81.58  965.15  969.33  298.20  301.23  301.23 16.6807  0.0000  0.0000   78.83
   7   368.42   76.32  973.53  977.75  298.77  301.07  301.07 16.9656  0.0000  0.0000   78.08
   6   292.11   71.05  981.97  985.63  299.34  300.90  300.90 17.2505  0.0000  0.0000   77.35
   5   226.32   65.79  989.29  992.97  299.81  300.74  300.74 17.4807  0.0000  0.0000   76.74
   4   160.53   60.53  996.66  999.76  300.27  300.56  300.56 17.7084  0.0000  0.0000   76.18
   3   105.26   55.26 1002.87 1006.00  300.67  300.43  300.43 17.8998  0.0000  0.0000   75.64
   2    50.00   40.13 1009.12 1010.54  301.06  300.28  300.28 18.0994  0.0000  0.0000   75.18
   1    25.00   37.50 1011.96 1014.80  301.33  300.31  300.31 18.1687  0.0000  0.0000   74.48
   k      z      dz     pres   presi   Tabs     tp     tpl      qt      Qc      
 Qi      REL
 Smagorinsky SGS Closure
 Initialize isolated anvil cloud (case 31): IWC=0.3 g/m3, reff 20->40um, N 900->
 3600 L^-1
 Initializeing forcing data...
 sounding data: nsnd=           3   nzsnd=         128
 Observed sounding interval (days):  0.000000000000000E+000
   2000.00000000000     
 
 Case: iso_cld
 Caseid: iso_cld_P3_256x256x128_Nc0_1600
 New Run.
 Day:  0.000000000000000E+000
 Model type: CEM
 Finish at timestep:         360
 Finish on day:  0.125000000000000     
 
 Statistics file ouput frequency:           60  steps
 Statistics file sampling: every           15  steps
 printouts frequency:           4  steps
 Adams-Bashforth scheme order:           3
 
 Global Grid:         256         256         128
 Local Grid:          32          32         128
 Grid spacing (m) dx, dy, dz:   1000.00000000000        1000.00000000000     
   37.5000000000000     
 Domain dimensions (m):   256000.000000000        256000.000000000     
   27750.0000000000     
 dowallx= F
 dowally= F
 
 Timestep (sec):   30.0000000000000     
 domain translation velocities ug, vg:  0.000000000000000E+000
  0.000000000000000E+000
 
 do column model F
 do convective parameterization F
 do spange damping at the domain top:  T
 maintain grad. of scalars at the top: T
 clouds are allowed: T
 precipitation is allowed: T
 smoke cloud F
 SGS scheme is on: T
 larger-scale subsidence is on: F
 larger-scale tendency is on: F
 coriolis force is allowed: F
 vertical coriolis force is allowed: F
 longwave radiation: T
 shortwave radiation: T
 do seasonal solar cycle: F
 do perpetual sun: T
 compute effective radius for liquid: T
 compute effective radius for ice: T
 doradsimple =  F
 doradhomo = F
 dosolarconstant =  T
 solar_constant =    423.500000000000     
 zenith_angle =    42.8900000000000     
 doradlon =  F
 doradlat =  F
 Latitude0:  0.000000000000000E+000
 Longitude0:  0.000000000000000E+000
 rundatadir = ./RUNDATA
 factor to change present CO2 concentration: nxco2=   1.00000000000000     
 surface flux parameterization is on: T
 Surface type: OCEAN
  sensible heat flux prescribed: F
  latent heat flux prescribed: F
  surface stress prescribed: F
 dosfchomo =  F
 doisccp =  T
 domodis =  T
 domisr =  T
 dosimfilesout= F
 dodynamicocean = F
 doseawater= T
 salt_factor (satur. correction for salty water)=  0.981000000000000     
 dotracers = F
 output_sep = F
 perturb_type =           31
 doSAMconditionals = F
 dosatupdnconditionals = T
 doscamiopdata = F
 iopfile:
 dozero_out_day0 = F
 nsave2D =           60
 nsave2Dstart =            0
 nsave2Dend =     99960480
 save2Dbin =  T
 nsave3D =          120
 nsave3Dstart =            0
 nsave3Dend =     99960480
 save3Dbin =  T
 qnsave3D =   0.000000000000000E+000
 docolumn =  F
 doensemble =  F
 nensemble =            0
 nstatmom =         1000
 nstatmomstart =            1
 nstatmomend =            0
 savemombin =  F
 nmovie =         1000
 nmoviestart =     99999999
 nmovieend =     99999999
 Writting 3D data. file:./OUT_3D/iso_cld_iso_cld_P3_256x256x128_Nc0_1600_64_0000
 000000.bin3D                                                    
 Number of statistics profiles:         457
 Statistics profiles to save:
PRES       U          V          UOBS       VOBS       WOBS       RHO        MSE     
DSE        SSE        THETAE     THETA      THETAV     THETAL     TABS       TABSOBS 
TL         QT         QV         QVOBS      TTEND      QTEND      QCL        QCI     
QPL        QPI        QN         QP         QNFR       FRACT      QSAT       QCOND   
PRECIP     RELH       TLFLUX     TLFLUXS    TVFLUX     QCFLUX     QIFLUX     SW      
SWSB       UW         UWSB       VW         VWSB       RADLWUP    RADLWDN    RADSWUP 
RADSWDN    RADQRLW    RADQRSW    RADQR      RADQRS     RADQRC     Q1C        Q1CC    
Q1CS       Q1LS       Q2         Q2C        Q2S        Q2LS       U2         V2      
W2         TL2        TQ         QT2        QC2        QI2        QS2        S2      
W3         AUP        WSKEW      TKE        TKES       TK         TKH        HLADV   
HLDIFF     HLLAT      HLRAD      QTADV      QTDIFF     QTSINK     QTSRC      QPADV   
QPDIFF     QPFALL     QPSRC      QPEVP      SHEAR      SHEARS     BUOYA      BUOYAS  
ADVTR      PRESSTR    ADVTRS     DIFTR      DISSIP     DISSIPS    WUADV      WVADV   
WUPRES     WVPRES     WUANIZ     WVANIZ     WUSHEAR    WVSHEAR    WUBUOY     WVBUOY  
WUDIFF     WVDIFF     W2ADV      W2PRES     W2REDIS    W2BUOY     W2DIFF     TWGRAD  
TWADV      TWDIFF     TWBUOY     TWPRES     TWPREC     QWGRAD     QWADV      QWDIFF  
QWBUOY     QWPRES     QWPREC     T2ADVTR    T2GRAD     T2DISSIP   T2DIFTR    T2PREC  
Q2ADVTR    Q2GRAD     Q2DISSIP   Q2DIFTR    Q2PREC     HYDRO      MCUP       MCDNS   
MCDNU      MC         CORE       CORECL     COREDN     COREDNCL   MCRUP      MCRDNS  
MCRDNU     MCR        QVTEND     QHTEND     QNUDGE     THTEND     TVTEND     TNUDGE  
WSTAR3     UADV       VADV       UDIFF      VDIFF      UNUDGE     VNUDGE     ULSADVV 
VLSADVV    USTOR      VSTOR      UTENDCOR   URESID     VTENDCOR   VRESID     HLSTOR  
QTSTOR     CLDCUMU1   CLDCUMD1   CLDCUMU2   CLDCUMD2   TBIAS      QBIAS      RELHBIAS
UXGRID     VXGRID     TKEDAMP    RADQRCLW   RADQRCSW   SURFVARS   CLD        WCLD    
UCLD       VCLD       MSECLD     DSECLD     TLCLD      TACLD      TVCLD      TVCLDA  
QTCLD      QNCLD      QPCLD      SCLD       WCLDA      TLWCLD     TVWCLD     SWCLD   
QTWCLD     QCWCLD     QIWCLD     HFCLD      HFCLDA     UCLDA      VCLDA      UPGFCLD 
VPGFCLD    WPGFCLD    UWCLD      VWCLD      UWSBCLD    VWSBCLD    MFCLD      MFHCLD  
MFHCLDA    MFTLCLD    MFTLCLDA   MFTVCLD    MFTVCLDA   MFQTCLD    MFQTCLDA   RUWCLD  
RVWCLD     RWWCLD     SUP        WSUP       USUP       VSUP       MSESUP     DSESUP  
TLSUP      TASUP      TVSUP      TVSUPA     QTSUP      QNSUP      QPSUP      SSUP    
WSUPA      TLWSUP     TVWSUP     SWSUP      QTWSUP     QCWSUP     QIWSUP     HFSUP   
HFSUPA     USUPA      VSUPA      UPGFSUP    VPGFSUP    WPGFSUP    UWSUP      VWSUP   
UWSBSUP    VWSBSUP    MFSUP      MFHSUP     MFHSUPA    MFTLSUP    MFTLSUPA   MFTVSUP 
MFTVSUPA   MFQTSUP    MFQTSUPA   RUWSUP     RVWSUP     RWWSUP     SDN        WSDN    
USDN       VSDN       MSESDN     DSESDN     TLSDN      TASDN      TVSDN      TVSDNA  
QTSDN      QNSDN      QPSDN      SSDN       WSDNA      TLWSDN     TVWSDN     SWSDN   
QTWSDN     QCWSDN     QIWSDN     HFSDN      HFSDNA     USDNA      VSDNA      UPGFSDN 
VPGFSDN    WPGFSDN    UWSDN      VWSDN      UWSBSDN    VWSBSDN    MFSDN      MFHSDN  
MFHSDNA    MFTLSDN    MFTLSDNA   MFTVSDN    MFTVSDNA   MFQTSDN    MFQTSDNA   RUWSDN  
RVWSDN     RWWSDN     ENV        WENV       UENV       VENV       MSEENV     DSEENV  
TLENV      TAENV      TVENV      TVENVA     QTENV      QNENV      QPENV      SENV    
WENVA      TLWENV     TVWENV     SWENV      QTWENV     QCWENV     QIWENV     HFENV   
HFENVA     UENVA      VENVA      UPGFENV    VPGFENV    WPGFENV    UWENV      VWENV   
UWSBENV    VWSBENV    MFENV      MFHENV     MFHENVA    MFTLENV    MFTLENVA   MFTVENV 
MFTVENVA   MFQTENV    MFQTENVA   RUWENV     RVWENV     RWWENV     QTFLUX     QTO     
QTO2       QTOADV     QTODIFF    QTOMPHY    QTOSED     QTOSDFLX   QTOSTRG    QTOFLXR 
QTOFLXS    NC         NCADV      NCDIFF     NCMPHY     NCSED      NCSDFLX    NCSTRG  
NCFLXR     NCFLXS     QR         QRADV      QRDIFF     QRMPHY     QRSED      QRSDFLX 
QRSTRG     QRFLXR     QRFLXS     NR         NRADV      NRDIFF     NRMPHY     NRSED   
NRSDFLX    NRSTRG     NRFLXR     NRFLXS     QIA        QIAADV     QIADIFF    QIAMPHY 
QIASED     QIASDFLX   QIASTRG    QIAFLXR    QIAFLXS    TAUQIA     QIAOEFFR   NIA     
NIAADV     NIADIFF    NIAMPHY    NIASED     NIASDFLX   NIASTRG    NIAFLXR    NIAFLXS 
IRA        IRAADV     IRADIFF    IRAMPHY    IRASED     IRASDFLX   IRASTRG    IRAFLXR 
IRAFLXS    IBA        IBAADV     IBADIFF    IBAMPHY    IBASED     IBASDFLX   IBASTRG 
IBAFLXR    IBAFLXS    QC         TAUQC      QCOEFFR    T1         QV1        ninuc   
ninuc2     ninuc3     ncheti     nrheti     nimul      nimlt      nisub      nislf   
nrchomi 
wspd, zbot, t_degC, zbot =       0.00000000     25.00000000     28.17889904     25.00000000
qbot,zbot,pmidm1,ts_degC =       0.01816870     25.00000000   1011.95826106     30.00000000
tau,shf,lhf,Le =     0.000000E+00    0.415615E-02    0.242428E-04    0.000000E+00
ssq, lhf_coef, ustar,  u10n =         0.026702       -0.002841        0.061294        1.246410
 SHF/LHF (W/m2 approx) =    5.05720569329206        73.0193664517617     
wspd, zbot, t_degC, zbot =       0.00000000     25.00000000     28.17889904     25.00000000
qbot,zbot,pmidm1,ts_degC =       0.01816870     25.00000000   1011.95826106     30.00000000
tau,shf,lhf,Le =     0.000000E+00    0.415615E-02    0.242428E-04    0.000000E+00
ssq, lhf_coef, ustar,  u10n =         0.026702       -0.002841        0.061294        1.246410
 SHF/LHF (W/m2 approx) =    5.05720569329206        73.0193664517617     
wspd, zbot, t_degC, zbot =       0.00000000     25.00000000     28.17889904     25.00000000
qbot,zbot,pmidm1,ts_degC =       0.01816870     25.00000000   1011.95826106     30.00000000
tau,shf,lhf,Le =     0.000000E+00    0.415615E-02    0.242428E-04    0.000000E+00
ssq, lhf_coef, ustar,  u10n =         0.026702       -0.002841        0.061294        1.246410
 SHF/LHF (W/m2 approx) =    5.05720569329206        73.0193664517617     
wspd, zbot, t_degC, zbot =       0.00000000     25.00000000     28.17889904     25.00000000
qbot,zbot,pmidm1,ts_degC =       0.01816870     25.00000000   1011.95826106     30.00000000
tau,shf,lhf,Le =     0.000000E+00    0.415615E-02    0.242428E-04    0.000000E+00
ssq, lhf_coef, ustar,  u10n =         0.026702       -0.002841        0.061294        1.246410
 SHF/LHF (W/m2 approx) =    5.05720569329206        73.0193664517617     
wspd, zbot, t_degC, zbot =       0.00000000     25.00000000     28.17889904     25.00000000
qbot,zbot,pmidm1,ts_degC =       0.01816870     25.00000000   1011.95826106     30.00000000
tau,shf,lhf,Le =     0.000000E+00    0.415615E-02    0.242428E-04    0.000000E+00
ssq, lhf_coef, ustar,  u10n =         0.026702       -0.002841        0.061294        1.246410
 SHF/LHF (W/m2 approx) =    5.05720569329206        73.0193664517617     
wspd, zbot, t_degC, zbot =       0.00000000     25.00000000     28.17889904     25.00000000
qbot,zbot,pmidm1,ts_degC =       0.01816870     25.00000000   1011.95826106     30.00000000
tau,shf,lhf,Le =     0.000000E+00    0.415615E-02    0.242428E-04    0.000000E+00
ssq, lhf_coef, ustar,  u10n =         0.026702       -0.002841        0.061294        1.246410
 SHF/LHF (W/m2 approx) =    5.05720569329206        73.0193664517617     
wspd, zbot, t_degC, zbot =       0.00000000     25.00000000     28.17889904     25.00000000
qbot,zbot,pmidm1,ts_degC =       0.01816870     25.00000000   1011.95826106     30.00000000
tau,shf,lhf,Le =     0.000000E+00    0.415615E-02    0.242428E-04    0.000000E+00
ssq, lhf_coef, ustar,  u10n =         0.026702       -0.002841        0.061294        1.246410
 SHF/LHF (W/m2 approx) =    5.05720569329206        73.0193664517617     
wspd, zbot, t_degC, zbot =       0.00000000     25.00000000     28.17889904     25.00000000
qbot,zbot,pmidm1,ts_degC =       0.01816870     25.00000000   1011.95826106     30.00000000
tau,shf,lhf,Le =     0.000000E+00    0.415615E-02    0.242428E-04    0.000000E+00
ssq, lhf_coef, ustar,  u10n =         0.026702       -0.002841        0.061294        1.246410
 SHF/LHF (W/m2 approx) =    5.05720569329206        73.0193664517617     
wspd, zbot, t_degC, zbot =       0.00000000     25.00000000     28.17889904     25.00000000
qbot,zbot,pmidm1,ts_degC =       0.01816870     25.00000000   1011.95826106     30.00000000
tau,shf,lhf,Le =     0.000000E+00    0.415615E-02    0.242428E-04    0.000000E+00
ssq, lhf_coef, ustar,  u10n =         0.026702       -0.002841        0.061294        1.246410
 SHF/LHF (W/m2 approx) =    5.05720569329206        73.0193664517617     
wspd, zbot, t_degC, zbot =       0.00000000     25.00000000     28.17889904     25.00000000
qbot,zbot,pmidm1,ts_degC =       0.01816870     25.00000000   1011.95826106     30.00000000
tau,shf,lhf,Le =     0.000000E+00    0.415615E-02    0.242428E-04    0.000000E+00
ssq, lhf_coef, ustar,  u10n =         0.026702       -0.002841        0.061294        1.246410
 SHF/LHF (W/m2 approx) =    5.05720569329206        73.0193664517617     
wspd, zbot, t_degC, zbot =       0.00000000     25.00000000     28.17889904     25.00000000
qbot,zbot,pmidm1,ts_degC =       0.01816870     25.00000000   1011.95826106     30.00000000
tau,shf,lhf,Le =     0.000000E+00    0.415615E-02    0.242428E-04    0.000000E+00
ssq, lhf_coef, ustar,  u10n =         0.026702       -0.002841        0.061294        1.246410
 SHF/LHF (W/m2 approx) =    5.05720569329206        73.0193664517617     
wspd, zbot, t_degC, zbot =       0.00000000     25.00000000     28.17889904     25.00000000
qbot,zbot,pmidm1,ts_degC =       0.01816870     25.00000000   1011.95826106     30.00000000
tau,shf,lhf,Le =     0.000000E+00    0.415615E-02    0.242428E-04    0.000000E+00
ssq, lhf_coef, ustar,  u10n =         0.026702       -0.002841        0.061294        1.246410
 SHF/LHF (W/m2 approx) =    5.05720569329206        73.0193664517617     
wspd, zbot, t_degC, zbot =       0.00000000     25.00000000     28.17889904     25.00000000
qbot,zbot,pmidm1,ts_degC =       0.01816870     25.00000000   1011.95826106     30.00000000
tau,shf,lhf,Le =     0.000000E+00    0.415615E-02    0.242428E-04    0.000000E+00
ssq, lhf_coef, ustar,  u10n =         0.026702       -0.002841        0.061294        1.246410
 SHF/LHF (W/m2 approx) =    5.05720569329206        73.0193664517617     
wspd, zbot, t_degC, zbot =       0.00000000     25.00000000     28.17889904     25.00000000
qbot,zbot,pmidm1,ts_degC =       0.01816870     25.00000000   1011.95826106     30.00000000
tau,shf,lhf,Le =     0.000000E+00    0.415615E-02    0.242428E-04    0.000000E+00
ssq, lhf_coef, ustar,  u10n =         0.026702       -0.002841        0.061294        1.246410
 SHF/LHF (W/m2 approx) =    5.05720569329206        73.0193664517617     
wspd, zbot, t_degC, zbot =       0.00000000     25.00000000     28.17889904     25.00000000
qbot,zbot,pmidm1,ts_degC =       0.01816870     25.00000000   1011.95826106     30.00000000
tau,shf,lhf,Le =     0.000000E+00    0.415615E-02    0.242428E-04    0.000000E+00
ssq, lhf_coef, ustar,  u10n =         0.026702       -0.002841        0.061294        1.246410
 SHF/LHF (W/m2 approx) =    5.05720569329206        73.0193664517617     
wspd, zbot, t_degC, zbot =       0.00000000     25.00000000     28.17889904     25.00000000
qbot,zbot,pmidm1,ts_degC =       0.01816870     25.00000000   1011.95826106     30.00000000
tau,shf,lhf,Le =     0.000000E+00    0.415615E-02    0.242428E-04    0.000000E+00
ssq, lhf_coef, ustar,  u10n =         0.026702       -0.002841        0.061294        1.246410
 SHF/LHF (W/m2 approx) =    5.05720569329206        73.0193664517617     
wspd, zbot, t_degC, zbot =       0.00000000     25.00000000     28.17889904     25.00000000
qbot,zbot,pmidm1,ts_degC =       0.01816870     25.00000000   1011.95826106     30.00000000
tau,shf,lhf,Le =     0.000000E+00    0.415615E-02    0.242428E-04    0.000000E+00
ssq, lhf_coef, ustar,  u10n =         0.026702       -0.002841        0.061294        1.246410
 SHF/LHF (W/m2 approx) =    5.05720569329206        73.0193664517617     
wspd, zbot, t_degC, zbot =       0.00000000     25.00000000     28.17889904     25.00000000
qbot,zbot,pmidm1,ts_degC =       0.01816870     25.00000000   1011.95826106     30.00000000
tau,shf,lhf,Le =     0.000000E+00    0.415615E-02    0.242428E-04    0.000000E+00
ssq, lhf_coef, ustar,  u10n =         0.026702       -0.002841        0.061294        1.246410
 SHF/LHF (W/m2 approx) =    5.05720569329206        73.0193664517617     
wspd, zbot, t_degC, zbot =       0.00000000     25.00000000     28.17889904     25.00000000
qbot,zbot,pmidm1,ts_degC =       0.01816870     25.00000000   1011.95826106     30.00000000
tau,shf,lhf,Le =     0.000000E+00    0.415615E-02    0.242428E-04    0.000000E+00
ssq, lhf_coef, ustar,  u10n =         0.026702       -0.002841        0.061294        1.246410
 SHF/LHF (W/m2 approx) =    5.05720569329206        73.0193664517617     
wspd, zbot, t_degC, zbot =       0.00000000     25.00000000     28.17889904     25.00000000
qbot,zbot,pmidm1,ts_degC =       0.01816870     25.00000000   1011.95826106     30.00000000
tau,shf,lhf,Le =     0.000000E+00    0.415615E-02    0.242428E-04    0.000000E+00
ssq, lhf_coef, ustar,  u10n =         0.026702       -0.002841        0.061294        1.246410
 SHF/LHF (W/m2 approx) =    5.05720569329206        73.0193664517617     
wspd, zbot, t_degC, zbot =       0.00000000     25.00000000     28.17889904     25.00000000
qbot,zbot,pmidm1,ts_degC =       0.01816870     25.00000000   1011.95826106     30.00000000
tau,shf,lhf,Le =     0.000000E+00    0.415615E-02    0.242428E-04    0.000000E+00
ssq, lhf_coef, ustar,  u10n =         0.026702       -0.002841        0.061294        1.246410
 SHF/LHF (W/m2 approx) =    5.05720569329206        73.0193664517617     
wspd, zbot, t_degC, zbot =       0.00000000     25.00000000     28.17889904     25.00000000
qbot,zbot,pmidm1,ts_degC =       0.01816870     25.00000000   1011.95826106     30.00000000
tau,shf,lhf,Le =     0.000000E+00    0.415615E-02    0.242428E-04    0.000000E+00
ssq, lhf_coef, ustar,  u10n =         0.026702       -0.002841        0.061294        1.246410
 SHF/LHF (W/m2 approx) =    5.05720569329206        73.0193664517617     
wspd, zbot, t_degC, zbot =       0.00000000     25.00000000     28.17889904     25.00000000
qbot,zbot,pmidm1,ts_degC =       0.01816870     25.00000000   1011.95826106     30.00000000
tau,shf,lhf,Le =     0.000000E+00    0.415615E-02    0.242428E-04    0.000000E+00
ssq, lhf_coef, ustar,  u10n =         0.026702       -0.002841        0.061294        1.246410
 SHF/LHF (W/m2 approx) =    5.05720569329206        73.0193664517617     
wspd, zbot, t_degC, zbot =       0.00000000     25.00000000     28.17889904     25.00000000
qbot,zbot,pmidm1,ts_degC =       0.01816870     25.00000000   1011.95826106     30.00000000
tau,shf,lhf,Le =     0.000000E+00    0.415615E-02    0.242428E-04    0.000000E+00
ssq, lhf_coef, ustar,  u10n =         0.026702       -0.002841        0.061294        1.246410
 SHF/LHF (W/m2 approx) =    5.05720569329206        73.0193664517617     
wspd, zbot, t_degC, zbot =       0.00000000     25.00000000     28.17889904     25.00000000
qbot,zbot,pmidm1,ts_degC =       0.01816870     25.00000000   1011.95826106     30.00000000
tau,shf,lhf,Le =     0.000000E+00    0.415615E-02    0.242428E-04    0.000000E+00
ssq, lhf_coef, ustar,  u10n =         0.026702       -0.002841        0.061294        1.246410
 SHF/LHF (W/m2 approx) =    5.05720569329206        73.0193664517617     
wspd, zbot, t_degC, zbot =       0.00000000     25.00000000     28.17889904     25.00000000
qbot,zbot,pmidm1,ts_degC =       0.01816870     25.00000000   1011.95826106     30.00000000
tau,shf,lhf,Le =     0.000000E+00    0.415615E-02    0.242428E-04    0.000000E+00
ssq, lhf_coef, ustar,  u10n =         0.026702       -0.002841        0.061294        1.246410
 SHF/LHF (W/m2 approx) =    5.05720569329206        73.0193664517617     
wspd, zbot, t_degC, zbot =       0.00000000     25.00000000     28.17889904     25.00000000
qbot,zbot,pmidm1,ts_degC =       0.01816870     25.00000000   1011.95826106     30.00000000
tau,shf,lhf,Le =     0.000000E+00    0.415615E-02    0.242428E-04    0.000000E+00
ssq, lhf_coef, ustar,  u10n =         0.026702       -0.002841        0.061294        1.246410
 SHF/LHF (W/m2 approx) =    5.05720569329206        73.0193664517617     
wspd, zbot, t_degC, zbot =       0.00000000     25.00000000     28.17889904     25.00000000
qbot,zbot,pmidm1,ts_degC =       0.01816870     25.00000000   1011.95826106     30.00000000
tau,shf,lhf,Le =     0.000000E+00    0.415615E-02    0.242428E-04    0.000000E+00
ssq, lhf_coef, ustar,  u10n =         0.026702       -0.002841        0.061294        1.246410
 SHF/LHF (W/m2 approx) =    5.05720569329206        73.0193664517617     
wspd, zbot, t_degC, zbot =       0.00000000     25.00000000     28.17889904     25.00000000
qbot,zbot,pmidm1,ts_degC =       0.01816870     25.00000000   1011.95826106     30.00000000
tau,shf,lhf,Le =     0.000000E+00    0.415615E-02    0.242428E-04    0.000000E+00
ssq, lhf_coef, ustar,  u10n =         0.026702       -0.002841        0.061294        1.246410
 SHF/LHF (W/m2 approx) =    5.05720569329206        73.0193664517617     
wspd, zbot, t_degC, zbot =       0.00000000     25.00000000     28.17889904     25.00000000
qbot,zbot,pmidm1,ts_degC =       0.01816870     25.00000000   1011.95826106     30.00000000
tau,shf,lhf,Le =     0.000000E+00    0.415615E-02    0.242428E-04    0.000000E+00
ssq, lhf_coef, ustar,  u10n =         0.026702       -0.002841        0.061294        1.246410
 SHF/LHF (W/m2 approx) =    5.05720569329206        73.0193664517617     
wspd, zbot, t_degC, zbot =       0.00000000     25.00000000     28.17889904     25.00000000
qbot,zbot,pmidm1,ts_degC =       0.01816870     25.00000000   1011.95826106     30.00000000
tau,shf,lhf,Le =     0.000000E+00    0.415615E-02    0.242428E-04    0.000000E+00
ssq, lhf_coef, ustar,  u10n =         0.026702       -0.002841        0.061294        1.246410
 SHF/LHF (W/m2 approx) =    5.05720569329206        73.0193664517617     
wspd, zbot, t_degC, zbot =       0.00000000     25.00000000     28.17889904     25.00000000
qbot,zbot,pmidm1,ts_degC =       0.01816870     25.00000000   1011.95826106     30.00000000
tau,shf,lhf,Le =     0.000000E+00    0.415615E-02    0.242428E-04    0.000000E+00
ssq, lhf_coef, ustar,  u10n =         0.026702       -0.002841        0.061294        1.246410
 SHF/LHF (W/m2 approx) =    5.05720569329206        73.0193664517617     
wspd, zbot, t_degC, zbot =       0.00000000     25.00000000     28.17889904     25.00000000
qbot,zbot,pmidm1,ts_degC =       0.01816870     25.00000000   1011.95826106     30.00000000
tau,shf,lhf,Le =     0.000000E+00    0.415615E-02    0.242428E-04    0.000000E+00
ssq, lhf_coef, ustar,  u10n =         0.026702       -0.002841        0.061294        1.246410
 SHF/LHF (W/m2 approx) =    5.05720569329206        73.0193664517617     
wspd, zbot, t_degC, zbot =       0.00000000     25.00000000     28.17889904     25.00000000
qbot,zbot,pmidm1,ts_degC =       0.01816870     25.00000000   1011.95826106     30.00000000
tau,shf,lhf,Le =     0.000000E+00    0.415615E-02    0.242428E-04    0.000000E+00
ssq, lhf_coef, ustar,  u10n =         0.026702       -0.002841        0.061294        1.246410
 SHF/LHF (W/m2 approx) =    5.05720569329206        73.0193664517617     
wspd, zbot, t_degC, zbot =       0.00000000     25.00000000     28.17889904     25.00000000
wspd, zbot, t_degC, zbot =       0.00000000     25.00000000     28.17889904     25.00000000
qbot,zbot,pmidm1,ts_degC =       0.01816870     25.00000000   1011.95826106     30.00000000
tau,shf,lhf,Le =     0.000000E+00    0.415615E-02    0.242428E-04    0.000000E+00
ssq, lhf_coef, ustar,  u10n =         0.026702       -0.002841        0.061294        1.246410
 SHF/LHF (W/m2 approx) =    5.05720569329206        73.0193664517617     
wspd, zbot, t_degC, zbot =       0.00000000     25.00000000     28.17889904     25.00000000
qbot,zbot,pmidm1,ts_degC =       0.01816870     25.00000000   1011.95826106     30.00000000
tau,shf,lhf,Le =     0.000000E+00    0.415615E-02    0.242428E-04    0.000000E+00
ssq, lhf_coef, ustar,  u10n =         0.026702       -0.002841        0.061294        1.246410
 SHF/LHF (W/m2 approx) =    5.05720569329206        73.0193664517617     
wspd, zbot, t_degC, zbot =       0.00000000     25.00000000     28.17889904     25.00000000
qbot,zbot,pmidm1,ts_degC =       0.01816870     25.00000000   1011.95826106     30.00000000
tau,shf,lhf,Le =     0.000000E+00    0.415615E-02    0.242428E-04    0.000000E+00
ssq, lhf_coef, ustar,  u10n =         0.026702       -0.002841        0.061294        1.246410
 SHF/LHF (W/m2 approx) =    5.05720569329206        73.0193664517617     
wspd, zbot, t_degC, zbot =       0.00000000     25.00000000     28.17889904     25.00000000
qbot,zbot,pmidm1,ts_degC =       0.01816870     25.00000000   1011.95826106     30.00000000
tau,shf,lhf,Le =     0.000000E+00    0.415615E-02    0.242428E-04    0.000000E+00
ssq, lhf_coef, ustar,  u10n =         0.026702       -0.002841        0.061294        1.246410
 SHF/LHF (W/m2 approx) =    5.05720569329206        73.0193664517617     
wspd, zbot, t_degC, zbot =       0.00000000     25.00000000     28.17889904     25.00000000
qbot,zbot,pmidm1,ts_degC =       0.01816870     25.00000000   1011.95826106     30.00000000
tau,shf,lhf,Le =     0.000000E+00    0.415615E-02    0.242428E-04    0.000000E+00
ssq, lhf_coef, ustar,  u10n =         0.026702       -0.002841        0.061294        1.246410
 SHF/LHF (W/m2 approx) =    5.05720569329206        73.0193664517617     
wspd, zbot, t_degC, zbot =       0.00000000     25.00000000     28.17889904     25.00000000
qbot,zbot,pmidm1,ts_degC =       0.01816870     25.00000000   1011.95826106     30.00000000
tau,shf,lhf,Le =     0.000000E+00    0.415615E-02    0.242428E-04    0.000000E+00
ssq, lhf_coef, ustar,  u10n =         0.026702       -0.002841        0.061294        1.246410
 SHF/LHF (W/m2 approx) =    5.05720569329206        73.0193664517617     
wspd, zbot, t_degC, zbot =       0.00000000     25.00000000     28.17889904     25.00000000
qbot,zbot,pmidm1,ts_degC =       0.01816870     25.00000000   1011.95826106     30.00000000
tau,shf,lhf,Le =     0.000000E+00    0.415615E-02    0.242428E-04    0.000000E+00
ssq, lhf_coef, ustar,  u10n =         0.026702       -0.002841        0.061294        1.246410
 SHF/LHF (W/m2 approx) =    5.05720569329206        73.0193664517617     
wspd, zbot, t_degC, zbot =       0.00000000     25.00000000     28.17889904     25.00000000
qbot,zbot,pmidm1,ts_degC =       0.01816870     25.00000000   1011.95826106     30.00000000
tau,shf,lhf,Le =     0.000000E+00    0.415615E-02    0.242428E-04    0.000000E+00
ssq, lhf_coef, ustar,  u10n =         0.026702       -0.002841        0.061294        1.246410
 SHF/LHF (W/m2 approx) =    5.05720569329206        73.0193664517617     
wspd, zbot, t_degC, zbot =       0.00000000     25.00000000     28.17889904     25.00000000
qbot,zbot,pmidm1,ts_degC =       0.01816870     25.00000000   1011.95826106     30.00000000
tau,shf,lhf,Le =     0.000000E+00    0.415615E-02    0.242428E-04    0.000000E+00
ssq, lhf_coef, ustar,  u10n =         0.026702       -0.002841        0.061294        1.246410
 SHF/LHF (W/m2 approx) =    5.05720569329206        73.0193664517617     
wspd, zbot, t_degC, zbot =       0.00000000     25.00000000     28.17889904     25.00000000
qbot,zbot,pmidm1,ts_degC =       0.01816870     25.00000000   1011.95826106     30.00000000
tau,shf,lhf,Le =     0.000000E+00    0.415615E-02    0.242428E-04    0.000000E+00
ssq, lhf_coef, ustar,  u10n =         0.026702       -0.002841        0.061294        1.246410
 SHF/LHF (W/m2 approx) =    5.05720569329206        73.0193664517617     
wspd, zbot, t_degC, zbot =       0.00000000     25.00000000     28.17889904     25.00000000
qbot,zbot,pmidm1,ts_degC =       0.01816870     25.00000000   1011.95826106     30.00000000
tau,shf,lhf,Le =     0.000000E+00    0.415615E-02    0.242428E-04    0.000000E+00
ssq, lhf_coef, ustar,  u10n =         0.026702       -0.002841        0.061294        1.246410
 SHF/LHF (W/m2 approx) =    5.05720569329206        73.0193664517617     
wspd, zbot, t_degC, zbot =       0.00000000     25.00000000     28.17889904     25.00000000
qbot,zbot,pmidm1,ts_degC =       0.01816870     25.00000000   1011.95826106     30.00000000
tau,shf,lhf,Le =     0.000000E+00    0.415615E-02    0.242428E-04    0.000000E+00
ssq, lhf_coef, ustar,  u10n =         0.026702       -0.002841        0.061294        1.246410
 SHF/LHF (W/m2 approx) =    5.05720569329206        73.0193664517617     
wspd, zbot, t_degC, zbot =       0.00000000     25.00000000     28.17889904     25.00000000
qbot,zbot,pmidm1,ts_degC =       0.01816870     25.00000000   1011.95826106     30.00000000
tau,shf,lhf,Le =     0.000000E+00    0.415615E-02    0.242428E-04    0.000000E+00
ssq, lhf_coef, ustar,  u10n =         0.026702       -0.002841        0.061294        1.246410
 SHF/LHF (W/m2 approx) =    5.05720569329206        73.0193664517617     
wspd, zbot, t_degC, zbot =       0.00000000     25.00000000     28.17889904     25.00000000
qbot,zbot,pmidm1,ts_degC =       0.01816870     25.00000000   1011.95826106     30.00000000
tau,shf,lhf,Le =     0.000000E+00    0.415615E-02    0.242428E-04    0.000000E+00
ssq, lhf_coef, ustar,  u10n =         0.026702       -0.002841        0.061294        1.246410
 SHF/LHF (W/m2 approx) =    5.05720569329206        73.0193664517617     
wspd, zbot, t_degC, zbot =       0.00000000     25.00000000     28.17889904     25.00000000
qbot,zbot,pmidm1,ts_degC =       0.01816870     25.00000000   1011.95826106     30.00000000
tau,shf,lhf,Le =     0.000000E+00    0.415615E-02    0.242428E-04    0.000000E+00
ssq, lhf_coef, ustar,  u10n =         0.026702       -0.002841        0.061294        1.246410
 SHF/LHF (W/m2 approx) =    5.05720569329206        73.0193664517617     
wspd, zbot, t_degC, zbot =       0.00000000     25.00000000     28.17889904     25.00000000
qbot,zbot,pmidm1,ts_degC =       0.01816870     25.00000000   1011.95826106     30.00000000
tau,shf,lhf,Le =     0.000000E+00    0.415615E-02    0.242428E-04    0.000000E+00
ssq, lhf_coef, ustar,  u10n =         0.026702       -0.002841        0.061294        1.246410
 SHF/LHF (W/m2 approx) =    5.05720569329206        73.0193664517617     
wspd, zbot, t_degC, zbot =       0.00000000     25.00000000     28.17889904     25.00000000
wspd, zbot, t_degC, zbot =       0.00000000     25.00000000     28.17889904     25.00000000
qbot,zbot,pmidm1,ts_degC =       0.01816870     25.00000000   1011.95826106     30.00000000
tau,shf,lhf,Le =     0.000000E+00    0.415615E-02    0.242428E-04    0.000000E+00
ssq, lhf_coef, ustar,  u10n =         0.026702       -0.002841        0.061294        1.246410
 SHF/LHF (W/m2 approx) =    5.05720569329206        73.0193664517617     
qbot,zbot,pmidm1,ts_degC =       0.01816870     25.00000000   1011.95826106     30.00000000
wspd, zbot, t_degC, zbot =       0.00000000     25.00000000     28.17889904     25.00000000
qbot,zbot,pmidm1,ts_degC =       0.01816870     25.00000000   1011.95826106     30.00000000
tau,shf,lhf,Le =     0.000000E+00    0.415615E-02    0.242428E-04    0.000000E+00
ssq, lhf_coef, ustar,  u10n =         0.026702       -0.002841        0.061294        1.246410
 SHF/LHF (W/m2 approx) =    5.05720569329206        73.0193664517617     
tau,shf,lhf,Le =     0.000000E+00    0.415615E-02    0.242428E-04    0.000000E+00
wspd, zbot, t_degC, zbot =       0.00000000     25.00000000     28.17889904     25.00000000
qbot,zbot,pmidm1,ts_degC =       0.01816870     25.00000000   1011.95826106     30.00000000
tau,shf,lhf,Le =     0.000000E+00    0.415615E-02    0.242428E-04    0.000000E+00
ssq, lhf_coef, ustar,  u10n =         0.026702       -0.002841        0.061294        1.246410
 SHF/LHF (W/m2 approx) =    5.05720569329206        73.0193664517617     
ssq, lhf_coef, ustar,  u10n =         0.026702       -0.002841        0.061294        1.246410
wspd, zbot, t_degC, zbot =       0.00000000     25.00000000     28.17889904     25.00000000
qbot,zbot,pmidm1,ts_degC =       0.01816870     25.00000000   1011.95826106     30.00000000
tau,shf,lhf,Le =     0.000000E+00    0.415615E-02    0.242428E-04    0.000000E+00
ssq, lhf_coef, ustar,  u10n =         0.026702       -0.002841        0.061294        1.246410
 SHF/LHF (W/m2 approx) =    5.05720569329206        73.0193664517617     
 SHF/LHF (W/m2 approx) =    5.05720569329206        73.0193664517617     
wspd, zbot, t_degC, zbot =       0.00000000     25.00000000     28.17889904     25.00000000
qbot,zbot,pmidm1,ts_degC =       0.01816870     25.00000000   1011.95826106     30.00000000
tau,shf,lhf,Le =     0.000000E+00    0.415615E-02    0.242428E-04    0.000000E+00
ssq, lhf_coef, ustar,  u10n =         0.026702       -0.002841        0.061294        1.246410
 SHF/LHF (W/m2 approx) =    5.05720569329206        73.0193664517617     
wspd, zbot, t_degC, zbot =       0.00000000     25.00000000     28.17889904     25.00000000
qbot,zbot,pmidm1,ts_degC =       0.01816870     25.00000000   1011.95826106     30.00000000
tau,shf,lhf,Le =     0.000000E+00    0.415615E-02    0.242428E-04    0.000000E+00
ssq, lhf_coef, ustar,  u10n =         0.026702       -0.002841        0.061294        1.246410
 SHF/LHF (W/m2 approx) =    5.05720569329206        73.0193664517617     
wspd, zbot, t_degC, zbot =       0.00000000     25.00000000     28.17889904     25.00000000
qbot,zbot,pmidm1,ts_degC =       0.01816870     25.00000000   1011.95826106     30.00000000
tau,shf,lhf,Le =     0.000000E+00    0.415615E-02    0.242428E-04    0.000000E+00
ssq, lhf_coef, ustar,  u10n =         0.026702       -0.002841        0.061294        1.246410
 SHF/LHF (W/m2 approx) =    5.05720569329206        73.0193664517617     
wspd, zbot, t_degC, zbot =       0.00000000     25.00000000     28.17889904     25.00000000
qbot,zbot,pmidm1,ts_degC =       0.01816870     25.00000000   1011.95826106     30.00000000
tau,shf,lhf,Le =     0.000000E+00    0.415615E-02    0.242428E-04    0.000000E+00
ssq, lhf_coef, ustar,  u10n =         0.026702       -0.002841        0.061294        1.246410
 SHF/LHF (W/m2 approx) =    5.05720569329206        73.0193664517617     
wspd, zbot, t_degC, zbot =       0.00000000     25.00000000     28.17889904     25.00000000
qbot,zbot,pmidm1,ts_degC =       0.01816870     25.00000000   1011.95826106     30.00000000
tau,shf,lhf,Le =     0.000000E+00    0.415615E-02    0.242428E-04    0.000000E+00
ssq, lhf_coef, ustar,  u10n =         0.026702       -0.002841        0.061294        1.246410
 SHF/LHF (W/m2 approx) =    5.05720569329206        73.0193664517617     
wspd, zbot, t_degC, zbot =       0.00000000     25.00000000     28.17889904     25.00000000
qbot,zbot,pmidm1,ts_degC =       0.01816870     25.00000000   1011.95826106     30.00000000
tau,shf,lhf,Le =     0.000000E+00    0.415615E-02    0.242428E-04    0.000000E+00
ssq, lhf_coef, ustar,  u10n =         0.026702       -0.002841        0.061294        1.246410
 SHF/LHF (W/m2 approx) =    5.05720569329206        73.0193664517617     
wspd, zbot, t_degC, zbot =       0.00000000     25.00000000     28.17889904     25.00000000
qbot,zbot,pmidm1,ts_degC =       0.01816870     25.00000000   1011.95826106     30.00000000
tau,shf,lhf,Le =     0.000000E+00    0.415615E-02    0.242428E-04    0.000000E+00
ssq, lhf_coef, ustar,  u10n =         0.026702       -0.002841        0.061294        1.246410
 SHF/LHF (W/m2 approx) =    5.05720569329206        73.0193664517617     
wspd, zbot, t_degC, zbot =       0.00000000     25.00000000     28.17889904     25.00000000
qbot,zbot,pmidm1,ts_degC =       0.01816870     25.00000000   1011.95826106     30.00000000
tau,shf,lhf,Le =     0.000000E+00    0.415615E-02    0.242428E-04    0.000000E+00
ssq, lhf_coef, ustar,  u10n =         0.026702       -0.002841        0.061294        1.246410
 SHF/LHF (W/m2 approx) =    5.05720569329206        73.0193664517617     
qbot,zbot,pmidm1,ts_degC =       0.01816870     25.00000000   1011.95826106     30.00000000
tau,shf,lhf,Le =     0.000000E+00    0.415615E-02    0.242428E-04    0.000000E+00
ssq, lhf_coef, ustar,  u10n =         0.026702       -0.002841        0.061294        1.246410
 SHF/LHF (W/m2 approx) =    5.05720569329206        73.0193664517617     
 RRTMG rrtmg_lw.nc trace gas profile: number of levels=          59
 gas traces vertical profiles (ppmv):
  p (hPa)        O3          CO2         CH4         N2O         O2          
 CFC11       CFC12       CFC22       CCL4 
 1011.96  0.1762E-07  0.3550E-03  0.1700E-05  0.3200E-06  0.2090E+00  0.0000E+00  0.0000E+00  0.0000E+00  0.0000E+00
 1009.12  0.1765E-07  0.3550E-03  0.1700E-05  0.3200E-06  0.2090E+00  0.0000E+00  0.0000E+00  0.0000E+00  0.0000E+00
 1002.87  0.1768E-07  0.3550E-03  0.1700E-05  0.3200E-06  0.2090E+00  0.0000E+00  0.0000E+00  0.0000E+00  0.0000E+00
  996.66  0.1772E-07  0.3550E-03  0.1700E-05  0.3200E-06  0.2090E+00  0.0000E+00  0.0000E+00  0.0000E+00  0.0000E+00
  989.29  0.1777E-07  0.3550E-03  0.1700E-05  0.3200E-06  0.2090E+00  0.0000E+00  0.0000E+00  0.0000E+00  0.0000E+00
  981.97  0.1782E-07  0.3550E-03  0.1700E-05  0.3200E-06  0.2090E+00  0.0000E+00  0.0000E+00  0.0000E+00  0.0000E+00
  973.53  0.1787E-07  0.3550E-03  0.1700E-05  0.3200E-06  0.2090E+00  0.0000E+00  0.0000E+00  0.0000E+00  0.0000E+00
  965.15  0.1793E-07  0.3550E-03  0.1700E-05  0.3200E-06  0.2090E+00  0.0000E+00  0.0000E+00  0.0000E+00  0.0000E+00
  955.67  0.1799E-07  0.3550E-03  0.1700E-05  0.3200E-06  0.2090E+00  0.0000E+00  0.0000E+00  0.0000E+00  0.0000E+00
  946.27  0.1805E-07  0.3550E-03  0.1700E-05  0.3200E-06  0.2090E+00  0.0000E+00  0.0000E+00  0.0000E+00  0.0000E+00
  935.81  0.1812E-07  0.3550E-03  0.1700E-05  0.3200E-06  0.2090E+00  0.0000E+00  0.0000E+00  0.0000E+00  0.0000E+00
  925.44  0.1819E-07  0.3550E-03  0.1700E-05  0.3200E-06  0.2090E+00  0.0000E+00  0.0000E+00  0.0000E+00  0.0000E+00
  914.06  0.1826E-07  0.3550E-03  0.1700E-05  0.3200E-06  0.2090E+00  0.0000E+00  0.0000E+00  0.0000E+00  0.0000E+00
  902.79  0.1833E-07  0.3550E-03  0.1700E-05  0.3200E-06  0.2090E+00  0.0000E+00  0.0000E+00  0.0000E+00  0.0000E+00
  890.56  0.1841E-07  0.3550E-03  0.1700E-05  0.3200E-06  0.2090E+00  0.0000E+00  0.0000E+00  0.0000E+00  0.0000E+00
  878.46  0.1849E-07  0.3550E-03  0.1700E-05  0.3200E-06  0.2090E+00  0.0000E+00  0.0000E+00  0.0000E+00  0.0000E+00
  865.44  0.1859E-07  0.3550E-03  0.1700E-05  0.3200E-06  0.2090E+00  0.0000E+00  0.0000E+00  0.0000E+00  0.0000E+00
  852.59  0.1889E-07  0.3550E-03  0.1700E-05  0.3200E-06  0.2090E+00  0.0000E+00  0.0000E+00  0.0000E+00  0.0000E+00
  838.86  0.1929E-07  0.3550E-03  0.1700E-05  0.3200E-06  0.2090E+00  0.0000E+00  0.0000E+00  0.0000E+00  0.0000E+00
  825.33  0.1969E-07  0.3550E-03  0.1700E-05  0.3200E-06  0.2090E+00  0.0000E+00  0.0000E+00  0.0000E+00  0.0000E+00
  810.98  0.2010E-07  0.3550E-03  0.1700E-05  0.3200E-06  0.2090E+00  0.0000E+00  0.0000E+00  0.0000E+00  0.0000E+00
  796.84  0.2052E-07  0.3550E-03  0.1700E-05  0.3200E-06  0.2090E+00  0.0000E+00  0.0000E+00  0.0000E+00  0.0000E+00
  781.94  0.2095E-07  0.3550E-03  0.1700E-05  0.3200E-06  0.2090E+00  0.0000E+00  0.0000E+00  0.0000E+00  0.0000E+00
  767.28  0.2138E-07  0.3550E-03  0.1700E-05  0.3200E-06  0.2090E+00  0.0000E+00  0.0000E+00  0.0000E+00  0.0000E+00
  751.92  0.2183E-07  0.3550E-03  0.1700E-05  0.3200E-06  0.2090E+00  0.0000E+00  0.0000E+00  0.0000E+00  0.0000E+00
  736.81  0.2227E-07  0.3550E-03  0.1700E-05  0.3200E-06  0.2090E+00  0.0000E+00  0.0000E+00  0.0000E+00  0.0000E+00
  721.05  0.2273E-07  0.3550E-03  0.1700E-05  0.3200E-06  0.2090E+00  0.0000E+00  0.0000E+00  0.0000E+00  0.0000E+00
  705.57  0.2324E-07  0.3550E-03  0.1700E-05  0.3200E-06  0.2090E+00  0.0000E+00  0.0000E+00  0.0000E+00  0.0000E+00
  689.49  0.2402E-07  0.3550E-03  0.1699E-05  0.3200E-06  0.2090E+00  0.0000E+00  0.0000E+00  0.0000E+00  0.0000E+00
  673.72  0.2485E-07  0.3550E-03  0.1697E-05  0.3200E-06  0.2090E+00  0.0000E+00  0.0000E+00  0.0000E+00  0.0000E+00
  657.41  0.2568E-07  0.3550E-03  0.1696E-05  0.3200E-06  0.2090E+00  0.0000E+00  0.0000E+00  0.0000E+00  0.0000E+00
  641.42  0.2652E-07  0.3550E-03  0.1695E-05  0.3200E-06  0.2090E+00  0.0000E+00  0.0000E+00  0.0000E+00  0.0000E+00
  624.96  0.2736E-07  0.3550E-03  0.1694E-05  0.3200E-06  0.2090E+00  0.0000E+00  0.0000E+00  0.0000E+00  0.0000E+00
  608.84  0.2820E-07  0.3550E-03  0.1693E-05  0.3200E-06  0.2090E+00  0.0000E+00  0.0000E+00  0.0000E+00  0.0000E+00
  592.30  0.2905E-07  0.3550E-03  0.1691E-05  0.3200E-06  0.2090E+00  0.0000E+00  0.0000E+00  0.0000E+00  0.0000E+00
  576.14  0.2992E-07  0.3550E-03  0.1690E-05  0.3200E-06  0.2090E+00  0.0000E+00  0.0000E+00  0.0000E+00  0.0000E+00
  559.61  0.3091E-07  0.3550E-03  0.1686E-05  0.3200E-06  0.2090E+00  0.0000E+00  0.0000E+00  0.0000E+00  0.0000E+00
  543.49  0.3190E-07  0.3550E-03  0.1683E-05  0.3200E-06  0.2090E+00  0.0000E+00  0.0000E+00  0.0000E+00  0.0000E+00
  527.06  0.3289E-07  0.3550E-03  0.1679E-05  0.3200E-06  0.2090E+00  0.0000E+00  0.0000E+00  0.0000E+00  0.0000E+00
  511.05  0.3387E-07  0.3550E-03  0.1675E-05  0.3200E-06  0.2090E+00  0.0000E+00  0.0000E+00  0.0000E+00  0.0000E+00
  495.11  0.3484E-07  0.3550E-03  0.1672E-05  0.3200E-06  0.2090E+00  0.0000E+00  0.0000E+00  0.0000E+00  0.0000E+00
  479.59  0.3578E-07  0.3550E-03  0.1668E-05  0.3200E-06  0.2090E+00  0.0000E+00  0.0000E+00  0.0000E+00  0.0000E+00
  464.46  0.3660E-07  0.3550E-03  0.1664E-05  0.3200E-06  0.2090E+00  0.0000E+00  0.0000E+00  0.0000E+00  0.0000E+00
  449.74  0.3732E-07  0.3550E-03  0.1658E-05  0.3199E-06  0.2090E+00  0.0000E+00  0.0000E+00  0.0000E+00  0.0000E+00
  435.39  0.3803E-07  0.3550E-03  0.1653E-05  0.3198E-06  0.2090E+00  0.0000E+00  0.0000E+00  0.0000E+00  0.0000E+00
  421.42  0.3871E-07  0.3550E-03  0.1648E-05  0.3198E-06  0.2090E+00  0.0000E+00  0.0000E+00  0.0000E+00  0.0000E+00
  407.81  0.3938E-07  0.3550E-03  0.1643E-05  0.3197E-06  0.2090E+00  0.0000E+00  0.0000E+00  0.0000E+00  0.0000E+00
  394.57  0.4003E-07  0.3550E-03  0.1638E-05  0.3197E-06  0.2090E+00  0.0000E+00  0.0000E+00  0.0000E+00  0.0000E+00
  381.67  0.4038E-07  0.3550E-03  0.1633E-05  0.3193E-06  0.2090E+00  0.0000E+00  0.0000E+00  0.0000E+00  0.0000E+00
  369.11  0.4039E-07  0.3550E-03  0.1628E-05  0.3185E-06  0.2090E+00  0.0000E+00  0.0000E+00  0.0000E+00  0.0000E+00
  356.89  0.4040E-07  0.3550E-03  0.1624E-05  0.3178E-06  0.2090E+00  0.0000E+00  0.0000E+00  0.0000E+00  0.0000E+00
  344.99  0.4040E-07  0.3550E-03  0.1620E-05  0.3170E-06  0.2090E+00  0.0000E+00  0.0000E+00  0.0000E+00  0.0000E+00
  333.40  0.4041E-07  0.3550E-03  0.1616E-05  0.3163E-06  0.2090E+00  0.0000E+00  0.0000E+00  0.0000E+00  0.0000E+00
  322.12  0.4042E-07  0.3550E-03  0.1612E-05  0.3156E-06  0.2090E+00  0.0000E+00  0.0000E+00  0.0000E+00  0.0000E+00
  311.14  0.4034E-07  0.3550E-03  0.1604E-05  0.3141E-06  0.2090E+00  0.0000E+00  0.0000E+00  0.0000E+00  0.0000E+00
  300.45  0.4022E-07  0.3550E-03  0.1595E-05  0.3120E-06  0.2090E+00  0.0000E+00  0.0000E+00  0.0000E+00  0.0000E+00
  290.04  0.4009E-07  0.3550E-03  0.1586E-05  0.3099E-06  0.2090E+00  0.0000E+00  0.0000E+00  0.0000E+00  0.0000E+00
  279.92  0.3997E-07  0.3550E-03  0.1577E-05  0.3079E-06  0.2090E+00  0.0000E+00  0.0000E+00  0.0000E+00  0.0000E+00
  270.07  0.3985E-07  0.3550E-03  0.1568E-05  0.3059E-06  0.2090E+00  0.0000E+00  0.0000E+00  0.0000E+00  0.0000E+00
  260.48  0.3973E-07  0.3550E-03  0.1560E-05  0.3040E-06  0.2090E+00  0.0000E+00  0.0000E+00  0.0000E+00  0.0000E+00
  251.15  0.3964E-07  0.3550E-03  0.1550E-05  0.3021E-06  0.2090E+00  0.0000E+00  0.0000E+00  0.0000E+00  0.0000E+00
  242.07  0.3956E-07  0.3550E-03  0.1541E-05  0.3002E-06  0.2090E+00  0.0000E+00  0.0000E+00  0.0000E+00  0.0000E+00
  233.25  0.3947E-07  0.3550E-03  0.1533E-05  0.2984E-06  0.2090E+00  0.0000E+00  0.0000E+00  0.0000E+00  0.0000E+00
  224.66  0.3939E-07  0.3550E-03  0.1524E-05  0.2967E-06  0.2090E+00  0.0000E+00  0.0000E+00  0.0000E+00  0.0000E+00
  216.32  0.3931E-07  0.3550E-03  0.1516E-05  0.2950E-06  0.2090E+00  0.0000E+00  0.0000E+00  0.0000E+00  0.0000E+00
  208.20  0.3936E-07  0.3550E-03  0.1508E-05  0.2931E-06  0.2090E+00  0.0000E+00  0.0000E+00  0.0000E+00  0.0000E+00
  200.32  0.3950E-07  0.3550E-03  0.1500E-05  0.2912E-06  0.2090E+00  0.0000E+00  0.0000E+00  0.0000E+00  0.0000E+00
  192.65  0.3964E-07  0.3550E-03  0.1492E-05  0.2894E-06  0.2090E+00  0.0000E+00  0.0000E+00  0.0000E+00  0.0000E+00
  185.21  0.3977E-07  0.3550E-03  0.1485E-05  0.2876E-06  0.2090E+00  0.0000E+00  0.0000E+00  0.0000E+00  0.0000E+00
  177.99  0.3990E-07  0.3550E-03  0.1478E-05  0.2859E-06  0.2090E+00  0.0000E+00  0.0000E+00  0.0000E+00  0.0000E+00
  170.98  0.4029E-07  0.3550E-03  0.1471E-05  0.2841E-06  0.2090E+00  0.0000E+00  0.0000E+00  0.0000E+00  0.0000E+00
  164.18  0.4100E-07  0.3550E-03  0.1463E-05  0.2824E-06  0.2090E+00  0.0000E+00  0.0000E+00  0.0000E+00  0.0000E+00
  157.58  0.4168E-07  0.3550E-03  0.1455E-05  0.2806E-06  0.2090E+00  0.0000E+00  0.0000E+00  0.0000E+00  0.0000E+00
  151.19  0.4235E-07  0.3550E-03  0.1448E-05  0.2790E-06  0.2090E+00  0.0000E+00  0.0000E+00  0.0000E+00  0.0000E+00
  144.99  0.4301E-07  0.3550E-03  0.1441E-05  0.2773E-06  0.2090E+00  0.0000E+00  0.0000E+00  0.0000E+00  0.0000E+00
  139.01  0.4586E-07  0.3550E-03  0.1433E-05  0.2751E-06  0.2090E+00  0.0000E+00  0.0000E+00  0.0000E+00  0.0000E+00
  133.21  0.5011E-07  0.3550E-03  0.1425E-05  0.2724E-06  0.2090E+00  0.0000E+00  0.0000E+00  0.0000E+00  0.0000E+00
  127.61  0.5423E-07  0.3550E-03  0.1416E-05  0.2698E-06  0.2090E+00  0.0000E+00  0.0000E+00  0.0000E+00  0.0000E+00
  122.21  0.5820E-07  0.3550E-03  0.1408E-05  0.2673E-06  0.2090E+00  0.0000E+00  0.0000E+00  0.0000E+00  0.0000E+00
  117.00  0.6358E-07  0.3550E-03  0.1400E-05  0.2646E-06  0.2090E+00  0.0000E+00  0.0000E+00  0.0000E+00  0.0000E+00
  112.00  0.8032E-07  0.3550E-03  0.1391E-05  0.2598E-06  0.2090E+00  0.0000E+00  0.0000E+00  0.0000E+00  0.0000E+00
  107.18  0.9878E-07  0.3550E-03  0.1381E-05  0.2549E-06  0.2090E+00  0.0000E+00  0.0000E+00  0.0000E+00  0.0000E+00
  102.54  0.1165E-06  0.3550E-03  0.1371E-05  0.2501E-06  0.2090E+00  0.0000E+00  0.0000E+00  0.0000E+00  0.0000E+00
   98.09  0.1336E-06  0.3550E-03  0.1362E-05  0.2455E-06  0.2090E+00  0.0000E+00  0.0000E+00  0.0000E+00  0.0000E+00
   93.86  0.1670E-06  0.3550E-03  0.1353E-05  0.2396E-06  0.2090E+00  0.0000E+00  0.0000E+00  0.0000E+00  0.0000E+00
   89.83  0.2227E-06  0.3550E-03  0.1343E-05  0.2318E-06  0.2090E+00  0.0000E+00  0.0000E+00  0.0000E+00  0.0000E+00
   85.98  0.2760E-06  0.3550E-03  0.1333E-05  0.2244E-06  0.2090E+00  0.0000E+00  0.0000E+00  0.0000E+00  0.0000E+00
   82.31  0.3269E-06  0.3550E-03  0.1323E-05  0.2174E-06  0.2090E+00  0.0000E+00  0.0000E+00  0.0000E+00  0.0000E+00
   78.81  0.3791E-06  0.3550E-03  0.1314E-05  0.2105E-06  0.2090E+00  0.0000E+00  0.0000E+00  0.0000E+00  0.0000E+00
   75.48  0.4769E-06  0.3550E-03  0.1301E-05  0.2022E-06  0.2090E+00  0.0000E+00  0.0000E+00  0.0000E+00  0.0000E+00
   72.30  0.5846E-06  0.3550E-03  0.1287E-05  0.1938E-06  0.2090E+00  0.0000E+00  0.0000E+00  0.0000E+00  0.0000E+00
   69.27  0.6872E-06  0.3550E-03  0.1274E-05  0.1858E-06  0.2090E+00  0.0000E+00  0.0000E+00  0.0000E+00  0.0000E+00
   66.38  0.7849E-06  0.3550E-03  0.1261E-05  0.1781E-06  0.2090E+00  0.0000E+00  0.0000E+00  0.0000E+00  0.0000E+00
   63.63  0.8897E-06  0.3550E-03  0.1248E-05  0.1706E-06  0.2090E+00  0.0000E+00  0.0000E+00  0.0000E+00  0.0000E+00
   61.01  0.1027E-05  0.3550E-03  0.1229E-05  0.1629E-06  0.2090E+00  0.0000E+00  0.0000E+00  0.0000E+00  0.0000E+00
   58.50  0.1162E-05  0.3550E-03  0.1211E-05  0.1555E-06  0.2090E+00  0.0000E+00  0.0000E+00  0.0000E+00  0.0000E+00
   56.11  0.1290E-05  0.3550E-03  0.1193E-05  0.1484E-06  0.2090E+00  0.0000E+00  0.0000E+00  0.0000E+00  0.0000E+00
   53.83  0.1412E-05  0.3550E-03  0.1177E-05  0.1416E-06  0.2090E+00  0.0000E+00  0.0000E+00  0.0000E+00  0.0000E+00
   51.65  0.1549E-05  0.3550E-03  0.1157E-05  0.1355E-06  0.2090E+00  0.0000E+00  0.0000E+00  0.0000E+00  0.0000E+00
   49.56  0.1710E-05  0.3550E-03  0.1133E-05  0.1302E-06  0.2090E+00  0.0000E+00  0.0000E+00  0.0000E+00  0.0000E+00
   47.57  0.1864E-05  0.3550E-03  0.1110E-05  0.1251E-06  0.2090E+00  0.0000E+00  0.0000E+00  0.0000E+00  0.0000E+00
   45.67  0.2011E-05  0.3550E-03  0.1087E-05  0.1203E-06  0.2090E+00  0.0000E+00  0.0000E+00  0.0000E+00  0.0000E+00
   43.85  0.2152E-05  0.3550E-03  0.1066E-05  0.1156E-06  0.2090E+00  0.0000E+00  0.0000E+00  0.0000E+00  0.0000E+00
   42.11  0.2333E-05  0.3550E-03  0.1042E-05  0.1119E-06  0.2090E+00  0.0000E+00  0.0000E+00  0.0000E+00  0.0000E+00
   40.44  0.2555E-05  0.3550E-03  0.1016E-05  0.1092E-06  0.2090E+00  0.0000E+00  0.0000E+00  0.0000E+00  0.0000E+00
   38.85  0.2767E-05  0.3550E-03  0.9909E-06  0.1065E-06  0.2090E+00  0.0000E+00  0.0000E+00  0.0000E+00  0.0000E+00
   37.32  0.2970E-05  0.3550E-03  0.9669E-06  0.1040E-06  0.2090E+00  0.0000E+00  0.0000E+00  0.0000E+00  0.0000E+00
   35.86  0.3165E-05  0.3550E-03  0.9439E-06  0.1015E-06  0.2090E+00  0.0000E+00  0.0000E+00  0.0000E+00  0.0000E+00
   34.46  0.3412E-05  0.3550E-03  0.9196E-06  0.9935E-07  0.2090E+00  0.0000E+00  0.0000E+00  0.0000E+00  0.0000E+00
   33.11  0.3706E-05  0.3550E-03  0.8942E-06  0.9744E-07  0.2090E+00  0.0000E+00  0.0000E+00  0.0000E+00  0.0000E+00
   31.83  0.3988E-05  0.3550E-03  0.8698E-06  0.9561E-07  0.2090E+00  0.0000E+00  0.0000E+00  0.0000E+00  0.0000E+00
   30.60  0.4259E-05  0.3550E-03  0.8465E-06  0.9386E-07  0.2090E+00  0.0000E+00  0.0000E+00  0.0000E+00  0.0000E+00
   29.41  0.4518E-05  0.3550E-03  0.8241E-06  0.9218E-07  0.2090E+00  0.0000E+00  0.0000E+00  0.0000E+00  0.0000E+00
   28.28  0.4812E-05  0.3550E-03  0.8064E-06  0.9072E-07  0.2090E+00  0.0000E+00  0.0000E+00  0.0000E+00  0.0000E+00
   27.19  0.5147E-05  0.3550E-03  0.7939E-06  0.8950E-07  0.2090E+00  0.0000E+00  0.0000E+00  0.0000E+00  0.0000E+00
   26.15  0.5468E-05  0.3550E-03  0.7820E-06  0.8834E-07  0.2090E+00  0.0000E+00  0.0000E+00  0.0000E+00  0.0000E+00
   25.15  0.5776E-05  0.3550E-03  0.7705E-06  0.8723E-07  0.2090E+00  0.0000E+00  0.0000E+00  0.0000E+00  0.0000E+00
   24.19  0.6072E-05  0.3550E-03  0.7595E-06  0.8616E-07  0.2090E+00  0.0000E+00  0.0000E+00  0.0000E+00  0.0000E+00
   23.27  0.6363E-05  0.3550E-03  0.7493E-06  0.8511E-07  0.2090E+00  0.0000E+00  0.0000E+00  0.0000E+00  0.0000E+00
   22.39  0.6658E-05  0.3550E-03  0.7399E-06  0.8406E-07  0.2090E+00  0.0000E+00  0.0000E+00  0.0000E+00  0.0000E+00
   21.54  0.6942E-05  0.3550E-03  0.7310E-06  0.8304E-07  0.2090E+00  0.0000E+00  0.0000E+00  0.0000E+00  0.0000E+00
   20.73  0.7215E-05  0.3550E-03  0.7224E-06  0.8207E-07  0.2090E+00  0.0000E+00  0.0000E+00  0.0000E+00  0.0000E+00
   19.95  0.7476E-05  0.3550E-03  0.7142E-06  0.8114E-07  0.2090E+00  0.0000E+00  0.0000E+00  0.0000E+00  0.0000E+00
   19.20  0.7717E-05  0.3550E-03  0.7061E-06  0.8013E-07  0.2090E+00  0.0000E+00  0.0000E+00  0.0000E+00  0.0000E+00
   18.48  0.7910E-05  0.3550E-03  0.6979E-06  0.7873E-07  0.2090E+00  0.0000E+00  0.0000E+00  0.0000E+00  0.0000E+00
   17.79  0.8092E-05  0.3550E-03  0.6900E-06  0.7735E-07  0.2090E+00  0.0000E+00  0.0000E+00  0.0000E+00  0.0000E+00
   17.13  0.8266E-05  0.3550E-03  0.6824E-06  0.7603E-07  0.2090E+00  0.0000E+00  0.0000E+00  0.0000E+00  0.0000E+00
   16.49  0.8434E-05  0.3550E-03  0.6752E-06  0.7476E-07  0.2090E+00  0.0000E+00  0.0000E+00  0.0000E+00  0.0000E+00
    8.09  0.8250E-05  0.3550E-03  0.4996E-06  0.4163E-07  0.2090E+00  0.0000E+00  0.0000E+00  0.0000E+00  0.0000E+00
 done...
 Initializing P3 Cloud Optics
 Let's do some shortwave
 Range of zenith angles  0.732661695834013       0.732661695834013     
 Range of surface albedo (asdir)  3.383449086658900E-002  3.383449086658900E-002
 Range of surface albedo (aldir)  3.383449086658900E-002  3.383449086658900E-002
 Range of surface albedo (asdif)  6.000000000000000E-002  6.000000000000000E-002
 Range of surface albedo (aldif)  6.000000000000000E-002  6.000000000000000E-002
 radiation: perpetual sun, solin=   310.282741178795     
 longwave radiation is called
NSTEP =          1   NCYCLE=  3  CFL_adv= 0.000  CFL_sgs= 0.000
NSTEP =          2   NCYCLE=  1  CFL_adv= 0.191  CFL_sgs= 0.029
NSTEP =          3   NCYCLE=  1  CFL_adv= 0.477  CFL_sgs= 0.030
 Collecting statistics...
 name QCSTRG is missing in "lst" file.
NSTEP =          4   NCYCLE=  2  CFL_adv= 0.386  CFL_sgs= 0.018
 DAY =   1.388888888888889E-003
 NSTEP=           4
 div:  4.056187363373760E-016 -4.233959384755476E-016
 SST=   303.150000000000     
 surface pressure=   1014.80000000000     
 u:  -5.94694661736614        5.75702014512004     
 v:  -5.94993292835810        5.76231107358328     
 w:  -3.58002902728243        6.53006738840489     
 p:  -41.9225514504911        63.9666174749496     
 t:   301.551423413754        497.293979847527     
 tabs:   192.167361287802        301.342407620669     
 qv:  1.400000000020394E-006  1.824260236374222E-002
 tke:  0.000000000000000E+000   1.67234393278801     
 tk:  0.000000000000000E+000   32.3297843789981     
 tkh:  0.000000000000000E+000   32.3297843789981     
 qcl:  0.000000000000000E+000  0.000000000000000E+000
 qci:  0.000000000000000E+000  8.967174445669712E-004
 qpl:  0.000000000000000E+000  0.000000000000000E+000
 qpi:  0.000000000000000E+000  0.000000000000000E+000
 qrad(K/day):  -67.2103844754735        15.7321862599824     
 shf:   4.80394128853385        4.80505233094117     
 lhf:   70.0590635158086        70.0594245465259     
 uw: -8.930140974498771E-004  8.319993198865417E-004
 vw: -8.930018859510723E-004  8.320185863708510E-004
 sst:   303.150000000000        303.150000000000     
 ===========================
 total water budget:
 before (mm):         54.67782046742
 after (mm):          54.67865814229
 evaporation (mm):     0.00083767486
 precipitation (mm):   0.00000000000
 large-scale (mm):     0.00000000000
 Imbalance (mm)      -0.00000000000
 evap (mm/day):   2.41250360066498     
 prec (mm/day):  0.000000000000000E+000
 ls (mm/day):  0.000000000000000E+000
 imbalance (mm/day) -1.374900193695794E-011
  imbalance (rel error): -1.299488246238819E-016
 ===========================
NSTEP =          5   NCYCLE=  3  CFL_adv= 0.355  CFL_sgs= 0.016
NSTEP =          6   NCYCLE=  3  CFL_adv= 0.445  CFL_sgs= 0.017
 Let's do some shortwave
 Range of zenith angles  0.732661695834013       0.732661695834013     
 Range of surface albedo (asdir)  3.383449086658900E-002  3.383449086658900E-002
 Range of surface albedo (aldir)  3.383449086658900E-002  3.383449086658900E-002
 Range of surface albedo (asdif)  6.000000000000000E-002  6.000000000000000E-002
 Range of surface albedo (aldif)  6.000000000000000E-002  6.000000000000000E-002
 radiation: perpetual sun, solin=   310.282741112669     
 longwave radiation is called
NSTEP =          7   NCYCLE=  4  CFL_adv= 0.397  CFL_sgs= 0.015
 Collecting statistics...
 name QCSTRG is missing in "lst" file.
NSTEP =          8   NCYCLE=  4  CFL_adv= 0.454  CFL_sgs= 0.016
 DAY =   2.777777777777778E-003
 NSTEP=           8
 div:  7.545075446365338E-017 -8.621545313957595E-017
 SST=   303.150000000000     
 surface pressure=   1014.80000000000     
 u:  -9.61376783152157        9.39690949931375     
 v:  -9.59196576164681        9.38808487578094     
 w:  -4.84435569785678        11.6018612301859     
 p:  -31.2036659194730        57.8287435111762     
 t:   301.551632429994        497.294785940713     
 tabs:   191.633699387296        301.354927525547     
 qv:  1.400000000866919E-006  1.831196851065025E-002
 tke:  0.000000000000000E+000   3.57723669343107     
 tk:  0.000000000000000E+000   47.2839606356576     
 tkh:  0.000000000000000E+000   47.2839606356576     
 qcl:  0.000000000000000E+000  9.715331720346484E-005
 qci:  0.000000000000000E+000  1.079260799831416E-003
 qpl:  0.000000000000000E+000  1.993544680560209E-012
 qpi:  0.000000000000000E+000  0.000000000000000E+000
 qrad(K/day):  -66.6736689535092        37.8418878440762     
 shf:   4.76280094105404        4.76536444114887     
 lhf:   69.4455870967085        69.4475459216715     
 uw: -1.046428202965920E-003  9.644224704222910E-004
 vw: -1.046433890683560E-003  9.644306441305760E-004
 sst:   303.150000000000        303.150000000000     
 ===========================
 total water budget:
 before (mm):         54.68116036283
 after (mm):          54.68199103394
 evaporation (mm):     0.00083052982
 precipitation (mm):   0.00000000000
 large-scale (mm):     0.00000000000
 Imbalance (mm)       0.00000014129
 evap (mm/day):   2.39192588850994     
 prec (mm/day):  0.000000000000000E+000
 ls (mm/day):  0.000000000000000E+000
 imbalance (mm/day)  4.069097689196610E-004
  imbalance (rel error):  2.583814327262699E-009
 ===========================
NSTEP =          9   NCYCLE=  5  CFL_adv= 0.392  CFL_sgs= 0.014
NSTEP =         10   NCYCLE=  5  CFL_adv= 0.408  CFL_sgs= 0.014
NSTEP =         11   NCYCLE=  5  CFL_adv= 0.414  CFL_sgs= 0.016
 Collecting statistics...
 name QCSTRG is missing in "lst" file.
NSTEP =         12   NCYCLE=  5  CFL_adv= 0.410  CFL_sgs= 0.016
 DAY =   4.166666666666667E-003
 NSTEP=          12
 div:  1.070292729618993E-016 -1.185314131406608E-016
 SST=   303.150000000000     
 surface pressure=   1014.80000000000     
 u:  -11.0577930745270        10.6838697677255     
 v:  -11.0419172098201        10.6664280986275     
 w:  -4.22068357166257        11.4012585547729     
 p:  -38.2591124767678        45.9467612490471     
 t:   301.552761453540        497.350167222872     
 tabs:   191.118988850113        301.366570095071     
 qv:  1.400000015423943E-006  1.837716883214429E-002
 tke:  0.000000000000000E+000   4.72274083165227     
 tk:  0.000000000000000E+000   54.3296697926894     
 tkh:  0.000000000000000E+000   54.3296697926894     
 qcl:  0.000000000000000E+000  1.739857381769944E-004
 qci:  0.000000000000000E+000  1.056671429696970E-003
 qpl:  0.000000000000000E+000  2.960418100476534E-011
 qpi:  0.000000000000000E+000  0.000000000000000E+000
 qrad(K/day):  -66.6736689535092        37.8418878440762     
 shf:   4.72647623518945        4.73048543225754     
 lhf:   68.8974974032594        68.9019447423999     
 uw: -9.838557609354827E-004  8.987099030168171E-004
 vw: -9.838323754048719E-004  8.986859395929387E-004
 sst:   303.150000000000        303.150000000000     
 ===========================
 total water budget:
 before (mm):         54.68447302749
 after (mm):          54.68529710698
 evaporation (mm):     0.00082399995
 precipitation (mm):   0.00000000000
 large-scale (mm):     0.00000000000
 Imbalance (mm)       0.00000007954
 evap (mm/day):   2.37311985348533     
 prec (mm/day):  0.000000000000000E+000
 ls (mm/day):  0.000000000000000E+000
 imbalance (mm/day)  2.290800119197911E-004
  imbalance (rel error):  1.454534861023521E-009
 ===========================
 Let's do some shortwave
 Range of zenith angles  0.732661695834013       0.732661695834013     
 Range of surface albedo (asdir)  3.383449086658900E-002  3.383449086658900E-002
 Range of surface albedo (aldir)  3.383449086658900E-002  3.383449086658900E-002
 Range of surface albedo (asdif)  6.000000000000000E-002  6.000000000000000E-002
 Range of surface albedo (aldif)  6.000000000000000E-002  6.000000000000000E-002
 radiation: perpetual sun, solin=   310.282740820128     
 longwave radiation is called
NSTEP =         13   NCYCLE=  5  CFL_adv= 0.402  CFL_sgs= 0.016
NSTEP =         14   NCYCLE=  4  CFL_adv= 0.476  CFL_sgs= 0.022
NSTEP =         15   NCYCLE=  4  CFL_adv= 0.448  CFL_sgs= 0.020
 Collecting statistics...
 name QCSTRG is missing in "lst" file.
NSTEP =         16   NCYCLE=  4  CFL_adv= 0.401  CFL_sgs= 0.020
 DAY =   5.555555555555556E-003
 NSTEP=          16
 div:  1.530757044936701E-016 -2.113986961114944E-016
 SST=   303.150000000000     
 surface pressure=   1014.80000000000     
 u:  -10.9139518023328        10.9833873342172     
 v:  -10.9108684938998        10.9790343526528     
 w:  -5.93409316058766        7.18290745451874     
 p:  -43.4844070927076        40.5772946179416     
 t:   301.554589934119        497.317229198594     
 tabs:   191.111158337145        301.377301530272     
 qv:  1.400000168435633E-006  1.843834608751044E-002
 tke:  0.000000000000000E+000   5.37413151492568     
 tk:  0.000000000000000E+000   57.9554328499801     
 tkh:  0.000000000000000E+000   57.9554328499801     
 qcl:  0.000000000000000E+000  9.990337344165813E-005
 qci:  0.000000000000000E+000  1.075143917737705E-003
 qpl:  0.000000000000000E+000  2.023169533212457E-011
 qpi:  0.000000000000000E+000  0.000000000000000E+000
 qrad(K/day):  -68.0911443160033        66.6046747816443     
 shf:   4.69379819378752        4.69908761047391     
 lhf:   68.3959118511519        68.4061717331117     
 uw: -9.720593337718411E-004  1.200529891330517E-003
 vw: -9.721265488708637E-004  1.200844638311152E-003
 sst:   303.150000000000        303.150000000000     
 ===========================
 total water budget:
 before (mm):         54.68776012901
 after (mm):          54.68857812317
 evaporation (mm):     0.00081794675
 precipitation (mm):   0.00000000000
 large-scale (mm):     0.00000000000
 Imbalance (mm)       0.00000004741
 evap (mm/day):   2.35568663455609     
 prec (mm/day):  0.000000000000000E+000
 ls (mm/day):  0.000000000000000E+000
 imbalance (mm/day)  1.365372250461405E-004
  imbalance (rel error):  8.668859748801772E-010
 ===========================
NSTEP =         17   NCYCLE=  4  CFL_adv= 0.380  CFL_sgs= 0.021
NSTEP =         18   NCYCLE=  4  CFL_adv= 0.385  CFL_sgs= 0.022
 Let's do some shortwave
 Range of zenith angles  0.732661695834013       0.732661695834013     
 Range of surface albedo (asdir)  3.383449086658900E-002  3.383449086658900E-002
 Range of surface albedo (aldir)  3.383449086658900E-002  3.383449086658900E-002
 Range of surface albedo (asdif)  6.000000000000000E-002  6.000000000000000E-002
 Range of surface albedo (aldif)  6.000000000000000E-002  6.000000000000000E-002
 radiation: perpetual sun, solin=   310.282740703096     
 longwave radiation is called
NSTEP =         19   NCYCLE=  4  CFL_adv= 0.390  CFL_sgs= 0.022
 Collecting statistics...
 name QCSTRG is missing in "lst" file.
NSTEP =         20   NCYCLE=  4  CFL_adv= 0.388  CFL_sgs= 0.021
 DAY =   6.944444444444444E-003
 NSTEP=          20
 div:  1.546803581470764E-016 -1.653787983349599E-016
 SST=   303.150000000000     
 surface pressure=   1014.80000000000     
 u:  -10.6930562280598        10.7276824610927     
 v:  -10.6994946712878        10.7292652807120     
 w:  -6.02585692188625        7.57225415710150     
 p:  -39.1678122764705        32.9380481503059     
 t:   301.556980201589        497.321457779967     
 tabs:   191.288424593986        301.387277296510     
 qv:  1.400001301789492E-006  1.849600799453214E-002
 tke:  0.000000000000000E+000   4.92575783279884     
 tk:  0.000000000000000E+000   55.4851209379530     
 tkh:  0.000000000000000E+000   55.4851209379530     
 qcl:  0.000000000000000E+000  0.000000000000000E+000
 qci:  0.000000000000000E+000  1.107615476351321E-003
 qpl:  0.000000000000000E+000  2.432657555981703E-012
 qpi:  0.000000000000000E+000  0.000000000000000E+000
 qrad(K/day):  -61.8715400289059        89.8934315820507     
 shf:   4.66302237166283        4.66948570170127     
 lhf:   67.9170816253486        67.9423574786943     
 uw: -1.661423309130674E-003  1.666974780465991E-003
 vw: -1.661377850108097E-003  1.666658793660559E-003
 sst:   303.150000000000        303.150000000000     
 ===========================
 total water budget:
 before (mm):         54.69102336716
 after (mm):          54.69183562017
 evaporation (mm):     0.00081222439
 precipitation (mm):   0.00000000000
 large-scale (mm):     0.00000000000
 Imbalance (mm)       0.00000002861
 evap (mm/day):   2.33920624297891     
 prec (mm/day):  0.000000000000000E+000
 ls (mm/day):  0.000000000000000E+000
 imbalance (mm/day)  8.240442728180142E-005
  imbalance (rel error):  5.231612022143913E-010
 ===========================
NSTEP =         21   NCYCLE=  4  CFL_adv= 0.386  CFL_sgs= 0.020
NSTEP =         22   NCYCLE=  4  CFL_adv= 0.367  CFL_sgs= 0.018
NSTEP =         23   NCYCLE=  4  CFL_adv= 0.363  CFL_sgs= 0.018
 Collecting statistics...
 name QCSTRG is missing in "lst" file.
NSTEP =         24   NCYCLE=  3  CFL_adv= 0.458  CFL_sgs= 0.026
 DAY =   8.333333333333333E-003
 NSTEP=          24
 div:  1.697470116272639E-016 -2.103281767238906E-016
 SST=   303.150000000000     
 surface pressure=   1014.80000000000     
 u:  -10.2725967840013        10.1831671681721     
 v:  -10.2859798228486        10.1754437856650     
 w:  -5.48727334336644        6.23544239610878     
 p:  -32.5039220656746        33.3590568296202     
 t:   301.559823667227        497.330906572036     
 tabs:   191.440089134202        301.396626610147     
 qv:  1.400007634729199E-006  1.855044658152187E-002
 tke:  0.000000000000000E+000   5.11028280653106     
 tk:  0.000000000000000E+000   56.5148365836965     
 tkh:  0.000000000000000E+000   56.5148365836965     
 qcl:  0.000000000000000E+000  0.000000000000000E+000
 qci:  0.000000000000000E+000  1.228605964589541E-003
 qpl:  0.000000000000000E+000  0.000000000000000E+000
 qpi:  0.000000000000000E+000  0.000000000000000E+000
 qrad(K/day):  -61.8715400289059        89.8934315820507     
 shf:   4.63483627653251        4.64320293200228     
 lhf:   67.4742630541293        67.5389633542431     
 uw: -1.694523078600748E-003  2.100471390168286E-003
 vw: -1.694863183663794E-003  2.100838405268277E-003
 sst:   303.150000000000        303.150000000000     
 ===========================
 total water budget:
 before (mm):         54.69426418583
 after (mm):          54.69507110121
 evaporation (mm):     0.00080689576
 precipitation (mm):   0.00000000000
 large-scale (mm):     0.00000000000
 Imbalance (mm)       0.00000001963
 evap (mm/day):   2.32385978289475     
 prec (mm/day):  0.000000000000000E+000
 ls (mm/day):  0.000000000000000E+000
 imbalance (mm/day)  5.652348701090659E-005
  imbalance (rel error):  3.588296559102424E-010
 ===========================
 Let's do some shortwave
 Range of zenith angles  0.732661695834013       0.732661695834013     
 Range of surface albedo (asdir)  3.383449086658900E-002  3.383449086658900E-002
 Range of surface albedo (aldir)  3.383449086658900E-002  3.383449086658900E-002
 Range of surface albedo (asdif)  6.000000000000000E-002  6.000000000000000E-002
 Range of surface albedo (aldif)  6.000000000000000E-002  6.000000000000000E-002
 radiation: perpetual sun, solin=   310.282740738323     
 longwave radiation is called
NSTEP =         25   NCYCLE=  3  CFL_adv= 0.453  CFL_sgs= 0.027
NSTEP =         26   NCYCLE=  3  CFL_adv= 0.459  CFL_sgs= 0.027
NSTEP =         27   NCYCLE=  3  CFL_adv= 0.458  CFL_sgs= 0.026
 Collecting statistics...
 name QCSTRG is missing in "lst" file.
NSTEP =         28   NCYCLE=  3  CFL_adv= 0.469  CFL_sgs= 0.026
 DAY =   9.722222222222222E-003
 NSTEP=          28
 div:  2.148857498094370E-016 -1.940560409143472E-016
 SST=   303.150000000000     
 surface pressure=   1014.80000000000     
 u:  -9.87543248515954        9.54637106810597     
 v:  -9.88167754537099        9.54680126551455     
 w:  -6.28449368577432        7.14593797712942     
 p:  -30.9418507726958        33.7890336493390     
 t:   301.563138520535        497.341814715839     
 tabs:   191.437311394806        301.405503932129     
 qv:  1.400035114427885E-006  1.860198359534550E-002
 tke:  0.000000000000000E+000   4.80463143246285     
 tk:  0.000000000000000E+000   54.7986737548390     
 tkh:  0.000000000000000E+000   54.7986737548390     
 qcl:  0.000000000000000E+000  0.000000000000000E+000
 qci:  0.000000000000000E+000  1.313163786651759E-003
 qpl:  0.000000000000000E+000  0.000000000000000E+000
 qpi:  0.000000000000000E+000  0.000000000000000E+000
 qrad(K/day):  -59.0081365913019        122.414606366011     
 shf:   4.60744630510149        4.61833808326659     
 lhf:   67.0459400487322        67.1450713101732     
 uw: -2.080800583371416E-003  2.524322400731694E-003
 vw: -2.080514354200702E-003  2.524871500937050E-003
 sst:   303.150000000000        303.150000000000     
 ===========================
 total water budget:
 before (mm):         54.69748412121
 after (mm):          54.69828594423
 evaporation (mm):     0.00080181473
 precipitation (mm):   0.00000000000
 large-scale (mm):     0.00000000000
 Imbalance (mm)       0.00000000829
 evap (mm/day):   2.30922642887247     
 prec (mm/day):  0.000000000000000E+000
 ls (mm/day):  0.000000000000000E+000
 imbalance (mm/day)  2.388212539727874E-005
  imbalance (rel error):  1.516026154274263E-010
 ===========================
NSTEP =         29   NCYCLE=  3  CFL_adv= 0.474  CFL_sgs= 0.026
NSTEP =         30   NCYCLE=  3  CFL_adv= 0.455  CFL_sgs= 0.026
 Let's do some shortwave
 Range of zenith angles  0.732661695834013       0.732661695834013     
 Range of surface albedo (asdir)  3.383449086658900E-002  3.383449086658900E-002
 Range of surface albedo (aldir)  3.383449086658900E-002  3.383449086658900E-002
 Range of surface albedo (asdif)  6.000000000000000E-002  6.000000000000000E-002
 Range of surface albedo (aldif)  6.000000000000000E-002  6.000000000000000E-002
 radiation: perpetual sun, solin=   310.282740725788     
 longwave radiation is called
NSTEP =         31   NCYCLE=  3  CFL_adv= 0.458  CFL_sgs= 0.025
 Collecting statistics...
 name QCSTRG is missing in "lst" file.
NSTEP =         32   NCYCLE=  3  CFL_adv= 0.446  CFL_sgs= 0.029
 DAY =   1.111111111111111E-002
 NSTEP=          32
 div:  1.659957053131012E-016 -2.037864755114089E-016
 SST=   303.150000000000     
 surface pressure=   1014.80000000000     
 u:  -9.84994843125743        9.57588317917553     
 v:  -9.81731036195002        9.78791187731784     
 w:  -5.58997645762118        6.58299266267739     
 p:  -28.4838485994047        32.6019530358689     
 t:   301.566836705705        497.318425164490     
 tabs:   191.456406721097        301.413951155817     
 qv:  1.400127864609034E-006  1.865087350529528E-002
 tke:  0.000000000000000E+000   5.36383893153274     
 tk:  0.000000000000000E+000   57.8999078773702     
 tkh:  0.000000000000000E+000   57.8999078773702     
 qcl:  0.000000000000000E+000  0.000000000000000E+000
 qci:  0.000000000000000E+000  1.284272503013501E-003
 qpl:  0.000000000000000E+000  0.000000000000000E+000
 qpi:  0.000000000000000E+000  0.000000000000000E+000
 qrad(K/day):  -56.4571998982838        148.652030629844     
 shf:   4.58142254435639        4.59500866010762     
 lhf:   66.6397022371882        66.7305171039548     
 uw: -2.375743225130979E-003  2.787859911348269E-003
 vw: -2.375443700851623E-003  2.788473014166556E-003
 sst:   303.150000000000        303.150000000000     
 ===========================
 total water budget:
 before (mm):         54.70068413805
 after (mm):          54.70148115929
 evaporation (mm):     0.00079701053
 precipitation (mm):   0.00000000000
 large-scale (mm):     0.00000000000
 Imbalance (mm)       0.00000001072
 evap (mm/day):   2.29539031247683     
 prec (mm/day):  0.000000000000000E+000
 ls (mm/day):  0.000000000000000E+000
 imbalance (mm/day)  3.087295667114631E-005
  imbalance (rel error):  1.959686152205742E-010
 ===========================
NSTEP =         33   NCYCLE=  3  CFL_adv= 0.445  CFL_sgs= 0.028
NSTEP =         34   NCYCLE=  3  CFL_adv= 0.456  CFL_sgs= 0.025
NSTEP =         35   NCYCLE=  3  CFL_adv= 0.471  CFL_sgs= 0.024
 Collecting statistics...
 name QCSTRG is missing in "lst" file.
NSTEP =         36   NCYCLE=  4  CFL_adv= 0.363  CFL_sgs= 0.020
 DAY =   1.250000000000000E-002
 NSTEP=          36
 div:  1.337898929152311E-016 -1.277101138937168E-016
 SST=   303.150000000000     
 surface pressure=   1014.80000000000     
 u:  -9.86683728251685        9.39358665853714     
 v:  -9.83381641048842        9.77027296799644     
 w:  -5.79783803543425        7.88359397183718     
 p:  -24.4075694327899        32.9464147305931     
 t:   301.570860456874        497.316692007521     
 tabs:   191.471745733044        301.422109279916     
 qv:  1.400370502335336E-006  1.869735989293981E-002
 tke:  0.000000000000000E+000   4.34621922278467     
 tk:  0.000000000000000E+000   52.1189698117722     
 tkh:  0.000000000000000E+000   52.1189698117722     
 qcl:  0.000000000000000E+000  0.000000000000000E+000
 qci:  0.000000000000000E+000  1.235152262418012E-003
 qpl:  0.000000000000000E+000  0.000000000000000E+000
 qpi:  0.000000000000000E+000  0.000000000000000E+000
 qrad(K/day):  -56.4571998982838        148.652030629844     
 shf:   4.55579629898904        4.57309897329238     
 lhf:   66.2456518985409        66.3450107239036     
 uw: -2.547617965878074E-003  2.906607196104434E-003
 vw: -2.547303770130256E-003  2.907366812794684E-003
 sst:   303.150000000000        303.150000000000     
 ===========================
 total water budget:
 before (mm):         54.70386529400
 after (mm):          54.70465770368
 evaporation (mm):     0.00079240740
 precipitation (mm):   0.00000000000
 large-scale (mm):     0.00000000000
 Imbalance (mm)       0.00000000227
 evap (mm/day):   2.28213331974317     
 prec (mm/day):  0.000000000000000E+000
 ls (mm/day):  0.000000000000000E+000
 imbalance (mm/day)  6.549619087081736E-006
  imbalance (rel error):  4.157178348176174E-011
 ===========================
 Let's do some shortwave
 Range of zenith angles  0.732661695834013       0.732661695834013     
 Range of surface albedo (asdir)  3.383449086658900E-002  3.383449086658900E-002
 Range of surface albedo (aldir)  3.383449086658900E-002  3.383449086658900E-002
 Range of surface albedo (asdif)  6.000000000000000E-002  6.000000000000000E-002
 Range of surface albedo (aldif)  6.000000000000000E-002  6.000000000000000E-002
 radiation: perpetual sun, solin=   310.282740702870     
 longwave radiation is called
NSTEP =         37   NCYCLE=  4  CFL_adv= 0.377  CFL_sgs= 0.019
NSTEP =         38   NCYCLE=  4  CFL_adv= 0.376  CFL_sgs= 0.018
NSTEP =         39   NCYCLE=  4  CFL_adv= 0.392  CFL_sgs= 0.019
 Collecting statistics...
 name QCSTRG is missing in "lst" file.
NSTEP =         40   NCYCLE=  4  CFL_adv= 0.385  CFL_sgs= 0.019
 DAY =   1.388888888888889E-002
 NSTEP=          40
 div:  1.429839419579425E-016 -1.197170110011146E-016
 SST=   303.150000000000     
 surface pressure=   1014.80000000000     
 u:  -9.83310961160100        8.96906109834175     
 v:  -9.80743700595710        8.95436595864135     
 w:  -5.49861362611890        8.20730884258217     
 p:  -20.5331298825351        32.1013280015749     
 t:   301.575196110775        497.308659214680     
 tabs:   191.276413959035        301.429949592094     
 qv:  1.400869651690803E-006  1.874170423863568E-002
 tke:  0.000000000000000E+000   4.78522014493517     
 tk:  0.000000000000000E+000   54.6878651126965     
 tkh:  0.000000000000000E+000   54.6878651126965     
 qcl:  0.000000000000000E+000  0.000000000000000E+000
 qci:  0.000000000000000E+000  1.215361431507849E-003
 qpl:  0.000000000000000E+000  0.000000000000000E+000
 qpi:  0.000000000000000E+000  0.000000000000000E+000
 qrad(K/day):  -54.6619197380535        151.973879715452     
 shf:   4.53167594885112        4.55285817744580     
 lhf:   65.8777355491713        66.0019612949107     
 uw: -2.597010785699898E-003  2.899707571422144E-003
 vw: -2.596678954343537E-003  2.900447517210082E-003
 sst:   303.150000000000        303.150000000000     
 ===========================
 total water budget:
 before (mm):         54.70702836601
 after (mm):          54.70781644070
 evaporation (mm):     0.00078807430
 precipitation (mm):   0.00000000000
 large-scale (mm):     0.00000000000
 Imbalance (mm)       0.00000000039
 evap (mm/day):   2.26965397481838     
 prec (mm/day):  0.000000000000000E+000
 ls (mm/day):  0.000000000000000E+000
 imbalance (mm/day)  1.110833345308038E-006
  imbalance (rel error):  7.050252383418821E-012
 ===========================
NSTEP =         41   NCYCLE=  4  CFL_adv= 0.379  CFL_sgs= 0.020
NSTEP =         42   NCYCLE=  4  CFL_adv= 0.368  CFL_sgs= 0.021
 Let's do some shortwave
 Range of zenith angles  0.732661695834013       0.732661695834013     
 Range of surface albedo (asdir)  3.383449086658900E-002  3.383449086658900E-002
 Range of surface albedo (aldir)  3.383449086658900E-002  3.383449086658900E-002
 Range of surface albedo (asdif)  6.000000000000000E-002  6.000000000000000E-002
 Range of surface albedo (aldif)  6.000000000000000E-002  6.000000000000000E-002
 radiation: perpetual sun, solin=   310.282740762133     
 longwave radiation is called
NSTEP =         43   NCYCLE=  3  CFL_adv= 0.460  CFL_sgs= 0.027
 Collecting statistics...
 name QCSTRG is missing in "lst" file.
NSTEP =         44   NCYCLE=  3  CFL_adv= 0.439  CFL_sgs= 0.027
 DAY =   1.527777777777778E-002
 NSTEP=          44
 div:  1.728085083757040E-016 -1.487768839451062E-016
 SST=   303.150000000000     
 surface pressure=   1014.80000000000     
 u:  -9.71777339696694        8.89032358177928     
 v:  -9.69576767999191        8.88173464504964     
 w:  -5.72737426239812        6.23734555572941     
 p:  -22.9264629412751        30.4306168314094     
 t:   301.579663402672        497.310030331194     
 tabs:   191.368989067837        301.437498646841     
 qv:  1.401592833238949E-006  1.878454475500039E-002
 tke:  0.000000000000000E+000   4.73137711257330     
 tk:  0.000000000000000E+000   54.3793223142613     
 tkh:  0.000000000000000E+000   54.3793223142613     
 qcl:  0.000000000000000E+000  0.000000000000000E+000
 qci:  0.000000000000000E+000  1.255133161897210E-003
 qpl:  0.000000000000000E+000  0.000000000000000E+000
 qpi:  0.000000000000000E+000  0.000000000000000E+000
 qrad(K/day):  -50.0598810389532        142.759781026350     
 shf:   4.50887836909881        4.53378967991324     
 lhf:   65.5294242482718        65.6817664948121     
 uw: -2.554108771311808E-003  2.803387493541682E-003
 vw: -2.553699262225162E-003  2.803994860518050E-003
 sst:   303.150000000000        303.150000000000     
 ===========================
 total water budget:
 before (mm):         54.71017444131
 after (mm):          54.71095841821
 evaporation (mm):     0.00078397671
 precipitation (mm):   0.00000000000
 large-scale (mm):     0.00000000000
 Imbalance (mm)       0.00000000019
 evap (mm/day):   2.25785292285586     
 prec (mm/day):  0.000000000000000E+000
 ls (mm/day):  0.000000000000000E+000
 imbalance (mm/day)  5.607962094700270E-007
  imbalance (rel error):  3.559145048174224E-012
 ===========================
NSTEP =         45   NCYCLE=  3  CFL_adv= 0.420  CFL_sgs= 0.026
NSTEP =         46   NCYCLE=  3  CFL_adv= 0.409  CFL_sgs= 0.024
NSTEP =         47   NCYCLE=  3  CFL_adv= 0.395  CFL_sgs= 0.023
 Collecting statistics...
 name QCSTRG is missing in "lst" file.
NSTEP =         48   NCYCLE=  3  CFL_adv= 0.392  CFL_sgs= 0.023
 DAY =   1.666666666666667E-002
 NSTEP=          48
 div:  1.881010410888508E-016 -2.173217753213080E-016
 SST=   303.150000000000     
 surface pressure=   1014.80000000000     
 u:  -9.53471325643865        8.80234915153466     
 v:  -9.50653835741725        9.20229347125178     
 w:  -5.44510643840347        4.83940863607106     
 p:  -23.5873551784792        28.1725025695081     
 t:   301.584150185451        497.306870819886     
 tabs:   191.309674893413        301.444609892478     
 qv:  1.402352228439558E-006  1.882581083012301E-002
 tke:  0.000000000000000E+000   3.68346131867878     
 tk:  0.000000000000000E+000   47.9808641457638     
 tkh:  0.000000000000000E+000   47.9808641457638     
 qcl:  0.000000000000000E+000  0.000000000000000E+000
 qci:  0.000000000000000E+000  1.246092784234854E-003
 qpl:  0.000000000000000E+000  0.000000000000000E+000
 qpi:  0.000000000000000E+000  0.000000000000000E+000
 qrad(K/day):  -50.0598810389532        142.759781026350     
 shf:   4.48698126239449        4.51494346130720     
 lhf:   65.1876526739090        65.3647961089294     
 uw: -2.894154715563551E-003  2.639797866530476E-003
 vw: -2.896487057388064E-003  2.640340479090285E-003
 sst:   303.150000000000        303.150000000000     
 ===========================
 total water budget:
 before (mm):         54.71330434254
 after (mm):          54.71408434907
 evaporation (mm):     0.00078000644
 precipitation (mm):   0.00000000000
 large-scale (mm):     0.00000000000
 Imbalance (mm)       0.00000000009
 evap (mm/day):   2.24641854279067     
 prec (mm/day):  0.000000000000000E+000
 ls (mm/day):  0.000000000000000E+000
 imbalance (mm/day)  2.534807563847608E-007
  imbalance (rel error):  1.608633859557594E-012
 ===========================
 Let's do some shortwave
 Range of zenith angles  0.732661695834013       0.732661695834013     
 Range of surface albedo (asdir)  3.383449086658900E-002  3.383449086658900E-002
 Range of surface albedo (aldir)  3.383449086658900E-002  3.383449086658900E-002
 Range of surface albedo (asdif)  6.000000000000000E-002  6.000000000000000E-002
 Range of surface albedo (aldif)  6.000000000000000E-002  6.000000000000000E-002
 radiation: perpetual sun, solin=   310.282740835196     
 longwave radiation is called
NSTEP =         49   NCYCLE=  3  CFL_adv= 0.384  CFL_sgs= 0.023
NSTEP =         50   NCYCLE=  3  CFL_adv= 0.370  CFL_sgs= 0.022
NSTEP =         51   NCYCLE=  3  CFL_adv= 0.354  CFL_sgs= 0.020
 Collecting statistics...
 name QCSTRG is missing in "lst" file.
NSTEP =         52   NCYCLE=  3  CFL_adv= 0.336  CFL_sgs= 0.019
 DAY =   1.805555555555555E-002
 NSTEP=          52
 div:  1.576701918204669E-016 -1.529246491156119E-016
 SST=   303.150000000000     
 surface pressure=   1014.80000000000     
 u:  -9.31964410327583        8.98511208646735     
 v:  -9.39542015502235        9.07465674285984     
 w:  -4.12588000853746        3.67865520923862     
 p:  -22.7392990589371        26.2138723095713     
 t:   301.588591558637        497.301580014143     
 tabs:   191.382542591881        301.451507729164     
 qv:  1.402794446231348E-006  1.886631865830656E-002
 tke:  0.000000000000000E+000   2.38568290825348     
 tk:  0.000000000000000E+000   36.4554851044444     
 tkh:  0.000000000000000E+000   36.4554851044444     
 qcl:  0.000000000000000E+000  0.000000000000000E+000
 qci:  0.000000000000000E+000  1.194466617914924E-003
 qpl:  0.000000000000000E+000  0.000000000000000E+000
 qpi:  0.000000000000000E+000  0.000000000000000E+000
 qrad(K/day):  -53.3216595077481        139.447004654140     
 shf:   4.46573737441790        4.49675505183292     
 lhf:   64.8515389341434        65.0560304900086     
 uw: -3.089425693243621E-003  2.435858271808296E-003
 vw: -3.091619626368231E-003  2.436280012179480E-003
 sst:   303.150000000000        303.150000000000     
 ===========================
 total water budget:
 before (mm):         54.71641859804
 after (mm):          54.71719478755
 evaporation (mm):     0.00077618950
 precipitation (mm):   0.00000000000
 large-scale (mm):     0.00000000000
 Imbalance (mm)       0.00000000001
 evap (mm/day):   2.23542576151086     
 prec (mm/day):  0.000000000000000E+000
 ls (mm/day):  0.000000000000000E+000
 imbalance (mm/day)  3.890935573735987E-008
  imbalance (rel error):  2.468587335159364E-013
 ===========================
NSTEP =         53   NCYCLE=  3  CFL_adv= 0.323  CFL_sgs= 0.017
NSTEP =         54   NCYCLE=  2  CFL_adv= 0.456  CFL_sgs= 0.026
 Let's do some shortwave
 Range of zenith angles  0.732661695834013       0.732661695834013     
 Range of surface albedo (asdir)  3.383449086658900E-002  3.383449086658900E-002
 Range of surface albedo (aldir)  3.383449086658900E-002  3.383449086658900E-002
 Range of surface albedo (asdif)  6.000000000000000E-002  6.000000000000000E-002
 Range of surface albedo (aldif)  6.000000000000000E-002  6.000000000000000E-002
 radiation: perpetual sun, solin=   310.282740877022     
 longwave radiation is called
NSTEP =         55   NCYCLE=  2  CFL_adv= 0.448  CFL_sgs= 0.024
 Collecting statistics...
 name QCSTRG is missing in "lst" file.
NSTEP =         56   NCYCLE=  2  CFL_adv= 0.444  CFL_sgs= 0.023
 DAY =   1.944444444444444E-002
 NSTEP=          56
 div:  2.902099804883755E-016 -2.004161070754834E-016
 SST=   303.150000000000     
 surface pressure=   1014.80000000000     
 u:  -9.12706924747327        8.93575213978645     
 v:  -9.17750388883362        8.80586395597768     
 w:  -3.29435615660376        3.38375399249452     
 p:  -22.0171386278334        27.0208374459903     
 t:   301.593056819064        497.299649025175     
 tabs:   191.572948885450        301.458080671398     
 qv:  1.403035774888118E-006  1.890478937368055E-002
 tke:  0.000000000000000E+000   1.94739712308271     
 tk:  0.000000000000000E+000   34.8872928431928     
 tkh:  0.000000000000000E+000   34.8872928431928     
 qcl:  0.000000000000000E+000  0.000000000000000E+000
 qci:  0.000000000000000E+000  1.182150103783588E-003
 qpl:  0.000000000000000E+000  0.000000000000000E+000
 qpi:  0.000000000000000E+000  0.000000000000000E+000
 qrad(K/day):  -52.7566610807803        148.610920928755     
 shf:   4.44639313469848        4.47976498070812     
 lhf:   64.5449881071538        64.7669717650077     
 uw: -3.129106559508307E-003  2.320607508516433E-003
 vw: -3.131205254440936E-003  2.319925755753789E-003
 sst:   303.150000000000        303.150000000000     
 ===========================
 total water budget:
 before (mm):         54.71951794633
 after (mm):          54.72029052886
 evaporation (mm):     0.00077258253
 precipitation (mm):   0.00000000000
 large-scale (mm):     0.00000000000
 Imbalance (mm)       0.00000000000
 evap (mm/day):   2.22503768803552     
 prec (mm/day):  0.000000000000000E+000
 ls (mm/day):  0.000000000000000E+000
 imbalance (mm/day)  1.405179972380211E-008
  imbalance (rel error):  8.920692027570584E-014
 ===========================
NSTEP =         57   NCYCLE=  2  CFL_adv= 0.443  CFL_sgs= 0.025
NSTEP =         58   NCYCLE=  2  CFL_adv= 0.436  CFL_sgs= 0.024
NSTEP =         59   NCYCLE=  2  CFL_adv= 0.419  CFL_sgs= 0.024
 Collecting statistics...
 name QCSTRG is missing in "lst" file.
 Writting statistics:nstatsteps=          15
 --------------- ISCCP Simulator Diagnostics: -----------------
 ISCCP PDF:
            0.0       0.3       1.3       3.6       9.4      23.0      60.0
    0.     0.007     0.001     0.001     0.006     0.005     0.007     0.001
  180.     0.001     0.000     0.000     0.000     0.002     0.000     0.000
  310.     0.000     0.000     0.000     0.000     0.000     0.000     0.000
  440.     0.000     0.000     0.000     0.000     0.000     0.000     0.000
  560.     0.000     0.000     0.000     0.000     0.000     0.000     0.000
  680.     0.000     0.000     0.000     0.000     0.000     0.000     0.000
  800.     0.000     0.000     0.000     0.000     0.000     0.000     0.000
 low cld area (tau > 0.3)=  0.000000000000000E+000
 mid cld area (tau > 0.3)=  0.000000000000000E+000
 hgh cld area (tau > 0.3)=  2.406703293925584E-002
 total cld area (tau > 0.3)=  2.406703293925584E-002
 mean albedo cld (tau > 0.3)   0.617432919273427     
 mean tau cld (tau > 0.3)    14.5838856245773     
 mean top pressure (tau > 0.3)   154.766262386420     
 mean brightness temp (tau > 0.3)   245.610313568055     
 mean clearsky brightness temp (tau > 0.3)   297.392056798736     
 --------------- MODIS Simulator Diagnostics: -----------------
 MODIS PDF:
                      0.3       1.3       3.6       9.4      23.0      60.0
    0.               0.001     0.001     0.006     0.005     0.008     0.001
  180.               0.000     0.000     0.000     0.001     0.000     0.000
  310.               0.000     0.000     0.000     0.000     0.000     0.000
  440.               0.000     0.000     0.000     0.000     0.000     0.000
  560.               0.000     0.000     0.000     0.000     0.000     0.000
  680.               0.000     0.000     0.000     0.000     0.000     0.000
  800.               0.000     0.000     0.000     0.000     0.000     0.000
 low cld area =  0.000000000000000E+000
 mid cld area =  0.000000000000000E+000
 hgh cld area =  2.255641282206834E-002
 total cld area =  2.255641282206834E-002
 mean tau cld    24.0925309051765     
 mean top pressure    142.803235173883     
 total cld area (liquid) =  0.000000000000000E+000
 total cld area (ice) =  2.255641282206834E-002
 mean tau (liquid) =  -1.00000000000000     
 mean tau (ice) =   24.0925309051765     
 mean lwp (g/m2) =  -1.00000000000000     
 mean iwp (g/m2) =   356.577529104633     
 mean reff (liquid)  =  -1.00000000000000     
 mean reff (ice)  =   27.3759827224410     
 --------------- MISR Simulator Diagnostics: -----------------
 MISR PDF:
            0.0       0.3       1.3       3.6       9.4      23.0      60.0
 99.00     0.000     0.000     0.000     0.000     0.000     0.000     0.000
 17.00     0.000     0.000     0.000     0.000     0.000     0.000     0.000
 15.00     0.000     0.000     0.001     0.006     0.005     0.008     0.001
 13.00     0.000     0.000     0.000     0.000     0.002     0.000     0.000
 11.00     0.000     0.000     0.000     0.000     0.000     0.000     0.000
  9.00     0.000     0.000     0.000     0.000     0.000     0.000     0.000
  7.00     0.000     0.000     0.000     0.000     0.000     0.000     0.000
  5.00     0.000     0.000     0.000     0.000     0.000     0.000     0.000
  4.00     0.000     0.000     0.000     0.000     0.000     0.000     0.000
  3.00     0.000     0.000     0.000     0.000     0.000     0.000     0.000
  2.50     0.000     0.000     0.000     0.000     0.000     0.000     0.000
  2.00     0.000     0.000     0.000     0.000     0.000     0.000     0.000
  1.50     0.000     0.000     0.000     0.000     0.000     0.000     0.000
  1.00     0.000     0.000     0.000     0.000     0.000     0.000     0.000
  0.50     0.000     0.000     0.000     0.000     0.000     0.000     0.000
  0.00     0.000     0.000     0.000     0.000     0.000     0.000     0.000
 total cld area =  2.381366327899531E-002
 mean top height (m)   14137.6255909280     
 Writting history file 
 iso_cld_P3_256x256x128_Nc0_1600                                                
  
 Writting 2D data. file:./OUT_2D/iso_cld_iso_cld_P3_256x256x128_Nc0_1600_64.2Dbi
 n                                                               
NSTEP =         60   NCYCLE=  2  CFL_adv= 0.410  CFL_sgs= 0.024
 DAY =   2.083333333333333E-002
 NSTEP=          60
 div:  2.481954929523757E-016 -1.944331855450969E-016
 SST=   303.150000000000     
 surface pressure=   1014.80000000000     
 u:  -9.09970070620616        8.76309754229841     
 v:  -9.30175904556887        8.53569388318019     
 w:  -2.73341990156365        3.64653322151818     
 p:  -21.2477259763707        23.9007654274014     
 t:   301.597558996169        497.299126963061     
 tabs:   191.601738213897        301.464387706809     
 qv:  1.403304884462100E-006  1.894065282599440E-002
 tke:  0.000000000000000E+000   1.68851182143989     
 tk:  0.000000000000000E+000   32.4856874392390     
 tkh:  0.000000000000000E+000   32.4856874392390     
 qcl:  0.000000000000000E+000  0.000000000000000E+000
 qci:  0.000000000000000E+000  1.185831337434851E-003
 qpl:  0.000000000000000E+000  0.000000000000000E+000
 qpi:  0.000000000000000E+000  0.000000000000000E+000
 qrad(K/day):  -52.7566610807803        148.610920928755     
 shf:   4.42673920348022        4.46253023908559     
 lhf:   64.2450671933331        64.4725736037472     
 uw: -3.070740777147158E-003  2.365463402965570E-003
 vw: -3.072177822110512E-003  2.364644643545497E-003
 sst:   303.150000000000        303.150000000000     
 ===========================
 total water budget:
 before (mm):         54.72260289357
 after (mm):          54.72337191137
 evaporation (mm):     0.00076901778
 precipitation (mm):   0.00000000000
 large-scale (mm):     0.00000000000
 Imbalance (mm)       0.00000000002
 evap (mm/day):   2.21477121684490     
 prec (mm/day):  0.000000000000000E+000
 ls (mm/day):  0.000000000000000E+000
 imbalance (mm/day)  4.640735795646832E-008
  imbalance (rel error):  2.944831190800634E-013
 ===========================
CPU TIME =      94.0731 OVER     0.50 MODEL HOURS
 Let's do some shortwave
 Range of zenith angles  0.732661695834013       0.732661695834013     
 Range of surface albedo (asdir)  3.383449086658900E-002  3.383449086658900E-002
 Range of surface albedo (aldir)  3.383449086658900E-002  3.383449086658900E-002
 Range of surface albedo (asdif)  6.000000000000000E-002  6.000000000000000E-002
 Range of surface albedo (aldif)  6.000000000000000E-002  6.000000000000000E-002
 radiation: perpetual sun, solin=   310.282740881777     
 longwave radiation is called
NSTEP =         61   NCYCLE=  2  CFL_adv= 0.411  CFL_sgs= 0.023
NSTEP =         62   NCYCLE=  2  CFL_adv= 0.405  CFL_sgs= 0.023
NSTEP =         63   NCYCLE=  2  CFL_adv= 0.432  CFL_sgs= 0.025
 Collecting statistics...
 name QCSTRG is missing in "lst" file.
NSTEP =         64   NCYCLE=  2  CFL_adv= 0.440  CFL_sgs= 0.025
 DAY =   2.222222222222222E-002
 NSTEP=          64
 div:  2.466622765983350E-016 -1.628087966406841E-016
 SST=   303.150000000000     
 surface pressure=   1014.80000000000     
 u:  -8.90409900020156        8.52788134680731     
 v:  -8.91243692061336        8.28575284633958     
 w:  -2.58588630934029        3.38095207301772     
 p:  -21.3347168535854        21.8503795154100     
 t:   301.602165196833        497.296505831360     
 tabs:   191.655688683499        301.470517124810     
 qv:  1.403648973690453E-006  1.897520034178725E-002
 tke:  0.000000000000000E+000   1.82304880911780     
 tk:  0.000000000000000E+000   33.7550811834104     
 tkh:  0.000000000000000E+000   33.7550811834104     
 qcl:  0.000000000000000E+000  0.000000000000000E+000
 qci:  0.000000000000000E+000  1.159714694016367E-003
 qpl:  0.000000000000000E+000  0.000000000000000E+000
 qpi:  0.000000000000000E+000  0.000000000000000E+000
 qrad(K/day):  -54.6142788286826        146.442894254980     
 shf:   4.40796387113740        4.44612334726758     
 lhf:   63.9571486064945        64.1880978879378     
 uw: -2.966126628989928E-003  2.350229704844504E-003
 vw: -2.966966284711656E-003  2.349492173487666E-003
 sst:   303.150000000000        303.150000000000     
 ===========================
 total water budget:
 before (mm):         54.72567374824
 after (mm):          54.72643930969
 evaporation (mm):     0.00076556143
 precipitation (mm):   0.00000000000
 large-scale (mm):     0.00000000000
 Imbalance (mm)       0.00000000002
 evap (mm/day):   2.20481692681744     
 prec (mm/day):  0.000000000000000E+000
 ls (mm/day):  0.000000000000000E+000
 imbalance (mm/day)  7.120831924112281E-008
  imbalance (rel error):  4.518270787639413E-013
 ===========================
NSTEP =         65   NCYCLE=  2  CFL_adv= 0.454  CFL_sgs= 0.024
NSTEP =         66   NCYCLE=  2  CFL_adv= 0.459  CFL_sgs= 0.023
 Let's do some shortwave
 Range of zenith angles  0.732661695834013       0.732661695834013     
 Range of surface albedo (asdir)  3.383449086658900E-002  3.383449086658900E-002
 Range of surface albedo (aldir)  3.383449086658900E-002  3.383449086658900E-002
 Range of surface albedo (asdif)  6.000000000000000E-002  6.000000000000000E-002
 Range of surface albedo (aldif)  6.000000000000000E-002  6.000000000000000E-002
 radiation: perpetual sun, solin=   310.282740864285     
 longwave radiation is called
NSTEP =         67   NCYCLE=  2  CFL_adv= 0.451  CFL_sgs= 0.022
 Collecting statistics...
 name QCSTRG is missing in "lst" file.
NSTEP =         68   NCYCLE=  2  CFL_adv= 0.473  CFL_sgs= 0.021
 DAY =   2.361111111111111E-002
 NSTEP=          68
 div:  2.610890750312257E-016 -1.898846063513527E-016
 SST=   303.150000000000     
 surface pressure=   1014.80000000000     
 u:  -8.87428837490161        8.86361800451621     
 v:  -8.87098891377261        8.75654925542086     
 w:  -2.77347650458210        3.56895813249362     
 p:  -20.7824258680935        20.3913069050521     
 t:   301.606902935827        497.292016616508     
 tabs:   191.727631861294        301.476554700660     
 qv:  1.403800608885214E-006  1.901175410891023E-002
 tke:  0.000000000000000E+000   2.14524160095391     
 tk:  0.000000000000000E+000   31.2284504942953     
 tkh:  0.000000000000000E+000   31.2284504942953     
 qcl:  0.000000000000000E+000  0.000000000000000E+000
 qci:  0.000000000000000E+000  1.139739153180700E-003
 qpl:  0.000000000000000E+000  0.000000000000000E+000
 qpi:  0.000000000000000E+000  0.000000000000000E+000
 qrad(K/day):  -57.2349971660224        136.945089956845     
 shf:   4.38953115005003        4.43039769416694     
 lhf:   63.6583964376201        63.9123069283319     
 uw: -2.873043068005130E-003  2.323119813962573E-003
 vw: -2.873358086384275E-003  2.322521556127631E-003
 sst:   303.150000000000        303.150000000000     
 ===========================
 total water budget:
 before (mm):         54.72873092638
 after (mm):          54.72949312849
 evaporation (mm):     0.00076220207
 precipitation (mm):   0.00000000000
 large-scale (mm):     0.00000000000
 Imbalance (mm)       0.00000000004
 evap (mm/day):   2.19514194873955     
 prec (mm/day):  0.000000000000000E+000
 ls (mm/day):  0.000000000000000E+000
 imbalance (mm/day)  1.283974526700149E-007
  imbalance (rel error):  8.145416427834349E-013
 ===========================
NSTEP =         69   NCYCLE=  2  CFL_adv= 0.478  CFL_sgs= 0.022
NSTEP =         70   NCYCLE=  2  CFL_adv= 0.475  CFL_sgs= 0.032
NSTEP =         71   NCYCLE=  2  CFL_adv= 0.464  CFL_sgs= 0.031
 Collecting statistics...
 name QCSTRG is missing in "lst" file.
NSTEP =         72   NCYCLE=  2  CFL_adv= 0.458  CFL_sgs= 0.029
 DAY =   2.500000000000000E-002
 NSTEP=          72
 div:  2.230104007732865E-016 -1.944730619750970E-016
 SST=   303.150000000000     
 surface pressure=   1014.80000000000     
 u:  -8.78627764912248        8.87801009843709     
 v:  -8.74425993438690        8.54033474750501     
 w:  -3.02634093249953        3.48321612598727     
 p:  -21.6590032636611        20.3461089977358     
 t:   301.611579563006        497.289247587525     
 tabs:   191.341298547037        301.482510024777     
 qv:  1.404119821046954E-006  1.904694844702314E-002
 tke:  0.000000000000000E+000   2.72028452622995     
 tk:  0.000000000000000E+000   40.5009722219682     
 tkh:  0.000000000000000E+000   40.5009722219682     
 qcl:  0.000000000000000E+000  0.000000000000000E+000
 qci:  0.000000000000000E+000  1.132662138671446E-003
 qpl:  0.000000000000000E+000  0.000000000000000E+000
 qpi:  0.000000000000000E+000  0.000000000000000E+000
 qrad(K/day):  -57.2349971660224        136.945089956845     
 shf:   4.37094413299927        4.41517655700254     
 lhf:   63.3642346701979        63.6441096783056     
 uw: -2.856495827104659E-003  2.426737187140530E-003
 vw: -2.855678907910367E-003  2.427029359008767E-003
 sst:   303.150000000000        303.150000000000     
 ===========================
 total water budget:
 before (mm):         54.73177480035
 after (mm):          54.73253373002
 evaporation (mm):     0.00075892963
 precipitation (mm):   0.00000000000
 large-scale (mm):     0.00000000000
 Imbalance (mm)       0.00000000004
 evap (mm/day):   2.18571732945776     
 prec (mm/day):  0.000000000000000E+000
 ls (mm/day):  0.000000000000000E+000
 imbalance (mm/day)  1.027248686114035E-007
  imbalance (rel error):  6.517009702328783E-013
 ===========================
 Let's do some shortwave
 Range of zenith angles  0.732661695834013       0.732661695834013     
 Range of surface albedo (asdir)  3.383449086658900E-002  3.383449086658900E-002
 Range of surface albedo (aldir)  3.383449086658900E-002  3.383449086658900E-002
 Range of surface albedo (asdif)  6.000000000000000E-002  6.000000000000000E-002
 Range of surface albedo (aldif)  6.000000000000000E-002  6.000000000000000E-002
 radiation: perpetual sun, solin=   310.282740847018     
 longwave radiation is called
NSTEP =         73   NCYCLE=  2  CFL_adv= 0.449  CFL_sgs= 0.029
NSTEP =         74   NCYCLE=  2  CFL_adv= 0.465  CFL_sgs= 0.029
NSTEP =         75   NCYCLE=  2  CFL_adv= 0.463  CFL_sgs= 0.028
 Collecting statistics...
 name QCSTRG is missing in "lst" file.
NSTEP =         76   NCYCLE=  2  CFL_adv= 0.455  CFL_sgs= 0.029
 DAY =   2.638888888888889E-002
 NSTEP=          76
 div:  2.862794467684137E-016 -2.037136911231461E-016
 SST=   303.150000000000     
 surface pressure=   1014.80000000000     
 u:  -8.60658554702062        8.96929081023711     
 v:  -8.55675387065617        9.20131523197683     
 w:  -3.10574350769342        3.60960914369202     
 p:  -21.3439887397241        19.9809352036105     
 t:   301.616064582145        497.288404120555     
 tabs:   190.662504076138        301.488398602513     
 qv:  1.404244909779402E-006  1.908095703015062E-002
 tke:  0.000000000000000E+000   2.86750709896118     
 tk:  0.000000000000000E+000   37.4883935563112     
 tkh:  0.000000000000000E+000   37.4883935563112     
 qcl:  0.000000000000000E+000  0.000000000000000E+000
 qci:  0.000000000000000E+000  1.109923085425433E-003
 qpl:  0.000000000000000E+000  0.000000000000000E+000
 qpi:  0.000000000000000E+000  0.000000000000000E+000
 qrad(K/day):  -54.9079286759842        133.236323945853     
 shf:   4.35304806019237        4.40065122390930     
 lhf:   63.0840888517633        63.3845841560507     
 uw: -2.910018517588554E-003  2.615669030627820E-003
 vw: -2.908744624962250E-003  2.616338996795512E-003
 sst:   303.150000000000        303.150000000000     
 ===========================
 total water budget:
 before (mm):         54.73480570474
 after (mm):          54.73556144036
 evaporation (mm):     0.00075573559
 precipitation (mm):   0.00000000000
 large-scale (mm):     0.00000000000
 Imbalance (mm)       0.00000000003
 evap (mm/day):   2.17651851266211     
 prec (mm/day):  0.000000000000000E+000
 ls (mm/day):  0.000000000000000E+000
 imbalance (mm/day)  9.028170211422548E-008
  imbalance (rel error):  5.727381738085016E-013
 ===========================
NSTEP =         77   NCYCLE=  2  CFL_adv= 0.448  CFL_sgs= 0.027
NSTEP =         78   NCYCLE=  2  CFL_adv= 0.438  CFL_sgs= 0.030
 Let's do some shortwave
 Range of zenith angles  0.732661695834013       0.732661695834013     
 Range of surface albedo (asdir)  3.383449086658900E-002  3.383449086658900E-002
 Range of surface albedo (aldir)  3.383449086658900E-002  3.383449086658900E-002
 Range of surface albedo (asdif)  6.000000000000000E-002  6.000000000000000E-002
 Range of surface albedo (aldif)  6.000000000000000E-002  6.000000000000000E-002
 radiation: perpetual sun, solin=   310.282740839965     
 longwave radiation is called
NSTEP =         79   NCYCLE=  2  CFL_adv= 0.442  CFL_sgs= 0.029
 Collecting statistics...
 name QCSTRG is missing in "lst" file.
NSTEP =         80   NCYCLE=  2  CFL_adv= 0.439  CFL_sgs= 0.029
 DAY =   2.777777777777778E-002
 NSTEP=          80
 div:  2.394230173295930E-016 -1.337787690690769E-016
 SST=   303.150000000000     
 surface pressure=   1014.80000000000     
 u:  -8.37744748515600        10.3765885595429     
 v:  -8.35759227511738        9.89673439942335     
 w:  -3.22535075251729        3.76559900400585     
 p:  -19.9827421337336        19.2931000605504     
 t:   301.620353444361        497.287254599988     
 tabs:   190.174784379808        301.494096856507     
 qv:  1.404419220159963E-006  1.911336306346239E-002
 tke:  0.000000000000000E+000   2.71104992424912     
 tk:  0.000000000000000E+000   41.1631656053771     
 tkh:  0.000000000000000E+000   41.1631656053771     
 qcl:  0.000000000000000E+000  0.000000000000000E+000
 qci:  0.000000000000000E+000  1.092286392187318E-003
 qpl:  0.000000000000000E+000  0.000000000000000E+000
 qpi:  0.000000000000000E+000  0.000000000000000E+000
 qrad(K/day):  -53.4075343677729        120.755557924510     
 shf:   4.33536900473364        4.38666417248468     
 lhf:   62.8127646167318        63.1472902918794     
 uw: -3.004565421509702E-003  2.779501459974682E-003
 vw: -3.003087698394197E-003  2.779453614906851E-003
 sst:   303.150000000000        303.150000000000     
 ===========================
 total water budget:
 before (mm):         54.73782394148
 after (mm):          54.73857655403
 evaporation (mm):     0.00075261251
 precipitation (mm):   0.00000000000
 large-scale (mm):     0.00000000000
 Imbalance (mm)       0.00000000004
 evap (mm/day):   2.16752402806755     
 prec (mm/day):  0.000000000000000E+000
 ls (mm/day):  0.000000000000000E+000
 imbalance (mm/day)  1.159795459670931E-007
  imbalance (rel error):  7.357436893363486E-013
 ===========================
NSTEP =         81   NCYCLE=  2  CFL_adv= 0.431  CFL_sgs= 0.030
NSTEP =         82   NCYCLE=  2  CFL_adv= 0.427  CFL_sgs= 0.030
NSTEP =         83   NCYCLE=  2  CFL_adv= 0.421  CFL_sgs= 0.032
 Collecting statistics...
 name QCSTRG is missing in "lst" file.
NSTEP =         84   NCYCLE=  2  CFL_adv= 0.417  CFL_sgs= 0.031
 DAY =   2.916666666666667E-002
 NSTEP=          84
 div:  3.115493238596229E-016 -2.310718150806831E-016
 SST=   303.150000000000     
 surface pressure=   1014.80000000000     
 u:  -8.52248571570886        9.33117218905014     
 v:  -8.50651406738779        9.64960106270128     
 w:  -3.06583968364060        3.57989356834641     
 p:  -19.8427381811323        18.4121243652738     
 t:   301.624715194763        497.285069936258     
 tabs:   190.105104658708        301.499160768952     
 qv:  1.404761469918007E-006  1.914476992288398E-002
 tke:  0.000000000000000E+000   2.80514738035758     
 tk:  0.000000000000000E+000   41.0729666300993     
 tkh:  0.000000000000000E+000   41.0729666300993     
 qcl:  0.000000000000000E+000  0.000000000000000E+000
 qci:  0.000000000000000E+000  1.083775821767605E-003
 qpl:  0.000000000000000E+000  8.523100419893256E-009
 qpi:  0.000000000000000E+000  0.000000000000000E+000
 qrad(K/day):  -53.4075343677729        120.755557924510     
 shf:   4.31974112197704        4.37379080398833     
 lhf:   62.5546328660946        62.9079542943439     
 uw: -3.158643520621676E-003  2.903006715475457E-003
 vw: -3.166820452193782E-003  2.903148543872706E-003
 sst:   303.150000000000        303.150000000000     
 ===========================
 total water budget:
 before (mm):         54.74082978481
 after (mm):          54.74157933900
 evaporation (mm):     0.00074955415
 precipitation (mm):   0.00000000000
 large-scale (mm):     0.00000000000
 Imbalance (mm)       0.00000000003
 evap (mm/day):   2.15871594784556     
 prec (mm/day):  0.000000000000000E+000
 ls (mm/day):  0.000000000000000E+000
 imbalance (mm/day)  9.609113504893685E-008
  imbalance (rel error):  6.095382572845170E-013
 ===========================
 Let's do some shortwave
 Range of zenith angles  0.732661695834013       0.732661695834013     
 Range of surface albedo (asdir)  3.383449086658900E-002  3.383449086658900E-002
 Range of surface albedo (aldir)  3.383449086658900E-002  3.383449086658900E-002
 Range of surface albedo (asdif)  6.000000000000000E-002  6.000000000000000E-002
 Range of surface albedo (aldif)  6.000000000000000E-002  6.000000000000000E-002
 radiation: perpetual sun, solin=   310.282740834975     
 longwave radiation is called
NSTEP =         85   NCYCLE=  2  CFL_adv= 0.416  CFL_sgs= 0.030
NSTEP =         86   NCYCLE=  2  CFL_adv= 0.411  CFL_sgs= 0.029
NSTEP =         87   NCYCLE=  2  CFL_adv= 0.407  CFL_sgs= 0.027
 Collecting statistics...
 name QCSTRG is missing in "lst" file.
NSTEP =         88   NCYCLE=  2  CFL_adv= 0.407  CFL_sgs= 0.026
 DAY =   3.055555555555555E-002
 NSTEP=          88
 div:  2.948734368999376E-016 -2.024841346519402E-016
 SST=   303.150000000000     
 surface pressure=   1014.80000000000     
 u:  -8.83587136783847        9.87427107235660     
 v:  -8.05223956054789        9.37990695587760     
 w:  -2.63226236977816        3.49698989431871     
 p:  -22.1837422297293        17.4397146146383     
 t:   301.628905925299        497.283264920589     
 tabs:   189.993314293837        301.504681210528     
 qv:  1.405012898595575E-006  1.917544122691514E-002
 tke:  0.000000000000000E+000   2.93594004599587     
 tk:  0.000000000000000E+000   42.8364626077763     
 tkh:  0.000000000000000E+000   42.8364626077763     
 qcl:  0.000000000000000E+000  0.000000000000000E+000
 qci:  0.000000000000000E+000  1.071820685814768E-003
 qpl:  0.000000000000000E+000  2.479900409020837E-008
 qpi:  0.000000000000000E+000  0.000000000000000E+000
 qrad(K/day):  -55.3836274267288        120.502524135841     
 shf:   4.30292828371433        4.38269542587739     
 lhf:   62.2972378086436        62.9761803659396     
 uw: -3.436616243006077E-003  2.968325215848201E-003
 vw: -3.443451658654863E-003  2.967472482837941E-003
 sst:   303.150000000000        303.150000000000     
 ===========================
 total water budget:
 before (mm):         54.74382348539
 after (mm):          54.74457004092
 evaporation (mm):     0.00074655550
 precipitation (mm):   0.00000000000
 large-scale (mm):     0.00000000000
 Imbalance (mm)       0.00000000003
 evap (mm/day):   2.15007983748752     
 prec (mm/day):  0.000000000000000E+000
 ls (mm/day):  0.000000000000000E+000
 imbalance (mm/day)  8.281471508553294E-008
  imbalance (rel error):  5.252697115845209E-013
 ===========================
NSTEP =         89   NCYCLE=  2  CFL_adv= 0.405  CFL_sgs= 0.031
NSTEP =         90   NCYCLE=  2  CFL_adv= 0.395  CFL_sgs= 0.029
 Let's do some shortwave
 Range of zenith angles  0.732661695834013       0.732661695834013     
 Range of surface albedo (asdir)  3.383449086658900E-002  3.383449086658900E-002
 Range of surface albedo (aldir)  3.383449086658900E-002  3.383449086658900E-002
 Range of surface albedo (asdif)  6.000000000000000E-002  6.000000000000000E-002
 Range of surface albedo (aldif)  6.000000000000000E-002  6.000000000000000E-002
 radiation: perpetual sun, solin=   310.282740823048     
 longwave radiation is called
NSTEP =         91   NCYCLE=  2  CFL_adv= 0.383  CFL_sgs= 0.028
 Collecting statistics...
 name QCSTRG is missing in "lst" file.
NSTEP =         92   NCYCLE=  2  CFL_adv= 0.387  CFL_sgs= 0.027
 DAY =   3.194444444444444E-002
 NSTEP=          92
 div:  2.160631202262438E-016 -1.697416847541137E-016
 SST=   303.150000000000     
 surface pressure=   1014.80000000000     
 u:  -8.59097016693016        8.93514674590127     
 v:  -8.37182845339639        8.92610978136955     
 w:  -2.48659357191449        3.24677659788024     
 p:  -23.8105400550836        16.5274560609996     
 t:   301.630724674723        497.282380882339     
 tabs:   189.683372471229        301.510034621917     
 qv:  1.405018126872641E-006  1.920520172442798E-002
 tke:  0.000000000000000E+000   2.11342900624245     
 tk:  0.000000000000000E+000   36.3440934527405     
 tkh:  0.000000000000000E+000   36.3440934527405     
 qcl:  0.000000000000000E+000  0.000000000000000E+000
 qci:  0.000000000000000E+000  1.065846010214296E-003
 qpl:  0.000000000000000E+000  5.117525145394493E-008
 qpi:  0.000000000000000E+000  0.000000000000000E+000
 qrad(K/day):  -55.9846970978609        113.050454227483     
 shf:   4.28632865455192        4.44173827509342     
 lhf:   62.0523905298323        63.7660602042325     
 uw: -3.601149729352433E-003  3.085374113296130E-003
 vw: -3.606804638948573E-003  3.084504637027723E-003
 sst:   303.150000000000        303.150000000000     
 ===========================
 total water budget:
 before (mm):         54.74680528321
 after (mm):          54.74754890259
 evaporation (mm):     0.00074361935
 precipitation (mm):   0.00000000000
 large-scale (mm):     0.00000000000
 Imbalance (mm)       0.00000000003
 evap (mm/day):   2.14162372861008     
 prec (mm/day):  0.000000000000000E+000
 ls (mm/day):  0.000000000000000E+000
 imbalance (mm/day)  7.785931899206844E-008
  imbalance (rel error):  4.938330872816851E-013
 ===========================
NSTEP =         93   NCYCLE=  2  CFL_adv= 0.394  CFL_sgs= 0.026
NSTEP =         94   NCYCLE=  2  CFL_adv= 0.393  CFL_sgs= 0.026
NSTEP =         95   NCYCLE=  2  CFL_adv= 0.386  CFL_sgs= 0.027
 Collecting statistics...
 name QCSTRG is missing in "lst" file.
NSTEP =         96   NCYCLE=  2  CFL_adv= 0.385  CFL_sgs= 0.025
 DAY =   3.333333333333333E-002
 NSTEP=          96
 div:  1.925683577330284E-016 -2.103102208914111E-016
 SST=   303.150000000000     
 surface pressure=   1014.80000000000     
 u:  -7.94385644314531        8.34278555612420     
 v:  -8.10435821846165        8.44405102744018     
 w:  -2.37422228606503        3.29918583228217     
 p:  -24.5540229001012        15.7570953502207     
 t:   301.629816873089        497.281297435423     
 tabs:   189.489423659209        301.515221962746     
 qv:  1.405108939593381E-006  1.923430449928574E-002
 tke:  0.000000000000000E+000   2.29951101032777     
 tk:  0.000000000000000E+000   36.9871746326648     
 tkh:  0.000000000000000E+000   36.9871746326648     
 qcl:  0.000000000000000E+000  0.000000000000000E+000
 qci:  0.000000000000000E+000  1.060549148707256E-003
 qpl:  0.000000000000000E+000  7.446352462191027E-008
 qpi:  0.000000000000000E+000  0.000000000000000E+000
 qrad(K/day):  -55.9846970978609        113.050454227483     
 shf:   4.27045461895605        4.44340639215453     
 lhf:   61.8112934487071        63.7318561025957     
 uw: -3.833547970644569E-003  3.129076566860563E-003
 vw: -3.835947122318821E-003  3.128113481472834E-003
 sst:   303.150000000000        303.150000000000     
 ===========================
 total water budget:
 before (mm):         54.74977543097
 after (mm):          54.75051617614
 evaporation (mm):     0.00074074514
 precipitation (mm):   0.00000000000
 large-scale (mm):     0.00000000000
 Imbalance (mm)       0.00000000003
 evap (mm/day):   2.13334601515459     
 prec (mm/day):  0.000000000000000E+000
 ls (mm/day):  0.000000000000000E+000
 imbalance (mm/day)  8.363070236327985E-008
  imbalance (rel error):  5.304037959585375E-013
 ===========================
 Let's do some shortwave
 Range of zenith angles  0.732661695834013       0.732661695834013     
 Range of surface albedo (asdir)  3.383449086658900E-002  3.383449086658900E-002
 Range of surface albedo (aldir)  3.383449086658900E-002  3.383449086658900E-002
 Range of surface albedo (asdif)  6.000000000000000E-002  6.000000000000000E-002
 Range of surface albedo (aldif)  6.000000000000000E-002  6.000000000000000E-002
 radiation: perpetual sun, solin=   310.282740811935     
 longwave radiation is called
NSTEP =         97   NCYCLE=  2  CFL_adv= 0.390  CFL_sgs= 0.027
NSTEP =         98   NCYCLE=  2  CFL_adv= 0.392  CFL_sgs= 0.027
NSTEP =         99   NCYCLE=  2  CFL_adv= 0.385  CFL_sgs= 0.026
 Collecting statistics...
 name QCSTRG is missing in "lst" file.
NSTEP =        100   NCYCLE=  2  CFL_adv= 0.374  CFL_sgs= 0.028
 DAY =   3.472222222222222E-002
 NSTEP=         100
 div:  2.361893226332903E-016 -1.985772453736784E-016
 SST=   303.150000000000     
 surface pressure=   1014.80000000000     
 u:  -7.57481638567580        7.65530817724596     
 v:  -7.46020414765187        7.55614437172624     
 w:  -2.37406719068015        2.93668353821931     
 p:  -24.4053447282043        15.1620042932787     
 t:   301.629203834415        497.282534457240     
 tabs:   189.688161692724        301.520425625563     
 qv:  1.405374015438144E-006  1.926521229376687E-002
 tke:  0.000000000000000E+000   2.15662283492053     
 tk:  0.000000000000000E+000   36.0931452296158     
 tkh:  0.000000000000000E+000   36.0931452296158     
 qcl:  0.000000000000000E+000  0.000000000000000E+000
 qci:  0.000000000000000E+000  1.054164771110985E-003
 qpl:  0.000000000000000E+000  9.638565928249853E-008
 qpi:  0.000000000000000E+000  0.000000000000000E+000
 qrad(K/day):  -54.4358845454043        110.234320011693     
 shf:   4.25440585001358        4.38944938792822     
 lhf:   61.5553417571179        62.9000231773610     
 uw: -3.756430594760259E-003  3.096014179090833E-003
 vw: -3.756165027813424E-003  3.094956369179865E-003
 sst:   303.150000000000        303.150000000000     
 ===========================
 total water budget:
 before (mm):         54.75273417027
 after (mm):          54.75347210016
 evaporation (mm):     0.00073792987
 precipitation (mm):   0.00000000000
 large-scale (mm):     0.00000000000
 Imbalance (mm)       0.00000000002
 evap (mm/day):   2.12523801707526     
 prec (mm/day):  0.000000000000000E+000
 ls (mm/day):  0.000000000000000E+000
 imbalance (mm/day)  6.876611280404177E-008
  imbalance (rel error):  4.360314516286176E-013
 ===========================
NSTEP =        101   NCYCLE=  2  CFL_adv= 0.368  CFL_sgs= 0.026
NSTEP =        102   NCYCLE=  2  CFL_adv= 0.370  CFL_sgs= 0.025
 Let's do some shortwave
 Range of zenith angles  0.732661695834013       0.732661695834013     
 Range of surface albedo (asdir)  3.383449086658900E-002  3.383449086658900E-002
 Range of surface albedo (aldir)  3.383449086658900E-002  3.383449086658900E-002
 Range of surface albedo (asdif)  6.000000000000000E-002  6.000000000000000E-002
 Range of surface albedo (aldif)  6.000000000000000E-002  6.000000000000000E-002
 radiation: perpetual sun, solin=   310.282740811522     
 longwave radiation is called
NSTEP =        103   NCYCLE=  2  CFL_adv= 0.370  CFL_sgs= 0.025
 Collecting statistics...
 name QCSTRG is missing in "lst" file.
NSTEP =        104   NCYCLE=  2  CFL_adv= 0.366  CFL_sgs= 0.024
 DAY =   3.611111111111111E-002
 NSTEP=         104
 div:  1.899716770344183E-016 -2.028098649966836E-016
 SST=   303.150000000000     
 surface pressure=   1014.80000000000     
 u:  -7.84319051050904        7.82815483286704     
 v:  -7.68534242652122        7.88851806137454     
 w:  -2.33721138656118        3.05173818064313     
 p:  -23.6160421358604        14.6929970761006     
 t:   301.628596824354        497.283117032973     
 tabs:   190.336879608517        301.525426200809     
 qv:  1.405745803646120E-006  1.929447630092583E-002
 tke:  0.000000000000000E+000   1.91448449238774     
 tk:  0.000000000000000E+000   34.5912244325398     
 tkh:  0.000000000000000E+000   34.5912244325398     
 qcl:  0.000000000000000E+000  0.000000000000000E+000
 qci:  0.000000000000000E+000  1.033202344504853E-003
 qpl:  0.000000000000000E+000  1.309442001492357E-007
 qpi:  0.000000000000000E+000  0.000000000000000E+000
 qrad(K/day):  -51.1875723484679        103.691026620297     
 shf:   4.23896083041592        4.31238512888514     
 lhf:   61.3089078622248        61.7695774735149     
 uw: -3.665287431486576E-003  3.046095317632133E-003
 vw: -3.663790542445341E-003  3.059264902431159E-003
 sst:   303.150000000000        303.150000000000     
 ===========================
 total water budget:
 before (mm):         54.75568174112
 after (mm):          54.75641691983
 evaporation (mm):     0.00073517867
 precipitation (mm):   0.00000000000
 large-scale (mm):     0.00000000000
 Imbalance (mm)       0.00000000003
 evap (mm/day):   2.11731457843918     
 prec (mm/day):  0.000000000000000E+000
 ls (mm/day):  0.000000000000000E+000
 imbalance (mm/day)  8.447067045835867E-008
  imbalance (rel error):  5.356669735188101E-013
 ===========================
NSTEP =        105   NCYCLE=  2  CFL_adv= 0.374  CFL_sgs= 0.025
NSTEP =        106   NCYCLE=  2  CFL_adv= 0.364  CFL_sgs= 0.024
NSTEP =        107   NCYCLE=  2  CFL_adv= 0.360  CFL_sgs= 0.026
 Collecting statistics...
 name QCSTRG is missing in "lst" file.
NSTEP =        108   NCYCLE=  2  CFL_adv= 0.360  CFL_sgs= 0.026
 DAY =   3.750000000000000E-002
 NSTEP=         108
 div:  1.966631557708243E-016 -2.170728996853812E-016
 SST=   303.150000000000     
 surface pressure=   1014.80000000000     
 u:  -7.33105548601851        7.90563574303952     
 v:  -8.19344928736726        7.76181643183476     
 w:  -2.50670089029398        2.98175672746716     
 p:  -22.4083973073656        14.7527863243114     
 t:   301.628288663354        497.281705177544     
 tabs:   190.691254112152        301.530339077681     
 qv:  1.406206003971788E-006  1.932212327351009E-002
 tke:  0.000000000000000E+000   2.16132602280366     
 tk:  0.000000000000000E+000   36.7536224643543     
 tkh:  0.000000000000000E+000   36.7536224643543     
 qcl:  0.000000000000000E+000  0.000000000000000E+000
 qci:  0.000000000000000E+000  1.025179486487472E-003
 qpl:  0.000000000000000E+000  1.603432419616888E-007
 qpi:  0.000000000000000E+000  0.000000000000000E+000
 qrad(K/day):  -51.1875723484679        103.691026620297     
 shf:   4.22395143000119        4.29827248543322     
 lhf:   61.0795346133758        61.5381635658346     
 uw: -3.373765959029970E-003  3.031247638208088E-003
 vw: -3.369972823937918E-003  3.041621752042608E-003
 sst:   303.150000000000        303.150000000000     
 ===========================
 total water budget:
 before (mm):         54.75861840979
 after (mm):          54.75935090300
 evaporation (mm):     0.00073249464
 precipitation (mm):   0.00000000146
 large-scale (mm):     0.00000000000
 Imbalance (mm)       0.00000000003
 evap (mm/day):   2.10958455371870     
 prec (mm/day):  4.198157090366848E-006
 ls (mm/day):  0.000000000000000E+000
 imbalance (mm/day)  8.367777311478543E-008
  imbalance (rel error):  5.305777366991661E-013
 ===========================
 Let's do some shortwave
 Range of zenith angles  0.732661695834013       0.732661695834013     
 Range of surface albedo (asdir)  3.383449086658900E-002  3.383449086658900E-002
 Range of surface albedo (aldir)  3.383449086658900E-002  3.383449086658900E-002
 Range of surface albedo (asdif)  6.000000000000000E-002  6.000000000000000E-002
 Range of surface albedo (aldif)  6.000000000000000E-002  6.000000000000000E-002
 radiation: perpetual sun, solin=   310.282740816994     
 longwave radiation is called
NSTEP =        109   NCYCLE=  2  CFL_adv= 0.375  CFL_sgs= 0.026
NSTEP =        110   NCYCLE=  2  CFL_adv= 0.354  CFL_sgs= 0.027
NSTEP =        111   NCYCLE=  2  CFL_adv= 0.351  CFL_sgs= 0.027
 Collecting statistics...
 name QCSTRG is missing in "lst" file.
NSTEP =        112   NCYCLE=  2  CFL_adv= 0.347  CFL_sgs= 0.027
 DAY =   3.888888888888889E-002
 NSTEP=         112
 div:  2.338473180747754E-016 -2.771009656082790E-016
 SST=   303.150000000000     
 surface pressure=   1014.80000000000     
 u:  -7.31059924835226        8.09117026358713     
 v:  -8.55312589225418        7.94663125907569     
 w:  -2.15079016044453        2.83070829203680     
 p:  -20.9632844320638        14.7941443233972     
 t:   301.627865739625        497.280237741041     
 tabs:   190.671662714042        301.535066143095     
 qv:  1.406798382201793E-006  1.934838827737274E-002
 tke:  0.000000000000000E+000   2.18546377701634     
 tk:  0.000000000000000E+000   36.9582854125460     
 tkh:  0.000000000000000E+000   36.9582854125460     
 qcl:  0.000000000000000E+000  0.000000000000000E+000
 qci:  0.000000000000000E+000  1.019271102899457E-003
 qpl:  0.000000000000000E+000  2.067151347786236E-007
 qpi:  0.000000000000000E+000  0.000000000000000E+000
 qrad(K/day):  -50.3279238654441        106.946957857671     
 shf:   4.20937019565665        4.28440578940380     
 lhf:   60.8660006614376        61.3088809816595     
 uw: -2.983787720991578E-003  2.927032695154524E-003
 vw: -2.978959717229159E-003  2.938592532323724E-003
 sst:   303.150000000000        303.150000000000     
 ===========================
 total water budget:
 before (mm):         54.76154441919
 after (mm):          54.76227428317
 evaporation (mm):     0.00072987233
 precipitation (mm):   0.00000000838
 large-scale (mm):     0.00000000000
 Imbalance (mm)       0.00000000002
 evap (mm/day):   2.10203229977328     
 prec (mm/day):  2.412325853692652E-005
 ls (mm/day):  0.000000000000000E+000
 imbalance (mm/day)  7.041018387541743E-008
  imbalance (rel error):  4.464711493003270E-013
 ===========================
NSTEP =        113   NCYCLE=  2  CFL_adv= 0.349  CFL_sgs= 0.027
NSTEP =        114   NCYCLE=  2  CFL_adv= 0.359  CFL_sgs= 0.026
 Let's do some shortwave
 Range of zenith angles  0.732661695834013       0.732661695834013     
 Range of surface albedo (asdir)  3.383449086658900E-002  3.383449086658900E-002
 Range of surface albedo (aldir)  3.383449086658900E-002  3.383449086658900E-002
 Range of surface albedo (asdif)  6.000000000000000E-002  6.000000000000000E-002
 Range of surface albedo (aldif)  6.000000000000000E-002  6.000000000000000E-002
 radiation: perpetual sun, solin=   310.282740822178     
 longwave radiation is called
NSTEP =        115   NCYCLE=  2  CFL_adv= 0.375  CFL_sgs= 0.025
 Collecting statistics...
 name QCSTRG is missing in "lst" file.
NSTEP =        116   NCYCLE=  2  CFL_adv= 0.383  CFL_sgs= 0.024
 DAY =   4.027777777777778E-002
 NSTEP=         116
 div:  2.345753615248577E-016 -2.101544302369580E-016
 SST=   303.150000000000     
 surface pressure=   1014.80000000000     
 u:  -7.45959533297432        7.45869133449476     
 v:  -7.68672160115947        8.55932424971917     
 w:  -2.25131334539278        3.35483579940980     
 p:  -19.5515538883782        14.5278234511473     
 t:   301.627520353619        497.278432798678     
 tabs:   190.768518813428        301.539573954251     
 qv:  1.406987999357741E-006  1.937532127096369E-002
 tke:  0.000000000000000E+000   1.58712441491605     
 tk:  0.000000000000000E+000   31.4952815406138     
 tkh:  0.000000000000000E+000   31.4952815406138     
 qcl:  0.000000000000000E+000  0.000000000000000E+000
 qci:  0.000000000000000E+000  1.011110739977869E-003
 qpl:  0.000000000000000E+000  2.460977182841761E-007
 qpi:  0.000000000000000E+000  0.000000000000000E+000
 qrad(K/day):  -47.6588892561905        98.3143479653228     
 shf:   4.19562582417135        4.26984182425019     
 lhf:   60.6416416480070        61.0885521501987     
 uw: -2.686325706688543E-003  2.712175584920868E-003
 vw: -2.680208887788406E-003  2.719676998990525E-003
 sst:   303.150000000000        303.150000000000     
 ===========================
 total water budget:
 before (mm):         54.76446000485
 after (mm):          54.76518730106
 evaporation (mm):     0.00072730899
 precipitation (mm):   0.00000001280
 large-scale (mm):     0.00000000000
 Imbalance (mm)       0.00000000002
 evap (mm/day):   2.09464988532361     
 prec (mm/day):  3.687372410436026E-005
 ls (mm/day):  0.000000000000000E+000
 imbalance (mm/day)  6.622753371473734E-008
  imbalance (rel error):  4.198499824860862E-013
 ===========================
NSTEP =        117   NCYCLE=  2  CFL_adv= 0.382  CFL_sgs= 0.023
NSTEP =        118   NCYCLE=  2  CFL_adv= 0.375  CFL_sgs= 0.023
NSTEP =        119   NCYCLE=  2  CFL_adv= 0.364  CFL_sgs= 0.024
 Collecting statistics...
 name QCSTRG is missing in "lst" file.
 Writting statistics:nstatsteps=          15
 --------------- ISCCP Simulator Diagnostics: -----------------
 ISCCP PDF:
            0.0       0.3       1.3       3.6       9.4      23.0      60.0
    0.     0.011     0.003     0.013     0.023     0.010     0.008     0.000
  180.     0.000     0.000     0.000     0.000     0.000     0.000     0.000
  310.     0.000     0.000     0.000     0.000     0.000     0.000     0.000
  440.     0.000     0.000     0.000     0.000     0.000     0.000     0.000
  560.     0.000     0.000     0.000     0.000     0.000     0.000     0.000
  680.     0.000     0.000     0.000     0.000     0.000     0.000     0.000
  800.     0.000     0.000     0.000     0.000     0.000     0.000     0.000
 low cld area (tau > 0.3)=  0.000000000000000E+000
 mid cld area (tau > 0.3)=  0.000000000000000E+000
 hgh cld area (tau > 0.3)=  5.712712605794271E-002
 total cld area (tau > 0.3)=  5.712712605794271E-002
 mean albedo cld (tau > 0.3)   0.445524433998871     
 mean tau cld (tau > 0.3)    6.69029455519643     
 mean top pressure (tau > 0.3)   140.991244132864     
 mean brightness temp (tau > 0.3)   248.185355587994     
 mean clearsky brightness temp (tau > 0.3)   297.376556896228     
 --------------- MODIS Simulator Diagnostics: -----------------
 MODIS PDF:
                      0.3       1.3       3.6       9.4      23.0      60.0
    0.               0.003     0.013     0.023     0.010     0.008     0.000
  180.               0.000     0.000     0.000     0.000     0.000     0.000
  310.               0.000     0.000     0.000     0.000     0.000     0.000
  440.               0.000     0.000     0.000     0.000     0.000     0.000
  560.               0.000     0.000     0.000     0.000     0.000     0.000
  680.               0.000     0.000     0.000     0.000     0.000     0.000
  800.               0.000     0.000     0.000     0.000     0.000     0.000
 low cld area =  0.000000000000000E+000
 mid cld area =  0.000000000000000E+000
 hgh cld area =  5.712712605794271E-002
 total cld area =  5.712712605794271E-002
 mean tau cld    10.9164715012108     
 mean top pressure    143.567074721564     
 total cld area (liquid) =  0.000000000000000E+000
 total cld area (ice) =  5.712712605794271E-002
 mean tau (liquid) =  -1.00000000000000     
 mean tau (ice) =   10.9164715012108     
 mean lwp (g/m2) =  -1.00000000000000     
 mean iwp (g/m2) =   165.844103823131     
 mean reff (liquid)  =  -1.00000000000000     
 mean reff (ice)  =   27.7666724767208     
 --------------- MISR Simulator Diagnostics: -----------------
 MISR PDF:
            0.0       0.3       1.3       3.6       9.4      23.0      60.0
 99.00     0.000     0.000     0.000     0.000     0.000     0.000     0.000
 17.00     0.000     0.000     0.000     0.000     0.000     0.000     0.000
 15.00     0.000     0.001     0.013     0.023     0.010     0.008     0.000
 13.00     0.000     0.000     0.000     0.000     0.000     0.000     0.000
 11.00     0.000     0.000     0.000     0.000     0.000     0.000     0.000
  9.00     0.000     0.000     0.000     0.000     0.000     0.000     0.000
  7.00     0.000     0.000     0.000     0.000     0.000     0.000     0.000
  5.00     0.000     0.000     0.000     0.000     0.000     0.000     0.000
  4.00     0.000     0.000     0.000     0.000     0.000     0.000     0.000
  3.00     0.000     0.000     0.000     0.000     0.000     0.000     0.000
  2.50     0.000     0.000     0.000     0.000     0.000     0.000     0.000
  2.00     0.000     0.000     0.000     0.000     0.000     0.000     0.000
  1.50     0.000     0.000     0.000     0.000     0.000     0.000     0.000
  1.00     0.000     0.000     0.000     0.000     0.000     0.000     0.000
  0.50     0.000     0.000     0.000     0.000     0.000     0.000     0.000
  0.00     0.000     0.001     0.000     0.000     0.000     0.000     0.000
 total cld area =  5.644327799479166E-002
 mean top height (m)   14397.3807881470     
 Writting history file 
 iso_cld_P3_256x256x128_Nc0_1600                                                
  
 Writting 2D data. file:./OUT_2D/iso_cld_iso_cld_P3_256x256x128_Nc0_1600_64.2Dbi
 n                                                               
 Writting 3D data. file:./OUT_3D/iso_cld_iso_cld_P3_256x256x128_Nc0_1600_64_0000
 000120.bin3D                                                    
NSTEP =        120   NCYCLE=  2  CFL_adv= 0.352  CFL_sgs= 0.022
 DAY =   4.166666666666666E-002
 NSTEP=         120
 div:  1.888999758184454E-016 -2.120135224916720E-016
 SST=   303.150000000000     
 surface pressure=   1014.80000000000     
 u:  -7.33775956575875        7.77077631523986     
 v:  -7.55193517339408        7.80540929619900     
 w:  -2.12050176672799        3.05068838223161     
 p:  -18.3674406724980        14.0444881516507     
 t:   301.627209899214        497.276165785170     
 tabs:   190.818185770587        301.544179924544     
 qv:  1.407210377840977E-006  1.939761644774617E-002
 tke:  0.000000000000000E+000   1.91787884124573     
 tk:  0.000000000000000E+000   34.6218756825592     
 tkh:  0.000000000000000E+000   34.6218756825592     
 qcl:  0.000000000000000E+000  0.000000000000000E+000
 qci:  0.000000000000000E+000  1.002468334707432E-003
 qpl:  0.000000000000000E+000  2.681236430770830E-007
 qpi:  0.000000000000000E+000  0.000000000000000E+000
 qrad(K/day):  -47.6588892561905        98.3143479653228     
 shf:   4.18157461178789        4.25848479244053     
 lhf:   60.4473607830135        60.8695014863576     
 uw: -2.408714177663824E-003  2.424935397829100E-003
 vw: -2.402242712365982E-003  2.429813382384297E-003
 sst:   303.150000000000        303.150000000000     
 ===========================
 total water budget:
 before (mm):         54.76736540669
 after (mm):          54.76809019274
 evaporation (mm):     0.00072480320
 precipitation (mm):   0.00000001716
 large-scale (mm):     0.00000000000
 Imbalance (mm)       0.00000000001
 evap (mm/day):   2.08743320843105     
 prec (mm/day):  4.940722885689108E-005
 ls (mm/day):  0.000000000000000E+000
 imbalance (mm/day)  2.981725739725839E-008
  imbalance (rel error):  1.890262673683156E-013
 ===========================
CPU TIME =      69.9339 OVER     0.50 MODEL HOURS
 Let's do some shortwave
 Range of zenith angles  0.732661695834013       0.732661695834013     
 Range of surface albedo (asdir)  3.383449086658900E-002  3.383449086658900E-002
 Range of surface albedo (aldir)  3.383449086658900E-002  3.383449086658900E-002
 Range of surface albedo (asdif)  6.000000000000000E-002  6.000000000000000E-002
 Range of surface albedo (aldif)  6.000000000000000E-002  6.000000000000000E-002
 radiation: perpetual sun, solin=   310.282740828671     
 longwave radiation is called
NSTEP =        121   NCYCLE=  2  CFL_adv= 0.356  CFL_sgs= 0.025
NSTEP =        122   NCYCLE=  2  CFL_adv= 0.359  CFL_sgs= 0.024
NSTEP =        123   NCYCLE=  2  CFL_adv= 0.359  CFL_sgs= 0.023
 Collecting statistics...
 name QCSTRG is missing in "lst" file.
NSTEP =        124   NCYCLE=  2  CFL_adv= 0.354  CFL_sgs= 0.022
 DAY =   4.305555555555556E-002
 NSTEP=         124
 div:  2.039176064899718E-016 -2.643713194223214E-016
 SST=   303.150000000000     
 surface pressure=   1014.80000000000     
 u:  -7.39411778259978        8.41437186172496     
 v:  -7.46325174648459        7.87776666886981     
 w:  -2.35482082300047        3.03385587094454     
 p:  -17.6253160811281        13.5022958483402     
 t:   301.626894458197        497.273327402408     
 tabs:   190.889603871098        301.548547281194     
 qv:  1.407385994144528E-006  1.942456482883957E-002
 tke:  0.000000000000000E+000   1.57695628323728     
 tk:  0.000000000000000E+000   31.3559708703887     
 tkh:  0.000000000000000E+000   31.3559708703887     
 qcl:  0.000000000000000E+000  0.000000000000000E+000
 qci:  0.000000000000000E+000  9.912258617004296E-004
 qpl:  0.000000000000000E+000  2.934523873825267E-007
 qpi:  0.000000000000000E+000  0.000000000000000E+000
 qrad(K/day):  -48.7974421254304        96.4838683812912     
 shf:   4.16799113532777        4.24601269865881     
 lhf:   60.2339800523739        60.6564715736436     
 uw: -2.221420160430122E-003  2.223528817244956E-003
 vw: -2.215679226947988E-003  2.226586180712363E-003
 sst:   303.150000000000        303.150000000000     
 ===========================
 total water budget:
 before (mm):         54.77026085287
 after (mm):          54.77098318552
 evaporation (mm):     0.00072235356
 precipitation (mm):   0.00000002092
 large-scale (mm):     0.00000000000
 Imbalance (mm)       0.00000000001
 evap (mm/day):   2.08037825341567     
 prec (mm/day):  6.026189281031186E-005
 ls (mm/day):  0.000000000000000E+000
 imbalance (mm/day)  3.315017708367072E-008
  imbalance (rel error):  2.101622364587692E-013
 ===========================
NSTEP =        125   NCYCLE=  2  CFL_adv= 0.349  CFL_sgs= 0.023
NSTEP =        126   NCYCLE=  2  CFL_adv= 0.347  CFL_sgs= 0.023
 Let's do some shortwave
 Range of zenith angles  0.732661695834013       0.732661695834013     
 Range of surface albedo (asdir)  3.383449086658900E-002  3.383449086658900E-002
 Range of surface albedo (aldir)  3.383449086658900E-002  3.383449086658900E-002
 Range of surface albedo (asdif)  6.000000000000000E-002  6.000000000000000E-002
 Range of surface albedo (aldif)  6.000000000000000E-002  6.000000000000000E-002
 radiation: perpetual sun, solin=   310.282740836438     
 longwave radiation is called
NSTEP =        127   NCYCLE=  2  CFL_adv= 0.343  CFL_sgs= 0.022
 Collecting statistics...
 name QCSTRG is missing in "lst" file.
NSTEP =        128   NCYCLE=  2  CFL_adv= 0.339  CFL_sgs= 0.021
 DAY =   4.444444444444445E-002
 NSTEP=         128
 div:  1.748147707695604E-016 -2.392485095577097E-016
 SST=   303.150000000000     
 surface pressure=   1014.80000000000     
 u:  -6.74585346087239        8.04014101467527     
 v:  -7.77644700732910        7.71983917987068     
 w:  -2.09333324573068        2.94498680712492     
 p:  -17.4594117100005        13.0395250824970     
 t:   301.626661377547        497.272666261322     
 tabs:   191.023195403678        301.552648649778     
 qv:  1.407532450235099E-006  1.945052778438825E-002
 tke:  0.000000000000000E+000   1.19336028902972     
 tk:  0.000000000000000E+000   27.3102577915987     
 tkh:  0.000000000000000E+000   27.3102577915987     
 qcl:  0.000000000000000E+000  0.000000000000000E+000
 qci:  0.000000000000000E+000  9.786817073107589E-004
 qpl:  0.000000000000000E+000  3.337846376803277E-007
 qpi:  0.000000000000000E+000  0.000000000000000E+000
 qrad(K/day):  -50.9033557685016        92.2246618351760     
 shf:   4.15539040045041        4.23596772184013     
 lhf:   60.0119662444678        60.4495079155087     
 uw: -2.127692089903121E-003  2.203921495202064E-003
 vw: -2.123271495440284E-003  2.206015515617029E-003
 sst:   303.150000000000        303.150000000000     
 ===========================
 total water budget:
 before (mm):         54.77314656926
 after (mm):          54.77386650353
 evaporation (mm):     0.00071995799
 precipitation (mm):   0.00000002372
 large-scale (mm):     0.00000000000
 Imbalance (mm)       0.00000000000
 evap (mm/day):   2.07347899700213     
 prec (mm/day):  6.830251163187242E-005
 ls (mm/day):  0.000000000000000E+000
 imbalance (mm/day)  9.131400917540843E-009
  imbalance (rel error):  5.785643416802861E-014
 ===========================
NSTEP =        129   NCYCLE=  2  CFL_adv= 0.356  CFL_sgs= 0.020
NSTEP =        130   NCYCLE=  2  CFL_adv= 0.352  CFL_sgs= 0.021
NSTEP =        131   NCYCLE=  2  CFL_adv= 0.352  CFL_sgs= 0.021
 Collecting statistics...
 name QCSTRG is missing in "lst" file.
NSTEP =        132   NCYCLE=  2  CFL_adv= 0.351  CFL_sgs= 0.020
 DAY =   4.583333333333333E-002
 NSTEP=         132
 div:  2.194987092152241E-016 -2.888721591716032E-016
 SST=   303.150000000000     
 surface pressure=   1014.80000000000     
 u:  -6.71174879479928        7.05826968361306     
 v:  -6.94279829312969        7.00556442413455     
 w:  -2.15736125999404        2.95702288617857     
 p:  -17.9105999730546        12.4619040370011     
 t:   301.626515940618        497.272796616977     
 tabs:   191.320179203005        301.556827155307     
 qv:  1.407688243016365E-006  1.947205892806566E-002
 tke:  0.000000000000000E+000   1.19485131465774     
 tk:  0.000000000000000E+000   27.3273136561406     
 tkh:  0.000000000000000E+000   27.3273136561406     
 qcl:  0.000000000000000E+000  0.000000000000000E+000
 qci:  0.000000000000000E+000  9.646899310216311E-004
 qpl:  0.000000000000000E+000  3.493725747255020E-007
 qpi:  0.000000000000000E+000  0.000000000000000E+000
 qrad(K/day):  -50.9033557685016        92.2246618351760     
 shf:   4.14239082309319        4.22456895764878     
 lhf:   59.8361907484108        60.2495674084601     
 uw: -2.257274368782553E-003  2.367457284851410E-003
 vw: -2.261754174905134E-003  2.371412208582795E-003
 sst:   303.150000000000        303.150000000000     
 ===========================
 total water budget:
 before (mm):         54.77602277165
 after (mm):          54.77674035893
 evaporation (mm):     0.00071761282
 precipitation (mm):   0.00000002555
 large-scale (mm):     0.00000000000
 Imbalance (mm)       0.00000000001
 evap (mm/day):   2.06672491025849     
 prec (mm/day):  7.357230523737584E-005
 ls (mm/day):  0.000000000000000E+000
 imbalance (mm/day)  1.653832000997642E-008
  imbalance (rel error):  1.048106416577976E-013
 ===========================
 Let's do some shortwave
 Range of zenith angles  0.732661695834013       0.732661695834013     
 Range of surface albedo (asdir)  3.383449086658900E-002  3.383449086658900E-002
 Range of surface albedo (aldir)  3.383449086658900E-002  3.383449086658900E-002
 Range of surface albedo (asdif)  6.000000000000000E-002  6.000000000000000E-002
 Range of surface albedo (aldif)  6.000000000000000E-002  6.000000000000000E-002
 radiation: perpetual sun, solin=   310.282740840755     
 longwave radiation is called
NSTEP =        133   NCYCLE=  2  CFL_adv= 0.370  CFL_sgs= 0.020
NSTEP =        134   NCYCLE=  2  CFL_adv= 0.352  CFL_sgs= 0.020
NSTEP =        135   NCYCLE=  2  CFL_adv= 0.349  CFL_sgs= 0.020
 Collecting statistics...
 name QCSTRG is missing in "lst" file.
NSTEP =        136   NCYCLE=  2  CFL_adv= 0.343  CFL_sgs= 0.020
 DAY =   4.722222222222222E-002
 NSTEP=         136
 div:  2.415684815990514E-016 -3.151824979319427E-016
 SST=   303.150000000000     
 surface pressure=   1014.80000000000     
 u:  -6.61353760742302        7.03452221154669     
 v:  -7.64606684929416        6.87835578789533     
 w:  -2.32103001028111        2.68825497691016     
 p:  -18.5639704884872        11.9018999279709     
 t:   301.626527824372        497.269279069044     
 tabs:   191.623587884268        301.560996716644     
 qv:  1.407803143202466E-006  1.949647476513518E-002
 tke:  0.000000000000000E+000   1.18789473656658     
 tk:  0.000000000000000E+000   27.2476459598644     
 tkh:  0.000000000000000E+000   27.2476459598644     
 qcl:  0.000000000000000E+000  0.000000000000000E+000
 qci:  0.000000000000000E+000  9.481873144770699E-004
 qpl:  0.000000000000000E+000  3.227983867600758E-007
 qpi:  0.000000000000000E+000  0.000000000000000E+000
 qrad(K/day):  -50.0435936484437        85.7079201124959     
 shf:   4.12951789868536        4.21409056560667     
 lhf:   59.6323945512020        60.0572193223617     
 uw: -2.378161010717025E-003  2.634638478708647E-003
 vw: -2.383300738548830E-003  2.639584529277073E-003
 sst:   303.150000000000        303.150000000000     
 ===========================
 total water budget:
 before (mm):         54.77888964550
 after (mm):          54.77960492580
 evaporation (mm):     0.00071530653
 precipitation (mm):   0.00000002624
 large-scale (mm):     0.00000000000
 Imbalance (mm)       0.00000000001
 evap (mm/day):   2.06008280520372     
 prec (mm/day):  7.557092154432472E-005
 ls (mm/day):  0.000000000000000E+000
 imbalance (mm/day)  3.399379157404041E-008
  imbalance (rel error):  2.154472427642003E-013
 ===========================
NSTEP =        137   NCYCLE=  2  CFL_adv= 0.343  CFL_sgs= 0.020
NSTEP =        138   NCYCLE=  2  CFL_adv= 0.338  CFL_sgs= 0.022
 Let's do some shortwave
 Range of zenith angles  0.732661695834013       0.732661695834013     
 Range of surface albedo (asdir)  3.383449086658900E-002  3.383449086658900E-002
 Range of surface albedo (aldir)  3.383449086658900E-002  3.383449086658900E-002
 Range of surface albedo (asdif)  6.000000000000000E-002  6.000000000000000E-002
 Range of surface albedo (aldif)  6.000000000000000E-002  6.000000000000000E-002
 radiation: perpetual sun, solin=   310.282740844692     
 longwave radiation is called
NSTEP =        139   NCYCLE=  2  CFL_adv= 0.342  CFL_sgs= 0.021
 Collecting statistics...
 name QCSTRG is missing in "lst" file.
NSTEP =        140   NCYCLE=  2  CFL_adv= 0.351  CFL_sgs= 0.021
 DAY =   4.861111111111111E-002
 NSTEP=         140
 div:  1.563423062076806E-016 -2.816709026061851E-016
 SST=   303.150000000000     
 surface pressure=   1014.80000000000     
 u:  -6.75601723388234        7.09962575009002     
 v:  -6.78544036914034        6.80607761956768     
 w:  -2.65924719102397        3.10497628356989     
 p:  -18.8442152782257        11.3887528457862     
 t:   301.626786929738        497.264912989349     
 tabs:   191.730449453383        301.565046604163     
 qv:  1.407921230351404E-006  1.951991592667053E-002
 tke:  0.000000000000000E+000   1.28613094486662     
 tk:  0.000000000000000E+000   28.3519283390326     
 tkh:  0.000000000000000E+000   28.3519283390326     
 qcl:  0.000000000000000E+000  0.000000000000000E+000
 qci:  0.000000000000000E+000  9.246450157614055E-004
 qpl:  0.000000000000000E+000  2.934387271387280E-007
 qpi:  0.000000000000000E+000  0.000000000000000E+000
 qrad(K/day):  -51.4227691161194        85.3167835740022     
 shf:   4.11695304949374        4.20374933475387     
 lhf:   59.4365791378248        59.8645639599746     
 uw: -2.429646260175796E-003  2.885477112648238E-003
 vw: -2.435082736909590E-003  2.890933222846834E-003
 sst:   303.150000000000        303.150000000000     
 ===========================
 total water budget:
 before (mm):         54.78174736400
 after (mm):          54.78246038601
 evaporation (mm):     0.00071304807
 precipitation (mm):   0.00000002607
 large-scale (mm):     0.00000000000
 Imbalance (mm)       0.00000000002
 evap (mm/day):   2.05357843462270     
 prec (mm/day):  7.509570374595502E-005
 ls (mm/day):  0.000000000000000E+000
 imbalance (mm/day)  4.723166911095745E-008
  imbalance (rel error):  2.994832954397473E-013
 ===========================
NSTEP =        141   NCYCLE=  2  CFL_adv= 0.360  CFL_sgs= 0.020
NSTEP =        142   NCYCLE=  2  CFL_adv= 0.363  CFL_sgs= 0.020
NSTEP =        143   NCYCLE=  2  CFL_adv= 0.362  CFL_sgs= 0.020
 Collecting statistics...
 name QCSTRG is missing in "lst" file.
NSTEP =        144   NCYCLE=  2  CFL_adv= 0.361  CFL_sgs= 0.020
 DAY =   5.000000000000000E-002
 NSTEP=         144
 div:  1.435181341800436E-016 -2.665356635588416E-016
 SST=   303.150000000000     
 surface pressure=   1014.80000000000     
 u:  -6.85562982198428        6.87777685584220     
 v:  -7.33554585920103        7.01232776987618     
 w:  -2.14315908101132        2.95698512073509     
 p:  -18.4082449814877        10.9696478157597     
 t:   301.626890277113        497.263709729339     
 tabs:   191.703227360990        301.569082922338     
 qv:  1.408230769824450E-006  1.954312677673872E-002
 tke:  0.000000000000000E+000   1.29812406829022     
 tk:  0.000000000000000E+000   28.4838119408444     
 tkh:  0.000000000000000E+000   28.4838119408444     
 qcl:  0.000000000000000E+000  0.000000000000000E+000
 qci:  0.000000000000000E+000  8.992898103584688E-004
 qpl:  0.000000000000000E+000  2.738818064333349E-007
 qpi:  0.000000000000000E+000  0.000000000000000E+000
 qrad(K/day):  -51.4227691161194        85.3167835740022     
 shf:   4.10464447339124        4.19580542288685     
 lhf:   59.2410529374068        59.6722484510009     
 uw: -2.401536052106557E-003  3.024485480651250E-003
 vw: -2.408107461589163E-003  3.029431882859059E-003
 sst:   303.150000000000        303.150000000000     
 ===========================
 total water budget:
 before (mm):         54.78459612184
 after (mm):          54.78530693367
 evaporation (mm):     0.00071083678
 precipitation (mm):   0.00000002497
 large-scale (mm):     0.00000000000
 Imbalance (mm)       0.00000000001
 evap (mm/day):   2.04720993078706     
 prec (mm/day):  7.192217557709069E-005
 ls (mm/day):  0.000000000000000E+000
 imbalance (mm/day)  3.562670351198241E-008
  imbalance (rel error):  2.258004877943238E-013
 ===========================
 Let's do some shortwave
 Range of zenith angles  0.732661695834013       0.732661695834013     
 Range of surface albedo (asdir)  3.383449086658900E-002  3.383449086658900E-002
 Range of surface albedo (aldir)  3.383449086658900E-002  3.383449086658900E-002
 Range of surface albedo (asdif)  6.000000000000000E-002  6.000000000000000E-002
 Range of surface albedo (aldif)  6.000000000000000E-002  6.000000000000000E-002
 radiation: perpetual sun, solin=   310.282740856141     
 longwave radiation is called
NSTEP =        145   NCYCLE=  2  CFL_adv= 0.356  CFL_sgs= 0.021
NSTEP =        146   NCYCLE=  2  CFL_adv= 0.348  CFL_sgs= 0.019
NSTEP =        147   NCYCLE=  2  CFL_adv= 0.343  CFL_sgs= 0.023
 Collecting statistics...
 name QCSTRG is missing in "lst" file.
NSTEP =        148   NCYCLE=  2  CFL_adv= 0.334  CFL_sgs= 0.020
 DAY =   5.138888888888889E-002
 NSTEP=         148
 div:  1.361298769911549E-016 -2.933466533482972E-016
 SST=   303.150000000000     
 surface pressure=   1014.80000000000     
 u:  -6.87826069645840        7.06469091287041     
 v:  -6.93752311134006        6.70505453820382     
 w:  -2.28558319379781        2.35472465642263     
 p:  -17.2212511411527        10.6133550201616     
 t:   301.627259927681        497.263947839071     
 tabs:   191.721776812047        301.573025227414     
 qv:  1.408715657672348E-006  1.956593264349371E-002
 tke:  0.000000000000000E+000   1.21512945850476     
 tk:  0.000000000000000E+000   27.3192777505852     
 tkh:  0.000000000000000E+000   27.3192777505852     
 qcl:  0.000000000000000E+000  0.000000000000000E+000
 qci:  0.000000000000000E+000  8.766580413856089E-004
 qpl:  0.000000000000000E+000  2.639355634742189E-007
 qpi:  0.000000000000000E+000  0.000000000000000E+000
 qrad(K/day):  -50.6018446825881        83.8644853634552     
 shf:   4.09226524375106        4.18679487441586     
 lhf:   59.0508596498274        59.5110676099487     
 uw: -2.331292312484548E-003  3.029581003934786E-003
 vw: -2.338081978793074E-003  3.032979421541671E-003
 sst:   303.150000000000        303.150000000000     
 ===========================
 total water budget:
 before (mm):         54.78743610915
 after (mm):          54.78814475712
 evaporation (mm):     0.00070867084
 precipitation (mm):   0.00000002289
 large-scale (mm):     0.00000000000
 Imbalance (mm)       0.00000000001
 evap (mm/day):   2.04097202482984     
 prec (mm/day):  6.591981425019673E-005
 ls (mm/day):  0.000000000000000E+000
 imbalance (mm/day)  2.900272322709852E-008
  imbalance (rel error):  1.838992000503829E-013
 ===========================
NSTEP =        149   NCYCLE=  2  CFL_adv= 0.323  CFL_sgs= 0.020
NSTEP =        150   NCYCLE=  2  CFL_adv= 0.316  CFL_sgs= 0.020
 Let's do some shortwave
 Range of zenith angles  0.732661695834013       0.732661695834013     
 Range of surface albedo (asdir)  3.383449086658900E-002  3.383449086658900E-002
 Range of surface albedo (aldir)  3.383449086658900E-002  3.383449086658900E-002
 Range of surface albedo (asdif)  6.000000000000000E-002  6.000000000000000E-002
 Range of surface albedo (aldif)  6.000000000000000E-002  6.000000000000000E-002
 radiation: perpetual sun, solin=   310.282740871607     
 longwave radiation is called
NSTEP =        151   NCYCLE=  2  CFL_adv= 0.305  CFL_sgs= 0.021
 Collecting statistics...
 name QCSTRG is missing in "lst" file.
NSTEP =        152   NCYCLE=  2  CFL_adv= 0.302  CFL_sgs= 0.020
 DAY =   5.277777777777778E-002
 NSTEP=         152
 div:  1.617723894514129E-016 -2.561774784408967E-016
 SST=   303.150000000000     
 surface pressure=   1014.80000000000     
 u:  -7.36558350840409        6.57006365499146     
 v:  -6.58032981654806        6.71135491544005     
 w:  -1.90795458293525        2.27424957789346     
 p:  -15.4469572542591        10.4421862475271     
 t:   301.627809280534        497.263618332190     
 tabs:   191.765139809114        301.576743142888     
 qv:  1.409211488243560E-006  1.958960918766540E-002
 tke:  0.000000000000000E+000   1.17561447172479     
 tk:  0.000000000000000E+000   27.1064391764760     
 tkh:  0.000000000000000E+000   27.1064391764760     
 qcl:  0.000000000000000E+000  0.000000000000000E+000
 qci:  0.000000000000000E+000  8.617713054872947E-004
 qpl:  0.000000000000000E+000  2.449916940740033E-007
 qpi:  0.000000000000000E+000  0.000000000000000E+000
 qrad(K/day):  -137.794396422329        81.8833103076809     
 shf:   4.08062305450425        4.17808714287798     
 lhf:   58.8550322028120        59.3363530524926     
 uw: -2.243916405261736E-003  2.935964173466258E-003
 vw: -2.251893622512527E-003  2.937064610793420E-003
 sst:   303.150000000000        303.150000000000     
 ===========================
 total water budget:
 before (mm):         54.79026750741
 after (mm):          54.79097403520
 evaporation (mm):     0.00070654824
 precipitation (mm):   0.00000002046
 large-scale (mm):     0.00000000000
 Imbalance (mm)       0.00000000001
 evap (mm/day):   2.03485891901884     
 prec (mm/day):  5.891742481352269E-005
 ls (mm/day):  0.000000000000000E+000
 imbalance (mm/day)  3.395711174691701E-008
  imbalance (rel error):  2.152728550881461E-013
 ===========================
NSTEP =        153   NCYCLE=  2  CFL_adv= 0.297  CFL_sgs= 0.020
NSTEP =        154   NCYCLE=  2  CFL_adv= 0.299  CFL_sgs= 0.020
NSTEP =        155   NCYCLE=  2  CFL_adv= 0.301  CFL_sgs= 0.020
 Collecting statistics...
 name QCSTRG is missing in "lst" file.
NSTEP =        156   NCYCLE=  2  CFL_adv= 0.301  CFL_sgs= 0.020
 DAY =   5.416666666666667E-002
 NSTEP=         156
 div:  1.742162059211167E-016 -2.647889651330451E-016
 SST=   303.150000000000     
 surface pressure=   1014.80000000000     
 u:  -7.31079085998848        7.38403570367094     
 v:  -6.31810530968995        7.21405815301580     
 w:  -1.96650127631379        2.26267630566969     
 p:  -13.4855976316088        10.1399218761156     
 t:   301.628394336547        497.260262444697     
 tabs:   191.841387145062        301.580696198344     
 qv:  1.409306477676404E-006  1.961444077434462E-002
 tke:  0.000000000000000E+000   1.18959582486059     
 tk:  0.000000000000000E+000   27.2671485589870     
 tkh:  0.000000000000000E+000   27.2671485589870     
 qcl:  0.000000000000000E+000  0.000000000000000E+000
 qci:  0.000000000000000E+000  8.474083786781178E-004
 qpl:  0.000000000000000E+000  2.167988397433750E-007
 qpi:  0.000000000000000E+000  0.000000000000000E+000
 qrad(K/day):  -137.794396422329        81.8833103076809     
 shf:   4.06858264782251        4.16964275128459     
 lhf:   58.6490146354428        59.2074116832835     
 uw: -2.172092698091120E-003  2.805694853437108E-003
 vw: -2.179708646644540E-003  2.803905308659189E-003
 sst:   303.150000000000        303.150000000000     
 ===========================
 total water budget:
 before (mm):         54.79309048853
 after (mm):          54.79379493804
 evaporation (mm):     0.00070446724
 precipitation (mm):   0.00000001775
 large-scale (mm):     0.00000000000
 Imbalance (mm)       0.00000000001
 evap (mm/day):   2.02886566001329     
 prec (mm/day):  5.111655868457178E-005
 ls (mm/day):  0.000000000000000E+000
 imbalance (mm/day)  4.224430678591125E-008
  imbalance (rel error):  2.676507820396703E-013
 ===========================
 Let's do some shortwave
 Range of zenith angles  0.732661695834013       0.732661695834013     
 Range of surface albedo (asdir)  3.383449086658900E-002  3.383449086658900E-002
 Range of surface albedo (aldir)  3.383449086658900E-002  3.383449086658900E-002
 Range of surface albedo (asdif)  6.000000000000000E-002  6.000000000000000E-002
 Range of surface albedo (aldif)  6.000000000000000E-002  6.000000000000000E-002
 radiation: perpetual sun, solin=   310.282740881639     
 longwave radiation is called
NSTEP =        157   NCYCLE=  2  CFL_adv= 0.299  CFL_sgs= 0.020
NSTEP =        158   NCYCLE=  2  CFL_adv= 0.299  CFL_sgs= 0.019
NSTEP =        159   NCYCLE=  2  CFL_adv= 0.301  CFL_sgs= 0.019
 Collecting statistics...
 name QCSTRG is missing in "lst" file.
NSTEP =        160   NCYCLE=  2  CFL_adv= 0.306  CFL_sgs= 0.019
 DAY =   5.555555555555555E-002
 NSTEP=         160
 div:  1.334887306534193E-016 -2.275544740668288E-016
 SST=   303.150000000000     
 surface pressure=   1014.80000000000     
 u:  -7.10304667282513        6.81817751229856     
 v:  -7.36645658719566        7.24858547944771     
 w:  -2.03660940641006        2.52823259261795     
 p:  -13.0544138014387        10.1955995294465     
 t:   301.628697482497        497.254623377224     
 tabs:   191.869623016861        301.584477340001     
 qv:  1.409325800772699E-006  1.964034127930124E-002
 tke:  0.000000000000000E+000   1.18525149252372     
 tk:  0.000000000000000E+000   27.2173140266876     
 tkh:  0.000000000000000E+000   27.2173140266876     
 qcl:  0.000000000000000E+000  0.000000000000000E+000
 qci:  0.000000000000000E+000  8.357146679090515E-004
 qpl:  0.000000000000000E+000  1.947970752021551E-007
 qpi:  0.000000000000000E+000  0.000000000000000E+000
 qrad(K/day):  -47.6261316044097        79.8304805662386     
 shf:   4.05686126621093        4.16303496159174     
 lhf:   58.4361836122925        59.0699873949677     
 uw: -2.100407552942357E-003  2.696818801948941E-003
 vw: -2.108741660634589E-003  2.694737020359731E-003
 sst:   303.150000000000        303.150000000000     
 ===========================
 total water budget:
 before (mm):         54.79590521672
 after (mm):          54.79660762784
 evaporation (mm):     0.00070242674
 precipitation (mm):   0.00000001564
 large-scale (mm):     0.00000000000
 Imbalance (mm)       0.00000000001
 evap (mm/day):   2.02298901868357     
 prec (mm/day):  4.503104066949676E-005
 ls (mm/day):  0.000000000000000E+000
 imbalance (mm/day)  3.477187854344736E-008
  imbalance (rel error):  2.203078183699603E-013
 ===========================
NSTEP =        161   NCYCLE=  2  CFL_adv= 0.311  CFL_sgs= 0.020
NSTEP =        162   NCYCLE=  2  CFL_adv= 0.315  CFL_sgs= 0.020
 Let's do some shortwave
 Range of zenith angles  0.732661695834013       0.732661695834013     
 Range of surface albedo (asdir)  3.383449086658900E-002  3.383449086658900E-002
 Range of surface albedo (aldir)  3.383449086658900E-002  3.383449086658900E-002
 Range of surface albedo (asdif)  6.000000000000000E-002  6.000000000000000E-002
 Range of surface albedo (aldif)  6.000000000000000E-002  6.000000000000000E-002
 radiation: perpetual sun, solin=   310.282740888590     
 longwave radiation is called
NSTEP =        163   NCYCLE=  2  CFL_adv= 0.317  CFL_sgs= 0.019
 Collecting statistics...
 name QCSTRG is missing in "lst" file.
NSTEP =        164   NCYCLE=  2  CFL_adv= 0.316  CFL_sgs= 0.020
 DAY =   5.694444444444444E-002
 NSTEP=         164
 div:  1.652944487802628E-016 -2.717299712062431E-016
 SST=   303.150000000000     
 surface pressure=   1014.80000000000     
 u:  -7.58510423167905        6.95384814516121     
 v:  -8.56424498201384        6.82414906067200     
 w:  -2.05770730682705        2.55383602009626     
 p:  -13.4013965090405        10.0574496171126     
 t:   301.629060115007        497.253373344452     
 tabs:   191.898069033121        301.588087318014     
 qv:  1.409371933892101E-006  1.966638425230676E-002
 tke:  0.000000000000000E+000   1.27208794108966     
 tk:  0.000000000000000E+000   28.1967190144711     
 tkh:  0.000000000000000E+000   28.1967190144711     
 qcl:  0.000000000000000E+000  0.000000000000000E+000
 qci:  0.000000000000000E+000  8.243737457681045E-004
 qpl:  0.000000000000000E+000  1.834162116899959E-007
 qpi:  0.000000000000000E+000  0.000000000000000E+000
 qrad(K/day):  -48.5779435134123        83.4913165340325     
 shf:   4.04548383377877        4.15666921509310     
 lhf:   58.2173307015742        58.9230671533101     
 uw: -2.015738971528715E-003  2.662134509496514E-003
 vw: -2.021946861813552E-003  2.656541644949336E-003
 sst:   303.150000000000        303.150000000000     
 ===========================
 total water budget:
 before (mm):         54.79871184958
 after (mm):          54.79941226077
 evaporation (mm):     0.00070042500
 precipitation (mm):   0.00000001382
 large-scale (mm):     0.00000000000
 Imbalance (mm)       0.00000000001
 evap (mm/day):   2.01722401318563     
 prec (mm/day):  3.980318404780538E-005
 ls (mm/day):  0.000000000000000E+000
 imbalance (mm/day)  2.569970144596465E-008
  imbalance (rel error):  1.627264046438142E-013
 ===========================
NSTEP =        165   NCYCLE=  2  CFL_adv= 0.315  CFL_sgs= 0.020
NSTEP =        166   NCYCLE=  2  CFL_adv= 0.311  CFL_sgs= 0.020
NSTEP =        167   NCYCLE=  2  CFL_adv= 0.306  CFL_sgs= 0.020
 Collecting statistics...
 name QCSTRG is missing in "lst" file.
NSTEP =        168   NCYCLE=  2  CFL_adv= 0.313  CFL_sgs= 0.019
 DAY =   5.833333333333333E-002
 NSTEP=         168
 div:  1.451527862649621E-016 -1.954077880062721E-016
 SST=   303.150000000000     
 surface pressure=   1014.80000000000     
 u:  -7.08065049099055        6.70490763196264     
 v:  -8.06984253299192        6.31437032959119     
 w:  -2.12104777396696        2.62899623719626     
 p:  -13.0152231633654        11.6863922745127     
 t:   301.629491249999        497.252869156882     
 tabs:   191.846046833137        301.591779679631     
 qv:  1.409396070550019E-006  1.968905251500446E-002
 tke:  0.000000000000000E+000   1.60617291567860     
 tk:  0.000000000000000E+000   28.5675384805281     
 tkh:  0.000000000000000E+000   28.5675384805281     
 qcl:  0.000000000000000E+000  0.000000000000000E+000
 qci:  0.000000000000000E+000  8.140026741911363E-004
 qpl:  0.000000000000000E+000  1.825369345779243E-007
 qpi:  0.000000000000000E+000  0.000000000000000E+000
 qrad(K/day):  -48.5779435134123        83.4913165340325     
 shf:   4.03421085918508        4.14881998021332     
 lhf:   58.0247363033119        58.7843977127722     
 uw: -1.997272684134515E-003  2.619682341150287E-003
 vw: -1.997768073024429E-003  2.609900682218631E-003
 sst:   303.150000000000        303.150000000000     
 ===========================
 total water budget:
 before (mm):         54.80151053888
 after (mm):          54.80220898725
 evaporation (mm):     0.00069846050
 precipitation (mm):   0.00000001214
 large-scale (mm):     0.00000000000
 Imbalance (mm)       0.00000000001
 evap (mm/day):   2.01156625096978     
 prec (mm/day):  3.496619057211550E-005
 ls (mm/day):  0.000000000000000E+000
 imbalance (mm/day)  2.735538709888358E-008
  imbalance (rel error):  1.733498804641782E-013
 ===========================
 Let's do some shortwave
 Range of zenith angles  0.732661695834013       0.732661695834013     
 Range of surface albedo (asdir)  3.383449086658900E-002  3.383449086658900E-002
 Range of surface albedo (aldir)  3.383449086658900E-002  3.383449086658900E-002
 Range of surface albedo (asdif)  6.000000000000000E-002  6.000000000000000E-002
 Range of surface albedo (aldif)  6.000000000000000E-002  6.000000000000000E-002
 radiation: perpetual sun, solin=   310.282740899671     
 longwave radiation is called
NSTEP =        169   NCYCLE=  2  CFL_adv= 0.318  CFL_sgs= 0.021
NSTEP =        170   NCYCLE=  2  CFL_adv= 0.320  CFL_sgs= 0.020
NSTEP =        171   NCYCLE=  2  CFL_adv= 0.318  CFL_sgs= 0.021
 Collecting statistics...
 name QCSTRG is missing in "lst" file.
NSTEP =        172   NCYCLE=  2  CFL_adv= 0.322  CFL_sgs= 0.023
 DAY =   5.972222222222223E-002
 NSTEP=         172
 div:  1.621876764533237E-016 -2.475695331296009E-016
 SST=   303.150000000000     
 surface pressure=   1014.80000000000     
 u:  -7.66180413141590        6.73032016738145     
 v:  -9.66308539655293        6.83004948883264     
 w:  -2.08436923586055        2.53605355416778     
 p:  -12.4613132019975        12.9715014853553     
 t:   301.629956447902        497.254208385826     
 tabs:   191.875843955911        301.595623763680     
 qv:  1.409398102226340E-006  1.970870635532163E-002
 tke:  0.000000000000000E+000   2.23007161991815     
 tk:  0.000000000000000E+000   33.1625569016403     
 tkh:  0.000000000000000E+000   33.1625569016403     
 qcl:  0.000000000000000E+000  0.000000000000000E+000
 qci:  0.000000000000000E+000  8.069596243551009E-004
 qpl:  0.000000000000000E+000  1.794181093350445E-007
 qpi:  0.000000000000000E+000  0.000000000000000E+000
 qrad(K/day):  -45.8642028465803        80.8359411329853     
 shf:   4.02225870314857        4.13946487610436     
 lhf:   57.8595640862198        58.6194548372412     
 uw: -2.056043575801799E-003  2.527302689326048E-003
 vw: -2.056627379503038E-003  2.512984038766577E-003
 sst:   303.150000000000        303.150000000000     
 ===========================
 total water budget:
 before (mm):         54.80430143104
 after (mm):          54.80499795227
 evaporation (mm):     0.00069653185
 precipitation (mm):   0.00000001063
 large-scale (mm):     0.00000000000
 Imbalance (mm)       0.00000000001
 evap (mm/day):   2.00601173052618     
 prec (mm/day):  3.062281495744096E-005
 ls (mm/day):  0.000000000000000E+000
 imbalance (mm/day)  2.240315296980845E-008
  imbalance (rel error):  1.419659382771893E-013
 ===========================
NSTEP =        173   NCYCLE=  2  CFL_adv= 0.325  CFL_sgs= 0.024
NSTEP =        174   NCYCLE=  2  CFL_adv= 0.327  CFL_sgs= 0.023
 Let's do some shortwave
 Range of zenith angles  0.732661695834013       0.732661695834013     
 Range of surface albedo (asdir)  3.383449086658900E-002  3.383449086658900E-002
 Range of surface albedo (aldir)  3.383449086658900E-002  3.383449086658900E-002
 Range of surface albedo (asdif)  6.000000000000000E-002  6.000000000000000E-002
 Range of surface albedo (aldif)  6.000000000000000E-002  6.000000000000000E-002
 radiation: perpetual sun, solin=   310.282740913461     
 longwave radiation is called
NSTEP =        175   NCYCLE=  2  CFL_adv= 0.326  CFL_sgs= 0.022
 Collecting statistics...
 name QCSTRG is missing in "lst" file.
NSTEP =        176   NCYCLE=  2  CFL_adv= 0.323  CFL_sgs= 0.020
 DAY =   6.111111111111111E-002
 NSTEP=         176
 div:  1.781163952242076E-016 -2.020431321705329E-016
 SST=   303.150000000000     
 surface pressure=   1014.80000000000     
 u:  -7.32227540804240        6.52103490751053     
 v:  -9.65467660071338        6.69363937471426     
 w:  -1.99087391871394        2.51232466740432     
 p:  -12.4009306415600        13.3343723204137     
 t:   301.630450172472        497.253381719688     
 tabs:   191.928445963965        301.599178086868     
 qv:  1.409400356173596E-006  1.973496866053602E-002
 tke:  0.000000000000000E+000   1.60595120590799     
 tk:  0.000000000000000E+000   31.6815325338357     
 tkh:  0.000000000000000E+000   31.6815325338357     
 qcl:  0.000000000000000E+000  0.000000000000000E+000
 qci:  0.000000000000000E+000  7.995122545799073E-004
 qpl:  0.000000000000000E+000  1.756946355918949E-007
 qpi:  0.000000000000000E+000  0.000000000000000E+000
 qrad(K/day):  -45.0549427185683        74.0564838684191     
 shf:   4.01094399906251        4.13274826598408     
 lhf:   57.6466805717186        58.4844525391869     
 uw: -2.103379139866441E-003  2.359228382787913E-003
 vw: -2.103878845230014E-003  2.341384114862905E-003
 sst:   303.150000000000        303.150000000000     
 ===========================
 total water budget:
 before (mm):         54.80708466531
 after (mm):          54.80777929303
 evaporation (mm):     0.00069463746
 precipitation (mm):   0.00000000975
 large-scale (mm):     0.00000000000
 Imbalance (mm)       0.00000000001
 evap (mm/day):   2.00055587983144     
 prec (mm/day):  2.807938926394618E-005
 ls (mm/day):  0.000000000000000E+000
 imbalance (mm/day)  2.151835729582871E-008
  imbalance (rel error):  1.363840986921130E-013
 ===========================
NSTEP =        177   NCYCLE=  2  CFL_adv= 0.328  CFL_sgs= 0.023
NSTEP =        178   NCYCLE=  2  CFL_adv= 0.333  CFL_sgs= 0.022
NSTEP =        179   NCYCLE=  2  CFL_adv= 0.336  CFL_sgs= 0.022
 Collecting statistics...
 name QCSTRG is missing in "lst" file.
 Writting statistics:nstatsteps=          15
 --------------- ISCCP Simulator Diagnostics: -----------------
 ISCCP PDF:
            0.0       0.3       1.3       3.6       9.4      23.0      60.0
    0.     0.017     0.014     0.035     0.024     0.010     0.006     0.000
  180.     0.000     0.000     0.000     0.000     0.000     0.000     0.000
  310.     0.000     0.000     0.000     0.000     0.000     0.000     0.000
  440.     0.000     0.000     0.000     0.000     0.000     0.000     0.000
  560.     0.000     0.000     0.000     0.000     0.000     0.000     0.000
  680.     0.000     0.000     0.000     0.000     0.000     0.000     0.000
  800.     0.000     0.000     0.000     0.000     0.000     0.000     0.000
 low cld area (tau > 0.3)=  0.000000000000000E+000
 mid cld area (tau > 0.3)=  0.000000000000000E+000
 hgh cld area (tau > 0.3)=  8.913269042968749E-002
 total cld area (tau > 0.3)=  8.913269042968749E-002
 mean albedo cld (tau > 0.3)   0.339608943718747     
 mean tau cld (tau > 0.3)    4.06346418768089     
 mean top pressure (tau > 0.3)   134.138623638099     
 mean brightness temp (tau > 0.3)   249.672420865474     
 mean clearsky brightness temp (tau > 0.3)   297.360419486990     
 --------------- MODIS Simulator Diagnostics: -----------------
 MODIS PDF:
                      0.3       1.3       3.6       9.4      23.0      60.0
    0.               0.014     0.035     0.024     0.010     0.006     0.000
  180.               0.000     0.000     0.000     0.000     0.000     0.000
  310.               0.000     0.000     0.000     0.000     0.000     0.000
  440.               0.000     0.000     0.000     0.000     0.000     0.000
  560.               0.000     0.000     0.000     0.000     0.000     0.000
  680.               0.000     0.000     0.000     0.000     0.000     0.000
  800.               0.000     0.000     0.000     0.000     0.000     0.000
 low cld area =  0.000000000000000E+000
 mid cld area =  0.000000000000000E+000
 hgh cld area =  8.913269042968749E-002
 total cld area =  8.913269042968749E-002
 mean tau cld    6.33288458409130     
 mean top pressure    144.560212301181     
 total cld area (liquid) =  0.000000000000000E+000
 total cld area (ice) =  8.913269042968749E-002
 mean tau (liquid) =  -1.00000000000000     
 mean tau (ice) =   6.33288458409130     
 mean lwp (g/m2) =  -1.00000000000000     
 mean iwp (g/m2) =   101.360205035946     
 mean reff (liquid)  =  -1.00000000000000     
 mean reff (ice)  =   29.0373783670446     
 --------------- MISR Simulator Diagnostics: -----------------
 MISR PDF:
            0.0       0.3       1.3       3.6       9.4      23.0      60.0
 99.00     0.000     0.000     0.000     0.000     0.000     0.000     0.000
 17.00     0.000     0.000     0.000     0.000     0.000     0.000     0.000
 15.00     0.000     0.007     0.035     0.024     0.010     0.006     0.000
 13.00     0.000     0.004     0.000     0.000     0.000     0.000     0.000
 11.00     0.000     0.000     0.000     0.000     0.000     0.000     0.000
  9.00     0.000     0.000     0.000     0.000     0.000     0.000     0.000
  7.00     0.000     0.000     0.000     0.000     0.000     0.000     0.000
  5.00     0.000     0.000     0.000     0.000     0.000     0.000     0.000
  4.00     0.000     0.000     0.000     0.000     0.000     0.000     0.000
  3.00     0.000     0.000     0.000     0.000     0.000     0.000     0.000
  2.50     0.000     0.000     0.000     0.000     0.000     0.000     0.000
  2.00     0.000     0.000     0.000     0.000     0.000     0.000     0.000
  1.50     0.000     0.000     0.000     0.000     0.000     0.000     0.000
  1.00     0.000     0.000     0.000     0.000     0.000     0.000     0.000
  0.50     0.000     0.000     0.000     0.000     0.000     0.000     0.000
  0.00     0.002     0.003     0.000     0.000     0.000     0.000     0.000
 total cld area =  8.639628092447915E-002
 mean top height (m)   14253.5037471878     
 Writting history file 
 iso_cld_P3_256x256x128_Nc0_1600                                                
  
 Writting 2D data. file:./OUT_2D/iso_cld_iso_cld_P3_256x256x128_Nc0_1600_64.2Dbi
 n                                                               
NSTEP =        180   NCYCLE=  2  CFL_adv= 0.334  CFL_sgs= 0.021
 DAY =   6.250000000000000E-002
 NSTEP=         180
 div:  1.389272270178689E-016 -1.992324268384604E-016
 SST=   303.150000000000     
 surface pressure=   1014.80000000000     
 u:  -7.17636669467239        7.17535505279426     
 v:  -8.23258631527244        7.13120083982616     
 w:  -2.06187574934239        2.74903794393488     
 p:  -12.1203329439664        12.6608434636901     
 t:   301.630928180503        497.255517454745     
 tabs:   191.891078619973        301.601988900531     
 qv:  1.409417213194604E-006  1.975701716018576E-002
 tke:  0.000000000000000E+000   2.05562182667159     
 tk:  0.000000000000000E+000   28.9401694350997     
 tkh:  0.000000000000000E+000   28.9401694350997     
 qcl:  0.000000000000000E+000  0.000000000000000E+000
 qci:  0.000000000000000E+000  7.886995562002759E-004
 qpl:  0.000000000000000E+000  1.737982545977558E-007
 qpi:  0.000000000000000E+000  0.000000000000000E+000
 qrad(K/day):  -45.0549427185683        74.0564838684191     
 shf:   4.00200095082970        4.12561943408933     
 lhf:   57.4602162244868        58.3520390093491     
 uw: -2.127697372081534E-003  2.127813074253206E-003
 vw: -2.128230666600511E-003  2.105896361947846E-003
 sst:   303.150000000000        303.150000000000     
 ===========================
 total water budget:
 before (mm):         54.80986037449
 after (mm):          54.81055314090
 evaporation (mm):     0.00069277568
 precipitation (mm):   0.00000000928
 large-scale (mm):     0.00000000000
 Imbalance (mm)       0.00000000001
 evap (mm/day):   1.99519395101049     
 prec (mm/day):  2.671850897105369E-005
 ls (mm/day):  0.000000000000000E+000
 imbalance (mm/day)  2.074049508419233E-008
  imbalance (rel error):  1.313213879587573E-013
 ===========================
CPU TIME =      70.7365 OVER     0.50 MODEL HOURS
 Let's do some shortwave
 Range of zenith angles  0.732661695834013       0.732661695834013     
 Range of surface albedo (asdir)  3.383449086658900E-002  3.383449086658900E-002
 Range of surface albedo (aldir)  3.383449086658900E-002  3.383449086658900E-002
 Range of surface albedo (asdif)  6.000000000000000E-002  6.000000000000000E-002
 Range of surface albedo (aldif)  6.000000000000000E-002  6.000000000000000E-002
 radiation: perpetual sun, solin=   310.282740925708     
 longwave radiation is called
NSTEP =        181   NCYCLE=  2  CFL_adv= 0.330  CFL_sgs= 0.021
NSTEP =        182   NCYCLE=  2  CFL_adv= 0.330  CFL_sgs= 0.027
NSTEP =        183   NCYCLE=  2  CFL_adv= 0.330  CFL_sgs= 0.027
 Collecting statistics...
 name QCSTRG is missing in "lst" file.
NSTEP =        184   NCYCLE=  2  CFL_adv= 0.327  CFL_sgs= 0.025
 DAY =   6.388888888888888E-002
 NSTEP=         184
 div:  2.099134117937686E-016 -2.951287992158937E-016
 SST=   303.150000000000     
 surface pressure=   1014.80000000000     
 u:  -7.98495008861663        7.48231301615058     
 v:  -7.47554043006423        8.43374372968575     
 w:  -2.03776501867061        2.73241036233606     
 p:  -11.8204607933814        11.2020810256871     
 t:   301.631366878707        497.254121625219     
 tabs:   191.891247939452        301.605431018985     
 qv:  1.409584847213822E-006  1.977841955202899E-002
 tke:  0.000000000000000E+000   1.90345497000283     
 tk:  0.000000000000000E+000   33.8319667570633     
 tkh:  0.000000000000000E+000   33.8319667570633     
 qcl:  0.000000000000000E+000  0.000000000000000E+000
 qci:  0.000000000000000E+000  7.755731726360834E-004
 qpl:  0.000000000000000E+000  1.787672121321184E-007
 qpi:  0.000000000000000E+000  0.000000000000000E+000
 qrad(K/day):  -44.6590055635463        75.1569165852162     
 shf:   3.99167837325496        4.12150235198278     
 lhf:   57.2828722857014        58.2609221571761     
 uw: -2.105658319267403E-003  1.927912095343127E-003
 vw: -2.106176813749950E-003  1.925371507013841E-003
 sst:   303.150000000000        303.150000000000     
 ===========================
 total water budget:
 before (mm):         54.81262868491
 after (mm):          54.81331962094
 evaporation (mm):     0.00069094525
 precipitation (mm):   0.00000000923
 large-scale (mm):     0.00000000000
 Imbalance (mm)       0.00000000001
 evap (mm/day):   1.98992232458295     
 prec (mm/day):  2.658559642230671E-005
 ls (mm/day):  0.000000000000000E+000
 imbalance (mm/day)  2.073411240985218E-008
  imbalance (rel error):  1.313147600442024E-013
 ===========================
NSTEP =        185   NCYCLE=  2  CFL_adv= 0.337  CFL_sgs= 0.024
NSTEP =        186   NCYCLE=  2  CFL_adv= 0.343  CFL_sgs= 0.024
 Let's do some shortwave
 Range of zenith angles  0.732661695834013       0.732661695834013     
 Range of surface albedo (asdir)  3.383449086658900E-002  3.383449086658900E-002
 Range of surface albedo (aldir)  3.383449086658900E-002  3.383449086658900E-002
 Range of surface albedo (asdif)  6.000000000000000E-002  6.000000000000000E-002
 Range of surface albedo (aldif)  6.000000000000000E-002  6.000000000000000E-002
 radiation: perpetual sun, solin=   310.282740937963     
 longwave radiation is called
NSTEP =        187   NCYCLE=  2  CFL_adv= 0.344  CFL_sgs= 0.023
 Collecting statistics...
 name QCSTRG is missing in "lst" file.
NSTEP =        188   NCYCLE=  2  CFL_adv= 0.340  CFL_sgs= 0.026
 DAY =   6.527777777777778E-002
 NSTEP=         188
 div:  1.916489203660804E-016 -1.660983500889692E-016
 SST=   303.150000000000     
 surface pressure=   1014.80000000000     
 u:  -7.95857787364733        6.32325571809148     
 v:  -8.93658194722522        7.82389693713803     
 w:  -2.29877301215578        2.96739646855647     
 p:  -11.8164662464083        12.3527023245163     
 t:   301.631796879005        497.250890164129     
 tabs:   191.954576926007        301.608838932230     
 qv:  1.409921621819790E-006  1.980005066929136E-002
 tke:  0.000000000000000E+000   1.89831285306204     
 tk:  0.000000000000000E+000   34.4448186693409     
 tkh:  0.000000000000000E+000   34.4448186693409     
 qcl:  0.000000000000000E+000  0.000000000000000E+000
 qci:  0.000000000000000E+000  7.625508891659011E-004
 qpl:  0.000000000000000E+000  1.880528567026663E-007
 qpi:  0.000000000000000E+000  0.000000000000000E+000
 qrad(K/day):  -43.8557029344531        69.7098417395744     
 shf:   3.98103599188355        4.11872054867772     
 lhf:   57.1029587848122        58.2029529918704     
 uw: -2.028409318275874E-003  1.783136730240870E-003
 vw: -2.028833860058951E-003  1.779575757847280E-003
 sst:   303.150000000000        303.150000000000     
 ===========================
 total water budget:
 before (mm):         54.81538971966
 after (mm):          54.81607885567
 evaporation (mm):     0.00068914530
 precipitation (mm):   0.00000000931
 large-scale (mm):     0.00000000000
 Imbalance (mm)       0.00000000001
 evap (mm/day):   1.98473847569744     
 prec (mm/day):  2.681543492335321E-005
 ls (mm/day):  0.000000000000000E+000
 imbalance (mm/day)  3.311584086757796E-008
  imbalance (rel error):  2.097300957054886E-013
 ===========================
NSTEP =        189   NCYCLE=  2  CFL_adv= 0.339  CFL_sgs= 0.025
NSTEP =        190   NCYCLE=  2  CFL_adv= 0.344  CFL_sgs= 0.027
NSTEP =        191   NCYCLE=  2  CFL_adv= 0.346  CFL_sgs= 0.025
 Collecting statistics...
 name QCSTRG is missing in "lst" file.
NSTEP =        192   NCYCLE=  2  CFL_adv= 0.346  CFL_sgs= 0.024
 DAY =   6.666666666666667E-002
 NSTEP=         192
 div:  1.551473090019691E-016 -1.602947706172929E-016
 SST=   303.150000000000     
 surface pressure=   1014.80000000000     
 u:  -8.59913308232854        6.61543930269623     
 v:  -7.81617872181848        7.48894130946852     
 w:  -2.50604511032143        2.81936652972517     
 p:  -11.5738515097798        12.8608650244277     
 t:   301.632212798119        497.255377732641     
 tabs:   191.938287132369        301.612209711828     
 qv:  1.410400191930591E-006  1.982288730537476E-002
 tke:  0.000000000000000E+000   1.83432177051421     
 tk:  0.000000000000000E+000   31.2896128061747     
 tkh:  0.000000000000000E+000   31.2896128061747     
 qcl:  0.000000000000000E+000  0.000000000000000E+000
 qci:  0.000000000000000E+000  7.506771439168285E-004
 qpl:  0.000000000000000E+000  1.979646774093691E-007
 qpi:  0.000000000000000E+000  0.000000000000000E+000
 qrad(K/day):  -43.8557029344531        69.7098417395744     
 shf:   3.97058065269455        4.11713190518162     
 lhf:   56.9151233347877        58.1676771267877     
 uw: -1.900382482648613E-003  1.653465307530408E-003
 vw: -1.900854981358420E-003  1.649536196724753E-003
 sst:   303.150000000000        303.150000000000     
 ===========================
 total water budget:
 before (mm):         54.81814359875
 after (mm):          54.81883096413
 evaporation (mm):     0.00068737493
 precipitation (mm):   0.00000000955
 large-scale (mm):     0.00000000000
 Imbalance (mm)       0.00000000001
 evap (mm/day):   1.97963978416190     
 prec (mm/day):  2.750859223179487E-005
 ls (mm/day):  0.000000000000000E+000
 imbalance (mm/day)  2.653272370662622E-008
  imbalance (rel error):  1.679830396506614E-013
 ===========================
 Let's do some shortwave
 Range of zenith angles  0.732661695834013       0.732661695834013     
 Range of surface albedo (asdir)  3.383449086658900E-002  3.383449086658900E-002
 Range of surface albedo (aldir)  3.383449086658900E-002  3.383449086658900E-002
 Range of surface albedo (asdif)  6.000000000000000E-002  6.000000000000000E-002
 Range of surface albedo (aldif)  6.000000000000000E-002  6.000000000000000E-002
 radiation: perpetual sun, solin=   310.282740950323     
 longwave radiation is called
NSTEP =        193   NCYCLE=  2  CFL_adv= 0.343  CFL_sgs= 0.023
NSTEP =        194   NCYCLE=  2  CFL_adv= 0.338  CFL_sgs= 0.025
NSTEP =        195   NCYCLE=  2  CFL_adv= 0.331  CFL_sgs= 0.025
 Collecting statistics...
 name QCSTRG is missing in "lst" file.
NSTEP =        196   NCYCLE=  2  CFL_adv= 0.329  CFL_sgs= 0.024
 DAY =   6.805555555555555E-002
 NSTEP=         196
 div:  1.393744246551502E-016 -1.345568645769767E-016
 SST=   303.150000000000     
 surface pressure=   1014.80000000000     
 u:  -8.44909075127384        6.53667248717706     
 v:  -8.26651344181520        7.15081010708842     
 w:  -2.18579935309106        2.93968444224163     
 p:  -11.4798062542451        11.9877501418218     
 t:   301.632616806023        497.253730934000     
 tabs:   191.926249970236        301.615337979012     
 qv:  1.410952760086728E-006  1.984873097583967E-002
 tke:  0.000000000000000E+000   1.60204189067557     
 tk:  0.000000000000000E+000   31.6429483719870     
 tkh:  0.000000000000000E+000   31.6429483719870     
 qcl:  0.000000000000000E+000  0.000000000000000E+000
 qci:  0.000000000000000E+000  7.377076209146917E-004
 qpl:  0.000000000000000E+000  2.098876246057978E-007
 qpi:  0.000000000000000E+000  0.000000000000000E+000
 qrad(K/day):  -44.4343550170233        67.4524382044342     
 shf:   3.96078199735680        4.11644596468016     
 lhf:   56.7016079122666        58.1511621221080     
 uw: -1.741202527970705E-003  1.685837992203217E-003
 vw: -1.741729010072126E-003  1.668814047064403E-003
 sst:   303.150000000000        303.150000000000     
 ===========================
 total water budget:
 before (mm):         54.82089043812
 after (mm):          54.82157606120
 evaporation (mm):     0.00068563311
 precipitation (mm):   0.00000001004
 large-scale (mm):     0.00000000000
 Imbalance (mm)       0.00000000001
 evap (mm/day):   1.97462335005955     
 prec (mm/day):  2.890475793262220E-005
 ls (mm/day):  0.000000000000000E+000
 imbalance (mm/day)  1.657232897394397E-008
  imbalance (rel error):  1.049841426162583E-013
 ===========================
NSTEP =        197   NCYCLE=  2  CFL_adv= 0.339  CFL_sgs= 0.023
NSTEP =        198   NCYCLE=  2  CFL_adv= 0.344  CFL_sgs= 0.021
 Let's do some shortwave
 Range of zenith angles  0.732661695834013       0.732661695834013     
 Range of surface albedo (asdir)  3.383449086658900E-002  3.383449086658900E-002
 Range of surface albedo (aldir)  3.383449086658900E-002  3.383449086658900E-002
 Range of surface albedo (asdif)  6.000000000000000E-002  6.000000000000000E-002
 Range of surface albedo (aldif)  6.000000000000000E-002  6.000000000000000E-002
 radiation: perpetual sun, solin=   310.282740958693     
 longwave radiation is called
NSTEP =        199   NCYCLE=  2  CFL_adv= 0.341  CFL_sgs= 0.026
 Collecting statistics...
 name QCSTRG is missing in "lst" file.
NSTEP =        200   NCYCLE=  2  CFL_adv= 0.335  CFL_sgs= 0.024
 DAY =   6.944444444444445E-002
 NSTEP=         200
 div:  1.839589104920945E-016 -1.170503407136601E-016
 SST=   303.150000000000     
 surface pressure=   1014.80000000000     
 u:  -8.55747275285849        6.64024894757204     
 v:  -8.15070933176083        6.65817382829061     
 w:  -2.16051206174012        2.91547422228853     
 p:  -11.0704964362967        10.3207335232498     
 t:   301.632998505480        497.248026536915     
 tabs:   191.936304133413        301.618830846094     
 qv:  1.411499531622049E-006  1.987774968810755E-002
 tke:  0.000000000000000E+000   1.52252326876389     
 tk:  0.000000000000000E+000   30.8476424217060     
 tkh:  0.000000000000000E+000   30.8476424217060     
 qcl:  0.000000000000000E+000  0.000000000000000E+000
 qci:  0.000000000000000E+000  7.220942943318599E-004
 qpl:  0.000000000000000E+000  2.184024953822616E-007
 qpi:  0.000000000000000E+000  0.000000000000000E+000
 qrad(K/day):  -48.4503401399464        64.6048483297868     
 shf:   3.95047400626333        4.11701210391971     
 lhf:   56.4655731584532        58.1745143619905     
 uw: -1.684991805640108E-003  1.886133288114725E-003
 vw: -1.684392196155991E-003  1.873740429575720E-003
 sst:   303.150000000000        303.150000000000     
 ===========================
 total water budget:
 before (mm):         54.82363034951
 after (mm):          54.82431425756
 evaporation (mm):     0.00068391886
 precipitation (mm):   0.00000001082
 large-scale (mm):     0.00000000000
 Imbalance (mm)       0.00000000001
 evap (mm/day):   1.96968633024035     
 prec (mm/day):  3.117286987710060E-005
 ls (mm/day):  0.000000000000000E+000
 imbalance (mm/day)  1.987673194464269E-008
  imbalance (rel error):  1.258450754498866E-013
 ===========================
NSTEP =        201   NCYCLE=  2  CFL_adv= 0.329  CFL_sgs= 0.022
NSTEP =        202   NCYCLE=  2  CFL_adv= 0.318  CFL_sgs= 0.022
NSTEP =        203   NCYCLE=  2  CFL_adv= 0.304  CFL_sgs= 0.022
 Collecting statistics...
 name QCSTRG is missing in "lst" file.
NSTEP =        204   NCYCLE=  2  CFL_adv= 0.299  CFL_sgs= 0.023
 DAY =   7.083333333333333E-002
 NSTEP=         204
 div:  1.328414519740364E-016 -1.058045665658896E-016
 SST=   303.150000000000     
 surface pressure=   1014.80000000000     
 u:  -8.71581811616614        6.65903798846107     
 v:  -7.95753412656209        6.91648497660875     
 w:  -1.88262697743753        2.44925665552879     
 p:  -10.2256743725643        9.22284779645914     
 t:   301.633393863070        497.249038436960     
 tabs:   191.895953757649        301.622447391325     
 qv:  1.411825983417243E-006  1.990953587407113E-002
 tke:  0.000000000000000E+000   1.89171157207068     
 tk:  0.000000000000000E+000   33.8969034264313     
 tkh:  0.000000000000000E+000   33.8969034264313     
 qcl:  0.000000000000000E+000  0.000000000000000E+000
 qci:  0.000000000000000E+000  7.046365813415382E-004
 qpl:  0.000000000000000E+000  2.318127762419618E-007
 qpi:  0.000000000000000E+000  0.000000000000000E+000
 qrad(K/day):  -48.4503401399464        64.6048483297868     
 shf:   3.93805356171186        4.11887303322275     
 lhf:   56.2032566683326        58.2121382575942     
 uw: -1.765518237304418E-003  2.064892361670295E-003
 vw: -1.764788834252805E-003  2.057842668069953E-003
 sst:   303.150000000000        303.150000000000     
 ===========================
 total water budget:
 before (mm):         54.82636344095
 after (mm):          54.82704566064
 evaporation (mm):     0.00068223134
 precipitation (mm):   0.00000001166
 large-scale (mm):     0.00000000000
 Imbalance (mm)       0.00000000001
 evap (mm/day):   1.96482625521057     
 prec (mm/day):  3.358679693882614E-005
 ls (mm/day):  0.000000000000000E+000
 imbalance (mm/day)  2.900167623074183E-008
  imbalance (rel error):  1.836391227067059E-013
 ===========================
 Let's do some shortwave
 Range of zenith angles  0.732661695834013       0.732661695834013     
 Range of surface albedo (asdir)  3.383449086658900E-002  3.383449086658900E-002
 Range of surface albedo (aldir)  3.383449086658900E-002  3.383449086658900E-002
 Range of surface albedo (asdif)  6.000000000000000E-002  6.000000000000000E-002
 Range of surface albedo (aldif)  6.000000000000000E-002  6.000000000000000E-002
 radiation: perpetual sun, solin=   310.282740963180     
 longwave radiation is called
NSTEP =        205   NCYCLE=  2  CFL_adv= 0.303  CFL_sgs= 0.024
NSTEP =        206   NCYCLE=  2  CFL_adv= 0.303  CFL_sgs= 0.023
NSTEP =        207   NCYCLE=  2  CFL_adv= 0.304  CFL_sgs= 0.022
 Collecting statistics...
 name QCSTRG is missing in "lst" file.
NSTEP =        208   NCYCLE=  2  CFL_adv= 0.310  CFL_sgs= 0.023
 DAY =   7.222222222222222E-002
 NSTEP=         208
 div:  1.317993088647641E-016 -1.065918037646732E-016
 SST=   303.150000000000     
 surface pressure=   1014.80000000000     
 u:  -9.68010682587624        6.60417320458963     
 v:  -7.91153862640807        6.68847956316161     
 w:  -1.91471655114577        2.63285665628417     
 p:  -9.20854596022575        9.33391984417661     
 t:   301.633801290857        497.247185649298     
 tabs:   191.930065624025        301.625839686697     
 qv:  1.412227754207410E-006  1.994254479540491E-002
 tke:  0.000000000000000E+000   2.01907940065197     
 tk:  0.000000000000000E+000   35.5235784431620     
 tkh:  0.000000000000000E+000   35.5235784431620     
 qcl:  0.000000000000000E+000  0.000000000000000E+000
 qci:  0.000000000000000E+000  6.908850500343702E-004
 qpl:  0.000000000000000E+000  2.519986173300675E-007
 qpi:  0.000000000000000E+000  0.000000000000000E+000
 qrad(K/day):  -46.0767864526803        69.6964102824873     
 shf:   3.92574662438860        4.12226185191837     
 lhf:   55.9002058644759        58.2653129369521     
 uw: -1.857848820653498E-003  2.169950812478573E-003
 vw: -1.896640329575841E-003  2.167770194298892E-003
 sst:   303.150000000000        303.150000000000     
 ===========================
 total water budget:
 before (mm):         54.82908981794
 after (mm):          54.82977037512
 evaporation (mm):     0.00068056953
 precipitation (mm):   0.00000001236
 large-scale (mm):     0.00000000000
 Imbalance (mm)       0.00000000001
 evap (mm/day):   1.96004023256645     
 prec (mm/day):  3.558560408324126E-005
 ls (mm/day):  0.000000000000000E+000
 imbalance (mm/day)  1.906972558515019E-008
  imbalance (rel error):  1.207785159773212E-013
 ===========================
NSTEP =        209   NCYCLE=  2  CFL_adv= 0.317  CFL_sgs= 0.026
NSTEP =        210   NCYCLE=  2  CFL_adv= 0.318  CFL_sgs= 0.024
 Let's do some shortwave
 Range of zenith angles  0.732661695834013       0.732661695834013     
 Range of surface albedo (asdir)  3.383449086658900E-002  3.383449086658900E-002
 Range of surface albedo (aldir)  3.383449086658900E-002  3.383449086658900E-002
 Range of surface albedo (asdif)  6.000000000000000E-002  6.000000000000000E-002
 Range of surface albedo (aldif)  6.000000000000000E-002  6.000000000000000E-002
 radiation: perpetual sun, solin=   310.282740967482     
 longwave radiation is called
NSTEP =        211   NCYCLE=  2  CFL_adv= 0.321  CFL_sgs= 0.022
 Collecting statistics...
 name QCSTRG is missing in "lst" file.
NSTEP =        212   NCYCLE=  2  CFL_adv= 0.320  CFL_sgs= 0.021
 DAY =   7.361111111111111E-002
 NSTEP=         212
 div:  1.518206768416249E-016 -9.999052765477859E-017
 SST=   303.150000000000     
 surface pressure=   1014.80000000000     
 u:  -9.49084446256360        6.37361816583937     
 v:  -8.34699075824859        6.72553617021143     
 w:  -1.92939270725078        2.60083192412949     
 p:  -8.43265161338854        8.97388603122346     
 t:   301.634215212564        497.241446851497     
 tabs:   191.974798435698        301.629386256547     
 qv:  1.412680850413097E-006  1.997577444449167E-002
 tke:  0.000000000000000E+000   1.29021456356935     
 tk:  0.000000000000000E+000   28.3969030394309     
 tkh:  0.000000000000000E+000   28.3969030394309     
 qcl:  0.000000000000000E+000  0.000000000000000E+000
 qci:  0.000000000000000E+000  6.802947907798259E-004
 qpl:  0.000000000000000E+000  2.741821982399982E-007
 qpi:  0.000000000000000E+000  0.000000000000000E+000
 qrad(K/day):  -42.9981595035140        62.7621223704584     
 shf:   3.91293262925278        4.12929205756307     
 lhf:   55.5859828649053        58.4052320414563     
 uw: -2.045822833292217E-003  2.222249028876525E-003
 vw: -2.073812808986939E-003  2.211013933713628E-003
 sst:   303.150000000000        303.150000000000     
 ===========================
 total water budget:
 before (mm):         54.83180958248
 after (mm):          54.83248850198
 evaporation (mm):     0.00067893258
 precipitation (mm):   0.00000001308
 large-scale (mm):     0.00000000000
 Imbalance (mm)       0.00000000000
 evap (mm/day):   1.95532582924208     
 prec (mm/day):  3.767310537422446E-005
 ls (mm/day):  0.000000000000000E+000
 imbalance (mm/day)  9.931674426576825E-009
  imbalance (rel error):  6.297794957216707E-014
 ===========================
NSTEP =        213   NCYCLE=  2  CFL_adv= 0.314  CFL_sgs= 0.020
NSTEP =        214   NCYCLE=  2  CFL_adv= 0.318  CFL_sgs= 0.020
NSTEP =        215   NCYCLE=  2  CFL_adv= 0.324  CFL_sgs= 0.019
 Collecting statistics...
 name QCSTRG is missing in "lst" file.
NSTEP =        216   NCYCLE=  2  CFL_adv= 0.326  CFL_sgs= 0.025
 DAY =   7.500000000000000E-002
 NSTEP=         216
 div:  1.383714022884927E-016 -8.640348431447986E-017
 SST=   303.150000000000     
 surface pressure=   1014.80000000000     
 u:  -10.7905171203336        6.52512546460161     
 v:  -7.95640865857226        7.12622237055408     
 w:  -1.82234404229799        2.56991028058362     
 p:  -8.94028728057541        8.60771272178425     
 t:   301.634630537139        497.241816660855     
 tabs:   191.991048030180        301.633019322697     
 qv:  1.413257178255786E-006  2.000923487259055E-002
 tke:  0.000000000000000E+000   1.93323477753871     
 tk:  0.000000000000000E+000   34.7602033360234     
 tkh:  0.000000000000000E+000   34.7602033360234     
 qcl:  0.000000000000000E+000  0.000000000000000E+000
 qci:  0.000000000000000E+000  6.698142560399268E-004
 qpl:  0.000000000000000E+000  2.897933504798757E-007
 qpi:  0.000000000000000E+000  0.000000000000000E+000
 qrad(K/day):  -42.9981595035140        62.7621223704584     
 shf:   3.89982032738716        4.14018583541831     
 lhf:   55.2703211696336        58.6267398356396     
 uw: -2.068181645793066E-003  2.219855372071703E-003
 vw: -2.102131986206118E-003  2.213062161808441E-003
 sst:   303.150000000000        303.150000000000     
 ===========================
 total water budget:
 before (mm):         54.83452283262
 after (mm):          54.83520013851
 evaporation (mm):     0.00067731989
 precipitation (mm):   0.00000001401
 large-scale (mm):     0.00000000000
 Imbalance (mm)       0.00000000000
 evap (mm/day):   1.95068128761655     
 prec (mm/day):  4.034220930810657E-005
 ls (mm/day):  0.000000000000000E+000
 imbalance (mm/day)  1.157447633099578E-008
  imbalance (rel error):  7.321148544920368E-014
 ===========================
 Let's do some shortwave
 Range of zenith angles  0.732661695834013       0.732661695834013     
 Range of surface albedo (asdir)  3.383449086658900E-002  3.383449086658900E-002
 Range of surface albedo (aldir)  3.383449086658900E-002  3.383449086658900E-002
 Range of surface albedo (asdif)  6.000000000000000E-002  6.000000000000000E-002
 Range of surface albedo (aldif)  6.000000000000000E-002  6.000000000000000E-002
 radiation: perpetual sun, solin=   310.282740971789     
 longwave radiation is called
NSTEP =        217   NCYCLE=  2  CFL_adv= 0.325  CFL_sgs= 0.025
NSTEP =        218   NCYCLE=  2  CFL_adv= 0.322  CFL_sgs= 0.024
NSTEP =        219   NCYCLE=  2  CFL_adv= 0.313  CFL_sgs= 0.023
 Collecting statistics...
 name QCSTRG is missing in "lst" file.
NSTEP =        220   NCYCLE=  2  CFL_adv= 0.307  CFL_sgs= 0.022
 DAY =   7.638888888888890E-002
 NSTEP=         220
 div:  1.849109302691205E-016 -9.919639544577701E-017
 SST=   303.150000000000     
 surface pressure=   1014.80000000000     
 u:  -9.09549163225560        7.34755276939471     
 v:  -7.55861441031339        7.43249363711061     
 w:  -1.63427167610728        2.62125598344147     
 p:  -8.99534631425084        9.64387193603537     
 t:   301.635045698858        497.238671981459     
 tabs:   191.963387111897        301.636543026580     
 qv:  1.413919868067129E-006  2.004339911754179E-002
 tke:  0.000000000000000E+000   1.37604335554003     
 tk:  0.000000000000000E+000   29.3262185972300     
 tkh:  0.000000000000000E+000   29.3262185972300     
 qcl:  0.000000000000000E+000  0.000000000000000E+000
 qci:  0.000000000000000E+000  6.575948192486962E-004
 qpl:  0.000000000000000E+000  3.015218487514246E-007
 qpi:  0.000000000000000E+000  0.000000000000000E+000
 qrad(K/day):  -41.7067742444510        54.5472542917727     
 shf:   3.88710590310856        4.15507382224033     
 lhf:   54.9486489252456        58.9362781892044     
 uw: -2.024838465142145E-003  2.155179951993425E-003
 vw: -2.019899299193054E-003  2.151956310635793E-003
 sst:   303.150000000000        303.150000000000     
 ===========================
 total water budget:
 before (mm):         54.83722966391
 after (mm):          54.83790537989
 evaporation (mm):     0.00067573111
 precipitation (mm):   0.00000001513
 large-scale (mm):     0.00000000000
 Imbalance (mm)       0.00000000000
 evap (mm/day):   1.94610558944195     
 prec (mm/day):  4.357594425936846E-005
 ls (mm/day):  0.000000000000000E+000
 imbalance (mm/day)  6.615314698096323E-009
  imbalance (rel error):  4.198115241482084E-014
 ===========================
NSTEP =        221   NCYCLE=  2  CFL_adv= 0.303  CFL_sgs= 0.021
NSTEP =        222   NCYCLE=  2  CFL_adv= 0.296  CFL_sgs= 0.020
 Let's do some shortwave
 Range of zenith angles  0.732661695834013       0.732661695834013     
 Range of surface albedo (asdir)  3.383449086658900E-002  3.383449086658900E-002
 Range of surface albedo (aldir)  3.383449086658900E-002  3.383449086658900E-002
 Range of surface albedo (asdif)  6.000000000000000E-002  6.000000000000000E-002
 Range of surface albedo (aldif)  6.000000000000000E-002  6.000000000000000E-002
 radiation: perpetual sun, solin=   310.282740975592     
 longwave radiation is called
NSTEP =        223   NCYCLE=  2  CFL_adv= 0.297  CFL_sgs= 0.019
 Collecting statistics...
 name QCSTRG is missing in "lst" file.
NSTEP =        224   NCYCLE=  2  CFL_adv= 0.297  CFL_sgs= 0.018
 DAY =   7.777777777777778E-002
 NSTEP=         224
 div:  1.811611144326348E-016 -1.545871827471715E-016
 SST=   303.150000000000     
 surface pressure=   1014.80000000000     
 u:  -9.41479602353199        7.14353989725703     
 v:  -8.54801587597670        7.13718959799286     
 w:  -1.58077461970760        2.35564660503825     
 p:  -9.44576527228412        10.3883895364143     
 t:   301.635459084515        497.236558907664     
 tabs:   191.939910671678        301.640107240217     
 qv:  1.414525156714386E-006  2.007642161195246E-002
 tke:  0.000000000000000E+000   1.14769273657532     
 tk:  0.000000000000000E+000   25.3548268001250     
 tkh:  0.000000000000000E+000   25.3548268001250     
 qcl:  0.000000000000000E+000  0.000000000000000E+000
 qci:  0.000000000000000E+000  6.433785053927205E-004
 qpl:  0.000000000000000E+000  3.154952219550075E-007
 qpi:  0.000000000000000E+000  0.000000000000000E+000
 qrad(K/day):  -42.2452165135529        53.2676605562752     
 shf:   3.87433593588554        4.17395327202592     
 lhf:   54.6311739080822        59.3377441278560     
 uw: -1.970987019843057E-003  2.047820524617186E-003
 vw: -1.969350479630575E-003  2.047094526871053E-003
 sst:   303.150000000000        303.150000000000     
 ===========================
 total water budget:
 before (mm):         54.83993017073
 after (mm):          54.84060432011
 evaporation (mm):     0.00067416556
 precipitation (mm):   0.00000001618
 large-scale (mm):     0.00000000000
 Imbalance (mm)       0.00000000000
 evap (mm/day):   1.94159681050326     
 prec (mm/day):  4.659053836194093E-005
 ls (mm/day):  0.000000000000000E+000
 imbalance (mm/day)  4.963604156133012E-009
  imbalance (rel error):  3.135474967603234E-014
 ===========================
NSTEP =        225   NCYCLE=  2  CFL_adv= 0.295  CFL_sgs= 0.018
NSTEP =        226   NCYCLE=  2  CFL_adv= 0.295  CFL_sgs= 0.018
NSTEP =        227   NCYCLE=  2  CFL_adv= 0.296  CFL_sgs= 0.020
 Collecting statistics...
 name QCSTRG is missing in "lst" file.
NSTEP =        228   NCYCLE=  2  CFL_adv= 0.295  CFL_sgs= 0.021
 DAY =   7.916666666666666E-002
 NSTEP=         228
 div:  1.999601268443827E-016 -1.272230015253981E-016
 SST=   303.150000000000     
 surface pressure=   1014.80000000000     
 u:  -9.06594169805215        7.04292233792955     
 v:  -8.92355609336912        6.86743274440085     
 w:  -1.76367164666948        2.36402140553422     
 p:  -10.7741750141542        10.9171059527310     
 t:   301.635854934945        497.235932027599     
 tabs:   191.910796261791        301.643875075053     
 qv:  1.414662759942007E-006  2.010214480279771E-002
 tke:  0.000000000000000E+000   2.12781466496857     
 tk:  0.000000000000000E+000   36.4675769088838     
 tkh:  0.000000000000000E+000   36.4675769088838     
 qcl:  0.000000000000000E+000  0.000000000000000E+000
 qci:  0.000000000000000E+000  6.280424587570506E-004
 qpl:  0.000000000000000E+000  3.354565308930538E-007
 qpi:  0.000000000000000E+000  0.000000000000000E+000
 qrad(K/day):  -42.2452165135529        53.2676605562752     
 shf:   3.86088918797906        4.19712336820223     
 lhf:   54.3742054304231        59.8470196159664     
 uw: -1.921955235158102E-003  1.912669215013405E-003
 vw: -1.922632766540366E-003  1.913317568041564E-003
 sst:   303.150000000000        303.150000000000     
 ===========================
 total water budget:
 before (mm):         54.84262444586
 after (mm):          54.84329705172
 evaporation (mm):     0.00067262291
 precipitation (mm):   0.00000001705
 large-scale (mm):     0.00000000000
 Imbalance (mm)       0.00000000000
 evap (mm/day):   1.93715396892127     
 prec (mm/day):  4.910005662916473E-005
 ls (mm/day):  0.000000000000000E+000
 imbalance (mm/day)  2.482303024582639E-009
  imbalance (rel error):  1.567660510014510E-014
 ===========================
 Let's do some shortwave
 Range of zenith angles  0.732661695834013       0.732661695834013     
 Range of surface albedo (asdir)  3.383449086658900E-002  3.383449086658900E-002
 Range of surface albedo (aldir)  3.383449086658900E-002  3.383449086658900E-002
 Range of surface albedo (asdif)  6.000000000000000E-002  6.000000000000000E-002
 Range of surface albedo (aldif)  6.000000000000000E-002  6.000000000000000E-002
 radiation: perpetual sun, solin=   310.282740980856     
 longwave radiation is called
NSTEP =        229   NCYCLE=  2  CFL_adv= 0.295  CFL_sgs= 0.026
NSTEP =        230   NCYCLE=  2  CFL_adv= 0.296  CFL_sgs= 0.025
NSTEP =        231   NCYCLE=  2  CFL_adv= 0.299  CFL_sgs= 0.024
 Collecting statistics...
 name QCSTRG is missing in "lst" file.
NSTEP =        232   NCYCLE=  2  CFL_adv= 0.298  CFL_sgs= 0.024
 DAY =   8.055555555555556E-002
 NSTEP=         232
 div:  2.953411774812203E-016 -2.145122327520629E-016
 SST=   303.150000000000     
 surface pressure=   1014.80000000000     
 u:  -9.87143439470936        7.45978863214239     
 v:  -8.82710314908251        7.46617988875943     
 w:  -1.84960961081696        2.19582168024319     
 p:  -10.9988481115636        11.1320848605836     
 t:   301.635968887316        497.234963384369     
 tabs:   191.925237287392        301.647859434454     
 qv:  1.414820905425671E-006  2.012145119910497E-002
 tke:  0.000000000000000E+000   1.62872685633112     
 tk:  0.000000000000000E+000   31.9053958635048     
 tkh:  0.000000000000000E+000   31.9053958635048     
 qcl:  0.000000000000000E+000  0.000000000000000E+000
 qci:  0.000000000000000E+000  6.142432030217454E-004
 qpl:  0.000000000000000E+000  3.568172903820309E-007
 qpi:  0.000000000000000E+000  0.000000000000000E+000
 qrad(K/day):  -40.1102859463413        48.6654576799142     
 shf:   3.84430161389868        4.22617146744874     
 lhf:   54.1818440970905        60.4960036904806     
 uw: -1.909035508277972E-003  1.868124960751575E-003
 vw: -1.910602792829190E-003  1.903334060837949E-003
 sst:   303.150000000000        303.150000000000     
 ===========================
 total water budget:
 before (mm):         54.84531258069
 after (mm):          54.84598366520
 evaporation (mm):     0.00067110235
 precipitation (mm):   0.00000001784
 large-scale (mm):     0.00000000000
 Imbalance (mm)       0.00000000000
 evap (mm/day):   1.93277476427980     
 prec (mm/day):  5.137034278694370E-005
 ls (mm/day):  0.000000000000000E+000
 imbalance (mm/day)  8.275547619238800E-009
  imbalance (rel error):  5.233915887066241E-014
 ===========================
NSTEP =        233   NCYCLE=  2  CFL_adv= 0.300  CFL_sgs= 0.023
NSTEP =        234   NCYCLE=  2  CFL_adv= 0.301  CFL_sgs= 0.022
 Let's do some shortwave
 Range of zenith angles  0.732661695834013       0.732661695834013     
 Range of surface albedo (asdir)  3.383449086658900E-002  3.383449086658900E-002
 Range of surface albedo (aldir)  3.383449086658900E-002  3.383449086658900E-002
 Range of surface albedo (asdif)  6.000000000000000E-002  6.000000000000000E-002
 Range of surface albedo (aldif)  6.000000000000000E-002  6.000000000000000E-002
 radiation: perpetual sun, solin=   310.282740987849     
 longwave radiation is called
NSTEP =        235   NCYCLE=  2  CFL_adv= 0.308  CFL_sgs= 0.022
 Collecting statistics...
 name QCSTRG is missing in "lst" file.
NSTEP =        236   NCYCLE=  2  CFL_adv= 0.313  CFL_sgs= 0.020
 DAY =   8.194444444444444E-002
 NSTEP=         236
 div:  2.138209687166622E-016 -1.557306458781074E-016
 SST=   303.150000000000     
 surface pressure=   1014.80000000000     
 u:  -8.71301706196983        7.71550818093088     
 v:  -9.50526269693771        7.56402495969936     
 w:  -1.79783866769106        2.19535355350780     
 p:  -10.7177988678514        11.4850091595312     
 t:   301.636135290577        497.233031291169     
 tabs:   191.891834127119        301.651965393920     
 qv:  1.414980450717375E-006  2.015698425453129E-002
 tke:  0.000000000000000E+000   1.25376542509982     
 tk:  0.000000000000000E+000   27.9929167949213     
 tkh:  0.000000000000000E+000   27.9929167949213     
 qcl:  0.000000000000000E+000  0.000000000000000E+000
 qci:  0.000000000000000E+000  6.157221841138809E-004
 qpl:  0.000000000000000E+000  3.815753216973749E-007
 qpi:  0.000000000000000E+000  0.000000000000000E+000
 qrad(K/day):  -38.7748261741940        46.5113222665535     
 shf:   3.82694819621890        4.27885942425223     
 lhf:   53.8491959624048        61.3303018546468     
 uw: -2.292299672905201E-003  2.139367856034622E-003
 vw: -2.284425395358359E-003  2.158081746426969E-003
 sst:   303.150000000000        303.150000000000     
 ===========================
 total water budget:
 before (mm):         54.84799464832
 after (mm):          54.84866421689
 evaporation (mm):     0.00066958712
 precipitation (mm):   0.00000001855
 large-scale (mm):     0.00000000000
 Imbalance (mm)       0.00000000000
 evap (mm/day):   1.92841090306981     
 prec (mm/day):  5.341021600086815E-005
 ls (mm/day):  0.000000000000000E+000
 imbalance (mm/day)  1.161493996260096E-008
  imbalance (rel error):  7.358215184890908E-014
 ===========================
NSTEP =        237   NCYCLE=  2  CFL_adv= 0.314  CFL_sgs= 0.020
NSTEP =        238   NCYCLE=  2  CFL_adv= 0.311  CFL_sgs= 0.020
NSTEP =        239   NCYCLE=  2  CFL_adv= 0.310  CFL_sgs= 0.021
 Collecting statistics...
 name QCSTRG is missing in "lst" file.
 Writting statistics:nstatsteps=          15
 --------------- ISCCP Simulator Diagnostics: -----------------
 ISCCP PDF:
            0.0       0.3       1.3       3.6       9.4      23.0      60.0
    0.     0.024     0.027     0.044     0.025     0.012     0.003     0.000
  180.     0.000     0.000     0.000     0.000     0.000     0.000     0.000
  310.     0.000     0.000     0.000     0.000     0.000     0.000     0.000
  440.     0.000     0.000     0.000     0.000     0.000     0.000     0.000
  560.     0.000     0.000     0.000     0.000     0.000     0.000     0.000
  680.     0.000     0.000     0.000     0.000     0.000     0.000     0.000
  800.     0.000     0.000     0.000     0.000     0.000     0.000     0.000
 low cld area (tau > 0.3)=  0.000000000000000E+000
 mid cld area (tau > 0.3)=  0.000000000000000E+000
 hgh cld area (tau > 0.3)=  0.110936449719714     
 total cld area (tau > 0.3)=  0.110936449719714     
 mean albedo cld (tau > 0.3)   0.293381145260500     
 mean tau cld (tau > 0.3)    3.19935891825286     
 mean top pressure (tau > 0.3)   130.992086991404     
 mean brightness temp (tau > 0.3)   250.967441152460     
 mean clearsky brightness temp (tau > 0.3)   297.343937246950     
 --------------- MODIS Simulator Diagnostics: -----------------
 MODIS PDF:
                      0.3       1.3       3.6       9.4      23.0      60.0
    0.               0.027     0.044     0.025     0.012     0.003     0.000
  180.               0.000     0.000     0.000     0.000     0.000     0.000
  310.               0.000     0.000     0.000     0.000     0.000     0.000
  440.               0.000     0.000     0.000     0.000     0.000     0.000
  560.               0.000     0.000     0.000     0.000     0.000     0.000
  680.               0.000     0.000     0.000     0.000     0.000     0.000
  800.               0.000     0.000     0.000     0.000     0.000     0.000
 low cld area =  0.000000000000000E+000
 mid cld area =  0.000000000000000E+000
 hgh cld area =  0.110936449719714     
 total cld area =  0.110936449719714     
 mean tau cld    4.79311927372352     
 mean top pressure    145.101890158175     
 total cld area (liquid) =  0.000000000000000E+000
 total cld area (ice) =  0.110936449719714     
 mean tau (liquid) =  -1.00000000000000     
 mean tau (ice) =   4.79311927372352     
 mean lwp (g/m2) =  -1.00000000000000     
 mean iwp (g/m2) =   78.7527940734661     
 mean reff (liquid)  =  -1.00000000000000     
 mean reff (ice)  =   29.6373419463400     
 --------------- MISR Simulator Diagnostics: -----------------
 MISR PDF:
            0.0       0.3       1.3       3.6       9.4      23.0      60.0
 99.00     0.000     0.000     0.000     0.000     0.000     0.000     0.000
 17.00     0.000     0.000     0.000     0.000     0.000     0.000     0.000
 15.00     0.000     0.012     0.044     0.025     0.012     0.003     0.000
 13.00     0.000     0.009     0.000     0.000     0.000     0.000     0.000
 11.00     0.000     0.000     0.000     0.000     0.000     0.000     0.000
  9.00     0.000     0.000     0.000     0.000     0.000     0.000     0.000
  7.00     0.000     0.000     0.000     0.000     0.000     0.000     0.000
  5.00     0.000     0.000     0.000     0.000     0.000     0.000     0.000
  4.00     0.000     0.000     0.000     0.000     0.000     0.000     0.000
  3.00     0.000     0.000     0.000     0.000     0.000     0.000     0.000
  2.50     0.000     0.000     0.000     0.000     0.000     0.000     0.000
  2.00     0.000     0.000     0.000     0.000     0.000     0.000     0.000
  1.50     0.000     0.000     0.000     0.000     0.000     0.000     0.000
  1.00     0.000     0.000     0.000     0.000     0.000     0.000     0.000
  0.50     0.000     0.000     0.000     0.000     0.000     0.000     0.000
  0.00     0.004     0.006     0.000     0.000     0.000     0.000     0.000
 total cld area =  0.105129450017756     
 mean top height (m)   14111.4801093927     
 Writting history file 
 iso_cld_P3_256x256x128_Nc0_1600                                                
  
 Writting 2D data. file:./OUT_2D/iso_cld_iso_cld_P3_256x256x128_Nc0_1600_64.2Dbi
 n                                                               
 Writting 3D data. file:./OUT_3D/iso_cld_iso_cld_P3_256x256x128_Nc0_1600_64_0000
 000240.bin3D                                                    
NSTEP =        240   NCYCLE=  2  CFL_adv= 0.307  CFL_sgs= 0.021
 DAY =   8.333333333333333E-002
 NSTEP=         240
 div:  1.843406087221141E-016 -1.438334408171640E-016
 SST=   303.150000000000     
 surface pressure=   1014.80000000000     
 u:  -9.61876852020098        7.89755213266152     
 v:  -9.58847747973057        7.19922477745383     
 w:  -1.84647159059261        1.99245895343419     
 p:  -11.3025640243976        12.0463749452927     
 t:   301.636514431169        497.231472282717     
 tabs:   191.902854249935        301.656513732401     
 qv:  1.415031581512105E-006  2.019177162045897E-002
 tke:  0.000000000000000E+000   1.19731395906398     
 tk:  0.000000000000000E+000   26.6423269729352     
 tkh:  0.000000000000000E+000   26.6423269729352     
 qcl:  0.000000000000000E+000  0.000000000000000E+000
 qci:  0.000000000000000E+000  6.143680111737474E-004
 qpl:  0.000000000000000E+000  4.209051337320869E-007
 qpi:  0.000000000000000E+000  0.000000000000000E+000
 qrad(K/day):  -38.7748261741940        46.5113222665535     
 shf:   3.81331958992088        4.33172700361234     
 lhf:   53.5162375172377        62.3889793183875     
 uw: -2.722700791014623E-003  2.505183855854535E-003
 vw: -2.707368104690440E-003  2.522744788702636E-003
 sst:   303.150000000000        303.150000000000     
 ===========================
 total water budget:
 before (mm):         54.85067062377
 after (mm):          54.85133865139
 evaporation (mm):     0.00066804688
 precipitation (mm):   0.00000001926
 large-scale (mm):     0.00000000000
 Imbalance (mm)       0.00000000000
 evap (mm/day):   1.92397500821389     
 prec (mm/day):  5.546723223985241E-005
 ls (mm/day):  0.000000000000000E+000
 imbalance (mm/day)  8.285684732117196E-009
  imbalance (rel error):  5.233404914171229E-014
 ===========================
CPU TIME =      70.4049 OVER     0.50 MODEL HOURS
 Let's do some shortwave
 Range of zenith angles  0.732661695834013       0.732661695834013     
 Range of surface albedo (asdir)  3.383449086658900E-002  3.383449086658900E-002
 Range of surface albedo (aldir)  3.383449086658900E-002  3.383449086658900E-002
 Range of surface albedo (asdif)  6.000000000000000E-002  6.000000000000000E-002
 Range of surface albedo (aldif)  6.000000000000000E-002  6.000000000000000E-002
 radiation: perpetual sun, solin=   310.282740994835     
 longwave radiation is called
NSTEP =        241   NCYCLE=  2  CFL_adv= 0.316  CFL_sgs= 0.019
NSTEP =        242   NCYCLE=  2  CFL_adv= 0.302  CFL_sgs= 0.019
NSTEP =        243   NCYCLE=  2  CFL_adv= 0.303  CFL_sgs= 0.019
 Collecting statistics...
 name QCSTRG is missing in "lst" file.
NSTEP =        244   NCYCLE=  2  CFL_adv= 0.300  CFL_sgs= 0.018
 DAY =   8.472222222222223E-002
 NSTEP=         244
 div:  2.079800625756588E-016 -1.571999083379803E-016
 SST=   303.150000000000     
 surface pressure=   1014.80000000000     
 u:  -8.97264929022240        7.50171276398316     
 v:  -9.47354607494970        7.41586692679221     
 w:  -1.88729185182518        2.07668873149154     
 p:  -11.8883082103313        12.1521177566019     
 t:   301.636494848129        497.231856142659     
 tabs:   191.937668346915        301.661391664911     
 qv:  1.415039074874454E-006  2.021846963008600E-002
 tke:  0.000000000000000E+000   1.58435780238408     
 tk:  0.000000000000000E+000   25.8566572569360     
 tkh:  0.000000000000000E+000   25.8566572569360     
 qcl:  0.000000000000000E+000  0.000000000000000E+000
 qci:  0.000000000000000E+000  6.136030500888789E-004
 qpl:  0.000000000000000E+000  4.391681356016306E-007
 qpi:  0.000000000000000E+000  0.000000000000000E+000
 qrad(K/day):  -36.6638086259147        46.0810368653663     
 shf:   3.79808400892610        4.37743290762563     
 lhf:   53.2501086874577        63.6781075829979     
 uw: -2.946823847257312E-003  2.930104246048379E-003
 vw: -2.926030285324603E-003  2.965870487973207E-003
 sst:   303.150000000000        303.150000000000     
 ===========================
 total water budget:
 before (mm):         54.85334036248
 after (mm):          54.85400679956
 evaporation (mm):     0.00066645698
 precipitation (mm):   0.00000001991
 large-scale (mm):     0.00000000000
 Imbalance (mm)       0.00000000000
 evap (mm/day):   1.91939610893847     
 prec (mm/day):  5.734121824231616E-005
 ls (mm/day):  0.000000000000000E+000
 imbalance (mm/day)  1.156681618605177E-008
  imbalance (rel error):  7.318638493837594E-014
 ===========================
NSTEP =        245   NCYCLE=  2  CFL_adv= 0.322  CFL_sgs= 0.019
NSTEP =        246   NCYCLE=  2  CFL_adv= 0.306  CFL_sgs= 0.019
 Let's do some shortwave
 Range of zenith angles  0.732661695834013       0.732661695834013     
 Range of surface albedo (asdir)  3.383449086658900E-002  3.383449086658900E-002
 Range of surface albedo (aldir)  3.383449086658900E-002  3.383449086658900E-002
 Range of surface albedo (asdif)  6.000000000000000E-002  6.000000000000000E-002
 Range of surface albedo (aldif)  6.000000000000000E-002  6.000000000000000E-002
 radiation: perpetual sun, solin=   310.282741001586     
 longwave radiation is called
NSTEP =        247   NCYCLE=  2  CFL_adv= 0.307  CFL_sgs= 0.023
 Collecting statistics...
 name QCSTRG is missing in "lst" file.
NSTEP =        248   NCYCLE=  2  CFL_adv= 0.310  CFL_sgs= 0.023
 DAY =   8.611111111111111E-002
 NSTEP=         248
 div:  1.950241231702701E-016 -1.807839627902074E-016
 SST=   303.150000000000     
 surface pressure=   1014.80000000000     
 u:  -10.2735759975456        7.50103985470517     
 v:  -9.65039427883811        7.81656118191777     
 w:  -1.76808632584889        2.06708577489738     
 p:  -11.4145390140881        11.4239464304286     
 t:   301.636553121661        497.231809146619     
 tabs:   191.912866678270        301.666375561882     
 qv:  1.415039851190091E-006  2.023196459380794E-002
 tke:  0.000000000000000E+000   1.79949018143192     
 tk:  0.000000000000000E+000   31.9740248126873     
 tkh:  0.000000000000000E+000   31.9740248126873     
 qcl:  0.000000000000000E+000  0.000000000000000E+000
 qci:  0.000000000000000E+000  6.154891977910068E-004
 qpl:  0.000000000000000E+000  4.425723254609436E-007
 qpi:  0.000000000000000E+000  0.000000000000000E+000
 qrad(K/day):  -38.2827272806860        44.7984049978218     
 shf:   3.78030964886153        4.41351077684341     
 lhf:   53.1021853455802        65.1551576061434     
 uw: -3.094029825087753E-003  3.313336632920025E-003
 vw: -3.072918747660003E-003  3.381463736677680E-003
 sst:   303.150000000000        303.150000000000     
 ===========================
 total water budget:
 before (mm):         54.85600371422
 after (mm):          54.85666856096
 evaporation (mm):     0.00066486719
 precipitation (mm):   0.00000002045
 large-scale (mm):     0.00000000000
 Imbalance (mm)       0.00000000001
 evap (mm/day):   1.91481749985716     
 prec (mm/day):  5.889376282095487E-005
 ls (mm/day):  0.000000000000000E+000
 imbalance (mm/day)  1.986346529451986E-008
  imbalance (rel error):  1.256413252513475E-013
 ===========================
NSTEP =        249   NCYCLE=  2  CFL_adv= 0.327  CFL_sgs= 0.023
NSTEP =        250   NCYCLE=  2  CFL_adv= 0.308  CFL_sgs= 0.023
NSTEP =        251   NCYCLE=  2  CFL_adv= 0.301  CFL_sgs= 0.022
 Collecting statistics...
 name QCSTRG is missing in "lst" file.
NSTEP =        252   NCYCLE=  2  CFL_adv= 0.300  CFL_sgs= 0.021
 DAY =   8.749999999999999E-002
 NSTEP=         252
 div:  2.186051771159961E-016 -1.522874540268346E-016
 SST=   303.150000000000     
 surface pressure=   1014.80000000000     
 u:  -10.0012024216262        7.02504971894145     
 v:  -9.79290606594788        7.15453526075322     
 w:  -1.75466033772935        1.79542646540581     
 p:  -10.9158321651688        11.9569988498997     
 t:   301.637332462370        497.233914917133     
 tabs:   191.956010724837        301.670626625283     
 qv:  1.415126209399760E-006  2.022670384307930E-002
 tke:  0.000000000000000E+000   1.56850476418783     
 tk:  0.000000000000000E+000   28.7329527745323     
 tkh:  0.000000000000000E+000   28.7329527745323     
 qcl:  0.000000000000000E+000  0.000000000000000E+000
 qci:  0.000000000000000E+000  6.181341442226411E-004
 qpl:  0.000000000000000E+000  4.521562144195112E-007
 qpi:  0.000000000000000E+000  0.000000000000000E+000
 qrad(K/day):  -38.2827272806860        44.7984049978218     
 shf:   3.76505254288844        4.43891170248790     
 lhf:   53.1249457650070        66.7378072158722     
 uw: -3.358447943241864E-003  3.570280011036807E-003
 vw: -3.366305996725324E-003  3.671561298063459E-003
 sst:   303.150000000000        303.150000000000     
 ===========================
 total water budget:
 before (mm):         54.85866075967
 after (mm):          54.85932405348
 evaporation (mm):     0.00066331468
 precipitation (mm):   0.00000002088
 large-scale (mm):     0.00000000000
 Imbalance (mm)       0.00000000001
 evap (mm/day):   1.91034628204068     
 prec (mm/day):  6.013962906396172E-005
 ls (mm/day):  0.000000000000000E+000
 imbalance (mm/day)  2.815710390576762E-008
  imbalance (rel error):  1.782207165828092E-013
 ===========================
 Let's do some shortwave
 Range of zenith angles  0.732661695834013       0.732661695834013     
 Range of surface albedo (asdir)  3.383449086658900E-002  3.383449086658900E-002
 Range of surface albedo (aldir)  3.383449086658900E-002  3.383449086658900E-002
 Range of surface albedo (asdif)  6.000000000000000E-002  6.000000000000000E-002
 Range of surface albedo (aldif)  6.000000000000000E-002  6.000000000000000E-002
 radiation: perpetual sun, solin=   310.282741008159     
 longwave radiation is called
NSTEP =        253   NCYCLE=  2  CFL_adv= 0.321  CFL_sgs= 0.021
NSTEP =        254   NCYCLE=  2  CFL_adv= 0.294  CFL_sgs= 0.021
NSTEP =        255   NCYCLE=  2  CFL_adv= 0.288  CFL_sgs= 0.021
 Collecting statistics...
 name QCSTRG is missing in "lst" file.
NSTEP =        256   NCYCLE=  2  CFL_adv= 0.288  CFL_sgs= 0.021
 DAY =   8.888888888888889E-002
 NSTEP=         256
 div:  1.605742125818410E-016 -1.382427479661530E-016
 SST=   303.150000000000     
 surface pressure=   1014.80000000000     
 u:  -9.49711144539315        7.49260846830178     
 v:  -9.44226195013927        7.01712997892262     
 w:  -1.51441717852287        1.87387173375897     
 p:  -10.9404418334171        13.0760831800420     
 t:   301.637625385349        497.234659361687     
 tabs:   191.975109193351        301.675954790122     
 qv:  1.415505265980523E-006  2.021962649530614E-002
 tke:  0.000000000000000E+000   2.26436090803943     
 tk:  0.000000000000000E+000   30.4621767988005     
 tkh:  0.000000000000000E+000   30.4621767988005     
 qcl:  0.000000000000000E+000  0.000000000000000E+000
 qci:  0.000000000000000E+000  6.227767789792436E-004
 qpl:  0.000000000000000E+000  4.826544256949549E-007
 qpi:  0.000000000000000E+000  0.000000000000000E+000
 qrad(K/day):  -39.0349528238659        42.2935952376676     
 shf:   3.74616231596825        4.45392680430675     
 lhf:   53.2572654737276        68.7088014836339     
 uw: -3.719939374373483E-003  3.705199355875399E-003
 vw: -3.712511135734228E-003  3.821368709490561E-003
 sst:   303.150000000000        303.150000000000     
 ===========================
 total water budget:
 before (mm):         54.86131165424
 after (mm):          54.86197343671
 evaporation (mm):     0.00066180367
 precipitation (mm):   0.00000002122
 large-scale (mm):     0.00000000000
 Imbalance (mm)       0.00000000001
 evap (mm/day):   1.90599457481508     
 prec (mm/day):  6.110814573985139E-005
 ls (mm/day):  0.000000000000000E+000
 imbalance (mm/day)  2.070887090626178E-008
  imbalance (rel error):  1.310687901919562E-013
 ===========================
NSTEP =        257   NCYCLE=  2  CFL_adv= 0.298  CFL_sgs= 0.022
NSTEP =        258   NCYCLE=  2  CFL_adv= 0.287  CFL_sgs= 0.023
 Let's do some shortwave
 Range of zenith angles  0.732661695834013       0.732661695834013     
 Range of surface albedo (asdir)  3.383449086658900E-002  3.383449086658900E-002
 Range of surface albedo (aldir)  3.383449086658900E-002  3.383449086658900E-002
 Range of surface albedo (asdif)  6.000000000000000E-002  6.000000000000000E-002
 Range of surface albedo (aldif)  6.000000000000000E-002  6.000000000000000E-002
 radiation: perpetual sun, solin=   310.282741013268     
 longwave radiation is called
NSTEP =        259   NCYCLE=  2  CFL_adv= 0.292  CFL_sgs= 0.024
 Collecting statistics...
 name QCSTRG is missing in "lst" file.
NSTEP =        260   NCYCLE=  2  CFL_adv= 0.293  CFL_sgs= 0.024
 DAY =   9.027777777777778E-002
 NSTEP=         260
 div:  2.374550997600116E-016 -1.883287613519958E-016
 SST=   303.150000000000     
 surface pressure=   1014.80000000000     
 u:  -9.90011361871563        7.60387814625641     
 v:  -8.91520940344013        7.18721738363503     
 w:  -1.65870158683363        1.88280729525934     
 p:  -10.2034976627847        13.3454459018183     
 t:   301.637983791645        497.231610712620     
 tabs:   191.977687789326        301.681361659591     
 qv:  1.415956221996175E-006  2.023873257499247E-002
 tke:  0.000000000000000E+000   1.95519527157137     
 tk:  0.000000000000000E+000   31.9195830505301     
 tkh:  0.000000000000000E+000   31.9195830505301     
 qcl:  0.000000000000000E+000  0.000000000000000E+000
 qci:  0.000000000000000E+000  6.329286934554269E-004
 qpl:  0.000000000000000E+000  5.242555485801980E-007
 qpi:  0.000000000000000E+000  0.000000000000000E+000
 qrad(K/day):  -37.8432169274841        42.5968173861938     
 shf:   3.72677005032323        4.46091852343078     
 lhf:   52.9951676098538        70.1260744573381     
 uw: -3.974271491680499E-003  3.755468545955058E-003
 vw: -3.977030812908682E-003  3.856427376624987E-003
 sst:   303.150000000000        303.150000000000     
 ===========================
 total water budget:
 before (mm):         54.86395657040
 after (mm):          54.86461688717
 evaporation (mm):     0.00066033825
 precipitation (mm):   0.00000002149
 large-scale (mm):     0.00000000000
 Imbalance (mm)       0.00000000001
 evap (mm/day):   1.90177415333846     
 prec (mm/day):  6.189086455400402E-005
 ls (mm/day):  0.000000000000000E+000
 imbalance (mm/day)  3.069156996334518E-008
  imbalance (rel error):  1.942625619407783E-013
 ===========================
NSTEP =        261   NCYCLE=  2  CFL_adv= 0.311  CFL_sgs= 0.023
NSTEP =        262   NCYCLE=  2  CFL_adv= 0.287  CFL_sgs= 0.022
NSTEP =        263   NCYCLE=  2  CFL_adv= 0.289  CFL_sgs= 0.022
 Collecting statistics...
 name QCSTRG is missing in "lst" file.
NSTEP =        264   NCYCLE=  2  CFL_adv= 0.293  CFL_sgs= 0.023
 DAY =   9.166666666666666E-002
 NSTEP=         264
 div:  1.715456484579806E-016 -1.302665514271759E-016
 SST=   303.150000000000     
 surface pressure=   1014.80000000000     
 u:  -9.71331953728699        7.80434542670634     
 v:  -8.67478645033465        7.05497326170211     
 w:  -1.69238220114384        1.88537008011064     
 p:  -10.3214214602989        13.4897794945017     
 t:   301.638033329540        497.228486842102     
 tabs:   191.995845921681        301.686782165291     
 qv:  1.416096290311069E-006  2.027016695274807E-002
 tke:  0.000000000000000E+000   1.43163749350336     
 tk:  0.000000000000000E+000   28.2607078908921     
 tkh:  0.000000000000000E+000   28.2607078908921     
 qcl:  0.000000000000000E+000  0.000000000000000E+000
 qci:  0.000000000000000E+000  6.391793487851798E-004
 qpl:  0.000000000000000E+000  5.562703870641687E-007
 qpi:  0.000000000000000E+000  0.000000000000000E+000
 qrad(K/day):  -37.8432169274841        42.5968173861938     
 shf:   3.70744832041713        4.47790736194396     
 lhf:   52.6877423564830        70.9563107365219     
 uw: -4.336521495411495E-003  3.747129829142921E-003
 vw: -4.341383122696871E-003  3.806640637141792E-003
 sst:   303.150000000000        303.150000000000     
 ===========================
 total water budget:
 before (mm):         54.86659569737
 after (mm):          54.86725459793
 evaporation (mm):     0.00065892214
 precipitation (mm):   0.00000002160
 large-scale (mm):     0.00000000000
 Imbalance (mm)       0.00000000001
 evap (mm/day):   1.89769576164593     
 prec (mm/day):  6.219528321354261E-005
 ls (mm/day):  0.000000000000000E+000
 imbalance (mm/day)  2.899573574865637E-008
  imbalance (rel error):  1.835045445503446E-013
 ===========================
 Let's do some shortwave
 Range of zenith angles  0.732661695834013       0.732661695834013     
 Range of surface albedo (asdir)  3.383449086658900E-002  3.383449086658900E-002
 Range of surface albedo (aldir)  3.383449086658900E-002  3.383449086658900E-002
 Range of surface albedo (asdif)  6.000000000000000E-002  6.000000000000000E-002
 Range of surface albedo (aldif)  6.000000000000000E-002  6.000000000000000E-002
 radiation: perpetual sun, solin=   310.282741017354     
 longwave radiation is called
NSTEP =        265   NCYCLE=  2  CFL_adv= 0.313  CFL_sgs= 0.023
NSTEP =        266   NCYCLE=  2  CFL_adv= 0.288  CFL_sgs= 0.023
NSTEP =        267   NCYCLE=  2  CFL_adv= 0.290  CFL_sgs= 0.023
 Collecting statistics...
 name QCSTRG is missing in "lst" file.
NSTEP =        268   NCYCLE=  2  CFL_adv= 0.292  CFL_sgs= 0.023
 DAY =   9.305555555555556E-002
 NSTEP=         268
 div:  1.748473224558475E-016 -1.261716260852719E-016
 SST=   303.150000000000     
 surface pressure=   1014.80000000000     
 u:  -9.98841614614843        7.80935705953394     
 v:  -9.18370415232552        7.86496855952440     
 w:  -1.62688628174695        1.79602714796691     
 p:  -10.1108467702253        13.9148436636983     
 t:   301.637762375960        497.234613127893     
 tabs:   191.982742098185        301.691091250151     
 qv:  1.416342736408401E-006  2.029096877810790E-002
 tke:  0.000000000000000E+000   1.26741597095398     
 tk:  0.000000000000000E+000   24.2696675168581     
 tkh:  0.000000000000000E+000   24.2696675168581     
 qcl:  0.000000000000000E+000  0.000000000000000E+000
 qci:  0.000000000000000E+000  6.468462463731864E-004
 qpl:  0.000000000000000E+000  5.930930014654456E-007
 qpi:  0.000000000000000E+000  0.000000000000000E+000
 qrad(K/day):  -35.0338255642430        42.1111232146119     
 shf:   3.69151168474082        4.48227297299758     
 lhf:   52.4730206997933        71.3127546028223     
 uw: -4.661744941605941E-003  3.986918685385379E-003
 vw: -4.670475682532210E-003  3.980898856942884E-003
 sst:   303.150000000000        303.150000000000     
 ===========================
 total water budget:
 before (mm):         54.86922923501
 after (mm):          54.86988676954
 evaporation (mm):     0.00065755615
 precipitation (mm):   0.00000002162
 large-scale (mm):     0.00000000000
 Imbalance (mm)       0.00000000001
 evap (mm/day):   1.89376170041971     
 prec (mm/day):  6.226976873007606E-005
 ls (mm/day):  0.000000000000000E+000
 imbalance (mm/day)  2.071961473892896E-008
  imbalance (rel error):  1.310498874563804E-013
 ===========================
NSTEP =        269   NCYCLE=  2  CFL_adv= 0.311  CFL_sgs= 0.022
NSTEP =        270   NCYCLE=  2  CFL_adv= 0.289  CFL_sgs= 0.023
 Let's do some shortwave
 Range of zenith angles  0.732661695834013       0.732661695834013     
 Range of surface albedo (asdir)  3.383449086658900E-002  3.383449086658900E-002
 Range of surface albedo (aldir)  3.383449086658900E-002  3.383449086658900E-002
 Range of surface albedo (asdif)  6.000000000000000E-002  6.000000000000000E-002
 Range of surface albedo (aldif)  6.000000000000000E-002  6.000000000000000E-002
 radiation: perpetual sun, solin=   310.282741021799     
 longwave radiation is called
NSTEP =        271   NCYCLE=  2  CFL_adv= 0.281  CFL_sgs= 0.023
 Collecting statistics...
 name QCSTRG is missing in "lst" file.
NSTEP =        272   NCYCLE=  2  CFL_adv= 0.269  CFL_sgs= 0.023
 DAY =   9.444444444444444E-002
 NSTEP=         272
 div:  1.544234651374800E-016 -1.231878463658140E-016
 SST=   303.150000000000     
 surface pressure=   1014.80000000000     
 u:  -9.09453286180357        8.39083450141749     
 v:  -8.81437008299582        7.61386338053933     
 w:  -1.66248187505212        1.55577180761573     
 p:  -9.79766804908853        13.5124457174751     
 t:   301.636974804154        497.234835648659     
 tabs:   191.985087618845        301.693118408024     
 qv:  1.416854641089607E-006  2.031129471025287E-002
 tke:  0.000000000000000E+000   1.13717867965404     
 tk:  0.000000000000000E+000   26.6596450610989     
 tkh:  0.000000000000000E+000   26.6596450610989     
 qcl:  0.000000000000000E+000  0.000000000000000E+000
 qci:  0.000000000000000E+000  6.593492450827053E-004
 qpl:  0.000000000000000E+000  6.244913487221874E-007
 qpi:  0.000000000000000E+000  0.000000000000000E+000
 qrad(K/day):  -33.4359773040191        41.8476001910938     
 shf:   3.68344677469672        4.48414150454285     
 lhf:   52.3821675563704        71.7803988651621     
 uw: -4.881244551377869E-003  4.169464000432625E-003
 vw: -4.896002841511686E-003  4.213646259723230E-003
 sst:   303.150000000000        303.150000000000     
 ===========================
 total water budget:
 before (mm):         54.87185738429
 after (mm):          54.87251360421
 evaporation (mm):     0.00065624163
 precipitation (mm):   0.00000002172
 large-scale (mm):     0.00000000000
 Imbalance (mm)       0.00000000000
 evap (mm/day):   1.88997589379696     
 prec (mm/day):  6.255517151321403E-005
 ls (mm/day):  0.000000000000000E+000
 imbalance (mm/day)  1.408112671091278E-008
  imbalance (rel error):  8.908893908688273E-014
 ===========================
NSTEP =        273   NCYCLE=  2  CFL_adv= 0.284  CFL_sgs= 0.023
NSTEP =        274   NCYCLE=  2  CFL_adv= 0.263  CFL_sgs= 0.023
NSTEP =        275   NCYCLE=  2  CFL_adv= 0.268  CFL_sgs= 0.023
 Collecting statistics...
 name QCSTRG is missing in "lst" file.
NSTEP =        276   NCYCLE=  2  CFL_adv= 0.276  CFL_sgs= 0.023
 DAY =   9.583333333333334E-002
 NSTEP=         276
 div:  1.534855706901833E-016 -1.262212141218606E-016
 SST=   303.150000000000     
 surface pressure=   1014.80000000000     
 u:  -10.3324158887679        7.81118842801142     
 v:  -8.66753333898914        7.44972950075800     
 w:  -1.65327494168052        1.40943249413649     
 p:  -9.37376377202616        12.3296588376370     
 t:   301.635594924621        497.230170865412     
 tabs:   191.980645290187        301.692203362180     
 qv:  1.417458775706002E-006  2.034164635934942E-002
 tke:  0.000000000000000E+000  0.987438346660843     
 tk:  0.000000000000000E+000   23.9172625694587     
 tkh:  0.000000000000000E+000   23.9172625694587     
 qcl:  0.000000000000000E+000  0.000000000000000E+000
 qci:  0.000000000000000E+000  6.729970648529705E-004
 qpl:  0.000000000000000E+000  6.702689008941259E-007
 qpi:  0.000000000000000E+000  0.000000000000000E+000
 qrad(K/day):  -33.4359773040191        41.8476001910938     
 shf:   3.68553322243416        4.47317163638012     
 lhf:   52.0861829177271        71.9906634948673     
 uw: -5.081916716183485E-003  4.275387679086152E-003
 vw: -5.021370455392679E-003  4.377835783842477E-003
 sst:   303.150000000000        303.150000000000     
 ===========================
 total water budget:
 before (mm):         54.87448035799
 after (mm):          54.87513531915
 evaporation (mm):     0.00065498318
 precipitation (mm):   0.00000002202
 large-scale (mm):     0.00000000000
 Imbalance (mm)       0.00000000000
 evap (mm/day):   1.88635156121922     
 prec (mm/day):  6.343155359211025E-005
 ls (mm/day):  0.000000000000000E+000
 imbalance (mm/day)  6.618208416714852E-009
  imbalance (rel error):  4.182318682509778E-014
 ===========================
 Let's do some shortwave
 Range of zenith angles  0.732661695834013       0.732661695834013     
 Range of surface albedo (asdir)  3.383449086658900E-002  3.383449086658900E-002
 Range of surface albedo (aldir)  3.383449086658900E-002  3.383449086658900E-002
 Range of surface albedo (asdif)  6.000000000000000E-002  6.000000000000000E-002
 Range of surface albedo (aldif)  6.000000000000000E-002  6.000000000000000E-002
 radiation: perpetual sun, solin=   310.282741025149     
 longwave radiation is called
NSTEP =        277   NCYCLE=  2  CFL_adv= 0.291  CFL_sgs= 0.023
NSTEP =        278   NCYCLE=  2  CFL_adv= 0.280  CFL_sgs= 0.023
NSTEP =        279   NCYCLE=  2  CFL_adv= 0.275  CFL_sgs= 0.023
 Collecting statistics...
 name QCSTRG is missing in "lst" file.
NSTEP =        280   NCYCLE=  2  CFL_adv= 0.268  CFL_sgs= 0.023
 DAY =   9.722222222222222E-002
 NSTEP=         280
 div:  1.413203503153638E-016 -1.296464544679438E-016
 SST=   303.150000000000     
 surface pressure=   1014.80000000000     
 u:  -9.40140756039728        7.95959564994374     
 v:  -8.95542453797372        7.23185423175291     
 w:  -1.77707825825206        1.57676326274989     
 p:  -8.78496445876485        10.8049457891569     
 t:   301.634280319194        497.223023157681     
 tabs:   191.937300505925        301.687887648217     
 qv:  1.418180161884469E-006  2.036203611556445E-002
 tke:  0.000000000000000E+000   2.00226558858928     
 tk:  0.000000000000000E+000   31.8335539785322     
 tkh:  0.000000000000000E+000   31.8335539785322     
 qcl:  0.000000000000000E+000  0.000000000000000E+000
 qci:  0.000000000000000E+000  6.813958446125339E-004
 qpl:  0.000000000000000E+000  7.368146750590277E-007
 qpi:  0.000000000000000E+000  0.000000000000000E+000
 qrad(K/day):  -32.8896155700514        41.9684074668587     
 shf:   3.70088397060362        4.48328106371675     
 lhf:   51.8791148772937        72.2763827762032     
 uw: -5.246696346410861E-003  4.416142789885212E-003
 vw: -5.171696018509427E-003  4.494459877820568E-003
 sst:   303.150000000000        303.150000000000     
 ===========================
 total water budget:
 before (mm):         54.87709838650
 after (mm):          54.87775215024
 evaporation (mm):     0.00065378616
 precipitation (mm):   0.00000002242
 large-scale (mm):     0.00000000000
 Imbalance (mm)       0.00000000000
 evap (mm/day):   1.88290413699601     
 prec (mm/day):  6.456006489001475E-005
 ls (mm/day):  0.000000000000000E+000
 imbalance (mm/day)  4.124456706266531E-009
  imbalance (rel error):  2.615442998295385E-014
 ===========================
NSTEP =        281   NCYCLE=  2  CFL_adv= 0.271  CFL_sgs= 0.023
NSTEP =        282   NCYCLE=  2  CFL_adv= 0.276  CFL_sgs= 0.026
 Let's do some shortwave
 Range of zenith angles  0.732661695834013       0.732661695834013     
 Range of surface albedo (asdir)  3.383449086658900E-002  3.383449086658900E-002
 Range of surface albedo (aldir)  3.383449086658900E-002  3.383449086658900E-002
 Range of surface albedo (asdif)  6.000000000000000E-002  6.000000000000000E-002
 Range of surface albedo (aldif)  6.000000000000000E-002  6.000000000000000E-002
 radiation: perpetual sun, solin=   310.282741025758     
 longwave radiation is called
NSTEP =        283   NCYCLE=  2  CFL_adv= 0.281  CFL_sgs= 0.024
 Collecting statistics...
 name QCSTRG is missing in "lst" file.
NSTEP =        284   NCYCLE=  2  CFL_adv= 0.282  CFL_sgs= 0.023
 DAY =   9.861111111111111E-002
 NSTEP=         284
 div:  1.251947474949482E-016 -1.162363084867438E-016
 SST=   303.150000000000     
 surface pressure=   1014.80000000000     
 u:  -10.3314310284415        8.43776180370608     
 v:  -9.09819012603603        7.30718961431277     
 w:  -1.79582284059248        1.54565804620383     
 p:  -8.70504596937368        9.44296342217255     
 t:   301.633105476904        497.216221875657     
 tabs:   191.935038692302        301.690702235197     
 qv:  1.419106301990662E-006  2.037052258776935E-002
 tke:  0.000000000000000E+000   1.39407150736601     
 tk:  0.000000000000000E+000   29.5177013350253     
 tkh:  0.000000000000000E+000   29.5177013350253     
 qcl:  0.000000000000000E+000  0.000000000000000E+000
 qci:  0.000000000000000E+000  6.833502159517566E-004
 qpl:  0.000000000000000E+000  7.929999224685346E-007
 qpi:  0.000000000000000E+000  0.000000000000000E+000
 qrad(K/day):  -31.8142286193375        43.9180697865574     
 shf:   3.68991591132721        4.50113107548334     
 lhf:   51.7825438066642        72.3092426099522     
 uw: -5.229824194775761E-003  4.543575886319212E-003
 vw: -5.208633833289542E-003  4.544818512219665E-003
 sst:   303.150000000000        303.150000000000     
 ===========================
 total water budget:
 before (mm):         54.87971171966
 after (mm):          54.88036434859
 evaporation (mm):     0.00065265179
 precipitation (mm):   0.00000002286
 large-scale (mm):     0.00000000000
 Imbalance (mm)       0.00000000000
 evap (mm/day):   1.87963714864640     
 prec (mm/day):  6.583415281423415E-005
 ls (mm/day):  0.000000000000000E+000
 imbalance (mm/day)  1.650804479152321E-009
  imbalance (rel error):  1.048716827588697E-014
 ===========================
NSTEP =        285   NCYCLE=  2  CFL_adv= 0.287  CFL_sgs= 0.023
NSTEP =        286   NCYCLE=  2  CFL_adv= 0.293  CFL_sgs= 0.024
NSTEP =        287   NCYCLE=  2  CFL_adv= 0.295  CFL_sgs= 0.024
 Collecting statistics...
 name QCSTRG is missing in "lst" file.
NSTEP =        288   NCYCLE=  2  CFL_adv= 0.293  CFL_sgs= 0.024
 DAY =   0.100000000000000     
 NSTEP=         288
 div:  1.257417909486650E-016 -1.005704944735362E-016
 SST=   303.150000000000     
 surface pressure=   1014.80000000000     
 u:  -9.28953741847746        7.98739165230881     
 v:  -8.61422055585860        7.51879115026012     
 w:  -1.73797053511408        1.60854155339981     
 p:  -8.44898858611344        8.41056377606264     
 t:   301.632102991202        497.214247728570     
 tabs:   191.937487152889        301.690542474447     
 qv:  1.420076654476536E-006  2.036580261832774E-002
 tke:  0.000000000000000E+000   1.15334988875075     
 tk:  0.000000000000000E+000   22.9050181657727     
 tkh:  0.000000000000000E+000   22.9050181657727     
 qcl:  0.000000000000000E+000  0.000000000000000E+000
 qci:  0.000000000000000E+000  6.876830495738249E-004
 qpl:  0.000000000000000E+000  8.167198390821190E-007
 qpi:  0.000000000000000E+000  0.000000000000000E+000
 qrad(K/day):  -31.8142286193375        43.9180697865574     
 shf:   3.68918577218912        4.50471364621390     
 lhf:   51.8124171023526        72.3710150050876     
 uw: -5.131938929424272E-003  4.656988529283024E-003
 vw: -5.167476958337203E-003  4.726124905419387E-003
 sst:   303.150000000000        303.150000000000     
 ===========================
 total water budget:
 before (mm):         54.88232060784
 after (mm):          54.88297216478
 evaporation (mm):     0.00065158046
 precipitation (mm):   0.00000002351
 large-scale (mm):     0.00000000000
 Imbalance (mm)       0.00000000000
 evap (mm/day):   1.87655171948496     
 prec (mm/day):  6.771150998162369E-005
 ls (mm/day):  0.000000000000000E+000
 imbalance (mm/day)  3.329479344243011E-009
  imbalance (rel error):  2.110280499772401E-014
 ===========================
 Let's do some shortwave
 Range of zenith angles  0.732661695834013       0.732661695834013     
 Range of surface albedo (asdir)  3.383449086658900E-002  3.383449086658900E-002
 Range of surface albedo (aldir)  3.383449086658900E-002  3.383449086658900E-002
 Range of surface albedo (asdif)  6.000000000000000E-002  6.000000000000000E-002
 Range of surface albedo (aldif)  6.000000000000000E-002  6.000000000000000E-002
 radiation: perpetual sun, solin=   310.282741025303     
 longwave radiation is called
NSTEP =        289   NCYCLE=  2  CFL_adv= 0.288  CFL_sgs= 0.024
NSTEP =        290   NCYCLE=  2  CFL_adv= 0.282  CFL_sgs= 0.025
NSTEP =        291   NCYCLE=  2  CFL_adv= 0.281  CFL_sgs= 0.025
 Collecting statistics...
 name QCSTRG is missing in "lst" file.
NSTEP =        292   NCYCLE=  2  CFL_adv= 0.276  CFL_sgs= 0.025
 DAY =   0.101388888888889     
 NSTEP=         292
 div:  1.250755373125101E-016 -1.085031519769280E-016
 SST=   303.150000000000     
 surface pressure=   1014.80000000000     
 u:  -9.18772516788897        7.65749629290275     
 v:  -8.18110776479564        7.32804601661492     
 w:  -1.75612806214123        1.53910652004675     
 p:  -8.01374646458589        7.47285296096057     
 t:   301.631212815856        497.214971413665     
 tabs:   191.943542125910        301.686033198581     
 qv:  1.421169810236494E-006  2.036453442704992E-002
 tke:  0.000000000000000E+000   1.01281807178486     
 tk:  0.000000000000000E+000   25.1597157151176     
 tkh:  0.000000000000000E+000   25.1597157151176     
 qcl:  0.000000000000000E+000  0.000000000000000E+000
 qci:  0.000000000000000E+000  6.969027436586330E-004
 qpl:  0.000000000000000E+000  8.475989869900343E-007
 qpi:  0.000000000000000E+000  0.000000000000000E+000
 qrad(K/day):  -32.9518718690928        41.8032250743343     
 shf:   3.70322596275504        4.51387463806211     
 lhf:   51.8311827666070        72.6083529779580     
 uw: -5.026625058360580E-003  4.929506668628320E-003
 vw: -5.119682116452322E-003  5.026252677429285E-003
 sst:   303.150000000000        303.150000000000     
 ===========================
 total water budget:
 before (mm):         54.88492529988
 after (mm):          54.88557584560
 evaporation (mm):     0.00065057021
 precipitation (mm):   0.00000002449
 large-scale (mm):     0.00000000000
 Imbalance (mm)       0.00000000000
 evap (mm/day):   1.87364221613759     
 prec (mm/day):  7.053211321861625E-005
 ls (mm/day):  0.000000000000000E+000
 imbalance (mm/day)  8.318094882625463E-009
  imbalance (rel error):  5.268978032914816E-014
 ===========================
NSTEP =        293   NCYCLE=  2  CFL_adv= 0.276  CFL_sgs= 0.025
NSTEP =        294   NCYCLE=  2  CFL_adv= 0.265  CFL_sgs= 0.025
 Let's do some shortwave
 Range of zenith angles  0.732661695834013       0.732661695834013     
 Range of surface albedo (asdir)  3.383449086658900E-002  3.383449086658900E-002
 Range of surface albedo (aldir)  3.383449086658900E-002  3.383449086658900E-002
 Range of surface albedo (asdif)  6.000000000000000E-002  6.000000000000000E-002
 Range of surface albedo (aldif)  6.000000000000000E-002  6.000000000000000E-002
 radiation: perpetual sun, solin=   310.282741025444     
 longwave radiation is called
NSTEP =        295   NCYCLE=  2  CFL_adv= 0.263  CFL_sgs= 0.025
 Collecting statistics...
 name QCSTRG is missing in "lst" file.
NSTEP =        296   NCYCLE=  2  CFL_adv= 0.257  CFL_sgs= 0.024
 DAY =   0.102777777777778     
 NSTEP=         296
 div:  1.165862820435703E-016 -9.037631787152419E-017
 SST=   303.150000000000     
 surface pressure=   1014.80000000000     
 u:  -9.02748341494928        8.29669161851398     
 v:  -8.12896155546892        7.26688366000245     
 w:  -1.59938964552470        1.49194111386724     
 p:  -7.46619301410630        8.53836399593728     
 t:   301.630406902703        497.214326326766     
 tabs:   191.949767164231        301.682840037336     
 qv:  1.421950703685101E-006  2.037520214936892E-002
 tke:  0.000000000000000E+000  0.860274303838864     
 tk:  0.000000000000000E+000   22.1684327429529     
 tkh:  0.000000000000000E+000   22.1684327429529     
 qcl:  0.000000000000000E+000  0.000000000000000E+000
 qci:  0.000000000000000E+000  7.093810734474918E-004
 qpl:  0.000000000000000E+000  9.338425978706849E-007
 qpi:  0.000000000000000E+000  0.000000000000000E+000
 qrad(K/day):  -32.6545886016897        43.4836931486470     
 shf:   3.71998991542342        4.52695245245417     
 lhf:   51.8271841577692        73.0228950445215     
 uw: -4.940073913982235E-003  5.038496949235086E-003
 vw: -5.272415127063982E-003  5.124332029823392E-003
 sst:   303.150000000000        303.150000000000     
 ===========================
 total water budget:
 before (mm):         54.88752603540
 after (mm):          54.88817562725
 evaporation (mm):     0.00064961771
 precipitation (mm):   0.00000002586
 large-scale (mm):     0.00000000000
 Imbalance (mm)       0.00000000000
 evap (mm/day):   1.87089900580670     
 prec (mm/day):  7.447726758668416E-005
 ls (mm/day):  0.000000000000000E+000
 imbalance (mm/day)  1.159395934002340E-008
  imbalance (rel error):  7.327027795045524E-014
 ===========================
NSTEP =        297   NCYCLE=  2  CFL_adv= 0.268  CFL_sgs= 0.024
NSTEP =        298   NCYCLE=  2  CFL_adv= 0.276  CFL_sgs= 0.024
NSTEP =        299   NCYCLE=  2  CFL_adv= 0.278  CFL_sgs= 0.024
 Collecting statistics...
 name QCSTRG is missing in "lst" file.
 Writting statistics:nstatsteps=          15
 --------------- ISCCP Simulator Diagnostics: -----------------
 ISCCP PDF:
            0.0       0.3       1.3       3.6       9.4      23.0      60.0
    0.     0.030     0.040     0.052     0.024     0.011     0.002     0.000
  180.     0.000     0.000     0.000     0.000     0.001     0.000     0.000
  310.     0.000     0.000     0.000     0.000     0.000     0.000     0.000
  440.     0.000     0.000     0.000     0.000     0.000     0.000     0.000
  560.     0.000     0.000     0.000     0.000     0.000     0.000     0.000
  680.     0.000     0.000     0.000     0.000     0.000     0.000     0.000
  800.     0.000     0.000     0.000     0.000     0.000     0.000     0.000
 low cld area (tau > 0.3)=  0.000000000000000E+000
 mid cld area (tau > 0.3)=  0.000000000000000E+000
 hgh cld area (tau > 0.3)=  0.128852081298828     
 total cld area (tau > 0.3)=  0.128852081298828     
 mean albedo cld (tau > 0.3)   0.263335284048730     
 mean tau cld (tau > 0.3)    2.70662792369685     
 mean top pressure (tau > 0.3)   131.520204104147     
 mean brightness temp (tau > 0.3)   253.570245541598     
 mean clearsky brightness temp (tau > 0.3)   297.327166566878     
 --------------- MODIS Simulator Diagnostics: -----------------
 MODIS PDF:
                      0.3       1.3       3.6       9.4      23.0      60.0
    0.               0.040     0.052     0.024     0.012     0.002     0.000
  180.               0.000     0.000     0.000     0.000     0.000     0.000
  310.               0.000     0.000     0.000     0.000     0.000     0.000
  440.               0.000     0.000     0.000     0.000     0.000     0.000
  560.               0.000     0.000     0.000     0.000     0.000     0.000
  680.               0.000     0.000     0.000     0.000     0.000     0.000
  800.               0.000     0.000     0.000     0.000     0.000     0.000
 low cld area =  0.000000000000000E+000
 mid cld area =  0.000000000000000E+000
 hgh cld area =  0.128852081298828     
 total cld area =  0.128852081298828     
 mean tau cld    3.83214390252914     
 mean top pressure    146.779810949463     
 total cld area (liquid) =  0.000000000000000E+000
 total cld area (ice) =  0.128852081298828     
 mean tau (liquid) =  -1.00000000000000     
 mean tau (ice) =   3.83214390252914     
 mean lwp (g/m2) =  -1.00000000000000     
 mean iwp (g/m2) =   64.7768708559233     
 mean reff (liquid)  =  -1.00000000000000     
 mean reff (ice)  =   30.0811575244187     
 --------------- MISR Simulator Diagnostics: -----------------
 MISR PDF:
            0.0       0.3       1.3       3.6       9.4      23.0      60.0
 99.00     0.000     0.000     0.000     0.000     0.000     0.000     0.000
 17.00     0.000     0.000     0.000     0.000     0.000     0.000     0.000
 15.00     0.000     0.016     0.052     0.024     0.012     0.002     0.000
 13.00     0.000     0.016     0.000     0.000     0.000     0.000     0.000
 11.00     0.000     0.000     0.000     0.000     0.000     0.000     0.000
  9.00     0.000     0.000     0.000     0.000     0.000     0.000     0.000
  7.00     0.000     0.000     0.000     0.000     0.000     0.000     0.000
  5.00     0.000     0.000     0.000     0.000     0.000     0.000     0.000
  4.00     0.000     0.000     0.000     0.000     0.000     0.000     0.000
  3.00     0.000     0.000     0.000     0.000     0.000     0.000     0.000
  2.50     0.000     0.000     0.000     0.000     0.000     0.000     0.000
  2.00     0.000     0.000     0.000     0.000     0.000     0.000     0.000
  1.50     0.000     0.000     0.000     0.000     0.000     0.000     0.000
  1.00     0.000     0.000     0.000     0.000     0.000     0.000     0.000
  0.50     0.000     0.000     0.000     0.000     0.000     0.000     0.000
  0.00     0.006     0.009     0.000     0.000     0.000     0.000     0.000
 total cld area =  0.120753987630208     
 mean top height (m)   13884.4875880477     
 Writting history file 
 iso_cld_P3_256x256x128_Nc0_1600                                                
  
 Writting 2D data. file:./OUT_2D/iso_cld_iso_cld_P3_256x256x128_Nc0_1600_64.2Dbi
 n                                                               
NSTEP =        300   NCYCLE=  2  CFL_adv= 0.274  CFL_sgs= 0.024
 DAY =   0.104166666666667     
 NSTEP=         300
 div:  9.471567122536387E-017 -1.082641554642789E-016
 SST=   303.150000000000     
 surface pressure=   1014.80000000000     
 u:  -8.59180177171007        8.12860233685404     
 v:  -7.55568157877789        7.19918764851063     
 w:  -1.52543527188303        1.35108726604811     
 p:  -6.83861122629226        9.35403723327804     
 t:   301.629604061488        497.212976779055     
 tabs:   191.952630392102        301.681135214460     
 qv:  1.422362471550725E-006  2.038730893180331E-002
 tke:  0.000000000000000E+000  0.795105982347788     
 tk:  0.000000000000000E+000   22.2921788743803     
 tkh:  0.000000000000000E+000   22.2921788743803     
 qcl:  0.000000000000000E+000  0.000000000000000E+000
 qci:  0.000000000000000E+000  7.224211507439514E-004
 qpl:  0.000000000000000E+000  1.047815009400750E-006
 qpi:  0.000000000000000E+000  0.000000000000000E+000
 qrad(K/day):  -32.6545886016897        43.4836931486470     
 shf:   3.72454433479221        4.53761431311537     
 lhf:   51.6929390548782        73.5299444981776     
 uw: -5.358186892586836E-003  5.276984230677736E-003
 vw: -5.447825536032217E-003  5.277642673726864E-003
 sst:   303.150000000000        303.150000000000     
 ===========================
 total water budget:
 before (mm):         54.89012303160
 after (mm):          54.89077171891
 evaporation (mm):     0.00064871494
 precipitation (mm):   0.00000002763
 large-scale (mm):     0.00000000000
 Imbalance (mm)       0.00000000000
 evap (mm/day):   1.86829902527503     
 prec (mm/day):  7.957108744360130E-005
 ls (mm/day):  0.000000000000000E+000
 imbalance (mm/day)  1.159916617599097E-008
  imbalance (rel error):  7.339625925447935E-014
 ===========================
CPU TIME =      70.3401 OVER     0.50 MODEL HOURS
 Let's do some shortwave
 Range of zenith angles  0.732661695834013       0.732661695834013     
 Range of surface albedo (asdir)  3.383449086658900E-002  3.383449086658900E-002
 Range of surface albedo (aldir)  3.383449086658900E-002  3.383449086658900E-002
 Range of surface albedo (asdif)  6.000000000000000E-002  6.000000000000000E-002
 Range of surface albedo (aldif)  6.000000000000000E-002  6.000000000000000E-002
 radiation: perpetual sun, solin=   310.282741025299     
 longwave radiation is called
NSTEP =        301   NCYCLE=  2  CFL_adv= 0.265  CFL_sgs= 0.024
NSTEP =        302   NCYCLE=  2  CFL_adv= 0.255  CFL_sgs= 0.024
NSTEP =        303   NCYCLE=  2  CFL_adv= 0.249  CFL_sgs= 0.024
 Collecting statistics...
 name QCSTRG is missing in "lst" file.
NSTEP =        304   NCYCLE=  2  CFL_adv= 0.245  CFL_sgs= 0.024
 DAY =   0.105555555555556     
 NSTEP=         304
 div:  9.839423196618885E-017 -9.434270792053705E-017
 SST=   303.150000000000     
 surface pressure=   1014.80000000000     
 u:  -8.56432495709294        7.54679504030150     
 v:  -8.14325534368363        8.12459471682353     
 w:  -1.58861371994206        1.36401665934079     
 p:  -7.09968418512441        9.67996106308069     
 t:   301.628535979265        497.211734410954     
 tabs:   191.939957446517        301.682057544931     
 qv:  1.422769454381400E-006  2.040289080752175E-002
 tke:  0.000000000000000E+000  0.962516929127015     
 tk:  0.000000000000000E+000   21.8180997569840     
 tkh:  0.000000000000000E+000   21.8180997569840     
 qcl:  0.000000000000000E+000  0.000000000000000E+000
 qci:  0.000000000000000E+000  7.306613881220414E-004
 qpl:  0.000000000000000E+000  1.157247385999566E-006
 qpi:  0.000000000000000E+000  0.000000000000000E+000
 qrad(K/day):  -29.7239365227196        41.6683929291828     
 shf:   3.71548622223710        4.52413993285462     
 lhf:   51.5309069982730        73.7683795855949     
 uw: -5.723636202028739E-003  5.646672644992390E-003
 vw: -5.379657609878350E-003  5.650458521855618E-003
 sst:   303.150000000000        303.150000000000     
 ===========================
 total water budget:
 before (mm):         54.89271647525
 after (mm):          54.89336430043
 evaporation (mm):     0.00064785478
 precipitation (mm):   0.00000002960
 large-scale (mm):     0.00000000000
 Imbalance (mm)       0.00000000000
 evap (mm/day):   1.86582177143617     
 prec (mm/day):  8.525035512676329E-005
 ls (mm/day):  0.000000000000000E+000
 imbalance (mm/day)  7.457905869234540E-009
  imbalance (rel error):  4.724580135643141E-014
 ===========================
NSTEP =        305   NCYCLE=  2  CFL_adv= 0.250  CFL_sgs= 0.024
NSTEP =        306   NCYCLE=  2  CFL_adv= 0.253  CFL_sgs= 0.025
 Let's do some shortwave
 Range of zenith angles  0.732661695834013       0.732661695834013     
 Range of surface albedo (asdir)  3.383449086658900E-002  3.383449086658900E-002
 Range of surface albedo (aldir)  3.383449086658900E-002  3.383449086658900E-002
 Range of surface albedo (asdif)  6.000000000000000E-002  6.000000000000000E-002
 Range of surface albedo (aldif)  6.000000000000000E-002  6.000000000000000E-002
 radiation: perpetual sun, solin=   310.282741025108     
 longwave radiation is called
NSTEP =        307   NCYCLE=  2  CFL_adv= 0.254  CFL_sgs= 0.025
 Collecting statistics...
 name QCSTRG is missing in "lst" file.
NSTEP =        308   NCYCLE=  2  CFL_adv= 0.254  CFL_sgs= 0.026
 DAY =   0.106944444444444     
 NSTEP=         308
 div:  1.052474607720368E-016 -8.599319614591893E-017
 SST=   303.150000000000     
 surface pressure=   1014.80000000000     
 u:  -9.29748286852127        8.22454733569456     
 v:  -7.75293227434443        8.52465589775490     
 w:  -1.51023694779132        1.29077685488959     
 p:  -6.91882855938351        9.58374099688860     
 t:   301.627513459445        497.208673045014     
 tabs:   191.912813971378        301.684406055661     
 qv:  1.423328658913853E-006  2.040756557057153E-002
 tke:  0.000000000000000E+000   1.13995951895132     
 tk:  0.000000000000000E+000   26.1637920470022     
 tkh:  0.000000000000000E+000   26.1637920470022     
 qcl:  0.000000000000000E+000  0.000000000000000E+000
 qci:  0.000000000000000E+000  7.298183213620831E-004
 qpl:  0.000000000000000E+000  1.194726451808525E-006
 qpi:  0.000000000000000E+000  0.000000000000000E+000
 qrad(K/day):  -28.5697494637824        38.3211824636462     
 shf:   3.70666340546222        4.53321979597816     
 lhf:   51.4650538813902        73.8673524618810     
 uw: -6.072641787293127E-003  5.933125431027889E-003
 vw: -5.348164877602149E-003  5.952881150783434E-003
 sst:   303.150000000000        303.150000000000     
 ===========================
 total water budget:
 before (mm):         54.89530652557
 after (mm):          54.89595352414
 evaporation (mm):     0.00064703032
 precipitation (mm):   0.00000003175
 large-scale (mm):     0.00000000000
 Imbalance (mm)       0.00000000000
 evap (mm/day):   1.86344731977016     
 prec (mm/day):  9.144752186133479E-005
 ls (mm/day):  0.000000000000000E+000
 imbalance (mm/day)  1.157632626705839E-008
  imbalance (rel error):  7.325989669955021E-014
 ===========================
NSTEP =        309   NCYCLE=  2  CFL_adv= 0.253  CFL_sgs= 0.026
NSTEP =        310   NCYCLE=  2  CFL_adv= 0.250  CFL_sgs= 0.026
NSTEP =        311   NCYCLE=  2  CFL_adv= 0.252  CFL_sgs= 0.027
 Collecting statistics...
 name QCSTRG is missing in "lst" file.
NSTEP =        312   NCYCLE=  2  CFL_adv= 0.253  CFL_sgs= 0.027
 DAY =   0.108333333333333     
 NSTEP=         312
 div:  8.205863227972316E-017 -8.341242480630024E-017
 SST=   303.150000000000     
 surface pressure=   1014.80000000000     
 u:  -8.99670364716060        7.19029548261151     
 v:  -8.32418492288620        8.67479840782018     
 w:  -1.45742032338878        1.22628096798864     
 p:  -6.76430180375262        9.22773356281373     
 t:   301.626534201036        497.206674709777     
 tabs:   191.897306487474        301.685508440107     
 qv:  1.423919795516667E-006  2.042067624030828E-002
 tke:  0.000000000000000E+000   1.36585178879914     
 tk:  0.000000000000000E+000   29.2174154914404     
 tkh:  0.000000000000000E+000   29.2174154914404     
 qcl:  0.000000000000000E+000  0.000000000000000E+000
 qci:  0.000000000000000E+000  7.205207471495848E-004
 qpl:  0.000000000000000E+000  1.249403031953135E-006
 qpi:  0.000000000000000E+000  0.000000000000000E+000
 qrad(K/day):  -28.5697494637824        38.3211824636462     
 shf:   3.70288195493016        4.51847253978523     
 lhf:   51.4084258333190        73.8474370794554     
 uw: -6.382362037754837E-003  6.090384037429574E-003
 vw: -5.653952799377911E-003  6.147871022617987E-003
 sst:   303.150000000000        303.150000000000     
 ===========================
 total water budget:
 before (mm):         54.89789331485
 after (mm):          54.89853951490
 evaporation (mm):     0.00064623422
 precipitation (mm):   0.00000003417
 large-scale (mm):     0.00000000000
 Imbalance (mm)       0.00000000000
 evap (mm/day):   1.86115455041339     
 prec (mm/day):  9.842171528770595E-005
 ls (mm/day):  0.000000000000000E+000
 imbalance (mm/day)  9.979567145458434E-009
  imbalance (rel error):  6.316103454024071E-014
 ===========================
 Let's do some shortwave
 Range of zenith angles  0.732661695834013       0.732661695834013     
 Range of surface albedo (asdir)  3.383449086658900E-002  3.383449086658900E-002
 Range of surface albedo (aldir)  3.383449086658900E-002  3.383449086658900E-002
 Range of surface albedo (asdif)  6.000000000000000E-002  6.000000000000000E-002
 Range of surface albedo (aldif)  6.000000000000000E-002  6.000000000000000E-002
 radiation: perpetual sun, solin=   310.282741025993     
 longwave radiation is called
NSTEP =        313   NCYCLE=  2  CFL_adv= 0.254  CFL_sgs= 0.027
NSTEP =        314   NCYCLE=  2  CFL_adv= 0.254  CFL_sgs= 0.027
NSTEP =        315   NCYCLE=  2  CFL_adv= 0.256  CFL_sgs= 0.027
 Collecting statistics...
 name QCSTRG is missing in "lst" file.
NSTEP =        316   NCYCLE=  2  CFL_adv= 0.256  CFL_sgs= 0.027
 DAY =   0.109722222222222     
 NSTEP=         316
 div:  6.201108066185395E-017 -9.911785722566532E-017
 SST=   303.150000000000     
 surface pressure=   1014.80000000000     
 u:  -9.25123714510472        6.87983341024002     
 v:  -8.16982193391765        8.76914988092023     
 w:  -1.54701890264322        1.20340274886871     
 p:  -7.42259531101736        8.70479579055820     
 t:   301.625593980154        497.205050371344     
 tabs:   191.842015103704        301.684948850266     
 qv:  1.424441019447327E-006  2.043916675664804E-002
 tke:  0.000000000000000E+000   1.21853175935120     
 tk:  0.000000000000000E+000   27.5967815078950     
 tkh:  0.000000000000000E+000   27.5967815078950     
 qcl:  0.000000000000000E+000  0.000000000000000E+000
 qci:  0.000000000000000E+000  7.062431211861281E-004
 qpl:  0.000000000000000E+000  1.391176357057654E-006
 qpi:  0.000000000000000E+000  0.000000000000000E+000
 qrad(K/day):  -29.2123711726470        36.3223593605130     
 shf:   3.70525739513338        4.52861127572287     
 lhf:   51.2028772616501        74.1832973849195     
 uw: -6.517384835457791E-003  6.101376467665569E-003
 vw: -5.942924705745656E-003  6.242710600763111E-003
 sst:   303.150000000000        303.150000000000     
 ===========================
 total water budget:
 before (mm):         54.90047694398
 after (mm):          54.90112236789
 evaporation (mm):     0.00064546067
 precipitation (mm):   0.00000003676
 large-scale (mm):     0.00000000000
 Imbalance (mm)       0.00000000000
 evap (mm/day):   1.85892671854656     
 prec (mm/day):  1.058794074511827E-004
 ls (mm/day):  0.000000000000000E+000
 imbalance (mm/day)  5.763199552160056E-009
  imbalance (rel error):  3.636765518392749E-014
 ===========================
NSTEP =        317   NCYCLE=  2  CFL_adv= 0.253  CFL_sgs= 0.027
NSTEP =        318   NCYCLE=  2  CFL_adv= 0.253  CFL_sgs= 0.027
 Let's do some shortwave
 Range of zenith angles  0.732661695834013       0.732661695834013     
 Range of surface albedo (asdir)  3.383449086658900E-002  3.383449086658900E-002
 Range of surface albedo (aldir)  3.383449086658900E-002  3.383449086658900E-002
 Range of surface albedo (asdif)  6.000000000000000E-002  6.000000000000000E-002
 Range of surface albedo (aldif)  6.000000000000000E-002  6.000000000000000E-002
 radiation: perpetual sun, solin=   310.282741026469     
 longwave radiation is called
NSTEP =        319   NCYCLE=  2  CFL_adv= 0.253  CFL_sgs= 0.027
 Collecting statistics...
 name QCSTRG is missing in "lst" file.
NSTEP =        320   NCYCLE=  2  CFL_adv= 0.251  CFL_sgs= 0.029
 DAY =   0.111111111111111     
 NSTEP=         320
 div:  9.676983741730235E-017 -1.202252720701308E-016
 SST=   303.150000000000     
 surface pressure=   1014.80000000000     
 u:  -9.15281889874613        6.91585302440931     
 v:  -8.08884900195311        8.62435493139706     
 w:  -1.57561982469980        1.23035571183593     
 p:  -8.39627723770772        8.43825601556189     
 t:   301.624713413195        497.206918726407     
 tabs:   191.815921673721        301.682441723973     
 qv:  1.424867380062187E-006  2.043468060946385E-002
 tke:  0.000000000000000E+000   1.24352097290285     
 tk:  0.000000000000000E+000   27.8783178844112     
 tkh:  0.000000000000000E+000   27.8783178844112     
 qcl:  0.000000000000000E+000  0.000000000000000E+000
 qci:  0.000000000000000E+000  6.897791551378446E-004
 qpl:  0.000000000000000E+000  1.574537894955208E-006
 qpi:  0.000000000000000E+000  0.000000000000000E+000
 qrad(K/day):  -30.3817437371937        35.2637142645611     
 shf:   3.71398912403281        4.53627725659068     
 lhf:   51.2006022256657        74.2853843386673     
 uw: -6.351957960697326E-003  6.111846911333347E-003
 vw: -6.103055211625872E-003  6.247171436258485E-003
 sst:   303.150000000000        303.150000000000     
 ===========================
 total water budget:
 before (mm):         54.90305750315
 after (mm):          54.90370217421
 evaporation (mm):     0.00064471045
 precipitation (mm):   0.00000003940
 large-scale (mm):     0.00000000000
 Imbalance (mm)       0.00000000000
 evap (mm/day):   1.85676609216252     
 prec (mm/day):  1.134611488829185E-004
 ls (mm/day):  0.000000000000000E+000
 imbalance (mm/day)  1.160024746037741E-008
  imbalance (rel error):  7.337897358863654E-014
 ===========================
NSTEP =        321   NCYCLE=  2  CFL_adv= 0.258  CFL_sgs= 0.029
NSTEP =        322   NCYCLE=  2  CFL_adv= 0.254  CFL_sgs= 0.029
NSTEP =        323   NCYCLE=  2  CFL_adv= 0.253  CFL_sgs= 0.029
 Collecting statistics...
 name QCSTRG is missing in "lst" file.
NSTEP =        324   NCYCLE=  2  CFL_adv= 0.250  CFL_sgs= 0.029
 DAY =   0.112500000000000     
 NSTEP=         324
 div:  8.771722806570587E-017 -1.224794452097283E-016
 SST=   303.150000000000     
 surface pressure=   1014.80000000000     
 u:  -9.06701555575469        7.52922808234365     
 v:  -7.87844594785677        8.26484959629250     
 w:  -1.52353174195790        1.21020980471258     
 p:  -8.66824117064162        8.61721685483723     
 t:   301.623887595146        497.211215389737     
 tabs:   191.791037896784        301.680864710336     
 qv:  1.425206440863339E-006  2.043479540783282E-002
 tke:  0.000000000000000E+000   1.13859164489542     
 tk:  0.000000000000000E+000   26.6762024669862     
 tkh:  0.000000000000000E+000   26.6762024669862     
 qcl:  0.000000000000000E+000  0.000000000000000E+000
 qci:  0.000000000000000E+000  6.708806783675710E-004
 qpl:  0.000000000000000E+000  1.821084556082902E-006
 qpi:  0.000000000000000E+000  0.000000000000000E+000
 qrad(K/day):  -30.3817437371937        35.2637142645611     
 shf:   3.71702526119137        4.55250669731635     
 lhf:   51.2730660422527        74.3075510878830     
 uw: -5.932612094659322E-003  6.214120909781549E-003
 vw: -6.148266347882451E-003  6.201541276427746E-003
 sst:   303.150000000000        303.150000000000     
 ===========================
 total water budget:
 before (mm):         54.90563508452
 after (mm):          54.90627902536
 evaporation (mm):     0.00064398275
 precipitation (mm):   0.00000004191
 large-scale (mm):     0.00000000000
 Imbalance (mm)       0.00000000000
 evap (mm/day):   1.85467030627336     
 prec (mm/day):  1.206900016316094E-004
 ls (mm/day):  0.000000000000000E+000
 imbalance (mm/day)  1.076542754067597E-008
  imbalance (rel error):  6.806971545770959E-014
 ===========================
 Let's do some shortwave
 Range of zenith angles  0.732661695834013       0.732661695834013     
 Range of surface albedo (asdir)  3.383449086658900E-002  3.383449086658900E-002
 Range of surface albedo (aldir)  3.383449086658900E-002  3.383449086658900E-002
 Range of surface albedo (asdif)  6.000000000000000E-002  6.000000000000000E-002
 Range of surface albedo (aldif)  6.000000000000000E-002  6.000000000000000E-002
 radiation: perpetual sun, solin=   310.282741025482     
 longwave radiation is called
NSTEP =        325   NCYCLE=  2  CFL_adv= 0.254  CFL_sgs= 0.028
NSTEP =        326   NCYCLE=  2  CFL_adv= 0.245  CFL_sgs= 0.028
NSTEP =        327   NCYCLE=  2  CFL_adv= 0.243  CFL_sgs= 0.028
 Collecting statistics...
 name QCSTRG is missing in "lst" file.
NSTEP =        328   NCYCLE=  2  CFL_adv= 0.242  CFL_sgs= 0.028
 DAY =   0.113888888888889     
 NSTEP=         328
 div:  1.097680953719840E-016 -1.489459538967778E-016
 SST=   303.150000000000     
 surface pressure=   1014.80000000000     
 u:  -9.14958335735826        7.02578590775955     
 v:  -8.07521265126339        8.11247775653269     
 w:  -1.40783852502830        1.19159290985725     
 p:  -8.64381384229468        8.71283708485209     
 t:   301.623091638939        497.210807031775     
 tabs:   191.804220890633        301.677644889386     
 qv:  1.425478025550398E-006  2.045030005850026E-002
 tke:  0.000000000000000E+000   1.41980482648063     
 tk:  0.000000000000000E+000   23.0070567374236     
 tkh:  0.000000000000000E+000   23.0070567374236     
 qcl:  0.000000000000000E+000  0.000000000000000E+000
 qci:  0.000000000000000E+000  6.459871937862446E-004
 qpl:  0.000000000000000E+000  2.097223453016322E-006
 qpi:  0.000000000000000E+000  0.000000000000000E+000
 qrad(K/day):  -28.0016963311581        33.9563379182550     
 shf:   3.72899168742552        4.53460519378109     
 lhf:   51.1454367328647        74.4589685475440     
 uw: -5.874710449639099E-003  6.408018679091451E-003
 vw: -6.121694387917417E-003  6.487302236369842E-003
 sst:   303.150000000000        303.150000000000     
 ===========================
 total water budget:
 before (mm):         54.90820978711
 after (mm):          54.90885302836
 evaporation (mm):     0.00064328566
 precipitation (mm):   0.00000004442
 large-scale (mm):     0.00000000000
 Imbalance (mm)       0.00000000000
 evap (mm/day):   1.85266270383419     
 prec (mm/day):  1.279206816186835E-004
 ls (mm/day):  0.000000000000000E+000
 imbalance (mm/day)  9.940100050361919E-009
  imbalance (rel error):  6.276095890505807E-014
 ===========================
NSTEP =        329   NCYCLE=  2  CFL_adv= 0.243  CFL_sgs= 0.027
NSTEP =        330   NCYCLE=  2  CFL_adv= 0.245  CFL_sgs= 0.027
 Let's do some shortwave
 Range of zenith angles  0.732661695834013       0.732661695834013     
 Range of surface albedo (asdir)  3.383449086658900E-002  3.383449086658900E-002
 Range of surface albedo (aldir)  3.383449086658900E-002  3.383449086658900E-002
 Range of surface albedo (asdif)  6.000000000000000E-002  6.000000000000000E-002
 Range of surface albedo (aldif)  6.000000000000000E-002  6.000000000000000E-002
 radiation: perpetual sun, solin=   310.282741025052     
 longwave radiation is called
NSTEP =        331   NCYCLE=  2  CFL_adv= 0.247  CFL_sgs= 0.027
 Collecting statistics...
 name QCSTRG is missing in "lst" file.
NSTEP =        332   NCYCLE=  2  CFL_adv= 0.248  CFL_sgs= 0.026
 DAY =   0.115277777777778     
 NSTEP=         332
 div:  1.132215671851489E-016 -1.092623400246668E-016
 SST=   303.150000000000     
 surface pressure=   1014.80000000000     
 u:  -9.55004642336978        7.01422185718627     
 v:  -8.41692752736425        7.46627621963299     
 w:  -1.33429700679599        1.31479534496283     
 p:  -9.30897375105144        8.98232711182929     
 t:   301.622299660365        497.210320374191     
 tabs:   191.804742903997        301.670530730748     
 qv:  1.425698985735207E-006  2.046456798718451E-002
 tke:  0.000000000000000E+000   1.36867387661600     
 tk:  0.000000000000000E+000   26.2584873546414     
 tkh:  0.000000000000000E+000   26.2584873546414     
 qcl:  0.000000000000000E+000  0.000000000000000E+000
 qci:  0.000000000000000E+000  6.120852576042913E-004
 qpl:  0.000000000000000E+000  2.345435648825164E-006
 qpi:  0.000000000000000E+000  0.000000000000000E+000
 qrad(K/day):  -27.9793029749105        33.8830188921483     
 shf:   3.74948498716242        4.57223151887677     
 lhf:   50.9983067103115        75.7480172298041     
 uw: -6.472061495000766E-003  6.543351005592824E-003
 vw: -6.159928743538646E-003  6.673481441099272E-003
 sst:   303.150000000000        303.150000000000     
 ===========================
 total water budget:
 before (mm):         54.91078175020
 after (mm):          54.91142433366
 evaporation (mm):     0.00064263053
 precipitation (mm):   0.00000004707
 large-scale (mm):     0.00000000000
 Imbalance (mm)       0.00000000000
 evap (mm/day):   1.85077591657848     
 prec (mm/day):  1.355678251181868E-004
 ls (mm/day):  0.000000000000000E+000
 imbalance (mm/day)  7.996727046680255E-010
  imbalance (rel error):  5.046521198623791E-015
 ===========================
NSTEP =        333   NCYCLE=  2  CFL_adv= 0.246  CFL_sgs= 0.028
NSTEP =        334   NCYCLE=  2  CFL_adv= 0.248  CFL_sgs= 0.028
NSTEP =        335   NCYCLE=  2  CFL_adv= 0.249  CFL_sgs= 0.028
 Collecting statistics...
 name QCSTRG is missing in "lst" file.
NSTEP =        336   NCYCLE=  2  CFL_adv= 0.247  CFL_sgs= 0.027
 DAY =   0.116666666666667     
 NSTEP=         336
 div:  1.524004170126029E-016 -1.733044347461276E-016
 SST=   303.150000000000     
 surface pressure=   1014.80000000000     
 u:  -9.39297472146111        7.76943526428331     
 v:  -8.70430400253527        7.59912478890581     
 w:  -1.30754550459755        1.34698158936655     
 p:  -9.74577082814850        10.0082019789523     
 t:   301.621507601770        497.206102872547     
 tabs:   191.826369919863        301.671714080956     
 qv:  1.425781692925398E-006  2.047321250229589E-002
 tke:  0.000000000000000E+000  0.872695688692242     
 tk:  0.000000000000000E+000   23.3545457124015     
 tkh:  0.000000000000000E+000   23.3545457124015     
 qcl:  0.000000000000000E+000  0.000000000000000E+000
 qci:  0.000000000000000E+000  5.708822257154495E-004
 qpl:  0.000000000000000E+000  2.565572469498134E-006
 qpi:  0.000000000000000E+000  0.000000000000000E+000
 qrad(K/day):  -27.9793029749105        33.8830188921483     
 shf:   3.74460057721961        4.60206081016322     
 lhf:   50.9443022819076        76.9099325357488     
 uw: -7.010277657093263E-003  6.659337372541681E-003
 vw: -6.561104397963462E-003  6.731051679351698E-003
 sst:   303.150000000000        303.150000000000     
 ===========================
 total water budget:
 before (mm):         54.91335116007
 after (mm):          54.91399314048
 evaporation (mm):     0.00064203038
 precipitation (mm):   0.00000004997
 large-scale (mm):     0.00000000000
 Imbalance (mm)       0.00000000000
 evap (mm/day):   1.84904749602811     
 prec (mm/day):  1.439148702225424E-004
 ls (mm/day):  0.000000000000000E+000
 imbalance (mm/day)  1.653199203128323E-009
  imbalance (rel error):  1.035135411030667E-014
 ===========================
 Let's do some shortwave
 Range of zenith angles  0.732661695834013       0.732661695834013     
 Range of surface albedo (asdir)  3.383449086658900E-002  3.383449086658900E-002
 Range of surface albedo (aldir)  3.383449086658900E-002  3.383449086658900E-002
 Range of surface albedo (asdif)  6.000000000000000E-002  6.000000000000000E-002
 Range of surface albedo (aldif)  6.000000000000000E-002  6.000000000000000E-002
 radiation: perpetual sun, solin=   310.282741026382     
 longwave radiation is called
NSTEP =        337   NCYCLE=  2  CFL_adv= 0.245  CFL_sgs= 0.027
NSTEP =        338   NCYCLE=  2  CFL_adv= 0.248  CFL_sgs= 0.027
NSTEP =        339   NCYCLE=  2  CFL_adv= 0.250  CFL_sgs= 0.027
 Collecting statistics...
 name QCSTRG is missing in "lst" file.
NSTEP =        340   NCYCLE=  2  CFL_adv= 0.250  CFL_sgs= 0.027
 DAY =   0.118055555555556     
 NSTEP=         340
 div:  1.393975927003938E-016 -1.380340786759982E-016
 SST=   303.150000000000     
 surface pressure=   1014.80000000000     
 u:  -9.50431839588854        8.25110777669280     
 v:  -8.66502659379460        7.07092192766354     
 w:  -1.30721162033665        1.32867220789184     
 p:  -10.3274095821563        11.1534677396157     
 t:   301.620723877861        497.202227853192     
 tabs:   191.805440822046        301.671980769763     
 qv:  1.425973850210468E-006  2.049409824526610E-002
 tke:  0.000000000000000E+000   1.21667602390785     
 tk:  0.000000000000000E+000   27.5757595533179     
 tkh:  0.000000000000000E+000   27.5757595533179     
 qcl:  0.000000000000000E+000  0.000000000000000E+000
 qci:  0.000000000000000E+000  5.280313647625372E-004
 qpl:  0.000000000000000E+000  2.823472056945934E-006
 qpi:  0.000000000000000E+000  0.000000000000000E+000
 qrad(K/day):  -28.7823053488033        33.1114592074433     
 shf:   3.74378076441947        4.60063145284904     
 lhf:   50.7421160958057        77.8661524820820     
 uw: -7.460158799839033E-003  6.699955286170054E-003
 vw: -6.961982107176054E-003  6.728674880703466E-003
 sst:   303.150000000000        303.150000000000     
 ===========================
 total water budget:
 before (mm):         54.91591825677
 after (mm):          54.91655970311
 evaporation (mm):     0.00064149927
 precipitation (mm):   0.00000005294
 large-scale (mm):     0.00000000000
 Imbalance (mm)       0.00000000000
 evap (mm/day):   1.84751790349004     
 prec (mm/day):  1.524624561689888E-004
 ls (mm/day):  0.000000000000000E+000
 imbalance (mm/day)  3.282563254245826E-009
  imbalance (rel error):  2.083112654467746E-014
 ===========================
NSTEP =        341   NCYCLE=  2  CFL_adv= 0.257  CFL_sgs= 0.027
NSTEP =        342   NCYCLE=  2  CFL_adv= 0.246  CFL_sgs= 0.027
 Let's do some shortwave
 Range of zenith angles  0.732661695834013       0.732661695834013     
 Range of surface albedo (asdir)  3.383449086658900E-002  3.383449086658900E-002
 Range of surface albedo (aldir)  3.383449086658900E-002  3.383449086658900E-002
 Range of surface albedo (asdif)  6.000000000000000E-002  6.000000000000000E-002
 Range of surface albedo (aldif)  6.000000000000000E-002  6.000000000000000E-002
 radiation: perpetual sun, solin=   310.282741028636     
 longwave radiation is called
NSTEP =        343   NCYCLE=  2  CFL_adv= 0.245  CFL_sgs= 0.027
 Collecting statistics...
 name QCSTRG is missing in "lst" file.
NSTEP =        344   NCYCLE=  2  CFL_adv= 0.248  CFL_sgs= 0.026
 DAY =   0.119444444444444     
 NSTEP=         344
 div:  1.545460633033206E-016 -1.830055160464281E-016
 SST=   303.150000000000     
 surface pressure=   1014.80000000000     
 u:  -9.66748598734059        7.50017230697756     
 v:  -8.64053999023478        7.19788005942709     
 w:  -1.49662402111234        1.45268875809421     
 p:  -10.5446392585007        11.9981577096169     
 t:   301.619986371740        497.198730190812     
 tabs:   191.820224719937        301.674735206962     
 qv:  1.426353602558713E-006  2.050923779402252E-002
 tke:  0.000000000000000E+000  0.945603234491200     
 tk:  0.000000000000000E+000   24.3105331401226     
 tkh:  0.000000000000000E+000   24.3105331401226     
 qcl:  0.000000000000000E+000  0.000000000000000E+000
 qci:  0.000000000000000E+000  4.896042669711614E-004
 qpl:  0.000000000000000E+000  3.158711504981261E-006
 qpi:  0.000000000000000E+000  0.000000000000000E+000
 qrad(K/day):  -29.0562182773630        30.5455498696685     
 shf:   3.73364092882443        4.57402166230797     
 lhf:   50.5906134908698        78.1424884848895     
 uw: -7.785057814859869E-003  6.688730061627127E-003
 vw: -7.244404170415089E-003  6.678523384401586E-003
 sst:   303.150000000000        303.150000000000     
 ===========================
 total water budget:
 before (mm):         54.91848334238
 after (mm):          54.91912434308
 evaporation (mm):     0.00064105655
 precipitation (mm):   0.00000005585
 large-scale (mm):     0.00000000000
 Imbalance (mm)       0.00000000001
 evap (mm/day):   1.84624286031468     
 prec (mm/day):  1.608594274148466E-004
 ls (mm/day):  0.000000000000000E+000
 imbalance (mm/day)  1.574696029888002E-008
  imbalance (rel error):  9.949309467974411E-014
 ===========================
NSTEP =        345   NCYCLE=  2  CFL_adv= 0.266  CFL_sgs= 0.026
NSTEP =        346   NCYCLE=  2  CFL_adv= 0.250  CFL_sgs= 0.026
NSTEP =        347   NCYCLE=  2  CFL_adv= 0.252  CFL_sgs= 0.026
 Collecting statistics...
 name QCSTRG is missing in "lst" file.
NSTEP =        348   NCYCLE=  2  CFL_adv= 0.254  CFL_sgs= 0.025
 DAY =   0.120833333333333     
 NSTEP=         348
 div:  1.701926690961433E-016 -1.447708702523133E-016
 SST=   303.150000000000     
 surface pressure=   1014.80000000000     
 u:  -9.14541172031633        7.14834487754048     
 v:  -8.62842559014479        7.27641747182421     
 w:  -1.74642764434293        1.58218315748459     
 p:  -10.7593348660763        12.5826134932526     
 t:   301.619262161051        497.202319211088     
 tabs:   191.864214546015        301.676327221050     
 qv:  1.426859516949592E-006  2.051863644966514E-002
 tke:  0.000000000000000E+000  0.869515311012455     
 tk:  0.000000000000000E+000   23.3119512135468     
 tkh:  0.000000000000000E+000   23.3119512135468     
 qcl:  0.000000000000000E+000  0.000000000000000E+000
 qci:  0.000000000000000E+000  4.655065850676259E-004
 qpl:  0.000000000000000E+000  3.562754703485298E-006
 qpi:  0.000000000000000E+000  0.000000000000000E+000
 qrad(K/day):  -29.0562182773630        30.5455498696685     
 shf:   3.72745775792211        4.59292047838338     
 lhf:   50.5176546632834        77.9835435267179     
 uw: -7.982885625397689E-003  7.027261076058489E-003
 vw: -7.359033704586509E-003  6.526872735198495E-003
 sst:   303.150000000000        303.150000000000     
 ===========================
 total water budget:
 before (mm):         54.92104680899
 after (mm):          54.92168747953
 evaporation (mm):     0.00064072926
 precipitation (mm):   0.00000005872
 large-scale (mm):     0.00000000000
 Imbalance (mm)       0.00000000000
 evap (mm/day):   1.84530026833453     
 prec (mm/day):  1.691074142444297E-004
 ls (mm/day):  0.000000000000000E+000
 imbalance (mm/day)  9.957887137491792E-009
  imbalance (rel error):  6.300504012082976E-014
 ===========================
 Let's do some shortwave
 Range of zenith angles  0.732661695834013       0.732661695834013     
 Range of surface albedo (asdir)  3.383449086658900E-002  3.383449086658900E-002
 Range of surface albedo (aldir)  3.383449086658900E-002  3.383449086658900E-002
 Range of surface albedo (asdif)  6.000000000000000E-002  6.000000000000000E-002
 Range of surface albedo (aldif)  6.000000000000000E-002  6.000000000000000E-002
 radiation: perpetual sun, solin=   310.282741032017     
 longwave radiation is called
NSTEP =        349   NCYCLE=  2  CFL_adv= 0.264  CFL_sgs= 0.027
NSTEP =        350   NCYCLE=  2  CFL_adv= 0.253  CFL_sgs= 0.027
NSTEP =        351   NCYCLE=  2  CFL_adv= 0.256  CFL_sgs= 0.027
 Collecting statistics...
 name QCSTRG is missing in "lst" file.
NSTEP =        352   NCYCLE=  2  CFL_adv= 0.258  CFL_sgs= 0.027
 DAY =   0.122222222222222     
 NSTEP=         352
 div:  2.032179851848375E-016 -1.869609386235444E-016
 SST=   303.150000000000     
 surface pressure=   1014.80000000000     
 u:  -9.48455575670762        7.59164005027571     
 v:  -8.22614862353267        6.83342915961372     
 w:  -1.88543737675714        1.60936872447105     
 p:  -11.5608096744156        12.8034481132289     
 t:   301.618558855722        497.200510694938     
 tabs:   191.889856960129        301.677757385227     
 qv:  1.427419743648318E-006  2.052818731370326E-002
 tke:  0.000000000000000E+000   1.25146577463548     
 tk:  0.000000000000000E+000   23.2827301071711     
 tkh:  0.000000000000000E+000   23.2827301071711     
 qcl:  0.000000000000000E+000  0.000000000000000E+000
 qci:  0.000000000000000E+000  4.573585043025191E-004
 qpl:  0.000000000000000E+000  3.921805421592171E-006
 qpi:  0.000000000000000E+000  0.000000000000000E+000
 qrad(K/day):  -29.5969531907165        29.7869306476074     
 shf:   3.72843048831881        4.58606667319413     
 lhf:   50.4121491062484        79.2273828269379     
 uw: -8.072616947542731E-003  7.324542190339972E-003
 vw: -7.350006770510846E-003  6.614853021208653E-003
 sst:   303.150000000000        303.150000000000     
 ===========================
 total water budget:
 before (mm):         54.92360916564
 after (mm):          54.92424965312
 evaporation (mm):     0.00064054905
 precipitation (mm):   0.00000006158
 large-scale (mm):     0.00000000000
 Imbalance (mm)       0.00000000000
 evap (mm/day):   1.84478127188072     
 prec (mm/day):  1.773564032800577E-004
 ls (mm/day):  0.000000000000000E+000
 imbalance (mm/day)  4.980772203445538E-009
  imbalance (rel error):  3.156573437423875E-014
 ===========================
NSTEP =        353   NCYCLE=  2  CFL_adv= 0.275  CFL_sgs= 0.027
NSTEP =        354   NCYCLE=  2  CFL_adv= 0.257  CFL_sgs= 0.027
 Let's do some shortwave
 Range of zenith angles  0.732661695834013       0.732661695834013     
 Range of surface albedo (asdir)  3.383449086658900E-002  3.383449086658900E-002
 Range of surface albedo (aldir)  3.383449086658900E-002  3.383449086658900E-002
 Range of surface albedo (asdif)  6.000000000000000E-002  6.000000000000000E-002
 Range of surface albedo (aldif)  6.000000000000000E-002  6.000000000000000E-002
 radiation: perpetual sun, solin=   310.282741037094     
 longwave radiation is called
NSTEP =        355   NCYCLE=  2  CFL_adv= 0.254  CFL_sgs= 0.027
 Collecting statistics...
 name QCSTRG is missing in "lst" file.
NSTEP =        356   NCYCLE=  2  CFL_adv= 0.250  CFL_sgs= 0.027
 DAY =   0.123611111111111     
 NSTEP=         356
 div:  1.674354865696561E-016 -1.520525629116723E-016
 SST=   303.150000000000     
 surface pressure=   1014.80000000000     
 u:  -8.42502251403971        7.59563899445294     
 v:  -8.78405876074642        7.26474381179210     
 w:  -1.82213312024280        1.49221360238556     
 p:  -11.9027914631241        13.0379825826700     
 t:   301.617853072702        497.195531231660     
 tabs:   191.883835144557        301.680627854910     
 qv:  1.428141552478060E-006  2.053229339104426E-002
 tke:  0.000000000000000E+000  0.973365034705142     
 tk:  0.000000000000000E+000   23.1945259797452     
 tkh:  0.000000000000000E+000   23.1945259797452     
 qcl:  0.000000000000000E+000  0.000000000000000E+000
 qci:  0.000000000000000E+000  4.508264167416336E-004
 qpl:  0.000000000000000E+000  4.265753514688368E-006
 qpi:  0.000000000000000E+000  0.000000000000000E+000
 qrad(K/day):  -29.8120071588375        31.0489609773456     
 shf:   3.73722191151134        4.56705629901588     
 lhf:   50.4024645416685        79.0319740038953     
 uw: -8.047348273790120E-003  7.534052796732782E-003
 vw: -7.279321093679579E-003  6.897376172394483E-003
 sst:   303.150000000000        303.150000000000     
 ===========================
 total water budget:
 before (mm):         54.92617105291
 after (mm):          54.92681154088
 evaporation (mm):     0.00064055251
 precipitation (mm):   0.00000006454
 large-scale (mm):     0.00000000000
 Imbalance (mm)       0.00000000000
 evap (mm/day):   1.84479121607339     
 prec (mm/day):  1.858619841962438E-004
 ls (mm/day):  0.000000000000000E+000
 imbalance (mm/day)  1.667619052758168E-009
  imbalance (rel error):  1.060766184998138E-014
 ===========================
NSTEP =        357   NCYCLE=  2  CFL_adv= 0.264  CFL_sgs= 0.027
NSTEP =        358   NCYCLE=  2  CFL_adv= 0.245  CFL_sgs= 0.027
NSTEP =        359   NCYCLE=  2  CFL_adv= 0.244  CFL_sgs= 0.028
 Writting radiation restart file...
mv: cannot stat './RESTART/iso_cld_iso_cld_P3_256x256x128_Nc0_1600_64_restart_rad.bin': No such file or directory
 Saved radiation restart file. nstep=         360
 Collecting statistics...
 name QCSTRG is missing in "lst" file.
 Writting statistics:nstatsteps=          15
 --------------- ISCCP Simulator Diagnostics: -----------------
 ISCCP PDF:
            0.0       0.3       1.3       3.6       9.4      23.0      60.0
    0.     0.047     0.057     0.051     0.026     0.001     0.000     0.000
  180.     0.000     0.000     0.000     0.004     0.006     0.000     0.000
  310.     0.000     0.000     0.000     0.000     0.000     0.000     0.000
  440.     0.000     0.000     0.000     0.000     0.000     0.000     0.000
  560.     0.000     0.000     0.000     0.000     0.000     0.000     0.000
  680.     0.000     0.000     0.000     0.000     0.000     0.000     0.000
  800.     0.000     0.000     0.000     0.000     0.000     0.000     0.000
 low cld area (tau > 0.3)=  0.000000000000000E+000
 mid cld area (tau > 0.3)=  0.000000000000000E+000
 hgh cld area (tau > 0.3)=  0.146574910481771     
 total cld area (tau > 0.3)=  0.146574910481771     
 mean albedo cld (tau > 0.3)   0.235061595566162     
 mean tau cld (tau > 0.3)    2.28580220170271     
 mean top pressure (tau > 0.3)   133.330430957481     
 mean brightness temp (tau > 0.3)   257.360788300196     
 mean clearsky brightness temp (tau > 0.3)   297.310028989281     
 --------------- MODIS Simulator Diagnostics: -----------------
 MODIS PDF:
                      0.3       1.3       3.6       9.4      23.0      60.0
    0.               0.057     0.051     0.030     0.008     0.001     0.000
  180.               0.000     0.000     0.000     0.000     0.000     0.000
  310.               0.000     0.000     0.000     0.000     0.000     0.000
  440.               0.000     0.000     0.000     0.000     0.000     0.000
  560.               0.000     0.000     0.000     0.000     0.000     0.000
  680.               0.000     0.000     0.000     0.000     0.000     0.000
  800.               0.000     0.000     0.000     0.000     0.000     0.000
 low cld area =  0.000000000000000E+000
 mid cld area =  0.000000000000000E+000
 hgh cld area =  0.146574910481771     
 total cld area =  0.146574910481771     
 mean tau cld    3.03633145157684     
 mean top pressure    149.255025646748     
 total cld area (liquid) =  0.000000000000000E+000
 total cld area (ice) =  0.146574910481771     
 mean tau (liquid) =  -1.00000000000000     
 mean tau (ice) =   3.03633145157684     
 mean lwp (g/m2) =  -1.00000000000000     
 mean iwp (g/m2) =   53.1541070786635     
 mean reff (liquid)  =  -1.00000000000000     
 mean reff (ice)  =   30.6920720211847     
 --------------- MISR Simulator Diagnostics: -----------------
 MISR PDF:
            0.0       0.3       1.3       3.6       9.4      23.0      60.0
 99.00     0.000     0.000     0.000     0.000     0.000     0.000     0.000
 17.00     0.000     0.000     0.000     0.000     0.000     0.000     0.000
 15.00     0.000     0.022     0.051     0.030     0.008     0.001     0.000
 13.00     0.000     0.024     0.000     0.000     0.000     0.000     0.000
 11.00     0.000     0.000     0.000     0.000     0.000     0.000     0.000
  9.00     0.000     0.000     0.000     0.000     0.000     0.000     0.000
  7.00     0.000     0.000     0.000     0.000     0.000     0.000     0.000
  5.00     0.000     0.000     0.000     0.000     0.000     0.000     0.000
  4.00     0.000     0.000     0.000     0.000     0.000     0.000     0.000
  3.00     0.000     0.000     0.000     0.000     0.000     0.000     0.000
  2.50     0.000     0.000     0.000     0.000     0.000     0.000     0.000
  2.00     0.000     0.000     0.000     0.000     0.000     0.000     0.000
  1.50     0.000     0.000     0.000     0.000     0.000     0.000     0.000
  1.00     0.000     0.000     0.000     0.000     0.000     0.000     0.000
  0.50     0.000     0.000     0.000     0.000     0.000     0.000     0.000
  0.00     0.007     0.010     0.000     0.000     0.000     0.000     0.000
 total cld area =  0.136212158203125     
 mean top height (m)   13579.4573643411     
 Writting history file 
 iso_cld_P3_256x256x128_Nc0_1600                                                
  
 Writing restart file ...
mv: cannot stat './RESTART/iso_cld_iso_cld_P3_256x256x128_Nc0_1600_misc_restart.bin': No such file or directory
mv: cannot stat './RESTART/iso_cld_iso_cld_P3_256x256x128_Nc0_1600_64_restart.bin': No such file or directory
 Restart file was saved. nstep=         360
 Writting 2D data. file:./OUT_2D/iso_cld_iso_cld_P3_256x256x128_Nc0_1600_64.2Dbi
 n                                                               
 Writting 3D data. file:./OUT_3D/iso_cld_iso_cld_P3_256x256x128_Nc0_1600_64_0000
 000360.bin3D                                                    
NSTEP =        360   NCYCLE=  2  CFL_adv= 0.248  CFL_sgs= 0.028
 DAY =   0.125000000000000     
 NSTEP=         360
 div:  1.510014552509410E-016 -1.560150314677299E-016
 SST=   303.150000000000     
 surface pressure=   1014.80000000000     
 u:  -8.93952384815828        7.01050588613291     
 v:  -7.95136285470637        6.74230500849564     
 w:  -1.58344017658645        1.28286761189413     
 p:  -11.4886586327646        13.5759806438233     
 t:   301.617144728249        497.192743770406     
 tabs:   191.932124766796        301.684818269576     
 qv:  1.428878765188130E-006  2.054670184430071E-002
 tke:  0.000000000000000E+000   1.10209277210605     
 tk:  0.000000000000000E+000   20.4153507282185     
 tkh:  0.000000000000000E+000   20.4153507282185     
 qcl:  0.000000000000000E+000  0.000000000000000E+000
 qci:  0.000000000000000E+000  4.427273635541994E-004
 qpl:  0.000000000000000E+000  4.821133220914304E-006
 qpi:  0.000000000000000E+000  0.000000000000000E+000
 qrad(K/day):  -29.8120071588375        31.0489609773456     
 shf:   3.72658459657616        4.57438998285408     
 lhf:   50.2490379524278        77.8913928911452     
 uw: -7.918049058989097E-003  7.590985366291253E-003
 vw: -7.192710480208656E-003  7.157927431989116E-003
 sst:   303.150000000000        303.150000000000     
 ===========================
 total water budget:
 before (mm):         54.92873326466
 after (mm):          54.92937397775
 evaporation (mm):     0.00064078057
 precipitation (mm):   0.00000006748
 large-scale (mm):     0.00000000000
 Imbalance (mm)       0.00000000000
 evap (mm/day):   1.84544804093285     
 prec (mm/day):  1.943328604125575E-004
 ls (mm/day):  0.000000000000000E+000
 imbalance (mm/day)  1.161204018194657E-008
  imbalance (rel error):  7.347403487161434E-014
 ===========================
 Finished with SAM, exiting...
srun: error: n1813: tasks 32-63: Exited with exit code 9
srun: Terminating StepId=49575461.0
srun: error: n1804: tasks 0-31: Exited with exit code 9
