n704
n704
n704
n704
n704
n704
n704
n704
n704
n704
n704
n704
n704
n704
n704
n704
n704
n704
n704
n704
n704
n704
n704
n704
n704
n704
n704
n704
n704
n704
n704
n704
n690
n690
n690
n690
n690
n690
n690
n690
n690
n690
n690
n690
n690
n690
n690
n690
n690
n690
n690
n690
n690
n690
n690
n690
n690
n690
n690
n690
n690
n690
n690
n690
 number of MPI tasks:          64
           **************************************************
           **************************************************
           *                                                *
           *      *****          **       ***          **   *
           *    ***   ***       ****      ****       ****   *
           *   ***     ***     *** ***    *****     *****   *
           *    ***           ***   ***   *** **   ** ***   *
           *       ***       ***     ***  ***  ** **  ***   *
           *          ***    ***     ***  ***   ***   ***   *
           *   ***     ***   ***********  ***         ***   *
           *    ***   ***    ***     ***  ***         ***   *
           *      *****      ***     ***  ***         ***   *
           *                                                *
           **************************************************
           **************************************************
           ***       System for Atmospheric Modeling      ***
           ***                    SAM                     ***
                     Version 6.10.9 (Feb 2016)  
           **************************************************
           ***     (C) Marat Khairoutdinov                ***
           *** School of Marine and Atmospheric Sciences  ***
           ***       Stony Brook University               ***
           **************************************************
           ***       The model can be used only with      ***
           ***         permission from the author!        ***
           ***       No transfer to any third party       ***
           ***                is allowed!                 ***
           **************************************************
           **************************************************
           ***       DATE 02/16/26 TIME 12:38:26          ***
           **************************************************
 
 ==============================================================
  You have chosen to use            6  ice categories in MICRO_P3.
 ==============================================================
 ==============================================================
  You have chosen to use            6  ice categories in MICRO_P3.
 ==============================================================
  You have chosen to use            6  ice categories in MICRO_P3.
 ==============================================================
 ==============================================================
 ==============================================================
  You have chosen to use            6  ice categories in MICRO_P3.
 ==============================================================
 ==============================================================
  You have chosen to use            6  ice categories in MICRO_P3.
 ==============================================================
 ==============================================================
  You have chosen to use            6  ice categories in MICRO_P3.
 ==============================================================
 ==============================================================
  You have chosen to use            6  ice categories in MICRO_P3.
 ==============================================================
 ==============================================================
  You have chosen to use            6  ice categories in MICRO_P3.
 ==============================================================
 ==============================================================
  You have chosen to use            6  ice categories in MICRO_P3.
 ==============================================================
 ==============================================================
  You have chosen to use            6  ice categories in MICRO_P3.
 ==============================================================
 ==============================================================
  You have chosen to use            6  ice categories in MICRO_P3.
 ==============================================================
 ==============================================================
  You have chosen to use            6  ice categories in MICRO_P3.
 ==============================================================
 ==============================================================
  You have chosen to use            6  ice categories in MICRO_P3.
 ==============================================================
 ==============================================================
  You have chosen to use            6  ice categories in MICRO_P3.
 ==============================================================
 ==============================================================
  You have chosen to use            6  ice categories in MICRO_P3.
 ==============================================================
 ==============================================================
  You have chosen to use            6  ice categories in MICRO_P3.
 ==============================================================
 ==============================================================
  You have chosen to use            6  ice categories in MICRO_P3.
 ==============================================================
 ==============================================================
  You have chosen to use            6  ice categories in MICRO_P3.
 ==============================================================
 ==============================================================
  You have chosen to use            6  ice categories in MICRO_P3.
 ==============================================================
 ==============================================================
  You have chosen to use            6  ice categories in MICRO_P3.
 ==============================================================
 ==============================================================
  You have chosen to use            6  ice categories in MICRO_P3.
 ==============================================================
 ==============================================================
  You have chosen to use            6  ice categories in MICRO_P3.
 ==============================================================
 ==============================================================
  You have chosen to use            6  ice categories in MICRO_P3.
 ==============================================================
 ==============================================================
  You have chosen to use            6  ice categories in MICRO_P3.
 ==============================================================
 ==============================================================
  You have chosen to use            6  ice categories in MICRO_P3.
 ==============================================================
 ==============================================================
  You have chosen to use            6  ice categories in MICRO_P3.
 ==============================================================
 ==============================================================
  You have chosen to use            6  ice categories in MICRO_P3.
 ==============================================================
 ==============================================================
  You have chosen to use            6  ice categories in MICRO_P3.
 ==============================================================
 ==============================================================
  You have chosen to use            6  ice categories in MICRO_P3.
 ==============================================================
 ==============================================================
 ==============================================================
  You have chosen to use            6  ice categories in MICRO_P3.
 ==============================================================
  You have chosen to use            6  ice categories in MICRO_P3.
 ==============================================================
 ==============================================================
  You have chosen to use            6  ice categories in MICRO_P3.
 ==============================================================
 ==============================================================
  You have chosen to use            6  ice categories in MICRO_P3.
 ==============================================================
 ==============================================================
  You have chosen to use            6  ice categories in MICRO_P3.
 ==============================================================
 ==============================================================
  You have chosen to use            6  ice categories in MICRO_P3.
 ==============================================================
 ==============================================================
  You have chosen to use            6  ice categories in MICRO_P3.
 ==============================================================
 ==============================================================
  You have chosen to use            6  ice categories in MICRO_P3.
 ==============================================================
 ==============================================================
  You have chosen to use            6  ice categories in MICRO_P3.
 ==============================================================
 ==============================================================
  You have chosen to use            6  ice categories in MICRO_P3.
 ==============================================================
  You have chosen to use            6  ice categories in MICRO_P3.
 ==============================================================
 ==============================================================
 ==============================================================
  You have chosen to use            6  ice categories in MICRO_P3.
 ==============================================================
 ==============================================================
  You have chosen to use            6  ice categories in MICRO_P3.
 ==============================================================
 ==============================================================
  You have chosen to use            6  ice categories in MICRO_P3.
 ==============================================================
 ==============================================================
  You have chosen to use            6  ice categories in MICRO_P3.
 ==============================================================
 ==============================================================
  You have chosen to use            6  ice categories in MICRO_P3.
 ==============================================================
 ==============================================================
  You have chosen to use            6  ice categories in MICRO_P3.
 ==============================================================
 ==============================================================
  You have chosen to use            6  ice categories in MICRO_P3.
 ==============================================================
 ==============================================================
  You have chosen to use            6  ice categories in MICRO_P3.
 ==============================================================
 ==============================================================
  You have chosen to use            6  ice categories in MICRO_P3.
 ==============================================================
  You have chosen to use            6  ice categories in MICRO_P3.
 ==============================================================
 ==============================================================
 ==============================================================
  You have chosen to use            6  ice categories in MICRO_P3.
 ==============================================================
 ==============================================================
  You have chosen to use            6  ice categories in MICRO_P3.
 ==============================================================
 ==============================================================
  You have chosen to use            6  ice categories in MICRO_P3.
 ==============================================================
 ==============================================================
  You have chosen to use            6  ice categories in MICRO_P3.
 ==============================================================
 ==============================================================
  You have chosen to use            6  ice categories in MICRO_P3.
 ==============================================================
 ==============================================================
 ==============================================================
  You have chosen to use            6  ice categories in MICRO_P3.
 ==============================================================
  You have chosen to use            6  ice categories in MICRO_P3.
 ==============================================================
 ==============================================================
  You have chosen to use            6  ice categories in MICRO_P3.
 ==============================================================
 ==============================================================
 ==============================================================
  You have chosen to use            6  ice categories in MICRO_P3.
 ==============================================================
 ==============================================================
  You have chosen to use            6  ice categories in MICRO_P3.
 ==============================================================
 ==============================================================
  You have chosen to use            6  ice categories in MICRO_P3.
 ==============================================================
 ==============================================================
  You have chosen to use            6  ice categories in MICRO_P3.
 ==============================================================
 ==============================================================
  You have chosen to use            6  ice categories in MICRO_P3.
 ==============================================================
  You have chosen to use            6  ice categories in MICRO_P3.
 ==============================================================
 
 surface pressure:    1014.80000000000     
 
  P3 microphysics: v3.1.14          
    P3_INIT (reading/creating look-up tables [v4.1, v4.1]) ...
    P3_INIT DONE.
 
 Initial Sounding:
  k      z    rho     rhoi    s      h     h*      qt      u      v     adz     
 Nsq
 128 27750.0  0.026  0.027 473.15 473.15 473.58   0.00   0.00   0.00  6.667     0.4715E-03
 127 27500.0  0.027  0.028 470.72 470.72 471.14   0.00   0.00   0.00  6.667     0.4715E-03
 126 27250.0  0.028  0.029 468.30 468.30 468.69   0.00   0.00   0.00  6.667     0.4715E-03
 125 27000.0  0.030  0.030 465.87 465.87 466.25   0.00   0.00   0.00  6.667     0.4715E-03
 124 26750.0  0.031  0.031 463.44 463.44 463.80   0.00   0.00   0.00  6.667     0.4715E-03
 123 26500.0  0.032  0.033 461.01 461.01 461.36   0.00   0.00   0.00  6.667     0.4715E-03
 122 26250.0  0.034  0.034 458.58 458.58 458.92   0.00   0.00   0.00  6.667     0.4715E-03
 121 26000.0  0.035  0.036 456.15 456.15 456.48   0.00   0.00   0.00  6.667     0.4715E-03
 120 25750.0  0.037  0.037 453.73 453.73 454.04   0.00   0.00   0.00  6.667     0.4715E-03
 119 25500.0  0.038  0.039 451.30 451.30 451.60   0.00   0.00   0.00  6.667     0.4715E-03
 118 25250.0  0.040  0.041 448.87 448.87 449.15   0.00   0.00   0.00  6.667     0.4715E-03
 117 25000.0  0.041  0.042 446.44 446.44 446.71   0.00   0.00   0.00  6.667     0.4715E-03
 116 24750.0  0.043  0.044 444.01 444.01 444.27   0.00   0.00   0.00  6.667     0.4715E-03
 115 24500.0  0.045  0.046 441.58 441.58 441.83   0.00   0.00   0.00  6.667     0.4715E-03
 114 24250.0  0.047  0.048 439.15 439.15 439.39   0.00   0.00   0.00  6.667     0.4715E-03
 113 24000.0  0.049  0.050 436.72 436.72 436.95   0.00   0.00   0.00  6.667     0.4715E-03
 112 23750.0  0.051  0.052 434.29 434.29 434.52   0.00   0.00   0.00  6.667     0.4715E-03
 111 23500.0  0.053  0.055 431.86 431.86 432.08   0.00   0.00   0.00  6.667     0.4715E-03
 110 23250.0  0.056  0.057 429.43 429.43 429.64   0.00   0.00   0.00  6.667     0.4715E-03
 109 23000.0  0.058  0.059 427.00 427.00 427.20   0.00   0.00   0.00  6.667     0.4715E-03
 108 22750.0  0.061  0.062 424.57 424.57 424.76   0.00   0.00   0.00  6.667     0.4715E-03
 107 22500.0  0.063  0.065 422.14 422.14 422.32   0.00   0.00   0.00  6.667     0.4715E-03
 106 22250.0  0.066  0.067 419.71 419.71 419.88   0.00   0.00   0.00  6.667     0.4715E-03
 105 22000.0  0.069  0.070 417.28 417.28 417.45   0.00   0.00   0.00  6.667     0.4715E-03
 104 21750.0  0.072  0.073 414.85 414.85 415.01   0.00   0.00   0.00  6.667     0.4715E-03
 103 21500.0  0.075  0.076 412.41 412.41 412.57   0.00   0.00   0.00  6.667     0.4715E-03
 102 21250.0  0.078  0.080 409.98 409.98 410.13   0.00   0.00   0.00  6.667     0.4715E-03
 101 21000.0  0.081  0.083 407.55 407.55 407.69   0.00   0.00   0.00  6.667     0.4715E-03
 100 20750.0  0.085  0.087 405.12 405.12 405.26   0.00   0.00   0.00  6.667     0.4715E-03
  99 20500.0  0.089  0.090 402.69 402.69 402.82   0.00   0.00   0.00  6.667     0.4715E-03
  98 20250.0  0.092  0.094 400.26 400.26 400.38   0.00   0.00   0.00  6.667     0.4715E-03
  97 20000.0  0.096  0.098 397.82 397.82 397.95   0.00   0.00   0.00  6.667     0.4715E-03
  96 19750.0  0.100  0.103 395.39 395.39 395.51   0.00   0.00   0.00  6.667     0.4715E-03
  95 19500.0  0.105  0.107 392.96 392.96 393.07   0.00   0.00   0.00  6.667     0.4715E-03
  94 19250.0  0.109  0.112 390.53 390.53 390.63   0.00   0.00   0.00  6.667     0.4715E-03
  93 19000.0  0.114  0.116 388.09 388.09 388.20   0.00   0.00   0.00  6.667     0.4715E-03
  92 18750.0  0.119  0.121 385.66 385.66 385.76   0.00   0.00   0.00  6.667     0.4715E-03
  91 18500.0  0.124  0.127 383.23 383.23 383.32   0.00   0.00   0.00  6.667     0.4715E-03
  90 18250.0  0.129  0.132 380.80 380.80 380.89   0.00   0.00   0.00  6.667     0.4715E-03
  89 18000.0  0.135  0.138 378.36 378.36 378.45   0.00   0.00   0.00  6.667     0.4715E-03
  88 17750.0  0.141  0.144 375.93 375.93 376.01   0.00   0.00   0.00  6.667     0.4715E-03
  87 17500.0  0.147  0.150 373.50 373.50 373.58   0.00   0.00   0.00  6.667     0.4715E-03
  86 17250.0  0.153  0.156 371.06 371.06 371.14   0.00   0.00   0.00  6.667     0.4715E-03
  85 17000.0  0.160  0.163 368.63 368.63 368.70   0.00   0.00   0.00  6.667     0.4715E-03
  84 16750.0  0.167  0.170 366.20 366.20 366.27   0.00   0.00   0.00  6.667     0.4715E-03
  83 16500.0  0.174  0.177 363.76 363.76 363.83   0.00   0.00   0.00  6.667     0.4715E-03
  82 16250.0  0.181  0.185 361.33 361.33 361.39   0.00   0.00   0.00  6.667     0.4715E-03
  81 16000.0  0.189  0.193 358.89 358.89 358.96   0.00   0.00   0.00  6.667     0.4715E-03
  80 15750.0  0.197  0.201 356.46 356.46 356.52   0.00   0.00   0.00  6.667     0.4715E-03
  79 15500.0  0.206  0.210 354.03 354.03 354.08   0.00   0.00   0.00  6.667     0.4715E-03
  78 15250.0  0.215  0.219 351.59 351.59 351.65  -0.00   0.00   0.00  6.667     0.4718E-03
  77 15000.0  0.224  0.228 349.16 349.18 349.21   0.01   0.00   0.00  6.667     0.1476E-03
  76 14750.0  0.231  0.235 348.39 348.42 348.46   0.01   0.00   0.00  6.667     0.1464E-03
  75 14500.0  0.239  0.243 347.63 347.67 347.71   0.01   0.00   0.00  6.667     0.1453E-03
  74 14250.0  0.247  0.252 346.87 346.91 346.97   0.02   0.00   0.00  6.667     0.1441E-03
  73 14000.0  0.256  0.260 346.11 346.16 346.22   0.02   0.00   0.00  6.667     0.1430E-03
  72 13750.0  0.264  0.269 345.34 345.41 345.48   0.02   0.00   0.00  6.667     0.1419E-03
  71 13500.0  0.273  0.277 344.58 344.65 344.75   0.03   0.00   0.00  6.667     0.1408E-03
  70 13250.0  0.282  0.286 343.82 343.91 344.02   0.04   0.00   0.00  6.667     0.1397E-03
  69 13000.0  0.291  0.296 343.06 343.16 343.30   0.04   0.00   0.00  6.667     0.1386E-03
  68 12750.0  0.300  0.305 342.29 342.42 342.58   0.05   0.00   0.00  6.667     0.1376E-03
  67 12500.0  0.310  0.315 341.53 341.68 341.86   0.06   0.00   0.00  6.667     0.1366E-03
  66 12250.0  0.320  0.325 340.76 340.94 341.16   0.07   0.00   0.00  6.667     0.1356E-03
  65 12000.0  0.330  0.335 340.00 340.21 340.46   0.08   0.00   0.00  6.667     0.1346E-03
  64 11750.0  0.340  0.345 339.24 339.48 339.77   0.10   0.00   0.00  6.667     0.1337E-03
  63 11500.0  0.351  0.356 338.47 338.76 339.09   0.11   0.00   0.00  6.667     0.1328E-03
  62 11250.0  0.361  0.367 337.71 338.04 338.42   0.14   0.00   0.00  6.667     0.1319E-03
  61 11000.0  0.372  0.378 336.94 337.34 337.76   0.16   0.00   0.00  6.667     0.1310E-03
  60 10750.0  0.384  0.389 336.17 336.64 337.12   0.18   0.00   0.00  6.667     0.1302E-03
  59 10500.0  0.395  0.401 335.41 335.95 336.49   0.22   0.00   0.00  6.667     0.1294E-03
  58 10250.0  0.407  0.413 334.64 335.27 335.88   0.25   0.00   0.00  6.667     0.1286E-03
  57 10000.0  0.419  0.425 333.87 334.60 335.29   0.29   0.00   0.00  6.667     0.1279E-03
  56  9750.0  0.431  0.437 333.10 333.95 334.72   0.34   0.00   0.00  6.667     0.1271E-03
  55  9500.0  0.444  0.450 332.33 333.31 334.17   0.39   0.00   0.00  6.667     0.1264E-03
  54  9250.0  0.457  0.463 331.56 332.69 333.64   0.45   0.00   0.00  6.667     0.1258E-03
  53  9000.0  0.470  0.476 330.79 332.08 333.14   0.52   0.00   0.00  6.667     0.1251E-03
  52  8750.0  0.483  0.490 330.01 331.50 332.67   0.60   0.00   0.00  6.667     0.1246E-03
  51  8500.0  0.497  0.504 329.24 330.94 332.23   0.68   0.00   0.00  6.667     0.1240E-03
  50  8250.0  0.511  0.518 328.46 330.41 331.83   0.78   0.00   0.00  6.667     0.1235E-03
  49  8000.0  0.525  0.532 327.68 329.90 331.46   0.89   0.00   0.00  6.667     0.1230E-03
  48  7750.0  0.540  0.547 326.90 329.43 331.13   1.01   0.00   0.00  6.667     0.1226E-03
  47  7500.0  0.555  0.562 326.11 328.99 330.84   1.15   0.00   0.00  6.667     0.1222E-03
  46  7250.0  0.570  0.578 325.32 328.58 330.59   1.30   0.00   0.00  6.667     0.1219E-03
  45  7000.0  0.585  0.593 324.53 328.22 330.40   1.47   0.00   0.00  6.667     0.1216E-03
  44  6750.0  0.601  0.609 323.74 327.90 330.25   1.66   0.00   0.00  6.667     0.1214E-03
  43  6500.0  0.617  0.626 322.94 327.62 330.15   1.87   0.00   0.00  6.667     0.1212E-03
  42  6250.0  0.634  0.642 322.14 327.40 330.12   2.10   0.00   0.00  6.667     0.1211E-03
  41  6000.0  0.651  0.659 321.33 327.23 330.14   2.36   0.00   0.00  6.667     0.1210E-03
  40  5750.0  0.668  0.676 320.52 327.11 330.22   2.64   0.00   0.00  6.596     0.1209E-03
  39  5505.3  0.685  0.694 319.73 327.06 330.37   2.93   0.00   0.00  6.526     0.1209E-03
  38  5260.5  0.702  0.711 318.93 327.07 330.58   3.26   0.00   0.00  6.386     0.1210E-03
  37  5026.3  0.719  0.728 318.15 327.14 330.85   3.60   0.00   0.00  6.246     0.1211E-03
  36  4792.1  0.737  0.745 317.37 327.28 331.18   3.96   0.00   0.00  6.105     0.1212E-03
  35  4568.4  0.754  0.762 316.63 327.47 331.57   4.34   0.00   0.00  5.965     0.1214E-03
  34  4344.7  0.771  0.779 315.87 327.72 332.01   4.74   0.00   0.00  5.825     0.1216E-03
  33  4131.6  0.787  0.796 315.15 328.02 332.50   5.15   0.00   0.00  5.684     0.1219E-03
  32  3918.4  0.804  0.812 314.42 328.39 333.05   5.58   0.00   0.00  5.544     0.1222E-03
  31  3715.8  0.820  0.829 313.73 328.79 333.63   6.02   0.00   0.00  5.404     0.1225E-03
  30  3513.2  0.837  0.845 313.02 329.25 334.27   6.49   0.00   0.00  5.263     0.1227E-03
  29  3321.1  0.853  0.861 312.35 329.74 334.93   6.95   0.00   0.00  5.123     0.1231E-03
  28  3128.9  0.869  0.877 311.68 330.28 335.65   7.44   0.00   0.00  4.982     0.7133E-04
  27  2947.4  0.884  0.892 311.31 327.16 337.13   6.34   0.00   0.00  4.842     0.1201E-03
  26  2765.8  0.900  0.908 310.68 327.54 337.98   6.74   0.00   0.00  4.702     0.1203E-03
  25  2594.7  0.915  0.923 310.09 327.93 338.85   7.14   0.00   0.00  4.561     0.1205E-03
  24  2423.7  0.930  0.937 309.49 328.36 339.76   7.55   0.00   0.00  4.421     0.1206E-03
  23  2263.2  0.945  0.952 308.92 328.79 340.67   7.95   0.00   0.00  4.281     0.1208E-03
  22  2102.6  0.959  0.966 308.36 329.26 341.62   8.36   0.00   0.00  4.140     0.1210E-03
  21  1952.6  0.973  0.980 307.82 329.72 342.56   8.76   0.00   0.00  4.000     0.1211E-03
  20  1802.6  0.986  0.993 307.29 330.21 343.55   9.17   0.00   0.00  3.860     0.1213E-03
  19  1663.2  1.000  1.006 306.79 330.69 344.50   9.56   0.00   0.00  3.719     0.1215E-03
  18  1523.7  1.013  1.019 306.29 331.19 345.49   9.96   0.00   0.00  3.579     0.1216E-03
  17  1394.7  1.025  1.031 305.82 331.68 346.45  10.34   0.00   0.00  3.439     0.1217E-03
  16  1265.8  1.037  1.043 305.35 332.18 347.44  10.73   0.00   0.00  3.298     0.1218E-03
  15  1147.4  1.049  1.055 304.92 332.66 348.38  11.09   0.00   0.00  3.158     0.1220E-03
  14  1028.9  1.060  1.066 304.49 333.15 349.35  11.46   0.00   0.00  3.018     0.1221E-03
  13   921.1  1.071  1.077 304.10 333.61 350.26  11.80   0.00   0.00  2.877     0.1222E-03
  12   813.2  1.082  1.087 303.70 334.08 351.20  12.15   0.00   0.00  2.737     0.1222E-03
  11   715.8  1.092  1.097 303.34 334.52 352.06  12.47   0.00   0.00  2.596     0.1223E-03
  10   618.4  1.101  1.106 302.98 334.96 352.95  12.79   0.00   0.00  2.456     0.1224E-03
   9   531.6  1.110  1.115 302.66 335.37 353.77  13.08   0.00   0.00  2.316     0.1224E-03
   8   444.7  1.119  1.123 302.34 335.78 354.59  13.37   0.00   0.00  2.175     0.1225E-03
   7   368.4  1.127  1.131 302.05 336.14 355.34  13.63   0.00   0.00  2.035     0.1225E-03
   6   292.1  1.135  1.138 301.77 336.52 356.10  13.90   0.00   0.00  1.895     0.1225E-03
   5   226.3  1.142  1.145 301.52 336.84 356.76  14.12   0.00   0.00  1.754     0.1226E-03
   4   160.5  1.148  1.151 301.28 337.17 357.44  14.35   0.00   0.00  1.614     0.1226E-03
   3   105.3  1.154  1.157 301.07 337.45 358.01  14.55   0.00   0.00  1.474     0.1226E-03
   2    50.0  1.159  1.161 300.86 337.73 358.59  14.74   0.00   0.00  1.070     0.1226E-03
   1    25.0  1.163  1.166 300.77 337.85 358.86  14.83   0.00   0.00  1.000      0.000    
  k      z    rho     rhoi    s      h     h*      qt      u      v     adz     
 Nsq
 
   k      z      dz     pres   presi   Tabs     tp     tpl      qt      Qc      
 Qi      REL
 128 27750.00  250.00   15.10   15.42  202.01  669.80  669.80  0.0000  0.0000  0.0000    0.00
 127 27500.00  250.00   15.75   16.09  202.02  661.80  661.80  0.0000  0.0000  0.0000    0.00
 126 27250.00  250.00   16.43   16.78  202.04  653.90  653.90  0.0000  0.0000  0.0000    0.00
 125 27000.00  250.00   17.14   17.51  202.05  646.09  646.09  0.0000  0.0000  0.0000    0.00
 124 26750.00  250.00   17.88   18.26  202.07  638.37  638.37  0.0000  0.0000  0.0000    0.00
 123 26500.00  250.00   18.65   19.05  202.08  630.74  630.74  0.0000  0.0000  0.0000    0.00
 122 26250.00  250.00   19.46   19.87  202.10  623.21  623.21  0.0000  0.0000  0.0000    0.00
 121 26000.00  250.00   20.30   20.73  202.11  615.77  615.77  0.0000  0.0000  0.0000    0.00
 120 25750.00  250.00   21.17   21.63  202.12  608.41  608.41  0.0000  0.0000  0.0000    0.00
 119 25500.00  250.00   22.09   22.56  202.14  601.14  601.14  0.0000  0.0000  0.0000    0.00
 118 25250.00  250.00   23.04   23.53  202.15  593.96  593.96  0.0000  0.0000  0.0000    0.00
 117 25000.00  250.00   24.04   24.55  202.17  586.87  586.87  0.0000  0.0000  0.0000    0.00
 116 24750.00  250.00   25.08   25.61  202.18  579.86  579.86  0.0000  0.0000  0.0000    0.00
 115 24500.00  250.00   26.16   26.72  202.19  572.93  572.93  0.0000  0.0000  0.0000    0.00
 114 24250.00  250.00   27.29   27.87  202.21  566.09  566.09  0.0000  0.0000  0.0000    0.00
 113 24000.00  250.00   28.46   29.07  202.22  559.33  559.33  0.0000  0.0000  0.0000    0.00
 112 23750.00  250.00   29.69   30.33  202.23  552.65  552.65  0.0000  0.0000  0.0000    0.00
 111 23500.00  250.00   30.97   31.64  202.24  546.05  546.05  0.0000  0.0000  0.0000    0.00
 110 23250.00  250.00   32.31   33.00  202.26  539.53  539.53  0.0000  0.0000  0.0000    0.00
 109 23000.00  250.00   33.71   34.43  202.27  533.08  533.08  0.0000  0.0000  0.0000    0.00
 108 22750.00  250.00   35.16   35.91  202.28  526.71  526.71  0.0000  0.0000  0.0000    0.00
 107 22500.00  250.00   36.68   37.46  202.29  520.42  520.42  0.0000  0.0000  0.0000    0.00
 106 22250.00  250.00   38.26   39.08  202.30  514.21  514.21  0.0000  0.0000  0.0000    0.00
 105 22000.00  250.00   39.91   40.76  202.32  508.06  508.06  0.0000  0.0000  0.0000    0.00
 104 21750.00  250.00   41.63   42.52  202.33  502.00  502.00  0.0000  0.0000  0.0000    0.00
 103 21500.00  250.00   43.43   44.35  202.34  496.00  496.00  0.0000  0.0000  0.0000    0.00
 102 21250.00  250.00   45.30   46.27  202.35  490.08  490.08  0.0000  0.0000  0.0000    0.00
 101 21000.00  250.00   47.26   48.26  202.36  484.22  484.22  0.0000  0.0000  0.0000    0.00
 100 20750.00  250.00   49.29   50.35  202.37  478.44  478.44  0.0000  0.0000  0.0000    0.00
  99 20500.00  250.00   51.42   52.52  202.38  472.72  472.72  0.0000  0.0000  0.0000    0.00
  98 20250.00  250.00   53.64   54.78  202.39  467.08  467.08  0.0000  0.0000  0.0000    0.00
  97 20000.00  250.00   55.95   57.14  202.41  461.50  461.50  0.0000  0.0000  0.0000    0.00
  96 19750.00  250.00   58.36   59.61  202.42  455.99  455.99  0.0000  0.0000  0.0000    0.00
  95 19500.00  250.00   60.88   62.18  202.43  450.54  450.54  0.0000  0.0000  0.0000    0.00
  94 19250.00  250.00   63.50   64.86  202.44  445.16  445.16  0.0000  0.0000  0.0000    0.00
  93 19000.00  250.00   66.24   67.66  202.45  439.84  439.84  0.0000  0.0000  0.0000    0.00
  92 18750.00  250.00   69.10   70.57  202.46  434.59  434.59  0.0000  0.0000  0.0000    0.00
  91 18500.00  250.00   72.08   73.61  202.47  429.40  429.40  0.0000  0.0000  0.0000    0.00
  90 18250.00  250.00   75.18   76.79  202.48  424.27  424.27  0.0000  0.0000  0.0000    0.00
  89 18000.00  250.00   78.42   80.10  202.49  419.20  419.20  0.0000  0.0000  0.0000    0.00
  88 17750.00  250.00   81.81   83.55  202.50  414.19  414.19  0.0000  0.0000  0.0000    0.00
  87 17500.00  250.00   85.33   87.15  202.50  409.25  409.25  0.0000  0.0000  0.0000    0.00
  86 17250.00  250.00   89.01   90.91  202.51  404.36  404.36  0.0000  0.0000  0.0000    0.00
  85 17000.00  250.00   92.85   94.82  202.52  399.53  399.53  0.0000  0.0000  0.0000    0.00
  84 16750.00  250.00   96.85   98.91  202.53  394.76  394.76  0.0000  0.0000  0.0000    0.00
  83 16500.00  250.00  101.02  103.17  202.54  390.04  390.04  0.0000  0.0000  0.0000    0.00
  82 16250.00  250.00  105.37  107.62  202.55  385.38  385.38  0.0000  0.0000  0.0000    0.00
  81 16000.00  250.00  109.91  112.26  202.56  380.78  380.78  0.0000  0.0000  0.0000    0.00
  80 15750.00  250.00  114.65  117.09  202.57  376.23  376.23  0.0000  0.0000  0.0000    0.00
  79 15500.00  250.00  119.59  122.14  202.58  371.74  371.74  0.0000  0.0000  0.0000    0.00
  78 15250.00  250.00  124.74  127.40  202.58  367.30  367.30 -0.0000  0.0000  0.0000   -0.00
  77 15000.00  250.00  130.12  132.89  202.59  362.91  362.91  0.0096  0.0000  0.0000   44.65
  76 14750.00  250.00  135.70  138.57  204.27  361.55  361.55  0.0116  0.0000  0.0000   44.74
  75 14500.00  250.00  141.47  144.44  205.95  360.21  360.21  0.0141  0.0000  0.0000   44.71
  74 14250.00  250.00  147.44  150.50  207.63  358.88  358.88  0.0170  0.0000  0.0000   44.25
  73 14000.00  250.00  153.61  156.78  209.31  357.57  357.57  0.0204  0.0000  0.0000   43.71
  72 13750.00  250.00  159.98  163.26  210.99  356.28  356.28  0.0245  0.0000  0.0000   43.43
  71 13500.00  250.00  166.57  169.95  212.67  355.00  355.00  0.0294  0.0000  0.0000   43.38
  70 13250.00  250.00  173.37  176.86  214.35  353.73  353.73  0.0351  0.0000  0.0000   43.36
  69 13000.00  250.00  180.39  184.00  216.03  352.48  352.48  0.0418  0.0000  0.0000   43.48
  68 12750.00  250.00  187.64  191.36  217.71  351.24  351.24  0.0498  0.0000  0.0000   43.85
  67 12500.00  250.00  195.12  198.96  219.39  350.02  350.02  0.0591  0.0000  0.0000   44.25
  66 12250.00  250.00  202.84  206.80  221.07  348.81  348.81  0.0700  0.0000  0.0000   44.74
  65 12000.00  250.00  210.81  214.89  222.75  347.61  347.61  0.0828  0.0000  0.0000   45.35
  64 11750.00  250.00  219.02  223.23  224.43  346.42  346.42  0.0977  0.0000  0.0000   46.01
  63 11500.00  250.00  227.49  231.83  226.11  345.25  345.25  0.1149  0.0000  0.0000   46.66
  62 11250.00  250.00  236.22  240.69  227.78  344.09  344.09  0.1350  0.0000  0.0000   47.41
  61 11000.00  250.00  245.21  249.82  229.46  342.94  342.94  0.1581  0.0000  0.0000   48.14
  60 10750.00  250.00  254.48  259.23  231.14  341.80  341.80  0.1849  0.0000  0.0000   48.94
  59 10500.00  250.00  264.03  268.92  232.81  340.67  340.67  0.2156  0.0000  0.0000   49.73
  58 10250.00  250.00  273.86  278.90  234.49  339.55  339.55  0.2510  0.0000  0.0000   50.57
  57 10000.00  250.00  283.99  289.17  236.16  338.45  338.45  0.2915  0.0000  0.0000   51.42
  56  9750.00  250.00  294.41  299.75  237.84  337.35  337.35  0.3377  0.0000  0.0000   52.28
  55  9500.00  250.00  305.14  310.63  239.51  336.26  336.26  0.3904  0.0000  0.0000   53.17
  54  9250.00  250.00  316.18  321.83  241.18  335.19  335.19  0.4504  0.0000  0.0000   54.08
  53  9000.00  250.00  327.54  333.35  242.85  334.12  334.12  0.5184  0.0000  0.0000   55.01
  52  8750.00  250.00  339.23  345.21  244.52  333.06  333.06  0.5954  0.0000  0.0000   55.95
  51  8500.00  250.00  351.25  357.39  246.18  332.01  332.01  0.6822  0.0000  0.0000   56.90
  50  8250.00  250.00  363.61  369.92  247.85  330.96  330.96  0.7800  0.0000  0.0000   57.87
  49  8000.00  250.00  376.31  382.81  249.51  329.93  329.93  0.8899  0.0000  0.0000   58.85
  48  7750.00  250.00  389.37  396.05  251.17  328.90  328.90  1.0129  0.0000  0.0000   59.84
  47  7500.00  250.00  402.79  409.65  252.83  327.88  327.88  1.1504  0.0000  0.0000   60.84
  46  7250.00  250.00  416.58  423.63  254.48  326.87  326.87  1.3037  0.0000  0.0000   61.85
  45  7000.00  250.00  430.75  437.99  256.14  325.86  325.86  1.4741  0.0000  0.0000   62.87
  44  6750.00  250.00  445.30  452.73  257.78  324.86  324.86  1.6631  0.0000  0.0000   63.89
  43  6500.00  250.00  460.24  467.88  259.43  323.86  323.86  1.8722  0.0000  0.0000   64.91
  42  6250.00  250.00  475.59  483.42  261.07  322.87  322.87  2.1029  0.0000  0.0000   65.93
  41  6000.00  250.00  491.34  499.38  262.71  321.88  321.88  2.3567  0.0000  0.0000   66.94
  40  5750.00  247.37  507.51  515.59  264.34  320.90  320.90  2.6354  0.0000  0.0000   67.95
  39  5505.26  244.74  523.75  532.04  265.94  319.94  319.94  2.9337  0.0000  0.0000   68.93
  38  5260.53  239.47  540.40  548.54  267.52  318.98  318.98  3.2588  0.0000  0.0000   69.91
  37  5026.32  234.21  556.74  565.07  269.04  318.07  318.07  3.5965  0.0000  0.0000   70.83
  36  4792.10  228.95  573.47  581.61  270.55  317.16  317.16  3.9615  0.0000  0.0000   71.73
  35  4568.42  223.68  589.82  598.15  271.99  316.29  316.29  4.3366  0.0000  0.0000   72.58
  34  4344.74  218.42  606.55  614.66  273.42  315.43  315.43  4.7389  0.0000  0.0000   73.42
  33  4131.58  213.16  622.84  631.12  274.78  314.61  314.61  5.1483  0.0000  0.0000   74.20
  32  3918.42  207.89  639.47  647.52  276.14  313.78  313.78  5.5841  0.0000  0.0000   74.96
  31  3715.79  202.63  655.62  663.83  277.42  313.00  313.00  6.0235  0.0000  0.0000   75.67
  30  3513.16  197.37  672.10  680.03  278.70  312.22  312.22  6.4880  0.0000  0.0000   76.36
  29  3321.05  192.11  688.02  696.10  279.90  311.48  311.48  6.9521  0.0000  0.0000   76.99
  28  3128.95  186.84  704.24  712.03  281.11  310.74  310.74  7.4395  0.0000  0.0000   77.60
  27  2947.37  181.58  719.86  727.78  282.51  310.34  310.34  6.3377  0.0000  0.0000   61.38
  26  2765.79  176.32  735.75  743.34  283.66  309.66  309.66  6.7409  0.0000  0.0000   61.73
  25  2594.74  171.05  750.98  758.70  284.73  309.02  309.02  7.1365  0.0000  0.0000   62.05
  24  2423.68  165.79  766.46  773.82  285.81  308.38  308.38  7.5474  0.0000  0.0000   62.34
  23  2263.16  160.53  781.22  788.70  286.81  307.78  307.78  7.9470  0.0000  0.0000   62.60
  22  2102.63  155.26  796.21  803.30  287.81  307.19  307.19  8.3602  0.0000  0.0000   62.84
  21  1952.63  150.00  810.43  817.62  288.75  306.63  306.63  8.7584  0.0000  0.0000   63.04
  20  1802.63  144.74  824.84  831.62  289.68  306.07  306.07  9.1682  0.0000  0.0000   63.23
  19  1663.16  139.47  838.43  845.30  290.54  305.55  305.55  9.5595  0.0000  0.0000   63.39
  18  1523.68  134.21  852.20  858.63  291.40  305.03  305.03  9.9607  0.0000  0.0000   63.53
  17  1394.74  128.95  865.09  871.60  292.19  304.55  304.55 10.3402  0.0000  0.0000   63.64
  16  1265.79  123.68  878.14  884.19  292.99  304.08  304.08 10.7278  0.0000  0.0000   63.74
  15  1147.37  118.42  890.26  896.37  293.71  303.64  303.64 11.0908  0.0000  0.0000   63.82
  14  1028.95  113.16  902.51  908.14  294.44  303.20  303.20 11.4603  0.0000  0.0000   63.88
  13   921.05  107.89  913.80  919.48  295.10  302.80  302.80 11.8026  0.0000  0.0000   63.93
  12   813.16  102.63  925.19  930.37  295.75  302.40  302.40 12.1501  0.0000  0.0000   63.96
  11   715.79   97.37  935.57  940.80  296.35  302.04  302.04 12.4680  0.0000  0.0000   63.98
  10   618.42   92.11  946.05  950.75  296.94  301.68  301.68 12.7900  0.0000  0.0000   64.00
   9   531.58   86.84  955.47  960.21  297.47  301.36  301.36 13.0804  0.0000  0.0000   64.00
   8   444.74   81.58  964.97  969.17  297.99  301.04  301.04 13.3738  0.0000  0.0000   63.99
   7   368.42   76.32  973.37  977.60  298.45  300.76  300.76 13.6340  0.0000  0.0000   63.98
   6   292.11   71.05  981.84  985.51  298.91  300.48  300.48 13.8965  0.0000  0.0000   63.96
   5   226.32   65.79  989.19  992.88  299.31  300.24  300.24 14.1244  0.0000  0.0000   63.94
   4   160.53   60.53  996.58  999.70  299.71  300.00  300.00 14.3539  0.0000  0.0000   63.91
   3   105.26   55.26 1002.82 1005.96  300.04  299.80  299.80 14.5478  0.0000  0.0000   63.88
   2    50.00   40.13 1009.10 1010.52  300.37  299.60  299.60 14.7428  0.0000  0.0000   63.85
   1    25.00   37.50 1011.94 1014.80  300.52  299.51  299.51 14.8313  0.0000  0.0000   63.84
   k      z      dz     pres   presi   Tabs     tp     tpl      qt      Qc      
 Qi      REL
 Smagorinsky SGS Closure
 initialize with warm bubble:
 bubble_x0=   128000.000000000     
 bubble_y0=   128000.000000000     
 bubble_z0=  0.000000000000000E+000
 bubble_radius_hor=   30000.0000000000     
 bubble_radius_ver=   3000.00000000000     
 bubble_dtemp=  0.000000000000000E+000
 bubble_dq=  5.000000000000000E-003
 Initializeing forcing data...
 sounding data: nsnd=           3   nzsnd=         128
 Observed sounding interval (days):  0.000000000000000E+000
   2000.00000000000     
 
 Case: bubble
 Caseid: rcemip300sst_160_MaxIce20_dry
 New Run.
 Day:  0.000000000000000E+000
 Model type: CEM
 Finish at timestep:         720
 Finish on day:  0.250000000000000     
 
 Statistics file ouput frequency:           60  steps
 Statistics file sampling: every           15  steps
 printouts frequency:           4  steps
 Adams-Bashforth scheme order:           3
 
 Global Grid:         256         256         128
 Local Grid:          32          32         128
 Grid spacing (m) dx, dy, dz:   1000.00000000000        1000.00000000000     
   37.5000000000000     
 Domain dimensions (m):   256000.000000000        256000.000000000     
   27750.0000000000     
 dowallx= F
 dowally= F
 
 Timestep (sec):   30.0000000000000     
 domain translation velocities ug, vg:  0.000000000000000E+000
  0.000000000000000E+000
 
 do column model F
 do convective parameterization F
 do spange damping at the domain top:  T
 maintain grad. of scalars at the top: T
 clouds are allowed: T
 precipitation is allowed: T
 smoke cloud F
 SGS scheme is on: T
 larger-scale subsidence is on: F
 larger-scale tendency is on: F
 coriolis force is allowed: F
 vertical coriolis force is allowed: F
 longwave radiation: T
 shortwave radiation: T
 do seasonal solar cycle: F
 do perpetual sun: T
 compute effective radius for liquid: T
 compute effective radius for ice: T
 doradsimple =  F
 doradhomo = F
 dosolarconstant =  T
 solar_constant =    423.500000000000     
 zenith_angle =    42.8900000000000     
 doradlon =  F
 doradlat =  F
 Latitude0:  0.000000000000000E+000
 Longitude0:  0.000000000000000E+000
 rundatadir = ./RUNDATA
 factor to change present CO2 concentration: nxco2=   1.00000000000000     
 surface flux parameterization is on: T
 Surface type: OCEAN
  sensible heat flux prescribed: F
  latent heat flux prescribed: F
  surface stress prescribed: F
 dosfchomo =  F
 doisccp =  T
 domodis =  T
 domisr =  T
 dosimfilesout= F
 dodynamicocean = F
 doseawater= T
 salt_factor (satur. correction for salty water)=  0.981000000000000     
 dotracers = F
 output_sep = F
 perturb_type =            2
 doSAMconditionals = F
 dosatupdnconditionals = T
 doscamiopdata = F
 iopfile:
 dozero_out_day0 = F
 nsave2D =          120
 nsave2Dstart =            0
 nsave2Dend =     99960480
 save2Dbin =  T
 nsave3D =          120
 nsave3Dstart =            0
 nsave3Dend =     99960480
 save3Dbin =  T
 qnsave3D =   0.000000000000000E+000
 docolumn =  F
 doensemble =  F
 nensemble =            0
 nstatmom =         1000
 nstatmomstart =            1
 nstatmomend =            0
 savemombin =  F
 nmovie =         1000
 nmoviestart =     99999999
 nmovieend =     99999999
 Writting 3D data. file:./OUT_3D/bubble_rcemip300sst_160_MaxIce20_dry_64_0000000
 000.bin3D                                                       
 Number of statistics profiles:         647
 Statistics profiles to save:
PRES       U          V          UOBS       VOBS       WOBS       RHO        MSE     
DSE        SSE        THETAE     THETA      THETAV     THETAL     TABS       TABSOBS 
TL         QT         QV         QVOBS      TTEND      QTEND      QCL        QCI     
QPL        QPI        QN         QP         QNFR       FRACT      QSAT       QCOND   
PRECIP     RELH       TLFLUX     TLFLUXS    TVFLUX     QCFLUX     QIFLUX     SW      
SWSB       UW         UWSB       VW         VWSB       RADLWUP    RADLWDN    RADSWUP 
RADSWDN    RADQRLW    RADQRSW    RADQR      RADQRS     RADQRC     Q1C        Q1CC    
Q1CS       Q1LS       Q2         Q2C        Q2S        Q2LS       U2         V2      
W2         TL2        TQ         QT2        QC2        QI2        QS2        S2      
W3         AUP        WSKEW      TKE        TKES       TK         TKH        HLADV   
HLDIFF     HLLAT      HLRAD      QTADV      QTDIFF     QTSINK     QTSRC      QPADV   
QPDIFF     QPFALL     QPSRC      QPEVP      SHEAR      SHEARS     BUOYA      BUOYAS  
ADVTR      PRESSTR    ADVTRS     DIFTR      DISSIP     DISSIPS    WUADV      WVADV   
WUPRES     WVPRES     WUANIZ     WVANIZ     WUSHEAR    WVSHEAR    WUBUOY     WVBUOY  
WUDIFF     WVDIFF     W2ADV      W2PRES     W2REDIS    W2BUOY     W2DIFF     TWGRAD  
TWADV      TWDIFF     TWBUOY     TWPRES     TWPREC     QWGRAD     QWADV      QWDIFF  
QWBUOY     QWPRES     QWPREC     T2ADVTR    T2GRAD     T2DISSIP   T2DIFTR    T2PREC  
Q2ADVTR    Q2GRAD     Q2DISSIP   Q2DIFTR    Q2PREC     HYDRO      MCUP       MCDNS   
MCDNU      MC         CORE       CORECL     COREDN     COREDNCL   MCRUP      MCRDNS  
MCRDNU     MCR        QVTEND     QHTEND     QNUDGE     THTEND     TVTEND     TNUDGE  
WSTAR3     UADV       VADV       UDIFF      VDIFF      UNUDGE     VNUDGE     ULSADVV 
VLSADVV    USTOR      VSTOR      UTENDCOR   URESID     VTENDCOR   VRESID     HLSTOR  
QTSTOR     CLDCUMU1   CLDCUMD1   CLDCUMU2   CLDCUMD2   TBIAS      QBIAS      RELHBIAS
UXGRID     VXGRID     TKEDAMP    RADQRCLW   RADQRCSW   SURFVARS   CLD        WCLD    
UCLD       VCLD       MSECLD     DSECLD     TLCLD      TACLD      TVCLD      TVCLDA  
QTCLD      QNCLD      QPCLD      SCLD       WCLDA      TLWCLD     TVWCLD     SWCLD   
QTWCLD     QCWCLD     QIWCLD     HFCLD      HFCLDA     UCLDA      VCLDA      UPGFCLD 
VPGFCLD    WPGFCLD    UWCLD      VWCLD      UWSBCLD    VWSBCLD    MFCLD      MFHCLD  
MFHCLDA    MFTLCLD    MFTLCLDA   MFTVCLD    MFTVCLDA   MFQTCLD    MFQTCLDA   RUWCLD  
RVWCLD     RWWCLD     SUP        WSUP       USUP       VSUP       MSESUP     DSESUP  
TLSUP      TASUP      TVSUP      TVSUPA     QTSUP      QNSUP      QPSUP      SSUP    
WSUPA      TLWSUP     TVWSUP     SWSUP      QTWSUP     QCWSUP     QIWSUP     HFSUP   
HFSUPA     USUPA      VSUPA      UPGFSUP    VPGFSUP    WPGFSUP    UWSUP      VWSUP   
UWSBSUP    VWSBSUP    MFSUP      MFHSUP     MFHSUPA    MFTLSUP    MFTLSUPA   MFTVSUP 
MFTVSUPA   MFQTSUP    MFQTSUPA   RUWSUP     RVWSUP     RWWSUP     SDN        WSDN    
USDN       VSDN       MSESDN     DSESDN     TLSDN      TASDN      TVSDN      TVSDNA  
QTSDN      QNSDN      QPSDN      SSDN       WSDNA      TLWSDN     TVWSDN     SWSDN   
QTWSDN     QCWSDN     QIWSDN     HFSDN      HFSDNA     USDNA      VSDNA      UPGFSDN 
VPGFSDN    WPGFSDN    UWSDN      VWSDN      UWSBSDN    VWSBSDN    MFSDN      MFHSDN  
MFHSDNA    MFTLSDN    MFTLSDNA   MFTVSDN    MFTVSDNA   MFQTSDN    MFQTSDNA   RUWSDN  
RVWSDN     RWWSDN     ENV        WENV       UENV       VENV       MSEENV     DSEENV  
TLENV      TAENV      TVENV      TVENVA     QTENV      QNENV      QPENV      SENV    
WENVA      TLWENV     TVWENV     SWENV      QTWENV     QCWENV     QIWENV     HFENV   
HFENVA     UENVA      VENVA      UPGFENV    VPGFENV    WPGFENV    UWENV      VWENV   
UWSBENV    VWSBENV    MFENV      MFHENV     MFHENVA    MFTLENV    MFTLENVA   MFTVENV 
MFTVENVA   MFQTENV    MFQTENVA   RUWENV     RVWENV     RWWENV     QTFLUX     QTO     
QTO2       QTOADV     QTODIFF    QTOMPHY    QTOSED     QTOSDFLX   QTOSTRG    QTOFLXR 
QTOFLXS    NC         NCADV      NCDIFF     NCMPHY     NCSED      NCSDFLX    NCSTRG  
NCFLXR     NCFLXS     QR         QRADV      QRDIFF     QRMPHY     QRSED      QRSDFLX 
QRSTRG     QRFLXR     QRFLXS     NR         NRADV      NRDIFF     NRMPHY     NRSED   
NRSDFLX    NRSTRG     NRFLXR     NRFLXS     QIA        QIAADV     QIADIFF    QIAMPHY 
QIASED     QIASDFLX   QIASTRG    QIAFLXR    QIAFLXS    TAUQIA     QIAOEFFR   NIA     
NIAADV     NIADIFF    NIAMPHY    NIASED     NIASDFLX   NIASTRG    NIAFLXR    NIAFLXS 
IRA        IRAADV     IRADIFF    IRAMPHY    IRASED     IRASDFLX   IRASTRG    IRAFLXR 
IRAFLXS    IBA        IBAADV     IBADIFF    IBAMPHY    IBASED     IBASDFLX   IBASTRG 
IBAFLXR    IBAFLXS    QIB        QIBADV     QIBDIFF    QIBMPHY    QIBSED     QIBSDFLX
QIBSTRG    QIBFLXR    QIBFLXS    TAUQIB     QIBOEFFR   NIB        NIBADV     NIBDIFF 
NIBMPHY    NIBSED     NIBSDFLX   NIBSTRG    NIBFLXR    NIBFLXS    IRB        IRBADV  
IRBDIFF    IRBMPHY    IRBSED     IRBSDFLX   IRBSTRG    IRBFLXR    IRBFLXS    IBB     
IBBADV     IBBDIFF    IBBMPHY    IBBSED     IBBSDFLX   IBBSTRG    IBBFLXR    IBBFLXS 
QIC        QICADV     QICDIFF    QICMPHY    QICSED     QICSDFLX   QICSTRG    QICFLXR 
QICFLXS    TAUQIC     QICOEFFR   NIC        NICADV     NICDIFF    NICMPHY    NICSED  
NICSDFLX   NICSTRG    NICFLXR    NICFLXS    IRC        IRCADV     IRCDIFF    IRCMPHY 
IRCSED     IRCSDFLX   IRCSTRG    IRCFLXR    IRCFLXS    IBC        IBCADV     IBCDIFF 
IBCMPHY    IBCSED     IBCSDFLX   IBCSTRG    IBCFLXR    IBCFLXS    QID        QIDADV  
QIDDIFF    QIDMPHY    QIDSED     QIDSDFLX   QIDSTRG    QIDFLXR    QIDFLXS    TAUQID  
QIDOEFFR   NID        NIDADV     NIDDIFF    NIDMPHY    NIDSED     NIDSDFLX   NIDSTRG 
NIDFLXR    NIDFLXS    IRD        IRDADV     IRDDIFF    IRDMPHY    IRDSED     IRDSDFLX
IRDSTRG    IRDFLXR    IRDFLXS    IBD        IBDADV     IBDDIFF    IBDMPHY    IBDSED  
IBDSDFLX   IBDSTRG    IBDFLXR    IBDFLXS    QIE        QIEADV     QIEDIFF    QIEMPHY 
QIESED     QIESDFLX   QIESTRG    QIEFLXR    QIEFLXS    TAUQIE     QIEOEFFR   NIE     
NIEADV     NIEDIFF    NIEMPHY    NIESED     NIESDFLX   NIESTRG    NIEFLXR    NIEFLXS 
IRE        IREADV     IREDIFF    IREMPHY    IRESED     IRESDFLX   IRESTRG    IREFLXR 
IREFLXS    IBE        IBEADV     IBEDIFF    IBEMPHY    IBESED     IBESDFLX   IBESTRG 
IBEFLXR    IBEFLXS    QIF        QIFADV     QIFDIFF    QIFMPHY    QIFSED     QIFSDFLX
QIFSTRG    QIFFLXR    QIFFLXS    TAUQIF     QIFOEFFR   NIF        NIFADV     NIFDIFF 
NIFMPHY    NIFSED     NIFSDFLX   NIFSTRG    NIFFLXR    NIFFLXS    IRF        IRFADV  
IRFDIFF    IRFMPHY    IRFSED     IRFSDFLX   IRFSTRG    IRFFLXR    IRFFLXS    IBF     
IBFADV     IBFDIFF    IBFMPHY    IBFSED     IBFSDFLX   IBFSTRG    IBFFLXR    IBFFLXS 
QC         TAUQC      QCOEFFR    T1         QV1        ninuc      ninuc2     ninuc3  
ncheti     nrheti     nimul      nimlt      nisub      nislf      nrchomi 
wspd, zbot, t_degC, zbot =       0.00000000     25.00000000     27.37444195     25.00000000
qbot,zbot,pmidm1,ts_degC =       0.01483130     25.00000000   1011.94492693     26.85000000
tau,shf,lhf,Le =     0.000000E+00   -0.166066E-02    0.167151E-04    0.000000E+00
ssq, lhf_coef, ustar,  u10n =         0.022076       -0.002307        0.056978        1.097450
 SHF/LHF (W/m2 approx) =   -2.02068838757375        50.3460228655223     
wspd, zbot, t_degC, zbot =       0.00000000     25.00000000     27.37444195     25.00000000
qbot,zbot,pmidm1,ts_degC =       0.01483130     25.00000000   1011.94492693     26.85000000
tau,shf,lhf,Le =     0.000000E+00   -0.166066E-02    0.167151E-04    0.000000E+00
ssq, lhf_coef, ustar,  u10n =         0.022076       -0.002307        0.056978        1.097450
 SHF/LHF (W/m2 approx) =   -2.02068838757375        50.3460228655223     
wspd, zbot, t_degC, zbot =       0.00000000     25.00000000     27.37444195     25.00000000
qbot,zbot,pmidm1,ts_degC =       0.01483130     25.00000000   1011.94492693     26.85000000
tau,shf,lhf,Le =     0.000000E+00   -0.166066E-02    0.167151E-04    0.000000E+00
ssq, lhf_coef, ustar,  u10n =         0.022076       -0.002307        0.056978        1.097450
 SHF/LHF (W/m2 approx) =   -2.02068838757375        50.3460228655223     
wspd, zbot, t_degC, zbot =       0.00000000     25.00000000     27.37444195     25.00000000
qbot,zbot,pmidm1,ts_degC =       0.01483130     25.00000000   1011.94492693     26.85000000
tau,shf,lhf,Le =     0.000000E+00   -0.166066E-02    0.167151E-04    0.000000E+00
ssq, lhf_coef, ustar,  u10n =         0.022076       -0.002307        0.056978        1.097450
 SHF/LHF (W/m2 approx) =   -2.02068838757375        50.3460228655223     
wspd, zbot, t_degC, zbot =       0.00000000     25.00000000     27.37444195     25.00000000
qbot,zbot,pmidm1,ts_degC =       0.01483130     25.00000000   1011.94492693     26.85000000
tau,shf,lhf,Le =     0.000000E+00   -0.166066E-02    0.167151E-04    0.000000E+00
ssq, lhf_coef, ustar,  u10n =         0.022076       -0.002307        0.056978        1.097450
 SHF/LHF (W/m2 approx) =   -2.02068838757375        50.3460228655223     
wspd, zbot, t_degC, zbot =       0.00000000     25.00000000     27.37444195     25.00000000
qbot,zbot,pmidm1,ts_degC =       0.01483130     25.00000000   1011.94492693     26.85000000
tau,shf,lhf,Le =     0.000000E+00   -0.166066E-02    0.167151E-04    0.000000E+00
ssq, lhf_coef, ustar,  u10n =         0.022076       -0.002307        0.056978        1.097450
 SHF/LHF (W/m2 approx) =   -2.02068838757375        50.3460228655223     
wspd, zbot, t_degC, zbot =       0.00000000     25.00000000     27.37444195     25.00000000
qbot,zbot,pmidm1,ts_degC =       0.01483130     25.00000000   1011.94492693     26.85000000
tau,shf,lhf,Le =     0.000000E+00   -0.166066E-02    0.167151E-04    0.000000E+00
ssq, lhf_coef, ustar,  u10n =         0.022076       -0.002307        0.056978        1.097450
 SHF/LHF (W/m2 approx) =   -2.02068838757375        50.3460228655223     
wspd, zbot, t_degC, zbot =       0.00000000     25.00000000     27.37444195     25.00000000
qbot,zbot,pmidm1,ts_degC =       0.01483130     25.00000000   1011.94492693     26.85000000
tau,shf,lhf,Le =     0.000000E+00   -0.166066E-02    0.167151E-04    0.000000E+00
ssq, lhf_coef, ustar,  u10n =         0.022076       -0.002307        0.056978        1.097450
 SHF/LHF (W/m2 approx) =   -2.02068838757375        50.3460228655223     
wspd, zbot, t_degC, zbot =       0.00000000     25.00000000     27.37444195     25.00000000
qbot,zbot,pmidm1,ts_degC =       0.01483130     25.00000000   1011.94492693     26.85000000
tau,shf,lhf,Le =     0.000000E+00   -0.166066E-02    0.167151E-04    0.000000E+00
ssq, lhf_coef, ustar,  u10n =         0.022076       -0.002307        0.056978        1.097450
 SHF/LHF (W/m2 approx) =   -2.02068838757375        50.3460228655223     
wspd, zbot, t_degC, zbot =       0.00000000     25.00000000     27.37444195     25.00000000
qbot,zbot,pmidm1,ts_degC =       0.01483130     25.00000000   1011.94492693     26.85000000
tau,shf,lhf,Le =     0.000000E+00   -0.166066E-02    0.167151E-04    0.000000E+00
ssq, lhf_coef, ustar,  u10n =         0.022076       -0.002307        0.056978        1.097450
 SHF/LHF (W/m2 approx) =   -2.02068838757375        50.3460228655223     
wspd, zbot, t_degC, zbot =       0.00000000     25.00000000     27.37444195     25.00000000
qbot,zbot,pmidm1,ts_degC =       0.01483130     25.00000000   1011.94492693     26.85000000
tau,shf,lhf,Le =     0.000000E+00   -0.166066E-02    0.167151E-04    0.000000E+00
ssq, lhf_coef, ustar,  u10n =         0.022076       -0.002307        0.056978        1.097450
 SHF/LHF (W/m2 approx) =   -2.02068838757375        50.3460228655223     
wspd, zbot, t_degC, zbot =       0.00000000     25.00000000     27.37444195     25.00000000
qbot,zbot,pmidm1,ts_degC =       0.01483130     25.00000000   1011.94492693     26.85000000
tau,shf,lhf,Le =     0.000000E+00   -0.166066E-02    0.167151E-04    0.000000E+00
ssq, lhf_coef, ustar,  u10n =         0.022076       -0.002307        0.056978        1.097450
 SHF/LHF (W/m2 approx) =   -2.02068838757375        50.3460228655223     
wspd, zbot, t_degC, zbot =       0.00000000     25.00000000     27.37444195     25.00000000
qbot,zbot,pmidm1,ts_degC =       0.01483130     25.00000000   1011.94492693     26.85000000
tau,shf,lhf,Le =     0.000000E+00   -0.166066E-02    0.167151E-04    0.000000E+00
ssq, lhf_coef, ustar,  u10n =         0.022076       -0.002307        0.056978        1.097450
 SHF/LHF (W/m2 approx) =   -2.02068838757375        50.3460228655223     
wspd, zbot, t_degC, zbot =       0.00000000     25.00000000     27.37444195     25.00000000
qbot,zbot,pmidm1,ts_degC =       0.01483130     25.00000000   1011.94492693     26.85000000
tau,shf,lhf,Le =     0.000000E+00   -0.166066E-02    0.167151E-04    0.000000E+00
ssq, lhf_coef, ustar,  u10n =         0.022076       -0.002307        0.056978        1.097450
 SHF/LHF (W/m2 approx) =   -2.02068838757375        50.3460228655223     
wspd, zbot, t_degC, zbot =       0.00000000     25.00000000     27.37444195     25.00000000
qbot,zbot,pmidm1,ts_degC =       0.01483130     25.00000000   1011.94492693     26.85000000
tau,shf,lhf,Le =     0.000000E+00   -0.166066E-02    0.167151E-04    0.000000E+00
ssq, lhf_coef, ustar,  u10n =         0.022076       -0.002307        0.056978        1.097450
 SHF/LHF (W/m2 approx) =   -2.02068838757375        50.3460228655223     
wspd, zbot, t_degC, zbot =       0.00000000     25.00000000     27.37444195     25.00000000
qbot,zbot,pmidm1,ts_degC =       0.01483130     25.00000000   1011.94492693     26.85000000
tau,shf,lhf,Le =     0.000000E+00   -0.166066E-02    0.167151E-04    0.000000E+00
ssq, lhf_coef, ustar,  u10n =         0.022076       -0.002307        0.056978        1.097450
 SHF/LHF (W/m2 approx) =   -2.02068838757375        50.3460228655223     
wspd, zbot, t_degC, zbot =       0.00000000     25.00000000     27.37444195     25.00000000
qbot,zbot,pmidm1,ts_degC =       0.01483130     25.00000000   1011.94492693     26.85000000
tau,shf,lhf,Le =     0.000000E+00   -0.166066E-02    0.167151E-04    0.000000E+00
ssq, lhf_coef, ustar,  u10n =         0.022076       -0.002307        0.056978        1.097450
 SHF/LHF (W/m2 approx) =   -2.02068838757375        50.3460228655223     
wspd, zbot, t_degC, zbot =       0.00000000     25.00000000     27.37444195     25.00000000
qbot,zbot,pmidm1,ts_degC =       0.01483130     25.00000000   1011.94492693     26.85000000
tau,shf,lhf,Le =     0.000000E+00   -0.166066E-02    0.167151E-04    0.000000E+00
ssq, lhf_coef, ustar,  u10n =         0.022076       -0.002307        0.056978        1.097450
 SHF/LHF (W/m2 approx) =   -2.02068838757375        50.3460228655223     
wspd, zbot, t_degC, zbot =       0.00000000     25.00000000     27.37444195     25.00000000
qbot,zbot,pmidm1,ts_degC =       0.01483130     25.00000000   1011.94492693     26.85000000
tau,shf,lhf,Le =     0.000000E+00   -0.166066E-02    0.167151E-04    0.000000E+00
ssq, lhf_coef, ustar,  u10n =         0.022076       -0.002307        0.056978        1.097450
 SHF/LHF (W/m2 approx) =   -2.02068838757375        50.3460228655223     
wspd, zbot, t_degC, zbot =       0.00000000     25.00000000     27.37444195     25.00000000
wspd, zbot, t_degC, zbot =       0.00000000     25.00000000     27.37444195     25.00000000
qbot,zbot,pmidm1,ts_degC =       0.01483130     25.00000000   1011.94492693     26.85000000
tau,shf,lhf,Le =     0.000000E+00   -0.166066E-02    0.167151E-04    0.000000E+00
ssq, lhf_coef, ustar,  u10n =         0.022076       -0.002307        0.056978        1.097450
 SHF/LHF (W/m2 approx) =   -2.02068838757375        50.3460228655223     
wspd, zbot, t_degC, zbot =       0.00000000     25.00000000     27.37444195     25.00000000
qbot,zbot,pmidm1,ts_degC =       0.01483130     25.00000000   1011.94492693     26.85000000
tau,shf,lhf,Le =     0.000000E+00   -0.166066E-02    0.167151E-04    0.000000E+00
ssq, lhf_coef, ustar,  u10n =         0.022076       -0.002307        0.056978        1.097450
 SHF/LHF (W/m2 approx) =   -2.02068838757375        50.3460228655223     
wspd, zbot, t_degC, zbot =       0.00000000     25.00000000     27.37444195     25.00000000
qbot,zbot,pmidm1,ts_degC =       0.01483130     25.00000000   1011.94492693     26.85000000
tau,shf,lhf,Le =     0.000000E+00   -0.166066E-02    0.167151E-04    0.000000E+00
ssq, lhf_coef, ustar,  u10n =         0.022076       -0.002307        0.056978        1.097450
 SHF/LHF (W/m2 approx) =   -2.02068838757375        50.3460228655223     
wspd, zbot, t_degC, zbot =       0.00000000     25.00000000     27.37444195     25.00000000
qbot,zbot,pmidm1,ts_degC =       0.01483130     25.00000000   1011.94492693     26.85000000
tau,shf,lhf,Le =     0.000000E+00   -0.166066E-02    0.167151E-04    0.000000E+00
ssq, lhf_coef, ustar,  u10n =         0.022076       -0.002307        0.056978        1.097450
 SHF/LHF (W/m2 approx) =   -2.02068838757375        50.3460228655223     
wspd, zbot, t_degC, zbot =       0.00000000     25.00000000     27.37444195     25.00000000
qbot,zbot,pmidm1,ts_degC =       0.01483130     25.00000000   1011.94492693     26.85000000
tau,shf,lhf,Le =     0.000000E+00   -0.166066E-02    0.167151E-04    0.000000E+00
ssq, lhf_coef, ustar,  u10n =         0.022076       -0.002307        0.056978        1.097450
 SHF/LHF (W/m2 approx) =   -2.02068838757375        50.3460228655223     
wspd, zbot, t_degC, zbot =       0.00000000     25.00000000     27.37444195     25.00000000
qbot,zbot,pmidm1,ts_degC =       0.01483130     25.00000000   1011.94492693     26.85000000
tau,shf,lhf,Le =     0.000000E+00   -0.166066E-02    0.167151E-04    0.000000E+00
ssq, lhf_coef, ustar,  u10n =         0.022076       -0.002307        0.056978        1.097450
 SHF/LHF (W/m2 approx) =   -2.02068838757375        50.3460228655223     
wspd, zbot, t_degC, zbot =       0.00000000     25.00000000     27.37444195     25.00000000
qbot,zbot,pmidm1,ts_degC =       0.01483130     25.00000000   1011.94492693     26.85000000
tau,shf,lhf,Le =     0.000000E+00   -0.166066E-02    0.167151E-04    0.000000E+00
ssq, lhf_coef, ustar,  u10n =         0.022076       -0.002307        0.056978        1.097450
 SHF/LHF (W/m2 approx) =   -2.02068838757375        50.3460228655223     
wspd, zbot, t_degC, zbot =       0.00000000     25.00000000     27.37444195     25.00000000
qbot,zbot,pmidm1,ts_degC =       0.01483130     25.00000000   1011.94492693     26.85000000
tau,shf,lhf,Le =     0.000000E+00   -0.166066E-02    0.167151E-04    0.000000E+00
ssq, lhf_coef, ustar,  u10n =         0.022076       -0.002307        0.056978        1.097450
 SHF/LHF (W/m2 approx) =   -2.02068838757375        50.3460228655223     
wspd, zbot, t_degC, zbot =       0.00000000     25.00000000     27.37444195     25.00000000
qbot,zbot,pmidm1,ts_degC =       0.01483130     25.00000000   1011.94492693     26.85000000
tau,shf,lhf,Le =     0.000000E+00   -0.166066E-02    0.167151E-04    0.000000E+00
ssq, lhf_coef, ustar,  u10n =         0.022076       -0.002307        0.056978        1.097450
 SHF/LHF (W/m2 approx) =   -2.02068838757375        50.3460228655223     
wspd, zbot, t_degC, zbot =       0.00000000     25.00000000     27.37444195     25.00000000
qbot,zbot,pmidm1,ts_degC =       0.01483130     25.00000000   1011.94492693     26.85000000
tau,shf,lhf,Le =     0.000000E+00   -0.166066E-02    0.167151E-04    0.000000E+00
ssq, lhf_coef, ustar,  u10n =         0.022076       -0.002307        0.056978        1.097450
 SHF/LHF (W/m2 approx) =   -2.02068838757375        50.3460228655223     
wspd, zbot, t_degC, zbot =       0.00000000     25.00000000     27.37444195     25.00000000
qbot,zbot,pmidm1,ts_degC =       0.01483130     25.00000000   1011.94492693     26.85000000
tau,shf,lhf,Le =     0.000000E+00   -0.166066E-02    0.167151E-04    0.000000E+00
ssq, lhf_coef, ustar,  u10n =         0.022076       -0.002307        0.056978        1.097450
 SHF/LHF (W/m2 approx) =   -2.02068838757375        50.3460228655223     
wspd, zbot, t_degC, zbot =       0.00000000     25.00000000     27.37444195     25.00000000
qbot,zbot,pmidm1,ts_degC =       0.01483130     25.00000000   1011.94492693     26.85000000
tau,shf,lhf,Le =     0.000000E+00   -0.166066E-02    0.167151E-04    0.000000E+00
ssq, lhf_coef, ustar,  u10n =         0.022076       -0.002307        0.056978        1.097450
 SHF/LHF (W/m2 approx) =   -2.02068838757375        50.3460228655223     
wspd, zbot, t_degC, zbot =       0.00000000     25.00000000     27.37444195     25.00000000
qbot,zbot,pmidm1,ts_degC =       0.01483130     25.00000000   1011.94492693     26.85000000
tau,shf,lhf,Le =     0.000000E+00   -0.166066E-02    0.167151E-04    0.000000E+00
ssq, lhf_coef, ustar,  u10n =         0.022076       -0.002307        0.056978        1.097450
 SHF/LHF (W/m2 approx) =   -2.02068838757375        50.3460228655223     
wspd, zbot, t_degC, zbot =       0.00000000     25.00000000     27.37444195     25.00000000
qbot,zbot,pmidm1,ts_degC =       0.01483130     25.00000000   1011.94492693     26.85000000
tau,shf,lhf,Le =     0.000000E+00   -0.166066E-02    0.167151E-04    0.000000E+00
ssq, lhf_coef, ustar,  u10n =         0.022076       -0.002307        0.056978        1.097450
 SHF/LHF (W/m2 approx) =   -2.02068838757375        50.3460228655223     
wspd, zbot, t_degC, zbot =       0.00000000     25.00000000     27.37444195     25.00000000
qbot,zbot,pmidm1,ts_degC =       0.01483130     25.00000000   1011.94492693     26.85000000
tau,shf,lhf,Le =     0.000000E+00   -0.166066E-02    0.167151E-04    0.000000E+00
ssq, lhf_coef, ustar,  u10n =         0.022076       -0.002307        0.056978        1.097450
 SHF/LHF (W/m2 approx) =   -2.02068838757375        50.3460228655223     
wspd, zbot, t_degC, zbot =       0.00000000     25.00000000     27.37444195     25.00000000
qbot,zbot,pmidm1,ts_degC =       0.01483130     25.00000000   1011.94492693     26.85000000
tau,shf,lhf,Le =     0.000000E+00   -0.166066E-02    0.167151E-04    0.000000E+00
ssq, lhf_coef, ustar,  u10n =         0.022076       -0.002307        0.056978        1.097450
 SHF/LHF (W/m2 approx) =   -2.02068838757375        50.3460228655223     
wspd, zbot, t_degC, zbot =       0.00000000     25.00000000     27.37444195     25.00000000
qbot,zbot,pmidm1,ts_degC =       0.01483130     25.00000000   1011.94492693     26.85000000
tau,shf,lhf,Le =     0.000000E+00   -0.166066E-02    0.167151E-04    0.000000E+00
ssq, lhf_coef, ustar,  u10n =         0.022076       -0.002307        0.056978        1.097450
 SHF/LHF (W/m2 approx) =   -2.02068838757375        50.3460228655223     
wspd, zbot, t_degC, zbot =       0.00000000     25.00000000     27.37444195     25.00000000
qbot,zbot,pmidm1,ts_degC =       0.01483130     25.00000000   1011.94492693     26.85000000
tau,shf,lhf,Le =     0.000000E+00   -0.166066E-02    0.167151E-04    0.000000E+00
ssq, lhf_coef, ustar,  u10n =         0.022076       -0.002307        0.056978        1.097450
 SHF/LHF (W/m2 approx) =   -2.02068838757375        50.3460228655223     
wspd, zbot, t_degC, zbot =       0.00000000     25.00000000     27.37444195     25.00000000
qbot,zbot,pmidm1,ts_degC =       0.01483130     25.00000000   1011.94492693     26.85000000
tau,shf,lhf,Le =     0.000000E+00   -0.166066E-02    0.167151E-04    0.000000E+00
ssq, lhf_coef, ustar,  u10n =         0.022076       -0.002307        0.056978        1.097450
 SHF/LHF (W/m2 approx) =   -2.02068838757375        50.3460228655223     
wspd, zbot, t_degC, zbot =       0.00000000     25.00000000     27.37444195     25.00000000
qbot,zbot,pmidm1,ts_degC =       0.01483130     25.00000000   1011.94492693     26.85000000
tau,shf,lhf,Le =     0.000000E+00   -0.166066E-02    0.167151E-04    0.000000E+00
ssq, lhf_coef, ustar,  u10n =         0.022076       -0.002307        0.056978        1.097450
 SHF/LHF (W/m2 approx) =   -2.02068838757375        50.3460228655223     
wspd, zbot, t_degC, zbot =       0.00000000     25.00000000     27.37444195     25.00000000
qbot,zbot,pmidm1,ts_degC =       0.01483130     25.00000000   1011.94492693     26.85000000
tau,shf,lhf,Le =     0.000000E+00   -0.166066E-02    0.167151E-04    0.000000E+00
ssq, lhf_coef, ustar,  u10n =         0.022076       -0.002307        0.056978        1.097450
 SHF/LHF (W/m2 approx) =   -2.02068838757375        50.3460228655223     
wspd, zbot, t_degC, zbot =       0.00000000     25.00000000     27.37444195     25.00000000
qbot,zbot,pmidm1,ts_degC =       0.01483130     25.00000000   1011.94492693     26.85000000
tau,shf,lhf,Le =     0.000000E+00   -0.166066E-02    0.167151E-04    0.000000E+00
ssq, lhf_coef, ustar,  u10n =         0.022076       -0.002307        0.056978        1.097450
 SHF/LHF (W/m2 approx) =   -2.02068838757375        50.3460228655223     
wspd, zbot, t_degC, zbot =       0.00000000     25.00000000     27.37444195     25.00000000
qbot,zbot,pmidm1,ts_degC =       0.01483130     25.00000000   1011.94492693     26.85000000
tau,shf,lhf,Le =     0.000000E+00   -0.166066E-02    0.167151E-04    0.000000E+00
ssq, lhf_coef, ustar,  u10n =         0.022076       -0.002307        0.056978        1.097450
 SHF/LHF (W/m2 approx) =   -2.02068838757375        50.3460228655223     
wspd, zbot, t_degC, zbot =       0.00000000     25.00000000     27.37444195     25.00000000
qbot,zbot,pmidm1,ts_degC =       0.01483130     25.00000000   1011.94492693     26.85000000
tau,shf,lhf,Le =     0.000000E+00   -0.166066E-02    0.167151E-04    0.000000E+00
ssq, lhf_coef, ustar,  u10n =         0.022076       -0.002307        0.056978        1.097450
 SHF/LHF (W/m2 approx) =   -2.02068838757375        50.3460228655223     
wspd, zbot, t_degC, zbot =       0.00000000     25.00000000     27.37444195     25.00000000
qbot,zbot,pmidm1,ts_degC =       0.01483130     25.00000000   1011.94492693     26.85000000
tau,shf,lhf,Le =     0.000000E+00   -0.166066E-02    0.167151E-04    0.000000E+00
ssq, lhf_coef, ustar,  u10n =         0.022076       -0.002307        0.056978        1.097450
 SHF/LHF (W/m2 approx) =   -2.02068838757375        50.3460228655223     
wspd, zbot, t_degC, zbot =       0.00000000     25.00000000     27.37444195     25.00000000
qbot,zbot,pmidm1,ts_degC =       0.01483130     25.00000000   1011.94492693     26.85000000
tau,shf,lhf,Le =     0.000000E+00   -0.166066E-02    0.167151E-04    0.000000E+00
ssq, lhf_coef, ustar,  u10n =         0.022076       -0.002307        0.056978        1.097450
 SHF/LHF (W/m2 approx) =   -2.02068838757375        50.3460228655223     
wspd, zbot, t_degC, zbot =       0.00000000     25.00000000     27.37444195     25.00000000
qbot,zbot,pmidm1,ts_degC =       0.01483130     25.00000000   1011.94492693     26.85000000
tau,shf,lhf,Le =     0.000000E+00   -0.166066E-02    0.167151E-04    0.000000E+00
ssq, lhf_coef, ustar,  u10n =         0.022076       -0.002307        0.056978        1.097450
 SHF/LHF (W/m2 approx) =   -2.02068838757375        50.3460228655223     
wspd, zbot, t_degC, zbot =       0.00000000     25.00000000     27.37444195     25.00000000
qbot,zbot,pmidm1,ts_degC =       0.01483130     25.00000000   1011.94492693     26.85000000
tau,shf,lhf,Le =     0.000000E+00   -0.166066E-02    0.167151E-04    0.000000E+00
ssq, lhf_coef, ustar,  u10n =         0.022076       -0.002307        0.056978        1.097450
 SHF/LHF (W/m2 approx) =   -2.02068838757375        50.3460228655223     
wspd, zbot, t_degC, zbot =       0.00000000     25.00000000     27.37444195     25.00000000
qbot,zbot,pmidm1,ts_degC =       0.01483130     25.00000000   1011.94492693     26.85000000
tau,shf,lhf,Le =     0.000000E+00   -0.166066E-02    0.167151E-04    0.000000E+00
ssq, lhf_coef, ustar,  u10n =         0.022076       -0.002307        0.056978        1.097450
 SHF/LHF (W/m2 approx) =   -2.02068838757375        50.3460228655223     
wspd, zbot, t_degC, zbot =       0.00000000     25.00000000     27.37444195     25.00000000
qbot,zbot,pmidm1,ts_degC =       0.01483130     25.00000000   1011.94492693     26.85000000
tau,shf,lhf,Le =     0.000000E+00   -0.166066E-02    0.167151E-04    0.000000E+00
ssq, lhf_coef, ustar,  u10n =         0.022076       -0.002307        0.056978        1.097450
 SHF/LHF (W/m2 approx) =   -2.02068838757375        50.3460228655223     
wspd, zbot, t_degC, zbot =       0.00000000     25.00000000     27.37444195     25.00000000
qbot,zbot,pmidm1,ts_degC =       0.01483130     25.00000000   1011.94492693     26.85000000
tau,shf,lhf,Le =     0.000000E+00   -0.166066E-02    0.167151E-04    0.000000E+00
ssq, lhf_coef, ustar,  u10n =         0.022076       -0.002307        0.056978        1.097450
 SHF/LHF (W/m2 approx) =   -2.02068838757375        50.3460228655223     
wspd, zbot, t_degC, zbot =       0.00000000     25.00000000     27.37444195     25.00000000
qbot,zbot,pmidm1,ts_degC =       0.01483130     25.00000000   1011.94492693     26.85000000
tau,shf,lhf,Le =     0.000000E+00   -0.166066E-02    0.167151E-04    0.000000E+00
ssq, lhf_coef, ustar,  u10n =         0.022076       -0.002307        0.056978        1.097450
 SHF/LHF (W/m2 approx) =   -2.02068838757375        50.3460228655223     
wspd, zbot, t_degC, zbot =       0.00000000     25.00000000     27.37444195     25.00000000
qbot,zbot,pmidm1,ts_degC =       0.01483130     25.00000000   1011.94492693     26.85000000
tau,shf,lhf,Le =     0.000000E+00   -0.166066E-02    0.167151E-04    0.000000E+00
ssq, lhf_coef, ustar,  u10n =         0.022076       -0.002307        0.056978        1.097450
 SHF/LHF (W/m2 approx) =   -2.02068838757375        50.3460228655223     
wspd, zbot, t_degC, zbot =       0.00000000     25.00000000     27.37444195     25.00000000
qbot,zbot,pmidm1,ts_degC =       0.01483130     25.00000000   1011.94492693     26.85000000
tau,shf,lhf,Le =     0.000000E+00   -0.166066E-02    0.167151E-04    0.000000E+00
ssq, lhf_coef, ustar,  u10n =         0.022076       -0.002307        0.056978        1.097450
 SHF/LHF (W/m2 approx) =   -2.02068838757375        50.3460228655223     
wspd, zbot, t_degC, zbot =       0.00000000     25.00000000     27.37444195     25.00000000
qbot,zbot,pmidm1,ts_degC =       0.01483130     25.00000000   1011.94492693     26.85000000
tau,shf,lhf,Le =     0.000000E+00   -0.166066E-02    0.167151E-04    0.000000E+00
ssq, lhf_coef, ustar,  u10n =         0.022076       -0.002307        0.056978        1.097450
 SHF/LHF (W/m2 approx) =   -2.02068838757375        50.3460228655223     
wspd, zbot, t_degC, zbot =       0.00000000     25.00000000     27.37444195     25.00000000
qbot,zbot,pmidm1,ts_degC =       0.01483130     25.00000000   1011.94492693     26.85000000
tau,shf,lhf,Le =     0.000000E+00   -0.166066E-02    0.167151E-04    0.000000E+00
ssq, lhf_coef, ustar,  u10n =         0.022076       -0.002307        0.056978        1.097450
 SHF/LHF (W/m2 approx) =   -2.02068838757375        50.3460228655223     
wspd, zbot, t_degC, zbot =       0.00000000     25.00000000     27.37444195     25.00000000
qbot,zbot,pmidm1,ts_degC =       0.01483130     25.00000000   1011.94492693     26.85000000
tau,shf,lhf,Le =     0.000000E+00   -0.166066E-02    0.167151E-04    0.000000E+00
ssq, lhf_coef, ustar,  u10n =         0.022076       -0.002307        0.056978        1.097450
 SHF/LHF (W/m2 approx) =   -2.02068838757375        50.3460228655223     
wspd, zbot, t_degC, zbot =       0.00000000     25.00000000     27.37444195     25.00000000
qbot,zbot,pmidm1,ts_degC =       0.01483130     25.00000000   1011.94492693     26.85000000
tau,shf,lhf,Le =     0.000000E+00   -0.166066E-02    0.167151E-04    0.000000E+00
ssq, lhf_coef, ustar,  u10n =         0.022076       -0.002307        0.056978        1.097450
 SHF/LHF (W/m2 approx) =   -2.02068838757375        50.3460228655223     
wspd, zbot, t_degC, zbot =       0.00000000     25.00000000     27.37444195     25.00000000
qbot,zbot,pmidm1,ts_degC =       0.01483130     25.00000000   1011.94492693     26.85000000
tau,shf,lhf,Le =     0.000000E+00   -0.166066E-02    0.167151E-04    0.000000E+00
ssq, lhf_coef, ustar,  u10n =         0.022076       -0.002307        0.056978        1.097450
 SHF/LHF (W/m2 approx) =   -2.02068838757375        50.3460228655223     
wspd, zbot, t_degC, zbot =       0.00000000     25.00000000     27.37444195     25.00000000
qbot,zbot,pmidm1,ts_degC =       0.01483130     25.00000000   1011.94492693     26.85000000
tau,shf,lhf,Le =     0.000000E+00   -0.166066E-02    0.167151E-04    0.000000E+00
ssq, lhf_coef, ustar,  u10n =         0.022076       -0.002307        0.056978        1.097450
 SHF/LHF (W/m2 approx) =   -2.02068838757375        50.3460228655223     
wspd, zbot, t_degC, zbot =       0.00000000     25.00000000     27.37444195     25.00000000
qbot,zbot,pmidm1,ts_degC =       0.01483130     25.00000000   1011.94492693     26.85000000
tau,shf,lhf,Le =     0.000000E+00   -0.166066E-02    0.167151E-04    0.000000E+00
ssq, lhf_coef, ustar,  u10n =         0.022076       -0.002307        0.056978        1.097450
 SHF/LHF (W/m2 approx) =   -2.02068838757375        50.3460228655223     
wspd, zbot, t_degC, zbot =       0.00000000     25.00000000     27.37444195     25.00000000
qbot,zbot,pmidm1,ts_degC =       0.01483130     25.00000000   1011.94492693     26.85000000
tau,shf,lhf,Le =     0.000000E+00   -0.166066E-02    0.167151E-04    0.000000E+00
ssq, lhf_coef, ustar,  u10n =         0.022076       -0.002307        0.056978        1.097450
 SHF/LHF (W/m2 approx) =   -2.02068838757375        50.3460228655223     
wspd, zbot, t_degC, zbot =       0.00000000     25.00000000     27.37444195     25.00000000
wspd, zbot, t_degC, zbot =       0.00000000     25.00000000     27.37444195     25.00000000
qbot,zbot,pmidm1,ts_degC =       0.01483130     25.00000000   1011.94492693     26.85000000
tau,shf,lhf,Le =     0.000000E+00   -0.166066E-02    0.167151E-04    0.000000E+00
ssq, lhf_coef, ustar,  u10n =         0.022076       -0.002307        0.056978        1.097450
 SHF/LHF (W/m2 approx) =   -2.02068838757375        50.3460228655223     
qbot,zbot,pmidm1,ts_degC =       0.01483130     25.00000000   1011.94492693     26.85000000
qbot,zbot,pmidm1,ts_degC =       0.01483130     25.00000000   1011.94492693     26.85000000
tau,shf,lhf,Le =     0.000000E+00   -0.166066E-02    0.167151E-04    0.000000E+00
tau,shf,lhf,Le =     0.000000E+00   -0.166066E-02    0.167151E-04    0.000000E+00
ssq, lhf_coef, ustar,  u10n =         0.022076       -0.002307        0.056978        1.097450
ssq, lhf_coef, ustar,  u10n =         0.022076       -0.002307        0.056978        1.097450
 SHF/LHF (W/m2 approx) =   -2.02068838757375        50.3460228655223     
 SHF/LHF (W/m2 approx) =   -2.02068838757375        50.3460228655223     
 RRTMG rrtmg_lw.nc trace gas profile: number of levels=          59
 gas traces vertical profiles (ppmv):
  p (hPa)        O3          CO2         CH4         N2O         O2          
 CFC11       CFC12       CFC22       CCL4 
 1011.94  0.1762E-07  0.3550E-03  0.1700E-05  0.3200E-06  0.2090E+00  0.0000E+00  0.0000E+00  0.0000E+00  0.0000E+00
 1009.10  0.1765E-07  0.3550E-03  0.1700E-05  0.3200E-06  0.2090E+00  0.0000E+00  0.0000E+00  0.0000E+00  0.0000E+00
 1002.82  0.1768E-07  0.3550E-03  0.1700E-05  0.3200E-06  0.2090E+00  0.0000E+00  0.0000E+00  0.0000E+00  0.0000E+00
  996.58  0.1772E-07  0.3550E-03  0.1700E-05  0.3200E-06  0.2090E+00  0.0000E+00  0.0000E+00  0.0000E+00  0.0000E+00
  989.19  0.1777E-07  0.3550E-03  0.1700E-05  0.3200E-06  0.2090E+00  0.0000E+00  0.0000E+00  0.0000E+00  0.0000E+00
  981.84  0.1782E-07  0.3550E-03  0.1700E-05  0.3200E-06  0.2090E+00  0.0000E+00  0.0000E+00  0.0000E+00  0.0000E+00
  973.37  0.1787E-07  0.3550E-03  0.1700E-05  0.3200E-06  0.2090E+00  0.0000E+00  0.0000E+00  0.0000E+00  0.0000E+00
  964.97  0.1793E-07  0.3550E-03  0.1700E-05  0.3200E-06  0.2090E+00  0.0000E+00  0.0000E+00  0.0000E+00  0.0000E+00
  955.47  0.1799E-07  0.3550E-03  0.1700E-05  0.3200E-06  0.2090E+00  0.0000E+00  0.0000E+00  0.0000E+00  0.0000E+00
  946.05  0.1805E-07  0.3550E-03  0.1700E-05  0.3200E-06  0.2090E+00  0.0000E+00  0.0000E+00  0.0000E+00  0.0000E+00
  935.57  0.1812E-07  0.3550E-03  0.1700E-05  0.3200E-06  0.2090E+00  0.0000E+00  0.0000E+00  0.0000E+00  0.0000E+00
  925.19  0.1819E-07  0.3550E-03  0.1700E-05  0.3200E-06  0.2090E+00  0.0000E+00  0.0000E+00  0.0000E+00  0.0000E+00
  913.80  0.1826E-07  0.3550E-03  0.1700E-05  0.3200E-06  0.2090E+00  0.0000E+00  0.0000E+00  0.0000E+00  0.0000E+00
  902.51  0.1834E-07  0.3550E-03  0.1700E-05  0.3200E-06  0.2090E+00  0.0000E+00  0.0000E+00  0.0000E+00  0.0000E+00
  890.26  0.1841E-07  0.3550E-03  0.1700E-05  0.3200E-06  0.2090E+00  0.0000E+00  0.0000E+00  0.0000E+00  0.0000E+00
  878.14  0.1849E-07  0.3550E-03  0.1700E-05  0.3200E-06  0.2090E+00  0.0000E+00  0.0000E+00  0.0000E+00  0.0000E+00
  865.09  0.1859E-07  0.3550E-03  0.1700E-05  0.3200E-06  0.2090E+00  0.0000E+00  0.0000E+00  0.0000E+00  0.0000E+00
  852.20  0.1891E-07  0.3550E-03  0.1700E-05  0.3200E-06  0.2090E+00  0.0000E+00  0.0000E+00  0.0000E+00  0.0000E+00
  838.43  0.1930E-07  0.3550E-03  0.1700E-05  0.3200E-06  0.2090E+00  0.0000E+00  0.0000E+00  0.0000E+00  0.0000E+00
  824.84  0.1970E-07  0.3550E-03  0.1700E-05  0.3200E-06  0.2090E+00  0.0000E+00  0.0000E+00  0.0000E+00  0.0000E+00
  810.43  0.2012E-07  0.3550E-03  0.1700E-05  0.3200E-06  0.2090E+00  0.0000E+00  0.0000E+00  0.0000E+00  0.0000E+00
  796.21  0.2054E-07  0.3550E-03  0.1700E-05  0.3200E-06  0.2090E+00  0.0000E+00  0.0000E+00  0.0000E+00  0.0000E+00
  781.22  0.2097E-07  0.3550E-03  0.1700E-05  0.3200E-06  0.2090E+00  0.0000E+00  0.0000E+00  0.0000E+00  0.0000E+00
  766.46  0.2141E-07  0.3550E-03  0.1700E-05  0.3200E-06  0.2090E+00  0.0000E+00  0.0000E+00  0.0000E+00  0.0000E+00
  750.98  0.2185E-07  0.3550E-03  0.1700E-05  0.3200E-06  0.2090E+00  0.0000E+00  0.0000E+00  0.0000E+00  0.0000E+00
  735.75  0.2230E-07  0.3550E-03  0.1700E-05  0.3200E-06  0.2090E+00  0.0000E+00  0.0000E+00  0.0000E+00  0.0000E+00
  719.86  0.2276E-07  0.3550E-03  0.1700E-05  0.3200E-06  0.2090E+00  0.0000E+00  0.0000E+00  0.0000E+00  0.0000E+00
  704.24  0.2330E-07  0.3550E-03  0.1700E-05  0.3200E-06  0.2090E+00  0.0000E+00  0.0000E+00  0.0000E+00  0.0000E+00
  688.02  0.2410E-07  0.3550E-03  0.1699E-05  0.3200E-06  0.2090E+00  0.0000E+00  0.0000E+00  0.0000E+00  0.0000E+00
  672.10  0.2493E-07  0.3550E-03  0.1697E-05  0.3200E-06  0.2090E+00  0.0000E+00  0.0000E+00  0.0000E+00  0.0000E+00
  655.62  0.2577E-07  0.3550E-03  0.1696E-05  0.3200E-06  0.2090E+00  0.0000E+00  0.0000E+00  0.0000E+00  0.0000E+00
  639.47  0.2662E-07  0.3550E-03  0.1695E-05  0.3200E-06  0.2090E+00  0.0000E+00  0.0000E+00  0.0000E+00  0.0000E+00
  622.84  0.2747E-07  0.3550E-03  0.1694E-05  0.3200E-06  0.2090E+00  0.0000E+00  0.0000E+00  0.0000E+00  0.0000E+00
  606.55  0.2832E-07  0.3550E-03  0.1692E-05  0.3200E-06  0.2090E+00  0.0000E+00  0.0000E+00  0.0000E+00  0.0000E+00
  589.82  0.2917E-07  0.3550E-03  0.1691E-05  0.3200E-06  0.2090E+00  0.0000E+00  0.0000E+00  0.0000E+00  0.0000E+00
  573.47  0.3008E-07  0.3550E-03  0.1689E-05  0.3200E-06  0.2090E+00  0.0000E+00  0.0000E+00  0.0000E+00  0.0000E+00
  556.74  0.3108E-07  0.3550E-03  0.1686E-05  0.3200E-06  0.2090E+00  0.0000E+00  0.0000E+00  0.0000E+00  0.0000E+00
  540.40  0.3209E-07  0.3550E-03  0.1682E-05  0.3200E-06  0.2090E+00  0.0000E+00  0.0000E+00  0.0000E+00  0.0000E+00
  523.75  0.3309E-07  0.3550E-03  0.1678E-05  0.3200E-06  0.2090E+00  0.0000E+00  0.0000E+00  0.0000E+00  0.0000E+00
  507.51  0.3409E-07  0.3550E-03  0.1675E-05  0.3200E-06  0.2090E+00  0.0000E+00  0.0000E+00  0.0000E+00  0.0000E+00
  491.34  0.3507E-07  0.3550E-03  0.1671E-05  0.3200E-06  0.2090E+00  0.0000E+00  0.0000E+00  0.0000E+00  0.0000E+00
  475.59  0.3601E-07  0.3550E-03  0.1667E-05  0.3200E-06  0.2090E+00  0.0000E+00  0.0000E+00  0.0000E+00  0.0000E+00
  460.24  0.3681E-07  0.3550E-03  0.1662E-05  0.3199E-06  0.2090E+00  0.0000E+00  0.0000E+00  0.0000E+00  0.0000E+00
  445.30  0.3754E-07  0.3550E-03  0.1657E-05  0.3199E-06  0.2090E+00  0.0000E+00  0.0000E+00  0.0000E+00  0.0000E+00
  430.75  0.3825E-07  0.3550E-03  0.1651E-05  0.3198E-06  0.2090E+00  0.0000E+00  0.0000E+00  0.0000E+00  0.0000E+00
  416.58  0.3895E-07  0.3550E-03  0.1646E-05  0.3198E-06  0.2090E+00  0.0000E+00  0.0000E+00  0.0000E+00  0.0000E+00
  402.79  0.3963E-07  0.3550E-03  0.1641E-05  0.3197E-06  0.2090E+00  0.0000E+00  0.0000E+00  0.0000E+00  0.0000E+00
  389.37  0.4025E-07  0.3550E-03  0.1636E-05  0.3196E-06  0.2090E+00  0.0000E+00  0.0000E+00  0.0000E+00  0.0000E+00
  376.31  0.4038E-07  0.3550E-03  0.1631E-05  0.3190E-06  0.2090E+00  0.0000E+00  0.0000E+00  0.0000E+00  0.0000E+00
  363.61  0.4039E-07  0.3550E-03  0.1626E-05  0.3182E-06  0.2090E+00  0.0000E+00  0.0000E+00  0.0000E+00  0.0000E+00
  351.25  0.4040E-07  0.3550E-03  0.1622E-05  0.3174E-06  0.2090E+00  0.0000E+00  0.0000E+00  0.0000E+00  0.0000E+00
  339.23  0.4041E-07  0.3550E-03  0.1618E-05  0.3167E-06  0.2090E+00  0.0000E+00  0.0000E+00  0.0000E+00  0.0000E+00
  327.54  0.4041E-07  0.3550E-03  0.1613E-05  0.3160E-06  0.2090E+00  0.0000E+00  0.0000E+00  0.0000E+00  0.0000E+00
  316.18  0.4039E-07  0.3550E-03  0.1608E-05  0.3150E-06  0.2090E+00  0.0000E+00  0.0000E+00  0.0000E+00  0.0000E+00
  305.14  0.4027E-07  0.3550E-03  0.1599E-05  0.3129E-06  0.2090E+00  0.0000E+00  0.0000E+00  0.0000E+00  0.0000E+00
  294.41  0.4014E-07  0.3550E-03  0.1590E-05  0.3107E-06  0.2090E+00  0.0000E+00  0.0000E+00  0.0000E+00  0.0000E+00
  283.99  0.4002E-07  0.3550E-03  0.1580E-05  0.3087E-06  0.2090E+00  0.0000E+00  0.0000E+00  0.0000E+00  0.0000E+00
  273.86  0.3989E-07  0.3550E-03  0.1571E-05  0.3066E-06  0.2090E+00  0.0000E+00  0.0000E+00  0.0000E+00  0.0000E+00
  264.03  0.3977E-07  0.3550E-03  0.1563E-05  0.3047E-06  0.2090E+00  0.0000E+00  0.0000E+00  0.0000E+00  0.0000E+00
  254.48  0.3967E-07  0.3550E-03  0.1554E-05  0.3027E-06  0.2090E+00  0.0000E+00  0.0000E+00  0.0000E+00  0.0000E+00
  245.21  0.3959E-07  0.3550E-03  0.1544E-05  0.3009E-06  0.2090E+00  0.0000E+00  0.0000E+00  0.0000E+00  0.0000E+00
  236.22  0.3950E-07  0.3550E-03  0.1535E-05  0.2990E-06  0.2090E+00  0.0000E+00  0.0000E+00  0.0000E+00  0.0000E+00
  227.49  0.3942E-07  0.3550E-03  0.1527E-05  0.2972E-06  0.2090E+00  0.0000E+00  0.0000E+00  0.0000E+00  0.0000E+00
  219.02  0.3934E-07  0.3550E-03  0.1518E-05  0.2955E-06  0.2090E+00  0.0000E+00  0.0000E+00  0.0000E+00  0.0000E+00
  210.81  0.3932E-07  0.3550E-03  0.1510E-05  0.2938E-06  0.2090E+00  0.0000E+00  0.0000E+00  0.0000E+00  0.0000E+00
  202.84  0.3945E-07  0.3550E-03  0.1502E-05  0.2919E-06  0.2090E+00  0.0000E+00  0.0000E+00  0.0000E+00  0.0000E+00
  195.12  0.3959E-07  0.3550E-03  0.1495E-05  0.2900E-06  0.2090E+00  0.0000E+00  0.0000E+00  0.0000E+00  0.0000E+00
  187.64  0.3972E-07  0.3550E-03  0.1487E-05  0.2882E-06  0.2090E+00  0.0000E+00  0.0000E+00  0.0000E+00  0.0000E+00
  180.39  0.3985E-07  0.3550E-03  0.1480E-05  0.2865E-06  0.2090E+00  0.0000E+00  0.0000E+00  0.0000E+00  0.0000E+00
  173.37  0.4009E-07  0.3550E-03  0.1473E-05  0.2847E-06  0.2090E+00  0.0000E+00  0.0000E+00  0.0000E+00  0.0000E+00
  166.57  0.4075E-07  0.3550E-03  0.1466E-05  0.2830E-06  0.2090E+00  0.0000E+00  0.0000E+00  0.0000E+00  0.0000E+00
  159.98  0.4143E-07  0.3550E-03  0.1458E-05  0.2813E-06  0.2090E+00  0.0000E+00  0.0000E+00  0.0000E+00  0.0000E+00
  153.61  0.4210E-07  0.3550E-03  0.1451E-05  0.2796E-06  0.2090E+00  0.0000E+00  0.0000E+00  0.0000E+00  0.0000E+00
  147.44  0.4274E-07  0.3550E-03  0.1444E-05  0.2780E-06  0.2090E+00  0.0000E+00  0.0000E+00  0.0000E+00  0.0000E+00
  141.47  0.4423E-07  0.3550E-03  0.1437E-05  0.2761E-06  0.2090E+00  0.0000E+00  0.0000E+00  0.0000E+00  0.0000E+00
  135.70  0.4829E-07  0.3550E-03  0.1428E-05  0.2735E-06  0.2090E+00  0.0000E+00  0.0000E+00  0.0000E+00  0.0000E+00
  130.12  0.5239E-07  0.3550E-03  0.1420E-05  0.2709E-06  0.2090E+00  0.0000E+00  0.0000E+00  0.0000E+00  0.0000E+00
  124.74  0.5634E-07  0.3550E-03  0.1412E-05  0.2684E-06  0.2090E+00  0.0000E+00  0.0000E+00  0.0000E+00  0.0000E+00
  119.59  0.6012E-07  0.3550E-03  0.1404E-05  0.2660E-06  0.2090E+00  0.0000E+00  0.0000E+00  0.0000E+00  0.0000E+00
  114.65  0.7020E-07  0.3550E-03  0.1396E-05  0.2626E-06  0.2090E+00  0.0000E+00  0.0000E+00  0.0000E+00  0.0000E+00
  109.91  0.8830E-07  0.3550E-03  0.1386E-05  0.2577E-06  0.2090E+00  0.0000E+00  0.0000E+00  0.0000E+00  0.0000E+00
  105.37  0.1057E-06  0.3550E-03  0.1377E-05  0.2530E-06  0.2090E+00  0.0000E+00  0.0000E+00  0.0000E+00  0.0000E+00
  101.02  0.1224E-06  0.3550E-03  0.1368E-05  0.2485E-06  0.2090E+00  0.0000E+00  0.0000E+00  0.0000E+00  0.0000E+00
   96.85  0.1391E-06  0.3550E-03  0.1360E-05  0.2441E-06  0.2090E+00  0.0000E+00  0.0000E+00  0.0000E+00  0.0000E+00
   92.85  0.1809E-06  0.3550E-03  0.1350E-05  0.2376E-06  0.2090E+00  0.0000E+00  0.0000E+00  0.0000E+00  0.0000E+00
   89.01  0.2341E-06  0.3550E-03  0.1341E-05  0.2303E-06  0.2090E+00  0.0000E+00  0.0000E+00  0.0000E+00  0.0000E+00
   85.33  0.2850E-06  0.3550E-03  0.1331E-05  0.2232E-06  0.2090E+00  0.0000E+00  0.0000E+00  0.0000E+00  0.0000E+00
   81.81  0.3339E-06  0.3550E-03  0.1322E-05  0.2164E-06  0.2090E+00  0.0000E+00  0.0000E+00  0.0000E+00  0.0000E+00
   78.42  0.3873E-06  0.3550E-03  0.1313E-05  0.2097E-06  0.2090E+00  0.0000E+00  0.0000E+00  0.0000E+00  0.0000E+00
   75.18  0.4868E-06  0.3550E-03  0.1300E-05  0.2014E-06  0.2090E+00  0.0000E+00  0.0000E+00  0.0000E+00  0.0000E+00
   72.08  0.5920E-06  0.3550E-03  0.1286E-05  0.1932E-06  0.2090E+00  0.0000E+00  0.0000E+00  0.0000E+00  0.0000E+00
   69.10  0.6929E-06  0.3550E-03  0.1273E-05  0.1853E-06  0.2090E+00  0.0000E+00  0.0000E+00  0.0000E+00  0.0000E+00
   66.24  0.7896E-06  0.3550E-03  0.1261E-05  0.1777E-06  0.2090E+00  0.0000E+00  0.0000E+00  0.0000E+00  0.0000E+00
   63.50  0.8956E-06  0.3550E-03  0.1247E-05  0.1703E-06  0.2090E+00  0.0000E+00  0.0000E+00  0.0000E+00  0.0000E+00
   60.88  0.1034E-05  0.3550E-03  0.1228E-05  0.1625E-06  0.2090E+00  0.0000E+00  0.0000E+00  0.0000E+00  0.0000E+00
   58.36  0.1169E-05  0.3550E-03  0.1210E-05  0.1551E-06  0.2090E+00  0.0000E+00  0.0000E+00  0.0000E+00  0.0000E+00
   55.95  0.1299E-05  0.3550E-03  0.1192E-05  0.1479E-06  0.2090E+00  0.0000E+00  0.0000E+00  0.0000E+00  0.0000E+00
   53.64  0.1423E-05  0.3550E-03  0.1175E-05  0.1410E-06  0.2090E+00  0.0000E+00  0.0000E+00  0.0000E+00  0.0000E+00
   51.42  0.1566E-05  0.3550E-03  0.1155E-05  0.1349E-06  0.2090E+00  0.0000E+00  0.0000E+00  0.0000E+00  0.0000E+00
   49.29  0.1731E-05  0.3550E-03  0.1130E-05  0.1295E-06  0.2090E+00  0.0000E+00  0.0000E+00  0.0000E+00  0.0000E+00
   47.26  0.1888E-05  0.3550E-03  0.1106E-05  0.1243E-06  0.2090E+00  0.0000E+00  0.0000E+00  0.0000E+00  0.0000E+00
   45.30  0.2040E-05  0.3550E-03  0.1083E-05  0.1193E-06  0.2090E+00  0.0000E+00  0.0000E+00  0.0000E+00  0.0000E+00
   43.43  0.2187E-05  0.3550E-03  0.1061E-05  0.1146E-06  0.2090E+00  0.0000E+00  0.0000E+00  0.0000E+00  0.0000E+00
   41.63  0.2396E-05  0.3550E-03  0.1035E-05  0.1111E-06  0.2090E+00  0.0000E+00  0.0000E+00  0.0000E+00  0.0000E+00
   39.91  0.2625E-05  0.3550E-03  0.1008E-05  0.1083E-06  0.2090E+00  0.0000E+00  0.0000E+00  0.0000E+00  0.0000E+00
   38.26  0.2845E-05  0.3550E-03  0.9817E-06  0.1055E-06  0.2090E+00  0.0000E+00  0.0000E+00  0.0000E+00  0.0000E+00
   36.68  0.3056E-05  0.3550E-03  0.9568E-06  0.1029E-06  0.2090E+00  0.0000E+00  0.0000E+00  0.0000E+00  0.0000E+00
   35.16  0.3273E-05  0.3550E-03  0.9323E-06  0.1004E-06  0.2090E+00  0.0000E+00  0.0000E+00  0.0000E+00  0.0000E+00
   33.71  0.3576E-05  0.3550E-03  0.9054E-06  0.9829E-07  0.2090E+00  0.0000E+00  0.0000E+00  0.0000E+00  0.0000E+00
   32.31  0.3882E-05  0.3550E-03  0.8790E-06  0.9630E-07  0.2090E+00  0.0000E+00  0.0000E+00  0.0000E+00  0.0000E+00
   30.97  0.4175E-05  0.3550E-03  0.8537E-06  0.9440E-07  0.2090E+00  0.0000E+00  0.0000E+00  0.0000E+00  0.0000E+00
   29.69  0.4456E-05  0.3550E-03  0.8294E-06  0.9258E-07  0.2090E+00  0.0000E+00  0.0000E+00  0.0000E+00  0.0000E+00
   28.46  0.4757E-05  0.3550E-03  0.8088E-06  0.9094E-07  0.2090E+00  0.0000E+00  0.0000E+00  0.0000E+00  0.0000E+00
   27.29  0.5117E-05  0.3550E-03  0.7950E-06  0.8961E-07  0.2090E+00  0.0000E+00  0.0000E+00  0.0000E+00  0.0000E+00
   26.16  0.5465E-05  0.3550E-03  0.7821E-06  0.8835E-07  0.2090E+00  0.0000E+00  0.0000E+00  0.0000E+00  0.0000E+00
   25.08  0.5798E-05  0.3550E-03  0.7697E-06  0.8715E-07  0.2090E+00  0.0000E+00  0.0000E+00  0.0000E+00  0.0000E+00
   24.04  0.6118E-05  0.3550E-03  0.7578E-06  0.8599E-07  0.2090E+00  0.0000E+00  0.0000E+00  0.0000E+00  0.0000E+00
   23.04  0.6439E-05  0.3550E-03  0.7469E-06  0.8484E-07  0.2090E+00  0.0000E+00  0.0000E+00  0.0000E+00  0.0000E+00
   22.09  0.6758E-05  0.3550E-03  0.7368E-06  0.8370E-07  0.2090E+00  0.0000E+00  0.0000E+00  0.0000E+00  0.0000E+00
   21.17  0.7065E-05  0.3550E-03  0.7271E-06  0.8261E-07  0.2090E+00  0.0000E+00  0.0000E+00  0.0000E+00  0.0000E+00
   20.30  0.7358E-05  0.3550E-03  0.7179E-06  0.8156E-07  0.2090E+00  0.0000E+00  0.0000E+00  0.0000E+00  0.0000E+00
   19.46  0.7637E-05  0.3550E-03  0.7090E-06  0.8053E-07  0.2090E+00  0.0000E+00  0.0000E+00  0.0000E+00  0.0000E+00
   18.65  0.7864E-05  0.3550E-03  0.6999E-06  0.7908E-07  0.2090E+00  0.0000E+00  0.0000E+00  0.0000E+00  0.0000E+00
   17.88  0.8068E-05  0.3550E-03  0.6911E-06  0.7754E-07  0.2090E+00  0.0000E+00  0.0000E+00  0.0000E+00  0.0000E+00
   17.14  0.8263E-05  0.3550E-03  0.6826E-06  0.7606E-07  0.2090E+00  0.0000E+00  0.0000E+00  0.0000E+00  0.0000E+00
   16.43  0.8450E-05  0.3550E-03  0.6745E-06  0.7464E-07  0.2090E+00  0.0000E+00  0.0000E+00  0.0000E+00  0.0000E+00
   15.75  0.8628E-05  0.3550E-03  0.6664E-06  0.7321E-07  0.2090E+00  0.0000E+00  0.0000E+00  0.0000E+00  0.0000E+00
   15.10  0.8792E-05  0.3550E-03  0.6575E-06  0.7156E-07  0.2090E+00  0.0000E+00  0.0000E+00  0.0000E+00  0.0000E+00
    7.39  0.8207E-05  0.3550E-03  0.4841E-06  0.3870E-07  0.2090E+00  0.0000E+00  0.0000E+00  0.0000E+00  0.0000E+00
 done...
 Initializing P3 Cloud Optics
 Let's do some shortwave
 Range of zenith angles  0.732661695834013       0.732661695834013     
 Range of surface albedo (asdir)  3.383449086658900E-002  3.383449086658900E-002
 Range of surface albedo (aldir)  3.383449086658900E-002  3.383449086658900E-002
 Range of surface albedo (asdif)  6.000000000000000E-002  6.000000000000000E-002
 Range of surface albedo (aldif)  6.000000000000000E-002  6.000000000000000E-002
 radiation: perpetual sun, solin=   310.282739730838     
 longwave radiation is called
NSTEP =          1   NCYCLE=  3  CFL_adv= 0.000  CFL_sgs= 0.000
NSTEP =          2   NCYCLE=  1  CFL_adv= 0.004  CFL_sgs= 0.065
NSTEP =          3   NCYCLE=  1  CFL_adv= 0.011  CFL_sgs= 0.006
 Collecting statistics...
 name QCSTRG is missing in "lst" file.
NSTEP =          4   NCYCLE=  1  CFL_adv= 0.017  CFL_sgs= 0.073
 DAY =   1.388888888888889E-003
 NSTEP=           4
 div:  1.498951647786859E-016 -1.237019191003745E-016
 SST=   300.000000000000     
 surface pressure=   1014.80000000000     
 u: -0.213002256091575       0.213002256091582     
 v: -0.213002257635350       0.213002257635377     
 w: -3.915732351072303E-002  3.645936274588390E-002
 p:  -43.3142271899593        4.81884538585604     
 t:   300.758625070873        473.152195999908     
 tabs:   202.009081885487        300.521541727488     
 qv:  0.000000000000000E+000  1.983921287633573E-002
 tke:  0.000000000000000E+000  6.075082007739737E-003
 tk:  0.000000000000000E+000  0.292285546570199     
 tkh:  0.000000000000000E+000  0.292285546570199     
 qcl:  0.000000000000000E+000  0.000000000000000E+000
 qci:  0.000000000000000E+000  0.000000000000000E+000
 qpl:  0.000000000000000E+000  0.000000000000000E+000
 qpi:  0.000000000000000E+000  0.000000000000000E+000
 qrad(K/day):  -4.35178342590393        1.18095306630716     
 shf:  -1.92513150537393      -0.382252010157015     
 lhf:   4.38448923739083        48.6434425227741     
 uw: -4.616147088270736E-004  4.616147088273054E-004
 vw: -4.616146971175657E-004  4.616146971173994E-004
 sst:   300.000000000000        300.000000000000     
 ===========================
 total water budget:
 before (mm):         45.31745651683
 after (mm):          45.31803049616
 evaporation (mm):     0.00057397933
 precipitation (mm):   0.00000000000
 large-scale (mm):     0.00000000000
 Imbalance (mm)       0.00000000000
 evap (mm/day):   1.65306045902518     
 prec (mm/day):  0.000000000000000E+000
 ls (mm/day):  0.000000000000000E+000
 imbalance (mm/day)  1.598721155460225E-011
  imbalance (rel error):  1.567902947195318E-016
 ===========================
NSTEP =          5   NCYCLE=  1  CFL_adv= 0.022  CFL_sgs= 0.007
NSTEP =          6   NCYCLE=  1  CFL_adv= 0.028  CFL_sgs= 0.076
 Let's do some shortwave
 Range of zenith angles  0.732661695834013       0.732661695834013     
 Range of surface albedo (asdir)  3.383449086658900E-002  3.383449086658900E-002
 Range of surface albedo (aldir)  3.383449086658900E-002  3.383449086658900E-002
 Range of surface albedo (asdif)  6.000000000000000E-002  6.000000000000000E-002
 Range of surface albedo (aldif)  6.000000000000000E-002  6.000000000000000E-002
 radiation: perpetual sun, solin=   310.282739730838     
 longwave radiation is called
NSTEP =          7   NCYCLE=  1  CFL_adv= 0.033  CFL_sgs= 0.006
 Collecting statistics...
 name QCSTRG is missing in "lst" file.
NSTEP =          8   NCYCLE=  1  CFL_adv= 0.037  CFL_sgs= 0.079
 DAY =   2.777777777777778E-003
 NSTEP=           8
 div:  1.488155222898817E-016 -2.010755226138153E-016
 SST=   300.000000000000     
 surface pressure=   1014.80000000000     
 u: -0.429430822174733       0.429430822175002     
 v: -0.429430830016660       0.429430830016988     
 w: -5.132457565192899E-002  7.140764322135966E-002
 p:  -40.8999063900867        5.81867671762942     
 t:   300.748883064160        473.153838810934     
 tabs:   202.010788320160        300.520157959703     
 qv:  0.000000000000000E+000  1.984405412287006E-002
 tke:  0.000000000000000E+000  6.858648066312001E-003
 tk:  0.000000000000000E+000  0.310563581948226     
 tkh:  0.000000000000000E+000  0.310563581948226     
 qcl:  0.000000000000000E+000  0.000000000000000E+000
 qci:  0.000000000000000E+000  0.000000000000000E+000
 qpl:  0.000000000000000E+000  0.000000000000000E+000
 qpi:  0.000000000000000E+000  0.000000000000000E+000
 qrad(K/day):  -4.34087849186249        1.18084331489845     
 shf:  -1.90274642301187      -0.383270972871644     
 lhf:   4.43888530649425        48.3123106187464     
 uw: -1.117134448117730E-003  1.117134448119480E-003
 vw: -1.117134407811673E-003  1.117134407810970E-003
 sst:   300.000000000000        300.000000000000     
 ===========================
 total water budget:
 before (mm):         45.31974628640
 after (mm):          45.32031618404
 evaporation (mm):     0.00056989764
 precipitation (mm):   0.00000000000
 large-scale (mm):     0.00000000000
 Imbalance (mm)       0.00000000000
 evap (mm/day):   1.64130521370755     
 prec (mm/day):  0.000000000000000E+000
 ls (mm/day):  0.000000000000000E+000
 imbalance (mm/day)  2.653877118063974E-011
  imbalance (rel error):  1.567823871472239E-016
 ===========================
NSTEP =          9   NCYCLE=  1  CFL_adv= 0.041  CFL_sgs= 0.007
NSTEP =         10   NCYCLE=  1  CFL_adv= 0.044  CFL_sgs= 0.080
NSTEP =         11   NCYCLE=  1  CFL_adv= 0.047  CFL_sgs= 0.009
 Collecting statistics...
 name QCSTRG is missing in "lst" file.
NSTEP =         12   NCYCLE=  1  CFL_adv= 0.050  CFL_sgs= 0.080
 DAY =   4.166666666666667E-003
 NSTEP=          12
 div:  1.878045520306215E-016 -2.433509799118045E-016
 SST=   300.000000000000     
 surface pressure=   1014.80000000000     
 u: -0.620447526681587       0.620447526682260     
 v: -0.620447545335821       0.620447545336200     
 w: -3.239400750113218E-002  9.908727423049829E-002
 p:  -37.3250905465185        7.14347727659423     
 t:   300.739303620011        473.155861650481     
 tabs:   202.012398330537        300.517553924660     
 qv:  0.000000000000000E+000  1.984895581841215E-002
 tke:  0.000000000000000E+000   1.19450221515191     
 tk:  0.000000000000000E+000   4.09849818843119     
 tkh:  0.000000000000000E+000   4.09849818843119     
 qcl:  0.000000000000000E+000  0.000000000000000E+000
 qci:  0.000000000000000E+000  0.000000000000000E+000
 qpl:  0.000000000000000E+000  0.000000000000000E+000
 qpi:  0.000000000000000E+000  0.000000000000000E+000
 qrad(K/day):  -4.34087849186249        1.18084331489845     
 shf:  -1.88176053789782      -0.384278979086744     
 lhf:   4.49440948488498        48.0037501408747     
 uw: -1.702644588379595E-003  1.702644588381425E-003
 vw: -1.702644463100907E-003  1.702644463100020E-003
 sst:   300.000000000000        300.000000000000     
 ===========================
 total water budget:
 before (mm):         45.32201990837
 after (mm):          45.32258584153
 evaporation (mm):     0.00056593316
 precipitation (mm):   0.00000000000
 large-scale (mm):     0.00000000000
 Imbalance (mm)      -0.00000000000
 evap (mm/day):   1.62988750434845     
 prec (mm/day):  0.000000000000000E+000
 ls (mm/day):  0.000000000000000E+000
 imbalance (mm/day) -1.630695578569430E-011
  imbalance (rel error): -1.567745358229216E-016
 ===========================
 Let's do some shortwave
 Range of zenith angles  0.732661695834013       0.732661695834013     
 Range of surface albedo (asdir)  3.383449086658900E-002  3.383449086658900E-002
 Range of surface albedo (aldir)  3.383449086658900E-002  3.383449086658900E-002
 Range of surface albedo (asdif)  6.000000000000000E-002  6.000000000000000E-002
 Range of surface albedo (aldif)  6.000000000000000E-002  6.000000000000000E-002
 radiation: perpetual sun, solin=   310.282739730838     
 longwave radiation is called
NSTEP =         13   NCYCLE=  1  CFL_adv= 0.052  CFL_sgs= 0.091
NSTEP =         14   NCYCLE=  1  CFL_adv= 0.053  CFL_sgs= 0.082
NSTEP =         15   NCYCLE=  1  CFL_adv= 0.056  CFL_sgs= 0.094
 Collecting statistics...
 name QCSTRG is missing in "lst" file.
NSTEP =         16   NCYCLE=  1  CFL_adv= 0.060  CFL_sgs= 0.082
 DAY =   5.555555555555556E-003
 NSTEP=          16
 div:  1.165003614443207E-016 -1.425500208520992E-016
 SST=   300.000000000000     
 surface pressure=   1014.80000000000     
 u: -0.783240441545475       0.783240441546620     
 v: -0.783240495345861       0.783240495346356     
 w: -4.319239006835204E-002  0.119610307014506     
 p:  -33.4026013126398        8.34491587072981     
 t:   300.730147830064        473.157408195373     
 tabs:   202.014010768878        300.514591840144     
 qv:  0.000000000000000E+000  1.985391869183114E-002
 tke:  0.000000000000000E+000   1.29027951789695     
 tk:  0.000000000000000E+000   4.25964267520479     
 tkh:  0.000000000000000E+000   4.25964267520479     
 qcl:  0.000000000000000E+000  0.000000000000000E+000
 qci:  0.000000000000000E+000  0.000000000000000E+000
 qpl:  0.000000000000000E+000  0.000000000000000E+000
 qpi:  0.000000000000000E+000  0.000000000000000E+000
 qrad(K/day):  -4.35690687940815        1.18076915491196     
 shf:  -1.86123988148849      -0.385256961172155     
 lhf:   4.55030417016520        47.7096130783912     
 uw: -2.205964694798882E-003  2.205964694798928E-003
 vw: -2.205963987689817E-003  2.205963987687852E-003
 sst:   300.000000000000        300.000000000000     
 ===========================
 total water budget:
 before (mm):         45.32427784905
 after (mm):          45.32483993485
 evaporation (mm):     0.00056208580
 precipitation (mm):   0.00000000000
 large-scale (mm):     0.00000000000
 Imbalance (mm)       0.00000000000
 evap (mm/day):   1.61880709675955     
 prec (mm/day):  0.000000000000000E+000
 ls (mm/day):  0.000000000000000E+000
 imbalance (mm/day) -7.673861546209082E-012
  imbalance (rel error):  0.000000000000000E+000
 ===========================
NSTEP =         17   NCYCLE=  1  CFL_adv= 0.063  CFL_sgs= 0.095
NSTEP =         18   NCYCLE=  1  CFL_adv= 0.066  CFL_sgs= 0.082
 Let's do some shortwave
 Range of zenith angles  0.732661695834013       0.732661695834013     
 Range of surface albedo (asdir)  3.383449086658900E-002  3.383449086658900E-002
 Range of surface albedo (aldir)  3.383449086658900E-002  3.383449086658900E-002
 Range of surface albedo (asdif)  6.000000000000000E-002  6.000000000000000E-002
 Range of surface albedo (aldif)  6.000000000000000E-002  6.000000000000000E-002
 radiation: perpetual sun, solin=   310.282739730838     
 longwave radiation is called
NSTEP =         19   NCYCLE=  1  CFL_adv= 0.069  CFL_sgs= 0.095
 Collecting statistics...
 name QCSTRG is missing in "lst" file.
NSTEP =         20   NCYCLE=  1  CFL_adv= 0.071  CFL_sgs= 0.083
 DAY =   6.944444444444444E-003
 NSTEP=          20
 div:  1.050662465742740E-016 -1.091705899585093E-016
 SST=   300.000000000000     
 surface pressure=   1014.80000000000     
 u: -0.922334143323513       0.922334143325400     
 v: -0.922334192409704       0.922334192410288     
 w: -4.410578014959637E-002  0.134265230693417     
 p:  -29.6477687632127        9.19644571844829     
 t:   300.721151157134        473.158998378233     
 tabs:   202.015622529939        300.510143824956     
 qv:  0.000000000000000E+000  1.985894310997338E-002
 tke:  0.000000000000000E+000   1.31609751063043     
 tk:  0.000000000000000E+000   4.30204849382715     
 tkh:  0.000000000000000E+000   4.30204849382715     
 qcl:  0.000000000000000E+000  0.000000000000000E+000
 qci:  0.000000000000000E+000  0.000000000000000E+000
 qpl:  0.000000000000000E+000  0.000000000000000E+000
 qpi:  0.000000000000000E+000  0.000000000000000E+000
 qrad(K/day):  -4.36197899424662        1.18058061178791     
 shf:  -1.84068041962581      -0.386206025060387     
 lhf:   4.60666449190185        47.4240580822159     
 uw: -2.629844005244852E-003  2.629844005243718E-003
 vw: -2.629843657745323E-003  2.629843657746274E-003
 sst:   300.000000000000        300.000000000000     
 ===========================
 total water budget:
 before (mm):         45.32652056934
 after (mm):          45.32707892076
 evaporation (mm):     0.00055835142
 precipitation (mm):   0.00000000000
 large-scale (mm):     0.00000000000
 Imbalance (mm)       0.00000000000
 evap (mm/day):   1.60805207649510     
 prec (mm/day):  0.000000000000000E+000
 ls (mm/day):  0.000000000000000E+000
 imbalance (mm/day) -6.394884621840902E-013
  imbalance (rel error):  0.000000000000000E+000
 ===========================
NSTEP =         21   NCYCLE=  1  CFL_adv= 0.074  CFL_sgs= 0.096
NSTEP =         22   NCYCLE=  1  CFL_adv= 0.077  CFL_sgs= 0.083
NSTEP =         23   NCYCLE=  1  CFL_adv= 0.079  CFL_sgs= 0.096
 Collecting statistics...
 name QCSTRG is missing in "lst" file.
NSTEP =         24   NCYCLE=  1  CFL_adv= 0.081  CFL_sgs= 0.083
 DAY =   8.333333333333333E-003
 NSTEP=          24
 div:  1.089078347363360E-016 -1.482440207658032E-016
 SST=   300.000000000000     
 surface pressure=   1014.80000000000     
 u:  -1.04049032048538        1.04049032048766     
 v:  -1.04049037946152        1.04049037946241     
 w: -3.919373946663791E-002  0.144586338627422     
 p:  -26.3028494420386        9.61288884822788     
 t:   300.712596499628        473.160721126363     
 tabs:   202.017095866904        300.505380267759     
 qv:  0.000000000000000E+000  1.986402928722301E-002
 tke:  0.000000000000000E+000   1.30933393355325     
 tk:  0.000000000000000E+000   4.29097989282081     
 tkh:  0.000000000000000E+000   4.29097989282081     
 qcl:  0.000000000000000E+000  0.000000000000000E+000
 qci:  0.000000000000000E+000  0.000000000000000E+000
 qpl:  0.000000000000000E+000  0.000000000000000E+000
 qpi:  0.000000000000000E+000  0.000000000000000E+000
 qrad(K/day):  -4.36197899424662        1.18058061178791     
 shf:  -1.82034344794742      -0.387116207716526     
 lhf:   4.66306548809428        47.1473711299414     
 uw: -2.984569084914950E-003  2.984569084911954E-003
 vw: -2.984568471354109E-003  2.984568471357986E-003
 sst:   300.000000000000        300.000000000000     
 ===========================
 total water budget:
 before (mm):         45.32874850706
 after (mm):          45.32930323016
 evaporation (mm):     0.00055472310
 precipitation (mm):   0.00000000000
 large-scale (mm):     0.00000000000
 Imbalance (mm)       0.00000000000
 evap (mm/day):   1.59760253830356     
 prec (mm/day):  0.000000000000000E+000
 ls (mm/day):  0.000000000000000E+000
 imbalance (mm/day) -3.836930773104541E-012
  imbalance (rel error):  0.000000000000000E+000
 ===========================
 Let's do some shortwave
 Range of zenith angles  0.732661695834013       0.732661695834013     
 Range of surface albedo (asdir)  3.383449086658900E-002  3.383449086658900E-002
 Range of surface albedo (aldir)  3.383449086658900E-002  3.383449086658900E-002
 Range of surface albedo (asdif)  6.000000000000000E-002  6.000000000000000E-002
 Range of surface albedo (aldif)  6.000000000000000E-002  6.000000000000000E-002
 radiation: perpetual sun, solin=   310.282739730838     
 longwave radiation is called
NSTEP =         25   NCYCLE=  1  CFL_adv= 0.084  CFL_sgs= 0.096
NSTEP =         26   NCYCLE=  1  CFL_adv= 0.086  CFL_sgs= 0.083
NSTEP =         27   NCYCLE=  1  CFL_adv= 0.088  CFL_sgs= 0.096
 Collecting statistics...
 name QCSTRG is missing in "lst" file.
NSTEP =         28   NCYCLE=  1  CFL_adv= 0.090  CFL_sgs= 0.083
 DAY =   9.722222222222222E-003
 NSTEP=          28
 div:  1.567460871484300E-016 -1.358400294527690E-016
 SST=   300.000000000000     
 surface pressure=   1014.80000000000     
 u:  -1.14033510443127        1.14033510443375     
 v:  -1.14033517897459        1.14033517897662     
 w: -4.612666094062876E-002  0.151694475184557     
 p:  -23.4132011772982        9.61047109253994     
 t:   300.703818315377        473.162384656592     
 tabs:   202.018817848905        300.500619499482     
 qv:  0.000000000000000E+000  1.986917768278197E-002
 tke:  0.000000000000000E+000   1.30512707258937     
 tk:  0.000000000000000E+000   4.28408093507674     
 tkh:  0.000000000000000E+000   4.28408093507674     
 qcl:  0.000000000000000E+000  0.000000000000000E+000
 qci:  0.000000000000000E+000  0.000000000000000E+000
 qpl:  0.000000000000000E+000  0.000000000000000E+000
 qpi:  0.000000000000000E+000  0.000000000000000E+000
 qrad(K/day):  -4.35596426139493        1.18057724281665     
 shf:  -1.81074763381545      -0.387998148715079     
 lhf:   4.72003511781356        46.8829564914820     
 uw: -3.288515500911126E-003  3.288515500912991E-003
 vw: -3.288512528922742E-003  3.288512528913464E-003
 sst:   300.000000000000        300.000000000000     
 ===========================
 total water budget:
 before (mm):         45.33096214810
 after (mm):          45.33151341299
 evaporation (mm):     0.00055126489
 precipitation (mm):   0.00000000000
 large-scale (mm):     0.00000000000
 Imbalance (mm)       0.00000000000
 evap (mm/day):   1.58764287308333     
 prec (mm/day):  0.000000000000000E+000
 ls (mm/day):  0.000000000000000E+000
 imbalance (mm/day)  6.075140390748857E-012
  imbalance (rel error):  0.000000000000000E+000
 ===========================
NSTEP =         29   NCYCLE=  1  CFL_adv= 0.092  CFL_sgs= 0.096
NSTEP =         30   NCYCLE=  1  CFL_adv= 0.094  CFL_sgs= 0.083
 Let's do some shortwave
 Range of zenith angles  0.732661695834013       0.732661695834013     
 Range of surface albedo (asdir)  3.383449086658900E-002  3.383449086658900E-002
 Range of surface albedo (aldir)  3.383449086658900E-002  3.383449086658900E-002
 Range of surface albedo (asdif)  6.000000000000000E-002  6.000000000000000E-002
 Range of surface albedo (aldif)  6.000000000000000E-002  6.000000000000000E-002
 radiation: perpetual sun, solin=   310.282739730825     
 longwave radiation is called
NSTEP =         31   NCYCLE=  1  CFL_adv= 0.096  CFL_sgs= 0.096
 Collecting statistics...
 name QCSTRG is missing in "lst" file.
NSTEP =         32   NCYCLE=  1  CFL_adv= 0.097  CFL_sgs= 0.084
 DAY =   1.111111111111111E-002
 NSTEP=          32
 div:  1.106577954586111E-016 -1.212231678836134E-016
 SST=   300.000000000000     
 surface pressure=   1014.80000000000     
 u:  -1.22450233287527        1.22450233287758     
 v:  -1.22450241491439        1.22450241491762     
 w: -4.898516947475456E-002  0.156975535305077     
 p:  -20.8749066112351        9.32152538534880     
 t:   300.695168107252        473.164171768897     
 tabs:   202.020408689747        300.494847689346     
 qv:  0.000000000000000E+000  1.987438891742608E-002
 tke:  0.000000000000000E+000   1.30834050698531     
 tk:  0.000000000000000E+000   4.28935174350168     
 tkh:  0.000000000000000E+000   4.28935174350168     
 qcl:  0.000000000000000E+000  0.000000000000000E+000
 qci:  0.000000000000000E+000  0.000000000000000E+000
 qpl:  0.000000000000000E+000  0.000000000000000E+000
 qpi:  0.000000000000000E+000  0.000000000000000E+000
 qrad(K/day):  -4.34663182698158        1.18043557090777     
 shf:  -1.80349606911474      -0.388851448842955     
 lhf:   4.77760456570420        46.6314439996100     
 uw: -3.553441091643602E-003  3.553441091646222E-003
 vw: -3.553440473281608E-003  3.553440473274557E-003
 sst:   300.000000000000        300.000000000000     
 ===========================
 total water budget:
 before (mm):         45.33316223541
 after (mm):          45.33371021004
 evaporation (mm):     0.00054797463
 precipitation (mm):   0.00000000000
 large-scale (mm):     0.00000000000
 Imbalance (mm)       0.00000000000
 evap (mm/day):   1.57816692321376     
 prec (mm/day):  0.000000000000000E+000
 ls (mm/day):  0.000000000000000E+000
 imbalance (mm/day)  0.000000000000000E+000
  imbalance (rel error):  0.000000000000000E+000
 ===========================
NSTEP =         33   NCYCLE=  1  CFL_adv= 0.099  CFL_sgs= 0.096
NSTEP =         34   NCYCLE=  1  CFL_adv= 0.101  CFL_sgs= 0.084
NSTEP =         35   NCYCLE=  1  CFL_adv= 0.102  CFL_sgs= 0.096
 Collecting statistics...
 name QCSTRG is missing in "lst" file.
NSTEP =         36   NCYCLE=  1  CFL_adv= 0.104  CFL_sgs= 0.085
 DAY =   1.250000000000000E-002
 NSTEP=          36
 div:  1.146358062554113E-016 -8.530266630147178E-017
 SST=   300.000000000000     
 surface pressure=   1014.80000000000     
 u:  -1.29426302723007        1.29426302723169     
 v:  -1.29426310603889        1.29426310604298     
 w: -5.039976400086127E-002  0.159699043751038     
 p:  -18.5306219587628        9.00164482251867     
 t:   300.686642525809        473.165713647677     
 tabs:   202.022043300434        300.490879439981     
 qv:  0.000000000000000E+000  1.987966346099894E-002
 tke:  0.000000000000000E+000   1.31536465348114     
 tk:  0.000000000000000E+000   4.30085054838907     
 tkh:  0.000000000000000E+000   4.30085054838907     
 qcl:  0.000000000000000E+000  0.000000000000000E+000
 qci:  0.000000000000000E+000  0.000000000000000E+000
 qpl:  0.000000000000000E+000  0.000000000000000E+000
 qpi:  0.000000000000000E+000  0.000000000000000E+000
 qrad(K/day):  -4.34663182698158        1.18043557090777     
 shf:  -1.83391501543145      -0.389670511230265     
 lhf:   4.83554227896703        46.3885322027258     
 uw: -3.777411585251819E-003  3.777411585254095E-003
 vw: -3.777410665312153E-003  3.777410665306633E-003
 sst:   300.000000000000        300.000000000000     
 ===========================
 total water budget:
 before (mm):         45.33534932035
 after (mm):          45.33589410655
 evaporation (mm):     0.00054478620
 precipitation (mm):   0.00000000000
 large-scale (mm):     0.00000000000
 Imbalance (mm)      -0.00000000000
 evap (mm/day):   1.56898426136813     
 prec (mm/day):  0.000000000000000E+000
 ls (mm/day):  0.000000000000000E+000
 imbalance (mm/day) -1.982414232770680E-011
  imbalance (rel error): -1.567285149577434E-016
 ===========================
 Let's do some shortwave
 Range of zenith angles  0.732661695834013       0.732661695834013     
 Range of surface albedo (asdir)  3.383449086658900E-002  3.383449086658900E-002
 Range of surface albedo (aldir)  3.383449086658900E-002  3.383449086658900E-002
 Range of surface albedo (asdif)  6.000000000000000E-002  6.000000000000000E-002
 Range of surface albedo (aldif)  6.000000000000000E-002  6.000000000000000E-002
 radiation: perpetual sun, solin=   310.282739730805     
 longwave radiation is called
NSTEP =         37   NCYCLE=  1  CFL_adv= 0.105  CFL_sgs= 0.096
NSTEP =         38   NCYCLE=  1  CFL_adv= 0.106  CFL_sgs= 0.086
NSTEP =         39   NCYCLE=  1  CFL_adv= 0.108  CFL_sgs= 0.096
 Collecting statistics...
 name QCSTRG is missing in "lst" file.
NSTEP =         40   NCYCLE=  1  CFL_adv= 0.109  CFL_sgs= 0.086
 DAY =   1.388888888888889E-002
 NSTEP=          40
 div:  8.023112253048257E-017 -5.725995512541070E-017
 SST=   300.000000000000     
 surface pressure=   1014.80000000000     
 u:  -1.35014878033148        1.35014878033207     
 v:  -1.35014883313359        1.35014883313815     
 w: -5.268650107362894E-002  0.160975907652359     
 p:  -16.2871898962134        8.71120129441995     
 t:   300.678316983807        473.167374755085     
 tabs:   202.023648195442        300.483882790784     
 qv:  0.000000000000000E+000  1.988500175713999E-002
 tke:  0.000000000000000E+000   1.32466361318007     
 tk:  0.000000000000000E+000   4.31602618856103     
 tkh:  0.000000000000000E+000   4.31602618856103     
 qcl:  0.000000000000000E+000  0.000000000000000E+000
 qci:  0.000000000000000E+000  0.000000000000000E+000
 qpl:  0.000000000000000E+000  0.000000000000000E+000
 qpi:  0.000000000000000E+000  0.000000000000000E+000
 qrad(K/day):  -4.32703400399324        1.18013953643919     
 shf:  -1.85656907105832      -0.390453224041160     
 lhf:   4.89377371109533        46.1486638884886     
 uw: -3.961106034045404E-003  3.961106034045561E-003
 vw: -3.961101795751539E-003  3.961101795749337E-003
 sst:   300.000000000000        300.000000000000     
 ===========================
 total water budget:
 before (mm):         45.33752377226
 after (mm):          45.33806544878
 evaporation (mm):     0.00054167652
 precipitation (mm):   0.00000000000
 large-scale (mm):     0.00000000000
 Imbalance (mm)       0.00000000000
 evap (mm/day):   1.56002836445285     
 prec (mm/day):  0.000000000000000E+000
 ls (mm/day):  0.000000000000000E+000
 imbalance (mm/day)  1.247002501258976E-011
  imbalance (rel error):  1.567210088756067E-016
 ===========================
NSTEP =         41   NCYCLE=  1  CFL_adv= 0.110  CFL_sgs= 0.096
NSTEP =         42   NCYCLE=  1  CFL_adv= 0.111  CFL_sgs= 0.087
 Let's do some shortwave
 Range of zenith angles  0.732661695834013       0.732661695834013     
 Range of surface albedo (asdir)  3.383449086658900E-002  3.383449086658900E-002
 Range of surface albedo (aldir)  3.383449086658900E-002  3.383449086658900E-002
 Range of surface albedo (asdif)  6.000000000000000E-002  6.000000000000000E-002
 Range of surface albedo (aldif)  6.000000000000000E-002  6.000000000000000E-002
 radiation: perpetual sun, solin=   310.282739730761     
 longwave radiation is called
NSTEP =         43   NCYCLE=  1  CFL_adv= 0.112  CFL_sgs= 0.096
 Collecting statistics...
 name QCSTRG is missing in "lst" file.
NSTEP =         44   NCYCLE=  1  CFL_adv= 0.113  CFL_sgs= 0.088
 DAY =   1.527777777777778E-002
 NSTEP=          44
 div:  7.654047008956752E-017 -7.825349206537833E-017
 SST=   300.000000000000     
 surface pressure=   1014.80000000000     
 u:  -1.39285891266624        1.39285891266587     
 v:  -1.39285905555476        1.39285905555924     
 w: -5.665235086712156E-002  0.159702177806170     
 p:  -14.1557827820908        8.46825803940176     
 t:   300.670246695519        473.169027187005     
 tabs:   202.025241677561        300.476173350973     
 qv:  0.000000000000000E+000  1.989040413941283E-002
 tke:  0.000000000000000E+000   1.33530262451149     
 tk:  0.000000000000000E+000   4.33332356940869     
 tkh:  0.000000000000000E+000   4.33332356940869     
 qcl:  0.000000000000000E+000  0.000000000000000E+000
 qci:  0.000000000000000E+000  0.000000000000000E+000
 qpl:  0.000000000000000E+000  0.000000000000000E+000
 qpi:  0.000000000000000E+000  0.000000000000000E+000
 qrad(K/day):  -4.31394866058863        1.17983623026224     
 shf:  -1.86445391208147      -0.391201940406135     
 lhf:   4.95245489532087        45.9098570065857     
 uw: -4.105227636402037E-003  4.105227636400176E-003
 vw: -4.105226954421931E-003  4.105226954423051E-003
 sst:   300.000000000000        300.000000000000     
 ===========================
 total water budget:
 before (mm):         45.33968587226
 after (mm):          45.34022449345
 evaporation (mm):     0.00053862119
 precipitation (mm):   0.00000000000
 large-scale (mm):     0.00000000000
 Imbalance (mm)      -0.00000000000
 evap (mm/day):   1.55122902675277     
 prec (mm/day):  0.000000000000000E+000
 ls (mm/day):  0.000000000000000E+000
 imbalance (mm/day) -1.438849039914203E-011
  imbalance (rel error): -1.567135460175671E-016
 ===========================
NSTEP =         45   NCYCLE=  1  CFL_adv= 0.114  CFL_sgs= 0.097
NSTEP =         46   NCYCLE=  1  CFL_adv= 0.115  CFL_sgs= 0.088
NSTEP =         47   NCYCLE=  1  CFL_adv= 0.116  CFL_sgs= 0.097
 Collecting statistics...
 name QCSTRG is missing in "lst" file.
NSTEP =         48   NCYCLE=  1  CFL_adv= 0.116  CFL_sgs= 0.086
 DAY =   1.666666666666667E-002
 NSTEP=          48
 div:  5.432128666321649E-017 -5.636630218245063E-017
 SST=   300.000000000000     
 surface pressure=   1014.80000000000     
 u:  -1.42411110564963        1.42411110564822     
 v:  -1.42411133860995        1.42411133861486     
 w: -6.135409071225805E-002  0.157382275758472     
 p:  -12.2039827516320        8.25320251657423     
 t:   300.662452895323        473.170687497851     
 tabs:   202.026839743450        300.467871798580     
 qv:  0.000000000000000E+000  1.989587120474557E-002
 tke:  0.000000000000000E+000   1.34675708041160     
 tk:  0.000000000000000E+000   4.35186987894723     
 tkh:  0.000000000000000E+000   4.35186987894723     
 qcl:  0.000000000000000E+000  0.000000000000000E+000
 qci:  0.000000000000000E+000  0.000000000000000E+000
 qpl:  0.000000000000000E+000  0.000000000000000E+000
 qpi:  0.000000000000000E+000  0.000000000000000E+000
 qrad(K/day):  -4.31394866058863        1.17983623026224     
 shf:  -1.85880668228875      -0.391918116300073     
 lhf:   5.01171071447168        45.6738548792483     
 uw: -4.202254336874621E-003  4.202254336863331E-003
 vw: -4.202251594768985E-003  4.202251594785426E-003
 sst:   300.000000000000        300.000000000000     
 ===========================
 total water budget:
 before (mm):         45.34183582113
 after (mm):          45.34237143274
 evaporation (mm):     0.00053561161
 precipitation (mm):   0.00000000000
 large-scale (mm):     0.00000000000
 Imbalance (mm)      -0.00000000000
 evap (mm/day):   1.54256143973857     
 prec (mm/day):  0.000000000000000E+000
 ls (mm/day):  0.000000000000000E+000
 imbalance (mm/day) -1.950439809661475E-011
  imbalance (rel error): -1.567061257071858E-016
 ===========================
 Let's do some shortwave
 Range of zenith angles  0.732661695834013       0.732661695834013     
 Range of surface albedo (asdir)  3.383449086658900E-002  3.383449086658900E-002
 Range of surface albedo (aldir)  3.383449086658900E-002  3.383449086658900E-002
 Range of surface albedo (asdif)  6.000000000000000E-002  6.000000000000000E-002
 Range of surface albedo (aldif)  6.000000000000000E-002  6.000000000000000E-002
 radiation: perpetual sun, solin=   310.282739730696     
 longwave radiation is called
NSTEP =         49   NCYCLE=  1  CFL_adv= 0.117  CFL_sgs= 0.097
NSTEP =         50   NCYCLE=  1  CFL_adv= 0.118  CFL_sgs= 0.087
NSTEP =         51   NCYCLE=  1  CFL_adv= 0.118  CFL_sgs= 0.097
 Collecting statistics...
 name QCSTRG is missing in "lst" file.
NSTEP =         52   NCYCLE=  1  CFL_adv= 0.119  CFL_sgs= 0.087
 DAY =   1.805555555555555E-002
 NSTEP=          52
 div:  7.174049196398169E-017 -6.005347407003008E-017
 SST=   300.000000000000     
 surface pressure=   1014.80000000000     
 u:  -1.44663240196865        1.44663240196655     
 v:  -1.44663261564178        1.44663261564718     
 w: -6.587167218042284E-002  0.153650726709797     
 p:  -10.4874419250328        8.02014392615022     
 t:   300.654564235424        473.172343757670     
 tabs:   202.028439153753        300.460106876305     
 qv:  0.000000000000000E+000  1.990140354841195E-002
 tke:  0.000000000000000E+000   1.35846605759122     
 tk:  0.000000000000000E+000   4.37074695388289     
 tkh:  0.000000000000000E+000   4.37074695388289     
 qcl:  0.000000000000000E+000  0.000000000000000E+000
 qci:  0.000000000000000E+000  0.000000000000000E+000
 qpl:  0.000000000000000E+000  0.000000000000000E+000
 qpi:  0.000000000000000E+000  0.000000000000000E+000
 qrad(K/day):  -4.28156387438596        1.17965567441075     
 shf:  -1.84703051890014      -0.392598967108321     
 lhf:   5.07144085332308        45.4420357662217     
 uw: -4.264968142213508E-003  4.264968142205316E-003
 vw: -4.264963383942800E-003  4.264963383953910E-003
 sst:   300.000000000000        300.000000000000     
 ===========================
 total water budget:
 before (mm):         45.34397381383
 after (mm):          45.34450646704
 evaporation (mm):     0.00053265320
 precipitation (mm):   0.00000000000
 large-scale (mm):     0.00000000000
 Imbalance (mm)      -0.00000000000
 evap (mm/day):   1.53404122983712     
 prec (mm/day):  0.000000000000000E+000
 ls (mm/day):  0.000000000000000E+000
 imbalance (mm/day) -1.247002501258976E-011
  imbalance (rel error): -1.566987472399954E-016
 ===========================
NSTEP =         53   NCYCLE=  1  CFL_adv= 0.119  CFL_sgs= 0.097
NSTEP =         54   NCYCLE=  1  CFL_adv= 0.120  CFL_sgs= 0.088
 Let's do some shortwave
 Range of zenith angles  0.732661695834013       0.732661695834013     
 Range of surface albedo (asdir)  3.383449086658900E-002  3.383449086658900E-002
 Range of surface albedo (aldir)  3.383449086658900E-002  3.383449086658900E-002
 Range of surface albedo (asdif)  6.000000000000000E-002  6.000000000000000E-002
 Range of surface albedo (aldif)  6.000000000000000E-002  6.000000000000000E-002
 radiation: perpetual sun, solin=   310.282739730644     
 longwave radiation is called
NSTEP =         55   NCYCLE=  1  CFL_adv= 0.120  CFL_sgs= 0.098
 Collecting statistics...
 name QCSTRG is missing in "lst" file.
NSTEP =         56   NCYCLE=  1  CFL_adv= 0.121  CFL_sgs= 0.047
 DAY =   1.944444444444444E-002
 NSTEP=          56
 div:  9.221750247229570E-017 -7.372762587663450E-017
 SST=   300.000000000000     
 surface pressure=   1014.80000000000     
 u:  -1.46201964633871        1.46201964633680     
 v:  -1.46202011676340        1.46202011676789     
 w: -6.864804698459266E-002  0.149784073909808     
 p:  -9.00860900622678        7.79904476561436     
 t:   300.646711395715        473.174001375461     
 tabs:   202.030044644733        300.452072897325     
 qv:  0.000000000000000E+000  1.990700185198550E-002
 tke:  0.000000000000000E+000   1.37021490736524     
 tk:  0.000000000000000E+000   4.38960671755724     
 tkh:  0.000000000000000E+000   4.38960671755724     
 qcl:  0.000000000000000E+000  0.000000000000000E+000
 qci:  0.000000000000000E+000  0.000000000000000E+000
 qpl:  0.000000000000000E+000  0.000000000000000E+000
 qpi:  0.000000000000000E+000  0.000000000000000E+000
 qrad(K/day):  -4.25466998925640        1.17956154669163     
 shf:  -1.83017500262115      -0.393244141217909     
 lhf:   5.13167518888048        45.2133056394435     
 uw: -4.299844204803457E-003  4.299844204792532E-003
 vw: -4.299843684207557E-003  4.299843684218995E-003
 sst:   300.000000000000        300.000000000000     
 ===========================
 total water budget:
 before (mm):         45.34610005142
 after (mm):          45.34662979796
 evaporation (mm):     0.00052974654
 precipitation (mm):   0.00000000000
 large-scale (mm):     0.00000000000
 Imbalance (mm)       0.00000000000
 evap (mm/day):   1.52567003247206     
 prec (mm/day):  0.000000000000000E+000
 ls (mm/day):  0.000000000000000E+000
 imbalance (mm/day)  1.598721155460225E-011
  imbalance (rel error):  1.566914099076025E-016
 ===========================
NSTEP =         57   NCYCLE=  1  CFL_adv= 0.121  CFL_sgs= 0.098
NSTEP =         58   NCYCLE=  1  CFL_adv= 0.121  CFL_sgs= 0.047
NSTEP =         59   NCYCLE=  1  CFL_adv= 0.122  CFL_sgs= 0.098
 Collecting statistics...
 name QCSTRG is missing in "lst" file.
 Writting statistics:nstatsteps=          15
 --------------- ISCCP Simulator Diagnostics: -----------------
 ISCCP PDF:
            0.0       0.3       1.3       3.6       9.4      23.0      60.0
    0.     0.000     0.000     0.000     0.000     0.000     0.000     0.000
  180.     0.000     0.000     0.000     0.000     0.000     0.000     0.000
  310.     0.000     0.000     0.000     0.000     0.000     0.000     0.000
  440.     0.000     0.000     0.000     0.000     0.000     0.000     0.000
  560.     0.000     0.000     0.000     0.000     0.000     0.000     0.000
  680.     0.000     0.000     0.000     0.000     0.000     0.000     0.000
  800.     0.000     0.000     0.000     0.000     0.000     0.000     0.000
 low cld area (tau > 0.3)=  0.000000000000000E+000
 mid cld area (tau > 0.3)=  0.000000000000000E+000
 hgh cld area (tau > 0.3)=  0.000000000000000E+000
 total cld area (tau > 0.3)=  0.000000000000000E+000
 mean albedo cld (tau > 0.3)   -1.00000000000000     
 mean tau cld (tau > 0.3)   -1.00000000000000     
 mean top pressure (tau > 0.3)  -1.00000000000000     
 mean brightness temp (tau > 0.3)  -1.00000000000000     
 mean clearsky brightness temp (tau > 0.3)  -1.00000000000000     
 --------------- MODIS Simulator Diagnostics: -----------------
 MODIS PDF:
                      0.3       1.3       3.6       9.4      23.0      60.0
    0.               0.000     0.000     0.000     0.000     0.000     0.000
  180.               0.000     0.000     0.000     0.000     0.000     0.000
  310.               0.000     0.000     0.000     0.000     0.000     0.000
  440.               0.000     0.000     0.000     0.000     0.000     0.000
  560.               0.000     0.000     0.000     0.000     0.000     0.000
  680.               0.000     0.000     0.000     0.000     0.000     0.000
  800.               0.000     0.000     0.000     0.000     0.000     0.000
 low cld area =  0.000000000000000E+000
 mid cld area =  0.000000000000000E+000
 hgh cld area =  0.000000000000000E+000
 total cld area =  0.000000000000000E+000
 mean tau cld   -1.00000000000000     
 mean top pressure   -1.00000000000000     
 total cld area (liquid) =  0.000000000000000E+000
 total cld area (ice) =  0.000000000000000E+000
 mean tau (liquid) =  -1.00000000000000     
 mean tau (ice) =  -1.00000000000000     
 mean lwp (g/m2) =  -1.00000000000000     
 mean iwp (g/m2) =  -1.00000000000000     
 mean reff (liquid)  =  -1.00000000000000     
 mean reff (ice)  =  -1.00000000000000     
 --------------- MISR Simulator Diagnostics: -----------------
 MISR PDF:
            0.0       0.3       1.3       3.6       9.4      23.0      60.0
 99.00     0.000     0.000     0.000     0.000     0.000     0.000     0.000
 17.00     0.000     0.000     0.000     0.000     0.000     0.000     0.000
 15.00     0.000     0.000     0.000     0.000     0.000     0.000     0.000
 13.00     0.000     0.000     0.000     0.000     0.000     0.000     0.000
 11.00     0.000     0.000     0.000     0.000     0.000     0.000     0.000
  9.00     0.000     0.000     0.000     0.000     0.000     0.000     0.000
  7.00     0.000     0.000     0.000     0.000     0.000     0.000     0.000
  5.00     0.000     0.000     0.000     0.000     0.000     0.000     0.000
  4.00     0.000     0.000     0.000     0.000     0.000     0.000     0.000
  3.00     0.000     0.000     0.000     0.000     0.000     0.000     0.000
  2.50     0.000     0.000     0.000     0.000     0.000     0.000     0.000
  2.00     0.000     0.000     0.000     0.000     0.000     0.000     0.000
  1.50     0.000     0.000     0.000     0.000     0.000     0.000     0.000
  1.00     0.000     0.000     0.000     0.000     0.000     0.000     0.000
  0.50     0.000     0.000     0.000     0.000     0.000     0.000     0.000
  0.00     0.000     0.000     0.000     0.000     0.000     0.000     0.000
 total cld area =  0.000000000000000E+000
 mean top height (m)  -1.00000000000000     
 Writting history file 
 rcemip300sst_160_MaxIce20_dry                                                  
  
NSTEP =         60   NCYCLE=  1  CFL_adv= 0.122  CFL_sgs= 0.043
 DAY =   2.083333333333333E-002
 NSTEP=          60
 div:  5.474305857922393E-017 -6.284035023073104E-017
 SST=   300.000000000000     
 surface pressure=   1014.80000000000     
 u:  -1.47072269725784        1.47072269725619     
 v:  -1.47072306823306        1.47072306823641     
 w: -6.954182113092386E-002  0.145552069485411     
 p:  -7.71699326635450        7.61235159654626     
 t:   300.638968599049        473.175649174697     
 tabs:   202.031656727102        300.443825852595     
 qv:  0.000000000000000E+000  1.991266631103993E-002
 tke:  0.000000000000000E+000   1.38177384854320     
 tk:  0.000000000000000E+000   4.40808288773462     
 tkh:  0.000000000000000E+000   4.40808288773462     
 qcl:  0.000000000000000E+000  0.000000000000000E+000
 qci:  0.000000000000000E+000  0.000000000000000E+000
 qpl:  0.000000000000000E+000  0.000000000000000E+000
 qpi:  0.000000000000000E+000  0.000000000000000E+000
 qrad(K/day):  -4.25466998925640        1.17956154669163     
 shf:  -1.80939563958198      -0.393851841650529     
 lhf:   5.19236288199925        44.9847321050458     
 uw: -4.311411426480701E-003  4.311411426467395E-003
 vw: -4.311409642027338E-003  4.311409642037912E-003
 sst:   300.000000000000        300.000000000000     
 ===========================
 total water budget:
 before (mm):         45.34821474204
 after (mm):          45.34874163485
 evaporation (mm):     0.00052689281
 precipitation (mm):   0.00000000000
 large-scale (mm):     0.00000000000
 Imbalance (mm)       0.00000000000
 evap (mm/day):   1.51745130015399     
 prec (mm/day):  0.000000000000000E+000
 ls (mm/day):  0.000000000000000E+000
 imbalance (mm/day)  3.581135388230905E-011
  imbalance (rel error):  3.133682259505337E-016
 ===========================
CPU TIME =      61.9931 OVER     0.50 MODEL HOURS
 Let's do some shortwave
 Range of zenith angles  0.732661695834013       0.732661695834013     
 Range of surface albedo (asdir)  3.383449086658900E-002  3.383449086658900E-002
 Range of surface albedo (aldir)  3.383449086658900E-002  3.383449086658900E-002
 Range of surface albedo (asdif)  6.000000000000000E-002  6.000000000000000E-002
 Range of surface albedo (aldif)  6.000000000000000E-002  6.000000000000000E-002
 radiation: perpetual sun, solin=   310.282739730606     
 longwave radiation is called
NSTEP =         61   NCYCLE=  1  CFL_adv= 0.122  CFL_sgs= 0.098
NSTEP =         62   NCYCLE=  1  CFL_adv= 0.122  CFL_sgs= 0.040
NSTEP =         63   NCYCLE=  1  CFL_adv= 0.123  CFL_sgs= 0.023
 Collecting statistics...
 name QCSTRG is missing in "lst" file.
NSTEP =         64   NCYCLE=  1  CFL_adv= 0.123  CFL_sgs= 0.027
 DAY =   2.222222222222222E-002
 NSTEP=          64
 div:  9.078285362930525E-017 -1.240575024720597E-016
 SST=   300.000000000000     
 surface pressure=   1014.80000000000     
 u:  -1.47360046872281        1.47360046872156     
 v:  -1.47360055462632        1.47360055462814     
 w: -6.965028629484768E-002  0.140939360075590     
 p:  -6.62829297934974        7.48795237046269     
 t:   300.631342497184        473.177313552277     
 tabs:   202.033269261694        300.436348165459     
 qv:  0.000000000000000E+000  1.991839747612213E-002
 tke:  0.000000000000000E+000  7.543424498772838E-002
 tk:  0.000000000000000E+000   1.02994857645415     
 tkh:  0.000000000000000E+000   1.02994857645415     
 qcl:  0.000000000000000E+000  0.000000000000000E+000
 qci:  0.000000000000000E+000  0.000000000000000E+000
 qpl:  0.000000000000000E+000  0.000000000000000E+000
 qpi:  0.000000000000000E+000  0.000000000000000E+000
 qrad(K/day):  -4.22320740475245        1.17935895094398     
 shf:  -1.78564669947163      -0.394419796146123     
 lhf:   5.25341494008946        44.7546480001870     
 uw: -4.305561136295555E-003  4.305561136290758E-003
 vw: -4.305554618302452E-003  4.305554618305219E-003
 sst:   300.000000000000        300.000000000000     
 ===========================
 total water budget:
 before (mm):         45.35031809296
 after (mm):          45.35084218304
 evaporation (mm):     0.00052409008
 precipitation (mm):   0.00000000000
 large-scale (mm):     0.00000000000
 Imbalance (mm)      -0.00000000000
 evap (mm/day):   1.50937942650739     
 prec (mm/day):  0.000000000000000E+000
 ls (mm/day):  0.000000000000000E+000
 imbalance (mm/day) -1.886490963443066E-011
  imbalance (rel error): -1.566768557223944E-016
 ===========================
NSTEP =         65   NCYCLE=  1  CFL_adv= 0.123  CFL_sgs= 0.023
NSTEP =         66   NCYCLE=  1  CFL_adv= 0.123  CFL_sgs= 0.027
 Let's do some shortwave
 Range of zenith angles  0.732661695834013       0.732661695834013     
 Range of surface albedo (asdir)  3.383449086658900E-002  3.383449086658900E-002
 Range of surface albedo (aldir)  3.383449086658900E-002  3.383449086658900E-002
 Range of surface albedo (asdif)  6.000000000000000E-002  6.000000000000000E-002
 Range of surface albedo (aldif)  6.000000000000000E-002  6.000000000000000E-002
 radiation: perpetual sun, solin=   310.282739730579     
 longwave radiation is called
NSTEP =         67   NCYCLE=  1  CFL_adv= 0.123  CFL_sgs= 0.024
 Collecting statistics...
 name QCSTRG is missing in "lst" file.
NSTEP =         68   NCYCLE=  1  CFL_adv= 0.123  CFL_sgs= 0.018
 DAY =   2.361111111111111E-002
 NSTEP=          68
 div:  5.889616376245576E-017 -5.549777389455619E-017
 SST=   300.000000000000     
 surface pressure=   1014.80000000000     
 u:  -1.47132923302911        1.47132923302828     
 v:  -1.47132979716335        1.47132979716346     
 w: -6.944741864977398E-002  0.136516511829610     
 p:  -5.82978928141700        7.43834605368137     
 t:   300.623818511752        473.179006916775     
 tabs:   202.034865500824        300.428735611801     
 qv:  0.000000000000000E+000  1.992419596616671E-002
 tke:  0.000000000000000E+000  8.512903030503502E-002
 tk:  0.000000000000000E+000   1.09413298490840     
 tkh:  0.000000000000000E+000   1.09413298490840     
 qcl:  0.000000000000000E+000  0.000000000000000E+000
 qci:  0.000000000000000E+000  0.000000000000000E+000
 qpl:  0.000000000000000E+000  0.000000000000000E+000
 qpi:  0.000000000000000E+000  0.000000000000000E+000
 qrad(K/day):  -4.19811925821146        1.17908039059254     
 shf:  -1.75961554440562      -0.394950120593401     
 lhf:   5.31501540493803        44.5240935400120     
 uw: -4.283244348874072E-003  4.283244348866498E-003
 vw: -4.283243413145108E-003  4.283243413151675E-003
 sst:   300.000000000000        300.000000000000     
 ===========================
 total water budget:
 before (mm):         45.35241031559
 after (mm):          45.35293165856
 evaporation (mm):     0.00052134297
 precipitation (mm):   0.00000000000
 large-scale (mm):     0.00000000000
 Imbalance (mm)       0.00000000000
 evap (mm/day):   1.50146774477715     
 prec (mm/day):  0.000000000000000E+000
 ls (mm/day):  0.000000000000000E+000
 imbalance (mm/day)  1.310951347477385E-011
  imbalance (rel error):  1.566696373917977E-016
 ===========================
NSTEP =         69   NCYCLE=  1  CFL_adv= 0.123  CFL_sgs= 0.024
NSTEP =         70   NCYCLE=  1  CFL_adv= 0.124  CFL_sgs= 0.019
NSTEP =         71   NCYCLE=  1  CFL_adv= 0.124  CFL_sgs= 0.024
 Collecting statistics...
 name QCSTRG is missing in "lst" file.
NSTEP =         72   NCYCLE=  1  CFL_adv= 0.124  CFL_sgs= 0.020
 DAY =   2.500000000000000E-002
 NSTEP=          72
 div:  4.988612113806503E-017 -5.371043958800953E-017
 SST=   300.000000000000     
 surface pressure=   1014.80000000000     
 u:  -1.46445038771787        1.46445038771726     
 v:  -1.46445067520684        1.46445067520582     
 w: -6.982975408251325E-002  0.131298973712638     
 p:  -5.24985713722107        7.45061915510505     
 t:   300.616393200168        473.180692072098     
 tabs:   202.036464978627        300.420390981767     
 qv:  0.000000000000000E+000  1.993006226261690E-002
 tke:  0.000000000000000E+000  5.746304479354312E-003
 tk:  0.000000000000000E+000  0.284266436184295     
 tkh:  0.000000000000000E+000  0.284266436184295     
 qcl:  0.000000000000000E+000  0.000000000000000E+000
 qci:  0.000000000000000E+000  0.000000000000000E+000
 qpl:  0.000000000000000E+000  0.000000000000000E+000
 qpi:  0.000000000000000E+000  0.000000000000000E+000
 qrad(K/day):  -4.19811925821146        1.17908039059254     
 shf:  -1.73211720934232      -0.395440467231627     
 lhf:   5.37707895676877        44.2949921819623     
 uw: -4.246023479423815E-003  4.246023479414502E-003
 vw: -4.246021118295798E-003  4.246021118304922E-003
 sst:   300.000000000000        300.000000000000     
 ===========================
 total water budget:
 before (mm):         45.35449163135
 after (mm):          45.35501028192
 evaporation (mm):     0.00051865058
 precipitation (mm):   0.00000000000
 large-scale (mm):     0.00000000000
 Imbalance (mm)       0.00000000000
 evap (mm/day):   1.49371365713126     
 prec (mm/day):  0.000000000000000E+000
 ls (mm/day):  0.000000000000000E+000
 imbalance (mm/day)  2.398081733190338E-011
  imbalance (rel error):  1.566624572111016E-016
 ===========================
 Let's do some shortwave
 Range of zenith angles  0.732661695834013       0.732661695834013     
 Range of surface albedo (asdir)  3.383449086658900E-002  3.383449086658900E-002
 Range of surface albedo (aldir)  3.383449086658900E-002  3.383449086658900E-002
 Range of surface albedo (asdif)  6.000000000000000E-002  6.000000000000000E-002
 Range of surface albedo (aldif)  6.000000000000000E-002  6.000000000000000E-002
 radiation: perpetual sun, solin=   310.282739730517     
 longwave radiation is called
NSTEP =         73   NCYCLE=  1  CFL_adv= 0.123  CFL_sgs= 0.006
NSTEP =         74   NCYCLE=  1  CFL_adv= 0.123  CFL_sgs= 0.006
NSTEP =         75   NCYCLE=  1  CFL_adv= 0.123  CFL_sgs= 0.006
 Collecting statistics...
 name QCSTRG is missing in "lst" file.
NSTEP =         76   NCYCLE=  1  CFL_adv= 0.123  CFL_sgs= 0.006
 DAY =   2.638888888888889E-002
 NSTEP=          76
 div:  5.584993689810324E-017 -5.420683924413684E-017
 SST=   300.000000000000     
 surface pressure=   1014.80000000000     
 u:  -1.45348513281794        1.45348513281700     
 v:  -1.45348518138377        1.45348518138155     
 w: -7.072930314260767E-002  0.126579692288753     
 p:  -4.78592593374304        7.49848817816838     
 t:   300.609072029852        473.182365046061     
 tabs:   202.038078324219        300.413098812701     
 qv:  0.000000000000000E+000  1.993599686014291E-002
 tke:  0.000000000000000E+000  5.857037877845326E-003
 tk:  0.000000000000000E+000  0.286992325955242     
 tkh:  0.000000000000000E+000  0.286992325955242     
 qcl:  0.000000000000000E+000  0.000000000000000E+000
 qci:  0.000000000000000E+000  0.000000000000000E+000
 qpl:  0.000000000000000E+000  0.000000000000000E+000
 qpi:  0.000000000000000E+000  0.000000000000000E+000
 qrad(K/day):  -4.16921014771602        1.17876501284833     
 shf:  -1.70321039275908      -0.395889402939643     
 lhf:   5.43957251757811        44.0680092572698     
 uw: -4.195910041287499E-003  4.195910041278507E-003
 vw: -4.195904439157934E-003  4.195904439169290E-003
 sst:   300.000000000000        300.000000000000     
 ===========================
 total water budget:
 before (mm):         45.35656225928
 after (mm):          45.35707827120
 evaporation (mm):     0.00051601192
 precipitation (mm):   0.00000000000
 large-scale (mm):     0.00000000000
 Imbalance (mm)       0.00000000000
 evap (mm/day):   1.48611432841200     
 prec (mm/day):  0.000000000000000E+000
 ls (mm/day):  0.000000000000000E+000
 imbalance (mm/day) -3.197442310920451E-012
  imbalance (rel error):  0.000000000000000E+000
 ===========================
NSTEP =         77   NCYCLE=  1  CFL_adv= 0.123  CFL_sgs= 0.006
NSTEP =         78   NCYCLE=  1  CFL_adv= 0.123  CFL_sgs= 0.006
 Let's do some shortwave
 Range of zenith angles  0.732661695834013       0.732661695834013     
 Range of surface albedo (asdir)  3.383449086658900E-002  3.383449086658900E-002
 Range of surface albedo (aldir)  3.383449086658900E-002  3.383449086658900E-002
 Range of surface albedo (asdif)  6.000000000000000E-002  6.000000000000000E-002
 Range of surface albedo (aldif)  6.000000000000000E-002  6.000000000000000E-002
 radiation: perpetual sun, solin=   310.282739730392     
 longwave radiation is called
NSTEP =         79   NCYCLE=  1  CFL_adv= 0.123  CFL_sgs= 0.006
 Collecting statistics...
 name QCSTRG is missing in "lst" file.
NSTEP =         80   NCYCLE=  1  CFL_adv= 0.123  CFL_sgs= 0.006
 DAY =   2.777777777777778E-002
 NSTEP=          80
 div:  4.127347224998591E-017 -5.023064785002662E-017
 SST=   300.000000000000     
 surface pressure=   1014.80000000000     
 u:  -1.43956390813280        1.43956390812710     
 v:  -1.43956425045860        1.43956425046691     
 w: -7.072085006166462E-002  0.121830133166760     
 p:  -4.61327657212047        7.47790032117218     
 t:   300.601842156775        473.184014451168     
 tabs:   202.039688463928        300.405641602581     
 qv:  0.000000000000000E+000  1.994188414638163E-002
 tke:  0.000000000000000E+000  5.965497878165069E-003
 tk:  0.000000000000000E+000  0.289637383484412     
 tkh:  0.000000000000000E+000  0.289637383484412     
 qcl:  0.000000000000000E+000  0.000000000000000E+000
 qci:  0.000000000000000E+000  0.000000000000000E+000
 qpl:  0.000000000000000E+000  0.000000000000000E+000
 qpi:  0.000000000000000E+000  0.000000000000000E+000
 qrad(K/day):  -4.14637948597203        1.17848608826884     
 shf:  -1.67293268171582      -0.396307480263882     
 lhf:   5.50281031547544        43.8420771562225     
 uw: -4.135046804675501E-003  4.135046804669958E-003
 vw: -4.135046907662341E-003  4.135046907679080E-003
 sst:   300.000000000000        300.000000000000     
 ===========================
 total water budget:
 before (mm):         45.35862241426
 after (mm):          45.35913584193
 evaporation (mm):     0.00051342767
 precipitation (mm):   0.00000000000
 large-scale (mm):     0.00000000000
 Imbalance (mm)       0.00000000000
 evap (mm/day):   1.47867168582625     
 prec (mm/day):  0.000000000000000E+000
 ls (mm/day):  0.000000000000000E+000
 imbalance (mm/day)  9.912071163853399E-012
  imbalance (rel error):  0.000000000000000E+000
 ===========================
NSTEP =         81   NCYCLE=  1  CFL_adv= 0.123  CFL_sgs= 0.006
NSTEP =         82   NCYCLE=  1  CFL_adv= 0.123  CFL_sgs= 0.006
NSTEP =         83   NCYCLE=  1  CFL_adv= 0.122  CFL_sgs= 0.006
 Collecting statistics...
 name QCSTRG is missing in "lst" file.
NSTEP =         84   NCYCLE=  1  CFL_adv= 0.122  CFL_sgs= 0.007
 DAY =   2.916666666666667E-002
 NSTEP=          84
 div:  4.691870435532305E-017 -2.958221089734231E-017
 SST=   300.000000000000     
 surface pressure=   1014.80000000000     
 u:  -1.42312887728538        1.42312887727833     
 v:  -1.42312921726365        1.42312921727059     
 w: -6.991466171098343E-002  0.117181243578208     
 p:  -4.60830306396356        7.48203781490540     
 t:   300.594700325316        473.185700318200     
 tabs:   202.041299582073        300.397845739426     
 qv:  0.000000000000000E+000  1.994773482878468E-002
 tke:  0.000000000000000E+000  6.071633651725394E-003
 tk:  0.000000000000000E+000  0.292202580802067     
 tkh:  0.000000000000000E+000  0.292202580802067     
 qcl:  0.000000000000000E+000  0.000000000000000E+000
 qci:  0.000000000000000E+000  0.000000000000000E+000
 qpl:  0.000000000000000E+000  0.000000000000000E+000
 qpi:  0.000000000000000E+000  0.000000000000000E+000
 qrad(K/day):  -4.14637948597203        1.17848608826884     
 shf:  -1.64160217652324      -0.396699467446859     
 lhf:   5.56698365112984        43.6160490490179     
 uw: -4.065838795805669E-003  4.065838795804502E-003
 vw: -4.065837857293918E-003  4.065837857314914E-003
 sst:   300.000000000000        300.000000000000     
 ===========================
 total water budget:
 before (mm):         45.36067231077
 after (mm):          45.36118320718
 evaporation (mm):     0.00051089641
 precipitation (mm):   0.00000000000
 large-scale (mm):     0.00000000000
 Imbalance (mm)      -0.00000000000
 evap (mm/day):   1.47138164942739     
 prec (mm/day):  0.000000000000000E+000
 ls (mm/day):  0.000000000000000E+000
 imbalance (mm/day) -2.877698079828406E-011
  imbalance (rel error): -1.566411379779952E-016
 ===========================
 Let's do some shortwave
 Range of zenith angles  0.732661695834013       0.732661695834013     
 Range of surface albedo (asdir)  3.383449086658900E-002  3.383449086658900E-002
 Range of surface albedo (aldir)  3.383449086658900E-002  3.383449086658900E-002
 Range of surface albedo (asdif)  6.000000000000000E-002  6.000000000000000E-002
 Range of surface albedo (aldif)  6.000000000000000E-002  6.000000000000000E-002
 radiation: perpetual sun, solin=   310.282739730195     
 longwave radiation is called
NSTEP =         85   NCYCLE=  1  CFL_adv= 0.122  CFL_sgs= 0.007
NSTEP =         86   NCYCLE=  1  CFL_adv= 0.122  CFL_sgs= 0.007
NSTEP =         87   NCYCLE=  1  CFL_adv= 0.122  CFL_sgs= 0.007
 Collecting statistics...
 name QCSTRG is missing in "lst" file.
NSTEP =         88   NCYCLE=  1  CFL_adv= 0.122  CFL_sgs= 0.007
 DAY =   3.055555555555555E-002
 NSTEP=          88
 div:  4.013944486461876E-017 -3.813086900423554E-017
 SST=   300.000000000000     
 surface pressure=   1014.80000000000     
 u:  -1.40470806648148        1.40470806647397     
 v:  -1.40470869993589        1.40470869994240     
 w: -6.665035694534305E-002  0.119464489898372     
 p:  -4.62274803299023        7.34096327918188     
 t:   300.587652079110        473.187295817127     
 tabs:   202.042929469094        300.390363745817     
 qv:  0.000000000000000E+000  1.995362755405224E-002
 tke:  0.000000000000000E+000  6.175387782471111E-003
 tk:  0.000000000000000E+000  0.294688633460811     
 tkh:  0.000000000000000E+000  0.294688633460811     
 qcl:  0.000000000000000E+000  2.644795475273956E-005
 qci:  0.000000000000000E+000  0.000000000000000E+000
 qpl:  0.000000000000000E+000  1.059327848294730E-011
 qpi:  0.000000000000000E+000  0.000000000000000E+000
 qrad(K/day):  -4.12130847751088        1.17833832975433     
 shf:  -1.60958886136029      -0.397059792436429     
 lhf:   5.63221457443103        43.3901360340840     
 uw: -3.990906588033694E-003  3.990906588036710E-003
 vw: -3.990903004333549E-003  3.990903004356823E-003
 sst:   300.000000000000        300.000000000000     
 ===========================
 total water budget:
 before (mm):         45.36271216346
 after (mm):          45.36322058199
 evaporation (mm):     0.00050841852
 precipitation (mm):   0.00000000000
 large-scale (mm):     0.00000000000
 Imbalance (mm)       0.00000000000
 evap (mm/day):   1.46424534689064     
 prec (mm/day):  0.000000000000000E+000
 ls (mm/day):  0.000000000000000E+000
 imbalance (mm/day)  1.758593271006248E-011
  imbalance (rel error):  1.566341028357732E-016
 ===========================
NSTEP =         89   NCYCLE=  1  CFL_adv= 0.122  CFL_sgs= 0.007
NSTEP =         90   NCYCLE=  1  CFL_adv= 0.122  CFL_sgs= 0.007
 Let's do some shortwave
 Range of zenith angles  0.732661695834013       0.732661695834013     
 Range of surface albedo (asdir)  3.383449086658900E-002  3.383449086658900E-002
 Range of surface albedo (aldir)  3.383449086658900E-002  3.383449086658900E-002
 Range of surface albedo (asdif)  6.000000000000000E-002  6.000000000000000E-002
 Range of surface albedo (aldif)  6.000000000000000E-002  6.000000000000000E-002
 radiation: perpetual sun, solin=   310.282739729952     
 longwave radiation is called
NSTEP =         91   NCYCLE=  1  CFL_adv= 0.123  CFL_sgs= 0.007
 Collecting statistics...
 name QCSTRG is missing in "lst" file.
NSTEP =         92   NCYCLE=  1  CFL_adv= 0.123  CFL_sgs= 0.007
 DAY =   3.194444444444444E-002
 NSTEP=          92
 div:  4.001566090113903E-017 -3.687993333770756E-017
 SST=   300.000000000000     
 surface pressure=   1014.80000000000     
 u:  -1.38586388207119        1.38586388206165     
 v:  -1.38586083869224        1.38586083869434     
 w: -6.243113184607251E-002  0.136315265598163     
 p:  -4.53666827666350        7.10703791347005     
 t:   300.580685442223        473.188995941464     
 tabs:   202.044581263555        300.383344435007     
 qv:  0.000000000000000E+000  1.995957078972014E-002
 tke:  0.000000000000000E+000  6.276735005353815E-003
 tk:  0.000000000000000E+000  0.297096930332153     
 tkh:  0.000000000000000E+000  0.297096930332153     
 qcl:  0.000000000000000E+000  5.807924114587167E-005
 qci:  0.000000000000000E+000  0.000000000000000E+000
 qpl:  0.000000000000000E+000  2.291260642137915E-010
 qpi:  0.000000000000000E+000  0.000000000000000E+000
 qrad(K/day):  -18.4233632155001        1.41419385107179     
 shf:  -1.57726840939166      -0.397286486236962     
 lhf:   5.69086340640338        43.1660453076901     
 uw: -3.912778041604366E-003  3.912778041608330E-003
 vw: -3.912776737346958E-003  3.912776737364882E-003
 sst:   300.000000000000        300.000000000000     
 ===========================
 total water budget:
 before (mm):         45.36474218527
 after (mm):          45.36524817998
 evaporation (mm):     0.00050599470
 precipitation (mm):   0.00000000000
 large-scale (mm):     0.00000000000
 Imbalance (mm)       0.00000000000
 evap (mm/day):   1.45726474732761     
 prec (mm/day):  0.000000000000000E+000
 ls (mm/day):  0.000000000000000E+000
 imbalance (mm/day)  2.749800387391588E-011
  imbalance (rel error):  1.566271020806902E-016
 ===========================
NSTEP =         93   NCYCLE=  1  CFL_adv= 0.124  CFL_sgs= 0.007
NSTEP =         94   NCYCLE=  1  CFL_adv= 0.124  CFL_sgs= 0.007
NSTEP =         95   NCYCLE=  1  CFL_adv= 0.125  CFL_sgs= 0.007
 Collecting statistics...
 name QCSTRG is missing in "lst" file.
NSTEP =         96   NCYCLE=  1  CFL_adv= 0.125  CFL_sgs= 0.007
 DAY =   3.333333333333333E-002
 NSTEP=          96
 div:  3.223782400112716E-017 -2.621235886572518E-017
 SST=   300.000000000000     
 surface pressure=   1014.80000000000     
 u:  -1.36639337081513        1.36639337080689     
 v:  -1.36638556106019        1.36638556106674     
 w: -5.958233942359448E-002  0.162159247538917     
 p:  -4.42659823965535        6.92543888218569     
 t:   300.573797417206        473.190582695646     
 tabs:   202.046246434440        300.375885527032     
 qv:  0.000000000000000E+000  1.996554934806243E-002
 tke:  0.000000000000000E+000  6.375654530510068E-003
 tk:  0.000000000000000E+000  0.299428859389501     
 tkh:  0.000000000000000E+000  0.299428859389501     
 qcl:  0.000000000000000E+000  9.992321682604078E-005
 qci:  0.000000000000000E+000  0.000000000000000E+000
 qpl:  0.000000000000000E+000  1.263954314045840E-009
 qpi:  0.000000000000000E+000  0.000000000000000E+000
 qrad(K/day):  -18.4233632155001        1.41419385107179     
 shf:  -1.54502685018878      -0.397182419611453     
 lhf:   5.72633363085434        42.9453740101935     
 uw: -3.833419510471935E-003  3.833419510472475E-003
 vw: -3.833414318170960E-003  3.833414318175985E-003
 sst:   300.000000000000        300.000000000000     
 ===========================
 total water budget:
 before (mm):         45.36676259253
 after (mm):          45.36726621811
 evaporation (mm):     0.00050362558
 precipitation (mm):   0.00000000000
 large-scale (mm):     0.00000000000
 Imbalance (mm)       0.00000000000
 evap (mm/day):   1.45044166504988     
 prec (mm/day):  0.000000000000000E+000
 ls (mm/day):  0.000000000000000E+000
 imbalance (mm/day) -5.115907697472721E-012
  imbalance (rel error):  0.000000000000000E+000
 ===========================
 Let's do some shortwave
 Range of zenith angles  0.732661695834013       0.732661695834013     
 Range of surface albedo (asdir)  3.383449086658900E-002  3.383449086658900E-002
 Range of surface albedo (aldir)  3.383449086658900E-002  3.383449086658900E-002
 Range of surface albedo (asdif)  6.000000000000000E-002  6.000000000000000E-002
 Range of surface albedo (aldif)  6.000000000000000E-002  6.000000000000000E-002
 radiation: perpetual sun, solin=   310.282739729700     
 longwave radiation is called
NSTEP =         97   NCYCLE=  1  CFL_adv= 0.126  CFL_sgs= 0.007
NSTEP =         98   NCYCLE=  1  CFL_adv= 0.127  CFL_sgs= 0.007
NSTEP =         99   NCYCLE=  1  CFL_adv= 0.127  CFL_sgs= 0.007
 Collecting statistics...
 name QCSTRG is missing in "lst" file.
NSTEP =        100   NCYCLE=  1  CFL_adv= 0.128  CFL_sgs= 0.007
 DAY =   3.472222222222222E-002
 NSTEP=         100
 div:  4.270573345749896E-017 -3.112587732563476E-017
 SST=   300.000000000000     
 surface pressure=   1014.80000000000     
 u:  -1.34627337944535        1.34627337944008     
 v:  -1.34626365928076        1.34626365929344     
 w: -5.697250119210082E-002  0.196972407332903     
 p:  -4.30845114703312        6.72090162445241     
 t:   300.566992877124        473.192351727802     
 tabs:   202.047895359539        300.368443767535     
 qv:  0.000000000000000E+000  1.997157419082901E-002
 tke:  0.000000000000000E+000  6.494825927287427E-003
 tk:  0.000000000000000E+000  0.302214310717543     
 tkh:  0.000000000000000E+000  0.302214310717543     
 qcl:  0.000000000000000E+000  1.502097953078763E-004
 qci:  0.000000000000000E+000  0.000000000000000E+000
 qpl:  0.000000000000000E+000  4.456519740113799E-009
 qpi:  0.000000000000000E+000  0.000000000000000E+000
 qrad(K/day):  -31.7638816593179        4.76358203153680     
 shf:  -1.51313981452003      -0.397024084078958     
 lhf:   5.75938754622399        42.7467680600381     
 uw: -3.754013056179028E-003  3.754013056172071E-003
 vw: -3.754006745603829E-003  3.754006745589241E-003
 sst:   300.000000000000        300.000000000000     
 ===========================
 total water budget:
 before (mm):         45.36877360527
 after (mm):          45.36927491550
 evaporation (mm):     0.00050131023
 precipitation (mm):   0.00000000000
 large-scale (mm):     0.00000000000
 Imbalance (mm)       0.00000000000
 evap (mm/day):   1.44377347419407     
 prec (mm/day):  2.215525853757955E-011
 ls (mm/day):  0.000000000000000E+000
 imbalance (mm/day) -5.982233798520416E-012
  imbalance (rel error):  0.000000000000000E+000
 ===========================
NSTEP =        101   NCYCLE=  1  CFL_adv= 0.128  CFL_sgs= 0.007
NSTEP =        102   NCYCLE=  1  CFL_adv= 0.129  CFL_sgs= 0.007
 Let's do some shortwave
 Range of zenith angles  0.732661695834013       0.732661695834013     
 Range of surface albedo (asdir)  3.383449086658900E-002  3.383449086658900E-002
 Range of surface albedo (aldir)  3.383449086658900E-002  3.383449086658900E-002
 Range of surface albedo (asdif)  6.000000000000000E-002  6.000000000000000E-002
 Range of surface albedo (aldif)  6.000000000000000E-002  6.000000000000000E-002
 radiation: perpetual sun, solin=   310.282739729490     
 longwave radiation is called
NSTEP =        103   NCYCLE=  1  CFL_adv= 0.129  CFL_sgs= 0.007
 Collecting statistics...
 name QCSTRG is missing in "lst" file.
NSTEP =        104   NCYCLE=  1  CFL_adv= 0.133  CFL_sgs= 0.007
 DAY =   3.611111111111111E-002
 NSTEP=         104
 div:  4.015065108716527E-017 -3.079750493458369E-017
 SST=   300.000000000000     
 surface pressure=   1014.80000000000     
 u:  -1.32564118397007        1.32564118396827     
 v:  -1.32563593052673        1.32563593054679     
 w: -5.475327811745610E-002  0.272840645207734     
 p:  -4.16869129968513        6.50993936371493     
 t:   300.558914645171        473.194280631477     
 tabs:   202.049537169917        300.361412341495     
 qv:  0.000000000000000E+000  1.997764270772341E-002
 tke:  0.000000000000000E+000  6.623010022079612E-003
 tk:  0.000000000000000E+000  0.305182041469505     
 tkh:  0.000000000000000E+000  0.305182041469505     
 qcl:  0.000000000000000E+000  2.121472493027140E-004
 qci:  0.000000000000000E+000  0.000000000000000E+000
 qpl:  0.000000000000000E+000  1.245370430707915E-008
 qpi:  0.000000000000000E+000  0.000000000000000E+000
 qrad(K/day):  -31.2911036708923        5.41261198858999     
 shf:  -1.48199384990961      -0.396834500834373     
 lhf:   5.79181916033288        42.5799562788908     
 uw: -3.675106418502627E-003  3.675106418487906E-003
 vw: -3.675111207536597E-003  3.675111207496953E-003
 sst:   300.000000000000        300.000000000000     
 ===========================
 total water budget:
 before (mm):         45.37077543788
 after (mm):          45.37127448690
 evaporation (mm):     0.00049904902
 precipitation (mm):   0.00000000000
 large-scale (mm):     0.00000000000
 Imbalance (mm)       0.00000000000
 evap (mm/day):   1.43726118441080     
 prec (mm/day):  2.301774961249110E-010
 ls (mm/day):  0.000000000000000E+000
 imbalance (mm/day)  8.914488209215787E-012
  imbalance (rel error):  0.000000000000000E+000
 ===========================
NSTEP =        105   NCYCLE=  1  CFL_adv= 0.134  CFL_sgs= 0.007
NSTEP =        106   NCYCLE=  1  CFL_adv= 0.136  CFL_sgs= 0.007
NSTEP =        107   NCYCLE=  1  CFL_adv= 0.138  CFL_sgs= 0.007
 Collecting statistics...
 name QCSTRG is missing in "lst" file.
NSTEP =        108   NCYCLE=  1  CFL_adv= 0.140  CFL_sgs= 0.007
 DAY =   3.750000000000000E-002
 NSTEP=         108
 div:  4.065333839266157E-017 -2.691323221113974E-017
 SST=   300.000000000000     
 surface pressure=   1014.80000000000     
 u:  -1.30464117427530        1.30464117427704     
 v:  -1.30464471533002        1.30464471535643     
 w: -5.202175700395507E-002  0.384164929359381     
 p:  -3.99257722759077        6.26503998362612     
 t:   300.550843822495        473.196028368433     
 tabs:   202.051185320467        300.354077162829     
 qv:  1.238992609085857E-294  1.998375107679693E-002
 tke:  0.000000000000000E+000  6.772918068957727E-003
 tk:  0.000000000000000E+000  0.308616526363573     
 tkh:  0.000000000000000E+000  0.308616526363573     
 qcl:  0.000000000000000E+000  2.968490522846648E-004
 qci:  0.000000000000000E+000  0.000000000000000E+000
 qpl:  0.000000000000000E+000  3.228717746533278E-008
 qpi:  0.000000000000000E+000  0.000000000000000E+000
 qrad(K/day):  -31.2911036708923        5.41261198858999     
 shf:  -1.46154228794668      -0.396628994494202     
 lhf:   5.82486296519467        42.4112137820654     
 uw: -3.596977275376442E-003  3.596977275354588E-003
 vw: -3.596989438516916E-003  3.596989438455656E-003
 sst:   300.000000000000        300.000000000000     
 ===========================
 total water budget:
 before (mm):         45.37276830460
 after (mm):          45.37326514485
 evaporation (mm):     0.00049684025
 precipitation (mm):   0.00000000000
 large-scale (mm):     0.00000000000
 Imbalance (mm)       0.00000000000
 evap (mm/day):   1.43089991100517     
 prec (mm/day):  9.779716373418087E-010
 ls (mm/day):  0.000000000000000E+000
 imbalance (mm/day)  1.042559405728039E-011
  imbalance (rel error):  1.565994277669485E-016
 ===========================
 Let's do some shortwave
 Range of zenith angles  0.732661695834013       0.732661695834013     
 Range of surface albedo (asdir)  3.383449086658900E-002  3.383449086658900E-002
 Range of surface albedo (aldir)  3.383449086658900E-002  3.383449086658900E-002
 Range of surface albedo (asdif)  6.000000000000000E-002  6.000000000000000E-002
 Range of surface albedo (aldif)  6.000000000000000E-002  6.000000000000000E-002
 radiation: perpetual sun, solin=   310.282739729377     
 longwave radiation is called
NSTEP =        109   NCYCLE=  1  CFL_adv= 0.143  CFL_sgs= 0.007
NSTEP =        110   NCYCLE=  1  CFL_adv= 0.152  CFL_sgs= 0.007
NSTEP =        111   NCYCLE=  1  CFL_adv= 0.164  CFL_sgs= 0.007
 Collecting statistics...
 name QCSTRG is missing in "lst" file.
NSTEP =        112   NCYCLE=  1  CFL_adv= 0.177  CFL_sgs= 0.007
 DAY =   3.888888888888889E-002
 NSTEP=         112
 div:  5.330475174172380E-017 -3.797246341325385E-017
 SST=   300.000000000000     
 surface pressure=   1014.80000000000     
 u:  -1.28349835790472        1.28349835791016     
 v:  -1.28350944162168        1.28350944164935     
 w: -4.929185961911659E-002  0.564793835657702     
 p:  -3.89550696925588        6.04372292713065     
 t:   300.542886189779        473.197874755514     
 tabs:   202.052865816435        300.346408120188     
 qv:  2.839419396742304E-290  1.998990790187807E-002
 tke:  0.000000000000000E+000  6.909401058746308E-003
 tk:  0.000000000000000E+000  0.311710526592574     
 tkh:  0.000000000000000E+000  0.311710526592574     
 qcl:  0.000000000000000E+000  4.170301256345110E-004
 qci:  0.000000000000000E+000  0.000000000000000E+000
 qpl:  0.000000000000000E+000  8.114404985972102E-008
 qpi:  0.000000000000000E+000  0.000000000000000E+000
 qrad(K/day):  -39.4554730613419        4.78460418127723     
 shf:  -1.44603134552900      -0.396406083695221     
 lhf:   5.85852920294075        42.2393865468287     
 uw: -3.519963591421324E-003  3.519963591392674E-003
 vw: -3.519972102646501E-003  3.519972102582107E-003
 sst:   300.000000000000        300.000000000000     
 ===========================
 total water budget:
 before (mm):         45.37475241386
 after (mm):          45.37524709690
 evaporation (mm):     0.00049468304
 precipitation (mm):   0.00000000000
 large-scale (mm):     0.00000000000
 Imbalance (mm)       0.00000000000
 evap (mm/day):   1.42468714801407     
 prec (mm/day):  1.738162782895574E-009
 ls (mm/day):  0.000000000000000E+000
 imbalance (mm/day)  1.058470230525472E-011
  imbalance (rel error):  1.565925876376406E-016
 ===========================
NSTEP =        113   NCYCLE=  1  CFL_adv= 0.192  CFL_sgs= 0.007
NSTEP =        114   NCYCLE=  1  CFL_adv= 0.208  CFL_sgs= 0.007
 Let's do some shortwave
 Range of zenith angles  0.732661695834013       0.732661695834013     
 Range of surface albedo (asdir)  3.383449086658900E-002  3.383449086658900E-002
 Range of surface albedo (aldir)  3.383449086658900E-002  3.383449086658900E-002
 Range of surface albedo (asdif)  6.000000000000000E-002  6.000000000000000E-002
 Range of surface albedo (aldif)  6.000000000000000E-002  6.000000000000000E-002
 radiation: perpetual sun, solin=   310.282739729391     
 longwave radiation is called
NSTEP =        115   NCYCLE=  1  CFL_adv= 0.226  CFL_sgs= 0.007
 Collecting statistics...
 name QCSTRG is missing in "lst" file.
NSTEP =        116   NCYCLE=  1  CFL_adv= 0.248  CFL_sgs= 0.007
 DAY =   4.027777777777778E-002
 NSTEP=         116
 div:  3.366513281823771E-017 -2.727959259780449E-017
 SST=   300.000000000000     
 surface pressure=   1014.80000000000     
 u:  -1.26257014919262        1.26257014920628     
 v:  -1.26256843445936        1.26256843448573     
 w: -5.793164611375090E-002  0.865412678659187     
 p:  -3.74411658513191        5.78369232587524     
 t:   300.535023926506        473.199955824886     
 tabs:   202.054341342476        300.339026868277     
 qv:  1.123027535594723E-275  1.999612764579932E-002
 tke:  0.000000000000000E+000  7.051505509865731E-003
 tk:  0.000000000000000E+000  0.314899660578551     
 tkh:  0.000000000000000E+000  0.314899660578551     
 qcl:  0.000000000000000E+000  6.108081494634658E-004
 qci:  0.000000000000000E+000  0.000000000000000E+000
 qpl:  0.000000000000000E+000  2.013238257567891E-007
 qpi:  0.000000000000000E+000  0.000000000000000E+000
 qrad(K/day):  -38.3541647559329        5.60834630038351     
 shf:  -1.43068025520879      -0.396161834776120     
 lhf:   5.89265787602014        42.0641329727671     
 uw: -3.444590077537436E-003  3.444590077504830E-003
 vw: -3.444582974383813E-003  3.444582974345778E-003
 sst:   300.000000000000        300.000000000000     
 ===========================
 total water budget:
 before (mm):         45.37672797162
 after (mm):          45.37722054870
 evaporation (mm):     0.00049257708
 precipitation (mm):   0.00000000000
 large-scale (mm):     0.00000000000
 Imbalance (mm)       0.00000000000
 evap (mm/day):   1.41862197967690     
 prec (mm/day):  2.715687746741620E-009
 ls (mm/day):  0.000000000000000E+000
 imbalance (mm/day)  2.280183248441661E-011
  imbalance (rel error):  1.565857774381676E-016
 ===========================
NSTEP =        117   NCYCLE=  1  CFL_adv= 0.272  CFL_sgs= 0.007
NSTEP =        118   NCYCLE=  1  CFL_adv= 0.301  CFL_sgs= 0.007
NSTEP =        119   NCYCLE=  1  CFL_adv= 0.333  CFL_sgs= 0.007
 Collecting statistics...
 name QCSTRG is missing in "lst" file.
 Writting statistics:nstatsteps=          15
 --------------- ISCCP Simulator Diagnostics: -----------------
 ISCCP PDF:
            0.0       0.3       1.3       3.6       9.4      23.0      60.0
    0.     0.000     0.000     0.000     0.000     0.000     0.000     0.000
  180.     0.000     0.000     0.000     0.000     0.000     0.000     0.000
  310.     0.000     0.000     0.000     0.000     0.000     0.000     0.000
  440.     0.000     0.000     0.000     0.000     0.000     0.000     0.000
  560.     0.000     0.000     0.000     0.000     0.000     0.000     0.000
  680.     0.000     0.000     0.000     0.000     0.000     0.000     0.000
  800.     0.000     0.000     0.000     0.000     0.000     0.000     0.000
 low cld area (tau > 0.3)=  0.000000000000000E+000
 mid cld area (tau > 0.3)=  0.000000000000000E+000
 hgh cld area (tau > 0.3)=  0.000000000000000E+000
 total cld area (tau > 0.3)=  0.000000000000000E+000
 mean albedo cld (tau > 0.3)   -1.00000000000000     
 mean tau cld (tau > 0.3)   -1.00000000000000     
 mean top pressure (tau > 0.3)  -1.00000000000000     
 mean brightness temp (tau > 0.3)  -1.00000000000000     
 mean clearsky brightness temp (tau > 0.3)  -1.00000000000000     
 --------------- MODIS Simulator Diagnostics: -----------------
 MODIS PDF:
                      0.3       1.3       3.6       9.4      23.0      60.0
    0.               0.000     0.000     0.000     0.000     0.000     0.000
  180.               0.000     0.000     0.000     0.000     0.000     0.000
  310.               0.000     0.000     0.000     0.000     0.000     0.000
  440.               0.000     0.000     0.000     0.000     0.000     0.000
  560.               0.000     0.000     0.000     0.000     0.000     0.000
  680.               0.000     0.000     0.000     0.000     0.000     0.000
  800.               0.000     0.000     0.000     0.000     0.000     0.000
 low cld area =  0.000000000000000E+000
 mid cld area =  0.000000000000000E+000
 hgh cld area =  0.000000000000000E+000
 total cld area =  0.000000000000000E+000
 mean tau cld   -1.00000000000000     
 mean top pressure   -1.00000000000000     
 total cld area (liquid) =  0.000000000000000E+000
 total cld area (ice) =  0.000000000000000E+000
 mean tau (liquid) =  0.000000000000000E+000
 mean tau (ice) =  -1.00000000000000     
 mean lwp (g/m2) =  0.000000000000000E+000
 mean iwp (g/m2) =  -1.00000000000000     
 mean reff (liquid)  =  0.000000000000000E+000
 mean reff (ice)  =  -1.00000000000000     
 --------------- MISR Simulator Diagnostics: -----------------
 MISR PDF:
            0.0       0.3       1.3       3.6       9.4      23.0      60.0
 99.00     0.000     0.000     0.000     0.000     0.000     0.000     0.000
 17.00     0.000     0.000     0.000     0.000     0.000     0.000     0.000
 15.00     0.000     0.000     0.000     0.000     0.000     0.000     0.000
 13.00     0.000     0.000     0.000     0.000     0.000     0.000     0.000
 11.00     0.000     0.000     0.000     0.000     0.000     0.000     0.000
  9.00     0.000     0.000     0.000     0.000     0.000     0.000     0.000
  7.00     0.000     0.000     0.000     0.000     0.000     0.000     0.000
  5.00     0.000     0.000     0.000     0.000     0.000     0.000     0.000
  4.00     0.000     0.000     0.000     0.000     0.000     0.000     0.000
  3.00     0.000     0.000     0.000     0.000     0.000     0.000     0.000
  2.50     0.000     0.000     0.000     0.000     0.000     0.000     0.000
  2.00     0.000     0.000     0.000     0.000     0.000     0.000     0.000
  1.50     0.000     0.000     0.000     0.000     0.000     0.000     0.000
  1.00     0.000     0.000     0.000     0.000     0.000     0.000     0.000
  0.50     0.000     0.000     0.000     0.000     0.000     0.000     0.000
  0.00     0.000     0.000     0.000     0.000     0.000     0.000     0.000
 total cld area =  0.000000000000000E+000
 mean top height (m)  0.000000000000000E+000
 Writting history file 
 rcemip300sst_160_MaxIce20_dry                                                  
  
 Writting 2D data. file:./OUT_2D/bubble_rcemip300sst_160_MaxIce20_dry_64.2Dbin  
                                                                 
 Writting 3D data. file:./OUT_3D/bubble_rcemip300sst_160_MaxIce20_dry_64_0000000
 120.bin3D                                                       
NSTEP =        120   NCYCLE=  1  CFL_adv= 0.367  CFL_sgs= 0.007
 DAY =   4.166666666666666E-002
 NSTEP=         120
 div:  2.855406908517105E-017 -2.484111474968467E-017
 SST=   300.000000000000     
 surface pressure=   1014.80000000000     
 u:  -1.24455236524918        1.24455236526154     
 v:  -1.24456004338342        1.24456004339621     
 w: -0.113944596658119        1.39534770314708     
 p:  -4.28848936974443        5.99001590354444     
 t:   300.527256298050        473.202182008483     
 tabs:   202.055924408449        300.333449855322     
 qv:  5.599206244451328E-265  2.000242753823499E-002
 tke:  0.000000000000000E+000  7.192549817628114E-003
 tk:  0.000000000000000E+000  0.318033381597585     
 tkh:  0.000000000000000E+000  0.318033381597585     
 qcl:  0.000000000000000E+000  9.116859747683305E-004
 qci:  0.000000000000000E+000  0.000000000000000E+000
 qpl:  0.000000000000000E+000  5.446786387476546E-007
 qpi:  0.000000000000000E+000  0.000000000000000E+000
 qrad(K/day):  -38.3541647559329        5.60834630038351     
 shf:  -1.41516531916001      -0.395894052373386     
 lhf:   5.92728676830408        41.8867854160599     
 uw: -3.373922026365734E-003  3.373922026333653E-003
 vw: -3.373915135395099E-003  3.373915135376953E-003
 sst:   300.000000000000        300.000000000000     
 ===========================
 total water budget:
 before (mm):         45.37869518094
 after (mm):          45.37918570248
 evaporation (mm):     0.00049052155
 precipitation (mm):   0.00000000000
 large-scale (mm):     0.00000000000
 Imbalance (mm)      -0.00000000000
 evap (mm/day):   1.41270205117461     
 prec (mm/day):  5.686830419281766E-009
 ls (mm/day):  0.000000000000000E+000
 imbalance (mm/day) -3.115566533727586E-011
  imbalance (rel error): -1.565789964629694E-016
 ===========================
CPU TIME =      63.4065 OVER     0.50 MODEL HOURS
 Let's do some shortwave
 Range of zenith angles  0.732661695834013       0.732661695834013     
 Range of surface albedo (asdir)  3.383449086658900E-002  3.383449086658900E-002
 Range of surface albedo (aldir)  3.383449086658900E-002  3.383449086658900E-002
 Range of surface albedo (asdif)  6.000000000000000E-002  6.000000000000000E-002
 Range of surface albedo (aldif)  6.000000000000000E-002  6.000000000000000E-002
 radiation: perpetual sun, solin=   310.282739729542     
 longwave radiation is called
NSTEP =        121   NCYCLE=  1  CFL_adv= 0.407  CFL_sgs= 0.010
NSTEP =        122   NCYCLE=  1  CFL_adv= 0.455  CFL_sgs= 0.010
NSTEP =        123   NCYCLE=  2  CFL_adv= 0.258  CFL_sgs= 0.006
 Collecting statistics...
 name QCSTRG is missing in "lst" file.
NSTEP =        124   NCYCLE=  2  CFL_adv= 0.294  CFL_sgs= 0.006
 DAY =   4.305555555555556E-002
 NSTEP=         124
 div:  1.863445105267052E-017 -1.294103309398325E-017
 SST=   300.000000000000     
 surface pressure=   1014.80000000000     
 u:  -1.54125875172285        1.54125875449415     
 v:  -1.54913091405073        1.54913091501977     
 w: -0.220559449324913        2.37787990147516     
 p:  -6.76347485641971        8.70326663756638     
 t:   300.519586325882        473.204308226682     
 tabs:   202.057605411833        300.328856477577     
 qv:  5.638995578700646E-253  2.000880699581453E-002
 tke:  0.000000000000000E+000  7.334006230819556E-003
 tk:  0.000000000000000E+000  0.321145547409426     
 tkh:  0.000000000000000E+000  0.321145547409426     
 qcl:  0.000000000000000E+000  1.394113217526218E-003
 qci:  0.000000000000000E+000  0.000000000000000E+000
 qpl:  0.000000000000000E+000  1.763861866217087E-006
 qpi:  0.000000000000000E+000  0.000000000000000E+000
 qrad(K/day):  -41.7013883307095        5.82591468649870     
 shf:  -1.39960414041991      -0.395552500282004     
 lhf:   5.96588011249655        41.6874773618758     
 uw: -3.298902202799222E-003  3.298902202789129E-003
 vw: -3.298928185752782E-003  3.298928185804796E-003
 sst:   300.000000000000        300.000000000000     
 ===========================
 total water budget:
 before (mm):         45.38065411873
 after (mm):          45.38114251122
 evaporation (mm):     0.00048839249
 precipitation (mm):   0.00000000000
 large-scale (mm):     0.00000000000
 Imbalance (mm)      -0.00000000000
 evap (mm/day):   1.40657037199933     
 prec (mm/day):  0.000000000000000E+000
 ls (mm/day):  0.000000000000000E+000
 imbalance (mm/day) -2.589928271845566E-011
  imbalance (rel error): -1.565722448667755E-016
 ===========================
NSTEP =        125   NCYCLE=  2  CFL_adv= 0.332  CFL_sgs= 0.007
NSTEP =        126   NCYCLE=  2  CFL_adv= 0.375  CFL_sgs= 0.009
 Let's do some shortwave
 Range of zenith angles  0.732661695834013       0.732661695834013     
 Range of surface albedo (asdir)  3.383449086658900E-002  3.383449086658900E-002
 Range of surface albedo (aldir)  3.383449086658900E-002  3.383449086658900E-002
 Range of surface albedo (asdif)  6.000000000000000E-002  6.000000000000000E-002
 Range of surface albedo (aldif)  6.000000000000000E-002  6.000000000000000E-002
 radiation: perpetual sun, solin=   310.282739729780     
 longwave radiation is called
NSTEP =        127   NCYCLE=  2  CFL_adv= 0.433  CFL_sgs= 0.010
 Collecting statistics...
 name QCSTRG is missing in "lst" file.
NSTEP =        128   NCYCLE=  3  CFL_adv= 0.335  CFL_sgs= 0.007
 DAY =   4.444444444444445E-002
 NSTEP=         128
 div:  8.958188572044697E-018 -8.835682525076694E-018
 SST=   300.000000000000     
 surface pressure=   1014.80000000000     
 u:  -2.34741820261061        2.34741820494265     
 v:  -2.37027671996021        2.37027672320261     
 w: -0.553578559196542        4.42706945441523     
 p:  -9.39738340155182        14.2025242883463     
 t:   300.511993514036        473.206158844280     
 tabs:   202.059261396949        300.324112137513     
 qv:  1.093302542377930E-235  2.001527091553331E-002
 tke:  0.000000000000000E+000  1.271008032195501E-002
 tk:  0.000000000000000E+000  0.452439348846842     
 tkh:  0.000000000000000E+000  0.452439348846842     
 qcl:  0.000000000000000E+000  2.352131540050480E-003
 qci:  0.000000000000000E+000  0.000000000000000E+000
 qpl:  0.000000000000000E+000  7.406239275847826E-006
 qpi:  0.000000000000000E+000  0.000000000000000E+000
 qrad(K/day):  -44.4376035916771        5.84811849610903     
 shf:  -1.38636999036256      -0.395224439861341     
 lhf:   6.00381696309244        41.5045020848678     
 uw: -3.234752983817839E-003  3.234752983836465E-003
 vw: -3.234794778373727E-003  3.234794778471957E-003
 sst:   300.000000000000        300.000000000000     
 ===========================
 total water budget:
 before (mm):         45.38260474859
 after (mm):          45.38309115295
 evaporation (mm):     0.00048640436
 precipitation (mm):   0.00000000000
 large-scale (mm):     0.00000000000
 Imbalance (mm)       0.00000000000
 evap (mm/day):   1.40084455825075     
 prec (mm/day):  0.000000000000000E+000
 ls (mm/day):  0.000000000000000E+000
 imbalance (mm/day)  1.278976924368180E-011
  imbalance (rel error):  1.565655220279011E-016
 ===========================
NSTEP =        129   NCYCLE=  3  CFL_adv= 0.391  CFL_sgs= 0.007
NSTEP =        130   NCYCLE=  3  CFL_adv= 0.434  CFL_sgs= 0.008
NSTEP =        131   NCYCLE=  4  CFL_adv= 0.367  CFL_sgs= 0.006
 Collecting statistics...
 name QCSTRG is missing in "lst" file.
NSTEP =        132   NCYCLE=  4  CFL_adv= 0.427  CFL_sgs= 0.007
 DAY =   4.583333333333333E-002
 NSTEP=         132
 div:  8.385425397907257E-018 -6.946090839434233E-018
 SST=   300.000000000000     
 surface pressure=   1014.80000000000     
 u:  -3.61509408060135        3.61509407884026     
 v:  -3.57776326129855        3.57776325854065     
 w:  -1.14259438458796        8.54799155420737     
 p:  -11.3320448104680        25.2648347742793     
 t:   300.504449744619        473.207870871504     
 tabs:   202.060928090754        300.319364009268     
 qv:  5.864126129691480E-227  2.002181879847854E-002
 tke:  0.000000000000000E+000  0.202480062818379     
 tk:  0.000000000000000E+000   1.67240280694653     
 tkh:  0.000000000000000E+000   1.67240280694653     
 qcl:  0.000000000000000E+000  3.624694595155440E-003
 qci:  0.000000000000000E+000  0.000000000000000E+000
 qpl:  0.000000000000000E+000  4.287250582606402E-005
 qpi:  0.000000000000000E+000  0.000000000000000E+000
 qrad(K/day):  -44.4376035916771        5.84811849610903     
 shf:  -1.37324867468827      -0.394866809827841     
 lhf:   6.04098801663566        41.3261332884135     
 uw: -3.543923219660993E-003  3.543923201713164E-003
 vw: -3.564051064094886E-003  3.564051066031886E-003
 sst:   300.000000000000        300.000000000000     
 ===========================
 total water budget:
 before (mm):         45.38454749446
 after (mm):          45.38503199022
 evaporation (mm):     0.00048449576
 precipitation (mm):   0.00000000000
 large-scale (mm):     0.00000000000
 Imbalance (mm)       0.00000000000
 evap (mm/day):   1.39534779276477     
 prec (mm/day):  0.000000000000000E+000
 ls (mm/day):  0.000000000000000E+000
 imbalance (mm/day)  9.592326932761353E-013
  imbalance (rel error):  0.000000000000000E+000
 ===========================
 Let's do some shortwave
 Range of zenith angles  0.732661695834013       0.732661695834013     
 Range of surface albedo (asdir)  3.383449086658900E-002  3.383449086658900E-002
 Range of surface albedo (aldir)  3.383449086658900E-002  3.383449086658900E-002
 Range of surface albedo (asdif)  6.000000000000000E-002  6.000000000000000E-002
 Range of surface albedo (aldif)  6.000000000000000E-002  6.000000000000000E-002
 radiation: perpetual sun, solin=   310.282739730088     
 longwave radiation is called
NSTEP =        133   NCYCLE=  4  CFL_adv= 0.476  CFL_sgs= 0.007
NSTEP =        134   NCYCLE=  5  CFL_adv= 0.426  CFL_sgs= 0.006
NSTEP =        135   NCYCLE=  6  CFL_adv= 0.418  CFL_sgs= 0.008
 Collecting statistics...
 name QCSTRG is missing in "lst" file.
NSTEP =        136   NCYCLE=  6  CFL_adv= 0.453  CFL_sgs= 0.013
 DAY =   4.722222222222222E-002
 NSTEP=         136
 div:  6.423858308474816E-018 -4.708306463819981E-018
 SST=   300.000000000000     
 surface pressure=   1014.80000000000     
 u:  -5.80063909407236        5.80063909277239     
 v:  -5.76738718616033        5.76738718482884     
 w:  -1.99847992434450        15.4616014172250     
 p:  -44.2725985744748        41.8817642809841     
 t:   300.496979028625        473.209700893754     
 tabs:   202.062606227495        300.314676610504     
 qv:  2.709400831820665E-224  2.002834695957008E-002
 tke:  0.000000000000000E+000   5.73533892157255     
 tk:  0.000000000000000E+000   36.6721982847977     
 tkh:  0.000000000000000E+000   36.6721982847977     
 qcl:  0.000000000000000E+000  4.607755858603516E-003
 qci:  0.000000000000000E+000  0.000000000000000E+000
 qpl:  0.000000000000000E+000  4.128760513570634E-004
 qpi:  0.000000000000000E+000  0.000000000000000E+000
 qrad(K/day):  -43.9600376898065        5.61748855593631     
 shf:  -1.36001174363002      -0.394481654769675     
 lhf:   6.07768318027019        41.1795571057979     
 uw: -4.690802995600689E-003  4.690802972661542E-003
 vw: -4.596881828233866E-003  4.596881858134702E-003
 sst:   300.000000000000        300.000000000000     
 ===========================
 total water budget:
 before (mm):         45.38648267804
 after (mm):          45.38696531864
 evaporation (mm):     0.00048264060
 precipitation (mm):   0.00000000000
 large-scale (mm):     0.00000000000
 Imbalance (mm)      -0.00000000000
 evap (mm/day):   1.39000491763014     
 prec (mm/day):  0.000000000000000E+000
 ls (mm/day):  0.000000000000000E+000
 imbalance (mm/day) -1.151079231931362E-011
  imbalance (rel error): -1.565521578214596E-016
 ===========================
NSTEP =        137   NCYCLE=  7  CFL_adv= 0.437  CFL_sgs= 0.011
NSTEP =        138   NCYCLE=  7  CFL_adv= 0.456  CFL_sgs= 0.013
 Let's do some shortwave
 Range of zenith angles  0.732661695834013       0.732661695834013     
 Range of surface albedo (asdir)  3.383449086658900E-002  3.383449086658900E-002
 Range of surface albedo (aldir)  3.383449086658900E-002  3.383449086658900E-002
 Range of surface albedo (asdif)  6.000000000000000E-002  6.000000000000000E-002
 Range of surface albedo (aldif)  6.000000000000000E-002  6.000000000000000E-002
 radiation: perpetual sun, solin=   310.282739730425     
 longwave radiation is called
NSTEP =        139   NCYCLE=  8  CFL_adv= 0.430  CFL_sgs= 0.014
 Collecting statistics...
 name QCSTRG is missing in "lst" file.
NSTEP =        140   NCYCLE=  8  CFL_adv= 0.462  CFL_sgs= 0.015
 DAY =   4.861111111111111E-002
 NSTEP=         140
 div:  4.206404793930020E-018 -3.280554431839911E-018
 SST=   300.000000000000     
 surface pressure=   1014.80000000000     
 u:  -7.50378421755483        7.50378421013700     
 v:  -7.42747076930388        7.42747076921946     
 w:  -3.49022855270648        23.4557497253493     
 p:  -98.5559433566390        57.9691345396413     
 t:   300.489549231242        473.211685980549     
 tabs:   202.064342426464        300.310094868736     
 qv:  1.272745099409827E-221  2.003442532852462E-002
 tke:  0.000000000000000E+000   14.3826589391747     
 tk:  0.000000000000000E+000   72.8549001159179     
 tkh:  0.000000000000000E+000   72.8549001159179     
 qcl:  0.000000000000000E+000  4.189856043853813E-003
 qci:  0.000000000000000E+000  0.000000000000000E+000
 qpl:  0.000000000000000E+000  2.945874145348351E-003
 qpi:  0.000000000000000E+000  0.000000000000000E+000
 qrad(K/day):  -44.3519832585217        5.68581135741705     
 shf:  -1.34675768131229      -0.394129301204387     
 lhf:   6.11503570343522        41.0545780077859     
 uw: -4.941586330470491E-003  4.941586305707530E-003
 vw: -4.751629679326691E-003  4.751629689092402E-003
 sst:   300.000000000000        300.000000000000     
 ===========================
 total water budget:
 before (mm):         45.38841052049
 after (mm):          45.38889136106
 evaporation (mm):     0.00048084057
 precipitation (mm):   0.00000000000
 large-scale (mm):     0.00000000000
 Imbalance (mm)      -0.00000000000
 evap (mm/day):   1.38482084198138     
 prec (mm/day):  0.000000000000000E+000
 ls (mm/day):  0.000000000000000E+000
 imbalance (mm/day) -1.598721155460225E-011
  imbalance (rel error): -1.565455146519939E-016
 ===========================
NSTEP =        141   NCYCLE=  9  CFL_adv= 0.431  CFL_sgs= 0.014
NSTEP =        142   NCYCLE=  9  CFL_adv= 0.430  CFL_sgs= 0.015
NSTEP =        143   NCYCLE=  9  CFL_adv= 0.437  CFL_sgs= 0.018
 Collecting statistics...
 name QCSTRG is missing in "lst" file.
NSTEP =        144   NCYCLE=  8  CFL_adv= 0.480  CFL_sgs= 0.021
 DAY =   5.000000000000000E-002
 NSTEP=         144
 div:  5.499713727704785E-018 -3.915139414464268E-018
 SST=   300.000000000000     
 surface pressure=   1014.80000000000     
 u:  -9.67130424893782        9.67130423484401     
 v:  -8.80274086606670        8.80274093489160     
 w:  -4.55457034443067        26.5545441321705     
 p:  -84.4444144668398        65.7990576849125     
 t:   296.108907011906        473.213629498670     
 tabs:   202.065982450158        300.305607586627     
 qv:  4.478607424249777E-217  2.003724211304502E-002
 tke:  0.000000000000000E+000   24.0517184826218     
 tk:  0.000000000000000E+000   120.025298701554     
 tkh:  0.000000000000000E+000   120.025298701554     
 qcl:  0.000000000000000E+000  4.551376088549944E-003
 qci:  0.000000000000000E+000  4.774306054686924E-009
 qpl:  0.000000000000000E+000  7.663618885127500E-003
 qpi:  0.000000000000000E+000  0.000000000000000E+000
 qrad(K/day):  -44.3519832585217        5.68581135741705     
 shf:  -1.33344865324781      -0.394279046677333     
 lhf:   6.17072112424516        40.9273025433644     
 uw: -5.940747265285212E-003  5.940747257249319E-003
 vw: -5.972390853717494E-003  5.972390923133443E-003
 sst:   300.000000000000        300.000000000000     
 ===========================
 total water budget:
 before (mm):         45.39033124056
 after (mm):          45.39081033485
 evaporation (mm):     0.00047909430
 precipitation (mm):   0.00000000000
 large-scale (mm):     0.00000000000
 Imbalance (mm)       0.00000000000
 evap (mm/day):   1.37979157330818     
 prec (mm/day):  0.000000000000000E+000
 ls (mm/day):  0.000000000000000E+000
 imbalance (mm/day)  2.557953848736361E-012
  imbalance (rel error):  0.000000000000000E+000
 ===========================
 Let's do some shortwave
 Range of zenith angles  0.732661695834013       0.732661695834013     
 Range of surface albedo (asdir)  3.383449086658900E-002  3.383449086658900E-002
 Range of surface albedo (aldir)  3.383449086658900E-002  3.383449086658900E-002
 Range of surface albedo (asdif)  6.000000000000000E-002  6.000000000000000E-002
 Range of surface albedo (aldif)  6.000000000000000E-002  6.000000000000000E-002
 radiation: perpetual sun, solin=   310.282739730755     
 longwave radiation is called
NSTEP =        145   NCYCLE=  8  CFL_adv= 0.474  CFL_sgs= 0.022
NSTEP =        146   NCYCLE=  8  CFL_adv= 0.463  CFL_sgs= 0.022
NSTEP =        147   NCYCLE=  8  CFL_adv= 0.456  CFL_sgs= 0.023
 Collecting statistics...
 name QCSTRG is missing in "lst" file.
NSTEP =        148   NCYCLE=  8  CFL_adv= 0.479  CFL_sgs= 0.024
 DAY =   5.138888888888889E-002
 NSTEP=         148
 div:  4.398766797951208E-018 -3.679065496345683E-018
 SST=   300.000000000000     
 surface pressure=   1014.80000000000     
 u:  -9.71817894471849        9.71817900991405     
 v:  -10.3772746256531        10.3772746142836     
 w:  -4.91267181759947        30.9507632636259     
 p:  -76.0922555912576        79.9194646536011     
 t:   291.083002871688        473.215232333889     
 tabs:   202.067587352955        300.301226143600     
 qv:  6.570742971775414E-216  2.003695813534875E-002
 tke:  0.000000000000000E+000   31.1565452132861     
 tk:  0.000000000000000E+000   139.545120868857     
 tkh:  0.000000000000000E+000   139.545120868857     
 qcl:  0.000000000000000E+000  4.750929877857592E-003
 qci:  0.000000000000000E+000  1.134257729616269E-003
 qpl:  0.000000000000000E+000  1.094017973066999E-002
 qpi:  0.000000000000000E+000  0.000000000000000E+000
 qrad(K/day):  -45.7164036437273        5.55027779213860     
 shf:  -1.33506723153716      -0.394919732102271     
 lhf:   6.24518844142945        40.7964687166699     
 uw: -6.834962218425984E-003  6.834962189900179E-003
 vw: -6.832377771532076E-003  6.832377771308893E-003
 sst:   300.000000000000        300.000000000000     
 ===========================
 total water budget:
 before (mm):         45.39224504869
 after (mm):          45.39272243931
 evaporation (mm):     0.00047739248
 precipitation (mm):   0.00000000186
 large-scale (mm):     0.00000000000
 Imbalance (mm)       0.00000000000
 evap (mm/day):   1.37489034804990     
 prec (mm/day):  5.356168267290789E-006
 ls (mm/day):  0.000000000000000E+000
 imbalance (mm/day)  1.722460051684384E-011
  imbalance (rel error):  1.565323024434448E-016
 ===========================
NSTEP =        149   NCYCLE=  9  CFL_adv= 0.450  CFL_sgs= 0.022
NSTEP =        150   NCYCLE= 10  CFL_adv= 0.434  CFL_sgs= 0.021
 Let's do some shortwave
 Range of zenith angles  0.732661695834013       0.732661695834013     
 Range of surface albedo (asdir)  3.383449086658900E-002  3.383449086658900E-002
 Range of surface albedo (aldir)  3.383449086658900E-002  3.383449086658900E-002
 Range of surface albedo (asdif)  6.000000000000000E-002  6.000000000000000E-002
 Range of surface albedo (aldif)  6.000000000000000E-002  6.000000000000000E-002
 radiation: perpetual sun, solin=   310.282739731062     
 longwave radiation is called
NSTEP =        151   NCYCLE= 10  CFL_adv= 0.473  CFL_sgs= 0.024
 Collecting statistics...
 name QCSTRG is missing in "lst" file.
NSTEP =        152   NCYCLE= 11  CFL_adv= 0.447  CFL_sgs= 0.022
 DAY =   5.277777777777778E-002
 NSTEP=         152
 div:  4.133378216538027E-018 -3.641490444384395E-018
 SST=   300.000000000000     
 surface pressure=   1014.80000000000     
 u:  -12.5494192196809        12.5494193659579     
 v:  -11.7645631663744        11.7645632443440     
 w:  -2.97160585146586        38.5664120307728     
 p:  -75.4675296640682        86.8919710688903     
 t:   286.640384458035        473.216610235791     
 tabs:   202.069220899609        300.296765479098     
 qv:  9.414944871713080E-212  2.003438390221972E-002
 tke:  0.000000000000000E+000   47.4103191095951     
 tk:  0.000000000000000E+000   172.137879165211     
 tkh:  0.000000000000000E+000   172.137879165211     
 qcl:  0.000000000000000E+000  3.990406136220078E-003
 qci:  0.000000000000000E+000  4.804305470647537E-003
 qpl:  0.000000000000000E+000  1.328175723853817E-002
 qpi:  0.000000000000000E+000  0.000000000000000E+000
 qrad(K/day):  -65.3223667283496        8.28800691586968     
 shf:  -1.44741093011711      -0.395950438989861     
 lhf:   6.33760668482289        40.6618186039384     
 uw: -7.208446588205309E-003  7.208446717213632E-003
 vw: -7.218343500946723E-003  7.218343469817706E-003
 sst:   300.000000000000        300.000000000000     
 ===========================
 total water budget:
 before (mm):         45.39415209452
 after (mm):          45.39462781952
 evaporation (mm):     0.00047573488
 precipitation (mm):   0.00000000989
 large-scale (mm):     0.00000000000
 Imbalance (mm)       0.00000000000
 evap (mm/day):   1.37011645459207     
 prec (mm/day):  2.847349205013499E-005
 ls (mm/day):  0.000000000000000E+000
 imbalance (mm/day)  2.266353088474483E-009
  imbalance (rel error):  1.721783054249538E-014
 ===========================
NSTEP =        153   NCYCLE= 11  CFL_adv= 0.458  CFL_sgs= 0.023
NSTEP =        154   NCYCLE= 11  CFL_adv= 0.455  CFL_sgs= 0.023
NSTEP =        155   NCYCLE= 11  CFL_adv= 0.458  CFL_sgs= 0.023
 Collecting statistics...
 name QCSTRG is missing in "lst" file.
NSTEP =        156   NCYCLE= 11  CFL_adv= 0.450  CFL_sgs= 0.023
 DAY =   5.416666666666667E-002
 NSTEP=         156
 div:  4.987853033384812E-018 -4.383475730697912E-018
 SST=   300.000000000000     
 surface pressure=   1014.80000000000     
 u:  -12.0011690024374        12.0011691583956     
 v:  -10.3626214552822        10.3626219483344     
 w:  -2.02312561861582        36.3448289995558     
 p:  -55.0508772529878        67.6291540791526     
 t:   289.524867706273        473.218043337294     
 tabs:   202.070874902883        300.291616104205     
 qv:  8.399709785224798E-210  2.002892267459804E-002
 tke:  0.000000000000000E+000   41.4291994850113     
 tk:  0.000000000000000E+000   160.913795798036     
 tkh:  0.000000000000000E+000   160.913795798036     
 qcl:  0.000000000000000E+000  3.333510965884571E-003
 qci:  0.000000000000000E+000  7.216920995216869E-003
 qpl:  0.000000000000000E+000  1.361365032902457E-002
 qpi:  0.000000000000000E+000  0.000000000000000E+000
 qrad(K/day):  -65.3223667283496        8.28800691586968     
 shf:  -1.49460835077170      -0.397534742992698     
 lhf:   6.46171491453991        40.5267029634829     
 uw: -7.173174686666482E-003  7.173174183172924E-003
 vw: -7.216405644351587E-003  7.216405387241446E-003
 sst:   300.000000000000        300.000000000000     
 ===========================
 total water budget:
 before (mm):         45.39605255060
 after (mm):          45.39652663204
 evaporation (mm):     0.00047413595
 precipitation (mm):   0.00000005451
 large-scale (mm):     0.00000000000
 Imbalance (mm)      -0.00000000000
 evap (mm/day):   1.36551154852409     
 prec (mm/day):  1.569973930514270E-004
 ls (mm/day):  0.000000000000000E+000
 imbalance (mm/day) -1.178511816943544E-011
  imbalance (rel error): -1.565191851613171E-016
 ===========================
 Let's do some shortwave
 Range of zenith angles  0.732661695834013       0.732661695834013     
 Range of surface albedo (asdir)  3.383449086658900E-002  3.383449086658900E-002
 Range of surface albedo (aldir)  3.383449086658900E-002  3.383449086658900E-002
 Range of surface albedo (asdif)  6.000000000000000E-002  6.000000000000000E-002
 Range of surface albedo (aldif)  6.000000000000000E-002  6.000000000000000E-002
 radiation: perpetual sun, solin=   310.282739731359     
 longwave radiation is called
NSTEP =        157   NCYCLE= 10  CFL_adv= 0.464  CFL_sgs= 0.023
NSTEP =        158   NCYCLE= 11  CFL_adv= 0.443  CFL_sgs= 0.021
NSTEP =        159   NCYCLE= 11  CFL_adv= 0.464  CFL_sgs= 0.022
 Collecting statistics...
 name QCSTRG is missing in "lst" file.
NSTEP =        160   NCYCLE= 11  CFL_adv= 0.458  CFL_sgs= 0.023
 DAY =   5.555555555555555E-002
 NSTEP=         160
 div:  6.023864095421777E-018 -6.586444609371974E-018
 SST=   300.000000000000     
 surface pressure=   1014.80000000000     
 u:  -11.1035311479673        11.1035528619751     
 v:  -11.0944664679457        11.0944842400238     
 w:  -2.25447390275197        38.1429146890722     
 p:  -60.8095819310089        53.1545517291860     
 t:   289.535996514682        473.219677115010     
 tabs:   201.869481979832        300.286275882356     
 qv:  7.569444308884071E-207  2.001980209614615E-002
 tke:  0.000000000000000E+000   39.6123200296176     
 tk:  0.000000000000000E+000   157.345797587705     
 tkh:  0.000000000000000E+000   157.345797587705     
 qcl:  0.000000000000000E+000  2.249511134865143E-003
 qci:  0.000000000000000E+000  9.657823168570443E-003
 qpl:  0.000000000000000E+000  1.351491477856021E-002
 qpi:  0.000000000000000E+000  0.000000000000000E+000
 qrad(K/day):  -57.9453705816686        6.31047401343382     
 shf:  -1.48660418805256      -0.399785881657038     
 lhf:   6.62116448306068        40.3906016160176     
 uw: -7.003434276284282E-003  7.003433254961565E-003
 vw: -7.097706624594561E-003  7.097706706735812E-003
 sst:   300.000000000000        300.000000000000     
 ===========================
 total water budget:
 before (mm):         45.39794594985
 after (mm):          45.39841724654
 evaporation (mm):     0.00047257606
 precipitation (mm):   0.00000127936
 large-scale (mm):     0.00000000000
 Imbalance (mm)       0.00000000000
 evap (mm/day):   1.36101904732936     
 prec (mm/day):  3.684569631386815E-003
 ls (mm/day):  0.000000000000000E+000
 imbalance (mm/day)  2.484552724690315E-011
  imbalance (rel error):  1.565126669287707E-016
 ===========================
NSTEP =        161   NCYCLE= 10  CFL_adv= 0.472  CFL_sgs= 0.023
NSTEP =        162   NCYCLE= 11  CFL_adv= 0.458  CFL_sgs= 0.023
 Let's do some shortwave
 Range of zenith angles  0.732661695834013       0.732661695834013     
 Range of surface albedo (asdir)  3.383449086658900E-002  3.383449086658900E-002
 Range of surface albedo (aldir)  3.383449086658900E-002  3.383449086658900E-002
 Range of surface albedo (asdif)  6.000000000000000E-002  6.000000000000000E-002
 Range of surface albedo (aldif)  6.000000000000000E-002  6.000000000000000E-002
 radiation: perpetual sun, solin=   310.282739731663     
 longwave radiation is called
NSTEP =        163   NCYCLE= 11  CFL_adv= 0.478  CFL_sgs= 0.021
 Collecting statistics...
 name QCSTRG is missing in "lst" file.
NSTEP =        164   NCYCLE= 11  CFL_adv= 0.474  CFL_sgs= 0.021
 DAY =   5.694444444444444E-002
 NSTEP=         164
 div:  7.318534686348949E-018 -5.750216983001005E-018
 SST=   300.000000000000     
 surface pressure=   1014.80000000000     
 u:  -9.76933943722929        9.76955283692499     
 v:  -9.77562814696556        9.77564543505552     
 w:  -4.29416884413471        41.4283025527497     
 p:  -62.0571133953585        53.7417548927813     
 t:   286.434559776889        473.221362099576     
 tabs:   193.207312245877        300.322709157237     
 qv:  1.661879458643023E-206  2.001074371564125E-002
 tke:  0.000000000000000E+000   49.0786895770396     
 tk:  0.000000000000000E+000   175.140460732664     
 tkh:  0.000000000000000E+000   175.140460732664     
 qcl:  0.000000000000000E+000  1.640314670631511E-003
 qci:  0.000000000000000E+000  1.163047691442986E-002
 qpl:  0.000000000000000E+000  1.289018969774178E-002
 qpi:  0.000000000000000E+000  0.000000000000000E+000
 qrad(K/day):  -73.4222556364583        8.72202618255999     
 shf:  -1.43511385960867        5.22596034414493     
 lhf:   11.8299450664705        40.2536010247608     
 uw: -6.753569867874553E-003  6.753566514762252E-003
 vw: -6.950339923950269E-003  6.950341170755120E-003
 sst:   300.000000000000        300.000000000000     
 ===========================
 total water budget:
 before (mm):         45.39980838499
 after (mm):          45.40025948440
 evaporation (mm):     0.00047104061
 precipitation (mm):   0.00001994120
 large-scale (mm):     0.00000000000
 Imbalance (mm)       0.00000000000
 evap (mm/day):   1.35659695737115     
 prec (mm/day):  5.743064224301025E-002
 ls (mm/day):  0.000000000000000E+000
 imbalance (mm/day)  1.747696713912117E-011
  imbalance (rel error):  1.565063160055775E-016
 ===========================
NSTEP =        165   NCYCLE= 11  CFL_adv= 0.478  CFL_sgs= 0.023
NSTEP =        166   NCYCLE= 12  CFL_adv= 0.449  CFL_sgs= 0.022
NSTEP =        167   NCYCLE= 12  CFL_adv= 0.463  CFL_sgs= 0.020
 Collecting statistics...
 name QCSTRG is missing in "lst" file.
NSTEP =        168   NCYCLE= 12  CFL_adv= 0.473  CFL_sgs= 0.028
 DAY =   5.833333333333333E-002
 NSTEP=         168
 div:  9.704741183939468E-018 -8.930469476280568E-018
 SST=   300.000000000000     
 surface pressure=   1014.80000000000     
 u:  -16.0324412469085        16.0564496625529     
 v:  -11.9687931920803        11.9686960908721     
 w:  -6.93935455925835        43.8368054287593     
 p:  -55.1850164375216        59.3102433980555     
 t:   284.510480499212        473.222888276754     
 tabs:   189.139999155969        300.318662907806     
 qv:  7.006289543228032E-206  2.008516935615295E-002
 tke:  0.000000000000000E+000   43.6541863881774     
 tk:  0.000000000000000E+000   165.178286988971     
 tkh:  0.000000000000000E+000   165.178286988971     
 qcl:  0.000000000000000E+000  1.793972907143917E-003
 qci:  0.000000000000000E+000  1.254606303761948E-002
 qpl:  0.000000000000000E+000  1.391899542257883E-002
 qpi:  0.000000000000000E+000  0.000000000000000E+000
 qrad(K/day):  -73.4222556364583        8.72202618255999     
 shf:  -1.37020930540742        31.8878874636281     
 lhf:   11.1757405999321        40.1152208618275     
 uw: -6.312723938104126E-003  6.312688567098441E-003
 vw: -6.527850801913757E-003  6.527868109233746E-003
 sst:   300.000000000000        300.000000000000     
 ===========================
 total water budget:
 before (mm):         45.40151779445
 after (mm):          45.40190483778
 evaporation (mm):     0.00046950459
 precipitation (mm):   0.00008246125
 large-scale (mm):     0.00000000000
 Imbalance (mm)      -0.00000000000
 evap (mm/day):   1.35217321383806     
 prec (mm/day):  0.237488409253516     
 ls (mm/day):  0.000000000000000E+000
 imbalance (mm/day) -2.130167136432659E-011
  imbalance (rel error): -1.565006442568436E-016
 ===========================
 Let's do some shortwave
 Range of zenith angles  0.732661695834013       0.732661695834013     
 Range of surface albedo (asdir)  3.383449086658900E-002  3.383449086658900E-002
 Range of surface albedo (aldir)  3.383449086658900E-002  3.383449086658900E-002
 Range of surface albedo (asdif)  6.000000000000000E-002  6.000000000000000E-002
 Range of surface albedo (aldif)  6.000000000000000E-002  6.000000000000000E-002
 radiation: perpetual sun, solin=   310.282739731993     
 longwave radiation is called
NSTEP =        169   NCYCLE= 12  CFL_adv= 0.478  CFL_sgs= 0.020
NSTEP =        170   NCYCLE= 12  CFL_adv= 0.452  CFL_sgs= 0.018
NSTEP =        171   NCYCLE= 12  CFL_adv= 0.454  CFL_sgs= 0.022
 Collecting statistics...
 name QCSTRG is missing in "lst" file.
NSTEP =        172   NCYCLE= 12  CFL_adv= 0.464  CFL_sgs= 0.022
 DAY =   5.972222222222223E-002
 NSTEP=         172
 div:  8.053090259252631E-018 -8.254076868765408E-018
 SST=   300.000000000000     
 surface pressure=   1014.80000000000     
 u:  -18.5772738215579        18.5576748240310     
 v:  -23.2907582416737        23.8730120094860     
 w:  -10.4403209748745        42.4007587878085     
 p:  -79.3403644758325        54.7345203309077     
 t:   280.759101537928        473.225798523744     
 tabs:   190.903865179057        300.345129030267     
 qv:  1.197138020299126E-202  2.035746878238590E-002
 tke:  0.000000000000000E+000   55.1845890029354     
 tk:  0.000000000000000E+000   185.715826269154     
 tkh:  0.000000000000000E+000   185.715826269154     
 qcl:  0.000000000000000E+000  3.761597745629711E-003
 qci:  0.000000000000000E+000  1.178830997549929E-002
 qpl:  0.000000000000000E+000  1.434559611111731E-002
 qpi:  0.000000000000000E+000  0.000000000000000E+000
 qrad(K/day):  -89.6775873045545        25.1643627368952     
 shf:  -1.29323202706105        55.6513178228119     
 lhf:   8.52444131830529        39.9758086955041     
 uw: -1.685456078696687E-002  1.685448448824766E-002
 vw: -1.835928013699743E-002  1.835916137651953E-002
 sst:   300.000000000000        300.000000000000     
 ===========================
 total water budget:
 before (mm):         45.40302637841
 after (mm):          45.40339670162
 evaporation (mm):     0.00046795951
 precipitation (mm):   0.00009763660
 large-scale (mm):     0.00000000000
 Imbalance (mm)       0.00000000030
 evap (mm/day):   1.34772338590153     
 prec (mm/day):  0.281193411360532     
 ls (mm/day):  0.000000000000000E+000
 imbalance (mm/day)  8.629108650282796E-007
  imbalance (rel error):  6.599102326734754E-012
 ===========================
NSTEP =        173   NCYCLE= 12  CFL_adv= 0.464  CFL_sgs= 0.022
NSTEP =        174   NCYCLE= 12  CFL_adv= 0.455  CFL_sgs= 0.023
 Let's do some shortwave
 Range of zenith angles  0.732661695834013       0.732661695834013     
 Range of surface albedo (asdir)  3.383449086658900E-002  3.383449086658900E-002
 Range of surface albedo (aldir)  3.383449086658900E-002  3.383449086658900E-002
 Range of surface albedo (asdif)  6.000000000000000E-002  6.000000000000000E-002
 Range of surface albedo (aldif)  6.000000000000000E-002  6.000000000000000E-002
 radiation: perpetual sun, solin=   310.282739732351     
 longwave radiation is called
NSTEP =        175   NCYCLE= 12  CFL_adv= 0.451  CFL_sgs= 0.021
 Collecting statistics...
 name QCSTRG is missing in "lst" file.
NSTEP =        176   NCYCLE= 12  CFL_adv= 0.457  CFL_sgs= 0.023
 DAY =   6.111111111111111E-002
 NSTEP=         176
 div:  9.539787174569852E-018 -7.062032814178027E-018
 SST=   300.000000000000     
 surface pressure=   1014.80000000000     
 u:  -23.0266395951678        23.2961361713312     
 v:  -21.8028111770445        23.7017814530565     
 w:  -12.6409238551100        44.5518080254911     
 p:  -62.5448921185573        114.849137603189     
 t:   280.262663058106        473.224464204277     
 tabs:   193.247079844661        300.282612141743     
 qv:  1.204852406139218E-198  2.059589817504699E-002
 tke:  0.000000000000000E+000   68.7581973946470     
 tk:  0.000000000000000E+000   207.301407066268     
 tkh:  0.000000000000000E+000   207.301407066268     
 qcl:  0.000000000000000E+000  4.283722792874194E-003
 qci:  0.000000000000000E+000  1.252987033966258E-002
 qpl:  0.000000000000000E+000  1.243233199799894E-002
 qpi:  0.000000000000000E+000  0.000000000000000E+000
 qrad(K/day):  -71.3071955422913        35.8395701223602     
 shf:  -1.22701232739207        61.0335877187151     
 lhf:   9.70181799072146        39.8351104384812     
 uw: -2.793548997311281E-002  2.793446271357265E-002
 vw: -2.896624914555850E-002  2.896497263240538E-002
 sst:   300.000000000000        300.000000000000     
 ===========================
 total water budget:
 before (mm):         45.40451208902
 after (mm):          45.40488979506
 evaporation (mm):     0.00046637678
 precipitation (mm):   0.00008867106
 large-scale (mm):     0.00000000000
 Imbalance (mm)       0.00000000032
 evap (mm/day):   1.34316512173669     
 prec (mm/day):  0.255372644899337     
 ls (mm/day):  0.000000000000000E+000
 imbalance (mm/day)  9.213454873254617E-007
  imbalance (rel error):  7.045665287707812E-012
 ===========================
NSTEP =        177   NCYCLE= 13  CFL_adv= 0.452  CFL_sgs= 0.023
NSTEP =        178   NCYCLE= 13  CFL_adv= 0.474  CFL_sgs= 0.020
NSTEP =        179   NCYCLE= 13  CFL_adv= 0.463  CFL_sgs= 0.021
 Collecting statistics...
 name QCSTRG is missing in "lst" file.
 Writting statistics:nstatsteps=          15
 --------------- ISCCP Simulator Diagnostics: -----------------
 ISCCP PDF:
            0.0       0.3       1.3       3.6       9.4      23.0      60.0
    0.     0.000     0.000     0.000     0.000     0.000     0.000     0.000
  180.     0.000     0.000     0.000     0.000     0.000     0.000     0.000
  310.     0.000     0.000     0.000     0.000     0.000     0.000     0.000
  440.     0.000     0.000     0.000     0.000     0.000     0.000     0.000
  560.     0.000     0.000     0.000     0.000     0.000     0.000     0.000
  680.     0.000     0.000     0.000     0.000     0.000     0.000     0.000
  800.     0.000     0.000     0.000     0.000     0.000     0.000     0.000
 low cld area (tau > 0.3)=  0.000000000000000E+000
 mid cld area (tau > 0.3)=  0.000000000000000E+000
 hgh cld area (tau > 0.3)=  0.000000000000000E+000
 total cld area (tau > 0.3)=  0.000000000000000E+000
 mean albedo cld (tau > 0.3)   -1.00000000000000     
 mean tau cld (tau > 0.3)   -1.00000000000000     
 mean top pressure (tau > 0.3)  -1.00000000000000     
 mean brightness temp (tau > 0.3)  -1.00000000000000     
 mean clearsky brightness temp (tau > 0.3)  -1.00000000000000     
 --------------- MODIS Simulator Diagnostics: -----------------
 MODIS PDF:
                      0.3       1.3       3.6       9.4      23.0      60.0
    0.               0.000     0.000     0.000     0.000     0.000     0.000
  180.               0.000     0.000     0.000     0.000     0.000     0.000
  310.               0.000     0.000     0.000     0.000     0.000     0.000
  440.               0.000     0.000     0.000     0.000     0.000     0.000
  560.               0.000     0.000     0.000     0.000     0.000     0.000
  680.               0.000     0.000     0.000     0.000     0.000     0.000
  800.               0.000     0.000     0.000     0.000     0.000     0.000
 low cld area =  0.000000000000000E+000
 mid cld area =  0.000000000000000E+000
 hgh cld area =  0.000000000000000E+000
 total cld area =  0.000000000000000E+000
 mean tau cld   -1.00000000000000     
 mean top pressure   -1.00000000000000     
 total cld area (liquid) =  0.000000000000000E+000
 total cld area (ice) =  0.000000000000000E+000
 mean tau (liquid) =  0.000000000000000E+000
 mean tau (ice) =  0.000000000000000E+000
 mean lwp (g/m2) =  0.000000000000000E+000
 mean iwp (g/m2) =  0.000000000000000E+000
 mean reff (liquid)  =  0.000000000000000E+000
 mean reff (ice)  =  0.000000000000000E+000
 --------------- MISR Simulator Diagnostics: -----------------
 MISR PDF:
            0.0       0.3       1.3       3.6       9.4      23.0      60.0
 99.00     0.000     0.000     0.000     0.000     0.000     0.000     0.000
 17.00     0.000     0.000     0.000     0.000     0.000     0.000     0.000
 15.00     0.000     0.000     0.000     0.000     0.000     0.000     0.000
 13.00     0.000     0.000     0.000     0.000     0.000     0.000     0.000
 11.00     0.000     0.000     0.000     0.000     0.000     0.000     0.000
  9.00     0.000     0.000     0.000     0.000     0.000     0.000     0.000
  7.00     0.000     0.000     0.000     0.000     0.000     0.000     0.000
  5.00     0.000     0.000     0.000     0.000     0.000     0.000     0.000
  4.00     0.000     0.000     0.000     0.000     0.000     0.000     0.000
  3.00     0.000     0.000     0.000     0.000     0.000     0.000     0.000
  2.50     0.000     0.000     0.000     0.000     0.000     0.000     0.000
  2.00     0.000     0.000     0.000     0.000     0.000     0.000     0.000
  1.50     0.000     0.000     0.000     0.000     0.000     0.000     0.000
  1.00     0.000     0.000     0.000     0.000     0.000     0.000     0.000
  0.50     0.000     0.000     0.000     0.000     0.000     0.000     0.000
  0.00     0.000     0.000     0.000     0.000     0.000     0.000     0.000
 total cld area =  0.000000000000000E+000
 mean top height (m)  0.000000000000000E+000
 Writting history file 
 rcemip300sst_160_MaxIce20_dry                                                  
  
NSTEP =        180   NCYCLE= 12  CFL_adv= 0.449  CFL_sgs= 0.027
 DAY =   6.250000000000000E-002
 NSTEP=         180
 div:  1.125386051399863E-017 -8.047241625034061E-018
 SST=   300.000000000000     
 surface pressure=   1014.80000000000     
 u:  -21.6024623002976        21.7881789048338     
 v:  -21.2668829637724        20.9314581494379     
 w:  -10.4595870956198        35.7475997707883     
 p:  -66.9590568936261        67.8096930489197     
 t:   283.780231682025        473.228754906238     
 tabs:   191.307007657860        300.407593391173     
 qv:  6.637828715891121E-195  2.042729062481533E-002
 tke:  0.000000000000000E+000   92.8429781751391     
 tk:  0.000000000000000E+000   240.887652982593     
 tkh:  0.000000000000000E+000   240.887652982593     
 qcl:  0.000000000000000E+000  3.496382707915651E-003
 qci:  0.000000000000000E+000  1.448707966027293E-002
 qpl:  0.000000000000000E+000  1.159277266459161E-002
 qpi:  0.000000000000000E+000  0.000000000000000E+000
 qrad(K/day):  -71.3071955422913        35.8395701223602     
 shf:  -1.20981968011702        50.1480910160891     
 lhf:   12.8662264797415        39.6929635930022     
 uw: -3.459205520843533E-002  3.458624947208765E-002
 vw: -3.524202120104297E-002  3.523770425422323E-002
 sst:   300.000000000000        300.000000000000     
 ===========================
 total water budget:
 before (mm):         45.40605489744
 after (mm):          45.40645117255
 evaporation (mm):     0.00046474791
 precipitation (mm):   0.00006847310
 large-scale (mm):     0.00000000000
 Imbalance (mm)       0.00000000029
 evap (mm/day):   1.33847398678292     
 prec (mm/day):  0.197202514434931     
 ls (mm/day):  0.000000000000000E+000
 imbalance (mm/day)  8.399473299313885E-007
  imbalance (rel error):  6.423082266698518E-012
 ===========================
CPU TIME =     316.1623 OVER     0.50 MODEL HOURS
 Let's do some shortwave
 Range of zenith angles  0.732661695834013       0.732661695834013     
 Range of surface albedo (asdir)  3.383449086658900E-002  3.383449086658900E-002
 Range of surface albedo (aldir)  3.383449086658900E-002  3.383449086658900E-002
 Range of surface albedo (asdif)  6.000000000000000E-002  6.000000000000000E-002
 Range of surface albedo (aldif)  6.000000000000000E-002  6.000000000000000E-002
 radiation: perpetual sun, solin=   310.282739732730     
 longwave radiation is called
NSTEP =        181   NCYCLE= 12  CFL_adv= 0.441  CFL_sgs= 0.029
NSTEP =        182   NCYCLE= 11  CFL_adv= 0.453  CFL_sgs= 0.026
NSTEP =        183   NCYCLE=  9  CFL_adv= 0.476  CFL_sgs= 0.027
 Collecting statistics...
 name QCSTRG is missing in "lst" file.
NSTEP =        184   NCYCLE=  9  CFL_adv= 0.471  CFL_sgs= 0.025
 DAY =   6.388888888888888E-002
 NSTEP=         184
 div:  9.323305893166851E-018 -8.239505070860821E-018
 SST=   300.000000000000     
 surface pressure=   1014.80000000000     
 u:  -13.3332691182688        13.3661619039574     
 v:  -19.7426216195834        19.8716302107508     
 w:  -12.3668274503720        29.4302036672393     
 p:  -39.3702150919651        69.5525648206283     
 t:   284.422567049001        473.232468880472     
 tabs:   195.101645990894        300.557334983565     
 qv:  5.485554233467172E-191  2.030911649728083E-002
 tke:  0.000000000000000E+000   47.6657055690390     
 tk:  0.000000000000000E+000   172.600886384310     
 tkh:  0.000000000000000E+000   172.600886384310     
 qcl:  0.000000000000000E+000  2.278130699586234E-003
 qci:  0.000000000000000E+000  1.487905099353384E-002
 qpl:  0.000000000000000E+000  9.895630193598045E-003
 qpi:  0.000000000000000E+000  0.000000000000000E+000
 qrad(K/day):  -104.331388928576        50.0715230650616     
 shf:  -1.21357571884244        49.9210886339982     
 lhf:   14.2453177039824        48.6311702726912     
 uw: -4.155306839282560E-002  4.154107960791754E-002
 vw: -4.209964916921489E-002  4.209118581480406E-002
 sst:   300.000000000000        300.000000000000     
 ===========================
 total water budget:
 before (mm):         45.40764283176
 after (mm):          45.40803652671
 evaporation (mm):     0.00046309755
 precipitation (mm):   0.00006940259
 large-scale (mm):     0.00000000000
 Imbalance (mm)       0.00000000000
 evap (mm/day):   1.33372093370667     
 prec (mm/day):  0.199879464306805     
 ls (mm/day):  0.000000000000000E+000
 imbalance (mm/day)  1.996840193196903E-013
  imbalance (rel error):  0.000000000000000E+000
 ===========================
NSTEP =        185   NCYCLE=  9  CFL_adv= 0.436  CFL_sgs= 0.028
NSTEP =        186   NCYCLE=  8  CFL_adv= 0.471  CFL_sgs= 0.025
 Let's do some shortwave
 Range of zenith angles  0.732661695834013       0.732661695834013     
 Range of surface albedo (asdir)  3.383449086658900E-002  3.383449086658900E-002
 Range of surface albedo (aldir)  3.383449086658900E-002  3.383449086658900E-002
 Range of surface albedo (asdif)  6.000000000000000E-002  6.000000000000000E-002
 Range of surface albedo (aldif)  6.000000000000000E-002  6.000000000000000E-002
 radiation: perpetual sun, solin=   310.282739733118     
 longwave radiation is called
NSTEP =        187   NCYCLE=  8  CFL_adv= 0.456  CFL_sgs= 0.021
 Collecting statistics...
 name QCSTRG is missing in "lst" file.
NSTEP =        188   NCYCLE=  8  CFL_adv= 0.446  CFL_sgs= 0.025
 DAY =   6.527777777777778E-002
 NSTEP=         188
 div:  1.297516839856705E-017 -1.038865598259617E-017
 SST=   300.000000000000     
 surface pressure=   1014.80000000000     
 u:  -15.0282153463736        14.2411933674653     
 v:  -16.0994074877700        15.0865278359073     
 w:  -17.4553525346771        27.8149932794070     
 p:  -36.0227537532703        87.1021465719563     
 t:   283.551857580266        473.231246135847     
 tabs:   200.443376059753        300.518374448765     
 qv:  3.216334130887703E-188  2.005780682536933E-002
 tke:  0.000000000000000E+000   32.9535110794164     
 tk:  0.000000000000000E+000   143.512871982395     
 tkh:  0.000000000000000E+000   143.512871982395     
 qcl:  0.000000000000000E+000  2.083847827019615E-003
 qci:  0.000000000000000E+000  1.708718805379611E-002
 qpl:  0.000000000000000E+000  9.109917095369654E-003
 qpi:  0.000000000000000E+000  0.000000000000000E+000
 qrad(K/day):  -82.7303474465080        59.7760290305817     
 shf:  -1.21495942405061        55.0592030787893     
 lhf:   14.2348558912766        52.7499008380864     
 uw: -4.105487602677477E-002  4.107693042795471E-002
 vw: -4.047524753705038E-002  4.047892898175862E-002
 sst:   300.000000000000        300.000000000000     
 ===========================
 total water budget:
 before (mm):         45.40919604510
 after (mm):          45.40957436867
 evaporation (mm):     0.00046146965
 precipitation (mm):   0.00008314608
 large-scale (mm):     0.00000000000
 Imbalance (mm)       0.00000000000
 evap (mm/day):   1.32903259642827     
 prec (mm/day):  0.239460704594691     
 ls (mm/day):  0.000000000000000E+000
 imbalance (mm/day)  5.100982136685416E-011
  imbalance (rel error):  3.129484236039505E-016
 ===========================
NSTEP =        189   NCYCLE=  8  CFL_adv= 0.448  CFL_sgs= 0.026
NSTEP =        190   NCYCLE=  9  CFL_adv= 0.434  CFL_sgs= 0.023
NSTEP =        191   NCYCLE=  9  CFL_adv= 0.443  CFL_sgs= 0.023
 Collecting statistics...
 name QCSTRG is missing in "lst" file.
NSTEP =        192   NCYCLE=  9  CFL_adv= 0.438  CFL_sgs= 0.025
 DAY =   6.666666666666667E-002
 NSTEP=         192
 div:  1.257863826783514E-017 -8.871204088850096E-018
 SST=   300.000000000000     
 surface pressure=   1014.80000000000     
 u:  -14.0193414819900        13.9916091533228     
 v:  -13.8669193949699        13.7363951074406     
 w:  -19.3423921422408        28.1276285633069     
 p:  -51.3870927735645        40.7677756705538     
 t:   284.138229717695        473.237790973426     
 tabs:   196.726659554290        300.217205653676     
 qv:  1.270543039544858E-186  2.005407184753949E-002
 tke:  0.000000000000000E+000   34.8168726204882     
 tk:  0.000000000000000E+000   147.514559918013     
 tkh:  0.000000000000000E+000   147.514559918013     
 qcl:  0.000000000000000E+000  2.573134978340052E-003
 qci:  0.000000000000000E+000  1.357359293266831E-002
 qpl:  0.000000000000000E+000  8.691836514004672E-003
 qpi:  0.000000000000000E+000  0.000000000000000E+000
 qrad(K/day):  -82.7303474465080        59.7760290305817     
 shf:  -1.21961341938769        64.2671393934256     
 lhf:   14.5020420761348        63.9404185728410     
 uw: -4.357689620543165E-002  4.360502211217134E-002
 vw: -4.415257860163756E-002  4.418533864891508E-002
 sst:   300.000000000000        300.000000000000     
 ===========================
 total water budget:
 before (mm):         45.41068612364
 after (mm):          45.41105242607
 evaporation (mm):     0.00045996170
 precipitation (mm):   0.00009365957
 large-scale (mm):     0.00000000000
 Imbalance (mm)       0.00000000030
 evap (mm/day):   1.32468970752026     
 prec (mm/day):  0.269739568068620     
 ls (mm/day):  0.000000000000000E+000
 imbalance (mm/day)  8.587508203757726E-007
  imbalance (rel error):  6.566070101981771E-012
 ===========================
 Let's do some shortwave
 Range of zenith angles  0.732661695834013       0.732661695834013     
 Range of surface albedo (asdir)  3.383449086658900E-002  3.383449086658900E-002
 Range of surface albedo (aldir)  3.383449086658900E-002  3.383449086658900E-002
 Range of surface albedo (asdif)  6.000000000000000E-002  6.000000000000000E-002
 Range of surface albedo (aldif)  6.000000000000000E-002  6.000000000000000E-002
 radiation: perpetual sun, solin=   310.282739733462     
 longwave radiation is called
NSTEP =        193   NCYCLE=  9  CFL_adv= 0.440  CFL_sgs= 0.024
NSTEP =        194   NCYCLE=  9  CFL_adv= 0.453  CFL_sgs= 0.023
NSTEP =        195   NCYCLE=  9  CFL_adv= 0.435  CFL_sgs= 0.031
 Collecting statistics...
 name QCSTRG is missing in "lst" file.
NSTEP =        196   NCYCLE=  8  CFL_adv= 0.457  CFL_sgs= 0.031
 DAY =   6.805555555555555E-002
 NSTEP=         196
 div:  1.193328849471886E-017 -1.015803879592651E-017
 SST=   300.000000000000     
 surface pressure=   1014.80000000000     
 u:  -12.9642841623366        13.7162928865958     
 v:  -11.1914276083302        10.6775352550113     
 w:  -6.64524471425076        26.9453032039980     
 p:  -49.2243903264964        47.5927019834691     
 t:   290.427825404277        473.238777349604     
 tabs:   197.149812839013        301.555073385737     
 qv:  2.017573007905822E-186  1.971811212731694E-002
 tke:  0.000000000000000E+000   44.7849666588921     
 tk:  0.000000000000000E+000   167.303927514591     
 tkh:  0.000000000000000E+000   167.303927514591     
 qcl:  0.000000000000000E+000  3.104362093865262E-003
 qci:  0.000000000000000E+000  9.344315561575263E-003
 qpl:  0.000000000000000E+000  7.683350124112720E-003
 qpi:  0.000000000000000E+000  0.000000000000000E+000
 qrad(K/day):  -70.3356305693856        53.7705829032937     
 shf:  -1.24574586864977        53.9488653581423     
 lhf:   15.0894617328489        70.5659839642665     
 uw: -5.967645254238325E-002  5.958252578499322E-002
 vw: -6.003604655712820E-002  6.004255273892970E-002
 sst:   300.000000000000        300.000000000000     
 ===========================
 total water budget:
 before (mm):         45.41216719821
 after (mm):          45.41254043801
 evaporation (mm):     0.00045854879
 precipitation (mm):   0.00008530899
 large-scale (mm):     0.00000000000
 Imbalance (mm)      -0.00000000000
 evap (mm/day):   1.32062051493481     
 prec (mm/day):  0.245689888960073     
 ls (mm/day):  0.000000000000000E+000
 imbalance (mm/day) -1.524007482711642E-011
  imbalance (rel error): -1.564639918636556E-016
 ===========================
NSTEP =        197   NCYCLE=  8  CFL_adv= 0.456  CFL_sgs= 0.030
NSTEP =        198   NCYCLE=  8  CFL_adv= 0.452  CFL_sgs= 0.021
 Let's do some shortwave
 Range of zenith angles  0.732661695834013       0.732661695834013     
 Range of surface albedo (asdir)  3.383449086658900E-002  3.383449086658900E-002
 Range of surface albedo (aldir)  3.383449086658900E-002  3.383449086658900E-002
 Range of surface albedo (asdif)  6.000000000000000E-002  6.000000000000000E-002
 Range of surface albedo (aldif)  6.000000000000000E-002  6.000000000000000E-002
 radiation: perpetual sun, solin=   310.282739733698     
 longwave radiation is called
NSTEP =        199   NCYCLE=  8  CFL_adv= 0.448  CFL_sgs= 0.023
 Collecting statistics...
 name QCSTRG is missing in "lst" file.
NSTEP =        200   NCYCLE=  8  CFL_adv= 0.446  CFL_sgs= 0.019
 DAY =   6.944444444444445E-002
 NSTEP=         200
 div:  1.715997667409394E-017 -1.160768869350631E-017
 SST=   300.000000000000     
 surface pressure=   1014.80000000000     
 u:  -16.4356611683496        16.5538380734818     
 v:  -11.8674431837582        12.7888198558267     
 w:  -9.12055786263150        23.6064963253411     
 p:  -36.9385468307431        39.5405912428357     
 t:   290.046547241044        473.244567435976     
 tabs:   198.648580050699        301.877893656878     
 qv:  1.673746487228965E-184  1.963626778202420E-002
 tke:  0.000000000000000E+000   17.5425849642701     
 tk:  0.000000000000000E+000   104.709672918355     
 tkh:  0.000000000000000E+000   104.709672918355     
 qcl:  0.000000000000000E+000  3.160963879947575E-003
 qci:  0.000000000000000E+000  1.097372326138872E-002
 qpl:  0.000000000000000E+000  6.027003358450268E-003
 qpi:  0.000000000000000E+000  0.000000000000000E+000
 qrad(K/day):  -74.2896975580703        49.7172348521528     
 shf:  -1.23920860565159        57.7920160835933     
 lhf:   15.9804548914576        81.6680751040826     
 uw: -7.225167640537308E-002  7.191896435382690E-002
 vw: -7.129542529527570E-002  7.133849770108086E-002
 sst:   300.000000000000        300.000000000000     
 ===========================
 total water budget:
 before (mm):         45.41362448752
 after (mm):          45.41394398631
 evaporation (mm):     0.00045720422
 precipitation (mm):   0.00013770543
 large-scale (mm):     0.00000000000
 Imbalance (mm)       0.00000000000
 evap (mm/day):   1.31674815805390     
 prec (mm/day):  0.396591640012379     
 ls (mm/day):  0.000000000000000E+000
 imbalance (mm/day) -4.786015334046212E-013
  imbalance (rel error):  0.000000000000000E+000
 ===========================
NSTEP =        201   NCYCLE=  8  CFL_adv= 0.448  CFL_sgs= 0.019
NSTEP =        202   NCYCLE=  7  CFL_adv= 0.475  CFL_sgs= 0.023
NSTEP =        203   NCYCLE=  7  CFL_adv= 0.464  CFL_sgs= 0.024
 Collecting statistics...
 name QCSTRG is missing in "lst" file.
NSTEP =        204   NCYCLE=  7  CFL_adv= 0.460  CFL_sgs= 0.024
 DAY =   7.083333333333333E-002
 NSTEP=         204
 div:  1.520011463231968E-017 -1.348631315742342E-017
 SST=   300.000000000000     
 surface pressure=   1014.80000000000     
 u:  -17.8047717942021        17.3967830890034     
 v:  -16.1999664734496        17.1046025415638     
 w:  -10.0286110253059        20.9048779347127     
 p:  -35.9810573983950        45.8408294042144     
 t:   289.536497540383        473.248294628742     
 tabs:   200.603704225755        300.738723182547     
 qv:  9.405710677955950E-179  1.962281958617883E-002
 tke:  0.000000000000000E+000   21.9371903218782     
 tk:  0.000000000000000E+000   117.092885997288     
 tkh:  0.000000000000000E+000   117.092885997288     
 qcl:  0.000000000000000E+000  3.625503394289604E-003
 qci:  0.000000000000000E+000  1.008028596633369E-002
 qpl:  0.000000000000000E+000  6.702505671689490E-003
 qpi:  0.000000000000000E+000  0.000000000000000E+000
 qrad(K/day):  -74.2896975580703        49.7172348521528     
 shf:  -1.23996067919694        53.6065325448493     
 lhf:   15.8848888056673        83.2254380375064     
 uw: -5.705269815808726E-002  5.620154393259091E-002
 vw: -5.710540746702581E-002  5.722726843031020E-002
 sst:   300.000000000000        300.000000000000     
 ===========================
 total water budget:
 before (mm):         45.41477268802
 after (mm):          45.41503913620
 evaporation (mm):     0.00045584578
 precipitation (mm):   0.00018939878
 large-scale (mm):     0.00000000000
 Imbalance (mm)       0.00000000118
 evap (mm/day):   1.31283583912076     
 prec (mm/day):  0.545468485429712     
 ls (mm/day):  0.000000000000000E+000
 imbalance (mm/day)  3.399837620338825E-006
  imbalance (rel error):  2.599349738864032E-011
 ===========================
 Let's do some shortwave
 Range of zenith angles  0.732661695834013       0.732661695834013     
 Range of surface albedo (asdir)  3.383449086658900E-002  3.383449086658900E-002
 Range of surface albedo (aldir)  3.383449086658900E-002  3.383449086658900E-002
 Range of surface albedo (asdif)  6.000000000000000E-002  6.000000000000000E-002
 Range of surface albedo (aldif)  6.000000000000000E-002  6.000000000000000E-002
 radiation: perpetual sun, solin=   310.282739733749     
 longwave radiation is called
NSTEP =        205   NCYCLE=  7  CFL_adv= 0.420  CFL_sgs= 0.025
NSTEP =        206   NCYCLE=  7  CFL_adv= 0.416  CFL_sgs= 0.025
NSTEP =        207   NCYCLE=  7  CFL_adv= 0.440  CFL_sgs= 0.025
 Collecting statistics...
 name QCSTRG is missing in "lst" file.
NSTEP =        208   NCYCLE=  7  CFL_adv= 0.465  CFL_sgs= 0.021
 DAY =   7.222222222222222E-002
 NSTEP=         208
 div:  1.811956519816914E-017 -1.441706842008103E-017
 SST=   300.000000000000     
 surface pressure=   1014.80000000000     
 u:  -13.8134176265314        14.0984689792955     
 v:  -13.2315830869529        14.1227935127901     
 w:  -11.6000975015581        25.4771532229846     
 p:  -66.3617474786365        71.1523313076800     
 t:   289.452078707042        473.248323170292     
 tabs:   200.906077894186        300.195854424323     
 qv:  1.870872221001972E-173  1.965728026082153E-002
 tke:  0.000000000000000E+000   16.8128043049068     
 tk:  0.000000000000000E+000   102.508549353538     
 tkh:  0.000000000000000E+000   102.508549353538     
 qcl:  0.000000000000000E+000  4.187835493412956E-003
 qci:  0.000000000000000E+000  1.044273468734810E-002
 qpl:  0.000000000000000E+000  8.057706810759947E-003
 qpi:  0.000000000000000E+000  0.000000000000000E+000
 qrad(K/day):  -70.7364903833999        50.9759994630001     
 shf:  -1.25079739418732        54.0409964997528     
 lhf:   17.2647380477600        91.0525785706050     
 uw: -6.038866437380370E-002  5.971902282364946E-002
 vw: -6.648157036649537E-002  6.662605303415478E-002
 sst:   300.000000000000        300.000000000000     
 ===========================
 total water budget:
 before (mm):         45.41587623565
 after (mm):          45.41616291408
 evaporation (mm):     0.00045449714
 precipitation (mm):   0.00016781871
 large-scale (mm):     0.00000000000
 Imbalance (mm)       0.00000000000
 evap (mm/day):   1.30895176965470     
 prec (mm/day):  0.483317871770753     
 ls (mm/day):  0.000000000000000E+000
 imbalance (mm/day)  5.206772513144386E-013
  imbalance (rel error):  0.000000000000000E+000
 ===========================
NSTEP =        209   NCYCLE=  8  CFL_adv= 0.431  CFL_sgs= 0.018
NSTEP =        210   NCYCLE=  8  CFL_adv= 0.439  CFL_sgs= 0.020
 Let's do some shortwave
 Range of zenith angles  0.732661695834013       0.732661695834013     
 Range of surface albedo (asdir)  3.383449086658900E-002  3.383449086658900E-002
 Range of surface albedo (aldir)  3.383449086658900E-002  3.383449086658900E-002
 Range of surface albedo (asdif)  6.000000000000000E-002  6.000000000000000E-002
 Range of surface albedo (aldif)  6.000000000000000E-002  6.000000000000000E-002
 radiation: perpetual sun, solin=   310.282739733571     
 longwave radiation is called
NSTEP =        211   NCYCLE=  8  CFL_adv= 0.456  CFL_sgs= 0.019
 Collecting statistics...
 name QCSTRG is missing in "lst" file.
NSTEP =        212   NCYCLE=  9  CFL_adv= 0.445  CFL_sgs= 0.018
 DAY =   7.361111111111111E-002
 NSTEP=         212
 div:  1.571820360394706E-017 -1.468858563482905E-017
 SST=   300.000000000000     
 surface pressure=   1014.80000000000     
 u:  -16.2860224854932        16.3864033393134     
 v:  -17.3278523659545        15.3170502118017     
 w:  -9.06073641886839        35.9313690884637     
 p:  -68.4924191194324        123.867758151018     
 t:   288.897913441370        473.254505715547     
 tabs:   198.756874505630        300.190387278091     
 qv:  1.430399252331544E-172  1.967357581906683E-002
 tke:  0.000000000000000E+000   26.2636627578212     
 tk:  0.000000000000000E+000   128.120213954076     
 tkh:  0.000000000000000E+000   128.120213954076     
 qcl:  0.000000000000000E+000  4.560852747478730E-003
 qci:  0.000000000000000E+000  8.122798096615560E-003
 qpl:  0.000000000000000E+000  9.835989111958477E-003
 qpi:  0.000000000000000E+000  0.000000000000000E+000
 qrad(K/day):  -78.6498430695727        51.6295658715678     
 shf:  -1.26030543216709        76.4842122020336     
 lhf:   17.3395423001951        96.8063798958593     
 uw: -6.072721472000662E-002  5.997835296014265E-002
 vw: -7.291936510996934E-002  7.313674215283639E-002
 sst:   300.000000000000        300.000000000000     
 ===========================
 total water budget:
 before (mm):         45.41701297406
 after (mm):          45.41729213826
 evaporation (mm):     0.00045322099
 precipitation (mm):   0.00017405789
 large-scale (mm):     0.00000000000
 Imbalance (mm)       0.00000000109
 evap (mm/day):   1.30527646028330     
 prec (mm/day):  0.501286727061754     
 ls (mm/day):  0.000000000000000E+000
 imbalance (mm/day)  3.143589205039515E-006
  imbalance (rel error):  2.403332726056273E-011
 ===========================
NSTEP =        213   NCYCLE= 10  CFL_adv= 0.455  CFL_sgs= 0.018
NSTEP =        214   NCYCLE= 11  CFL_adv= 0.478  CFL_sgs= 0.017
NSTEP =        215   NCYCLE= 13  CFL_adv= 0.455  CFL_sgs= 0.017
 Collecting statistics...
 name QCSTRG is missing in "lst" file.
NSTEP =        216   NCYCLE= 14  CFL_adv= 0.475  CFL_sgs= 0.016
 DAY =   7.500000000000000E-002
 NSTEP=         216
 div:  9.255353268582673E-018 -5.949889833162119E-018
 SST=   300.000000000000     
 surface pressure=   1014.80000000000     
 u:  -25.1928794883602        29.8805462613557     
 v:  -22.6887354251031        20.4291282172653     
 w:  -12.4930193061989        50.2331081877661     
 p:  -115.665275436460        153.805222228791     
 t:   287.668958220515        473.259921794172     
 tabs:   198.441994308025        300.185533815759     
 qv:  1.375218450837947E-171  1.961950620868412E-002
 tke:  0.000000000000000E+000   38.8821770838040     
 tk:  0.000000000000000E+000   155.888936994828     
 tkh:  0.000000000000000E+000   155.888936994828     
 qcl:  0.000000000000000E+000  2.559028478617442E-003
 qci:  0.000000000000000E+000  1.191619188597485E-002
 qpl:  0.000000000000000E+000  1.267142345361384E-002
 qpi:  0.000000000000000E+000  0.000000000000000E+000
 qrad(K/day):  -78.6498430695727        51.6295658715678     
 shf:  -1.28500940119391        104.236247653269     
 lhf:   17.5301439901497        116.169062772559     
 uw: -6.276324875056498E-002  6.169120132139243E-002
 vw: -7.982204307063039E-002  8.266680370577212E-002
 sst:   300.000000000000        300.000000000000     
 ===========================
 total water budget:
 before (mm):         45.41812408564
 after (mm):          45.41839822719
 evaporation (mm):     0.00045201148
 precipitation (mm):   0.00017787204
 large-scale (mm):     0.00000000000
 Imbalance (mm)       0.00000000212
 evap (mm/day):   1.30179305395639     
 prec (mm/day):  0.512271484157905     
 ls (mm/day):  0.000000000000000E+000
 imbalance (mm/day)  6.099996062020052E-006
  imbalance (rel error):  4.663433594536665E-011
 ===========================
 Let's do some shortwave
 Range of zenith angles  0.732661695834013       0.732661695834013     
 Range of surface albedo (asdir)  3.383449086658900E-002  3.383449086658900E-002
 Range of surface albedo (aldir)  3.383449086658900E-002  3.383449086658900E-002
 Range of surface albedo (asdif)  6.000000000000000E-002  6.000000000000000E-002
 Range of surface albedo (aldif)  6.000000000000000E-002  6.000000000000000E-002
 radiation: perpetual sun, solin=   310.282739733179     
 longwave radiation is called
NSTEP =        217   NCYCLE= 16  CFL_adv= 0.460  CFL_sgs= 0.014
NSTEP =        218   NCYCLE= 16  CFL_adv= 0.467  CFL_sgs= 0.015
NSTEP =        219   NCYCLE= 16  CFL_adv= 0.467  CFL_sgs= 0.017
 Collecting statistics...
 name QCSTRG is missing in "lst" file.
NSTEP =        220   NCYCLE= 16  CFL_adv= 0.461  CFL_sgs= 0.016
 DAY =   7.638888888888890E-002
 NSTEP=         220
 div:  7.427694019521552E-018 -4.838052218878714E-018
 SST=   300.000000000000     
 surface pressure=   1014.80000000000     
 u:  -19.7363280338899        17.6973555121078     
 v:  -18.8714589104309        20.3180421969457     
 w:  -9.25779328721031        51.8100723774592     
 p:  -63.9126086255935        84.3354266328987     
 t:   287.239533674929        473.260843787261     
 tabs:   191.216423753370        300.210514864256     
 qv:  4.566557161123713E-169  1.946087282369307E-002
 tke:  0.000000000000000E+000   42.6191785493252     
 tk:  0.000000000000000E+000   163.208414591063     
 tkh:  0.000000000000000E+000   163.208414591063     
 qcl:  0.000000000000000E+000  4.253206288278985E-003
 qci:  0.000000000000000E+000  1.263235207607850E-002
 qpl:  0.000000000000000E+000  1.256676568499282E-002
 qpi:  0.000000000000000E+000  0.000000000000000E+000
 qrad(K/day):  -88.0196347083120        54.1317423416127     
 shf:  -1.28208138288647        124.790884206982     
 lhf:   17.5624163143602        174.455098020420     
 uw: -0.114790238820465       0.109065238137594     
 vw: -0.149008859065779       0.149418719129845     
 sst:   300.000000000000        300.000000000000     
 ===========================
 total water budget:
 before (mm):         45.41919531440
 after (mm):          45.41943993873
 evaporation (mm):     0.00045087582
 precipitation (mm):   0.00020625209
 large-scale (mm):     0.00000000000
 Imbalance (mm)       0.00000000060
 evap (mm/day):   1.29852235895868     
 prec (mm/day):  0.594006028682405     
 ls (mm/day):  0.000000000000000E+000
 imbalance (mm/day)  1.733845384922078E-006
  imbalance (rel error):  1.325486729838477E-011
 ===========================
NSTEP =        221   NCYCLE= 16  CFL_adv= 0.456  CFL_sgs= 0.021
NSTEP =        222   NCYCLE= 15  CFL_adv= 0.466  CFL_sgs= 0.025
 Let's do some shortwave
 Range of zenith angles  0.732661695834013       0.732661695834013     
 Range of surface albedo (asdir)  3.383449086658900E-002  3.383449086658900E-002
 Range of surface albedo (aldir)  3.383449086658900E-002  3.383449086658900E-002
 Range of surface albedo (asdif)  6.000000000000000E-002  6.000000000000000E-002
 Range of surface albedo (aldif)  6.000000000000000E-002  6.000000000000000E-002
 radiation: perpetual sun, solin=   310.282739732601     
 longwave radiation is called
NSTEP =        223   NCYCLE= 14  CFL_adv= 0.475  CFL_sgs= 0.031
 Collecting statistics...
 name QCSTRG is missing in "lst" file.
NSTEP =        224   NCYCLE= 14  CFL_adv= 0.450  CFL_sgs= 0.033
 DAY =   7.777777777777778E-002
 NSTEP=         224
 div:  7.911050449492658E-018 -7.158106853316749E-018
 SST=   300.000000000000     
 surface pressure=   1014.80000000000     
 u:  -30.8063251328154        30.1572795291517     
 v:  -19.4513814544705        23.7405007371188     
 w:  -19.0260890743278        44.3195449398007     
 p:  -76.9817515544727        79.4980681068346     
 t:   285.594574107823        473.263820756349     
 tabs:   182.462524548017        300.175765504241     
 qv:  2.814766675774812E-167  1.937166334197990E-002
 tke:  0.000000000000000E+000   60.9067836888184     
 tk:  0.000000000000000E+000   195.106995788238     
 tkh:  0.000000000000000E+000   195.106995788238     
 qcl:  0.000000000000000E+000  4.058007223275877E-003
 qci:  0.000000000000000E+000  1.331720558558508E-002
 qpl:  0.000000000000000E+000  9.984896786860299E-003
 qpi:  0.000000000000000E+000  0.000000000000000E+000
 qrad(K/day):  -118.381627010513        59.5087898813189     
 shf:  -1.24244525969345        138.487550468177     
 lhf:   17.8805194677463        273.520805765004     
 uw: -0.134679988216087       0.149330980513598     
 vw: -0.220182251730596       0.216275895957115     
 sst:   300.000000000000        300.000000000000     
 ===========================
 total water budget:
 before (mm):         45.42016709973
 after (mm):          45.42042156690
 evaporation (mm):     0.00044992436
 precipitation (mm):   0.00019545780
 large-scale (mm):     0.00000000000
 Imbalance (mm)       0.00000000060
 evap (mm/day):   1.29578216966912     
 prec (mm/day):  0.562918468045448     
 ls (mm/day):  0.000000000000000E+000
 imbalance (mm/day)  1.734435779686405E-006
  imbalance (rel error):  1.325911750205073E-011
 ===========================
NSTEP =        225   NCYCLE= 13  CFL_adv= 0.473  CFL_sgs= 0.032
NSTEP =        226   NCYCLE= 13  CFL_adv= 0.452  CFL_sgs= 0.025
NSTEP =        227   NCYCLE= 12  CFL_adv= 0.461  CFL_sgs= 0.021
 Collecting statistics...
 name QCSTRG is missing in "lst" file.
NSTEP =        228   NCYCLE= 11  CFL_adv= 0.470  CFL_sgs= 0.023
 DAY =   7.916666666666666E-002
 NSTEP=         228
 div:  1.223715220026481E-017 -7.467458939835116E-018
 SST=   300.000000000000     
 surface pressure=   1014.80000000000     
 u:  -28.6310538379548        24.6761029909237     
 v:  -25.3479564345182        30.2028918562999     
 w:  -24.2366419721700        33.7526004335126     
 p:  -76.9072336021762        80.1824457555124     
 t:   283.691836565007        473.270625812514     
 tabs:   189.191171379821        300.170792532561     
 qv:  1.389111959027978E-165  1.936776891592636E-002
 tke:  0.000000000000000E+000   73.8027927146952     
 tk:  0.000000000000000E+000   214.771379486850     
 tkh:  0.000000000000000E+000   214.771379486850     
 qcl:  0.000000000000000E+000  5.225568861567943E-003
 qci:  0.000000000000000E+000  1.182139997825173E-002
 qpl:  0.000000000000000E+000  7.186284810727786E-003
 qpi:  0.000000000000000E+000  0.000000000000000E+000
 qrad(K/day):  -118.381627010513        59.5087898813189     
 shf:  -1.18316210338087        150.492497623751     
 lhf:   19.9352086493163        262.580809265044     
 uw: -0.131764828188498       0.118959490990430     
 vw: -0.175346202124227       0.172224943653304     
 sst:   300.000000000000        300.000000000000     
 ===========================
 total water budget:
 before (mm):         45.42122025175
 after (mm):          45.42149809402
 evaporation (mm):     0.00044885287
 precipitation (mm):   0.00017101390
 large-scale (mm):     0.00000000000
 Imbalance (mm)       0.00000000330
 evap (mm/day):   1.29269625812107     
 prec (mm/day):  0.492520025835404     
 ls (mm/day):  0.000000000000000E+000
 imbalance (mm/day)  9.496151890378210E-006
  imbalance (rel error):  7.259295287656998E-011
 ===========================
 Let's do some shortwave
 Range of zenith angles  0.732661695834013       0.732661695834013     
 Range of surface albedo (asdir)  3.383449086658900E-002  3.383449086658900E-002
 Range of surface albedo (aldir)  3.383449086658900E-002  3.383449086658900E-002
 Range of surface albedo (asdif)  6.000000000000000E-002  6.000000000000000E-002
 Range of surface albedo (aldif)  6.000000000000000E-002  6.000000000000000E-002
 radiation: perpetual sun, solin=   310.282739731838     
 longwave radiation is called
NSTEP =        229   NCYCLE= 11  CFL_adv= 0.453  CFL_sgs= 0.028
NSTEP =        230   NCYCLE= 10  CFL_adv= 0.463  CFL_sgs= 0.028
NSTEP =        231   NCYCLE= 10  CFL_adv= 0.456  CFL_sgs= 0.027
 Collecting statistics...
 name QCSTRG is missing in "lst" file.
NSTEP =        232   NCYCLE=  9  CFL_adv= 0.475  CFL_sgs= 0.031
 DAY =   8.055555555555556E-002
 NSTEP=         232
 div:  1.311975330276047E-017 -9.301426570612091E-018
 SST=   300.000000000000     
 surface pressure=   1014.80000000000     
 u:  -24.8213929814387        21.8074026062000     
 v:  -31.4674980803790        29.4872263680440     
 w:  -21.6957225273732        27.3124075404767     
 p:  -49.4878488377798        72.9513088594136     
 t:   284.465042101947        473.268126166579     
 tabs:   195.762599069935        300.261268614918     
 qv:  4.855637783257145E-163  1.932347240403339E-002
 tke:  0.000000000000000E+000   45.8718000726012     
 tk:  0.000000000000000E+000   159.805241711043     
 tkh:  0.000000000000000E+000   159.805241711043     
 qcl:  0.000000000000000E+000  5.000321660513707E-003
 qci:  0.000000000000000E+000  1.209854353359841E-002
 qpl:  0.000000000000000E+000  9.001658819194317E-003
 qpi:  0.000000000000000E+000  0.000000000000000E+000
 qrad(K/day):  -133.579250275710        62.0908498108570     
 shf:  -1.12304867430164        131.953468686102     
 lhf:   20.1555268747066        232.310273071107     
 uw: -0.149151738794800       0.133572877190596     
 vw: -0.119271611006041       0.122122924651634     
 sst:   300.000000000000        300.000000000000     
 ===========================
 total water budget:
 before (mm):         45.42237457724
 after (mm):          45.42267968819
 evaporation (mm):     0.00044753420
 precipitation (mm):   0.00014242539
 large-scale (mm):     0.00000000000
 Imbalance (mm)       0.00000000214
 evap (mm/day):   1.28889848198206     
 prec (mm/day):  0.410185114116286     
 ls (mm/day):  0.000000000000000E+000
 imbalance (mm/day)  6.172580809139100E-006
  imbalance (rel error):  4.718479417280517E-011
 ===========================
NSTEP =        233   NCYCLE=  9  CFL_adv= 0.458  CFL_sgs= 0.026
NSTEP =        234   NCYCLE=  9  CFL_adv= 0.437  CFL_sgs= 0.030
 Let's do some shortwave
 Range of zenith angles  0.732661695834013       0.732661695834013     
 Range of surface albedo (asdir)  3.383449086658900E-002  3.383449086658900E-002
 Range of surface albedo (aldir)  3.383449086658900E-002  3.383449086658900E-002
 Range of surface albedo (asdif)  6.000000000000000E-002  6.000000000000000E-002
 Range of surface albedo (aldif)  6.000000000000000E-002  6.000000000000000E-002
 radiation: perpetual sun, solin=   310.282739730792     
 longwave radiation is called
NSTEP =        235   NCYCLE=  9  CFL_adv= 0.445  CFL_sgs= 0.024
 Collecting statistics...
 name QCSTRG is missing in "lst" file.
NSTEP =        236   NCYCLE= 10  CFL_adv= 0.457  CFL_sgs= 0.022
 DAY =   8.194444444444444E-002
 NSTEP=         236
 div:  1.072143449506176E-017 -9.375273010139043E-018
 SST=   300.000000000000     
 surface pressure=   1014.80000000000     
 u:  -21.6545568109429        22.2366306551762     
 v:  -24.8723841961438        20.7235336316194     
 w:  -18.2194433519070        37.1215720192883     
 p:  -55.3214829407729        123.416735085361     
 t:   286.648358311067        473.273945465086     
 tabs:   195.966947988906        300.160589012437     
 qv:  1.961412318678171E-158  1.917247722655516E-002
 tke:  0.000000000000000E+000   43.2028069866110     
 tk:  0.000000000000000E+000   164.322105532493     
 tkh:  0.000000000000000E+000   164.322105532493     
 qcl:  0.000000000000000E+000  3.768855131757410E-003
 qci:  0.000000000000000E+000  1.106499853400073E-002
 qpl:  0.000000000000000E+000  1.052789003785003E-002
 qpi:  0.000000000000000E+000  0.000000000000000E+000
 qrad(K/day):  -85.6871642364506        63.5494938518745     
 shf:  -1.07538870602050        95.2610834952023     
 lhf:   20.9470836656505        224.349524556093     
 uw: -0.185612550304432       0.154329751671551     
 vw: -0.130161138080393       0.125075943589578     
 sst:   300.000000000000        300.000000000000     
 ===========================
 total water budget:
 before (mm):         45.42361603921
 after (mm):          45.42393099775
 evaporation (mm):     0.00044606727
 precipitation (mm):   0.00013111797
 large-scale (mm):     0.00000000000
 Imbalance (mm)       0.00000000924
 evap (mm/day):   1.28467373078006     
 prec (mm/day):  0.377619747807104     
 ls (mm/day):  0.000000000000000E+000
 imbalance (mm/day)  2.661430080186898E-005
  imbalance (rel error):  2.034407202059066E-010
 ===========================
NSTEP =        237   NCYCLE= 11  CFL_adv= 0.460  CFL_sgs= 0.022
NSTEP =        238   NCYCLE= 12  CFL_adv= 0.446  CFL_sgs= 0.024
NSTEP =        239   NCYCLE= 11  CFL_adv= 0.476  CFL_sgs= 0.022
 Collecting statistics...
 name QCSTRG is missing in "lst" file.
 Writting statistics:nstatsteps=          15
 --------------- ISCCP Simulator Diagnostics: -----------------
 ISCCP PDF:
            0.0       0.3       1.3       3.6       9.4      23.0      60.0
    0.     0.000     0.000     0.000     0.000     0.000     0.000     0.000
  180.     0.000     0.000     0.000     0.000     0.000     0.000     0.000
  310.     0.000     0.000     0.000     0.000     0.000     0.000     0.000
  440.     0.000     0.000     0.000     0.000     0.000     0.000     0.000
  560.     0.000     0.000     0.000     0.000     0.000     0.000     0.000
  680.     0.000     0.000     0.000     0.000     0.000     0.000     0.000
  800.     0.000     0.000     0.000     0.000     0.000     0.000     0.000
 low cld area (tau > 0.3)=  0.000000000000000E+000
 mid cld area (tau > 0.3)=  0.000000000000000E+000
 hgh cld area (tau > 0.3)=  0.000000000000000E+000
 total cld area (tau > 0.3)=  0.000000000000000E+000
 mean albedo cld (tau > 0.3)   -1.00000000000000     
 mean tau cld (tau > 0.3)   -1.00000000000000     
 mean top pressure (tau > 0.3)  -1.00000000000000     
 mean brightness temp (tau > 0.3)  -1.00000000000000     
 mean clearsky brightness temp (tau > 0.3)  -1.00000000000000     
 --------------- MODIS Simulator Diagnostics: -----------------
 MODIS PDF:
                      0.3       1.3       3.6       9.4      23.0      60.0
    0.               0.000     0.000     0.000     0.000     0.000     0.000
  180.               0.000     0.000     0.000     0.000     0.000     0.000
  310.               0.000     0.000     0.000     0.000     0.000     0.000
  440.               0.000     0.000     0.000     0.000     0.000     0.000
  560.               0.000     0.000     0.000     0.000     0.000     0.000
  680.               0.000     0.000     0.000     0.000     0.000     0.000
  800.               0.000     0.000     0.000     0.000     0.000     0.000
 low cld area =  0.000000000000000E+000
 mid cld area =  0.000000000000000E+000
 hgh cld area =  0.000000000000000E+000
 total cld area =  0.000000000000000E+000
 mean tau cld   -1.00000000000000     
 mean top pressure   -1.00000000000000     
 total cld area (liquid) =  0.000000000000000E+000
 total cld area (ice) =  0.000000000000000E+000
 mean tau (liquid) =  -1.00000000000000     
 mean tau (ice) =  0.000000000000000E+000
 mean lwp (g/m2) =  -1.00000000000000     
 mean iwp (g/m2) =  0.000000000000000E+000
 mean reff (liquid)  =  -1.00000000000000     
 mean reff (ice)  =  0.000000000000000E+000
 --------------- MISR Simulator Diagnostics: -----------------
 MISR PDF:
            0.0       0.3       1.3       3.6       9.4      23.0      60.0
 99.00     0.000     0.000     0.000     0.000     0.000     0.000     0.000
 17.00     0.000     0.000     0.000     0.000     0.000     0.000     0.000
 15.00     0.000     0.000     0.000     0.000     0.000     0.000     0.000
 13.00     0.000     0.000     0.000     0.000     0.000     0.000     0.000
 11.00     0.000     0.000     0.000     0.000     0.000     0.000     0.000
  9.00     0.000     0.000     0.000     0.000     0.000     0.000     0.000
  7.00     0.000     0.000     0.000     0.000     0.000     0.000     0.000
  5.00     0.000     0.000     0.000     0.000     0.000     0.000     0.000
  4.00     0.000     0.000     0.000     0.000     0.000     0.000     0.000
  3.00     0.000     0.000     0.000     0.000     0.000     0.000     0.000
  2.50     0.000     0.000     0.000     0.000     0.000     0.000     0.000
  2.00     0.000     0.000     0.000     0.000     0.000     0.000     0.000
  1.50     0.000     0.000     0.000     0.000     0.000     0.000     0.000
  1.00     0.000     0.000     0.000     0.000     0.000     0.000     0.000
  0.50     0.000     0.000     0.000     0.000     0.000     0.000     0.000
  0.00     0.000     0.000     0.000     0.000     0.000     0.000     0.000
 total cld area =  0.000000000000000E+000
 mean top height (m)  0.000000000000000E+000
 Writting history file 
 rcemip300sst_160_MaxIce20_dry                                                  
  
 Writting 2D data. file:./OUT_2D/bubble_rcemip300sst_160_MaxIce20_dry_64.2Dbin  
                                                                 
 Writting 3D data. file:./OUT_3D/bubble_rcemip300sst_160_MaxIce20_dry_64_0000000
 240.bin3D                                                       
NSTEP =        240   NCYCLE= 11  CFL_adv= 0.476  CFL_sgs= 0.030
 DAY =   8.333333333333333E-002
 NSTEP=         240
 div:  1.063822075539999E-017 -6.635733868940354E-018
 SST=   300.000000000000     
 surface pressure=   1014.80000000000     
 u:  -22.5931556301745        19.8480238416775     
 v:  -17.6412498769788        18.3521117086862     
 w:  -9.84172774111282        35.9612130674809     
 p:  -50.5039577716481        138.083815825847     
 t:   288.109945283971        473.286029856221     
 tabs:   195.472814998778        300.220544055528     
 qv:  1.016284869861492E-152  1.913893203103651E-002
 tke:  0.000000000000000E+000   70.3226647757526     
 tk:  0.000000000000000E+000   209.646525096042     
 tkh:  0.000000000000000E+000   209.646525096042     
 qcl:  0.000000000000000E+000  3.848815373870976E-003
 qci:  0.000000000000000E+000  1.071013504663635E-002
 qpl:  0.000000000000000E+000  9.114099488117186E-003
 qpi:  0.000000000000000E+000  0.000000000000000E+000
 qrad(K/day):  -85.6871642364506        63.5494938518745     
 shf:  -1.43201200715073        95.0020557034437     
 lhf:   20.9182303370656        202.483206125273     
 uw: -0.240781391263644       0.223707971499609     
 vw: -8.284232335105328E-002  0.108281026867356     
 sst:   300.000000000000        300.000000000000     
 ===========================
 total water budget:
 before (mm):         45.42488207594
 after (mm):          45.42520023140
 evaporation (mm):     0.00044469257
 precipitation (mm):   0.00012653771
 large-scale (mm):     0.00000000000
 Imbalance (mm)       0.00000000060
 evap (mm/day):   1.28071460869933     
 prec (mm/day):  0.364428597235709     
 ls (mm/day):  0.000000000000000E+000
 imbalance (mm/day)  1.716611912928878E-006
  imbalance (rel error):  1.312148050604921E-011
 ===========================
CPU TIME =     410.4975 OVER     0.50 MODEL HOURS
 Let's do some shortwave
 Range of zenith angles  0.732661695834013       0.732661695834013     
 Range of surface albedo (asdir)  3.383449086658900E-002  3.383449086658900E-002
 Range of surface albedo (aldir)  3.383449086658900E-002  3.383449086658900E-002
 Range of surface albedo (asdif)  6.000000000000000E-002  6.000000000000000E-002
 Range of surface albedo (aldif)  6.000000000000000E-002  6.000000000000000E-002
 radiation: perpetual sun, solin=   310.282739729292     
 longwave radiation is called
NSTEP =        241   NCYCLE= 11  CFL_adv= 0.464  CFL_sgs= 0.033
NSTEP =        242   NCYCLE= 11  CFL_adv= 0.468  CFL_sgs= 0.032
NSTEP =        243   NCYCLE= 11  CFL_adv= 0.457  CFL_sgs= 0.029
 Collecting statistics...
 name QCSTRG is missing in "lst" file.
NSTEP =        244   NCYCLE= 12  CFL_adv= 0.442  CFL_sgs= 0.025
 DAY =   8.472222222222223E-002
 NSTEP=         244
 div:  7.886441703986912E-018 -8.568889124309601E-018
 SST=   300.000000000000     
 surface pressure=   1014.80000000000     
 u:  -20.2244824358543        23.9852355291712     
 v:  -21.4884615488572        22.5526877762618     
 w:  -9.36487928529453        39.7273633750484     
 p:  -65.2306007252281        182.696524104007     
 t:   287.931973903384        473.297774779530     
 tabs:   197.474032064308        301.115369427271     
 qv:  5.167903614913056E-151  1.910241948424696E-002
 tke:  0.000000000000000E+000   49.3040954428626     
 tk:  0.000000000000000E+000   175.542187669486     
 tkh:  0.000000000000000E+000   175.542187669486     
 qcl:  0.000000000000000E+000  3.826093084274814E-003
 qci:  0.000000000000000E+000  1.074219144731709E-002
 qpl:  0.000000000000000E+000  1.093683760051720E-002
 qpi:  0.000000000000000E+000  0.000000000000000E+000
 qrad(K/day):  -82.6780998008271        59.0603408138472     
 shf:  -2.73815310288743        134.036644083956     
 lhf:   21.3570512917953        205.043497226163     
 uw: -0.194770982019181       0.193034302495631     
 vw: -8.234228676627597E-002  0.100964547727508     
 sst:   300.000000000000        300.000000000000     
 ===========================
 total water budget:
 before (mm):         45.42614182826
 after (mm):          45.42644575766
 evaporation (mm):     0.00044348725
 precipitation (mm):   0.00013955844
 large-scale (mm):     0.00000000000
 Imbalance (mm)       0.00000000059
 evap (mm/day):   1.27724329070531     
 prec (mm/day):  0.401928315145161     
 ls (mm/day):  0.000000000000000E+000
 imbalance (mm/day)  1.698131332659655E-006
  imbalance (rel error):  1.297987699855101E-011
 ===========================
NSTEP =        245   NCYCLE= 12  CFL_adv= 0.463  CFL_sgs= 0.021
NSTEP =        246   NCYCLE= 13  CFL_adv= 0.453  CFL_sgs= 0.020
 Let's do some shortwave
 Range of zenith angles  0.732661695834013       0.732661695834013     
 Range of surface albedo (asdir)  3.383449086658900E-002  3.383449086658900E-002
 Range of surface albedo (aldir)  3.383449086658900E-002  3.383449086658900E-002
 Range of surface albedo (asdif)  6.000000000000000E-002  6.000000000000000E-002
 Range of surface albedo (aldif)  6.000000000000000E-002  6.000000000000000E-002
 radiation: perpetual sun, solin=   310.282739727179     
 longwave radiation is called
NSTEP =        247   NCYCLE= 14  CFL_adv= 0.450  CFL_sgs= 0.020
 Collecting statistics...
 name QCSTRG is missing in "lst" file.
NSTEP =        248   NCYCLE= 15  CFL_adv= 0.454  CFL_sgs= 0.017
 DAY =   8.611111111111111E-002
 NSTEP=         248
 div:  7.207667006016631E-018 -5.657448893456876E-018
 SST=   300.000000000000     
 surface pressure=   1014.80000000000     
 u:  -26.4056084432253        26.6113124782083     
 v:  -26.8529584276140        23.3358743475324     
 w:  -14.7533776528650        44.6573056263470     
 p:  -79.8254500985649        86.3117951422354     
 t:   285.298328456746        473.295160965441     
 tabs:   196.886918456309        300.506865107047     
 qv:  2.879036043542039E-150  1.906823452680306E-002
 tke:  0.000000000000000E+000   41.1717181422120     
 tk:  0.000000000000000E+000   160.412979022530     
 tkh:  0.000000000000000E+000   160.412979022530     
 qcl:  0.000000000000000E+000  4.174466667702827E-003
 qci:  0.000000000000000E+000  1.209629765839752E-002
 qpl:  0.000000000000000E+000  1.135347738184679E-002
 qpi:  0.000000000000000E+000  0.000000000000000E+000
 qrad(K/day):  -90.8095534291089        59.8762678971315     
 shf:  -3.48702005827896        150.746694912897     
 lhf:   22.3438612601836        210.535002020553     
 uw: -0.233425239410280       0.147384647531840     
 vw: -8.707086666776494E-002  0.107329361986060     
 sst:   300.000000000000        300.000000000000     
 ===========================
 total water budget:
 before (mm):         45.42729060845
 after (mm):          45.42754619427
 evaporation (mm):     0.00044247750
 precipitation (mm):   0.00018689256
 large-scale (mm):     0.00000000000
 Imbalance (mm)       0.00000000089
 evap (mm/day):   1.27433519975934     
 prec (mm/day):  0.538250571722636     
 ls (mm/day):  0.000000000000000E+000
 imbalance (mm/day)  2.551611459622460E-006
  imbalance (rel error):  1.950305071355455E-011
 ===========================
NSTEP =        249   NCYCLE= 15  CFL_adv= 0.456  CFL_sgs= 0.015
NSTEP =        250   NCYCLE= 14  CFL_adv= 0.480  CFL_sgs= 0.014
NSTEP =        251   NCYCLE= 15  CFL_adv= 0.448  CFL_sgs= 0.013
 Collecting statistics...
 name QCSTRG is missing in "lst" file.
NSTEP =        252   NCYCLE= 15  CFL_adv= 0.448  CFL_sgs= 0.013
 DAY =   8.749999999999999E-002
 NSTEP=         252
 div:  1.075831232162007E-017 -1.099731544187708E-017
 SST=   300.000000000000     
 surface pressure=   1014.80000000000     
 u:  -19.1564629675712        19.5333702954837     
 v:  -25.1060544483462        18.8505261272541     
 w:  -11.6920873339344        43.4457781263386     
 p:  -69.1420955991153        103.725873856865     
 t:   283.720311620017        473.301754978009     
 tabs:   190.406968229397        300.139839359976     
 qv:  6.456609650959671E-144  1.899546561557159E-002
 tke:  0.000000000000000E+000   64.7733382006134     
 tk:  0.000000000000000E+000   201.204712607293     
 tkh:  0.000000000000000E+000   201.204712607293     
 qcl:  0.000000000000000E+000  3.377815948450926E-003
 qci:  0.000000000000000E+000  1.325609605644902E-002
 qpl:  0.000000000000000E+000  1.056811962815315E-002
 qpi:  0.000000000000000E+000  0.000000000000000E+000
 qrad(K/day):  -90.8095534291089        59.8762678971315     
 shf:  -2.28750645600230        151.319449833533     
 lhf:   22.6438229924652        266.957714457479     
 uw: -0.237915633436298       0.192716473988116     
 vw: -8.785384633920863E-002  0.101701299088654     
 sst:   300.000000000000        300.000000000000     
 ===========================
 total water budget:
 before (mm):         45.42827555004
 after (mm):          45.42851770011
 evaporation (mm):     0.00044153069
 precipitation (mm):   0.00019938122
 large-scale (mm):     0.00000000000
 Imbalance (mm)       0.00000000060
 evap (mm/day):   1.27160839527409     
 prec (mm/day):  0.574217927106950     
 ls (mm/day):  0.000000000000000E+000
 imbalance (mm/day)  1.723510720860050E-006
  imbalance (rel error):  1.317323211577752E-011
 ===========================
 Let's do some shortwave
 Range of zenith angles  0.732661695834013       0.732661695834013     
 Range of surface albedo (asdir)  3.383449086658900E-002  3.383449086658900E-002
 Range of surface albedo (aldir)  3.383449086658900E-002  3.383449086658900E-002
 Range of surface albedo (asdif)  6.000000000000000E-002  6.000000000000000E-002
 Range of surface albedo (aldif)  6.000000000000000E-002  6.000000000000000E-002
 radiation: perpetual sun, solin=   310.282739724399     
 longwave radiation is called
NSTEP =        253   NCYCLE= 14  CFL_adv= 0.464  CFL_sgs= 0.021
NSTEP =        254   NCYCLE= 13  CFL_adv= 0.454  CFL_sgs= 0.018
NSTEP =        255   NCYCLE= 11  CFL_adv= 0.470  CFL_sgs= 0.026
 Collecting statistics...
 name QCSTRG is missing in "lst" file.
NSTEP =        256   NCYCLE= 10  CFL_adv= 0.463  CFL_sgs= 0.033
 DAY =   8.888888888888889E-002
 NSTEP=         256
 div:  1.995429440543877E-017 -1.707050795503139E-017
 SST=   300.000000000000     
 surface pressure=   1014.80000000000     
 u:  -21.6048991434080        20.5521505928055     
 v:  -23.0237245212107        22.4748164815547     
 w:  -22.0086568691800        31.3061971488699     
 p:  -64.1425670595388        128.471939375335     
 t:   283.474942954703        473.303150255447     
 tabs:   191.243676369120        300.135278845733     
 qv:  6.921969729664812E-139  1.894816413151866E-002
 tke:  0.000000000000000E+000   38.9796636864019     
 tk:  0.000000000000000E+000   156.084239447810     
 tkh:  0.000000000000000E+000   156.084239447810     
 qcl:  0.000000000000000E+000  2.680356215356899E-003
 qci:  0.000000000000000E+000  1.212149120817351E-002
 qpl:  0.000000000000000E+000  9.097671482566100E-003
 qpi:  0.000000000000000E+000  0.000000000000000E+000
 qrad(K/day):  -92.3588832148975        57.0304538547787     
 shf:  -1.42608716864590        167.845307392503     
 lhf:   22.9611861108762        238.459927950915     
 uw: -0.209619099775778       0.280628509314021     
 vw: -0.177530884611559       0.154008706911786     
 sst:   300.000000000000        300.000000000000     
 ===========================
 total water budget:
 before (mm):         45.42926093488
 after (mm):          45.42951083048
 evaporation (mm):     0.00044059006
 precipitation (mm):   0.00019069445
 large-scale (mm):     0.00000000000
 Imbalance (mm)       0.00000000000
 evap (mm/day):   1.26889937001206     
 prec (mm/day):  0.549200030302642     
 ls (mm/day):  0.000000000000000E+000
 imbalance (mm/day) -5.194594754343029E-012
  imbalance (rel error):  0.000000000000000E+000
 ===========================
NSTEP =        257   NCYCLE= 10  CFL_adv= 0.450  CFL_sgs= 0.036
NSTEP =        258   NCYCLE= 10  CFL_adv= 0.457  CFL_sgs= 0.038
 Let's do some shortwave
 Range of zenith angles  0.732661695834013       0.732661695834013     
 Range of surface albedo (asdir)  3.383449086658900E-002  3.383449086658900E-002
 Range of surface albedo (aldir)  3.383449086658900E-002  3.383449086658900E-002
 Range of surface albedo (asdif)  6.000000000000000E-002  6.000000000000000E-002
 Range of surface albedo (aldif)  6.000000000000000E-002  6.000000000000000E-002
 radiation: perpetual sun, solin=   310.282739721029     
 longwave radiation is called
NSTEP =        259   NCYCLE= 10  CFL_adv= 0.476  CFL_sgs= 0.038
 Collecting statistics...
 name QCSTRG is missing in "lst" file.
NSTEP =        260   NCYCLE= 11  CFL_adv= 0.441  CFL_sgs= 0.033
 DAY =   9.027777777777778E-002
 NSTEP=         260
 div:  1.166907369392090E-017 -1.270580120623990E-017
 SST=   300.000000000000     
 surface pressure=   1014.80000000000     
 u:  -21.0931936157169        18.2779889993499     
 v:  -22.2879184800498        18.6982834057722     
 w:  -24.6836391638769        35.4060505207899     
 p:  -67.1460939240121        123.528680561833     
 t:   283.009988467113        473.299808259630     
 tabs:   199.674443024459        300.137112575089     
 qv:  5.382819178549885E-132  1.893888050697363E-002
 tke:  0.000000000000000E+000   68.8940722581354     
 tk:  0.000000000000000E+000   207.506132828248     
 tkh:  0.000000000000000E+000   207.506132828248     
 qcl:  0.000000000000000E+000  2.948185154622828E-003
 qci:  0.000000000000000E+000  1.086306364733855E-002
 qpl:  0.000000000000000E+000  7.528586791918048E-003
 qpi:  0.000000000000000E+000  0.000000000000000E+000
 qrad(K/day):  -92.4101372382189        58.9899718334566     
 shf:  -1.07226229580747        177.916472601842     
 lhf:   24.2294901594111        296.648561714988     
 uw: -0.138609172606160       0.179218150282753     
 vw: -0.202863065391733       0.177359180505245     
 sst:   300.000000000000        300.000000000000     
 ===========================
 total water budget:
 before (mm):         45.43025228779
 after (mm):          45.43049801730
 evaporation (mm):     0.00043957761
 precipitation (mm):   0.00019384974
 large-scale (mm):     0.00000000000
 Imbalance (mm)       0.00000000164
 evap (mm/day):   1.26598351245633     
 prec (mm/day):  0.558287249421856     
 ls (mm/day):  0.000000000000000E+000
 imbalance (mm/day)  4.728851738782652E-006
  imbalance (rel error):  3.614234617752274E-011
 ===========================
NSTEP =        261   NCYCLE= 11  CFL_adv= 0.467  CFL_sgs= 0.032
NSTEP =        262   NCYCLE= 12  CFL_adv= 0.442  CFL_sgs= 0.028
NSTEP =        263   NCYCLE= 12  CFL_adv= 0.465  CFL_sgs= 0.026
 Collecting statistics...
 name QCSTRG is missing in "lst" file.
NSTEP =        264   NCYCLE= 12  CFL_adv= 0.468  CFL_sgs= 0.025
 DAY =   9.166666666666666E-002
 NSTEP=         264
 div:  1.967370082828374E-017 -1.330486941165294E-017
 SST=   300.000000000000     
 surface pressure=   1014.80000000000     
 u:  -22.5620640003528        21.0038569405460     
 v:  -24.5099161351482        20.8716564908464     
 w:  -18.9165671030570        33.8156579749042     
 p:  -61.1495307320912        91.8565074103821     
 t:   283.813710976207        473.318067126832     
 tabs:   195.397751851329        300.730721408361     
 qv:  1.367234492094769E-126  1.889653865088599E-002
 tke:  0.000000000000000E+000   46.3454037996848     
 tk:  0.000000000000000E+000   170.193646693415     
 tkh:  0.000000000000000E+000   170.193646693415     
 qcl:  0.000000000000000E+000  3.840403530058612E-003
 qci:  0.000000000000000E+000  1.279262467565004E-002
 qpl:  0.000000000000000E+000  5.830177255719765E-003
 qpi:  0.000000000000000E+000  0.000000000000000E+000
 qrad(K/day):  -92.4101372382189        58.9899718334566     
 shf:  -1.29827856769323        152.645103797900     
 lhf:   23.9633380669774        312.267138967586     
 uw: -0.119958700166860       0.145839110644361     
 vw: -0.214926599206831       0.249985961358029     
 sst:   300.000000000000        300.000000000000     
 ===========================
 total water budget:
 before (mm):         45.43124546509
 after (mm):          45.43150049112
 evaporation (mm):     0.00043845260
 precipitation (mm):   0.00018342866
 large-scale (mm):     0.00000000000
 Imbalance (mm)       0.00000000209
 evap (mm/day):   1.26274349052846     
 prec (mm/day):  0.528274547508312     
 ls (mm/day):  0.000000000000000E+000
 imbalance (mm/day)  6.020362890400699E-006
  imbalance (rel error):  4.601233946889574E-011
 ===========================
 Let's do some shortwave
 Range of zenith angles  0.732661695834013       0.732661695834013     
 Range of surface albedo (asdir)  3.383449086658900E-002  3.383449086658900E-002
 Range of surface albedo (aldir)  3.383449086658900E-002  3.383449086658900E-002
 Range of surface albedo (asdif)  6.000000000000000E-002  6.000000000000000E-002
 Range of surface albedo (aldif)  6.000000000000000E-002  6.000000000000000E-002
 radiation: perpetual sun, solin=   310.282739717374     
 longwave radiation is called
NSTEP =        265   NCYCLE= 12  CFL_adv= 0.440  CFL_sgs= 0.025
NSTEP =        266   NCYCLE= 10  CFL_adv= 0.466  CFL_sgs= 0.032
NSTEP =        267   NCYCLE=  9  CFL_adv= 0.471  CFL_sgs= 0.037
 Collecting statistics...
 name QCSTRG is missing in "lst" file.
NSTEP =        268   NCYCLE=  9  CFL_adv= 0.451  CFL_sgs= 0.038
 DAY =   9.305555555555556E-002
 NSTEP=         268
 div:  1.511981994039928E-017 -1.311401550556064E-017
 SST=   300.000000000000     
 surface pressure=   1014.80000000000     
 u:  -16.3974195090377        15.6494244341522     
 v:  -20.9813581701818        18.4078633991307     
 w:  -16.4444961517674        21.5602181893815     
 p:  -47.7439572452814        65.1111322112979     
 t:   288.464287362781        473.322847377478     
 tabs:   195.378627219885        300.988202033358     
 qv:  1.197018633837268E-123  1.885407574717584E-002
 tke:  0.000000000000000E+000   19.9844803015498     
 tk:  0.000000000000000E+000   111.760011580478     
 tkh:  0.000000000000000E+000   111.760011580478     
 qcl:  0.000000000000000E+000  4.025853562183370E-003
 qci:  0.000000000000000E+000  1.058758634951347E-002
 qpl:  0.000000000000000E+000  7.656129051660487E-003
 qpi:  0.000000000000000E+000  0.000000000000000E+000
 qrad(K/day):  -92.7051706418913        59.9384782572362     
 shf:  -1.13865918727057        105.200040392110     
 lhf:   23.6629250533766        302.425627512410     
 uw: -8.154838555353844E-002  0.121671943430001     
 vw: -0.251176746121220       0.416095219544319     
 sst:   300.000000000000        300.000000000000     
 ===========================
 total water budget:
 before (mm):         45.43229635680
 after (mm):          45.43258005256
 evaporation (mm):     0.00043744476
 precipitation (mm):   0.00015374900
 large-scale (mm):     0.00000000000
 Imbalance (mm)      -0.00000000000
 evap (mm/day):   1.25984090130316     
 prec (mm/day):  0.442797128800493     
 ls (mm/day):  0.000000000000000E+000
 imbalance (mm/day) -2.151521148741065E-011
  imbalance (rel error): -1.563949779955509E-016
 ===========================
NSTEP =        269   NCYCLE=  8  CFL_adv= 0.448  CFL_sgs= 0.039
NSTEP =        270   NCYCLE=  7  CFL_adv= 0.448  CFL_sgs= 0.040
 Let's do some shortwave
 Range of zenith angles  0.732661695834013       0.732661695834013     
 Range of surface albedo (asdir)  3.383449086658900E-002  3.383449086658900E-002
 Range of surface albedo (aldir)  3.383449086658900E-002  3.383449086658900E-002
 Range of surface albedo (asdif)  6.000000000000000E-002  6.000000000000000E-002
 Range of surface albedo (aldif)  6.000000000000000E-002  6.000000000000000E-002
 radiation: perpetual sun, solin=   310.282739713780     
 longwave radiation is called
NSTEP =        271   NCYCLE=  7  CFL_adv= 0.423  CFL_sgs= 0.037
 Collecting statistics...
 name QCSTRG is missing in "lst" file.
NSTEP =        272   NCYCLE=  7  CFL_adv= 0.422  CFL_sgs= 0.035
 DAY =   9.444444444444444E-002
 NSTEP=         272
 div:  2.189504167162890E-017 -2.450752187164740E-017
 SST=   300.000000000000     
 surface pressure=   1014.80000000000     
 u:  -13.3701327778645        15.6721147703395     
 v:  -18.4705397751508        17.6476993441300     
 w:  -17.7585623346563        22.2792833012667     
 p:  -49.3287145846396        61.6371038513864     
 t:   292.876407798517        473.326667989224     
 tabs:   197.615613304018        301.755379802643     
 qv:  7.534667603040050E-120  1.880082512599473E-002
 tke:  0.000000000000000E+000   16.1896131014894     
 tk:  0.000000000000000E+000   100.590795744098     
 tkh:  0.000000000000000E+000   100.590795744098     
 qcl:  0.000000000000000E+000  2.843735113789852E-003
 qci:  0.000000000000000E+000  1.174244416020962E-002
 qpl:  0.000000000000000E+000  4.092920707854152E-003
 qpi:  0.000000000000000E+000  0.000000000000000E+000
 qrad(K/day):  -95.4709931541361        58.6780847856934     
 shf:  -1.06614672181672        43.9534678500850     
 lhf:   24.8072748075253        327.286531815386     
 uw: -7.565144556703270E-002  8.019840339194285E-002
 vw: -0.166168385157922       0.244056676616585     
 sst:   300.000000000000        300.000000000000     
 ===========================
 total water budget:
 before (mm):         45.43349220712
 after (mm):          45.43381009560
 evaporation (mm):     0.00043652931
 precipitation (mm):   0.00011864083
 large-scale (mm):     0.00000000000
 Imbalance (mm)      -0.00000000000
 evap (mm/day):   1.25720440761420     
 prec (mm/day):  0.341685588995824     
 ls (mm/day):  0.000000000000000E+000
 imbalance (mm/day) -3.060138080435149E-011
  imbalance (rel error): -1.563907438678291E-016
 ===========================
NSTEP =        273   NCYCLE=  7  CFL_adv= 0.422  CFL_sgs= 0.034
NSTEP =        274   NCYCLE=  7  CFL_adv= 0.424  CFL_sgs= 0.032
NSTEP =        275   NCYCLE=  7  CFL_adv= 0.446  CFL_sgs= 0.031
 Collecting statistics...
 name QCSTRG is missing in "lst" file.
NSTEP =        276   NCYCLE=  7  CFL_adv= 0.470  CFL_sgs= 0.029
 DAY =   9.583333333333334E-002
 NSTEP=         276
 div:  2.501422322885331E-017 -2.900365971479794E-017
 SST=   300.000000000000     
 surface pressure=   1014.80000000000     
 u:  -10.9053252878125        12.9246738223914     
 v:  -13.8855198442523        14.1946015383259     
 w:  -17.0070437653761        24.6737775398071     
 p:  -48.6785574360523        36.2326495111691     
 t:   293.434525941679        473.324047894099     
 tabs:   197.900369542533        301.237222667265     
 qv:  3.258695714281430E-119  1.878056609728847E-002
 tke:  0.000000000000000E+000   14.8490680403955     
 tk:  0.000000000000000E+000   96.3362212526897     
 tkh:  0.000000000000000E+000   96.3362212526897     
 qcl:  0.000000000000000E+000  3.130105230798582E-003
 qci:  0.000000000000000E+000  1.113742482456890E-002
 qpl:  0.000000000000000E+000  3.820800256735727E-003
 qpi:  0.000000000000000E+000  0.000000000000000E+000
 qrad(K/day):  -95.4709931541361        58.6780847856934     
 shf:  -5.26376879567547        42.7536842655608     
 lhf:   25.4541455891160        260.350512297023     
 uw: -7.095963259857699E-002  8.108832837969801E-002
 vw: -0.132809686097516       0.137545286091085     
 sst:   300.000000000000        300.000000000000     
 ===========================
 total water budget:
 before (mm):         45.43478968167
 after (mm):          45.43512401689
 evaporation (mm):     0.00043560463
 precipitation (mm):   0.00010126941
 large-scale (mm):     0.00000000000
 Imbalance (mm)      -0.00000000000
 evap (mm/day):   1.25454133355149     
 prec (mm/day):  0.291655907409495     
 ls (mm/day):  0.000000000000000E+000
 imbalance (mm/day) -2.198065948005867E-011
  imbalance (rel error): -1.563862212626507E-016
 ===========================
 Let's do some shortwave
 Range of zenith angles  0.732661695834013       0.732661695834013     
 Range of surface albedo (asdir)  3.383449086658900E-002  3.383449086658900E-002
 Range of surface albedo (aldir)  3.383449086658900E-002  3.383449086658900E-002
 Range of surface albedo (asdif)  6.000000000000000E-002  6.000000000000000E-002
 Range of surface albedo (aldif)  6.000000000000000E-002  6.000000000000000E-002
 radiation: perpetual sun, solin=   310.282739710657     
 longwave radiation is called
NSTEP =        277   NCYCLE=  7  CFL_adv= 0.472  CFL_sgs= 0.029
NSTEP =        278   NCYCLE=  7  CFL_adv= 0.466  CFL_sgs= 0.030
NSTEP =        279   NCYCLE=  7  CFL_adv= 0.470  CFL_sgs= 0.029
 Collecting statistics...
 name QCSTRG is missing in "lst" file.
NSTEP =        280   NCYCLE=  7  CFL_adv= 0.465  CFL_sgs= 0.030
 DAY =   9.722222222222222E-002
 NSTEP=         280
 div:  2.664586876322880E-017 -2.723363865786802E-017
 SST=   300.000000000000     
 surface pressure=   1014.80000000000     
 u:  -15.8853719573016        12.7473774809777     
 v:  -13.6873027019157        16.8809678659697     
 w:  -10.8751813253667        21.9794257038701     
 p:  -55.7244655424991        39.2234100894424     
 t:   294.013240110758        473.321549156487     
 tabs:   199.348100097268        300.995356774911     
 qv:  2.943337328727357E-118  1.875972406378431E-002
 tke:  0.000000000000000E+000   41.5450005242088     
 tk:  0.000000000000000E+000   160.987702335562     
 tkh:  0.000000000000000E+000   160.987702335562     
 qcl:  0.000000000000000E+000  3.222792744020890E-003
 qci:  0.000000000000000E+000  8.964283417983894E-003
 qpl:  0.000000000000000E+000  3.029668499162161E-003
 qpi:  0.000000000000000E+000  0.000000000000000E+000
 qrad(K/day):  -95.7818601358943        59.7842604035757     
 shf:  -6.07160328628041        39.2155494006730     
 lhf:   26.2510906966991        212.069306570420     
 uw: -7.766612320928060E-002  8.848778190900766E-002
 vw: -9.106323231996204E-002  9.154342850488030E-002
 sst:   300.000000000000        300.000000000000     
 ===========================
 total water budget:
 before (mm):         45.43615421000
 after (mm):          45.43650729251
 evaporation (mm):     0.00043460682
 precipitation (mm):   0.00008152431
 large-scale (mm):     0.00000000000
 Imbalance (mm)       0.00000000000
 evap (mm/day):   1.25166764159925     
 prec (mm/day):  0.234790002374578     
 ls (mm/day):  0.000000000000000E+000
 imbalance (mm/day)  2.007042969320860E-011
  imbalance (rel error):  1.563814602178207E-016
 ===========================
NSTEP =        281   NCYCLE=  7  CFL_adv= 0.474  CFL_sgs= 0.033
NSTEP =        282   NCYCLE=  7  CFL_adv= 0.432  CFL_sgs= 0.027
 Let's do some shortwave
 Range of zenith angles  0.732661695834013       0.732661695834013     
 Range of surface albedo (asdir)  3.383449086658900E-002  3.383449086658900E-002
 Range of surface albedo (aldir)  3.383449086658900E-002  3.383449086658900E-002
 Range of surface albedo (asdif)  6.000000000000000E-002  6.000000000000000E-002
 Range of surface albedo (aldif)  6.000000000000000E-002  6.000000000000000E-002
 radiation: perpetual sun, solin=   310.282739708000     
 longwave radiation is called
NSTEP =        283   NCYCLE=  7  CFL_adv= 0.419  CFL_sgs= 0.026
 Collecting statistics...
 name QCSTRG is missing in "lst" file.
NSTEP =        284   NCYCLE=  6  CFL_adv= 0.459  CFL_sgs= 0.027
 DAY =   9.861111111111111E-002
 NSTEP=         284
 div:  2.072380526034040E-017 -3.194120557406896E-017
 SST=   300.000000000000     
 surface pressure=   1014.80000000000     
 u:  -12.3870075484542        11.6675455408176     
 v:  -15.0267074818249        12.4434062113783     
 w:  -8.12540964485420        19.1619776961426     
 p:  -35.5899931069359        37.9228171130670     
 t:   294.220982259386        473.343568894152     
 tabs:   199.140237774663        300.993917869557     
 qv:  5.441794232766145E-118  1.875631554711921E-002
 tke:  0.000000000000000E+000   11.8569726808539     
 tk:  0.000000000000000E+000   86.0848879045196     
 tkh:  0.000000000000000E+000   86.0848879045196     
 qcl:  0.000000000000000E+000  2.483407530369153E-003
 qci:  0.000000000000000E+000  9.075301785910506E-003
 qpl:  0.000000000000000E+000  2.288589370989290E-003
 qpi:  0.000000000000000E+000  0.000000000000000E+000
 qrad(K/day):  -90.8572732333815        63.8891182718949     
 shf:  -3.64596203261775        36.9005281018787     
 lhf:   27.3149714227338        185.914601606236     
 uw: -6.931537164296700E-002  8.428601526809709E-002
 vw: -8.501811614719329E-002  8.196836153794362E-002
 sst:   300.000000000000        300.000000000000     
 ===========================
 total water budget:
 before (mm):         45.43758045765
 after (mm):          45.43793569434
 evaporation (mm):     0.00043354841
 precipitation (mm):   0.00007831172
 large-scale (mm):     0.00000000000
 Imbalance (mm)       0.00000000000
 evap (mm/day):   1.24861941990595     
 prec (mm/day):  0.225537741799012     
 ls (mm/day):  0.000000000000000E+000
 imbalance (mm/day)  1.531513197511325E-011
  imbalance (rel error):  1.563765441590246E-016
 ===========================
NSTEP =        285   NCYCLE=  6  CFL_adv= 0.463  CFL_sgs= 0.026
NSTEP =        286   NCYCLE=  6  CFL_adv= 0.444  CFL_sgs= 0.026
NSTEP =        287   NCYCLE=  6  CFL_adv= 0.416  CFL_sgs= 0.027
 Collecting statistics...
 name QCSTRG is missing in "lst" file.
NSTEP =        288   NCYCLE=  5  CFL_adv= 0.467  CFL_sgs= 0.033
 DAY =   0.100000000000000     
 NSTEP=         288
 div:  3.947563824608219E-017 -4.621962887245085E-017
 SST=   300.000000000000     
 surface pressure=   1014.80000000000     
 u:  -13.2917299839886        12.0986046990822     
 v:  -10.3686968011571        12.8091236922521     
 w:  -8.88859721075947        15.7799938006539     
 p:  -39.3747735767053        39.7984180453995     
 t:   294.887668740162        473.338586132332     
 tabs:   199.766481612501        301.075707030406     
 qv:  9.344237500552114E-118  1.871111312811756E-002
 tke:  0.000000000000000E+000   11.2054294944161     
 tk:  0.000000000000000E+000   83.6862798432938     
 tkh:  0.000000000000000E+000   83.6862798432938     
 qcl:  0.000000000000000E+000  2.375505183106985E-003
 qci:  0.000000000000000E+000  8.714090656917079E-003
 qpl:  0.000000000000000E+000  1.760278235143036E-003
 qpi:  0.000000000000000E+000  0.000000000000000E+000
 qrad(K/day):  -90.8572732333815        63.8891182718949     
 shf:  -1.46250110210181        31.0124632260679     
 lhf:   27.4848965527338        179.884089141053     
 uw: -6.164499346414766E-002  7.067602201481417E-002
 vw: -6.860722876180375E-002  7.112674332981900E-002
 sst:   300.000000000000        300.000000000000     
 ===========================
 total water budget:
 before (mm):         45.43898968630
 after (mm):          45.43933968852
 evaporation (mm):     0.00043244497
 precipitation (mm):   0.00008244274
 large-scale (mm):     0.00000000000
 Imbalance (mm)       0.00000000000
 evap (mm/day):   1.24544150083693     
 prec (mm/day):  0.237435090028006     
 ls (mm/day):  0.000000000000000E+000
 imbalance (mm/day)  2.986275289551532E-011
  imbalance (rel error):  1.563717124039949E-016
 ===========================
 Let's do some shortwave
 Range of zenith angles  0.732661695834013       0.732661695834013     
 Range of surface albedo (asdir)  3.383449086658900E-002  3.383449086658900E-002
 Range of surface albedo (aldir)  3.383449086658900E-002  3.383449086658900E-002
 Range of surface albedo (asdif)  6.000000000000000E-002  6.000000000000000E-002
 Range of surface albedo (aldif)  6.000000000000000E-002  6.000000000000000E-002
 radiation: perpetual sun, solin=   310.282739705617     
 longwave radiation is called
NSTEP =        289   NCYCLE=  5  CFL_adv= 0.445  CFL_sgs= 0.032
NSTEP =        290   NCYCLE=  5  CFL_adv= 0.427  CFL_sgs= 0.031
NSTEP =        291   NCYCLE=  5  CFL_adv= 0.406  CFL_sgs= 0.029
 Collecting statistics...
 name QCSTRG is missing in "lst" file.
NSTEP =        292   NCYCLE=  4  CFL_adv= 0.479  CFL_sgs= 0.038
 DAY =   0.101388888888889     
 NSTEP=         292
 div:  4.502698313250786E-017 -6.061632541104891E-017
 SST=   300.000000000000     
 surface pressure=   1014.80000000000     
 u:  -10.5059248689806        11.5267728235815     
 v:  -11.4978500047120        8.66071280380809     
 w:  -10.0294304969185        12.2896271246883     
 p:  -34.6371283199582        36.7314502563243     
 t:   295.469418752498        473.331558644463     
 tabs:   199.391717352217        300.235366324744     
 qv:  2.334044527802469E-117  1.868854248754265E-002
 tke:  0.000000000000000E+000   14.7848092130797     
 tk:  0.000000000000000E+000   96.1275494235383     
 tkh:  0.000000000000000E+000   96.1275494235383     
 qcl:  0.000000000000000E+000  2.018612684274204E-003
 qci:  0.000000000000000E+000  8.124251310993360E-003
 qpl:  0.000000000000000E+000  1.551735137573175E-003
 qpi:  0.000000000000000E+000  0.000000000000000E+000
 qrad(K/day):  -89.4311584546216        80.7900951619613     
 shf:  -1.45175638893904        24.3521282901206     
 lhf:   24.5614065569543        170.927309661519     
 uw: -4.694515278645216E-002  4.781042950148708E-002
 vw: -5.188084119429089E-002  6.493203865744530E-002
 sst:   300.000000000000        300.000000000000     
 ===========================
 total water budget:
 before (mm):         45.44039242763
 after (mm):          45.44074379217
 evaporation (mm):     0.00043131674
 precipitation (mm):   0.00007995220
 large-scale (mm):     0.00000000000
 Imbalance (mm)      -0.00000000000
 evap (mm/day):   1.24219219958295     
 prec (mm/day):  0.230262321609624     
 ls (mm/day):  0.000000000000000E+000
 imbalance (mm/day) -5.114580634013599E-012
  imbalance (rel error): -1.563668805708659E-016
 ===========================
NSTEP =        293   NCYCLE=  4  CFL_adv= 0.460  CFL_sgs= 0.040
NSTEP =        294   NCYCLE=  4  CFL_adv= 0.440  CFL_sgs= 0.042
 Let's do some shortwave
 Range of zenith angles  0.732661695834013       0.732661695834013     
 Range of surface albedo (asdir)  3.383449086658900E-002  3.383449086658900E-002
 Range of surface albedo (aldir)  3.383449086658900E-002  3.383449086658900E-002
 Range of surface albedo (asdif)  6.000000000000000E-002  6.000000000000000E-002
 Range of surface albedo (aldif)  6.000000000000000E-002  6.000000000000000E-002
 radiation: perpetual sun, solin=   310.282739703465     
 longwave radiation is called
NSTEP =        295   NCYCLE=  4  CFL_adv= 0.402  CFL_sgs= 0.042
 Collecting statistics...
 name QCSTRG is missing in "lst" file.
NSTEP =        296   NCYCLE=  4  CFL_adv= 0.377  CFL_sgs= 0.042
 DAY =   0.102777777777778     
 NSTEP=         296
 div:  3.562771438271831E-017 -5.332476807032202E-017
 SST=   300.000000000000     
 surface pressure=   1014.80000000000     
 u:  -9.57236681946214        11.2833911927175     
 v:  -9.81905751129504        9.98302564960318     
 w:  -7.59152185163808        8.01753558720788     
 p:  -31.5105239193566        35.0845568663497     
 t:   295.779320149289        473.350420460806     
 tabs:   200.231647342058        300.254868599448     
 qv:  1.750133899055209E-116  1.868081059027536E-002
 tke:  0.000000000000000E+000   4.20655422084903     
 tk:  0.000000000000000E+000   51.2747148995550     
 tkh:  0.000000000000000E+000   51.2747148995550     
 qcl:  0.000000000000000E+000  1.982691927590235E-003
 qci:  0.000000000000000E+000  7.728674262518010E-003
 qpl:  0.000000000000000E+000  1.764256835119979E-003
 qpi:  0.000000000000000E+000  0.000000000000000E+000
 qrad(K/day):  -91.5420521950716        79.8775555481263     
 shf:  -1.63954879714027        26.5621115598013     
 lhf:   23.9421133369767        184.966502654020     
 uw: -5.191693332824301E-002  4.482309671567188E-002
 vw: -4.890349448983473E-002  7.397797061776183E-002
 sst:   300.000000000000        300.000000000000     
 ===========================
 total water budget:
 before (mm):         45.44180273885
 after (mm):          45.44215992255
 evaporation (mm):     0.00043019275
 precipitation (mm):   0.00007300920
 large-scale (mm):     0.00000000000
 Imbalance (mm)       0.00000000015
 evap (mm/day):   1.23895511480193     
 prec (mm/day):  0.210266494752493     
 ls (mm/day):  0.000000000000000E+000
 imbalance (mm/day)  4.275714689336990E-007
  imbalance (rel error):  3.267027787912337E-012
 ===========================
NSTEP =        297   NCYCLE=  4  CFL_adv= 0.373  CFL_sgs= 0.040
NSTEP =        298   NCYCLE=  4  CFL_adv= 0.368  CFL_sgs= 0.031
NSTEP =        299   NCYCLE=  4  CFL_adv= 0.363  CFL_sgs= 0.031
 Collecting statistics...
 name QCSTRG is missing in "lst" file.
 Writting statistics:nstatsteps=          15
 --------------- ISCCP Simulator Diagnostics: -----------------
 ISCCP PDF:
            0.0       0.3       1.3       3.6       9.4      23.0      60.0
    0.     0.000     0.000     0.000     0.000     0.000     0.000     0.000
  180.     0.000     0.000     0.000     0.000     0.000     0.000     0.000
  310.     0.000     0.000     0.000     0.000     0.000     0.000     0.000
  440.     0.000     0.000     0.000     0.000     0.000     0.000     0.000
  560.     0.000     0.000     0.000     0.000     0.000     0.000     0.000
  680.     0.000     0.000     0.000     0.000     0.000     0.000     0.000
  800.     0.000     0.000     0.000     0.000     0.000     0.000     0.000
 low cld area (tau > 0.3)=  0.000000000000000E+000
 mid cld area (tau > 0.3)=  0.000000000000000E+000
 hgh cld area (tau > 0.3)=  0.000000000000000E+000
 total cld area (tau > 0.3)=  0.000000000000000E+000
 mean albedo cld (tau > 0.3)   -1.00000000000000     
 mean tau cld (tau > 0.3)   -1.00000000000000     
 mean top pressure (tau > 0.3)  -1.00000000000000     
 mean brightness temp (tau > 0.3)  -1.00000000000000     
 mean clearsky brightness temp (tau > 0.3)  -1.00000000000000     
 --------------- MODIS Simulator Diagnostics: -----------------
 MODIS PDF:
                      0.3       1.3       3.6       9.4      23.0      60.0
    0.               0.000     0.000     0.000     0.000     0.000     0.000
  180.               0.000     0.000     0.000     0.000     0.000     0.000
  310.               0.000     0.000     0.000     0.000     0.000     0.000
  440.               0.000     0.000     0.000     0.000     0.000     0.000
  560.               0.000     0.000     0.000     0.000     0.000     0.000
  680.               0.000     0.000     0.000     0.000     0.000     0.000
  800.               0.000     0.000     0.000     0.000     0.000     0.000
 low cld area =  0.000000000000000E+000
 mid cld area =  0.000000000000000E+000
 hgh cld area =  0.000000000000000E+000
 total cld area =  0.000000000000000E+000
 mean tau cld   -1.00000000000000     
 mean top pressure   -1.00000000000000     
 total cld area (liquid) =  0.000000000000000E+000
 total cld area (ice) =  0.000000000000000E+000
 mean tau (liquid) =  -1.00000000000000     
 mean tau (ice) =  0.000000000000000E+000
 mean lwp (g/m2) =  -1.00000000000000     
 mean iwp (g/m2) =  0.000000000000000E+000
 mean reff (liquid)  =  -1.00000000000000     
 mean reff (ice)  =  0.000000000000000E+000
 --------------- MISR Simulator Diagnostics: -----------------
 MISR PDF:
            0.0       0.3       1.3       3.6       9.4      23.0      60.0
 99.00     0.000     0.000     0.000     0.000     0.000     0.000     0.000
 17.00     0.000     0.000     0.000     0.000     0.000     0.000     0.000
 15.00     0.000     0.000     0.000     0.000     0.000     0.000     0.000
 13.00     0.000     0.000     0.000     0.000     0.000     0.000     0.000
 11.00     0.000     0.000     0.000     0.000     0.000     0.000     0.000
  9.00     0.000     0.000     0.000     0.000     0.000     0.000     0.000
  7.00     0.000     0.000     0.000     0.000     0.000     0.000     0.000
  5.00     0.000     0.000     0.000     0.000     0.000     0.000     0.000
  4.00     0.000     0.000     0.000     0.000     0.000     0.000     0.000
  3.00     0.000     0.000     0.000     0.000     0.000     0.000     0.000
  2.50     0.000     0.000     0.000     0.000     0.000     0.000     0.000
  2.00     0.000     0.000     0.000     0.000     0.000     0.000     0.000
  1.50     0.000     0.000     0.000     0.000     0.000     0.000     0.000
  1.00     0.000     0.000     0.000     0.000     0.000     0.000     0.000
  0.50     0.000     0.000     0.000     0.000     0.000     0.000     0.000
  0.00     0.000     0.000     0.000     0.000     0.000     0.000     0.000
 total cld area =  0.000000000000000E+000
 mean top height (m)  0.000000000000000E+000
 Writting history file 
 rcemip300sst_160_MaxIce20_dry                                                  
  
NSTEP =        300   NCYCLE=  4  CFL_adv= 0.359  CFL_sgs= 0.033
 DAY =   0.104166666666667     
 NSTEP=         300
 div:  3.623028837929259E-017 -5.258656592663510E-017
 SST=   300.000000000000     
 surface pressure=   1014.80000000000     
 u:  -9.62075686096425        11.0969178921163     
 v:  -10.1318617888986        7.36606804916172     
 w:  -6.68923591625362        6.86662551149222     
 p:  -29.6153229938269        32.3691332736574     
 t:   296.405477244399        473.345853877138     
 tabs:   200.463381550085        300.291140361282     
 qv:  1.143328093752447E-114  1.866623719815621E-002
 tke:  0.000000000000000E+000   6.65601722071810     
 tk:  0.000000000000000E+000   64.4981454225531     
 tkh:  0.000000000000000E+000   64.4981454225531     
 qcl:  0.000000000000000E+000  1.771271441154822E-003
 qci:  0.000000000000000E+000  7.453593737548546E-003
 qpl:  0.000000000000000E+000  2.023005368899520E-003
 qpi:  0.000000000000000E+000  0.000000000000000E+000
 qrad(K/day):  -91.5420521950716        79.8775555481263     
 shf:  -2.15519025257344        26.0623481418595     
 lhf:   23.6073699598000        162.292693013582     
 uw: -5.680265737049058E-002  5.188485251836686E-002
 vw: -4.826206746805309E-002  6.191992140649598E-002
 sst:   300.000000000000        300.000000000000     
 ===========================
 total water budget:
 before (mm):         45.44324780890
 after (mm):          45.44361414606
 evaporation (mm):     0.00042910117
 precipitation (mm):   0.00006276427
 large-scale (mm):     0.00000000000
 Imbalance (mm)       0.00000000026
 evap (mm/day):   1.23581135716659     
 prec (mm/day):  0.180761090760135     
 ls (mm/day):  0.000000000000000E+000
 imbalance (mm/day)  7.369048368776124E-007
  imbalance (rel error):  5.630415713082211E-012
 ===========================
CPU TIME =     366.6057 OVER     0.50 MODEL HOURS
 Let's do some shortwave
 Range of zenith angles  0.732661695834013       0.732661695834013     
 Range of surface albedo (asdir)  3.383449086658900E-002  3.383449086658900E-002
 Range of surface albedo (aldir)  3.383449086658900E-002  3.383449086658900E-002
 Range of surface albedo (asdif)  6.000000000000000E-002  6.000000000000000E-002
 Range of surface albedo (aldif)  6.000000000000000E-002  6.000000000000000E-002
 radiation: perpetual sun, solin=   310.282739701670     
 longwave radiation is called
NSTEP =        301   NCYCLE=  4  CFL_adv= 0.364  CFL_sgs= 0.034
NSTEP =        302   NCYCLE=  4  CFL_adv= 0.363  CFL_sgs= 0.036
NSTEP =        303   NCYCLE=  4  CFL_adv= 0.360  CFL_sgs= 0.038
 Collecting statistics...
 name QCSTRG is missing in "lst" file.
NSTEP =        304   NCYCLE=  3  CFL_adv= 0.467  CFL_sgs= 0.052
 DAY =   0.105555555555556     
 NSTEP=         304
 div:  7.449056717981841E-017 -7.600836878400778E-017
 SST=   300.000000000000     
 surface pressure=   1014.80000000000     
 u:  -8.50008052676191        8.70258197468037     
 v:  -9.76855883126014        9.42477364201732     
 w:  -5.78784442513820        5.63444172339946     
 p:  -28.0342630263680        32.8262378757944     
 t:   296.539394008009        473.324481873391     
 tabs:   199.276855993839        300.601135584993     
 qv:  6.994245512299627E-113  1.869263413610665E-002
 tke:  0.000000000000000E+000   6.74800430489476     
 tk:  0.000000000000000E+000   54.2660864618853     
 tkh:  0.000000000000000E+000   54.2660864618853     
 qcl:  0.000000000000000E+000  1.455269697516864E-003
 qci:  0.000000000000000E+000  7.006467228214205E-003
 qpl:  0.000000000000000E+000  2.551826768576912E-003
 qpi:  0.000000000000000E+000  0.000000000000000E+000
 qrad(K/day):  -90.5634975728681        75.4577344262161     
 shf:  -2.39145593185551        16.8962314081872     
 lhf:   24.2239081255893        157.074047971293     
 uw: -5.114796319344847E-002  4.513745111981023E-002
 vw: -4.413018432473608E-002  5.422277712053569E-002
 sst:   300.000000000000        300.000000000000     
 ===========================
 total water budget:
 before (mm):         45.44471328238
 after (mm):          45.44507690543
 evaporation (mm):     0.00042808836
 precipitation (mm):   0.00006446531
 large-scale (mm):     0.00000000000
 Imbalance (mm)       0.00000000000
 evap (mm/day):   1.23289448246258     
 prec (mm/day):  0.185660102014565     
 ls (mm/day):  0.000000000000000E+000
 imbalance (mm/day)  9.655167290678612E-012
  imbalance (rel error):  1.563519712462578E-016
 ===========================
NSTEP =        305   NCYCLE=  3  CFL_adv= 0.445  CFL_sgs= 0.051
NSTEP =        306   NCYCLE=  3  CFL_adv= 0.417  CFL_sgs= 0.048
 Let's do some shortwave
 Range of zenith angles  0.732661695834013       0.732661695834013     
 Range of surface albedo (asdir)  3.383449086658900E-002  3.383449086658900E-002
 Range of surface albedo (aldir)  3.383449086658900E-002  3.383449086658900E-002
 Range of surface albedo (asdif)  6.000000000000000E-002  6.000000000000000E-002
 Range of surface albedo (aldif)  6.000000000000000E-002  6.000000000000000E-002
 radiation: perpetual sun, solin=   310.282739700305     
 longwave radiation is called
NSTEP =        307   NCYCLE=  3  CFL_adv= 0.401  CFL_sgs= 0.045
 Collecting statistics...
 name QCSTRG is missing in "lst" file.
NSTEP =        308   NCYCLE=  3  CFL_adv= 0.414  CFL_sgs= 0.043
 DAY =   0.106944444444444     
 NSTEP=         308
 div:  6.082901922812719E-017 -9.473142379770087E-017
 SST=   300.000000000000     
 surface pressure=   1014.80000000000     
 u:  -8.86300155633677        8.89138898968579     
 v:  -8.65936964262189        9.32688684154394     
 w:  -5.28811863214701        5.70829736422146     
 p:  -23.1490050137633        29.7392298904176     
 t:   296.109600401822        473.341701133669     
 tabs:   199.813135460813        300.669447123812     
 qv:  7.859065670007789E-112  1.867262107785807E-002
 tke:  0.000000000000000E+000   4.65667399427173     
 tk:  0.000000000000000E+000   53.9483201445590     
 tkh:  0.000000000000000E+000   53.9483201445590     
 qcl:  0.000000000000000E+000  1.232570329288563E-003
 qci:  0.000000000000000E+000  6.787396498069686E-003
 qpl:  0.000000000000000E+000  2.187434475284107E-003
 qpi:  0.000000000000000E+000  0.000000000000000E+000
 qrad(K/day):  -89.7960265026368        68.0682550562663     
 shf:  -3.11090321292427        19.6595267888439     
 lhf:   24.0587669323012        151.768072220379     
 uw: -4.154909848536275E-002  4.250245086664286E-002
 vw: -4.062624712963631E-002  4.552801111474880E-002
 sst:   300.000000000000        300.000000000000     
 ===========================
 total water budget:
 before (mm):         45.44615059896
 after (mm):          45.44650158716
 evaporation (mm):     0.00042714056
 precipitation (mm):   0.00007615236
 large-scale (mm):     0.00000000000
 Imbalance (mm)       0.00000000000
 evap (mm/day):   1.23016481794767     
 prec (mm/day):  0.219318808812028     
 ls (mm/day):  0.000000000000000E+000
 imbalance (mm/day)  1.720576806030216E-012
  imbalance (rel error):  0.000000000000000E+000
 ===========================
NSTEP =        309   NCYCLE=  3  CFL_adv= 0.418  CFL_sgs= 0.042
NSTEP =        310   NCYCLE=  3  CFL_adv= 0.412  CFL_sgs= 0.041
NSTEP =        311   NCYCLE=  3  CFL_adv= 0.398  CFL_sgs= 0.041
 Collecting statistics...
 name QCSTRG is missing in "lst" file.
NSTEP =        312   NCYCLE=  3  CFL_adv= 0.380  CFL_sgs= 0.039
 DAY =   0.108333333333333     
 NSTEP=         312
 div:  6.351761980472231E-017 -6.971749448346390E-017
 SST=   300.000000000000     
 surface pressure=   1014.80000000000     
 u:  -7.51544882086103        8.28965269815162     
 v:  -8.21538589661160        7.62045828764079     
 w:  -4.46668490262336        5.13598018751996     
 p:  -18.8446797600579        29.1574570812724     
 t:   295.226442416453        473.331938165140     
 tabs:   200.699576876577        300.403765536327     
 qv:  4.274100147237598E-109  1.869710899349289E-002
 tke:  0.000000000000000E+000   2.61821189292361     
 tk:  0.000000000000000E+000   37.4756044556236     
 tkh:  0.000000000000000E+000   37.4756044556236     
 qcl:  0.000000000000000E+000  1.091082248259959E-003
 qci:  0.000000000000000E+000  6.520013980243174E-003
 qpl:  0.000000000000000E+000  1.743517187013434E-003
 qpi:  0.000000000000000E+000  0.000000000000000E+000
 qrad(K/day):  -89.7960265026368        68.0682550562663     
 shf:  -3.55930607964727        26.2714634649681     
 lhf:   23.9285548564085        156.854587003667     
 uw: -3.595640980831947E-002  3.536765814859001E-002
 vw: -4.256950633015324E-002  4.680243304929686E-002
 sst:   300.000000000000        300.000000000000     
 ===========================
 total water budget:
 before (mm):         45.44753227103
 after (mm):          45.44786876639
 evaporation (mm):     0.00042618351
 precipitation (mm):   0.00008968815
 large-scale (mm):     0.00000000000
 Imbalance (mm)       0.00000000000
 evap (mm/day):   1.22740850376566     
 prec (mm/day):  0.258301858041024     
 ls (mm/day):  0.000000000000000E+000
 imbalance (mm/day)  2.570896620590623E-011
  imbalance (rel error):  1.563423665502083E-016
 ===========================
 Let's do some shortwave
 Range of zenith angles  0.732661695834013       0.732661695834013     
 Range of surface albedo (asdir)  3.383449086658900E-002  3.383449086658900E-002
 Range of surface albedo (aldir)  3.383449086658900E-002  3.383449086658900E-002
 Range of surface albedo (asdif)  6.000000000000000E-002  6.000000000000000E-002
 Range of surface albedo (aldif)  6.000000000000000E-002  6.000000000000000E-002
 radiation: perpetual sun, solin=   310.282739699395     
 longwave radiation is called
NSTEP =        313   NCYCLE=  3  CFL_adv= 0.378  CFL_sgs= 0.037
NSTEP =        314   NCYCLE=  3  CFL_adv= 0.389  CFL_sgs= 0.041
NSTEP =        315   NCYCLE=  3  CFL_adv= 0.392  CFL_sgs= 0.043
 Collecting statistics...
 name QCSTRG is missing in "lst" file.
NSTEP =        316   NCYCLE=  3  CFL_adv= 0.387  CFL_sgs= 0.040
 DAY =   0.109722222222222     
 NSTEP=         316
 div:  5.997755510590887E-017 -6.815134500720597E-017
 SST=   300.000000000000     
 surface pressure=   1014.80000000000     
 u:  -8.15337763576444        8.47282706441213     
 v:  -8.14218617385292        7.06332734198999     
 w:  -4.59955202302158        3.88911705044468     
 p:  -15.3963431304030        26.5542046517197     
 t:   294.871939511949        473.327847221872     
 tabs:   200.893656098728        300.369280632822     
 qv:  4.021053344882423E-108  1.872404700074950E-002
 tke:  0.000000000000000E+000   3.30649736892437     
 tk:  0.000000000000000E+000   45.4594418749035     
 tkh:  0.000000000000000E+000   45.4594418749035     
 qcl:  0.000000000000000E+000  7.979118399962978E-004
 qci:  0.000000000000000E+000  6.057540830589775E-003
 qpl:  0.000000000000000E+000  1.473189112387525E-003
 qpi:  0.000000000000000E+000  0.000000000000000E+000
 qrad(K/day):  -89.8183913640242        65.1535112873007     
 shf:  -3.27978995094983        26.7245806062514     
 lhf:   23.8105135691098        152.638052761279     
 uw: -3.704572834670954E-002  3.794548274163598E-002
 vw: -3.788053959222527E-002  4.142607549135623E-002
 sst:   300.000000000000        300.000000000000     
 ===========================
 total water budget:
 before (mm):         45.44886355924
 after (mm):          45.44919386239
 evaporation (mm):     0.00042517775
 precipitation (mm):   0.00009487460
 large-scale (mm):     0.00000000000
 Imbalance (mm)       0.00000000000
 evap (mm/day):   1.22451191885389     
 prec (mm/day):  0.273238853397391     
 ls (mm/day):  0.000000000000000E+000
 imbalance (mm/day)  1.369204983767136E-009
  imbalance (rel error):  1.031829534802204E-014
 ===========================
NSTEP =        317   NCYCLE=  3  CFL_adv= 0.377  CFL_sgs= 0.039
NSTEP =        318   NCYCLE=  3  CFL_adv= 0.361  CFL_sgs= 0.039
 Let's do some shortwave
 Range of zenith angles  0.732661695834013       0.732661695834013     
 Range of surface albedo (asdir)  3.383449086658900E-002  3.383449086658900E-002
 Range of surface albedo (aldir)  3.383449086658900E-002  3.383449086658900E-002
 Range of surface albedo (asdif)  6.000000000000000E-002  6.000000000000000E-002
 Range of surface albedo (aldif)  6.000000000000000E-002  6.000000000000000E-002
 radiation: perpetual sun, solin=   310.282739698912     
 longwave radiation is called
NSTEP =        319   NCYCLE=  3  CFL_adv= 0.343  CFL_sgs= 0.038
 Collecting statistics...
 name QCSTRG is missing in "lst" file.
NSTEP =        320   NCYCLE=  3  CFL_adv= 0.324  CFL_sgs= 0.038
 DAY =   0.111111111111111     
 NSTEP=         320
 div:  5.109963865442217E-017 -7.616971072006879E-017
 SST=   300.000000000000     
 surface pressure=   1014.80000000000     
 u:  -7.78499026261263        8.71651868068528     
 v:  -8.06270853332594        8.64422927214701     
 w:  -3.86663712190270        3.87342655483651     
 p:  -13.9627666258454        20.3501737155279     
 t:   295.613238246735        473.328572997915     
 tabs:   200.665368835582        300.489908230209     
 qv:  1.155671843306120E-107  1.869740204665915E-002
 tke:  0.000000000000000E+000   3.16445332300013     
 tk:  0.000000000000000E+000   42.5110370303301     
 tkh:  0.000000000000000E+000   42.5110370303301     
 qcl:  0.000000000000000E+000  6.035754122868054E-004
 qci:  0.000000000000000E+000  5.581844796687939E-003
 qpl:  0.000000000000000E+000  1.315771992037338E-003
 qpi:  0.000000000000000E+000  0.000000000000000E+000
 qrad(K/day):  -88.2793137326729        63.6296818555422     
 shf:  -2.55712804998609        20.9267295445759     
 lhf:   23.6910462662676        142.459541913112     
 uw: -3.901451478439056E-002  4.250759666535217E-002
 vw: -4.381329190871662E-002  3.699906602409163E-002
 sst:   300.000000000000        300.000000000000     
 ===========================
 total water budget:
 before (mm):         45.45019845472
 after (mm):          45.45054014163
 evaporation (mm):     0.00042413057
 precipitation (mm):   0.00008244392
 large-scale (mm):     0.00000000000
 Imbalance (mm)       0.00000000027
 evap (mm/day):   1.22149603291227     
 prec (mm/day):  0.237438496602896     
 ls (mm/day):  0.000000000000000E+000
 imbalance (mm/day)  7.638093300812304E-007
  imbalance (rel error):  5.835135848683803E-012
 ===========================
NSTEP =        321   NCYCLE=  3  CFL_adv= 0.328  CFL_sgs= 0.036
NSTEP =        322   NCYCLE=  2  CFL_adv= 0.467  CFL_sgs= 0.060
NSTEP =        323   NCYCLE=  2  CFL_adv= 0.459  CFL_sgs= 0.059
 Collecting statistics...
 name QCSTRG is missing in "lst" file.
NSTEP =        324   NCYCLE=  2  CFL_adv= 0.452  CFL_sgs= 0.058
 DAY =   0.112500000000000     
 NSTEP=         324
 div:  7.948028468189311E-017 -1.249495160322963E-016
 SST=   300.000000000000     
 surface pressure=   1014.80000000000     
 u:  -6.56160008062293        7.75892745143544     
 v:  -7.73333926680680        7.17573372364378     
 w:  -4.65001538702944        3.53017369576384     
 p:  -13.1136532698916        20.7102773302816     
 t:   296.344077987428        473.323356220817     
 tabs:   200.609266871415        300.566472480162     
 qv:  5.560105540119028E-107  1.866443670662042E-002
 tke:  0.000000000000000E+000   4.08365849928322     
 tk:  0.000000000000000E+000   50.5201599567144     
 tkh:  0.000000000000000E+000   50.5201599567144     
 qcl:  0.000000000000000E+000  4.754188801803104E-004
 qci:  0.000000000000000E+000  5.006438298503233E-003
 qpl:  0.000000000000000E+000  1.431774388975515E-003
 qpi:  0.000000000000000E+000  0.000000000000000E+000
 qrad(K/day):  -88.2793137326729        63.6296818555422     
 shf:  -2.53450179986667        17.3627303966748     
 lhf:   23.6749221522341        142.963466826838     
 uw: -3.131540873650546E-002  3.731297366928437E-002
 vw: -4.186227641240389E-002  3.981936214104663E-002
 sst:   300.000000000000        300.000000000000     
 ===========================
 total water budget:
 before (mm):         45.45158584113
 after (mm):          45.45194002926
 evaporation (mm):     0.00042309996
 precipitation (mm):   0.00006891216
 large-scale (mm):     0.00000000000
 Imbalance (mm)       0.00000000033
 evap (mm/day):   1.21852788445310     
 prec (mm/day):  0.198467018252338     
 ls (mm/day):  0.000000000000000E+000
 imbalance (mm/day)  9.481486887806534E-007
  imbalance (rel error):  7.243162020098399E-012
 ===========================
 Let's do some shortwave
 Range of zenith angles  0.732661695834013       0.732661695834013     
 Range of surface albedo (asdir)  3.383449086658900E-002  3.383449086658900E-002
 Range of surface albedo (aldir)  3.383449086658900E-002  3.383449086658900E-002
 Range of surface albedo (asdif)  6.000000000000000E-002  6.000000000000000E-002
 Range of surface albedo (aldif)  6.000000000000000E-002  6.000000000000000E-002
 radiation: perpetual sun, solin=   310.282739698948     
 longwave radiation is called
NSTEP =        325   NCYCLE=  3  CFL_adv= 0.331  CFL_sgs= 0.038
NSTEP =        326   NCYCLE=  3  CFL_adv= 0.330  CFL_sgs= 0.035
NSTEP =        327   NCYCLE=  3  CFL_adv= 0.349  CFL_sgs= 0.030
 Collecting statistics...
 name QCSTRG is missing in "lst" file.
NSTEP =        328   NCYCLE=  3  CFL_adv= 0.365  CFL_sgs= 0.036
 DAY =   0.113888888888889     
 NSTEP=         328
 div:  6.264777164846896E-017 -7.937312992469196E-017
 SST=   300.000000000000     
 surface pressure=   1014.80000000000     
 u:  -5.74658092238813        7.82323342038718     
 v:  -7.94279037002161        7.24877540527798     
 w:  -6.06291636942766        3.21725323673097     
 p:  -12.0769969508227        16.6064753382760     
 t:   296.507264636095        473.325517814330     
 tabs:   200.686111152029        300.297463787443     
 qv:  1.153606646344900E-105  1.868006902693766E-002
 tke:  0.000000000000000E+000   2.48609364529813     
 tk:  0.000000000000000E+000   39.4183780527729     
 tkh:  0.000000000000000E+000   39.4183780527729     
 qcl:  0.000000000000000E+000  3.973225508415097E-004
 qci:  0.000000000000000E+000  4.611007474559441E-003
 qpl:  0.000000000000000E+000  1.515325650908380E-003
 qpi:  0.000000000000000E+000  0.000000000000000E+000
 qrad(K/day):  -90.3497698170213        67.0266456285162     
 shf:  -1.78209317758168        15.6501797604875     
 lhf:   23.9774600069686        129.720145807563     
 uw: -2.646210495897712E-002  3.646333641619239E-002
 vw: -4.503073742306837E-002  4.242516307137970E-002
 sst:   300.000000000000        300.000000000000     
 ===========================
 total water budget:
 before (mm):         45.45301059204
 after (mm):          45.45336812646
 evaporation (mm):     0.00042206036
 precipitation (mm):   0.00006452594
 large-scale (mm):     0.00000000000
 Imbalance (mm)       0.00000000000
 evap (mm/day):   1.21553383499545     
 prec (mm/day):  0.185834707768444     
 ls (mm/day):  0.000000000000000E+000
 imbalance (mm/day)  8.238296724492888E-009
  imbalance (rel error):  6.284202723566067E-014
 ===========================
NSTEP =        329   NCYCLE=  3  CFL_adv= 0.391  CFL_sgs= 0.035
NSTEP =        330   NCYCLE=  3  CFL_adv= 0.381  CFL_sgs= 0.034
 Let's do some shortwave
 Range of zenith angles  0.732661695834013       0.732661695834013     
 Range of surface albedo (asdir)  3.383449086658900E-002  3.383449086658900E-002
 Range of surface albedo (aldir)  3.383449086658900E-002  3.383449086658900E-002
 Range of surface albedo (asdif)  6.000000000000000E-002  6.000000000000000E-002
 Range of surface albedo (aldif)  6.000000000000000E-002  6.000000000000000E-002
 radiation: perpetual sun, solin=   310.282739699621     
 longwave radiation is called
NSTEP =        331   NCYCLE=  3  CFL_adv= 0.389  CFL_sgs= 0.034
 Collecting statistics...
 name QCSTRG is missing in "lst" file.
NSTEP =        332   NCYCLE=  3  CFL_adv= 0.390  CFL_sgs= 0.034
 DAY =   0.115277777777778     
 NSTEP=         332
 div:  7.063137426121319E-017 -8.460852321290936E-017
 SST=   300.000000000000     
 surface pressure=   1014.80000000000     
 u:  -6.23822647507286        7.93874861615585     
 v:  -7.37750896204377        7.01418496807681     
 w:  -6.51814111673457        2.69111926250928     
 p:  -11.7015000746495        14.6228677533518     
 t:   296.646967132810        473.329403644665     
 tabs:   200.910230950286        300.371252555623     
 qv:  1.018285708267677E-104  1.871086693591866E-002
 tke:  0.000000000000000E+000   1.68016577321189     
 tk:  0.000000000000000E+000   31.1238351607067     
 tkh:  0.000000000000000E+000   31.1238351607067     
 qcl:  0.000000000000000E+000  2.596036792915945E-004
 qci:  0.000000000000000E+000  4.596192504739235E-003
 qpl:  0.000000000000000E+000  1.601051127876228E-003
 qpi:  0.000000000000000E+000  0.000000000000000E+000
 qrad(K/day):  -90.6933044771856        65.6584808140123     
 shf:  -1.94295874078978        13.8824471795463     
 lhf:   24.7708408534425        132.665386832555     
 uw: -2.611340332916299E-002  3.326917064239286E-002
 vw: -3.678181845739208E-002  4.311828393887356E-002
 sst:   300.000000000000        300.000000000000     
 ===========================
 total water budget:
 before (mm):         45.45443554667
 after (mm):          45.45478807476
 evaporation (mm):     0.00042108230
 precipitation (mm):   0.00006855420
 large-scale (mm):     0.00000000000
 Imbalance (mm)       0.00000000000
 evap (mm/day):   1.21271702282890     
 prec (mm/day):  0.197436106310252     
 ls (mm/day):  0.000000000000000E+000
 imbalance (mm/day)  2.835341336715480E-011
  imbalance (rel error):  1.563185674942401E-016
 ===========================
NSTEP =        333   NCYCLE=  3  CFL_adv= 0.403  CFL_sgs= 0.033
NSTEP =        334   NCYCLE=  3  CFL_adv= 0.381  CFL_sgs= 0.036
NSTEP =        335   NCYCLE=  3  CFL_adv= 0.369  CFL_sgs= 0.036
 Collecting statistics...
 name QCSTRG is missing in "lst" file.
NSTEP =        336   NCYCLE=  3  CFL_adv= 0.350  CFL_sgs= 0.035
 DAY =   0.116666666666667     
 NSTEP=         336
 div:  4.578633103256130E-017 -7.343796646031356E-017
 SST=   300.000000000000     
 surface pressure=   1014.80000000000     
 u:  -6.38028506265733        7.41939565859886     
 v:  -7.74058059059783        7.33162660606605     
 w:  -5.42815562159317        2.37416376707979     
 p:  -11.1281963929430        14.3436274313438     
 t:   296.637465365515        473.330019199811     
 tabs:   200.960596034747        300.275417125514     
 qv:  2.891580997072083E-104  1.870774423909425E-002
 tke:  0.000000000000000E+000   2.59683814744427     
 tk:  0.000000000000000E+000   36.5552320304689     
 tkh:  0.000000000000000E+000   36.5552320304689     
 qcl:  0.000000000000000E+000  1.593400797070404E-004
 qci:  0.000000000000000E+000  4.566896114595405E-003
 qpl:  0.000000000000000E+000  1.438944715909257E-003
 qpi:  0.000000000000000E+000  0.000000000000000E+000
 qrad(K/day):  -90.6933044771856        65.6584808140123     
 shf:  -2.22285770336720        13.4833012233655     
 lhf:   24.8687130942028        131.874973817420     
 uw: -3.032665100286662E-002  3.522309038952394E-002
 vw: -3.758192930094861E-002  4.181465218673444E-002
 sst:   300.000000000000        300.000000000000     
 ===========================
 total water budget:
 before (mm):         45.45583454284
 after (mm):          45.45618072381
 evaporation (mm):     0.00042012202
 precipitation (mm):   0.00007394105
 large-scale (mm):     0.00000000000
 Imbalance (mm)      -0.00000000000
 evap (mm/day):   1.20995142548256     
 prec (mm/day):  0.212950237731451     
 ls (mm/day):  0.000000000000000E+000
 imbalance (mm/day) -2.849736072119136E-011
  imbalance (rel error): -3.126275566692942E-016
 ===========================
 Let's do some shortwave
 Range of zenith angles  0.732661695834013       0.732661695834013     
 Range of surface albedo (asdir)  3.383449086658900E-002  3.383449086658900E-002
 Range of surface albedo (aldir)  3.383449086658900E-002  3.383449086658900E-002
 Range of surface albedo (asdif)  6.000000000000000E-002  6.000000000000000E-002
 Range of surface albedo (aldif)  6.000000000000000E-002  6.000000000000000E-002
 radiation: perpetual sun, solin=   310.282739701035     
 longwave radiation is called
NSTEP =        337   NCYCLE=  3  CFL_adv= 0.346  CFL_sgs= 0.039
NSTEP =        338   NCYCLE=  2  CFL_adv= 0.469  CFL_sgs= 0.058
NSTEP =        339   NCYCLE=  2  CFL_adv= 0.456  CFL_sgs= 0.091
 Collecting statistics...
 name QCSTRG is missing in "lst" file.
NSTEP =        340   NCYCLE=  2  CFL_adv= 0.446  CFL_sgs= 0.093
 DAY =   0.118055555555556     
 NSTEP=         340
 div:  7.846486968327451E-017 -1.009455278336652E-016
 SST=   300.000000000000     
 surface pressure=   1014.80000000000     
 u:  -7.73471301792029        7.94486542542373     
 v:  -7.16160541795688        7.34219350079120     
 w:  -3.15170653595125        2.88377412369487     
 p:  -11.8931251300794        14.1739104991002     
 t:   296.378993119193        473.330060256528     
 tabs:   201.138448013176        300.265643685618     
 qv:  4.433800993488127E-103  1.872620386328800E-002
 tke:  0.000000000000000E+000   2.02199321849393     
 tk:  0.000000000000000E+000   34.6312049652797     
 tkh:  0.000000000000000E+000   34.6312049652797     
 qcl:  0.000000000000000E+000  1.089050578031018E-004
 qci:  0.000000000000000E+000  4.468278719089614E-003
 qpl:  0.000000000000000E+000  1.211679171431073E-003
 qpi:  0.000000000000000E+000  0.000000000000000E+000
 qrad(K/day):  -86.5486829577266        64.4582374059372     
 shf:  -2.09319218570757        13.6813541712878     
 lhf:   24.6051775331108        130.640057335743     
 uw: -2.632407141625731E-002  3.089052869009530E-002
 vw: -3.473054697164662E-002  4.271281273972117E-002
 sst:   300.000000000000        300.000000000000     
 ===========================
 total water budget:
 before (mm):         45.45721363830
 after (mm):          45.45755660919
 evaporation (mm):     0.00041919396
 precipitation (mm):   0.00007622307
 large-scale (mm):     0.00000000000
 Imbalance (mm)      -0.00000000000
 evap (mm/day):   1.20727861070186     
 prec (mm/day):  0.219522439785698     
 ls (mm/day):  0.000000000000000E+000
 imbalance (mm/day) -1.347964708603433E-011
  imbalance (rel error): -1.563090471115328E-016
 ===========================
NSTEP =        341   NCYCLE=  2  CFL_adv= 0.470  CFL_sgs= 0.054
NSTEP =        342   NCYCLE=  2  CFL_adv= 0.458  CFL_sgs= 0.052
 Let's do some shortwave
 Range of zenith angles  0.732661695834013       0.732661695834013     
 Range of surface albedo (asdir)  3.383449086658900E-002  3.383449086658900E-002
 Range of surface albedo (aldir)  3.383449086658900E-002  3.383449086658900E-002
 Range of surface albedo (asdif)  6.000000000000000E-002  6.000000000000000E-002
 Range of surface albedo (aldif)  6.000000000000000E-002  6.000000000000000E-002
 radiation: perpetual sun, solin=   310.282739703325     
 longwave radiation is called
NSTEP =        343   NCYCLE=  2  CFL_adv= 0.474  CFL_sgs= 0.049
 Collecting statistics...
 name QCSTRG is missing in "lst" file.
NSTEP =        344   NCYCLE=  2  CFL_adv= 0.470  CFL_sgs= 0.047
 DAY =   0.119444444444444     
 NSTEP=         344
 div:  1.077910098041727E-016 -1.146711231299612E-016
 SST=   300.000000000000     
 surface pressure=   1014.80000000000     
 u:  -6.94489020613848        7.17532260199823     
 v:  -6.96111068067658        6.53145329261898     
 w:  -2.41818166600510        2.57689035102221     
 p:  -12.8360113526976        12.6376509347185     
 t:   296.608723780707        473.329139806163     
 tabs:   201.242684061792        300.251021890496     
 qv:  9.125076409573907E-102  1.871395073848770E-002
 tke:  0.000000000000000E+000   2.13951381653616     
 tk:  0.000000000000000E+000   36.5676925076645     
 tkh:  0.000000000000000E+000   36.5676925076645     
 qcl:  0.000000000000000E+000  7.982342867740007E-005
 qci:  0.000000000000000E+000  4.347065677255800E-003
 qpl:  0.000000000000000E+000  9.136826943750729E-004
 qpi:  0.000000000000000E+000  0.000000000000000E+000
 qrad(K/day):  -83.7033023866656        68.9950071368054     
 shf:  -2.37594259146228        13.5279742997380     
 lhf:   24.0681558537699        120.395124778606     
 uw: -2.439135593220621E-002  3.616846372662842E-002
 vw: -2.908408806268285E-002  4.287086969550658E-002
 sst:   300.000000000000        300.000000000000     
 ===========================
 total water budget:
 before (mm):         45.45858744857
 after (mm):          45.45893343916
 evaporation (mm):     0.00041824937
 precipitation (mm):   0.00007225877
 large-scale (mm):     0.00000000000
 Imbalance (mm)      -0.00000000000
 evap (mm/day):   1.20455817232074     
 prec (mm/day):  0.208105266549731     
 ls (mm/day):  0.000000000000000E+000
 imbalance (mm/day) -2.628819037453489E-011
  imbalance (rel error): -1.563043129269715E-016
 ===========================
NSTEP =        345   NCYCLE=  2  CFL_adv= 0.462  CFL_sgs= 0.046
NSTEP =        346   NCYCLE=  2  CFL_adv= 0.464  CFL_sgs= 0.046
NSTEP =        347   NCYCLE=  2  CFL_adv= 0.474  CFL_sgs= 0.045
 Collecting statistics...
 name QCSTRG is missing in "lst" file.
NSTEP =        348   NCYCLE=  2  CFL_adv= 0.477  CFL_sgs= 0.046
 DAY =   0.120833333333333     
 NSTEP=         348
 div:  9.015962518531738E-017 -1.203954958675740E-016
 SST=   300.000000000000     
 surface pressure=   1014.80000000000     
 u:  -6.44798913391576        6.49315469020223     
 v:  -7.40582743182157        6.81719097795466     
 w:  -2.68386825762732        2.38832525626431     
 p:  -11.9278419072469        12.4827599396031     
 t:   296.832631831974        473.328574760482     
 tabs:   201.242606588848        300.297940870515     
 qv:  1.685907710980083E-100  1.870232042743552E-002
 tke:  0.000000000000000E+000   1.67580855963653     
 tk:  0.000000000000000E+000   32.3632561676484     
 tkh:  0.000000000000000E+000   32.3632561676484     
 qcl:  0.000000000000000E+000  5.301319449330895E-005
 qci:  0.000000000000000E+000  4.167442636825522E-003
 qpl:  0.000000000000000E+000  7.227091692277168E-004
 qpi:  0.000000000000000E+000  0.000000000000000E+000
 qrad(K/day):  -83.7033023866656        68.9950071368054     
 shf:  -2.04572595024394        12.4926784747370     
 lhf:   23.3298306170144        121.676816707247     
 uw: -2.439871710970838E-002  3.133299833927011E-002
 vw: -2.631346944585193E-002  3.871329528320094E-002
 sst:   300.000000000000        300.000000000000     
 ===========================
 total water budget:
 before (mm):         45.45998347923
 after (mm):          45.46033790857
 evaporation (mm):     0.00041730860
 precipitation (mm):   0.00006287927
 large-scale (mm):     0.00000000000
 Imbalance (mm)       0.00000000000
 evap (mm/day):   1.20184876486586     
 prec (mm/day):  0.181092287793133     
 ls (mm/day):  0.000000000000000E+000
 imbalance (mm/day)  5.334287699054752E-012
  imbalance (rel error):  0.000000000000000E+000
 ===========================
 Let's do some shortwave
 Range of zenith angles  0.732661695834013       0.732661695834013     
 Range of surface albedo (asdir)  3.383449086658900E-002  3.383449086658900E-002
 Range of surface albedo (aldir)  3.383449086658900E-002  3.383449086658900E-002
 Range of surface albedo (asdif)  6.000000000000000E-002  6.000000000000000E-002
 Range of surface albedo (aldif)  6.000000000000000E-002  6.000000000000000E-002
 radiation: perpetual sun, solin=   310.282739706262     
 longwave radiation is called
NSTEP =        349   NCYCLE=  3  CFL_adv= 0.322  CFL_sgs= 0.031
NSTEP =        350   NCYCLE=  2  CFL_adv= 0.470  CFL_sgs= 0.136
NSTEP =        351   NCYCLE=  2  CFL_adv= 0.474  CFL_sgs= 0.135
 Collecting statistics...
 name QCSTRG is missing in "lst" file.
NSTEP =        352   NCYCLE=  2  CFL_adv= 0.474  CFL_sgs= 0.132
 DAY =   0.122222222222222     
 NSTEP=         352
 div:  5.392093952210649E-017 -9.131661358102754E-017
 SST=   300.000000000000     
 surface pressure=   1014.80000000000     
 u:  -5.79221760597927        6.58065937466037     
 v:  -6.56753907762517        6.39228130046475     
 w:  -2.81375009995747        2.23412270225546     
 p:  -10.0120291982815        11.5583769363227     
 t:   297.096120715111        473.330010694990     
 tabs:   201.273696818085        300.294505498378     
 qv:  1.171376933144360E-099  1.871803917978501E-002
 tke:  0.000000000000000E+000   9.81965490612256     
 tk:  0.000000000000000E+000   27.9592164773311     
 tkh:  0.000000000000000E+000   27.9592164773311     
 qcl:  0.000000000000000E+000  0.000000000000000E+000
 qci:  0.000000000000000E+000  4.055697174890062E-003
 qpl:  0.000000000000000E+000  6.573034805596287E-004
 qpi:  0.000000000000000E+000  0.000000000000000E+000
 qrad(K/day):  -83.3672331830328        64.5876895251119     
 shf:  -1.88295071628974        11.2912200395220     
 lhf:   23.3030496443779        112.692723721868     
 uw: -2.377113663123518E-002  3.425209041004891E-002
 vw: -2.469860702315010E-002  3.553172353151578E-002
 sst:   300.000000000000        300.000000000000     
 ===========================
 total water budget:
 before (mm):         45.46141504379
 after (mm):          45.46177900755
 evaporation (mm):     0.00041638181
 precipitation (mm):   0.00005241805
 large-scale (mm):     0.00000000000
 Imbalance (mm)       0.00000000000
 evap (mm/day):   1.19917961293631     
 prec (mm/day):  0.150963974754500     
 ls (mm/day):  0.000000000000000E+000
 imbalance (mm/day)  1.588385672990356E-011
  imbalance (rel error):  1.562945294424243E-016
 ===========================
NSTEP =        353   NCYCLE=  2  CFL_adv= 0.475  CFL_sgs= 0.131
NSTEP =        354   NCYCLE=  2  CFL_adv= 0.462  CFL_sgs= 0.130
 Let's do some shortwave
 Range of zenith angles  0.732661695834013       0.732661695834013     
 Range of surface albedo (asdir)  3.383449086658900E-002  3.383449086658900E-002
 Range of surface albedo (aldir)  3.383449086658900E-002  3.383449086658900E-002
 Range of surface albedo (asdif)  6.000000000000000E-002  6.000000000000000E-002
 Range of surface albedo (aldif)  6.000000000000000E-002  6.000000000000000E-002
 radiation: perpetual sun, solin=   310.282739710087     
 longwave radiation is called
NSTEP =        355   NCYCLE=  2  CFL_adv= 0.454  CFL_sgs= 0.130
 Collecting statistics...
 name QCSTRG is missing in "lst" file.
NSTEP =        356   NCYCLE=  2  CFL_adv= 0.440  CFL_sgs= 0.148
 DAY =   0.123611111111111     
 NSTEP=         356
 div:  4.360416758849909E-017 -5.918073572630182E-017
 SST=   300.000000000000     
 surface pressure=   1014.80000000000     
 u:  -6.22020745507999        7.25608930222687     
 v:  -7.48550593925500        6.89169382855347     
 w:  -2.81181905426868        2.01080660403801     
 p:  -10.5399854152684        10.4756809838368     
 t:   297.354603752685        473.332345967531     
 tabs:   201.299354915938        300.227962142550     
 qv:  6.043759775874234E-099  1.874661268745919E-002
 tke:  0.000000000000000E+000   11.7344987662827     
 tk:  0.000000000000000E+000   23.0626496392953     
 tkh:  0.000000000000000E+000   23.0626496392953     
 qcl:  0.000000000000000E+000  0.000000000000000E+000
 qci:  0.000000000000000E+000  3.964537030612576E-003
 qpl:  0.000000000000000E+000  6.185646824417121E-004
 qpi:  0.000000000000000E+000  0.000000000000000E+000
 qrad(K/day):  -80.6972074967199        63.2368033879785     
 shf:  -1.65626062545571        11.4056605521221     
 lhf:   23.6741243476547        108.178787315168     
 uw: -1.940713475151229E-002  3.456134506279499E-002
 vw: -2.705530727065065E-002  3.236307426501830E-002
 sst:   300.000000000000        300.000000000000     
 ===========================
 total water budget:
 before (mm):         45.46288386951
 after (mm):          45.46325572592
 evaporation (mm):     0.00041545173
 precipitation (mm):   0.00004359532
 large-scale (mm):     0.00000000000
 Imbalance (mm)       0.00000000000
 evap (mm/day):   1.19650098853434     
 prec (mm/day):  0.125554534017749     
 ls (mm/day):  0.000000000000000E+000
 imbalance (mm/day) -3.612637532873775E-012
  imbalance (rel error):  0.000000000000000E+000
 ===========================
NSTEP =        357   NCYCLE=  2  CFL_adv= 0.435  CFL_sgs= 0.143
NSTEP =        358   NCYCLE=  2  CFL_adv= 0.414  CFL_sgs= 0.139
NSTEP =        359   NCYCLE=  2  CFL_adv= 0.401  CFL_sgs= 0.134
 Writting radiation restart file...
mv: cannot stat './RESTART/bubble_rcemip300sst_160_MaxIce20_dry_64_restart_rad.bin': No such file or directory
 Saved radiation restart file. nstep=         360
 Collecting statistics...
 name QCSTRG is missing in "lst" file.
 Writting statistics:nstatsteps=          15
 --------------- ISCCP Simulator Diagnostics: -----------------
 ISCCP PDF:
            0.0       0.3       1.3       3.6       9.4      23.0      60.0
    0.     0.000     0.000     0.000     0.000     0.000     0.000     0.002
  180.     0.004     0.001     0.001     0.001     0.001     0.002     0.005
  310.     0.000     0.000     0.000     0.000     0.000     0.000     0.000
  440.     0.000     0.000     0.000     0.000     0.000     0.000     0.000
  560.     0.000     0.000     0.000     0.000     0.000     0.000     0.000
  680.     0.000     0.000     0.000     0.000     0.000     0.000     0.000
  800.     0.000     0.000     0.000     0.000     0.000     0.000     0.000
 low cld area (tau > 0.3)=  0.000000000000000E+000
 mid cld area (tau > 0.3)=  0.000000000000000E+000
 hgh cld area (tau > 0.3)=  1.268819173177083E-002
 total cld area (tau > 0.3)=  1.268819173177083E-002
 mean albedo cld (tau > 0.3)   0.694508137665410     
 mean tau cld (tau > 0.3)    21.3857859173754     
 mean top pressure (tau > 0.3)   230.621357133982     
 mean brightness temp (tau > 0.3)   283.110869503629     
 mean clearsky brightness temp (tau > 0.3)   296.076565471915     
 --------------- MODIS Simulator Diagnostics: -----------------
 MODIS PDF:
                      0.3       1.3       3.6       9.4      23.0      60.0
    0.               0.000     0.000     0.000     0.000     0.000     0.002
  180.               0.001     0.001     0.001     0.001     0.002     0.004
  310.               0.000     0.000     0.000     0.000     0.000     0.000
  440.               0.000     0.000     0.000     0.000     0.000     0.000
  560.               0.000     0.000     0.000     0.000     0.000     0.000
  680.               0.000     0.000     0.000     0.000     0.000     0.000
  800.               0.000     0.000     0.000     0.000     0.000     0.000
 low cld area =  0.000000000000000E+000
 mid cld area =  0.000000000000000E+000
 hgh cld area =  1.268819173177083E-002
 total cld area =  1.268819173177083E-002
 mean tau cld    68.3903139246993     
 mean top pressure    223.647468353379     
 total cld area (liquid) =  0.000000000000000E+000
 total cld area (ice) =  1.268819173177083E-002
 mean tau (liquid) =  -1.00000000000000     
 mean tau (ice) =   68.3903139246993     
 mean lwp (g/m2) =  -1.00000000000000     
 mean iwp (g/m2) =   2068.63963417074     
 mean reff (liquid)  =  -1.00000000000000     
 mean reff (ice)  =   50.3647327856678     
 --------------- MISR Simulator Diagnostics: -----------------
 MISR PDF:
            0.0       0.3       1.3       3.6       9.4      23.0      60.0
 99.00     0.000     0.000     0.000     0.000     0.000     0.000     0.000
 17.00     0.000     0.000     0.000     0.000     0.000     0.000     0.000
 15.00     0.000     0.000     0.000     0.000     0.000     0.000     0.002
 13.00     0.000     0.000     0.000     0.000     0.000     0.001     0.003
 11.00     0.000     0.001     0.001     0.001     0.001     0.001     0.001
  9.00     0.000     0.000     0.000     0.000     0.000     0.000     0.000
  7.00     0.000     0.000     0.000     0.000     0.000     0.000     0.000
  5.00     0.000     0.000     0.000     0.000     0.000     0.000     0.000
  4.00     0.000     0.000     0.000     0.000     0.000     0.000     0.000
  3.00     0.000     0.000     0.000     0.000     0.000     0.000     0.000
  2.50     0.000     0.000     0.000     0.000     0.000     0.000     0.000
  2.00     0.000     0.000     0.000     0.000     0.000     0.000     0.000
  1.50     0.000     0.000     0.000     0.000     0.000     0.000     0.000
  1.00     0.000     0.000     0.000     0.000     0.000     0.000     0.000
  0.50     0.000     0.000     0.000     0.000     0.000     0.000     0.000
  0.00     0.000     0.000     0.000     0.000     0.000     0.000     0.000
 total cld area =  1.240234375000000E-002
 mean top height (m)   11473.6991998768     
 Writting history file 
 rcemip300sst_160_MaxIce20_dry                                                  
  
 Writing restart file ...
mv: cannot stat './RESTART/bubble_rcemip300sst_160_MaxIce20_dry_misc_restart.bin': No such file or directory
mv: cannot stat './RESTART/bubble_rcemip300sst_160_MaxIce20_dry_64_restart.bin': No such file or directory
 Restart file was saved. nstep=         360
 Writting 2D data. file:./OUT_2D/bubble_rcemip300sst_160_MaxIce20_dry_64.2Dbin  
                                                                 
 Writting 3D data. file:./OUT_3D/bubble_rcemip300sst_160_MaxIce20_dry_64_0000000
 360.bin3D                                                       
NSTEP =        360   NCYCLE=  2  CFL_adv= 0.394  CFL_sgs= 0.131
 DAY =   0.125000000000000     
 NSTEP=         360
 div:  5.279865244032167E-017 -6.509557707215828E-017
 SST=   300.000000000000     
 surface pressure=   1014.80000000000     
 u:  -6.01960014919726        7.11852221265653     
 v:  -8.01814132686539        7.85863389091860     
 w:  -2.48833183605356        1.58140189511116     
 p:  -10.3215291981838        9.37948145793605     
 t:   297.597434738709        473.333231867151     
 tabs:   201.402152217543        300.272542738543     
 qv:  2.680514850573444E-098  1.875016090727969E-002
 tke:  0.000000000000000E+000   9.27940002190263     
 tk:  0.000000000000000E+000   21.9463524647211     
 tkh:  0.000000000000000E+000   21.9463524647211     
 qcl:  0.000000000000000E+000  0.000000000000000E+000
 qci:  0.000000000000000E+000  3.862099980394748E-003
 qpl:  0.000000000000000E+000  6.232178305258217E-004
 qpi:  0.000000000000000E+000  0.000000000000000E+000
 qrad(K/day):  -80.6972074967199        63.2368033879785     
 shf:  -1.45829415182623        10.9345820072129     
 lhf:   24.4563478010389        105.287035480306     
 uw: -1.849308225653877E-002  3.272077493231468E-002
 vw: -3.003323494638153E-002  2.706028009638367E-002
 sst:   300.000000000000        300.000000000000     
 ===========================
 total water budget:
 before (mm):         45.46437931286
 after (mm):          45.46475605440
 evaporation (mm):     0.00041451117
 precipitation (mm):   0.00003776963
 large-scale (mm):     0.00000000000
 Imbalance (mm)      -0.00000000000
 evap (mm/day):   1.19379217565058     
 prec (mm/day):  0.108776541621919     
 ls (mm/day):  0.000000000000000E+000
 imbalance (mm/day) -9.786780760800974E-012
  imbalance (rel error): -1.562842952263928E-016
 ===========================
CPU TIME =     157.6611 OVER     0.50 MODEL HOURS
 Let's do some shortwave
 Range of zenith angles  0.732661695834013       0.732661695834013     
 Range of surface albedo (asdir)  3.383449086658900E-002  3.383449086658900E-002
 Range of surface albedo (aldir)  3.383449086658900E-002  3.383449086658900E-002
 Range of surface albedo (asdif)  6.000000000000000E-002  6.000000000000000E-002
 Range of surface albedo (aldif)  6.000000000000000E-002  6.000000000000000E-002
 radiation: perpetual sun, solin=   310.282739714341     
 longwave radiation is called
NSTEP =        361   NCYCLE=  2  CFL_adv= 0.398  CFL_sgs= 0.127
NSTEP =        362   NCYCLE=  2  CFL_adv= 0.393  CFL_sgs= 0.125
NSTEP =        363   NCYCLE=  2  CFL_adv= 0.383  CFL_sgs= 0.142
 Collecting statistics...
 name QCSTRG is missing in "lst" file.
NSTEP =        364   NCYCLE=  2  CFL_adv= 0.367  CFL_sgs= 0.140
 DAY =   0.126388888888889     
 NSTEP=         364
 div:  5.227281677060465E-017 -6.258181614693149E-017
 SST=   300.000000000000     
 surface pressure=   1014.80000000000     
 u:  -5.70327554189069        7.95515419906221     
 v:  -6.96493530629289        7.52312727819902     
 w:  -2.18753127079625        1.90604196214346     
 p:  -9.18666182916422        8.97199257827342     
 t:   297.754785111970        473.331145725038     
 tabs:   201.540584712226        300.586150951384     
 qv:  4.593973390736521E-098  1.874504279497122E-002
 tke:  0.000000000000000E+000   11.0311159288255     
 tk:  0.000000000000000E+000   23.1086915389136     
 tkh:  0.000000000000000E+000   23.1086915389136     
 qcl:  0.000000000000000E+000  0.000000000000000E+000
 qci:  0.000000000000000E+000  3.739042703418210E-003
 qpl:  0.000000000000000E+000  5.886456374289015E-004
 qpi:  0.000000000000000E+000  0.000000000000000E+000
 qrad(K/day):  -80.0938011207173        63.4841800865406     
 shf:  -1.46666110177550        9.74190495410479     
 lhf:   23.9081118647889        99.6461649642577     
 uw: -1.658021674801076E-002  3.171836072813254E-002
 vw: -2.758359080528542E-002  2.344744377880595E-002
 sst:   300.000000000000        300.000000000000     
 ===========================
 total water budget:
 before (mm):         45.46589096373
 after (mm):          45.46627053996
 evaporation (mm):     0.00041354288
 precipitation (mm):   0.00003396665
 large-scale (mm):     0.00000000000
 Imbalance (mm)       0.00000000000
 evap (mm/day):   1.19100348901185     
 prec (mm/day):  9.782394948066703E-002
 ls (mm/day):  0.000000000000000E+000
 imbalance (mm/day) -8.046395581079446E-012
  imbalance (rel error):  0.000000000000000E+000
 ===========================
NSTEP =        365   NCYCLE=  2  CFL_adv= 0.354  CFL_sgs= 0.139
NSTEP =        366   NCYCLE=  2  CFL_adv= 0.348  CFL_sgs= 0.138
 Let's do some shortwave
 Range of zenith angles  0.732661695834013       0.732661695834013     
 Range of surface albedo (asdir)  3.383449086658900E-002  3.383449086658900E-002
 Range of surface albedo (aldir)  3.383449086658900E-002  3.383449086658900E-002
 Range of surface albedo (asdif)  6.000000000000000E-002  6.000000000000000E-002
 Range of surface albedo (aldif)  6.000000000000000E-002  6.000000000000000E-002
 radiation: perpetual sun, solin=   310.282739718982     
 longwave radiation is called
NSTEP =        367   NCYCLE=  2  CFL_adv= 0.343  CFL_sgs= 0.138
 Collecting statistics...
 name QCSTRG is missing in "lst" file.
NSTEP =        368   NCYCLE=  2  CFL_adv= 0.342  CFL_sgs= 0.125
 DAY =   0.127777777777778     
 NSTEP=         368
 div:  3.708797163463569E-017 -4.813183220276549E-017
 SST=   300.000000000000     
 surface pressure=   1014.80000000000     
 u:  -5.74321360228285        8.03864247677556     
 v:  -7.18915109031630        6.39939282427575     
 w:  -2.17578469122101        1.71573629918869     
 p:  -9.75449585283266        7.89350804075638     
 t:   297.928065743260        473.332312422074     
 tabs:   201.458825578940        300.630005597842     
 qv:  7.785105055543608E-098  1.876158595089931E-002
 tke:  0.000000000000000E+000   8.62077761547090     
 tk:  0.000000000000000E+000   20.3735643492005     
 tkh:  0.000000000000000E+000   20.3735643492005     
 qcl:  0.000000000000000E+000  0.000000000000000E+000
 qci:  0.000000000000000E+000  3.569871183649933E-003
 qpl:  0.000000000000000E+000  5.275261548722810E-004
 qpi:  0.000000000000000E+000  0.000000000000000E+000
 qrad(K/day):  -76.9720851154583        64.3674130813777     
 shf:  -1.49914741042198        8.82823528397011     
 lhf:   23.6539333645041        98.3399222027549     
 uw: -1.799031671646675E-002  3.400259950451925E-002
 vw: -2.858302860250434E-002  1.950966642832261E-002
 sst:   300.000000000000        300.000000000000     
 ===========================
 total water budget:
 before (mm):         45.46741237506
 after (mm):          45.46779383022
 evaporation (mm):     0.00041256472
 precipitation (mm):   0.00003110956
 large-scale (mm):     0.00000000000
 Imbalance (mm)       0.00000000000
 evap (mm/day):   1.18818640127756     
 prec (mm/day):  8.959554478226292E-002
 ls (mm/day):  0.000000000000000E+000
 imbalance (mm/day) -4.526184115005716E-012
  imbalance (rel error):  0.000000000000000E+000
 ===========================
NSTEP =        369   NCYCLE=  2  CFL_adv= 0.347  CFL_sgs= 0.123
NSTEP =        370   NCYCLE=  2  CFL_adv= 0.341  CFL_sgs= 0.121
NSTEP =        371   NCYCLE=  2  CFL_adv= 0.337  CFL_sgs= 0.120
 Collecting statistics...
 name QCSTRG is missing in "lst" file.
NSTEP =        372   NCYCLE=  2  CFL_adv= 0.329  CFL_sgs= 0.120
 DAY =   0.129166666666667     
 NSTEP=         372
 div:  4.614191351973253E-017 -6.022858394277970E-017
 SST=   300.000000000000     
 surface pressure=   1014.80000000000     
 u:  -5.94571490046365        7.17038060348490     
 v:  -6.50519165236064        6.13457593172685     
 w:  -1.90191754202899        1.56579752451640     
 p:  -9.98806602994292        7.17947800984248     
 t:   298.100719033496        473.333417154153     
 tabs:   201.541257974368        300.585779547218     
 qv:  1.013050450278482E-097  1.877763236232422E-002
 tke:  0.000000000000000E+000   10.6176273233009     
 tk:  0.000000000000000E+000   37.8778940029443     
 tkh:  0.000000000000000E+000   37.8778940029443     
 qcl:  0.000000000000000E+000  0.000000000000000E+000
 qci:  0.000000000000000E+000  3.476767496338214E-003
 qpl:  0.000000000000000E+000  4.709029759570805E-004
 qpi:  0.000000000000000E+000  0.000000000000000E+000
 qrad(K/day):  -76.9720851154583        64.3674130813777     
 shf:  -1.39315175705476        8.26984781242088     
 lhf:   23.2051648222881        96.5084669946282     
 uw: -1.731634370297019E-002  2.966614398138382E-002
 vw: -3.033512199337596E-002  1.678213520200555E-002
 sst:   300.000000000000        300.000000000000     
 ===========================
 total water budget:
 before (mm):         45.46894025783
 after (mm):          45.46932310767
 evaporation (mm):     0.00041158610
 precipitation (mm):   0.00002873626
 large-scale (mm):     0.00000000000
 Imbalance (mm)      -0.00000000000
 evap (mm/day):   1.18536796183637     
 prec (mm/day):  8.276043293369922E-002
 ls (mm/day):  0.000000000000000E+000
 imbalance (mm/day) -1.304984440821111E-011
  imbalance (rel error): -1.562685976383547E-016
 ===========================
 Let's do some shortwave
 Range of zenith angles  0.732661695834013       0.732661695834013     
 Range of surface albedo (asdir)  3.383449086658900E-002  3.383449086658900E-002
 Range of surface albedo (aldir)  3.383449086658900E-002  3.383449086658900E-002
 Range of surface albedo (asdif)  6.000000000000000E-002  6.000000000000000E-002
 Range of surface albedo (aldif)  6.000000000000000E-002  6.000000000000000E-002
 radiation: perpetual sun, solin=   310.282739723827     
 longwave radiation is called
NSTEP =        373   NCYCLE=  2  CFL_adv= 0.323  CFL_sgs= 0.136
NSTEP =        374   NCYCLE=  2  CFL_adv= 0.307  CFL_sgs= 0.133
NSTEP =        375   NCYCLE=  2  CFL_adv= 0.319  CFL_sgs= 0.130
 Collecting statistics...
 name QCSTRG is missing in "lst" file.
NSTEP =        376   NCYCLE=  2  CFL_adv= 0.337  CFL_sgs= 0.128
 DAY =   0.130555555555556     
 NSTEP=         376
 div:  4.278093526827262E-017 -5.065382440359829E-017
 SST=   300.000000000000     
 surface pressure=   1014.80000000000     
 u:  -6.44770557436768        7.69401578344012     
 v:  -6.37362401471139        7.22126640604561     
 w:  -2.16536558441747        1.54094470318255     
 p:  -10.8262831936002        7.25391609948783     
 t:   298.193409952752        473.335602298877     
 tabs:   201.576146540201        300.482443333129     
 qv:  4.126190709524601E-097  1.876429310822367E-002
 tke:  0.000000000000000E+000   8.16756921148806     
 tk:  0.000000000000000E+000   19.2350925658261     
 tkh:  0.000000000000000E+000   19.2350925658261     
 qcl:  0.000000000000000E+000  0.000000000000000E+000
 qci:  0.000000000000000E+000  3.384950679308857E-003
 qpl:  0.000000000000000E+000  4.239854754091508E-004
 qpi:  0.000000000000000E+000  0.000000000000000E+000
 qrad(K/day):  -77.3528668467399        64.2324559251613     
 shf:  -1.12109573204330        8.02178181422214     
 lhf:   22.9694574025429        94.2036408231631     
 uw: -1.900350245909253E-002  2.964394569235726E-002
 vw: -2.834822463617466E-002  1.590244852665042E-002
 sst:   300.000000000000        300.000000000000     
 ===========================
 total water budget:
 before (mm):         45.47047398522
 after (mm):          45.47085839363
 evaporation (mm):     0.00041061901
 precipitation (mm):   0.00002621059
 large-scale (mm):     0.00000000000
 Imbalance (mm)      -0.00000000000
 evap (mm/day):   1.18258274369129     
 prec (mm/day):  7.548650822733637E-002
 ls (mm/day):  0.000000000000000E+000
 imbalance (mm/day) -3.379253907948021E-011
  imbalance (rel error): -3.125266427165592E-016
 ===========================
NSTEP =        377   NCYCLE=  2  CFL_adv= 0.350  CFL_sgs= 0.119
NSTEP =        378   NCYCLE=  2  CFL_adv= 0.357  CFL_sgs= 0.119
 Let's do some shortwave
 Range of zenith angles  0.732661695834013       0.732661695834013     
 Range of surface albedo (asdir)  3.383449086658900E-002  3.383449086658900E-002
 Range of surface albedo (aldir)  3.383449086658900E-002  3.383449086658900E-002
 Range of surface albedo (asdif)  6.000000000000000E-002  6.000000000000000E-002
 Range of surface albedo (aldif)  6.000000000000000E-002  6.000000000000000E-002
 radiation: perpetual sun, solin=   310.282739728524     
 longwave radiation is called
NSTEP =        379   NCYCLE=  2  CFL_adv= 0.359  CFL_sgs= 0.119
 Collecting statistics...
 name QCSTRG is missing in "lst" file.
NSTEP =        380   NCYCLE=  2  CFL_adv= 0.355  CFL_sgs= 0.037
 DAY =   0.131944444444444     
 NSTEP=         380
 div:  5.773477915385459E-017 -4.981862186197755E-017
 SST=   300.000000000000     
 surface pressure=   1014.80000000000     
 u:  -6.52024565500705        6.81542700258264     
 v:  -6.57546634977408        7.67209646156797     
 w:  -2.71550916328450        1.49872860333137     
 p:  -10.4083811848602        7.30295055472221     
 t:   298.301993291996        473.333930836724     
 tabs:   201.545878455580        300.352948039237     
 qv:  1.041840120767955E-095  1.874859329492991E-002
 tke:  0.000000000000000E+000  0.767811705845798     
 tk:  0.000000000000000E+000   21.9062163815120     
 tkh:  0.000000000000000E+000   21.9062163815120     
 qcl:  0.000000000000000E+000  0.000000000000000E+000
 qci:  0.000000000000000E+000  3.276623216622104E-003
 qpl:  0.000000000000000E+000  3.788693373074091E-004
 qpi:  0.000000000000000E+000  0.000000000000000E+000
 qrad(K/day):  -71.1763629566433        58.4202769431631     
 shf:  -1.21142695353452        7.74635822725569     
 lhf:   22.8614081089190        87.4780192981163     
 uw: -1.830401060708568E-002  2.717989899917884E-002
 vw: -2.645057017929381E-002  1.668757243428466E-002
 sst:   300.000000000000        300.000000000000     
 ===========================
 total water budget:
 before (mm):         45.47201377796
 after (mm):          45.47239956778
 evaporation (mm):     0.00040966195
 precipitation (mm):   0.00002387213
 large-scale (mm):     0.00000000000
 Imbalance (mm)       0.00000000000
 evap (mm/day):   1.17982642891487     
 prec (mm/day):  6.875174248512024E-002
 ls (mm/day):  0.000000000000000E+000
 imbalance (mm/day)  4.357844163652147E-011
  imbalance (rel error):  3.125160504015289E-016
 ===========================
NSTEP =        381   NCYCLE=  2  CFL_adv= 0.346  CFL_sgs= 0.037
NSTEP =        382   NCYCLE=  2  CFL_adv= 0.336  CFL_sgs= 0.037
NSTEP =        383   NCYCLE=  2  CFL_adv= 0.330  CFL_sgs= 0.037
 Collecting statistics...
 name QCSTRG is missing in "lst" file.
NSTEP =        384   NCYCLE=  2  CFL_adv= 0.322  CFL_sgs= 0.037
 DAY =   0.133333333333333     
 NSTEP=         384
 div:  5.598322649675615E-017 -4.683583525369166E-017
 SST=   300.000000000000     
 surface pressure=   1014.80000000000     
 u:  -7.03272558445987        7.62795330779354     
 v:  -5.96868544308519        6.74528372094829     
 w:  -2.52963818694976        1.72491115706399     
 p:  -9.24865976869246        6.16818717784598     
 t:   298.364667039373        473.334702297613     
 tabs:   201.374200850407        300.427046986412     
 qv:  4.169843028481791E-095  1.876217647880167E-002
 tke:  0.000000000000000E+000   1.40615706225306     
 tk:  0.000000000000000E+000   24.0008742384863     
 tkh:  0.000000000000000E+000   24.0008742384863     
 qcl:  0.000000000000000E+000  0.000000000000000E+000
 qci:  0.000000000000000E+000  3.240099440627437E-003
 qpl:  0.000000000000000E+000  3.295111470276194E-004
 qpi:  0.000000000000000E+000  0.000000000000000E+000
 qrad(K/day):  -71.1763629566433        58.4202769431631     
 shf:  -1.07192663593022        7.23125841281012     
 lhf:   22.7991775478473        86.4876141297776     
 uw: -1.578622008527171E-002  2.270192967915461E-002
 vw: -2.955958974404048E-002  2.054807699148540E-002
 sst:   300.000000000000        300.000000000000     
 ===========================
 total water budget:
 before (mm):         45.47355874174
 after (mm):          45.47394569045
 evaporation (mm):     0.00040869910
 precipitation (mm):   0.00002175040
 large-scale (mm):     0.00000000000
 Imbalance (mm)      -0.00000000000
 evap (mm/day):   1.17705342172012     
 prec (mm/day):  6.264115491237056E-002
 ls (mm/day):  0.000000000000000E+000
 imbalance (mm/day) -1.030962424805604E-011
  imbalance (rel error): -1.562527123986506E-016
 ===========================
 Let's do some shortwave
 Range of zenith angles  0.732661695834013       0.732661695834013     
 Range of surface albedo (asdir)  3.383449086658900E-002  3.383449086658900E-002
 Range of surface albedo (aldir)  3.383449086658900E-002  3.383449086658900E-002
 Range of surface albedo (asdif)  6.000000000000000E-002  6.000000000000000E-002
 Range of surface albedo (aldif)  6.000000000000000E-002  6.000000000000000E-002
 radiation: perpetual sun, solin=   310.282739732626     
 longwave radiation is called
NSTEP =        385   NCYCLE=  2  CFL_adv= 0.329  CFL_sgs= 0.037
NSTEP =        386   NCYCLE=  2  CFL_adv= 0.332  CFL_sgs= 0.110
NSTEP =        387   NCYCLE=  2  CFL_adv= 0.333  CFL_sgs= 0.108
 Collecting statistics...
 name QCSTRG is missing in "lst" file.
NSTEP =        388   NCYCLE=  2  CFL_adv= 0.329  CFL_sgs= 0.106
 DAY =   0.134722222222222     
 NSTEP=         388
 div:  4.558133414674739E-017 -5.356470886686990E-017
 SST=   300.000000000000     
 surface pressure=   1014.80000000000     
 u:  -7.53840069634604        7.53667837410056     
 v:  -6.08099049070923        5.64811301747390     
 w:  -2.43153420810846        1.41052992296463     
 p:  -9.42007121441482        4.91144109507302     
 t:   298.438500904339        473.336765458257     
 tabs:   201.379574027006        300.652684213626     
 qv:  9.075920131121249E-095  1.877906563253859E-002
 tke:  0.000000000000000E+000   6.25579067942647     
 tk:  0.000000000000000E+000   44.3258264655361     
 tkh:  0.000000000000000E+000   44.3258264655361     
 qcl:  0.000000000000000E+000  1.809043356740311E-005
 qci:  0.000000000000000E+000  3.194708579231303E-003
 qpl:  0.000000000000000E+000  2.780671511741345E-004
 qpi:  0.000000000000000E+000  0.000000000000000E+000
 qrad(K/day):  -69.8221310387704        63.6934575607335     
 shf: -0.977607457921380        6.71078673907762     
 lhf:   22.7307219877898        82.4641838765630     
 uw: -1.497109987251908E-002  2.240506205733734E-002
 vw: -2.884479377007534E-002  2.153957416805045E-002
 sst:   300.000000000000        300.000000000000     
 ===========================
 total water budget:
 before (mm):         45.47510797698
 after (mm):          45.47549582221
 evaporation (mm):     0.00040771847
 precipitation (mm):   0.00001987325
 large-scale (mm):     0.00000000000
 Imbalance (mm)       0.00000000000
 evap (mm/day):   1.17422920631235     
 prec (mm/day):  5.723495989486781E-002
 ls (mm/day):  0.000000000000000E+000
 imbalance (mm/day)  4.555732744174201E-011
  imbalance (rel error):  3.124947723662394E-016
 ===========================
NSTEP =        389   NCYCLE=  2  CFL_adv= 0.323  CFL_sgs= 0.105
NSTEP =        390   NCYCLE=  2  CFL_adv= 0.319  CFL_sgs= 0.103
 Let's do some shortwave
 Range of zenith angles  0.732661695834013       0.732661695834013     
 Range of surface albedo (asdir)  3.383449086658900E-002  3.383449086658900E-002
 Range of surface albedo (aldir)  3.383449086658900E-002  3.383449086658900E-002
 Range of surface albedo (asdif)  6.000000000000000E-002  6.000000000000000E-002
 Range of surface albedo (aldif)  6.000000000000000E-002  6.000000000000000E-002
 radiation: perpetual sun, solin=   310.282739735737     
 longwave radiation is called
NSTEP =        391   NCYCLE=  2  CFL_adv= 0.312  CFL_sgs= 0.102
 Collecting statistics...
 name QCSTRG is missing in "lst" file.
NSTEP =        392   NCYCLE=  2  CFL_adv= 0.302  CFL_sgs= 0.100
 DAY =   0.136111111111111     
 NSTEP=         392
 div:  4.039766016602228E-017 -3.128492551709358E-017
 SST=   300.000000000000     
 surface pressure=   1014.80000000000     
 u:  -6.43190033985267        7.32557569037075     
 v:  -6.00151500369382        6.18950268826301     
 w:  -1.93428757852566        1.60607501657550     
 p:  -9.81985688775122        4.78863193687238     
 t:   298.541077281931        473.337250286503     
 tabs:   201.585405189106        300.660874474863     
 qv:  5.303723053150201E-094  1.879362228825874E-002
 tke:  0.000000000000000E+000   6.62938210887705     
 tk:  0.000000000000000E+000   35.6379069557253     
 tkh:  0.000000000000000E+000   35.6379069557253     
 qcl:  0.000000000000000E+000  1.730422751092229E-005
 qci:  0.000000000000000E+000  3.143111469190501E-003
 qpl:  0.000000000000000E+000  2.291837234570537E-004
 qpi:  0.000000000000000E+000  0.000000000000000E+000
 qrad(K/day):  -67.7216289603216        59.9251252667391     
 shf: -0.957481873537894        6.60214553341223     
 lhf:   22.6733845991042        84.7752306179259     
 uw: -1.433957499837202E-002  1.808380263810999E-002
 vw: -2.496697349260676E-002  1.876896554735592E-002
 sst:   300.000000000000        300.000000000000     
 ===========================
 total water budget:
 before (mm):         45.47666032819
 after (mm):          45.47704874940
 evaporation (mm):     0.00040672256
 precipitation (mm):   0.00001830136
 large-scale (mm):     0.00000000000
 Imbalance (mm)       0.00000000000
 evap (mm/day):   1.17136098213354     
 prec (mm/day):  5.270790568949365E-002
 ls (mm/day):  0.000000000000000E+000
 imbalance (mm/day)  2.034880076939860E-011
  imbalance (rel error):  1.562420507266220E-016
 ===========================
NSTEP =        393   NCYCLE=  2  CFL_adv= 0.289  CFL_sgs= 0.108
NSTEP =        394   NCYCLE=  2  CFL_adv= 0.274  CFL_sgs= 0.105
NSTEP =        395   NCYCLE=  2  CFL_adv= 0.257  CFL_sgs= 0.103
 Collecting statistics...
 name QCSTRG is missing in "lst" file.
NSTEP =        396   NCYCLE=  2  CFL_adv= 0.245  CFL_sgs= 0.101
 DAY =   0.137500000000000     
 NSTEP=         396
 div:  5.759432578497432E-017 -4.587184998525055E-017
 SST=   300.000000000000     
 surface pressure=   1014.80000000000     
 u:  -7.12089326021032        7.47675020870370     
 v:  -5.99424751838601        5.60973901924044     
 w:  -1.60931324657379        1.52226007537331     
 p:  -10.1307602538010        4.70367119832622     
 t:   298.652990422042        473.336815700236     
 tabs:   201.669686270561        300.568562027158     
 qv:  3.812269655357150E-092  1.880316138121253E-002
 tke:  0.000000000000000E+000   5.65089728497532     
 tk:  0.000000000000000E+000   30.7282264159468     
 tkh:  0.000000000000000E+000   30.7282264159468     
 qcl:  0.000000000000000E+000  0.000000000000000E+000
 qci:  0.000000000000000E+000  3.075241954695063E-003
 qpl:  0.000000000000000E+000  1.886045430549451E-004
 qpi:  0.000000000000000E+000  0.000000000000000E+000
 qrad(K/day):  -67.7216289603216        59.9251252667391     
 shf: -0.899442487919835        6.64505932845347     
 lhf:   22.6396517653912        81.1532646919357     
 uw: -1.264046955823664E-002  1.847595396389086E-002
 vw: -2.560120424769987E-002  2.038795655901135E-002
 sst:   300.000000000000        300.000000000000     
 ===========================
 total water budget:
 before (mm):         45.47821443823
 after (mm):          45.47860306360
 evaporation (mm):     0.00040571836
 precipitation (mm):   0.00001709299
 large-scale (mm):     0.00000000000
 Imbalance (mm)       0.00000000000
 evap (mm/day):   1.16846888077035     
 prec (mm/day):  4.922782058154435E-002
 ls (mm/day):  0.000000000000000E+000
 imbalance (mm/day)  9.615589574574201E-012
  imbalance (rel error):  1.562367108696139E-016
 ===========================
 Let's do some shortwave
 Range of zenith angles  0.732661695834013       0.732661695834013     
 Range of surface albedo (asdir)  3.383449086658900E-002  3.383449086658900E-002
 Range of surface albedo (aldir)  3.383449086658900E-002  3.383449086658900E-002
 Range of surface albedo (asdif)  6.000000000000000E-002  6.000000000000000E-002
 Range of surface albedo (aldif)  6.000000000000000E-002  6.000000000000000E-002
 radiation: perpetual sun, solin=   310.282739737661     
 longwave radiation is called
NSTEP =        397   NCYCLE=  2  CFL_adv= 0.238  CFL_sgs= 0.099
NSTEP =        398   NCYCLE=  2  CFL_adv= 0.240  CFL_sgs= 0.098
NSTEP =        399   NCYCLE=  2  CFL_adv= 0.240  CFL_sgs= 0.097
 Collecting statistics...
 name QCSTRG is missing in "lst" file.
NSTEP =        400   NCYCLE=  2  CFL_adv= 0.240  CFL_sgs= 0.096
 DAY =   0.138888888888889     
 NSTEP=         400
 div:  8.506691098724267E-017 -7.081320490140291E-017
 SST=   300.000000000000     
 surface pressure=   1014.80000000000     
 u:  -7.20555122101445        6.59137481471068     
 v:  -6.03052104733013        5.76124358305755     
 w:  -1.59006497920548        1.37561353919216     
 p:  -10.1858431862890        4.66232116777571     
 t:   298.753865451042        473.338183564873     
 tabs:   201.737962370313        300.352624168424     
 qv:  1.014293565333097E-091  1.880842187984426E-002
 tke:  0.000000000000000E+000   5.15722004993362     
 tk:  0.000000000000000E+000   23.0693825868227     
 tkh:  0.000000000000000E+000   23.0693825868227     
 qcl:  0.000000000000000E+000  0.000000000000000E+000
 qci:  0.000000000000000E+000  3.017095029263726E-003
 qpl:  0.000000000000000E+000  1.612379979350116E-004
 qpi:  0.000000000000000E+000  0.000000000000000E+000
 qrad(K/day):  -65.6034092525882        64.3402951053290     
 shf: -0.826170462623770        6.43188130945941     
 lhf:   22.6235806371653        79.7923239731276     
 uw: -1.088462074463565E-002  1.708862611471448E-002
 vw: -2.712097723851856E-002  1.957205171425288E-002
 sst:   300.000000000000        300.000000000000     
 ===========================
 total water budget:
 before (mm):         45.47976885400
 after (mm):          45.48015738066
 evaporation (mm):     0.00040471390
 precipitation (mm):   0.00001618724
 large-scale (mm):     0.00000000000
 Imbalance (mm)       0.00000000000
 evap (mm/day):   1.16557601907616     
 prec (mm/day):  4.661924925406920E-002
 ls (mm/day):  0.000000000000000E+000
 imbalance (mm/day) -5.066259911590265E-013
  imbalance (rel error):  0.000000000000000E+000
 ===========================
NSTEP =        401   NCYCLE=  2  CFL_adv= 0.237  CFL_sgs= 0.095
NSTEP =        402   NCYCLE=  1  CFL_adv= 0.466  CFL_sgs= 0.188
 Let's do some shortwave
 Range of zenith angles  0.732661695834013       0.732661695834013     
 Range of surface albedo (asdir)  3.383449086658900E-002  3.383449086658900E-002
 Range of surface albedo (aldir)  3.383449086658900E-002  3.383449086658900E-002
 Range of surface albedo (asdif)  6.000000000000000E-002  6.000000000000000E-002
 Range of surface albedo (aldif)  6.000000000000000E-002  6.000000000000000E-002
 radiation: perpetual sun, solin=   310.282739738396     
 longwave radiation is called
NSTEP =        403   NCYCLE=  2  CFL_adv= 0.239  CFL_sgs= 0.084
 Collecting statistics...
 name QCSTRG is missing in "lst" file.
NSTEP =        404   NCYCLE=  2  CFL_adv= 0.241  CFL_sgs= 0.097
 DAY =   0.140277777777778     
 NSTEP=         404
 div:  6.477580817610066E-017 -5.210509009479176E-017
 SST=   300.000000000000     
 surface pressure=   1014.80000000000     
 u:  -6.61897101164921        6.53086803159326     
 v:  -6.74670566702175        5.02802496785004     
 w:  -1.44751777437502        1.33552149640357     
 p:  -9.66104050906465        4.36282084180791     
 t:   298.782495441875        473.339034472602     
 tabs:   201.676640661625        300.234119488468     
 qv:  1.139663297515812E-090  1.881504681058279E-002
 tke:  0.000000000000000E+000   5.19824937833883     
 tk:  0.000000000000000E+000   25.7358581754858     
 tkh:  0.000000000000000E+000   25.7358581754858     
 qcl:  0.000000000000000E+000  0.000000000000000E+000
 qci:  0.000000000000000E+000  2.968773563484759E-003
 qpl:  0.000000000000000E+000  1.429823270037590E-004
 qpi:  0.000000000000000E+000  0.000000000000000E+000
 qrad(K/day):  -66.4822125042790        66.5029147858985     
 shf: -0.795304914775880        6.50335532043979     
 lhf:   22.5725861613062        80.0271467855991     
 uw: -1.064675455863081E-002  1.447976827445548E-002
 vw: -2.422734393576835E-002  1.746078157484681E-002
 sst:   300.000000000000        300.000000000000     
 ===========================
 total water budget:
 before (mm):         45.48132291390
 after (mm):          45.48171131564
 evaporation (mm):     0.00040371760
 precipitation (mm):   0.00001531586
 large-scale (mm):     0.00000000000
 Imbalance (mm)       0.00000000000
 evap (mm/day):   1.16270669110317     
 prec (mm/day):  4.410966539945646E-002
 ls (mm/day):  0.000000000000000E+000
 imbalance (mm/day)  1.647335588252086E-011
  imbalance (rel error):  1.562260335432363E-016
 ===========================
NSTEP =        405   NCYCLE=  2  CFL_adv= 0.242  CFL_sgs= 0.095
NSTEP =        406   NCYCLE=  2  CFL_adv= 0.239  CFL_sgs= 0.107
NSTEP =        407   NCYCLE=  2  CFL_adv= 0.241  CFL_sgs= 0.105
 Collecting statistics...
 name QCSTRG is missing in "lst" file.
NSTEP =        408   NCYCLE=  2  CFL_adv= 0.239  CFL_sgs= 0.104
 DAY =   0.141666666666667     
 NSTEP=         408
 div:  6.376969030242888E-017 -4.763485472490924E-017
 SST=   300.000000000000     
 surface pressure=   1014.80000000000     
 u:  -6.81958602685456        6.05778448997936     
 v:  -6.41520488595408        4.99254452262556     
 w:  -1.71887219841421        1.44892755426171     
 p:  -8.84147537775888        4.52904421191687     
 t:   298.829911525188        473.339915403435     
 tabs:   201.680772609934        300.187293398453     
 qv:  1.410816063736466E-089  1.883138587880181E-002
 tke:  0.000000000000000E+000   5.98026055041721     
 tk:  0.000000000000000E+000   28.8531013245293     
 tkh:  0.000000000000000E+000   28.8531013245293     
 qcl:  0.000000000000000E+000  0.000000000000000E+000
 qci:  0.000000000000000E+000  2.894052871844438E-003
 qpl:  0.000000000000000E+000  1.238553579778828E-004
 qpi:  0.000000000000000E+000  0.000000000000000E+000
 qrad(K/day):  -66.4822125042790        66.5029147858985     
 shf: -0.859125556353044        6.35966137608830     
 lhf:   22.4948270482305        78.8470982326554     
 uw: -1.000771287323098E-002  1.477195009784666E-002
 vw: -2.059011020218945E-002  1.717862492351072E-002
 sst:   300.000000000000        300.000000000000     
 ===========================
 total water budget:
 before (mm):         45.48287667523
 after (mm):          45.48326523295
 evaporation (mm):     0.00040273258
 precipitation (mm):   0.00001417486
 large-scale (mm):     0.00000000000
 Imbalance (mm)      -0.00000000000
 evap (mm/day):   1.15986984041058     
 prec (mm/day):  4.082358949810033E-002
 ls (mm/day):  0.000000000000000E+000
 imbalance (mm/day) -1.810756622769305E-011
  imbalance (rel error): -1.562206961441478E-016
 ===========================
 Let's do some shortwave
 Range of zenith angles  0.732661695834013       0.732661695834013     
 Range of surface albedo (asdir)  3.383449086658900E-002  3.383449086658900E-002
 Range of surface albedo (aldir)  3.383449086658900E-002  3.383449086658900E-002
 Range of surface albedo (asdif)  6.000000000000000E-002  6.000000000000000E-002
 Range of surface albedo (aldif)  6.000000000000000E-002  6.000000000000000E-002
 radiation: perpetual sun, solin=   310.282739737887     
 longwave radiation is called
NSTEP =        409   NCYCLE=  1  CFL_adv= 0.473  CFL_sgs= 0.204
NSTEP =        410   NCYCLE=  1  CFL_adv= 0.463  CFL_sgs= 0.167
NSTEP =        411   NCYCLE=  1  CFL_adv= 0.474  CFL_sgs= 0.202
 Collecting statistics...
 name QCSTRG is missing in "lst" file.
NSTEP =        412   NCYCLE=  2  CFL_adv= 0.240  CFL_sgs= 0.083
 DAY =   0.143055555555556     
 NSTEP=         412
 div:  6.585674804059554E-017 -4.322858238134331E-017
 SST=   300.000000000000     
 surface pressure=   1014.80000000000     
 u:  -6.58225302999009        6.14150370405717     
 v:  -5.79023624374005        5.33211471540241     
 w:  -1.84151241139047        1.32110543315420     
 p:  -8.31690471582962        4.63207729710144     
 t:   298.886107256271        473.340181829581     
 tabs:   201.692741797485        300.155318321085     
 qv:  5.279697024128093E-089  1.884259445904158E-002
 tke:  0.000000000000000E+000   3.93251324267253     
 tk:  0.000000000000000E+000   26.3914787281395     
 tkh:  0.000000000000000E+000   26.3914787281395     
 qcl:  0.000000000000000E+000  0.000000000000000E+000
 qci:  0.000000000000000E+000  2.857584621172129E-003
 qpl:  0.000000000000000E+000  9.648209521067570E-005
 qpi:  0.000000000000000E+000  0.000000000000000E+000
 qrad(K/day):  -62.5850839560697        59.9514469795110     
 shf: -0.755100139433055        5.72957623670880     
 lhf:   22.4845048645945        76.7655323042728     
 uw: -1.028673598122394E-002  1.353102675301973E-002
 vw: -2.051531944925751E-002  1.703183152956368E-002
 sst:   300.000000000000        300.000000000000     
 ===========================
 total water budget:
 before (mm):         45.48443181818
 after (mm):          45.48482061962
 evaporation (mm):     0.00040174881
 precipitation (mm):   0.00001294737
 large-scale (mm):     0.00000000000
 Imbalance (mm)       0.00000000000
 evap (mm/day):   1.15703658194914     
 prec (mm/day):  3.728843521780500E-002
 ls (mm/day):  0.000000000000000E+000
 imbalance (mm/day)  7.526313556757702E-012
  imbalance (rel error):  1.562153540633461E-016
 ===========================
NSTEP =        413   NCYCLE=  1  CFL_adv= 0.473  CFL_sgs= 0.166
NSTEP =        414   NCYCLE=  1  CFL_adv= 0.454  CFL_sgs= 0.178
 Let's do some shortwave
 Range of zenith angles  0.732661695834013       0.732661695834013     
 Range of surface albedo (asdir)  3.383449086658900E-002  3.383449086658900E-002
 Range of surface albedo (aldir)  3.383449086658900E-002  3.383449086658900E-002
 Range of surface albedo (asdif)  6.000000000000000E-002  6.000000000000000E-002
 Range of surface albedo (aldif)  6.000000000000000E-002  6.000000000000000E-002
 radiation: perpetual sun, solin=   310.282739736122     
 longwave radiation is called
NSTEP =        415   NCYCLE=  1  CFL_adv= 0.463  CFL_sgs= 0.166
 Collecting statistics...
 name QCSTRG is missing in "lst" file.
NSTEP =        416   NCYCLE=  1  CFL_adv= 0.469  CFL_sgs= 0.173
 DAY =   0.144444444444444     
 NSTEP=         416
 div:  1.581407720440541E-016 -1.137381106585801E-016
 SST=   300.000000000000     
 surface pressure=   1014.80000000000     
 u:  -6.83453188885001        5.97256363621762     
 v:  -6.41120634868531        5.19909665076778     
 w:  -1.43928793354500        1.21459355961181     
 p:  -8.53625540721495        4.80244510611435     
 t:   298.999641429909        473.339207541351     
 tabs:   201.738168686714        300.223483636518     
 qv:  1.260288521650787E-088  1.884863714222997E-002
 tke:  0.000000000000000E+000   3.96608458217464     
 tk:  0.000000000000000E+000   26.4571883768791     
 tkh:  0.000000000000000E+000   26.4571883768791     
 qcl:  0.000000000000000E+000  0.000000000000000E+000
 qci:  0.000000000000000E+000  2.824349577216782E-003
 qpl:  0.000000000000000E+000  7.733351171205302E-005
 qpi:  0.000000000000000E+000  0.000000000000000E+000
 qrad(K/day):  -68.2489952527277        55.2649917646352     
 shf: -0.655715124566627        5.36574788739635     
 lhf:   22.3521974479957        74.5053594323517     
 uw: -1.008546532386467E-002  1.225490596882807E-002
 vw: -1.783809124092287E-002  1.397377454092455E-002
 sst:   300.000000000000        300.000000000000     
 ===========================
 total water budget:
 before (mm):         45.48598828275
 after (mm):          45.48637773900
 evaporation (mm):     0.00040082746
 precipitation (mm):   0.00001137120
 large-scale (mm):     0.00000000000
 Imbalance (mm)       0.00000000000
 evap (mm/day):   1.15438307669585     
 prec (mm/day):  3.274906499656063E-002
 ls (mm/day):  0.000000000000000E+000
 imbalance (mm/day)  8.052152694615344E-014
  imbalance (rel error):  0.000000000000000E+000
 ===========================
NSTEP =        417   NCYCLE=  1  CFL_adv= 0.471  CFL_sgs= 0.166
NSTEP =        418   NCYCLE=  1  CFL_adv= 0.469  CFL_sgs= 0.230
NSTEP =        419   NCYCLE=  1  CFL_adv= 0.463  CFL_sgs= 0.166
 Collecting statistics...
 name QCSTRG is missing in "lst" file.
 Writting statistics:nstatsteps=          15
 --------------- ISCCP Simulator Diagnostics: -----------------
 ISCCP PDF:
            0.0       0.3       1.3       3.6       9.4      23.0      60.0
    0.     0.000     0.000     0.000     0.000     0.000     0.000     0.001
  180.     0.005     0.002     0.002     0.002     0.002     0.003     0.004
  310.     0.000     0.000     0.000     0.000     0.000     0.000     0.000
  440.     0.000     0.000     0.000     0.000     0.000     0.000     0.000
  560.     0.000     0.000     0.000     0.000     0.000     0.000     0.000
  680.     0.000     0.000     0.000     0.000     0.000     0.000     0.000
  800.     0.000     0.000     0.000     0.000     0.000     0.000     0.000
 low cld area (tau > 0.3)=  0.000000000000000E+000
 mid cld area (tau > 0.3)=  0.000000000000000E+000
 hgh cld area (tau > 0.3)=  1.555480957031250E-002
 total cld area (tau > 0.3)=  1.555480957031250E-002
 mean albedo cld (tau > 0.3)   0.627245788880343     
 mean tau cld (tau > 0.3)    15.2803604243330     
 mean top pressure (tau > 0.3)   240.703198439366     
 mean brightness temp (tau > 0.3)   281.409529868346     
 mean clearsky brightness temp (tau > 0.3)   296.062183357695     
 --------------- MODIS Simulator Diagnostics: -----------------
 MODIS PDF:
                      0.3       1.3       3.6       9.4      23.0      60.0
    0.               0.000     0.000     0.000     0.000     0.000     0.002
  180.               0.002     0.002     0.002     0.002     0.003     0.003
  310.               0.000     0.000     0.000     0.000     0.000     0.000
  440.               0.000     0.000     0.000     0.000     0.000     0.000
  560.               0.000     0.000     0.000     0.000     0.000     0.000
  680.               0.000     0.000     0.000     0.000     0.000     0.000
  800.               0.000     0.000     0.000     0.000     0.000     0.000
 low cld area =  0.000000000000000E+000
 mid cld area =  0.000000000000000E+000
 hgh cld area =  1.555480957031250E-002
 total cld area =  1.555480957031250E-002
 mean tau cld    44.1373841933578     
 mean top pressure    233.598764794509     
 total cld area (liquid) =  0.000000000000000E+000
 total cld area (ice) =  1.555480957031250E-002
 mean tau (liquid) =  -1.00000000000000     
 mean tau (ice) =   44.1373841933578     
 mean lwp (g/m2) =  -1.00000000000000     
 mean iwp (g/m2) =   1294.98032609753     
 mean reff (liquid)  =  -1.00000000000000     
 mean reff (ice)  =   49.9225823855612     
 --------------- MISR Simulator Diagnostics: -----------------
 MISR PDF:
            0.0       0.3       1.3       3.6       9.4      23.0      60.0
 99.00     0.000     0.000     0.000     0.000     0.000     0.000     0.000
 17.00     0.000     0.000     0.000     0.000     0.000     0.000     0.000
 15.00     0.000     0.000     0.000     0.000     0.000     0.000     0.002
 13.00     0.000     0.000     0.000     0.000     0.000     0.001     0.003
 11.00     0.000     0.001     0.002     0.001     0.001     0.002     0.001
  9.00     0.000     0.001     0.000     0.000     0.000     0.000     0.000
  7.00     0.000     0.000     0.000     0.000     0.000     0.000     0.000
  5.00     0.000     0.000     0.000     0.000     0.000     0.000     0.000
  4.00     0.000     0.000     0.000     0.000     0.000     0.000     0.000
  3.00     0.000     0.000     0.000     0.000     0.000     0.000     0.000
  2.50     0.000     0.000     0.000     0.000     0.000     0.000     0.000
  2.00     0.000     0.000     0.000     0.000     0.000     0.000     0.000
  1.50     0.000     0.000     0.000     0.000     0.000     0.000     0.000
  1.00     0.000     0.000     0.000     0.000     0.000     0.000     0.000
  0.50     0.000     0.000     0.000     0.000     0.000     0.000     0.000
  0.00     0.000     0.000     0.000     0.000     0.000     0.000     0.000
 total cld area =  1.506245930989583E-002
 mean top height (m)   11089.9157207394     
 Writting history file 
 rcemip300sst_160_MaxIce20_dry                                                  
  
NSTEP =        420   NCYCLE=  1  CFL_adv= 0.456  CFL_sgs= 0.207
 DAY =   0.145833333333333     
 NSTEP=         420
 div:  1.327982266350493E-016 -9.022160140914049E-017
 SST=   300.000000000000     
 surface pressure=   1014.80000000000     
 u:  -6.27160255814402        5.86507739213519     
 v:  -6.60550416372865        4.34358190256548     
 w:  -1.42064682650895        1.40734648943745     
 p:  -8.38197918213339        4.63857032396630     
 t:   299.044948863899        473.341379961659     
 tabs:   201.714364542853        300.246673389763     
 qv:  3.647908711406071E-088  1.885103770410690E-002
 tke:  0.000000000000000E+000   5.24222020659738     
 tk:  0.000000000000000E+000   22.6363796810434     
 tkh:  0.000000000000000E+000   22.6363796810434     
 qcl:  0.000000000000000E+000  1.231470137435168E-006
 qci:  0.000000000000000E+000  2.788763660864901E-003
 qpl:  0.000000000000000E+000  6.946820901008676E-005
 qpi:  0.000000000000000E+000  0.000000000000000E+000
 qrad(K/day):  -68.2489952527277        55.2649917646352     
 shf: -0.718107073084358        4.66483474685876     
 lhf:   22.2660474008982        74.1753567051027     
 uw: -1.065062035349198E-002  1.213282525388075E-002
 vw: -1.581347078117082E-002  1.334830695359139E-002
 sst:   300.000000000000        300.000000000000     
 ===========================
 total water budget:
 before (mm):         45.48754632069
 after (mm):          45.48793581616
 evaporation (mm):     0.00039984719
 precipitation (mm):   0.00001035173
 large-scale (mm):     0.00000000000
 Imbalance (mm)       0.00000000000
 evap (mm/day):   1.15155990959224     
 prec (mm/day):  2.981297230588716E-002
 ls (mm/day):  0.000000000000000E+000
 imbalance (mm/day) -7.691557351967304E-012
  imbalance (rel error):  0.000000000000000E+000
 ===========================
CPU TIME =     103.8777 OVER     0.50 MODEL HOURS
 Let's do some shortwave
 Range of zenith angles  0.732661695834013       0.732661695834013     
 Range of surface albedo (asdir)  3.383449086658900E-002  3.383449086658900E-002
 Range of surface albedo (aldir)  3.383449086658900E-002  3.383449086658900E-002
 Range of surface albedo (asdif)  6.000000000000000E-002  6.000000000000000E-002
 Range of surface albedo (aldif)  6.000000000000000E-002  6.000000000000000E-002
 radiation: perpetual sun, solin=   310.282739733032     
 longwave radiation is called
NSTEP =        421   NCYCLE=  1  CFL_adv= 0.444  CFL_sgs= 0.191
NSTEP =        422   NCYCLE=  1  CFL_adv= 0.430  CFL_sgs= 0.193
NSTEP =        423   NCYCLE=  1  CFL_adv= 0.426  CFL_sgs= 0.188
 Collecting statistics...
 name QCSTRG is missing in "lst" file.
NSTEP =        424   NCYCLE=  1  CFL_adv= 0.427  CFL_sgs= 0.168
 DAY =   0.147222222222222     
 NSTEP=         424
 div:  1.386665985255758E-016 -9.138717388896766E-017
 SST=   300.000000000000     
 surface pressure=   1014.80000000000     
 u:  -6.22046605735358        5.31581200324635     
 v:  -5.90476020362713        4.63776518502821     
 w:  -1.49159541055020        1.42556178178414     
 p:  -7.82648549226842        4.38341793519452     
 t:   299.131926038896        473.341818114789     
 tabs:   201.727818483841        300.166444579546     
 qv:  6.600220240102490E-088  1.885027378908747E-002
 tke:  0.000000000000000E+000   4.95135694929191     
 tk:  0.000000000000000E+000   22.0742448087833     
 tkh:  0.000000000000000E+000   22.0742448087833     
 qcl:  0.000000000000000E+000  3.387125693687088E-006
 qci:  0.000000000000000E+000  2.776093752414878E-003
 qpl:  0.000000000000000E+000  6.318563179164973E-005
 qpi:  0.000000000000000E+000  0.000000000000000E+000
 qrad(K/day):  -61.5634685460866        50.2390211027289     
 shf: -0.750451364795181        4.11418939635568     
 lhf:   22.1618310665614        73.5772329630310     
 uw: -1.044831967970969E-002  1.140141474768413E-002
 vw: -1.570708171133143E-002  1.120690100606875E-002
 sst:   300.000000000000        300.000000000000     
 ===========================
 total water budget:
 before (mm):         45.48910439221
 after (mm):          45.48949394266
 evaporation (mm):     0.00039887310
 precipitation (mm):   0.00000932265
 large-scale (mm):     0.00000000000
 Imbalance (mm)      -0.00000000000
 evap (mm/day):   1.14875452553918     
 prec (mm/day):  2.684922073724488E-002
 ls (mm/day):  0.000000000000000E+000
 imbalance (mm/day) -1.664352249769463E-011
  imbalance (rel error): -1.561993054167060E-016
 ===========================
NSTEP =        425   NCYCLE=  1  CFL_adv= 0.425  CFL_sgs= 0.186
NSTEP =        426   NCYCLE=  1  CFL_adv= 0.421  CFL_sgs= 0.175
 Let's do some shortwave
 Range of zenith angles  0.732661695834013       0.732661695834013     
 Range of surface albedo (asdir)  3.383449086658900E-002  3.383449086658900E-002
 Range of surface albedo (aldir)  3.383449086658900E-002  3.383449086658900E-002
 Range of surface albedo (asdif)  6.000000000000000E-002  6.000000000000000E-002
 Range of surface albedo (aldif)  6.000000000000000E-002  6.000000000000000E-002
 radiation: perpetual sun, solin=   310.282739728729     
 longwave radiation is called
NSTEP =        427   NCYCLE=  1  CFL_adv= 0.410  CFL_sgs= 0.184
 Collecting statistics...
 name QCSTRG is missing in "lst" file.
NSTEP =        428   NCYCLE=  1  CFL_adv= 0.402  CFL_sgs= 0.192
 DAY =   0.148611111111111     
 NSTEP=         428
 div:  1.271508799343655E-016 -1.114251487829587E-016
 SST=   300.000000000000     
 surface pressure=   1014.80000000000     
 u:  -6.28984284207251        5.06957668015447     
 v:  -5.16668239851007        4.57225917210342     
 w:  -1.48908890572311        1.32659299550279     
 p:  -7.27248872443534        4.50664893279048     
 t:   299.185507695488        473.342126709100     
 tabs:   201.795340216052        300.158873016118     
 qv:  7.829066837449605E-088  1.885728945575445E-002
 tke:  0.000000000000000E+000   4.68494062983094     
 tk:  0.000000000000000E+000   21.2910471039829     
 tkh:  0.000000000000000E+000   21.2910471039829     
 qcl:  0.000000000000000E+000  2.194105990098293E-006
 qci:  0.000000000000000E+000  2.756757516290482E-003
 qpl:  0.000000000000000E+000  5.956171399062076E-005
 qpi:  0.000000000000000E+000  0.000000000000000E+000
 qrad(K/day):  -63.8632203158295        53.6064157068151     
 shf: -0.929685583421635        3.64582713709767     
 lhf:   22.0474087860733        72.0628710609197     
 uw: -1.020408651465078E-002  1.135806042455294E-002
 vw: -1.351018511916117E-002  1.046844813389553E-002
 sst:   300.000000000000        300.000000000000     
 ===========================
 total water budget:
 before (mm):         45.49066233952
 after (mm):          45.49105172104
 evaporation (mm):     0.00039791103
 precipitation (mm):   0.00000852951
 large-scale (mm):     0.00000000000
 Imbalance (mm)       0.00000000000
 evap (mm/day):   1.14598375838426     
 prec (mm/day):  2.456499182390642E-002
 ls (mm/day):  0.000000000000000E+000
 imbalance (mm/day)  1.425176871048400E-011
  imbalance (rel error):  1.561939565867368E-016
 ===========================
NSTEP =        429   NCYCLE=  1  CFL_adv= 0.410  CFL_sgs= 0.181
NSTEP =        430   NCYCLE=  1  CFL_adv= 0.415  CFL_sgs= 0.185
NSTEP =        431   NCYCLE=  1  CFL_adv= 0.417  CFL_sgs= 0.170
 Collecting statistics...
 name QCSTRG is missing in "lst" file.
NSTEP =        432   NCYCLE=  1  CFL_adv= 0.415  CFL_sgs= 0.180
 DAY =   0.150000000000000     
 NSTEP=         432
 div:  1.358213597485816E-016 -9.276205681209059E-017
 SST=   300.000000000000     
 surface pressure=   1014.80000000000     
 u:  -6.54834550739897        4.99928350935101     
 v:  -5.96670917778969        4.51283956003226     
 w:  -1.61061326405476        1.39310499389646     
 p:  -6.78760607304913        4.52298185760874     
 t:   299.234104640950        473.342107606216     
 tabs:   201.794721798481        300.170836856792     
 qv:  1.140054196829001E-087  1.887756722021498E-002
 tke:  0.000000000000000E+000   4.85882827520971     
 tk:  0.000000000000000E+000   15.5655980545579     
 tkh:  0.000000000000000E+000   15.5655980545579     
 qcl:  0.000000000000000E+000  0.000000000000000E+000
 qci:  0.000000000000000E+000  2.728070102328363E-003
 qpl:  0.000000000000000E+000  5.957263607910088E-005
 qpi:  0.000000000000000E+000  0.000000000000000E+000
 qrad(K/day):  -63.8632203158295        53.6064157068151     
 shf:  -1.03866278260883        3.45220346753070     
 lhf:   21.9307273018602        69.7565149442672     
 uw: -1.177985729178954E-002  1.077874035126778E-002
 vw: -1.200926466991545E-002  1.038220081573514E-002
 sst:   300.000000000000        300.000000000000     
 ===========================
 total water budget:
 before (mm):         45.49221966039
 after (mm):          45.49260889686
 evaporation (mm):     0.00039696039
 precipitation (mm):   0.00000772392
 large-scale (mm):     0.00000000000
 Imbalance (mm)       0.00000000000
 evap (mm/day):   1.14324591520329     
 prec (mm/day):  2.224489448905650E-002
 ls (mm/day):  0.000000000000000E+000
 imbalance (mm/day) -8.248767879685814E-012
  imbalance (rel error):  0.000000000000000E+000
 ===========================
 Let's do some shortwave
 Range of zenith angles  0.732661695834013       0.732661695834013     
 Range of surface albedo (asdir)  3.383449086658900E-002  3.383449086658900E-002
 Range of surface albedo (aldir)  3.383449086658900E-002  3.383449086658900E-002
 Range of surface albedo (asdif)  6.000000000000000E-002  6.000000000000000E-002
 Range of surface albedo (aldif)  6.000000000000000E-002  6.000000000000000E-002
 radiation: perpetual sun, solin=   310.282739723534     
 longwave radiation is called
NSTEP =        433   NCYCLE=  1  CFL_adv= 0.410  CFL_sgs= 0.184
NSTEP =        434   NCYCLE=  1  CFL_adv= 0.400  CFL_sgs= 0.175
NSTEP =        435   NCYCLE=  1  CFL_adv= 0.400  CFL_sgs= 0.179
 Collecting statistics...
 name QCSTRG is missing in "lst" file.
NSTEP =        436   NCYCLE=  1  CFL_adv= 0.400  CFL_sgs= 0.171
 DAY =   0.151388888888889     
 NSTEP=         436
 div:  1.348604231031263E-016 -7.643104007541999E-017
 SST=   300.000000000000     
 surface pressure=   1014.80000000000     
 u:  -5.73123204487455        5.10332358741090     
 v:  -5.97556001638938        4.55305801482777     
 w:  -1.57830939228780        1.40857587103595     
 p:  -6.53223054102513        4.75163753134865     
 t:   299.256324880563        473.341823465342     
 tabs:   201.817188364362        300.196643878315     
 qv:  1.973834839748320E-087  1.889731346204816E-002
 tke:  0.000000000000000E+000   4.43826077160125     
 tk:  0.000000000000000E+000   12.0155131364037     
 tkh:  0.000000000000000E+000   12.0155131364037     
 qcl:  0.000000000000000E+000  0.000000000000000E+000
 qci:  0.000000000000000E+000  2.690356992473115E-003
 qpl:  0.000000000000000E+000  5.786425589217828E-005
 qpi:  0.000000000000000E+000  0.000000000000000E+000
 qrad(K/day):  -65.6822723084542        53.1933409308805     
 shf:  -1.11862153832298        3.34646454575212     
 lhf:   21.8158533079462        67.3817459075103     
 uw: -1.242785303043334E-002  1.013532075064107E-002
 vw: -1.257111175715765E-002  1.055322677576475E-002
 sst:   300.000000000000        300.000000000000     
 ===========================
 total water budget:
 before (mm):         45.49377631320
 after (mm):          45.49416533530
 evaporation (mm):     0.00039602755
 precipitation (mm):   0.00000700545
 large-scale (mm):     0.00000000000
 Imbalance (mm)       0.00000000000
 evap (mm/day):   1.14055933575063     
 prec (mm/day):  2.017570948918076E-002
 ls (mm/day):  0.000000000000000E+000
 imbalance (mm/day)  3.246511214157963E-011
  imbalance (rel error):  3.123665333887749E-016
 ===========================
NSTEP =        437   NCYCLE=  1  CFL_adv= 0.396  CFL_sgs= 0.176
NSTEP =        438   NCYCLE=  1  CFL_adv= 0.394  CFL_sgs= 0.168
 Let's do some shortwave
 Range of zenith angles  0.732661695834013       0.732661695834013     
 Range of surface albedo (asdir)  3.383449086658900E-002  3.383449086658900E-002
 Range of surface albedo (aldir)  3.383449086658900E-002  3.383449086658900E-002
 Range of surface albedo (asdif)  6.000000000000000E-002  6.000000000000000E-002
 Range of surface albedo (aldif)  6.000000000000000E-002  6.000000000000000E-002
 radiation: perpetual sun, solin=   310.282739717731     
 longwave radiation is called
NSTEP =        439   NCYCLE=  1  CFL_adv= 0.392  CFL_sgs= 0.163
 Collecting statistics...
 name QCSTRG is missing in "lst" file.
NSTEP =        440   NCYCLE=  1  CFL_adv= 0.388  CFL_sgs= 0.177
 DAY =   0.152777777777778     
 NSTEP=         440
 div:  1.638653353436595E-016 -1.027006657817096E-016
 SST=   300.000000000000     
 surface pressure=   1014.80000000000     
 u:  -6.46213182344373        4.83454285558985     
 v:  -5.68024795754504        5.59301241199298     
 w:  -1.41080204829179        1.06702271739003     
 p:  -6.55117884123492        4.61851338151450     
 t:   299.298126752435        473.343187387056     
 tabs:   201.820674088051        300.197426626021     
 qv:  2.107009663340892E-087  1.891627796315808E-002
 tke:  0.000000000000000E+000   4.55062562045204     
 tk:  0.000000000000000E+000   15.1799051227616     
 tkh:  0.000000000000000E+000   15.1799051227616     
 qcl:  0.000000000000000E+000  0.000000000000000E+000
 qci:  0.000000000000000E+000  2.646744097237290E-003
 qpl:  0.000000000000000E+000  5.667095556459864E-005
 qpi:  0.000000000000000E+000  0.000000000000000E+000
 qrad(K/day):  -61.3052777538681        50.9806337925780     
 shf:  -1.13536599106111        2.84045314269591     
 lhf:   21.7031193763531        69.3498566474348     
 uw: -1.159409778839465E-002  9.567035148802144E-003
 vw: -1.222732081961857E-002  1.071905748580866E-002
 sst:   300.000000000000        300.000000000000     
 ===========================
 total water budget:
 before (mm):         45.49533194423
 after (mm):          45.49572063367
 evaporation (mm):     0.00039511220
 precipitation (mm):   0.00000642276
 large-scale (mm):     0.00000000000
 Imbalance (mm)      -0.00000000000
 evap (mm/day):   1.13792313825289     
 prec (mm/day):  1.849753779088791E-002
 ls (mm/day):  0.000000000000000E+000
 imbalance (mm/day) -1.874179522513841E-011
  imbalance (rel error): -1.561779274761498E-016
 ===========================
NSTEP =        441   NCYCLE=  1  CFL_adv= 0.397  CFL_sgs= 0.178
NSTEP =        442   NCYCLE=  1  CFL_adv= 0.392  CFL_sgs= 0.170
NSTEP =        443   NCYCLE=  1  CFL_adv= 0.390  CFL_sgs= 0.174
 Collecting statistics...
 name QCSTRG is missing in "lst" file.
NSTEP =        444   NCYCLE=  1  CFL_adv= 0.390  CFL_sgs= 0.165
 DAY =   0.154166666666667     
 NSTEP=         444
 div:  1.400238441855798E-016 -9.905896378012479E-017
 SST=   300.000000000000     
 surface pressure=   1014.80000000000     
 u:  -6.17735478497807        4.74817704894763     
 v:  -5.00130598825249        5.86122265951347     
 w:  -1.30021476989807        1.01617058373847     
 p:  -6.06767109210515        4.53387024370911     
 t:   299.322883971584        473.344594512256     
 tabs:   201.819814480100        300.192514272833     
 qv:  2.590104172785086E-087  1.893423137021495E-002
 tke:  0.000000000000000E+000   4.13820952781697     
 tk:  0.000000000000000E+000   15.5865754004889     
 tkh:  0.000000000000000E+000   15.5865754004889     
 qcl:  0.000000000000000E+000  0.000000000000000E+000
 qci:  0.000000000000000E+000  2.604392012993703E-003
 qpl:  0.000000000000000E+000  5.831625284547424E-005
 qpi:  0.000000000000000E+000  0.000000000000000E+000
 qrad(K/day):  -61.3052777538681        50.9806337925780     
 shf:  -1.12350737186558        2.73741823077809     
 lhf:   21.5931530951469        68.7309325386005     
 uw: -1.017010927664869E-002  9.238468396803182E-003
 vw: -1.104382505993705E-002  9.778757569662179E-003
 sst:   300.000000000000        300.000000000000     
 ===========================
 total water budget:
 before (mm):         45.49688606741
 after (mm):          45.49727431877
 evaporation (mm):     0.00039421830
 precipitation (mm):   0.00000596694
 large-scale (mm):     0.00000000000
 Imbalance (mm)       0.00000000000
 evap (mm/day):   1.13534869875547     
 prec (mm/day):  1.718477858073668E-002
 ls (mm/day):  0.000000000000000E+000
 imbalance (mm/day)  2.986544117480200E-012
  imbalance (rel error):  1.561725941606439E-016
 ===========================
 Let's do some shortwave
 Range of zenith angles  0.732661695834013       0.732661695834013     
 Range of surface albedo (asdir)  3.383449086658900E-002  3.383449086658900E-002
 Range of surface albedo (aldir)  3.383449086658900E-002  3.383449086658900E-002
 Range of surface albedo (asdif)  6.000000000000000E-002  6.000000000000000E-002
 Range of surface albedo (aldif)  6.000000000000000E-002  6.000000000000000E-002
 radiation: perpetual sun, solin=   310.282739711428     
 longwave radiation is called
NSTEP =        445   NCYCLE=  1  CFL_adv= 0.398  CFL_sgs= 0.170
NSTEP =        446   NCYCLE=  1  CFL_adv= 0.387  CFL_sgs= 0.162
NSTEP =        447   NCYCLE=  1  CFL_adv= 0.381  CFL_sgs= 0.167
 Collecting statistics...
 name QCSTRG is missing in "lst" file.
NSTEP =        448   NCYCLE=  1  CFL_adv= 0.380  CFL_sgs= 0.161
 DAY =   0.155555555555556     
 NSTEP=         448
 div:  1.570215332525668E-016 -1.375146394720066E-016
 SST=   300.000000000000     
 surface pressure=   1014.80000000000     
 u:  -5.53835599111002        4.96687783711979     
 v:  -4.81873895777863        5.05709580683594     
 w:  -1.17303028064876        1.06964027342647     
 p:  -5.96295782936953        4.33222934395960     
 t:   299.364642876037        473.345566654523     
 tabs:   201.808414145874        300.261155343719     
 qv:  5.331526394511247E-087  1.895098305846619E-002
 tke:  0.000000000000000E+000   3.99530775490044     
 tk:  0.000000000000000E+000   15.9968598927328     
 tkh:  0.000000000000000E+000   15.9968598927328     
 qcl:  0.000000000000000E+000  0.000000000000000E+000
 qci:  0.000000000000000E+000  2.571622194147839E-003
 qpl:  0.000000000000000E+000  6.153315337346684E-005
 qpi:  0.000000000000000E+000  0.000000000000000E+000
 qrad(K/day):  -56.3773835180414        50.3905158841271     
 shf:  -1.10131898401062        2.43741730797387     
 lhf:   21.4880144154910        66.9388264293706     
 uw: -9.979752427801688E-003  8.909619442090400E-003
 vw: -9.668553321362832E-003  9.285572075580444E-003
 sst:   300.000000000000        300.000000000000     
 ===========================
 total water budget:
 before (mm):         45.49843836393
 after (mm):          45.49882613936
 evaporation (mm):     0.00039333747
 precipitation (mm):   0.00000556204
 large-scale (mm):     0.00000000000
 Imbalance (mm)       0.00000000000
 evap (mm/day):   1.13281192096636     
 prec (mm/day):  1.601867937653892E-002
 ls (mm/day):  0.000000000000000E+000
 imbalance (mm/day)  3.082251251104728E-013
  imbalance (rel error):  0.000000000000000E+000
 ===========================
NSTEP =        449   NCYCLE=  1  CFL_adv= 0.380  CFL_sgs= 0.167
NSTEP =        450   NCYCLE=  1  CFL_adv= 0.384  CFL_sgs= 0.161
 Let's do some shortwave
 Range of zenith angles  0.732661695834013       0.732661695834013     
 Range of surface albedo (asdir)  3.383449086658900E-002  3.383449086658900E-002
 Range of surface albedo (aldir)  3.383449086658900E-002  3.383449086658900E-002
 Range of surface albedo (asdif)  6.000000000000000E-002  6.000000000000000E-002
 Range of surface albedo (aldif)  6.000000000000000E-002  6.000000000000000E-002
 radiation: perpetual sun, solin=   310.282739704651     
 longwave radiation is called
NSTEP =        451   NCYCLE=  1  CFL_adv= 0.386  CFL_sgs= 0.164
 Collecting statistics...
 name QCSTRG is missing in "lst" file.
NSTEP =        452   NCYCLE=  1  CFL_adv= 0.386  CFL_sgs= 0.162
 DAY =   0.156944444444444     
 NSTEP=         452
 div:  1.117044003609566E-016 -8.120965675409551E-017
 SST=   300.000000000000     
 surface pressure=   1014.80000000000     
 u:  -5.86587927603293        5.07411448957017     
 v:  -5.00983504192616        5.40378298753174     
 w: -0.994013245614100        1.25223060569183     
 p:  -5.65130819449222        4.71726776253895     
 t:   299.397412133462        473.347836297487     
 tabs:   201.820019655103        300.313448813890     
 qv:  6.167877708568375E-087  1.896638120048017E-002
 tke:  0.000000000000000E+000   3.74306900628575     
 tk:  0.000000000000000E+000   16.2580517471955     
 tkh:  0.000000000000000E+000   16.2580517471955     
 qcl:  0.000000000000000E+000  0.000000000000000E+000
 qci:  0.000000000000000E+000  2.543854009627629E-003
 qpl:  0.000000000000000E+000  5.530371858983725E-005
 qpi:  0.000000000000000E+000  0.000000000000000E+000
 qrad(K/day):  -56.2842834095677        48.4109843177991     
 shf:  -1.07109620778320        2.24466878841626     
 lhf:   21.3889372030395        65.7385448599784     
 uw: -9.937549469772199E-003  8.445533905445970E-003
 vw: -9.702536990452842E-003  9.167538704256923E-003
 sst:   300.000000000000        300.000000000000     
 ===========================
 total water budget:
 before (mm):         45.49998871068
 after (mm):          45.50037596918
 evaporation (mm):     0.00039245972
 precipitation (mm):   0.00000520122
 large-scale (mm):     0.00000000000
 Imbalance (mm)      -0.00000000000
 evap (mm/day):   1.13028398700788     
 prec (mm/day):  1.497952259234230E-002
 ls (mm/day):  0.000000000000000E+000
 imbalance (mm/day) -5.490259614125692E-011
  imbalance (rel error): -3.123238965064677E-016
 ===========================
NSTEP =        453   NCYCLE=  1  CFL_adv= 0.384  CFL_sgs= 0.162
NSTEP =        454   NCYCLE=  1  CFL_adv= 0.384  CFL_sgs= 0.166
NSTEP =        455   NCYCLE=  1  CFL_adv= 0.383  CFL_sgs= 0.160
 Collecting statistics...
 name QCSTRG is missing in "lst" file.
NSTEP =        456   NCYCLE=  1  CFL_adv= 0.380  CFL_sgs= 0.163
 DAY =   0.158333333333333     
 NSTEP=         456
 div:  1.393378789385630E-016 -8.486692712446863E-017
 SST=   300.000000000000     
 surface pressure=   1014.80000000000     
 u:  -5.49162361831001        5.13998612259824     
 v:  -5.23022810790340        5.09720780518985     
 w: -0.993695118198291        1.08480827642997     
 p:  -5.48344711440400        4.63499971898982     
 t:   299.422433645263        473.349186554349     
 tabs:   201.808607719169        300.328545998767     
 qv:  8.875285209073771E-087  1.897748448957522E-002
 tke:  0.000000000000000E+000   3.65182329684098     
 tk:  0.000000000000000E+000   16.3323627028120     
 tkh:  0.000000000000000E+000   16.3323627028120     
 qcl:  0.000000000000000E+000  0.000000000000000E+000
 qci:  0.000000000000000E+000  2.514208298837855E-003
 qpl:  0.000000000000000E+000  4.909381050833379E-005
 qpi:  0.000000000000000E+000  0.000000000000000E+000
 qrad(K/day):  -56.2842834095677        48.4109843177991     
 shf:  -1.03903241887387        2.06689917197461     
 lhf:   21.3106402979453        64.6688712962782     
 uw: -1.015033522232488E-002  7.963765023899606E-003
 vw: -9.619706137606373E-003  9.393516225803469E-003
 sst:   300.000000000000        300.000000000000     
 ===========================
 total water budget:
 before (mm):         45.50153688327
 after (mm):          45.50192355535
 evaporation (mm):     0.00039158649
 precipitation (mm):   0.00000491441
 large-scale (mm):     0.00000000000
 Imbalance (mm)      -0.00000000000
 evap (mm/day):   1.12776907867765     
 prec (mm/day):  1.415349542074027E-002
 ls (mm/day):  0.000000000000000E+000
 imbalance (mm/day) -5.480972121475746E-012
  imbalance (rel error): -1.561566369597169E-016
 ===========================
 Let's do some shortwave
 Range of zenith angles  0.732661695834013       0.732661695834013     
 Range of surface albedo (asdir)  3.383449086658900E-002  3.383449086658900E-002
 Range of surface albedo (aldir)  3.383449086658900E-002  3.383449086658900E-002
 Range of surface albedo (asdif)  6.000000000000000E-002  6.000000000000000E-002
 Range of surface albedo (aldif)  6.000000000000000E-002  6.000000000000000E-002
 radiation: perpetual sun, solin=   310.282739697561     
 longwave radiation is called
NSTEP =        457   NCYCLE=  1  CFL_adv= 0.374  CFL_sgs= 0.160
NSTEP =        458   NCYCLE=  1  CFL_adv= 0.364  CFL_sgs= 0.160
NSTEP =        459   NCYCLE=  1  CFL_adv= 0.359  CFL_sgs= 0.159
 Collecting statistics...
 name QCSTRG is missing in "lst" file.
NSTEP =        460   NCYCLE=  1  CFL_adv= 0.361  CFL_sgs= 0.158
 DAY =   0.159722222222222     
 NSTEP=         460
 div:  1.840586434332805E-016 -1.029705913403768E-016
 SST=   300.000000000000     
 surface pressure=   1014.80000000000     
 u:  -5.15072440187837        4.56489797063819     
 v:  -5.24639082130652        4.37495360463515     
 w:  -1.12241447999631        1.11129020442561     
 p:  -5.33959998031332        4.45136318299826     
 t:   299.454928684331        473.349922678872     
 tabs:   201.811038323401        300.303107029595     
 qv:  1.922922380542664E-086  1.898121147399565E-002
 tke:  0.000000000000000E+000   3.62510252896927     
 tk:  0.000000000000000E+000   13.6784034750009     
 tkh:  0.000000000000000E+000   13.6784034750009     
 qcl:  0.000000000000000E+000  0.000000000000000E+000
 qci:  0.000000000000000E+000  2.480109159840913E-003
 qpl:  0.000000000000000E+000  4.318932697967488E-005
 qpi:  0.000000000000000E+000  0.000000000000000E+000
 qrad(K/day):  -57.9472377640260        47.3599276692262     
 shf:  -1.04326750254093        1.91425654520301     
 lhf:   21.2829773713878        65.3808031767743     
 uw: -1.000286134807604E-002  7.563888160889386E-003
 vw: -8.947222325968059E-003  9.502870215828591E-003
 sst:   300.000000000000        300.000000000000     
 ===========================
 total water budget:
 before (mm):         45.50308269200
 after (mm):          45.50346879538
 evaporation (mm):     0.00039072464
 precipitation (mm):   0.00000462126
 large-scale (mm):     0.00000000000
 Imbalance (mm)       0.00000000000
 evap (mm/day):   1.12528696815541     
 prec (mm/day):  1.330924312545803E-002
 ls (mm/day):  0.000000000000000E+000
 imbalance (mm/day)  3.782779753498666E-012
  imbalance (rel error):  0.000000000000000E+000
 ===========================
NSTEP =        461   NCYCLE=  1  CFL_adv= 0.367  CFL_sgs= 0.159
NSTEP =        462   NCYCLE=  1  CFL_adv= 0.370  CFL_sgs= 0.157
 Let's do some shortwave
 Range of zenith angles  0.732661695834013       0.732661695834013     
 Range of surface albedo (asdir)  3.383449086658900E-002  3.383449086658900E-002
 Range of surface albedo (aldir)  3.383449086658900E-002  3.383449086658900E-002
 Range of surface albedo (asdif)  6.000000000000000E-002  6.000000000000000E-002
 Range of surface albedo (aldif)  6.000000000000000E-002  6.000000000000000E-002
 radiation: perpetual sun, solin=   310.282739690506     
 longwave radiation is called
NSTEP =        463   NCYCLE=  1  CFL_adv= 0.379  CFL_sgs= 0.159
 Collecting statistics...
 name QCSTRG is missing in "lst" file.
NSTEP =        464   NCYCLE=  1  CFL_adv= 0.387  CFL_sgs= 0.155
 DAY =   0.161111111111111     
 NSTEP=         464
 div:  1.308237238817989E-016 -1.053974455130178E-016
 SST=   300.000000000000     
 surface pressure=   1014.80000000000     
 u:  -5.48562509577276        4.82007117943505     
 v:  -5.19712247634271        4.51733152338854     
 w:  -1.11837060308365        1.11157660855081     
 p:  -4.96444806300009        4.27188437021695     
 t:   299.479975801142        473.351296984839     
 tabs:   201.826998843207        300.257393850129     
 qv:  6.307230113300958E-086  1.897919566817613E-002
 tke:  0.000000000000000E+000   3.59271568622901     
 tk:  0.000000000000000E+000   15.3838177657846     
 tkh:  0.000000000000000E+000   15.3838177657846     
 qcl:  0.000000000000000E+000  0.000000000000000E+000
 qci:  0.000000000000000E+000  2.435143825544767E-003
 qpl:  0.000000000000000E+000  4.402295206324926E-005
 qpi:  0.000000000000000E+000  0.000000000000000E+000
 qrad(K/day):  -57.3904982408850        47.6756917092283     
 shf:  -1.05276776435759        1.78858931792401     
 lhf:   21.3009335392033        64.9031243624488     
 uw: -9.266473873260704E-003  7.348478640604825E-003
 vw: -8.756305534382915E-003  9.448891284514116E-003
 sst:   300.000000000000        300.000000000000     
 ===========================
 total water budget:
 before (mm):         45.50462634725
 after (mm):          45.50501195301
 evaporation (mm):     0.00038988103
 precipitation (mm):   0.00000427528
 large-scale (mm):     0.00000000000
 Imbalance (mm)       0.00000000000
 evap (mm/day):   1.12285737299995     
 prec (mm/day):  1.231279528242091E-002
 ls (mm/day):  0.000000000000000E+000
 imbalance (mm/day)  1.681322317698478E-011
  imbalance (rel error):  1.561460387031254E-016
 ===========================
NSTEP =        465   NCYCLE=  1  CFL_adv= 0.393  CFL_sgs= 0.158
NSTEP =        466   NCYCLE=  1  CFL_adv= 0.397  CFL_sgs= 0.154
NSTEP =        467   NCYCLE=  1  CFL_adv= 0.401  CFL_sgs= 0.158
 Collecting statistics...
 name QCSTRG is missing in "lst" file.
NSTEP =        468   NCYCLE=  1  CFL_adv= 0.404  CFL_sgs= 0.153
 DAY =   0.162500000000000     
 NSTEP=         468
 div:  1.021443163515624E-016 -6.428425787275405E-017
 SST=   300.000000000000     
 surface pressure=   1014.80000000000     
 u:  -5.99406795037738        5.04686222827262     
 v:  -5.24886381328750        4.45721549457746     
 w: -0.921935408812681        1.10459993568696     
 p:  -4.37015238077050        4.18469449228056     
 t:   299.497857318032        473.352600582810     
 tabs:   201.809386974903        300.204691594423     
 qv:  1.774986010558424E-085  1.898892992266930E-002
 tke:  0.000000000000000E+000   3.52622185954717     
 tk:  0.000000000000000E+000   10.5732527276276     
 tkh:  0.000000000000000E+000   10.5732527276276     
 qcl:  0.000000000000000E+000  0.000000000000000E+000
 qci:  0.000000000000000E+000  2.395390487251623E-003
 qpl:  0.000000000000000E+000  4.163324995690348E-005
 qpi:  0.000000000000000E+000  0.000000000000000E+000
 qrad(K/day):  -57.3904982408850        47.6756917092283     
 shf:  -1.04539137986415        1.74212930879130     
 lhf:   21.3472637123428        62.0964253904182     
 uw: -9.019763463036130E-003  6.867410838888597E-003
 vw: -8.366358233052077E-003  9.190049405171374E-003
 sst:   300.000000000000        300.000000000000     
 ===========================
 total water budget:
 before (mm):         45.50616804527
 after (mm):          45.50655316739
 evaporation (mm):     0.00038905784
 precipitation (mm):   0.00000393573
 large-scale (mm):     0.00000000000
 Imbalance (mm)      -0.00000000000
 evap (mm/day):   1.12048658286678     
 prec (mm/day):  1.133488934823118E-002
 ls (mm/day):  0.000000000000000E+000
 imbalance (mm/day) -1.008531881055083E-011
  imbalance (rel error): -1.561407503544613E-016
 ===========================
 Let's do some shortwave
 Range of zenith angles  0.732661695834013       0.732661695834013     
 Range of surface albedo (asdir)  3.383449086658900E-002  3.383449086658900E-002
 Range of surface albedo (aldir)  3.383449086658900E-002  3.383449086658900E-002
 Range of surface albedo (asdif)  6.000000000000000E-002  6.000000000000000E-002
 Range of surface albedo (aldif)  6.000000000000000E-002  6.000000000000000E-002
 radiation: perpetual sun, solin=   310.282739683811     
 longwave radiation is called
NSTEP =        469   NCYCLE=  1  CFL_adv= 0.403  CFL_sgs= 0.157
NSTEP =        470   NCYCLE=  1  CFL_adv= 0.399  CFL_sgs= 0.152
NSTEP =        471   NCYCLE=  1  CFL_adv= 0.393  CFL_sgs= 0.156
 Collecting statistics...
 name QCSTRG is missing in "lst" file.
NSTEP =        472   NCYCLE=  1  CFL_adv= 0.386  CFL_sgs= 0.158
 DAY =   0.163888888888889     
 NSTEP=         472
 div:  1.125198929901781E-016 -8.637689225579429E-017
 SST=   300.000000000000     
 surface pressure=   1014.80000000000     
 u:  -6.02404377096555        4.83494702052912     
 v:  -5.40050805356472        4.32847542820317     
 w:  -1.02121627069954        1.15352487457191     
 p:  -4.24605953232323        4.22002585565005     
 t:   299.511066803674        473.354403023691     
 tabs:   201.765695344243        300.235891512193     
 qv:  1.818653925898945E-085  1.899438822448118E-002
 tke:  0.000000000000000E+000   3.44772544296845     
 tk:  0.000000000000000E+000   7.68071564335095     
 tkh:  0.000000000000000E+000   7.68071564335095     
 qcl:  0.000000000000000E+000  0.000000000000000E+000
 qci:  0.000000000000000E+000  2.357494610926574E-003
 qpl:  0.000000000000000E+000  3.888064968905335E-005
 qpi:  0.000000000000000E+000  0.000000000000000E+000
 qrad(K/day):  -59.1325791855602        44.2934262969257     
 shf:  -1.03033867328524        1.70991554848421     
 lhf:   21.3476722764009        58.6542489391056     
 uw: -8.114498763969198E-003  6.715329061015690E-003
 vw: -7.473848762563988E-003  8.607028201107998E-003
 sst:   300.000000000000        300.000000000000     
 ===========================
 total water budget:
 before (mm):         45.50770779096
 after (mm):          45.50809241331
 evaporation (mm):     0.00038824392
 precipitation (mm):   0.00000362157
 large-scale (mm):     0.00000000000
 Imbalance (mm)       0.00000000000
 evap (mm/day):   1.11814249828722     
 prec (mm/day):  1.043013244664141E-002
 ls (mm/day):  0.000000000000000E+000
 imbalance (mm/day)  4.112081768842257E-012
  imbalance (rel error):  0.000000000000000E+000
 ===========================
NSTEP =        473   NCYCLE=  1  CFL_adv= 0.386  CFL_sgs= 0.155
NSTEP =        474   NCYCLE=  1  CFL_adv= 0.383  CFL_sgs= 0.154
 Let's do some shortwave
 Range of zenith angles  0.732661695834013       0.732661695834013     
 Range of surface albedo (asdir)  3.383449086658900E-002  3.383449086658900E-002
 Range of surface albedo (aldir)  3.383449086658900E-002  3.383449086658900E-002
 Range of surface albedo (asdif)  6.000000000000000E-002  6.000000000000000E-002
 Range of surface albedo (aldif)  6.000000000000000E-002  6.000000000000000E-002
 radiation: perpetual sun, solin=   310.282739677601     
 longwave radiation is called
NSTEP =        475   NCYCLE=  1  CFL_adv= 0.380  CFL_sgs= 0.155
 Collecting statistics...
 name QCSTRG is missing in "lst" file.
NSTEP =        476   NCYCLE=  1  CFL_adv= 0.372  CFL_sgs= 0.150
 DAY =   0.165277777777778     
 NSTEP=         476
 div:  1.196530951940725E-016 -8.561914667975080E-017
 SST=   300.000000000000     
 surface pressure=   1014.80000000000     
 u:  -5.81303461737584        4.70069104465516     
 v:  -5.05815513438371        4.28007474707019     
 w: -0.952753404177236        1.20520878380311     
 p:  -4.37714230659128        4.11588078484650     
 t:   299.514479482534        473.356204618671     
 tabs:   201.743709614415        300.244553407837     
 qv:  2.411185523209718E-085  1.899344128717978E-002
 tke:  0.000000000000000E+000   2.76457680475054     
 tk:  0.000000000000000E+000   8.01571001521393     
 tkh:  0.000000000000000E+000   8.01571001521393     
 qcl:  0.000000000000000E+000  0.000000000000000E+000
 qci:  0.000000000000000E+000  2.330826454803538E-003
 qpl:  0.000000000000000E+000  3.734007288169471E-005
 qpi:  0.000000000000000E+000  0.000000000000000E+000
 qrad(K/day):  -57.2964096570696        42.7018187264294     
 shf:  -1.01144928459327        1.69837264626819     
 lhf:   21.3468596714809        56.2752849980131     
 uw: -7.308245324870662E-003  6.362500507721913E-003
 vw: -7.030001990140753E-003  8.575935700962951E-003
 sst:   300.000000000000        300.000000000000     
 ===========================
 total water budget:
 before (mm):         45.50924551963
 after (mm):          45.50962963539
 evaporation (mm):     0.00038743565
 precipitation (mm):   0.00000331989
 large-scale (mm):     0.00000000000
 Imbalance (mm)       0.00000000000
 evap (mm/day):   1.11581466873570     
 prec (mm/day):  9.561292265560288E-003
 ls (mm/day):  0.000000000000000E+000
 imbalance (mm/day)  2.921168190152257E-011
  imbalance (rel error):  1.561301951812807E-016
 ===========================
NSTEP =        477   NCYCLE=  1  CFL_adv= 0.376  CFL_sgs= 0.139
NSTEP =        478   NCYCLE=  1  CFL_adv= 0.382  CFL_sgs= 0.147
NSTEP =        479   NCYCLE=  1  CFL_adv= 0.386  CFL_sgs= 0.138
 Collecting statistics...
 name QCSTRG is missing in "lst" file.
 Writting statistics:nstatsteps=          15
 --------------- ISCCP Simulator Diagnostics: -----------------
 ISCCP PDF:
            0.0       0.3       1.3       3.6       9.4      23.0      60.0
    0.     0.000     0.000     0.000     0.000     0.000     0.000     0.001
  180.     0.005     0.002     0.002     0.002     0.002     0.005     0.003
  310.     0.000     0.000     0.000     0.000     0.000     0.000     0.000
  440.     0.000     0.000     0.000     0.000     0.000     0.000     0.000
  560.     0.000     0.000     0.000     0.000     0.000     0.000     0.000
  680.     0.000     0.000     0.000     0.000     0.000     0.000     0.000
  800.     0.000     0.000     0.000     0.000     0.000     0.000     0.000
 low cld area (tau > 0.3)=  0.000000000000000E+000
 mid cld area (tau > 0.3)=  0.000000000000000E+000
 hgh cld area (tau > 0.3)=  1.728413899739583E-002
 total cld area (tau > 0.3)=  1.728413899739583E-002
 mean albedo cld (tau > 0.3)   0.588819890762797     
 mean tau cld (tau > 0.3)    12.7599473396152     
 mean top pressure (tau > 0.3)   252.924124038370     
 mean brightness temp (tau > 0.3)   280.609873211863     
 mean clearsky brightness temp (tau > 0.3)   296.048167262266     
 --------------- MODIS Simulator Diagnostics: -----------------
 MODIS PDF:
                      0.3       1.3       3.6       9.4      23.0      60.0
    0.               0.000     0.000     0.000     0.000     0.000     0.002
  180.               0.002     0.002     0.002     0.002     0.005     0.002
  310.               0.000     0.000     0.000     0.000     0.000     0.000
  440.               0.000     0.000     0.000     0.000     0.000     0.000
  560.               0.000     0.000     0.000     0.000     0.000     0.000
  680.               0.000     0.000     0.000     0.000     0.000     0.000
  800.               0.000     0.000     0.000     0.000     0.000     0.000
 low cld area =  0.000000000000000E+000
 mid cld area =  0.000000000000000E+000
 hgh cld area =  1.728413899739583E-002
 total cld area =  1.728413899739583E-002
 mean tau cld    33.5365067170342     
 mean top pressure    244.424683672203     
 total cld area (liquid) =  0.000000000000000E+000
 total cld area (ice) =  1.728413899739583E-002
 mean tau (liquid) =  -1.00000000000000     
 mean tau (ice) =   33.5365067170342     
 mean lwp (g/m2) =  -1.00000000000000     
 mean iwp (g/m2) =   934.765525775523     
 mean reff (liquid)  =  -1.00000000000000     
 mean reff (ice)  =   49.8491435762620     
 --------------- MISR Simulator Diagnostics: -----------------
 MISR PDF:
            0.0       0.3       1.3       3.6       9.4      23.0      60.0
 99.00     0.000     0.000     0.000     0.000     0.000     0.000     0.000
 17.00     0.000     0.000     0.000     0.000     0.000     0.000     0.000
 15.00     0.000     0.000     0.000     0.000     0.000     0.000     0.001
 13.00     0.000     0.000     0.000     0.000     0.000     0.002     0.002
 11.00     0.000     0.001     0.002     0.002     0.002     0.003     0.000
  9.00     0.000     0.001     0.000     0.000     0.000     0.000     0.000
  7.00     0.000     0.000     0.000     0.000     0.000     0.000     0.000
  5.00     0.000     0.000     0.000     0.000     0.000     0.000     0.000
  4.00     0.000     0.000     0.000     0.000     0.000     0.000     0.000
  3.00     0.000     0.000     0.000     0.000     0.000     0.000     0.000
  2.50     0.000     0.000     0.000     0.000     0.000     0.000     0.000
  2.00     0.000     0.000     0.000     0.000     0.000     0.000     0.000
  1.50     0.000     0.000     0.000     0.000     0.000     0.000     0.000
  1.00     0.000     0.000     0.000     0.000     0.000     0.000     0.000
  0.50     0.000     0.000     0.000     0.000     0.000     0.000     0.000
  0.00     0.001     0.001     0.000     0.000     0.000     0.000     0.000
 total cld area =  1.661376953125000E-002
 mean top height (m)   10715.9475559989     
 Writting history file 
 rcemip300sst_160_MaxIce20_dry                                                  
  
 Writting 2D data. file:./OUT_2D/bubble_rcemip300sst_160_MaxIce20_dry_64.2Dbin  
                                                                 
 Writting 3D data. file:./OUT_3D/bubble_rcemip300sst_160_MaxIce20_dry_64_0000000
 480.bin3D                                                       
NSTEP =        480   NCYCLE=  1  CFL_adv= 0.390  CFL_sgs= 0.144
 DAY =   0.166666666666667     
 NSTEP=         480
 div:  9.325475431165881E-017 -7.171876507502688E-017
 SST=   300.000000000000     
 surface pressure=   1014.80000000000     
 u:  -7.13822590696334        5.23158941215891     
 v:  -5.31892074130314        4.27114971946774     
 w:  -1.14902388874006        1.17593938795936     
 p:  -4.31898081238570        4.15992735199371     
 t:   299.529433275274        473.357911327967     
 tabs:   201.715973294626        300.248049439584     
 qv:  5.411273598904027E-085  1.898465393255273E-002
 tke:  0.000000000000000E+000   2.67716703166967     
 tk:  0.000000000000000E+000   10.7864208809764     
 tkh:  0.000000000000000E+000   10.7864208809764     
 qcl:  0.000000000000000E+000  0.000000000000000E+000
 qci:  0.000000000000000E+000  2.303924408909517E-003
 qpl:  0.000000000000000E+000  3.627414434045749E-005
 qpi:  0.000000000000000E+000  0.000000000000000E+000
 qrad(K/day):  -57.2964096570696        42.7018187264294     
 shf: -0.982717304015549        1.69139356795551     
 lhf:   21.4041769950220        55.6410027574575     
 uw: -7.277647501641490E-003  6.786709014619457E-003
 vw: -6.470451070338293E-003  8.442155858657239E-003
 sst:   300.000000000000        300.000000000000     
 ===========================
 total water budget:
 before (mm):         45.51078122402
 after (mm):          45.51116483515
 evaporation (mm):     0.00038662822
 precipitation (mm):   0.00000301709
 large-scale (mm):     0.00000000000
 Imbalance (mm)      -0.00000000000
 evap (mm/day):   1.11348927969246     
 prec (mm/day):  8.689225425546100E-003
 ls (mm/day):  0.000000000000000E+000
 imbalance (mm/day) -1.730445620779994E-011
  imbalance (rel error): -1.561249285387138E-016
 ===========================
CPU TIME =      74.3631 OVER     0.50 MODEL HOURS
 Let's do some shortwave
 Range of zenith angles  0.732661695834013       0.732661695834013     
 Range of surface albedo (asdir)  3.383449086658900E-002  3.383449086658900E-002
 Range of surface albedo (aldir)  3.383449086658900E-002  3.383449086658900E-002
 Range of surface albedo (asdif)  6.000000000000000E-002  6.000000000000000E-002
 Range of surface albedo (aldif)  6.000000000000000E-002  6.000000000000000E-002
 radiation: perpetual sun, solin=   310.282739671895     
 longwave radiation is called
NSTEP =        481   NCYCLE=  1  CFL_adv= 0.392  CFL_sgs= 0.137
NSTEP =        482   NCYCLE=  1  CFL_adv= 0.392  CFL_sgs= 0.142
NSTEP =        483   NCYCLE=  1  CFL_adv= 0.392  CFL_sgs= 0.136
 Collecting statistics...
 name QCSTRG is missing in "lst" file.
NSTEP =        484   NCYCLE=  1  CFL_adv= 0.389  CFL_sgs= 0.141
 DAY =   0.168055555555556     
 NSTEP=         484
 div:  1.050466709823354E-016 -7.147006805447842E-017
 SST=   300.000000000000     
 surface pressure=   1014.80000000000     
 u:  -7.36877057811153        5.17052375887602     
 v:  -5.63055387346740        4.10240368801461     
 w:  -1.19536589125063        1.09385046126594     
 p:  -4.00749889728392        4.26670267559946     
 t:   299.550478807019        473.359722688285     
 tabs:   201.666708885658        300.246982571192     
 qv:  7.061712739867156E-085  1.898296762430636E-002
 tke:  0.000000000000000E+000   2.59212970012319     
 tk:  0.000000000000000E+000   14.7619897729533     
 tkh:  0.000000000000000E+000   14.7619897729533     
 qcl:  0.000000000000000E+000  0.000000000000000E+000
 qci:  0.000000000000000E+000  2.281911157285430E-003
 qpl:  0.000000000000000E+000  3.739995841641154E-005
 qpi:  0.000000000000000E+000  0.000000000000000E+000
 qrad(K/day):  -59.5057091712079        45.1613631760234     
 shf: -0.949088432785157        1.63802261496861     
 lhf:   21.3759033656208        54.8335680132689     
 uw: -7.384396706114875E-003  6.908618665176748E-003
 vw: -6.463602730105157E-003  8.112603191333863E-003
 sst:   300.000000000000        300.000000000000     
 ===========================
 total water budget:
 before (mm):         45.51231490806
 after (mm):          45.51269800857
 evaporation (mm):     0.00038582506
 precipitation (mm):   0.00000272455
 large-scale (mm):     0.00000000000
 Imbalance (mm)      -0.00000000000
 evap (mm/day):   1.11117616492425     
 prec (mm/day):  7.846715396827093E-003
 ls (mm/day):  0.000000000000000E+000
 imbalance (mm/day) -4.601811607555379E-011
  imbalance (rel error): -3.122393384045731E-016
 ===========================
NSTEP =        485   NCYCLE=  1  CFL_adv= 0.395  CFL_sgs= 0.135
NSTEP =        486   NCYCLE=  1  CFL_adv= 0.382  CFL_sgs= 0.139
 Let's do some shortwave
 Range of zenith angles  0.732661695834013       0.732661695834013     
 Range of surface albedo (asdir)  3.383449086658900E-002  3.383449086658900E-002
 Range of surface albedo (aldir)  3.383449086658900E-002  3.383449086658900E-002
 Range of surface albedo (asdif)  6.000000000000000E-002  6.000000000000000E-002
 Range of surface albedo (aldif)  6.000000000000000E-002  6.000000000000000E-002
 radiation: perpetual sun, solin=   310.282739666783     
 longwave radiation is called
NSTEP =        487   NCYCLE=  1  CFL_adv= 0.374  CFL_sgs= 0.134
 Collecting statistics...
 name QCSTRG is missing in "lst" file.
NSTEP =        488   NCYCLE=  1  CFL_adv= 0.364  CFL_sgs= 0.138
 DAY =   0.169444444444444     
 NSTEP=         488
 div:  1.242285422858806E-016 -9.818794380873957E-017
 SST=   300.000000000000     
 surface pressure=   1014.80000000000     
 u:  -6.29420107918455        4.66023719826641     
 v:  -5.37596112639890        4.22170035546183     
 w:  -1.04137799190595        1.02817927800193     
 p:  -4.00524348042365        4.20156174194091     
 t:   299.552729761699        473.361343100590     
 tabs:   201.622525382479        300.253203583408     
 qv:  7.745514165371321E-085  1.898477208084204E-002
 tke:  0.000000000000000E+000   2.52007732869503     
 tk:  0.000000000000000E+000   8.67887261017848     
 tkh:  0.000000000000000E+000   8.67887261017848     
 qcl:  0.000000000000000E+000  0.000000000000000E+000
 qci:  0.000000000000000E+000  2.252791604003372E-003
 qpl:  0.000000000000000E+000  3.657701853165889E-005
 qpi:  0.000000000000000E+000  0.000000000000000E+000
 qrad(K/day):  -54.5621968568557        44.6350130726955     
 shf:  -1.01300500141657        1.53375786542673     
 lhf:   21.2680488028855        53.7418478904425     
 uw: -7.436844250733572E-003  6.558692137695278E-003
 vw: -6.977396189400320E-003  8.185066701879604E-003
 sst:   300.000000000000        300.000000000000     
 ===========================
 total water budget:
 before (mm):         45.51384651315
 after (mm):          45.51422907417
 evaporation (mm):     0.00038502962
 precipitation (mm):   0.00000246860
 large-scale (mm):     0.00000000000
 Imbalance (mm)       0.00000000000
 evap (mm/day):   1.10888530183047     
 prec (mm/day):  7.109565023769138E-003
 ls (mm/day):  0.000000000000000E+000
 imbalance (mm/day)  6.424416662716148E-012
  imbalance (rel error):  0.000000000000000E+000
 ===========================
NSTEP =        489   NCYCLE=  1  CFL_adv= 0.383  CFL_sgs= 0.133
NSTEP =        490   NCYCLE=  1  CFL_adv= 0.370  CFL_sgs= 0.137
NSTEP =        491   NCYCLE=  1  CFL_adv= 0.384  CFL_sgs= 0.132
 Collecting statistics...
 name QCSTRG is missing in "lst" file.
NSTEP =        492   NCYCLE=  1  CFL_adv= 0.396  CFL_sgs= 0.136
 DAY =   0.170833333333333     
 NSTEP=         492
 div:  1.129844554951037E-016 -7.505039165511879E-017
 SST=   300.000000000000     
 surface pressure=   1014.80000000000     
 u:  -7.41328241353613        5.51870546209500     
 v:  -5.31863917368375        4.38046754999401     
 w: -0.880142169133847       0.976656664591078     
 p:  -3.94250414022340        4.30206649170134     
 t:   299.554490775951        473.362983662572     
 tabs:   201.604188264370        300.254161228426     
 qv:  8.880363268502521E-085  1.899320069295784E-002
 tke:  0.000000000000000E+000   2.46815646372913     
 tk:  0.000000000000000E+000   6.52287303827755     
 tkh:  0.000000000000000E+000   6.52287303827755     
 qcl:  0.000000000000000E+000  0.000000000000000E+000
 qci:  0.000000000000000E+000  2.216618133909277E-003
 qpl:  0.000000000000000E+000  3.481091774726589E-005
 qpi:  0.000000000000000E+000  0.000000000000000E+000
 qrad(K/day):  -54.5621968568557        44.6350130726955     
 shf:  -1.07244872338779        1.54384198044169     
 lhf:   21.1569902682678        51.8707957241525     
 uw: -7.145911249707274E-003  6.058791062210241E-003
 vw: -7.272949389111597E-003  8.080383111456065E-003
 sst:   300.000000000000        300.000000000000     
 ===========================
 total water budget:
 before (mm):         45.51537590016
 after (mm):          45.51575788122
 evaporation (mm):     0.00038424346
 precipitation (mm):   0.00000226241
 large-scale (mm):     0.00000000000
 Imbalance (mm)       0.00000000000
 evap (mm/day):   1.10662117467015     
 prec (mm/day):  6.515734109455933E-003
 ls (mm/day):  0.000000000000000E+000
 imbalance (mm/day)  8.071536603156126E-012
  imbalance (rel error):  0.000000000000000E+000
 ===========================
 Let's do some shortwave
 Range of zenith angles  0.732661695834013       0.732661695834013     
 Range of surface albedo (asdir)  3.383449086658900E-002  3.383449086658900E-002
 Range of surface albedo (aldir)  3.383449086658900E-002  3.383449086658900E-002
 Range of surface albedo (asdif)  6.000000000000000E-002  6.000000000000000E-002
 Range of surface albedo (aldif)  6.000000000000000E-002  6.000000000000000E-002
 radiation: perpetual sun, solin=   310.282739662446     
 longwave radiation is called
NSTEP =        493   NCYCLE=  1  CFL_adv= 0.405  CFL_sgs= 0.131
NSTEP =        494   NCYCLE=  1  CFL_adv= 0.406  CFL_sgs= 0.136
NSTEP =        495   NCYCLE=  1  CFL_adv= 0.406  CFL_sgs= 0.131
 Collecting statistics...
 name QCSTRG is missing in "lst" file.
NSTEP =        496   NCYCLE=  1  CFL_adv= 0.407  CFL_sgs= 0.135
 DAY =   0.172222222222222     
 NSTEP=         496
 div:  9.459411183075178E-017 -8.435642644999366E-017
 SST=   300.000000000000     
 surface pressure=   1014.80000000000     
 u:  -7.48727548063690        5.59420761607358     
 v:  -5.36834018909901        4.67412081627438     
 w: -0.887439056191801       0.891424134150595     
 p:  -3.77946947609258        4.10322081579147     
 t:   299.565393236021        473.364537650063     
 tabs:   201.605178071837        300.229463827713     
 qv:  9.245058107250119E-085  1.900206254947636E-002
 tke:  0.000000000000000E+000   2.56059945339271     
 tk:  0.000000000000000E+000   6.52130212445036     
 tkh:  0.000000000000000E+000   6.52130212445036     
 qcl:  0.000000000000000E+000  0.000000000000000E+000
 qci:  0.000000000000000E+000  2.176545162007586E-003
 qpl:  0.000000000000000E+000  3.356138798920110E-005
 qpi:  0.000000000000000E+000  0.000000000000000E+000
 qrad(K/day):  -56.7006960755732        42.7110019417058     
 shf:  -1.11961724730616        1.52737803464616     
 lhf:   21.0450069826393        50.8217212563510     
 uw: -6.538865089901177E-003  5.623082862455613E-003
 vw: -7.252407832960828E-003  7.497900761016811E-003
 sst:   300.000000000000        300.000000000000     
 ===========================
 total water budget:
 before (mm):         45.51690291584
 after (mm):          45.51728428622
 evaporation (mm):     0.00038346747
 precipitation (mm):   0.00000209709
 large-scale (mm):     0.00000000000
 Imbalance (mm)       0.00000000000
 evap (mm/day):   1.10438632706590     
 prec (mm/day):  6.039631866915561E-003
 ls (mm/day):  0.000000000000000E+000
 imbalance (mm/day)  1.307751636473418E-011
  imbalance (rel error):  0.000000000000000E+000
 ===========================
NSTEP =        497   NCYCLE=  1  CFL_adv= 0.405  CFL_sgs= 0.134
NSTEP =        498   NCYCLE=  1  CFL_adv= 0.402  CFL_sgs= 0.134
 Let's do some shortwave
 Range of zenith angles  0.732661695834013       0.732661695834013     
 Range of surface albedo (asdir)  3.383449086658900E-002  3.383449086658900E-002
 Range of surface albedo (aldir)  3.383449086658900E-002  3.383449086658900E-002
 Range of surface albedo (asdif)  6.000000000000000E-002  6.000000000000000E-002
 Range of surface albedo (aldif)  6.000000000000000E-002  6.000000000000000E-002
 radiation: perpetual sun, solin=   310.282739659007     
 longwave radiation is called
NSTEP =        499   NCYCLE=  1  CFL_adv= 0.398  CFL_sgs= 0.134
 Collecting statistics...
 name QCSTRG is missing in "lst" file.
NSTEP =        500   NCYCLE=  1  CFL_adv= 0.391  CFL_sgs= 0.142
 DAY =   0.173611111111111     
 NSTEP=         500
 div:  1.252781664068296E-016 -1.033338267086138E-016
 SST=   300.000000000000     
 surface pressure=   1014.80000000000     
 u:  -6.51301847712413        4.90496772012308     
 v:  -5.36247075171244        4.66731096925666     
 w: -0.831355846502874       0.882511090932752     
 p:  -3.56561227747134        3.91774036450577     
 t:   299.587296156155        473.365903133765     
 tabs:   201.615420668446        300.262321846475     
 qv:  9.446616405357738E-085  1.901762483889763E-002
 tke:  0.000000000000000E+000   2.51425383086246     
 tk:  0.000000000000000E+000   9.80641662622543     
 tkh:  0.000000000000000E+000   9.80641662622543     
 qcl:  0.000000000000000E+000  0.000000000000000E+000
 qci:  0.000000000000000E+000  2.170974920753916E-003
 qpl:  0.000000000000000E+000  3.293097504128270E-005
 qpi:  0.000000000000000E+000  0.000000000000000E+000
 qrad(K/day):  -60.1548742331899        39.7434097561057     
 shf:  -1.16453009851876        1.46140149870978     
 lhf:   20.9352930413355        50.4228473276177     
 uw: -5.948901410929104E-003  5.572216981814183E-003
 vw: -6.888032026198460E-003  6.991414253961653E-003
 sst:   300.000000000000        300.000000000000     
 ===========================
 total water budget:
 before (mm):         45.51842746394
 after (mm):          45.51880820947
 evaporation (mm):     0.00038269852
 precipitation (mm):   0.00000195299
 large-scale (mm):     0.00000000000
 Imbalance (mm)       0.00000000000
 evap (mm/day):   1.10217172781631     
 prec (mm/day):  5.624618450202045E-003
 ls (mm/day):  0.000000000000000E+000
 imbalance (mm/day) -6.547840882779182E-012
  imbalance (rel error):  0.000000000000000E+000
 ===========================
NSTEP =        501   NCYCLE=  1  CFL_adv= 0.414  CFL_sgs= 0.133
NSTEP =        502   NCYCLE=  1  CFL_adv= 0.377  CFL_sgs= 0.146
NSTEP =        503   NCYCLE=  1  CFL_adv= 0.377  CFL_sgs= 0.132
 Collecting statistics...
 name QCSTRG is missing in "lst" file.
NSTEP =        504   NCYCLE=  1  CFL_adv= 0.382  CFL_sgs= 0.143
 DAY =   0.175000000000000     
 NSTEP=         504
 div:  1.371515211031610E-016 -9.826767950552233E-017
 SST=   300.000000000000     
 surface pressure=   1014.80000000000     
 u:  -6.58670881901409        5.87917175409231     
 v:  -5.60763856829177        4.38896992260428     
 w: -0.805876846625258       0.915420632106371     
 p:  -3.62144820186229        3.76186266754826     
 t:   299.600843327908        473.367150804641     
 tabs:   201.630871405603        300.291580433431     
 qv:  1.154197626613748E-084  1.903515927325173E-002
 tke:  0.000000000000000E+000   2.47452441959273     
 tk:  0.000000000000000E+000   9.35012791110731     
 tkh:  0.000000000000000E+000   9.35012791110731     
 qcl:  0.000000000000000E+000  0.000000000000000E+000
 qci:  0.000000000000000E+000  2.169316360388933E-003
 qpl:  0.000000000000000E+000  3.194633555923704E-005
 qpi:  0.000000000000000E+000  0.000000000000000E+000
 qrad(K/day):  -60.1548742331899        39.7434097561057     
 shf:  -1.18356554831499        1.32593011631473     
 lhf:   20.8303032947952        49.9363393728978     
 uw: -5.635685652803509E-003  5.649773746315847E-003
 vw: -7.000372150903385E-003  6.777036792493223E-003
 sst:   300.000000000000        300.000000000000     
 ===========================
 total water budget:
 before (mm):         45.51994950361
 after (mm):          45.52032962059
 evaporation (mm):     0.00038193636
 precipitation (mm):   0.00000181939
 large-scale (mm):     0.00000000000
 Imbalance (mm)       0.00000000000
 evap (mm/day):   1.09997672967371     
 prec (mm/day):  5.239835786419409E-003
 ls (mm/day):  0.000000000000000E+000
 imbalance (mm/day) -8.597336099871837E-012
  imbalance (rel error):  0.000000000000000E+000
 ===========================
 Let's do some shortwave
 Range of zenith angles  0.732661695834013       0.732661695834013     
 Range of surface albedo (asdir)  3.383449086658900E-002  3.383449086658900E-002
 Range of surface albedo (aldir)  3.383449086658900E-002  3.383449086658900E-002
 Range of surface albedo (asdif)  6.000000000000000E-002  6.000000000000000E-002
 Range of surface albedo (aldif)  6.000000000000000E-002  6.000000000000000E-002
 radiation: perpetual sun, solin=   310.282739656489     
 longwave radiation is called
NSTEP =        505   NCYCLE=  1  CFL_adv= 0.441  CFL_sgs= 0.132
NSTEP =        506   NCYCLE=  1  CFL_adv= 0.386  CFL_sgs= 0.141
NSTEP =        507   NCYCLE=  1  CFL_adv= 0.387  CFL_sgs= 0.123
 Collecting statistics...
 name QCSTRG is missing in "lst" file.
NSTEP =        508   NCYCLE=  1  CFL_adv= 0.385  CFL_sgs= 0.139
 DAY =   0.176388888888889     
 NSTEP=         508
 div:  1.261388856848193E-016 -1.294124846716205E-016
 SST=   300.000000000000     
 surface pressure=   1014.80000000000     
 u:  -6.75435951960858        5.93166068854925     
 v:  -5.34694221558525        4.15904646095854     
 w: -0.820682549627906       0.754043890636690     
 p:  -3.66711164626295        3.70919727171485     
 t:   299.602331165761        473.368455083250     
 tabs:   201.668136476070        300.307155950947     
 qv:  1.819334357618153E-084  1.905156860302648E-002
 tke:  0.000000000000000E+000   2.08610865926390     
 tk:  0.000000000000000E+000   9.17845278138202     
 tkh:  0.000000000000000E+000   9.17845278138202     
 qcl:  0.000000000000000E+000  0.000000000000000E+000
 qci:  0.000000000000000E+000  2.162634225416184E-003
 qpl:  0.000000000000000E+000  3.066773461458068E-005
 qpi:  0.000000000000000E+000  0.000000000000000E+000
 qrad(K/day):  -62.6367136952872        41.6993275732398     
 shf:  -1.18455070018475        1.19764017883121     
 lhf:   20.7306244853912        49.4330195869251     
 uw: -5.597434976337982E-003  5.443920231050217E-003
 vw: -7.407971406791800E-003  6.460004381566401E-003
 sst:   300.000000000000        300.000000000000     
 ===========================
 total water budget:
 before (mm):         45.52146902492
 after (mm):          45.52184850934
 evaporation (mm):     0.00038118051
 precipitation (mm):   0.00000169609
 large-scale (mm):     0.00000000000
 Imbalance (mm)      -0.00000000000
 evap (mm/day):   1.09779987227025     
 prec (mm/day):  4.884725151132804E-003
 ls (mm/day):  0.000000000000000E+000
 imbalance (mm/day) -1.817901725150155E-011
  imbalance (rel error): -1.560882870594018E-016
 ===========================
NSTEP =        509   NCYCLE=  1  CFL_adv= 0.407  CFL_sgs= 0.121
NSTEP =        510   NCYCLE=  1  CFL_adv= 0.374  CFL_sgs= 0.137
 Let's do some shortwave
 Range of zenith angles  0.732661695834013       0.732661695834013     
 Range of surface albedo (asdir)  3.383449086658900E-002  3.383449086658900E-002
 Range of surface albedo (aldir)  3.383449086658900E-002  3.383449086658900E-002
 Range of surface albedo (asdif)  6.000000000000000E-002  6.000000000000000E-002
 Range of surface albedo (aldif)  6.000000000000000E-002  6.000000000000000E-002
 radiation: perpetual sun, solin=   310.282739654901     
 longwave radiation is called
NSTEP =        511   NCYCLE=  1  CFL_adv= 0.368  CFL_sgs= 0.137
 Collecting statistics...
 name QCSTRG is missing in "lst" file.
NSTEP =        512   NCYCLE=  1  CFL_adv= 0.361  CFL_sgs= 0.136
 DAY =   0.177777777777778     
 NSTEP=         512
 div:  1.552227803873553E-016 -1.077118449118974E-016
 SST=   300.000000000000     
 surface pressure=   1014.80000000000     
 u:  -6.44679419888237        5.14053041744860     
 v:  -5.46460378917579        4.77266037635454     
 w: -0.740150374078861       0.875896129928161     
 p:  -3.83550287298181        4.10143006283928     
 t:   299.603451360856        473.370021026799     
 tabs:   201.737464216470        300.315425601601     
 qv:  2.476868727988859E-084  1.906513458249229E-002
 tke:  0.000000000000000E+000   2.58604013630469     
 tk:  0.000000000000000E+000   9.36517375596970     
 tkh:  0.000000000000000E+000   9.36517375596970     
 qcl:  0.000000000000000E+000  0.000000000000000E+000
 qci:  0.000000000000000E+000  2.147088234358684E-003
 qpl:  0.000000000000000E+000  3.107599670364297E-005
 qpi:  0.000000000000000E+000  0.000000000000000E+000
 qrad(K/day):  -61.9604111225886        41.4646931551809     
 shf:  -1.17783920956209        1.20032357254418     
 lhf:   20.6456539663943        48.9243154390194     
 uw: -5.462662668603999E-003  5.002999713900764E-003
 vw: -7.401125157049850E-003  6.538805761629681E-003
 sst:   300.000000000000        300.000000000000     
 ===========================
 total water budget:
 before (mm):         45.52298600370
 after (mm):          45.52336484695
 evaporation (mm):     0.00038043329
 precipitation (mm):   0.00000159005
 large-scale (mm):     0.00000000000
 Imbalance (mm)      -0.00000000000
 evap (mm/day):   1.09564788439979     
 prec (mm/day):  4.579344484129855E-003
 ls (mm/day):  0.000000000000000E+000
 imbalance (mm/day) -1.850778441636093E-011
  imbalance (rel error): -1.560830879151891E-016
 ===========================
NSTEP =        513   NCYCLE=  1  CFL_adv= 0.389  CFL_sgs= 0.134
NSTEP =        514   NCYCLE=  1  CFL_adv= 0.353  CFL_sgs= 0.135
NSTEP =        515   NCYCLE=  1  CFL_adv= 0.349  CFL_sgs= 0.133
 Collecting statistics...
 name QCSTRG is missing in "lst" file.
NSTEP =        516   NCYCLE=  1  CFL_adv= 0.358  CFL_sgs= 0.128
 DAY =   0.179166666666667     
 NSTEP=         516
 div:  1.570894055603369E-016 -1.480419525803354E-016
 SST=   300.000000000000     
 surface pressure=   1014.80000000000     
 u:  -5.97837505727469        5.81336708335082     
 v:  -5.51243474525321        4.96376125304127     
 w: -0.720136497337707       0.909686502250596     
 p:  -4.03749585095730        4.46216212393352     
 t:   299.613010408165        473.371889333022     
 tabs:   201.825409020649        300.322473237924     
 qv:  2.670075513742875E-084  1.907662498152959E-002
 tke:  0.000000000000000E+000   2.45210565282290     
 tk:  0.000000000000000E+000   9.83598943732565     
 tkh:  0.000000000000000E+000   9.83598943732565     
 qcl:  0.000000000000000E+000  0.000000000000000E+000
 qci:  0.000000000000000E+000  2.124242161380675E-003
 qpl:  0.000000000000000E+000  2.977577240627017E-005
 qpi:  0.000000000000000E+000  0.000000000000000E+000
 qrad(K/day):  -61.9604111225886        41.4646931551809     
 shf:  -1.16812158251997        1.19927868151704     
 lhf:   20.5746926849814        48.4074331757855     
 uw: -5.228722603306741E-003  4.550717711015161E-003
 vw: -7.080630041465274E-003  6.658692296638390E-003
 sst:   300.000000000000        300.000000000000     
 ===========================
 total water budget:
 before (mm):         45.52450040206
 after (mm):          45.52487859258
 evaporation (mm):     0.00037969397
 precipitation (mm):   0.00000150345
 large-scale (mm):     0.00000000000
 Imbalance (mm)      -0.00000000000
 evap (mm/day):   1.09351862093792     
 prec (mm/day):  4.329931930986466E-003
 ls (mm/day):  0.000000000000000E+000
 imbalance (mm/day) -1.384442304449684E-011
  imbalance (rel error): -1.560778980036545E-016
 ===========================
 Let's do some shortwave
 Range of zenith angles  0.732661695834013       0.732661695834013     
 Range of surface albedo (asdir)  3.383449086658900E-002  3.383449086658900E-002
 Range of surface albedo (aldir)  3.383449086658900E-002  3.383449086658900E-002
 Range of surface albedo (asdif)  6.000000000000000E-002  6.000000000000000E-002
 Range of surface albedo (aldif)  6.000000000000000E-002  6.000000000000000E-002
 radiation: perpetual sun, solin=   310.282739654297     
 longwave radiation is called
NSTEP =        517   NCYCLE=  1  CFL_adv= 0.425  CFL_sgs= 0.131
NSTEP =        518   NCYCLE=  1  CFL_adv= 0.367  CFL_sgs= 0.127
NSTEP =        519   NCYCLE=  1  CFL_adv= 0.368  CFL_sgs= 0.130
 Collecting statistics...
 name QCSTRG is missing in "lst" file.
NSTEP =        520   NCYCLE=  1  CFL_adv= 0.365  CFL_sgs= 0.127
 DAY =   0.180555555555556     
 NSTEP=         520
 div:  1.628862173205446E-016 -1.422338081087784E-016
 SST=   300.000000000000     
 surface pressure=   1014.80000000000     
 u:  -6.86374409971839        6.07864391773885     
 v:  -4.99452278183387        4.73295919578530     
 w: -0.731304925886797       0.853872506297624     
 p:  -4.21086780772180        4.78643852581877     
 t:   299.629127465089        473.373906131091     
 tabs:   201.908858990934        300.320946862956     
 qv:  3.140705039630672E-084  1.908676598554545E-002
 tke:  0.000000000000000E+000   2.35582108713580     
 tk:  0.000000000000000E+000   6.33261633349349     
 tkh:  0.000000000000000E+000   6.33261633349349     
 qcl:  0.000000000000000E+000  0.000000000000000E+000
 qci:  0.000000000000000E+000  2.098059552457746E-003
 qpl:  0.000000000000000E+000  2.790584822687866E-005
 qpi:  0.000000000000000E+000  0.000000000000000E+000
 qrad(K/day):  -56.4067446237541        39.5087266218388     
 shf:  -1.15683030003069        1.14454235195435     
 lhf:   20.5105461020335        47.8786128563027     
 uw: -4.975959918642557E-003  4.353738113667821E-003
 vw: -6.602268923884781E-003  6.559516746848730E-003
 sst:   300.000000000000        300.000000000000     
 ===========================
 total water budget:
 before (mm):         45.52601217364
 after (mm):          45.52638970368
 evaporation (mm):     0.00037896061
 precipitation (mm):   0.00000143058
 large-scale (mm):     0.00000000000
 Imbalance (mm)      -0.00000000000
 evap (mm/day):   1.09140656602296     
 prec (mm/day):  4.120069920836980E-003
 ls (mm/day):  0.000000000000000E+000
 imbalance (mm/day) -2.101834026648538E-011
  imbalance (rel error): -1.560727174688973E-016
 ===========================
NSTEP =        521   NCYCLE=  1  CFL_adv= 0.423  CFL_sgs= 0.128
NSTEP =        522   NCYCLE=  1  CFL_adv= 0.367  CFL_sgs= 0.126
 Let's do some shortwave
 Range of zenith angles  0.732661695834013       0.732661695834013     
 Range of surface albedo (asdir)  3.383449086658900E-002  3.383449086658900E-002
 Range of surface albedo (aldir)  3.383449086658900E-002  3.383449086658900E-002
 Range of surface albedo (asdif)  6.000000000000000E-002  6.000000000000000E-002
 Range of surface albedo (aldif)  6.000000000000000E-002  6.000000000000000E-002
 radiation: perpetual sun, solin=   310.282739654722     
 longwave radiation is called
NSTEP =        523   NCYCLE=  1  CFL_adv= 0.367  CFL_sgs= 0.127
 Collecting statistics...
 name QCSTRG is missing in "lst" file.
NSTEP =        524   NCYCLE=  1  CFL_adv= 0.368  CFL_sgs= 0.125
 DAY =   0.181944444444444     
 NSTEP=         524
 div:  2.065007387748764E-016 -1.734741652608540E-016
 SST=   300.000000000000     
 surface pressure=   1014.80000000000     
 u:  -6.52482242468615        5.57556598750786     
 v:  -5.26973814195245        4.18073297595135     
 w: -0.760042903520177       0.819285005472128     
 p:  -4.33483268905444        5.10350983301751     
 t:   299.632838336313        473.375624004023     
 tabs:   201.970057577346        300.308005699662     
 qv:  4.314937126636635E-084  1.909536024090189E-002
 tke:  0.000000000000000E+000   2.27771986749588     
 tk:  0.000000000000000E+000   5.65954376576954     
 tkh:  0.000000000000000E+000   5.65954376576954     
 qcl:  0.000000000000000E+000  0.000000000000000E+000
 qci:  0.000000000000000E+000  2.070907686551584E-003
 qpl:  0.000000000000000E+000  2.622638224270974E-005
 qpi:  0.000000000000000E+000  0.000000000000000E+000
 qrad(K/day):  -51.1522640266703        36.7572372130608     
 shf:  -1.14457161135907        1.16913811922579     
 lhf:   20.4547291347965        47.3400856794398     
 uw: -4.862229185040357E-003  4.142287820907369E-003
 vw: -6.056366846749994E-003  6.284715210025288E-003
 sst:   300.000000000000        300.000000000000     
 ===========================
 total water budget:
 before (mm):         45.52752130707
 after (mm):          45.52789818023
 evaporation (mm):     0.00037823555
 precipitation (mm):   0.00000136239
 large-scale (mm):     0.00000000000
 Imbalance (mm)       0.00000000000
 evap (mm/day):   1.08931837719823     
 prec (mm/day):  3.923669812778247E-003
 ls (mm/day):  0.000000000000000E+000
 imbalance (mm/day)  2.562238812233667E-011
  imbalance (rel error):  3.121350926182581E-016
 ===========================
NSTEP =        525   NCYCLE=  1  CFL_adv= 0.377  CFL_sgs= 0.126
NSTEP =        526   NCYCLE=  1  CFL_adv= 0.362  CFL_sgs= 0.124
NSTEP =        527   NCYCLE=  1  CFL_adv= 0.361  CFL_sgs= 0.125
 Collecting statistics...
 name QCSTRG is missing in "lst" file.
NSTEP =        528   NCYCLE=  1  CFL_adv= 0.382  CFL_sgs= 0.124
 DAY =   0.183333333333333     
 NSTEP=         528
 div:  1.965050806744120E-016 -1.986270572864881E-016
 SST=   300.000000000000     
 surface pressure=   1014.80000000000     
 u:  -6.68368190936605        4.96490591666115     
 v:  -5.21907620055724        4.20255075356641     
 w: -0.778254909533912       0.819017318010521     
 p:  -4.41742875898639        5.39891637531414     
 t:   299.638663821957        473.376961278177     
 tabs:   202.009547787271        300.295663692924     
 qv:  6.255893881954800E-084  1.910173986245961E-002
 tke:  0.000000000000000E+000   2.20652938749604     
 tk:  0.000000000000000E+000   17.3331348929568     
 tkh:  0.000000000000000E+000   17.3331348929568     
 qcl:  0.000000000000000E+000  0.000000000000000E+000
 qci:  0.000000000000000E+000  2.042381468270710E-003
 qpl:  0.000000000000000E+000  2.475018652352929E-005
 qpi:  0.000000000000000E+000  0.000000000000000E+000
 qrad(K/day):  -51.1522640266703        36.7572372130608     
 shf:  -1.13307223230049        1.13704764039897     
 lhf:   20.4129849604263        46.9023691096895     
 uw: -4.834507212259783E-003  4.148125034925787E-003
 vw: -5.466530750224328E-003  5.974012012316536E-003
 sst:   300.000000000000        300.000000000000     
 ===========================
 total water budget:
 before (mm):         45.52902782153
 after (mm):          45.52940404292
 evaporation (mm):     0.00037751789
 precipitation (mm):   0.00000129650
 large-scale (mm):     0.00000000000
 Imbalance (mm)       0.00000000000
 evap (mm/day):   1.08725152368173     
 prec (mm/day):  3.733917972695788E-003
 ls (mm/day):  0.000000000000000E+000
 imbalance (mm/day)  4.917122617279293E-012
  imbalance (rel error):  1.560623844516439E-016
 ===========================
 Let's do some shortwave
 Range of zenith angles  0.732661695834013       0.732661695834013     
 Range of surface albedo (asdir)  3.383449086658900E-002  3.383449086658900E-002
 Range of surface albedo (aldir)  3.383449086658900E-002  3.383449086658900E-002
 Range of surface albedo (asdif)  6.000000000000000E-002  6.000000000000000E-002
 Range of surface albedo (aldif)  6.000000000000000E-002  6.000000000000000E-002
 radiation: perpetual sun, solin=   310.282739656124     
 longwave radiation is called
NSTEP =        529   NCYCLE=  1  CFL_adv= 0.399  CFL_sgs= 0.124
NSTEP =        530   NCYCLE=  1  CFL_adv= 0.412  CFL_sgs= 0.123
NSTEP =        531   NCYCLE=  1  CFL_adv= 0.421  CFL_sgs= 0.123
 Collecting statistics...
 name QCSTRG is missing in "lst" file.
NSTEP =        532   NCYCLE=  1  CFL_adv= 0.425  CFL_sgs= 0.137
 DAY =   0.184722222222222     
 NSTEP=         532
 div:  2.356578758845526E-016 -2.241342936464741E-016
 SST=   300.000000000000     
 surface pressure=   1014.80000000000     
 u:  -7.38713079751989        5.58459004210552     
 v:  -5.10113582205150        4.33835580620333     
 w: -0.766954788803031       0.807838173421719     
 p:  -4.55538072747572        5.63159161197161     
 t:   299.653362673906        473.378249601995     
 tabs:   201.994915817404        300.283819262525     
 qv:  1.187182877482235E-083  1.910579306622091E-002
 tke:  0.000000000000000E+000   2.13717293756223     
 tk:  0.000000000000000E+000   10.9613810186856     
 tkh:  0.000000000000000E+000   10.9613810186856     
 qcl:  0.000000000000000E+000  0.000000000000000E+000
 qci:  0.000000000000000E+000  2.011347009230459E-003
 qpl:  0.000000000000000E+000  2.311573532830190E-005
 qpi:  0.000000000000000E+000  0.000000000000000E+000
 qrad(K/day):  -48.7587741768751        38.2265871731828     
 shf:  -1.12455655662051        1.06317948507378     
 lhf:   20.3869815209318        46.3273415980296     
 uw: -4.977904849775479E-003  4.213807278283577E-003
 vw: -5.297834015299413E-003  5.760550246325010E-003
 sst:   300.000000000000        300.000000000000     
 ===========================
 total water budget:
 before (mm):         45.53053172857
 after (mm):          45.53090729622
 evaporation (mm):     0.00037680734
 precipitation (mm):   0.00000123969
 large-scale (mm):     0.00000000000
 Imbalance (mm)      -0.00000000000
 evap (mm/day):   1.08520514158243     
 prec (mm/day):  3.570312940243791E-003
 ls (mm/day):  0.000000000000000E+000
 imbalance (mm/day) -8.722356333295406E-012
  imbalance (rel error): -1.560572318793083E-016
 ===========================
NSTEP =        533   NCYCLE=  1  CFL_adv= 0.424  CFL_sgs= 0.122
NSTEP =        534   NCYCLE=  1  CFL_adv= 0.418  CFL_sgs= 0.135
 Let's do some shortwave
 Range of zenith angles  0.732661695834013       0.732661695834013     
 Range of surface albedo (asdir)  3.383449086658900E-002  3.383449086658900E-002
 Range of surface albedo (aldir)  3.383449086658900E-002  3.383449086658900E-002
 Range of surface albedo (asdif)  6.000000000000000E-002  6.000000000000000E-002
 Range of surface albedo (aldif)  6.000000000000000E-002  6.000000000000000E-002
 radiation: perpetual sun, solin=   310.282739658357     
 longwave radiation is called
NSTEP =        535   NCYCLE=  1  CFL_adv= 0.408  CFL_sgs= 0.121
 Collecting statistics...
 name QCSTRG is missing in "lst" file.
NSTEP =        536   NCYCLE=  1  CFL_adv= 0.403  CFL_sgs= 0.134
 DAY =   0.186111111111111     
 NSTEP=         536
 div:  2.121454343055461E-016 -2.050800807652606E-016
 SST=   300.000000000000     
 surface pressure=   1014.80000000000     
 u:  -6.85093990231377        5.65678654936981     
 v:  -5.36042151443892        4.24252808454088     
 w: -0.747104444112974       0.769588126374037     
 p:  -4.90502068957964        5.76242794754797     
 t:   299.658637541970        473.379745143010     
 tabs:   201.964156117251        300.272487922656     
 qv:  2.308318652865246E-083  1.910832582891369E-002
 tke:  0.000000000000000E+000   2.07065709622348     
 tk:  0.000000000000000E+000   9.54796857779831     
 tkh:  0.000000000000000E+000   9.54796857779831     
 qcl:  0.000000000000000E+000  0.000000000000000E+000
 qci:  0.000000000000000E+000  1.977064843020545E-003
 qpl:  0.000000000000000E+000  2.148048250876765E-005
 qpi:  0.000000000000000E+000  0.000000000000000E+000
 qrad(K/day):  -45.8650554566562        36.7356286366261     
 shf:  -1.12032998200800       0.994428679564998     
 lhf:   20.3729213049231        46.3919805881855     
 uw: -5.073555027716955E-003  4.137232811546454E-003
 vw: -5.105259711679774E-003  5.671375429320166E-003
 sst:   300.000000000000        300.000000000000     
 ===========================
 total water budget:
 before (mm):         45.53203300958
 after (mm):          45.53240791538
 evaporation (mm):     0.00037610381
 precipitation (mm):   0.00000119800
 large-scale (mm):     0.00000000000
 Imbalance (mm)       0.00000000000
 evap (mm/day):   1.08317896993885     
 prec (mm/day):  3.450253840211774E-003
 ls (mm/day):  0.000000000000000E+000
 imbalance (mm/day) -1.458529342223888E-012
  imbalance (rel error):  0.000000000000000E+000
 ===========================
NSTEP =        537   NCYCLE=  1  CFL_adv= 0.396  CFL_sgs= 0.120
NSTEP =        538   NCYCLE=  1  CFL_adv= 0.384  CFL_sgs= 0.133
NSTEP =        539   NCYCLE=  1  CFL_adv= 0.374  CFL_sgs= 0.119
 Collecting statistics...
 name QCSTRG is missing in "lst" file.
 Writting statistics:nstatsteps=          15
 --------------- ISCCP Simulator Diagnostics: -----------------
 ISCCP PDF:
            0.0       0.3       1.3       3.6       9.4      23.0      60.0
    0.     0.000     0.000     0.000     0.000     0.000     0.000     0.000
  180.     0.006     0.003     0.002     0.001     0.002     0.005     0.002
  310.     0.000     0.000     0.000     0.001     0.001     0.000     0.000
  440.     0.000     0.000     0.000     0.000     0.000     0.000     0.000
  560.     0.000     0.000     0.000     0.000     0.000     0.000     0.000
  680.     0.000     0.000     0.000     0.000     0.000     0.000     0.000
  800.     0.000     0.000     0.000     0.000     0.000     0.000     0.000
 low cld area (tau > 0.3)=  0.000000000000000E+000
 mid cld area (tau > 0.3)=  0.000000000000000E+000
 hgh cld area (tau > 0.3)=  1.808369954427083E-002
 total cld area (tau > 0.3)=  1.808369954427083E-002
 mean albedo cld (tau > 0.3)   0.550328808260985     
 mean tau cld (tau > 0.3)    10.7058671851645     
 mean top pressure (tau > 0.3)   264.738434767050     
 mean brightness temp (tau > 0.3)   280.670729600968     
 mean clearsky brightness temp (tau > 0.3)   296.034076710443     
 --------------- MODIS Simulator Diagnostics: -----------------
 MODIS PDF:
                      0.3       1.3       3.6       9.4      23.0      60.0
    0.               0.000     0.000     0.000     0.000     0.000     0.002
  180.               0.002     0.002     0.002     0.002     0.005     0.001
  310.               0.000     0.001     0.001     0.000     0.000     0.000
  440.               0.000     0.000     0.000     0.000     0.000     0.000
  560.               0.000     0.000     0.000     0.000     0.000     0.000
  680.               0.000     0.000     0.000     0.000     0.000     0.000
  800.               0.000     0.000     0.000     0.000     0.000     0.000
 low cld area =  0.000000000000000E+000
 mid cld area =  0.000000000000000E+000
 hgh cld area =  1.808369954427083E-002
 total cld area =  1.808369954427083E-002
 mean tau cld    27.3704624049295     
 mean top pressure    254.618706564539     
 total cld area (liquid) =  0.000000000000000E+000
 total cld area (ice) =  1.808369954427083E-002
 mean tau (liquid) =  -1.00000000000000     
 mean tau (ice) =   27.3704624049295     
 mean lwp (g/m2) =  -1.00000000000000     
 mean iwp (g/m2) =   719.846370421069     
 mean reff (liquid)  =  -1.00000000000000     
 mean reff (ice)  =   48.8534804649742     
 --------------- MISR Simulator Diagnostics: -----------------
 MISR PDF:
            0.0       0.3       1.3       3.6       9.4      23.0      60.0
 99.00     0.000     0.000     0.000     0.000     0.000     0.000     0.000
 17.00     0.000     0.000     0.000     0.000     0.000     0.000     0.000
 15.00     0.000     0.000     0.000     0.000     0.000     0.000     0.001
 13.00     0.000     0.000     0.000     0.000     0.000     0.001     0.002
 11.00     0.000     0.000     0.002     0.002     0.002     0.004     0.000
  9.00     0.000     0.001     0.001     0.000     0.000     0.000     0.000
  7.00     0.000     0.000     0.000     0.000     0.000     0.000     0.000
  5.00     0.000     0.000     0.000     0.000     0.000     0.000     0.000
  4.00     0.000     0.000     0.000     0.000     0.000     0.000     0.000
  3.00     0.000     0.000     0.000     0.000     0.000     0.000     0.000
  2.50     0.000     0.000     0.000     0.000     0.000     0.000     0.000
  2.00     0.000     0.000     0.000     0.000     0.000     0.000     0.000
  1.50     0.000     0.000     0.000     0.000     0.000     0.000     0.000
  1.00     0.000     0.000     0.000     0.000     0.000     0.000     0.000
  0.50     0.000     0.000     0.000     0.000     0.000     0.000     0.000
  0.00     0.001     0.001     0.000     0.000     0.000     0.000     0.000
 total cld area =  1.733907063802084E-002
 mean top height (m)   10373.9887555937     
 Writting history file 
 rcemip300sst_160_MaxIce20_dry                                                  
  
NSTEP =        540   NCYCLE=  1  CFL_adv= 0.366  CFL_sgs= 0.132
 DAY =   0.187500000000000     
 NSTEP=         540
 div:  2.319731204393933E-016 -2.782673493270780E-016
 SST=   300.000000000000     
 surface pressure=   1014.80000000000     
 u:  -5.81030274963223        5.22909249535153     
 v:  -5.09702760622746        4.14622257844005     
 w: -0.817877018696823       0.818867970131452     
 p:  -5.18401768555639        5.78703941606254     
 t:   299.658531469439        473.381423372261     
 tabs:   202.015876462723        300.262456703370     
 qv:  3.130248204668241E-083  1.911873426471110E-002
 tke:  0.000000000000000E+000   2.43528000473777     
 tk:  0.000000000000000E+000   7.03210129766531     
 tkh:  0.000000000000000E+000   7.03210129766531     
 qcl:  0.000000000000000E+000  0.000000000000000E+000
 qci:  0.000000000000000E+000  1.941301344068213E-003
 qpl:  0.000000000000000E+000  2.017226586037692E-005
 qpi:  0.000000000000000E+000  0.000000000000000E+000
 qrad(K/day):  -45.8650554566562        36.7356286366261     
 shf:  -1.11974418223930        1.00220650084073     
 lhf:   20.3651185476415        46.3507716236070     
 uw: -4.833666734167678E-003  3.864755388756852E-003
 vw: -4.875135418931431E-003  5.610866338377661E-003
 sst:   300.000000000000        300.000000000000     
 ===========================
 total water budget:
 before (mm):         45.53353162752
 after (mm):          45.53390586123
 evaporation (mm):     0.00037540799
 precipitation (mm):   0.00000117428
 large-scale (mm):     0.00000000000
 Imbalance (mm)       0.00000000000
 evap (mm/day):   1.08117499791117     
 prec (mm/day):  3.381913677113029E-003
 ls (mm/day):  0.000000000000000E+000
 imbalance (mm/day)  7.364203241351855E-012
  imbalance (rel error):  0.000000000000000E+000
 ===========================
CPU TIME =      72.4914 OVER     0.50 MODEL HOURS
 Let's do some shortwave
 Range of zenith angles  0.732661695834013       0.732661695834013     
 Range of surface albedo (asdir)  3.383449086658900E-002  3.383449086658900E-002
 Range of surface albedo (aldir)  3.383449086658900E-002  3.383449086658900E-002
 Range of surface albedo (asdif)  6.000000000000000E-002  6.000000000000000E-002
 Range of surface albedo (aldif)  6.000000000000000E-002  6.000000000000000E-002
 radiation: perpetual sun, solin=   310.282739661266     
 longwave radiation is called
NSTEP =        541   NCYCLE=  1  CFL_adv= 0.370  CFL_sgs= 0.130
NSTEP =        542   NCYCLE=  1  CFL_adv= 0.378  CFL_sgs= 0.132
NSTEP =        543   NCYCLE=  1  CFL_adv= 0.384  CFL_sgs= 0.129
 Collecting statistics...
 name QCSTRG is missing in "lst" file.
NSTEP =        544   NCYCLE=  1  CFL_adv= 0.387  CFL_sgs= 0.131
 DAY =   0.188888888888889     
 NSTEP=         544
 div:  2.442076961181764E-016 -2.238995133524865E-016
 SST=   300.000000000000     
 surface pressure=   1014.80000000000     
 u:  -6.32424222291191        4.83426828890873     
 v:  -4.86494394274910        4.04838973935928     
 w: -0.856486784943931       0.801055117676197     
 p:  -5.36180923321465        5.73274981781826     
 t:   299.659472206497        473.383016796914     
 tabs:   202.026090211353        300.253662472819     
 qv:  3.318173693873928E-083  1.913390155876271E-002
 tke:  0.000000000000000E+000   2.31530159141258     
 tk:  0.000000000000000E+000   5.70604316748826     
 tkh:  0.000000000000000E+000   5.70604316748826     
 qcl:  0.000000000000000E+000  0.000000000000000E+000
 qci:  0.000000000000000E+000  1.915013020512033E-003
 qpl:  0.000000000000000E+000  1.956017832025723E-005
 qpi:  0.000000000000000E+000  0.000000000000000E+000
 qrad(K/day):  -42.7866700724552        36.2120053554236     
 shf:  -1.12919532819986        1.00145800045337     
 lhf:   20.3606044022905        46.2210668578547     
 uw: -4.399378349034727E-003  3.756682898585284E-003
 vw: -4.970249115384120E-003  5.544267660273845E-003
 sst:   300.000000000000        300.000000000000     
 ===========================
 total water budget:
 before (mm):         45.53502754221
 after (mm):          45.53540109358
 evaporation (mm):     0.00037471911
 precipitation (mm):   0.00000116774
 large-scale (mm):     0.00000000000
 Imbalance (mm)      -0.00000000000
 evap (mm/day):   1.07919104892527     
 prec (mm/day):  3.363100494011409E-003
 ls (mm/day):  0.000000000000000E+000
 imbalance (mm/day) -1.734627639281023E-011
  imbalance (rel error): -1.560418309042468E-016
 ===========================
NSTEP =        545   NCYCLE=  1  CFL_adv= 0.388  CFL_sgs= 0.127
NSTEP =        546   NCYCLE=  1  CFL_adv= 0.387  CFL_sgs= 0.128
 Let's do some shortwave
 Range of zenith angles  0.732661695834013       0.732661695834013     
 Range of surface albedo (asdir)  3.383449086658900E-002  3.383449086658900E-002
 Range of surface albedo (aldir)  3.383449086658900E-002  3.383449086658900E-002
 Range of surface albedo (asdif)  6.000000000000000E-002  6.000000000000000E-002
 Range of surface albedo (aldif)  6.000000000000000E-002  6.000000000000000E-002
 radiation: perpetual sun, solin=   310.282739664710     
 longwave radiation is called
NSTEP =        547   NCYCLE=  1  CFL_adv= 0.382  CFL_sgs= 0.126
 Collecting statistics...
 name QCSTRG is missing in "lst" file.
NSTEP =        548   NCYCLE=  1  CFL_adv= 0.376  CFL_sgs= 0.126
 DAY =   0.190277777777778     
 NSTEP=         548
 div:  2.035101246240233E-016 -2.132038456260290E-016
 SST=   300.000000000000     
 surface pressure=   1014.80000000000     
 u:  -6.18944153041583        5.25053168006369     
 v:  -4.83716567619876        4.44676234236248     
 w: -0.840909611906469       0.691616308841387     
 p:  -5.42526876745067        5.62969846299063     
 t:   299.663086670965        473.384435454611     
 tabs:   202.043806245436        300.245809210690     
 qv:  4.210525179848875E-083  1.914742822054350E-002
 tke:  0.000000000000000E+000   2.24766655495564     
 tk:  0.000000000000000E+000   5.62208243705690     
 tkh:  0.000000000000000E+000   5.62208243705690     
 qcl:  0.000000000000000E+000  0.000000000000000E+000
 qci:  0.000000000000000E+000  1.893635579696707E-003
 qpl:  0.000000000000000E+000  1.890973420604664E-005
 qpi:  0.000000000000000E+000  0.000000000000000E+000
 qrad(K/day):  -41.5494046797941        35.2733100536688     
 shf:  -1.12911920434452       0.978986646123290     
 lhf:   20.3589297648133        45.7866167867456     
 uw: -4.029619913630282E-003  3.734353108869050E-003
 vw: -5.071608823544783E-003  5.781511805763681E-003
 sst:   300.000000000000        300.000000000000     
 ===========================
 total water budget:
 before (mm):         45.53652071456
 after (mm):          45.53689357539
 evaporation (mm):     0.00037403831
 precipitation (mm):   0.00000117749
 large-scale (mm):     0.00000000000
 Imbalance (mm)       0.00000000000
 evap (mm/day):   1.07723032987735     
 prec (mm/day):  3.391160463326762E-003
 ls (mm/day):  0.000000000000000E+000
 imbalance (mm/day)  2.542676396581449E-011
  imbalance (rel error):  1.560367165985490E-016
 ===========================
NSTEP =        549   NCYCLE=  1  CFL_adv= 0.377  CFL_sgs= 0.125
NSTEP =        550   NCYCLE=  1  CFL_adv= 0.376  CFL_sgs= 0.040
NSTEP =        551   NCYCLE=  1  CFL_adv= 0.373  CFL_sgs= 0.116
 Collecting statistics...
 name QCSTRG is missing in "lst" file.
NSTEP =        552   NCYCLE=  1  CFL_adv= 0.368  CFL_sgs= 0.041
 DAY =   0.191666666666667     
 NSTEP=         552
 div:  2.562022393291307E-016 -2.478567250156129E-016
 SST=   300.000000000000     
 surface pressure=   1014.80000000000     
 u:  -6.26345907902700        5.12423649247678     
 v:  -5.09583994575551        4.64622930788486     
 w: -0.829490043034911       0.704469634530070     
 p:  -5.39115834101157        5.47870571132852     
 t:   299.662196891938        473.385869620753     
 tabs:   202.020019472146        300.238416208089     
 qv:  5.541170527379846E-083  1.915550427310789E-002
 tke:  0.000000000000000E+000  0.224676504368085     
 tk:  0.000000000000000E+000   11.8500133008387     
 tkh:  0.000000000000000E+000   11.8500133008387     
 qcl:  0.000000000000000E+000  0.000000000000000E+000
 qci:  0.000000000000000E+000  1.874184818020993E-003
 qpl:  0.000000000000000E+000  1.845883532054992E-005
 qpi:  0.000000000000000E+000  0.000000000000000E+000
 qrad(K/day):  -41.5494046797941        35.2733100536688     
 shf:  -1.11910582709769       0.938783228265375     
 lhf:   20.3571600106280        45.2827672843530     
 uw: -3.945057060687224E-003  4.030157287687171E-003
 vw: -5.141322024216884E-003  5.823559801618864E-003
 sst:   300.000000000000        300.000000000000     
 ===========================
 total water budget:
 before (mm):         45.53801111088
 after (mm):          45.53838327139
 evaporation (mm):     0.00037336355
 precipitation (mm):   0.00000120304
 large-scale (mm):     0.00000000000
 Imbalance (mm)       0.00000000000
 evap (mm/day):   1.07528701074550     
 prec (mm/day):  3.464759880605712E-003
 ls (mm/day):  0.000000000000000E+000
 imbalance (mm/day)  5.358262661694924E-015
  imbalance (rel error):  0.000000000000000E+000
 ===========================
 Let's do some shortwave
 Range of zenith angles  0.732661695834013       0.732661695834013     
 Range of surface albedo (asdir)  3.383449086658900E-002  3.383449086658900E-002
 Range of surface albedo (aldir)  3.383449086658900E-002  3.383449086658900E-002
 Range of surface albedo (asdif)  6.000000000000000E-002  6.000000000000000E-002
 Range of surface albedo (aldif)  6.000000000000000E-002  6.000000000000000E-002
 radiation: perpetual sun, solin=   310.282739668596     
 longwave radiation is called
NSTEP =        553   NCYCLE=  1  CFL_adv= 0.363  CFL_sgs= 0.040
NSTEP =        554   NCYCLE=  1  CFL_adv= 0.359  CFL_sgs= 0.040
NSTEP =        555   NCYCLE=  1  CFL_adv= 0.362  CFL_sgs= 0.040
 Collecting statistics...
 name QCSTRG is missing in "lst" file.
NSTEP =        556   NCYCLE=  1  CFL_adv= 0.364  CFL_sgs= 0.039
 DAY =   0.193055555555556     
 NSTEP=         556
 div:  2.880162918029116E-016 -2.584460374668129E-016
 SST=   300.000000000000     
 surface pressure=   1014.80000000000     
 u:  -6.05721931648321        4.54671247588245     
 v:  -5.50761348576421        4.55819577907268     
 w: -0.802937107242516       0.729864873765165     
 p:  -5.28878167162493        5.25381426702239     
 t:   299.661532828978        473.387445018500     
 tabs:   202.008775680131        300.231071947634     
 qv:  7.914089693230724E-083  1.915068613910556E-002
 tke:  0.000000000000000E+000  0.224591971428691     
 tk:  0.000000000000000E+000   11.8477838494349     
 tkh:  0.000000000000000E+000   11.8477838494349     
 qcl:  0.000000000000000E+000  0.000000000000000E+000
 qci:  0.000000000000000E+000  1.865221803939623E-003
 qpl:  0.000000000000000E+000  1.778021034539365E-005
 qpi:  0.000000000000000E+000  0.000000000000000E+000
 qrad(K/day):  -41.6818080743481        35.5224437636079     
 shf:  -1.11400040746100       0.903230684050128     
 lhf:   20.3537467302050        44.7418366117224     
 uw: -3.923665908108753E-003  4.177185106235102E-003
 vw: -5.054128078652569E-003  5.755137080712195E-003
 sst:   300.000000000000        300.000000000000     
 ===========================
 total water budget:
 before (mm):         45.53949869046
 after (mm):          45.53987014002
 evaporation (mm):     0.00037269540
 precipitation (mm):   0.00000124583
 large-scale (mm):     0.00000000000
 Imbalance (mm)      -0.00000000000
 evap (mm/day):   1.07336274490187     
 prec (mm/day):  3.588003592939303E-003
 ls (mm/day):  0.000000000000000E+000
 imbalance (mm/day) -1.840184742866319E-011
  imbalance (rel error): -1.560265177690216E-016
 ===========================
NSTEP =        557   NCYCLE=  1  CFL_adv= 0.364  CFL_sgs= 0.039
NSTEP =        558   NCYCLE=  1  CFL_adv= 0.363  CFL_sgs= 0.038
 Let's do some shortwave
 Range of zenith angles  0.732661695834013       0.732661695834013     
 Range of surface albedo (asdir)  3.383449086658900E-002  3.383449086658900E-002
 Range of surface albedo (aldir)  3.383449086658900E-002  3.383449086658900E-002
 Range of surface albedo (asdif)  6.000000000000000E-002  6.000000000000000E-002
 Range of surface albedo (aldif)  6.000000000000000E-002  6.000000000000000E-002
 radiation: perpetual sun, solin=   310.282739672835     
 longwave radiation is called
NSTEP =        559   NCYCLE=  1  CFL_adv= 0.360  CFL_sgs= 0.038
 Collecting statistics...
 name QCSTRG is missing in "lst" file.
NSTEP =        560   NCYCLE=  1  CFL_adv= 0.359  CFL_sgs= 0.037
 DAY =   0.194444444444444     
 NSTEP=         560
 div:  1.932070656598123E-016 -2.299186742685192E-016
 SST=   300.000000000000     
 surface pressure=   1014.80000000000     
 u:  -5.35504009705214        4.60318675334122     
 v:  -5.98581264775373        4.30151003659086     
 w: -0.782952812197347       0.764668237628904     
 p:  -5.13674697894688        4.92369854706913     
 t:   299.661273539215        473.389037237814     
 tabs:   202.015767333260        300.223234924629     
 qv:  1.721388322730191E-082  1.913839201445661E-002
 tke:  0.000000000000000E+000  0.224539318053263     
 tk:  0.000000000000000E+000   11.8463949699176     
 tkh:  0.000000000000000E+000   11.8463949699176     
 qcl:  0.000000000000000E+000  0.000000000000000E+000
 qci:  0.000000000000000E+000  1.853269807869825E-003
 qpl:  0.000000000000000E+000  1.658477791080250E-005
 qpi:  0.000000000000000E+000  0.000000000000000E+000
 qrad(K/day):  -40.0546130677753        32.3005066853010     
 shf:  -1.10529667551458       0.905337799784043     
 lhf:   20.3575194685133        44.2021464452287     
 uw: -3.976614746669075E-003  4.206258286476203E-003
 vw: -4.753671458076379E-003  5.681104951108734E-003
 sst:   300.000000000000        300.000000000000     
 ===========================
 total water budget:
 before (mm):         45.54098340516
 after (mm):          45.54135412957
 evaporation (mm):     0.00037203093
 precipitation (mm):   0.00000130652
 large-scale (mm):     0.00000000000
 Imbalance (mm)       0.00000000000
 evap (mm/day):   1.07144906797039     
 prec (mm/day):  3.762787127166748E-003
 ls (mm/day):  0.000000000000000E+000
 imbalance (mm/day)  1.679160472776650E-011
  imbalance (rel error):  1.560214335609304E-016
 ===========================
NSTEP =        561   NCYCLE=  1  CFL_adv= 0.367  CFL_sgs= 0.037
NSTEP =        562   NCYCLE=  1  CFL_adv= 0.373  CFL_sgs= 0.036
NSTEP =        563   NCYCLE=  1  CFL_adv= 0.377  CFL_sgs= 0.036
 Collecting statistics...
 name QCSTRG is missing in "lst" file.
NSTEP =        564   NCYCLE=  1  CFL_adv= 0.378  CFL_sgs= 0.036
 DAY =   0.195833333333333     
 NSTEP=         564
 div:  2.138594361125872E-016 -1.956202386298490E-016
 SST=   300.000000000000     
 surface pressure=   1014.80000000000     
 u:  -5.59329974794162        4.66366408318169     
 v:  -5.81755700853671        4.24556296165996     
 w: -0.782749542265257       0.710552502832978     
 p:  -4.93398560937411        4.48585683193718     
 t:   299.661765713036        473.390467456588     
 tabs:   202.019081984334        300.213653640253     
 qv:  4.093430433185705E-082  1.915387415864546E-002
 tke:  0.000000000000000E+000  0.221615400888868     
 tk:  0.000000000000000E+000   11.7690112395028     
 tkh:  0.000000000000000E+000   11.7690112395028     
 qcl:  0.000000000000000E+000  0.000000000000000E+000
 qci:  0.000000000000000E+000  1.838999142978669E-003
 qpl:  0.000000000000000E+000  1.624156078076115E-005
 qpi:  0.000000000000000E+000  0.000000000000000E+000
 qrad(K/day):  -40.0546130677753        32.3005066853010     
 shf:  -1.09338465550332       0.905661214848208     
 lhf:   20.3850905885499        43.6874483848167     
 uw: -3.957965019817857E-003  4.158701006014502E-003
 vw: -4.324919439828244E-003  5.584664393846014E-003
 sst:   300.000000000000        300.000000000000     
 ===========================
 total water budget:
 before (mm):         45.54246520448
 after (mm):          45.54283519591
 evaporation (mm):     0.00037137161
 precipitation (mm):   0.00000138017
 large-scale (mm):     0.00000000000
 Imbalance (mm)       0.00000000000
 evap (mm/day):   1.06955023029290     
 prec (mm/day):  3.974902585460044E-003
 ls (mm/day):  0.000000000000000E+000
 imbalance (mm/day) -4.991844340229007E-013
  imbalance (rel error):  0.000000000000000E+000
 ===========================
 Let's do some shortwave
 Range of zenith angles  0.732661695834013       0.732661695834013     
 Range of surface albedo (asdir)  3.383449086658900E-002  3.383449086658900E-002
 Range of surface albedo (aldir)  3.383449086658900E-002  3.383449086658900E-002
 Range of surface albedo (asdif)  6.000000000000000E-002  6.000000000000000E-002
 Range of surface albedo (aldif)  6.000000000000000E-002  6.000000000000000E-002
 radiation: perpetual sun, solin=   310.282739677300     
 longwave radiation is called
NSTEP =        565   NCYCLE=  1  CFL_adv= 0.377  CFL_sgs= 0.036
NSTEP =        566   NCYCLE=  1  CFL_adv= 0.373  CFL_sgs= 0.036
NSTEP =        567   NCYCLE=  1  CFL_adv= 0.369  CFL_sgs= 0.036
 Collecting statistics...
 name QCSTRG is missing in "lst" file.
NSTEP =        568   NCYCLE=  1  CFL_adv= 0.366  CFL_sgs= 0.036
 DAY =   0.197222222222222     
 NSTEP=         568
 div:  1.397298744255753E-016 -1.504048820984275E-016
 SST=   300.000000000000     
 surface pressure=   1014.80000000000     
 u:  -5.72402469101754        4.40453017606334     
 v:  -5.06067161085353        4.47678680272203     
 w: -0.858312489651959       0.692303397873748     
 p:  -4.70666849975810        3.98521324841203     
 t:   299.661694559852        473.391855838733     
 tabs:   202.017143089469        300.197772555584     
 qv:  5.692278789672455E-082  1.916449515000414E-002
 tke:  0.000000000000000E+000  0.213469319176416     
 tk:  0.000000000000000E+000   11.5506850223378     
 tkh:  0.000000000000000E+000   11.5506850223378     
 qcl:  0.000000000000000E+000  0.000000000000000E+000
 qci:  0.000000000000000E+000  1.833533941669481E-003
 qpl:  0.000000000000000E+000  1.639167839585355E-005
 qpi:  0.000000000000000E+000  0.000000000000000E+000
 qrad(K/day):  -39.6856982703706        35.0931394962736     
 shf:  -1.07927649383228       0.907199699684795     
 lhf:   20.4471498568773        43.1992547650131     
 uw: -3.868122594916361E-003  4.001615758596078E-003
 vw: -4.207901326147267E-003  5.368941144523813E-003
 sst:   300.000000000000        300.000000000000     
 ===========================
 total water budget:
 before (mm):         45.54394406854
 after (mm):          45.54431332635
 evaporation (mm):     0.00037071767
 precipitation (mm):   0.00000145986
 large-scale (mm):     0.00000000000
 Imbalance (mm)       0.00000000000
 evap (mm/day):   1.06766687996345     
 prec (mm/day):  4.204392388320584E-003
 ls (mm/day):  0.000000000000000E+000
 imbalance (mm/day)  2.733811590191308E-011
  imbalance (rel error):  1.560112962223457E-016
 ===========================
NSTEP =        569   NCYCLE=  1  CFL_adv= 0.364  CFL_sgs= 0.035
NSTEP =        570   NCYCLE=  1  CFL_adv= 0.360  CFL_sgs= 0.035
 Let's do some shortwave
 Range of zenith angles  0.732661695834013       0.732661695834013     
 Range of surface albedo (asdir)  3.383449086658900E-002  3.383449086658900E-002
 Range of surface albedo (aldir)  3.383449086658900E-002  3.383449086658900E-002
 Range of surface albedo (asdif)  6.000000000000000E-002  6.000000000000000E-002
 Range of surface albedo (aldif)  6.000000000000000E-002  6.000000000000000E-002
 radiation: perpetual sun, solin=   310.282739681879     
 longwave radiation is called
NSTEP =        571   NCYCLE=  1  CFL_adv= 0.354  CFL_sgs= 0.035
 Collecting statistics...
 name QCSTRG is missing in "lst" file.
NSTEP =        572   NCYCLE=  1  CFL_adv= 0.351  CFL_sgs= 0.035
 DAY =   0.198611111111111     
 NSTEP=         572
 div:  1.583130234222478E-016 -1.743969645609327E-016
 SST=   300.000000000000     
 surface pressure=   1014.80000000000     
 u:  -5.60479442286279        3.95416197881839     
 v:  -5.94207066136988        4.71114652049369     
 w: -0.874330831463341       0.797830314748456     
 p:  -4.42248475746142        3.56483621831968     
 t:   299.660128251296        473.393506884435     
 tabs:   202.014471275227        300.175566592644     
 qv:  5.722038852908007E-082  1.916411512502166E-002
 tke:  0.000000000000000E+000  0.191820124873264     
 tk:  0.000000000000000E+000   10.6451376193450     
 tkh:  0.000000000000000E+000   10.6451376193450     
 qcl:  0.000000000000000E+000  0.000000000000000E+000
 qci:  0.000000000000000E+000  1.825430167591922E-003
 qpl:  0.000000000000000E+000  1.676093786365388E-005
 qpi:  0.000000000000000E+000  0.000000000000000E+000
 qrad(K/day):  -40.4464202764260        34.7998327966419     
 shf:  -1.06409546818003       0.904916105264715     
 lhf:   20.5005900306750        42.7281126057350     
 uw: -3.869731538678435E-003  3.675542761137908E-003
 vw: -4.165868048353432E-003  4.994421637355335E-003
 sst:   300.000000000000        300.000000000000     
 ===========================
 total water budget:
 before (mm):         45.54542000828
 after (mm):          45.54578854055
 evaporation (mm):     0.00037007022
 precipitation (mm):   0.00000153795
 large-scale (mm):     0.00000000000
 Imbalance (mm)      -0.00000000000
 evap (mm/day):   1.06580222215864     
 prec (mm/day):  4.429309533112866E-003
 ls (mm/day):  0.000000000000000E+000
 imbalance (mm/day) -2.569595903244293E-011
  imbalance (rel error): -1.560062430640685E-016
 ===========================
NSTEP =        573   NCYCLE=  1  CFL_adv= 0.355  CFL_sgs= 0.035
NSTEP =        574   NCYCLE=  1  CFL_adv= 0.357  CFL_sgs= 0.035
NSTEP =        575   NCYCLE=  1  CFL_adv= 0.357  CFL_sgs= 0.035
 Collecting statistics...
 name QCSTRG is missing in "lst" file.
NSTEP =        576   NCYCLE=  1  CFL_adv= 0.357  CFL_sgs= 0.034
 DAY =   0.200000000000000     
 NSTEP=         576
 div:  1.614085541545463E-016 -1.841963701042734E-016
 SST=   300.000000000000     
 surface pressure=   1014.80000000000     
 u:  -5.16148634753258        4.20863563628328     
 v:  -6.21491317421454        4.67045396683061     
 w: -0.854170640774342       0.823786671988520     
 p:  -4.09790856022584        3.16686146606011     
 t:   299.659271469900        473.395500680493     
 tabs:   202.026499823773        300.170405944198     
 qv:  5.781470088644242E-082  1.915420665438257E-002
 tke:  0.000000000000000E+000  0.105120370592564     
 tk:  0.000000000000000E+000   5.73318971093087     
 tkh:  0.000000000000000E+000   5.73318971093087     
 qcl:  0.000000000000000E+000  0.000000000000000E+000
 qci:  0.000000000000000E+000  1.813357366425263E-003
 qpl:  0.000000000000000E+000  1.720849614798673E-005
 qpi:  0.000000000000000E+000  0.000000000000000E+000
 qrad(K/day):  -40.4464202764260        34.7998327966419     
 shf:  -1.04876281912782       0.908061648138156     
 lhf:   20.5693751006247        42.2835102933182     
 uw: -4.059675096791186E-003  3.735698053633366E-003
 vw: -4.109195064975644E-003  4.542172541861048E-003
 sst:   300.000000000000        300.000000000000     
 ===========================
 total water budget:
 before (mm):         45.54689306117
 after (mm):          45.54726087802
 evaporation (mm):     0.00036942956
 precipitation (mm):   0.00000161272
 large-scale (mm):     0.00000000000
 Imbalance (mm)      -0.00000000000
 evap (mm/day):   1.06395713874331     
 prec (mm/day):  4.644632060833645E-003
 ls (mm/day):  0.000000000000000E+000
 imbalance (mm/day) -2.130663199584153E-011
  imbalance (rel error): -1.560012000860058E-016
 ===========================
 Let's do some shortwave
 Range of zenith angles  0.732661695834013       0.732661695834013     
 Range of surface albedo (asdir)  3.383449086658900E-002  3.383449086658900E-002
 Range of surface albedo (aldir)  3.383449086658900E-002  3.383449086658900E-002
 Range of surface albedo (asdif)  6.000000000000000E-002  6.000000000000000E-002
 Range of surface albedo (aldif)  6.000000000000000E-002  6.000000000000000E-002
 radiation: perpetual sun, solin=   310.282739686495     
 longwave radiation is called
NSTEP =        577   NCYCLE=  1  CFL_adv= 0.355  CFL_sgs= 0.034
NSTEP =        578   NCYCLE=  1  CFL_adv= 0.356  CFL_sgs= 0.034
NSTEP =        579   NCYCLE=  1  CFL_adv= 0.355  CFL_sgs= 0.034
 Collecting statistics...
 name QCSTRG is missing in "lst" file.
NSTEP =        580   NCYCLE=  1  CFL_adv= 0.356  CFL_sgs= 0.043
 DAY =   0.201388888888889     
 NSTEP=         580
 div:  1.637112661541514E-016 -1.591513679576559E-016
 SST=   300.000000000000     
 surface pressure=   1014.80000000000     
 u:  -5.39783240667363        4.13692162862881     
 v:  -5.68615532531784        4.31247290135928     
 w: -0.831809196468965       0.794334677243193     
 p:  -3.77176103405603        2.74242113941638     
 t:   299.658617831542        473.397611525874     
 tabs:   202.055718948517        300.165245365804     
 qv:  5.928763524847553E-082  1.913640453939019E-002
 tke:  0.000000000000000E+000  5.584465936345178E-002
 tk:  0.000000000000000E+000   2.14768815420592     
 tkh:  0.000000000000000E+000   2.14768815420592     
 qcl:  0.000000000000000E+000  0.000000000000000E+000
 qci:  0.000000000000000E+000  1.796090137739039E-003
 qpl:  0.000000000000000E+000  1.764830666107297E-005
 qpi:  0.000000000000000E+000  0.000000000000000E+000
 qrad(K/day):  -39.9166241487403        32.9867103681656     
 shf:  -1.03378879804037       0.910812009272120     
 lhf:   20.6374157314540        42.0836957107536     
 uw: -4.065138302232316E-003  3.711826426525071E-003
 vw: -4.049659703129628E-003  4.520246351899352E-003
 sst:   300.000000000000        300.000000000000     
 ===========================
 total water budget:
 before (mm):         45.54836326747
 after (mm):          45.54873037891
 evaporation (mm):     0.00036879618
 precipitation (mm):   0.00000168474
 large-scale (mm):     0.00000000000
 Imbalance (mm)       0.00000000000
 evap (mm/day):   1.06213300370989     
 prec (mm/day):  4.852057538531663E-003
 ls (mm/day):  0.000000000000000E+000
 imbalance (mm/day)  4.418496696453021E-011
  imbalance (rel error):  3.119923342974506E-016
 ===========================
NSTEP =        581   NCYCLE=  1  CFL_adv= 0.354  CFL_sgs= 0.045
NSTEP =        582   NCYCLE=  1  CFL_adv= 0.350  CFL_sgs= 0.045
 Let's do some shortwave
 Range of zenith angles  0.732661695834013       0.732661695834013     
 Range of surface albedo (asdir)  3.383449086658900E-002  3.383449086658900E-002
 Range of surface albedo (aldir)  3.383449086658900E-002  3.383449086658900E-002
 Range of surface albedo (asdif)  6.000000000000000E-002  6.000000000000000E-002
 Range of surface albedo (aldif)  6.000000000000000E-002  6.000000000000000E-002
 radiation: perpetual sun, solin=   310.282739691078     
 longwave radiation is called
NSTEP =        583   NCYCLE=  1  CFL_adv= 0.348  CFL_sgs= 0.045
 Collecting statistics...
 name QCSTRG is missing in "lst" file.
NSTEP =        584   NCYCLE=  1  CFL_adv= 0.348  CFL_sgs= 0.045
 DAY =   0.202777777777778     
 NSTEP=         584
 div:  1.361367783599541E-016 -1.702777637836534E-016
 SST=   300.000000000000     
 surface pressure=   1014.80000000000     
 u:  -5.48640983817287        3.81442205671262     
 v:  -5.31685573759361        4.34229260781491     
 w: -0.808840417618357       0.766454627262855     
 p:  -3.96341296286776        2.64488575420742     
 t:   299.659107706718        473.399582536087     
 tabs:   202.044479782861        300.160202108360     
 qv:  6.278107833459292E-082  1.914639902161967E-002
 tke:  0.000000000000000E+000  5.558580644519957E-002
 tk:  0.000000000000000E+000   1.23855035449520     
 tkh:  0.000000000000000E+000   1.23855035449520     
 qcl:  0.000000000000000E+000  0.000000000000000E+000
 qci:  0.000000000000000E+000  1.772881450031797E-003
 qpl:  0.000000000000000E+000  1.796941242097250E-005
 qpi:  0.000000000000000E+000  0.000000000000000E+000
 qrad(K/day):  -38.2323124339531        30.3312025055995     
 shf:  -1.01944411886676       0.911540540727979     
 lhf:   20.5198908890129        41.8900660234350     
 uw: -3.979954864690668E-003  3.571950129732944E-003
 vw: -3.936478980154553E-003  4.487614606864890E-003
 sst:   300.000000000000        300.000000000000     
 ===========================
 total water budget:
 before (mm):         45.54983066508
 after (mm):          45.55019707922
 evaporation (mm):     0.00036816821
 precipitation (mm):   0.00000175408
 large-scale (mm):     0.00000000000
 Imbalance (mm)       0.00000000000
 evap (mm/day):   1.06032445454250     
 prec (mm/day):  5.051749948881953E-003
 ls (mm/day):  0.000000000000000E+000
 imbalance (mm/day) -4.833093154204063E-012
  imbalance (rel error):  0.000000000000000E+000
 ===========================
NSTEP =        585   NCYCLE=  1  CFL_adv= 0.347  CFL_sgs= 0.044
NSTEP =        586   NCYCLE=  1  CFL_adv= 0.345  CFL_sgs= 0.044
NSTEP =        587   NCYCLE=  1  CFL_adv= 0.342  CFL_sgs= 0.044
 Collecting statistics...
 name QCSTRG is missing in "lst" file.
NSTEP =        588   NCYCLE=  1  CFL_adv= 0.339  CFL_sgs= 0.043
 DAY =   0.204166666666667     
 NSTEP=         588
 div:  1.256530618090565E-016 -1.183791256120999E-016
 SST=   300.000000000000     
 surface pressure=   1014.80000000000     
 u:  -5.21443366162067        3.50628219616045     
 v:  -5.78966394153106        4.84207396245127     
 w: -0.797266097155268       0.758465290151344     
 p:  -4.08163061855156        2.58895206509037     
 t:   299.661409395368        473.401397876333     
 tabs:   202.038942991532        300.155337382978     
 qv:  6.894493144365466E-082  1.915400535402981E-002
 tke:  0.000000000000000E+000  9.536456793966096E-002
 tk:  0.000000000000000E+000   7.72028852843520     
 tkh:  0.000000000000000E+000   7.72028852843520     
 qcl:  0.000000000000000E+000  0.000000000000000E+000
 qci:  0.000000000000000E+000  1.753438141461604E-003
 qpl:  0.000000000000000E+000  1.797852715741047E-005
 qpi:  0.000000000000000E+000  0.000000000000000E+000
 qrad(K/day):  -38.2323124339531        30.3312025055995     
 shf:  -1.00842684714414       0.906968778668776     
 lhf:   20.4339877409472        41.7203104495219     
 uw: -3.867757366133667E-003  3.463058940057551E-003
 vw: -3.937647417132838E-003  4.453159632244037E-003
 sst:   300.000000000000        300.000000000000     
 ===========================
 total water budget:
 before (mm):         45.55129528282
 after (mm):          45.55166100579
 evaporation (mm):     0.00036754406
 precipitation (mm):   0.00000182108
 large-scale (mm):     0.00000000000
 Imbalance (mm)       0.00000000000
 evap (mm/day):   1.05852687919793     
 prec (mm/day):  5.244711040205277E-003
 ls (mm/day):  0.000000000000000E+000
 imbalance (mm/day) -9.382692376953133E-013
  imbalance (rel error):  0.000000000000000E+000
 ===========================
 Let's do some shortwave
 Range of zenith angles  0.732661695834013       0.732661695834013     
 Range of surface albedo (asdir)  3.383449086658900E-002  3.383449086658900E-002
 Range of surface albedo (aldir)  3.383449086658900E-002  3.383449086658900E-002
 Range of surface albedo (asdif)  6.000000000000000E-002  6.000000000000000E-002
 Range of surface albedo (aldif)  6.000000000000000E-002  6.000000000000000E-002
 radiation: perpetual sun, solin=   310.282739695542     
 longwave radiation is called
NSTEP =        589   NCYCLE=  1  CFL_adv= 0.337  CFL_sgs= 0.043
NSTEP =        590   NCYCLE=  1  CFL_adv= 0.333  CFL_sgs= 0.042
NSTEP =        591   NCYCLE=  1  CFL_adv= 0.329  CFL_sgs= 0.042
 Collecting statistics...
 name QCSTRG is missing in "lst" file.
NSTEP =        592   NCYCLE=  1  CFL_adv= 0.323  CFL_sgs= 0.041
 DAY =   0.205555555555556     
 NSTEP=         592
 div:  1.029099149085757E-016 -1.158616170678159E-016
 SST=   300.000000000000     
 surface pressure=   1014.80000000000     
 u:  -4.81012553783703        3.68596873106267     
 v:  -5.72648195589854        4.95957322639515     
 w: -0.781770212539829       0.769363924197169     
 p:  -4.09663010998667        2.91070037729568     
 t:   299.661706733005        473.403140087272     
 tabs:   202.045461648761        300.158926460486     
 qv:  7.691681831450966E-082  1.916581382761855E-002
 tke:  0.000000000000000E+000  9.637780741584755E-002
 tk:  0.000000000000000E+000   7.76119382794327     
 tkh:  0.000000000000000E+000   7.76119382794327     
 qcl:  0.000000000000000E+000  0.000000000000000E+000
 qci:  0.000000000000000E+000  1.741784703101783E-003
 qpl:  0.000000000000000E+000  1.736113643035812E-005
 qpi:  0.000000000000000E+000  0.000000000000000E+000
 qrad(K/day):  -34.6759574429205        29.4104787576609     
 shf:  -1.02028172365622       0.898400885258445     
 lhf:   20.3481731156348        41.5634752449802     
 uw: -3.694328293530524E-003  3.403826298239207E-003
 vw: -3.892733268013220E-003  4.382847440181242E-003
 sst:   300.000000000000        300.000000000000     
 ===========================
 total water budget:
 before (mm):         45.55275714738
 after (mm):          45.55312218740
 evaporation (mm):     0.00036692480
 precipitation (mm):   0.00000188478
 large-scale (mm):     0.00000000000
 Imbalance (mm)       0.00000000000
 evap (mm/day):   1.05674341443326     
 prec (mm/day):  5.428172981726351E-003
 ls (mm/day):  0.000000000000000E+000
 imbalance (mm/day)  2.356456948516585E-011
  imbalance (rel error):  1.559811274487563E-016
 ===========================
NSTEP =        593   NCYCLE=  1  CFL_adv= 0.317  CFL_sgs= 0.041
NSTEP =        594   NCYCLE=  1  CFL_adv= 0.320  CFL_sgs= 0.047
 Let's do some shortwave
 Range of zenith angles  0.732661695834013       0.732661695834013     
 Range of surface albedo (asdir)  3.383449086658900E-002  3.383449086658900E-002
 Range of surface albedo (aldir)  3.383449086658900E-002  3.383449086658900E-002
 Range of surface albedo (asdif)  6.000000000000000E-002  6.000000000000000E-002
 Range of surface albedo (aldif)  6.000000000000000E-002  6.000000000000000E-002
 radiation: perpetual sun, solin=   310.282739699819     
 longwave radiation is called
NSTEP =        595   NCYCLE=  1  CFL_adv= 0.328  CFL_sgs= 0.047
 Collecting statistics...
 name QCSTRG is missing in "lst" file.
NSTEP =        596   NCYCLE=  1  CFL_adv= 0.335  CFL_sgs= 0.046
 DAY =   0.206944444444444     
 NSTEP=         596
 div:  8.235157287998208E-017 -8.487384349653882E-017
 SST=   300.000000000000     
 surface pressure=   1014.80000000000     
 u:  -5.12276456912474        3.73179437375928     
 v:  -5.28466743838010        4.72879854043153     
 w: -0.767510867501983       0.787287669592712     
 p:  -3.84841549549284        3.05499268064077     
 t:   299.658593272970        473.404883701400     
 tabs:   202.051866701212        300.164175361468     
 qv:  8.721858750269076E-082  1.918181228840111E-002
 tke:  0.000000000000000E+000  6.990815100840757E-002
 tk:  0.000000000000000E+000   1.37896380185345     
 tkh:  0.000000000000000E+000   1.37896380185345     
 qcl:  0.000000000000000E+000  0.000000000000000E+000
 qci:  0.000000000000000E+000  1.728093668950039E-003
 qpl:  0.000000000000000E+000  1.605565427002542E-005
 qpi:  0.000000000000000E+000  0.000000000000000E+000
 qrad(K/day):  -34.6838297039804        28.5511148666820     
 shf:  -1.03297553910100       0.904798225986079     
 lhf:   20.2715597881430        41.4102581979112     
 uw: -3.427417061333830E-003  3.469375464124373E-003
 vw: -3.962753567636504E-003  4.216941377166540E-003
 sst:   300.000000000000        300.000000000000     
 ===========================
 total water budget:
 before (mm):         45.55421629632
 after (mm):          45.55458066477
 evaporation (mm):     0.00036631136
 precipitation (mm):   0.00000194290
 large-scale (mm):     0.00000000000
 Imbalance (mm)       0.00000000000
 evap (mm/day):   1.05497671433664     
 prec (mm/day):  5.595561261295303E-003
 ls (mm/day):  0.000000000000000E+000
 imbalance (mm/day)  3.380813573430723E-011
  imbalance (rel error):  3.119522671007872E-016
 ===========================
NSTEP =        597   NCYCLE=  1  CFL_adv= 0.340  CFL_sgs= 0.045
NSTEP =        598   NCYCLE=  1  CFL_adv= 0.343  CFL_sgs= 0.044
NSTEP =        599   NCYCLE=  1  CFL_adv= 0.344  CFL_sgs= 0.043
 Collecting statistics...
 name QCSTRG is missing in "lst" file.
 Writting statistics:nstatsteps=          15
 --------------- ISCCP Simulator Diagnostics: -----------------
 ISCCP PDF:
            0.0       0.3       1.3       3.6       9.4      23.0      60.0
    0.     0.000     0.000     0.000     0.000     0.000     0.000     0.000
  180.     0.007     0.003     0.001     0.001     0.002     0.005     0.002
  310.     0.000     0.001     0.001     0.001     0.000     0.000     0.000
  440.     0.000     0.000     0.000     0.000     0.000     0.000     0.000
  560.     0.000     0.000     0.000     0.000     0.000     0.000     0.000
  680.     0.000     0.000     0.000     0.000     0.000     0.000     0.000
  800.     0.000     0.000     0.000     0.000     0.000     0.000     0.000
 low cld area (tau > 0.3)=  0.000000000000000E+000
 mid cld area (tau > 0.3)=  0.000000000000000E+000
 hgh cld area (tau > 0.3)=  1.788330078125000E-002
 total cld area (tau > 0.3)=  1.788330078125000E-002
 mean albedo cld (tau > 0.3)   0.507917943087875     
 mean tau cld (tau > 0.3)    8.85059594922011     
 mean top pressure (tau > 0.3)   275.956189739820     
 mean brightness temp (tau > 0.3)   281.821215954387     
 mean clearsky brightness temp (tau > 0.3)   296.020041906794     
 --------------- MODIS Simulator Diagnostics: -----------------
 MODIS PDF:
                      0.3       1.3       3.6       9.4      23.0      60.0
    0.               0.000     0.000     0.000     0.000     0.000     0.001
  180.               0.002     0.001     0.002     0.003     0.005     0.001
  310.               0.002     0.001     0.000     0.000     0.000     0.000
  440.               0.000     0.000     0.000     0.000     0.000     0.000
  560.               0.000     0.000     0.000     0.000     0.000     0.000
  680.               0.000     0.000     0.000     0.000     0.000     0.000
  800.               0.000     0.000     0.000     0.000     0.000     0.000
 low cld area =  0.000000000000000E+000
 mid cld area =  0.000000000000000E+000
 hgh cld area =  1.788330078125000E-002
 total cld area =  1.788330078125000E-002
 mean tau cld    22.4635613167849     
 mean top pressure    264.209830002951     
 total cld area (liquid) =  0.000000000000000E+000
 total cld area (ice) =  1.788330078125000E-002
 mean tau (liquid) =  -1.00000000000000     
 mean tau (ice) =   22.4635613167849     
 mean lwp (g/m2) =  -1.00000000000000     
 mean iwp (g/m2) =   562.899252420374     
 mean reff (liquid)  =  -1.00000000000000     
 mean reff (ice)  =   47.6090445143876     
 --------------- MISR Simulator Diagnostics: -----------------
 MISR PDF:
            0.0       0.3       1.3       3.6       9.4      23.0      60.0
 99.00     0.000     0.000     0.000     0.000     0.000     0.000     0.000
 17.00     0.000     0.000     0.000     0.000     0.000     0.000     0.000
 15.00     0.000     0.000     0.000     0.000     0.000     0.000     0.000
 13.00     0.000     0.000     0.000     0.000     0.000     0.001     0.002
 11.00     0.000     0.000     0.001     0.002     0.003     0.003     0.000
  9.00     0.000     0.002     0.002     0.001     0.000     0.000     0.000
  7.00     0.000     0.000     0.000     0.000     0.000     0.000     0.000
  5.00     0.000     0.000     0.000     0.000     0.000     0.000     0.000
  4.00     0.000     0.000     0.000     0.000     0.000     0.000     0.000
  3.00     0.000     0.000     0.000     0.000     0.000     0.000     0.000
  2.50     0.000     0.000     0.000     0.000     0.000     0.000     0.000
  2.00     0.000     0.000     0.000     0.000     0.000     0.000     0.000
  1.50     0.000     0.000     0.000     0.000     0.000     0.000     0.000
  1.00     0.000     0.000     0.000     0.000     0.000     0.000     0.000
  0.50     0.000     0.000     0.000     0.000     0.000     0.000     0.000
  0.00     0.001     0.001     0.000     0.000     0.000     0.000     0.000
 total cld area =  1.677347819010417E-002
 mean top height (m)   10020.1151448321     
 Writting history file 
 rcemip300sst_160_MaxIce20_dry                                                  
  
 Writting 2D data. file:./OUT_2D/bubble_rcemip300sst_160_MaxIce20_dry_64.2Dbin  
                                                                 
 Writting 3D data. file:./OUT_3D/bubble_rcemip300sst_160_MaxIce20_dry_64_0000000
 600.bin3D                                                       
NSTEP =        600   NCYCLE=  1  CFL_adv= 0.344  CFL_sgs= 0.042
 DAY =   0.208333333333333     
 NSTEP=         600
 div:  5.982292106108981E-017 -1.024836310746157E-016
 SST=   300.000000000000     
 surface pressure=   1014.80000000000     
 u:  -5.40465405561655        3.64801644568302     
 v:  -4.59874627125095        4.21344084199902     
 w: -0.788577594236200       0.726838090764365     
 p:  -4.03471497298168        3.14970990126707     
 t:   299.655957455616        473.406647357811     
 tabs:   202.031022075534        300.169385118076     
 qv:  1.011108437543182E-081  1.919689135319583E-002
 tke:  0.000000000000000E+000  6.689631288150553E-002
 tk:  0.000000000000000E+000   1.35495797676962     
 tkh:  0.000000000000000E+000   1.35495797676962     
 qcl:  0.000000000000000E+000  0.000000000000000E+000
 qci:  0.000000000000000E+000  1.713211117444265E-003
 qpl:  0.000000000000000E+000  1.462940117330496E-005
 qpi:  0.000000000000000E+000  0.000000000000000E+000
 qrad(K/day):  -34.6838297039804        28.5511148666820     
 shf:  -1.04594319190923       0.912578298327242     
 lhf:   20.2137755131109        41.2754484194848     
 uw: -3.485199852457170E-003  3.493324981789783E-003
 vw: -4.030353802838910E-003  3.960912815155565E-003
 sst:   300.000000000000        300.000000000000     
 ===========================
 total water budget:
 before (mm):         45.55567277386
 after (mm):          45.55603647941
 evaporation (mm):     0.00036570383
 precipitation (mm):   0.00000199828
 large-scale (mm):     0.00000000000
 Imbalance (mm)      -0.00000000000
 evap (mm/day):   1.05322704162720     
 prec (mm/day):  5.755033327024964E-003
 ls (mm/day):  0.000000000000000E+000
 imbalance (mm/day) -2.812540971603925E-011
  imbalance (rel error): -3.119422981765264E-016
 ===========================
CPU TIME =      74.6009 OVER     0.50 MODEL HOURS
 Let's do some shortwave
 Range of zenith angles  0.732661695834013       0.732661695834013     
 Range of surface albedo (asdir)  3.383449086658900E-002  3.383449086658900E-002
 Range of surface albedo (aldir)  3.383449086658900E-002  3.383449086658900E-002
 Range of surface albedo (asdif)  6.000000000000000E-002  6.000000000000000E-002
 Range of surface albedo (aldif)  6.000000000000000E-002  6.000000000000000E-002
 radiation: perpetual sun, solin=   310.282739703891     
 longwave radiation is called
NSTEP =        601   NCYCLE=  1  CFL_adv= 0.343  CFL_sgs= 0.041
NSTEP =        602   NCYCLE=  1  CFL_adv= 0.340  CFL_sgs= 0.040
NSTEP =        603   NCYCLE=  1  CFL_adv= 0.338  CFL_sgs= 0.039
 Collecting statistics...
 name QCSTRG is missing in "lst" file.
NSTEP =        604   NCYCLE=  1  CFL_adv= 0.338  CFL_sgs= 0.039
 DAY =   0.209722222222222     
 NSTEP=         604
 div:  7.335359737027452E-017 -7.855519830141087E-017
 SST=   300.000000000000     
 surface pressure=   1014.80000000000     
 u:  -5.20516723646362        3.58017314484110     
 v:  -4.31064264540187        3.99377117525811     
 w: -0.842288245170134       0.694171474591242     
 p:  -4.08455729451517        3.17332029280027     
 t:   299.654848192170        473.408482677114     
 tabs:   202.009955987416        300.174036574884     
 qv:  1.190595605529466E-081  1.920850583076414E-002
 tke:  0.000000000000000E+000  6.569448013748423E-002
 tk:  0.000000000000000E+000   1.32740946137118     
 tkh:  0.000000000000000E+000   1.32740946137118     
 qcl:  0.000000000000000E+000  0.000000000000000E+000
 qci:  0.000000000000000E+000  1.697786094706828E-003
 qpl:  0.000000000000000E+000  1.479343023051724E-005
 qpi:  0.000000000000000E+000  0.000000000000000E+000
 qrad(K/day):  -34.7551408564772        29.0933018355742     
 shf:  -1.05806290139105       0.917815963836226     
 lhf:   20.1421058504698        41.1676657973375     
 uw: -3.575372921218918E-003  3.419717707703128E-003
 vw: -3.949638168861896E-003  3.853749496366081E-003
 sst:   300.000000000000        300.000000000000     
 ===========================
 total water budget:
 before (mm):         45.55712660769
 after (mm):          45.55748965507
 evaporation (mm):     0.00036510182
 precipitation (mm):   0.00000205444
 large-scale (mm):     0.00000000000
 Imbalance (mm)      -0.00000000000
 evap (mm/day):   1.05149324750933     
 prec (mm/day):  5.916783830267552E-003
 ls (mm/day):  0.000000000000000E+000
 imbalance (mm/day) -1.276651635968851E-011
  imbalance (rel error): -1.559661739792575E-016
 ===========================
NSTEP =        605   NCYCLE=  1  CFL_adv= 0.338  CFL_sgs= 0.038
NSTEP =        606   NCYCLE=  1  CFL_adv= 0.337  CFL_sgs= 0.038
 Let's do some shortwave
 Range of zenith angles  0.732661695834013       0.732661695834013     
 Range of surface albedo (asdir)  3.383449086658900E-002  3.383449086658900E-002
 Range of surface albedo (aldir)  3.383449086658900E-002  3.383449086658900E-002
 Range of surface albedo (asdif)  6.000000000000000E-002  6.000000000000000E-002
 Range of surface albedo (aldif)  6.000000000000000E-002  6.000000000000000E-002
 radiation: perpetual sun, solin=   310.282739707755     
 longwave radiation is called
NSTEP =        607   NCYCLE=  1  CFL_adv= 0.334  CFL_sgs= 0.038
 Collecting statistics...
 name QCSTRG is missing in "lst" file.
NSTEP =        608   NCYCLE=  1  CFL_adv= 0.329  CFL_sgs= 0.038
 DAY =   0.211111111111111     
 NSTEP=         608
 div:  8.286415480347296E-017 -9.578450880025684E-017
 SST=   300.000000000000     
 surface pressure=   1014.80000000000     
 u:  -4.65070746037132        3.34870178330775     
 v:  -4.62149482501932        4.50166739390765     
 w: -0.916856162612151       0.726716241664690     
 p:  -3.90777480001960        3.22782955969458     
 t:   299.652145368218        473.410436446837     
 tabs:   201.986155117272        300.177630070297     
 qv:  1.460706492197827E-081  1.921609938201551E-002
 tke:  0.000000000000000E+000  6.791058167217998E-002
 tk:  0.000000000000000E+000   1.17929508199601     
 tkh:  0.000000000000000E+000   1.17929508199601     
 qcl:  0.000000000000000E+000  0.000000000000000E+000
 qci:  0.000000000000000E+000  1.681990432606637E-003
 qpl:  0.000000000000000E+000  1.577811224119515E-005
 qpi:  0.000000000000000E+000  0.000000000000000E+000
 qrad(K/day):  -34.4083887811158        29.5240730438209     
 shf:  -1.06812211868836       0.924540119949983     
 lhf:   20.0972187116069        41.0842136198021     
 uw: -3.493332230222949E-003  3.339479719517903E-003
 vw: -4.149675401213000E-003  3.793993995507556E-003
 sst:   300.000000000000        300.000000000000     
 ===========================
 total water budget:
 before (mm):         45.55857781542
 after (mm):          45.55894020953
 evaporation (mm):     0.00036450498
 precipitation (mm):   0.00000211087
 large-scale (mm):     0.00000000000
 Imbalance (mm)       0.00000000000
 evap (mm/day):   1.04977434733289     
 prec (mm/day):  6.079313761060488E-003
 ls (mm/day):  0.000000000000000E+000
 imbalance (mm/day)  3.247632021706297E-011
  imbalance (rel error):  3.119224163214940E-016
 ===========================
NSTEP =        609   NCYCLE=  1  CFL_adv= 0.331  CFL_sgs= 0.038
NSTEP =        610   NCYCLE=  1  CFL_adv= 0.317  CFL_sgs= 0.038
NSTEP =        611   NCYCLE=  1  CFL_adv= 0.311  CFL_sgs= 0.038
 Collecting statistics...
 name QCSTRG is missing in "lst" file.
NSTEP =        612   NCYCLE=  1  CFL_adv= 0.309  CFL_sgs= 0.038
 DAY =   0.212500000000000     
 NSTEP=         612
 div:  5.457533470766462E-017 -7.749891420926434E-017
 SST=   300.000000000000     
 surface pressure=   1014.80000000000     
 u:  -4.54862502781658        3.58566621049941     
 v:  -4.61951489803466        4.72347718632055     
 w: -0.995081944468753       0.763499724804188     
 p:  -3.86746327541640        3.45535516692598     
 t:   299.649908861979        473.412425136581     
 tabs:   201.961067514484        300.179724595927     
 qv:  2.030427732239505E-081  1.921983255367090E-002
 tke:  0.000000000000000E+000  6.952699828071861E-002
 tk:  0.000000000000000E+000  0.919841829741998     
 tkh:  0.000000000000000E+000  0.919841829741998     
 qcl:  0.000000000000000E+000  0.000000000000000E+000
 qci:  0.000000000000000E+000  1.675778957854792E-003
 qpl:  0.000000000000000E+000  1.613920709218037E-005
 qpi:  0.000000000000000E+000  0.000000000000000E+000
 qrad(K/day):  -34.4083887811158        29.5240730438209     
 shf:  -1.07464369418637       0.930415302228868     
 lhf:   20.0794574587987        41.0086313202471     
 uw: -3.355297047918875E-003  3.302612134817570E-003
 vw: -4.224228200015601E-003  3.631590024612081E-003
 sst:   300.000000000000        300.000000000000     
 ===========================
 total water budget:
 before (mm):         45.56002641994
 after (mm):          45.56038816809
 evaporation (mm):     0.00036391352
 precipitation (mm):   0.00000216537
 large-scale (mm):     0.00000000000
 Imbalance (mm)      -0.00000000000
 evap (mm/day):   1.04807094196509     
 prec (mm/day):  6.236263572989501E-003
 ls (mm/day):  0.000000000000000E+000
 imbalance (mm/day) -3.173023733408879E-011
  imbalance (rel error): -3.119125030887010E-016
 ===========================
 Let's do some shortwave
 Range of zenith angles  0.732661695834013       0.732661695834013     
 Range of surface albedo (asdir)  3.383449086658900E-002  3.383449086658900E-002
 Range of surface albedo (aldir)  3.383449086658900E-002  3.383449086658900E-002
 Range of surface albedo (asdif)  6.000000000000000E-002  6.000000000000000E-002
 Range of surface albedo (aldif)  6.000000000000000E-002  6.000000000000000E-002
 radiation: perpetual sun, solin=   310.282739711377     
 longwave radiation is called
NSTEP =        613   NCYCLE=  1  CFL_adv= 0.328  CFL_sgs= 0.038
NSTEP =        614   NCYCLE=  1  CFL_adv= 0.301  CFL_sgs= 0.038
NSTEP =        615   NCYCLE=  1  CFL_adv= 0.298  CFL_sgs= 0.038
 Collecting statistics...
 name QCSTRG is missing in "lst" file.
NSTEP =        616   NCYCLE=  1  CFL_adv= 0.294  CFL_sgs= 0.038
 DAY =   0.213888888888889     
 NSTEP=         616
 div:  7.806036328645615E-017 -9.960606281870270E-017
 SST=   300.000000000000     
 surface pressure=   1014.80000000000     
 u:  -4.59958743254718        3.74514995582219     
 v:  -4.35373571185593        4.65601921362396     
 w:  -1.01610546403991       0.764427210734661     
 p:  -3.87777321145614        3.62616977820375     
 t:   299.648543478598        473.414303077019     
 tabs:   201.938692998871        300.180273334778     
 qv:  2.890019063952790E-081  1.921991862257409E-002
 tke:  0.000000000000000E+000  7.058666743860610E-002
 tk:  0.000000000000000E+000   1.25696105498487     
 tkh:  0.000000000000000E+000   1.25696105498487     
 qcl:  0.000000000000000E+000  0.000000000000000E+000
 qci:  0.000000000000000E+000  1.672248544501214E-003
 qpl:  0.000000000000000E+000  1.592099723023695E-005
 qpi:  0.000000000000000E+000  0.000000000000000E+000
 qrad(K/day):  -33.7297133504269        29.6918436206102     
 shf:  -1.07708422483261       0.932959186576770     
 lhf:   20.0881295118441        40.9519731283679     
 uw: -3.330064668272156E-003  3.273442506412658E-003
 vw: -4.120190123175967E-003  3.557566190125545E-003
 sst:   300.000000000000        300.000000000000     
 ===========================
 total water budget:
 before (mm):         45.56147245830
 after (mm):          45.56183357351
 evaporation (mm):     0.00036332724
 precipitation (mm):   0.00000221202
 large-scale (mm):     0.00000000000
 Imbalance (mm)       0.00000000000
 evap (mm/day):   1.04638244229061     
 prec (mm/day):  6.370616349652286E-003
 ls (mm/day):  0.000000000000000E+000
 imbalance (mm/day) -8.310147004125107E-012
  imbalance (rel error):  0.000000000000000E+000
 ===========================
NSTEP =        617   NCYCLE=  1  CFL_adv= 0.314  CFL_sgs= 0.038
NSTEP =        618   NCYCLE=  1  CFL_adv= 0.294  CFL_sgs= 0.038
 Let's do some shortwave
 Range of zenith angles  0.732661695834013       0.732661695834013     
 Range of surface albedo (asdir)  3.383449086658900E-002  3.383449086658900E-002
 Range of surface albedo (aldir)  3.383449086658900E-002  3.383449086658900E-002
 Range of surface albedo (asdif)  6.000000000000000E-002  6.000000000000000E-002
 Range of surface albedo (aldif)  6.000000000000000E-002  6.000000000000000E-002
 radiation: perpetual sun, solin=   310.282739714709     
 longwave radiation is called
NSTEP =        619   NCYCLE=  1  CFL_adv= 0.295  CFL_sgs= 0.038
 Collecting statistics...
 name QCSTRG is missing in "lst" file.
NSTEP =        620   NCYCLE=  1  CFL_adv= 0.294  CFL_sgs= 0.039
 DAY =   0.215277777777778     
 NSTEP=         620
 div:  7.437424357913315E-017 -1.057569022339571E-016
 SST=   300.000000000000     
 surface pressure=   1014.80000000000     
 u:  -4.62414676717112        3.72129165844494     
 v:  -3.97299356028350        4.35238710273538     
 w: -0.920562616469590       0.703667893007374     
 p:  -3.78447856911692        3.71342398140151     
 t:   299.648463692936        473.416037855827     
 tabs:   201.920596957140        300.179361917751     
 qv:  3.549039705784543E-081  1.921712093074800E-002
 tke:  0.000000000000000E+000  7.316832737453879E-002
 tk:  0.000000000000000E+000   1.63721486422777     
 tkh:  0.000000000000000E+000   1.63721486422777     
 qcl:  0.000000000000000E+000  0.000000000000000E+000
 qci:  0.000000000000000E+000  1.668277434334955E-003
 qpl:  0.000000000000000E+000  1.531973009413209E-005
 qpi:  0.000000000000000E+000  0.000000000000000E+000
 qrad(K/day):  -33.3998273725292        29.2132796476859     
 shf:  -1.07565132235985       0.932492165923074     
 lhf:   20.1194473931878        40.8792126726395     
 uw: -3.438340438011390E-003  3.191338250343422E-003
 vw: -3.891863513209646E-003  3.526675722738516E-003
 sst:   300.000000000000        300.000000000000     
 ===========================
 total water budget:
 before (mm):         45.56291598862
 after (mm):          45.56327648658
 evaporation (mm):     0.00036274622
 precipitation (mm):   0.00000224826
 large-scale (mm):     0.00000000000
 Imbalance (mm)      -0.00000000000
 evap (mm/day):   1.04470912019629     
 prec (mm/day):  6.474998507555350E-003
 ls (mm/day):  0.000000000000000E+000
 imbalance (mm/day) -1.188143089773594E-011
  imbalance (rel error): -1.559463652640019E-016
 ===========================
NSTEP =        621   NCYCLE=  1  CFL_adv= 0.298  CFL_sgs= 0.043
NSTEP =        622   NCYCLE=  1  CFL_adv= 0.297  CFL_sgs= 0.043
NSTEP =        623   NCYCLE=  1  CFL_adv= 0.300  CFL_sgs= 0.043
 Collecting statistics...
 name QCSTRG is missing in "lst" file.
NSTEP =        624   NCYCLE=  1  CFL_adv= 0.302  CFL_sgs= 0.042
 DAY =   0.216666666666667     
 NSTEP=         624
 div:  5.989029386010383E-017 -1.145997117356520E-016
 SST=   300.000000000000     
 surface pressure=   1014.80000000000     
 u:  -4.37698521647004        3.51213408017185     
 v:  -3.87138330082640        4.18699633674741     
 w: -0.759886699137963       0.795965301579335     
 p:  -3.63692555352877        3.80140112383887     
 t:   299.647314029677        473.417713738028     
 tabs:   201.899627192485        300.176951082340     
 qv:  3.871911518366443E-081  1.921221586894373E-002
 tke:  0.000000000000000E+000  7.038520278510031E-002
 tk:  0.000000000000000E+000   1.60070427420425     
 tkh:  0.000000000000000E+000   1.60070427420425     
 qcl:  0.000000000000000E+000  0.000000000000000E+000
 qci:  0.000000000000000E+000  1.663307620366181E-003
 qpl:  0.000000000000000E+000  1.561839042316220E-005
 qpi:  0.000000000000000E+000  0.000000000000000E+000
 qrad(K/day):  -33.3998273725292        29.2132796476859     
 shf:  -1.06993237831564       0.929260161968648     
 lhf:   20.1056487384014        40.7767241474762     
 uw: -3.523661669361593E-003  3.047959086504482E-003
 vw: -3.939170313394702E-003  3.479403356942093E-003
 sst:   300.000000000000        300.000000000000     
 ===========================
 total water budget:
 before (mm):         45.56435707005
 after (mm):          45.56471696263
 evaporation (mm):     0.00036217040
 precipitation (mm):   0.00000227782
 large-scale (mm):     0.00000000000
 Imbalance (mm)      -0.00000000000
 evap (mm/day):   1.04305074624261     
 prec (mm/day):  6.560117997491642E-003
 ls (mm/day):  0.000000000000000E+000
 imbalance (mm/day) -3.306469722043175E-011
  imbalance (rel error): -1.559414351992734E-016
 ===========================
 Let's do some shortwave
 Range of zenith angles  0.732661695834013       0.732661695834013     
 Range of surface albedo (asdir)  3.383449086658900E-002  3.383449086658900E-002
 Range of surface albedo (aldir)  3.383449086658900E-002  3.383449086658900E-002
 Range of surface albedo (asdif)  6.000000000000000E-002  6.000000000000000E-002
 Range of surface albedo (aldif)  6.000000000000000E-002  6.000000000000000E-002
 radiation: perpetual sun, solin=   310.282739717737     
 longwave radiation is called
NSTEP =        625   NCYCLE=  1  CFL_adv= 0.303  CFL_sgs= 0.042
NSTEP =        626   NCYCLE=  1  CFL_adv= 0.302  CFL_sgs= 0.042
NSTEP =        627   NCYCLE=  1  CFL_adv= 0.307  CFL_sgs= 0.042
 Collecting statistics...
 name QCSTRG is missing in "lst" file.
NSTEP =        628   NCYCLE=  1  CFL_adv= 0.310  CFL_sgs= 0.041
 DAY =   0.218055555555556     
 NSTEP=         628
 div:  1.066498744702007E-016 -1.189317663851589E-016
 SST=   300.000000000000     
 surface pressure=   1014.80000000000     
 u:  -3.91265196404743        3.53192241398820     
 v:  -3.88765436434096        4.23580209548433     
 w: -0.796808490556492       0.818737965291953     
 p:  -3.52334662875843        3.78406122422605     
 t:   299.644505134768        473.419476810511     
 tabs:   201.878666632605        300.172952783617     
 qv:  7.767783768369690E-081  1.921760657916633E-002
 tke:  0.000000000000000E+000  6.851476000652425E-002
 tk:  0.000000000000000E+000   1.56103253182758     
 tkh:  0.000000000000000E+000   1.56103253182758     
 qcl:  0.000000000000000E+000  0.000000000000000E+000
 qci:  0.000000000000000E+000  1.656551308843684E-003
 qpl:  0.000000000000000E+000  1.635225171891227E-005
 qpi:  0.000000000000000E+000  0.000000000000000E+000
 qrad(K/day):  -32.0247761407056        27.9073086224563     
 shf:  -1.05968597575496       0.923768076701357     
 lhf:   20.0331860206976        40.6384946434631     
 uw: -3.442473141249848E-003  2.882188370779339E-003
 vw: -4.027761524713159E-003  3.398667791622311E-003
 sst:   300.000000000000        300.000000000000     
 ===========================
 total water budget:
 before (mm):         45.56579573584
 after (mm):          45.56615502493
 evaporation (mm):     0.00036159956
 precipitation (mm):   0.00000231047
 large-scale (mm):     0.00000000000
 Imbalance (mm)       0.00000000000
 evap (mm/day):   1.04140674094943     
 prec (mm/day):  6.654153924176395E-003
 ls (mm/day):  0.000000000000000E+000
 imbalance (mm/day) -9.604153410058824E-012
  imbalance (rel error):  0.000000000000000E+000
 ===========================
NSTEP =        629   NCYCLE=  1  CFL_adv= 0.312  CFL_sgs= 0.041
NSTEP =        630   NCYCLE=  1  CFL_adv= 0.313  CFL_sgs= 0.041
 Let's do some shortwave
 Range of zenith angles  0.732661695834013       0.732661695834013     
 Range of surface albedo (asdir)  3.383449086658900E-002  3.383449086658900E-002
 Range of surface albedo (aldir)  3.383449086658900E-002  3.383449086658900E-002
 Range of surface albedo (asdif)  6.000000000000000E-002  6.000000000000000E-002
 Range of surface albedo (aldif)  6.000000000000000E-002  6.000000000000000E-002
 radiation: perpetual sun, solin=   310.282739720485     
 longwave radiation is called
NSTEP =        631   NCYCLE=  1  CFL_adv= 0.314  CFL_sgs= 0.041
 Collecting statistics...
 name QCSTRG is missing in "lst" file.
NSTEP =        632   NCYCLE=  1  CFL_adv= 0.313  CFL_sgs= 0.041
 DAY =   0.219444444444444     
 NSTEP=         632
 div:  1.174954966639480E-016 -1.508218024332384E-016
 SST=   300.000000000000     
 surface pressure=   1014.80000000000     
 u:  -4.08421675992466        3.73813660304794     
 v:  -3.95439629563179        4.16530463628929     
 w: -0.801146035152227       0.822852395615502     
 p:  -3.59448733474507        3.86042894709989     
 t:   299.641763760513        473.421331940909     
 tabs:   201.865941132235        300.167436575567     
 qv:  3.204381499315003E-080  1.922886423323048E-002
 tke:  0.000000000000000E+000  7.496103832056378E-002
 tk:  0.000000000000000E+000   1.51718467246106     
 tkh:  0.000000000000000E+000   1.51718467246106     
 qcl:  0.000000000000000E+000  0.000000000000000E+000
 qci:  0.000000000000000E+000  1.647043281181331E-003
 qpl:  0.000000000000000E+000  1.681066023618475E-005
 qpi:  0.000000000000000E+000  0.000000000000000E+000
 qrad(K/day):  -29.9465691002046        26.8766506349610     
 shf:  -1.04541858662871       0.931621582418108     
 lhf:   19.9701401760111        40.4692536784112     
 uw: -3.220922149986728E-003  2.726396929258272E-003
 vw: -4.082788546220125E-003  3.303104048070960E-003
 sst:   300.000000000000        300.000000000000     
 ===========================
 total water budget:
 before (mm):         45.56723198358
 after (mm):          45.56759066617
 evaporation (mm):     0.00036103461
 precipitation (mm):   0.00000235201
 large-scale (mm):     0.00000000000
 Imbalance (mm)      -0.00000000000
 evap (mm/day):   1.03977967557228     
 prec (mm/day):  6.773801652585024E-003
 ls (mm/day):  0.000000000000000E+000
 imbalance (mm/day) -1.419674070684586E-011
  imbalance (rel error): -1.559316008093395E-016
 ===========================
NSTEP =        633   NCYCLE=  1  CFL_adv= 0.318  CFL_sgs= 0.041
NSTEP =        634   NCYCLE=  1  CFL_adv= 0.322  CFL_sgs= 0.041
NSTEP =        635   NCYCLE=  1  CFL_adv= 0.325  CFL_sgs= 0.041
 Collecting statistics...
 name QCSTRG is missing in "lst" file.
NSTEP =        636   NCYCLE=  1  CFL_adv= 0.328  CFL_sgs= 0.040
 DAY =   0.220833333333333     
 NSTEP=         636
 div:  9.705456320401529E-017 -1.306284381117114E-016
 SST=   300.000000000000     
 surface pressure=   1014.80000000000     
 u:  -4.21916674086456        3.91953732011201     
 v:  -3.88601319278506        4.01803675985067     
 w: -0.785811263550767       0.803314217624764     
 p:  -3.62002431281410        3.84315225288602     
 t:   299.639169924906        473.423116289644     
 tabs:   201.864113632611        300.160702206925     
 qv:  1.099650068967985E-079  1.923776481546274E-002
 tke:  0.000000000000000E+000  0.170906126606581     
 tk:  0.000000000000000E+000   3.21867296744884     
 tkh:  0.000000000000000E+000   3.21867296744884     
 qcl:  0.000000000000000E+000  0.000000000000000E+000
 qci:  0.000000000000000E+000  1.634030164949780E-003
 qpl:  0.000000000000000E+000  1.705796352787352E-005
 qpi:  0.000000000000000E+000  0.000000000000000E+000
 qrad(K/day):  -29.9465691002046        26.8766506349610     
 shf:  -1.02795348780359       0.941667970221573     
 lhf:   19.9247788599902        40.2759936791267     
 uw: -3.032425243455049E-003  2.624999342372203E-003
 vw: -4.103522347385464E-003  3.339101136381320E-003
 sst:   300.000000000000        300.000000000000     
 ===========================
 total water budget:
 before (mm):         45.56866579817
 after (mm):          45.56902386920
 evaporation (mm):     0.00036047453
 precipitation (mm):   0.00000240350
 large-scale (mm):     0.00000000000
 Imbalance (mm)       0.00000000000
 evap (mm/day):   1.03816664548006     
 prec (mm/day):  6.922090970465112E-003
 ls (mm/day):  0.000000000000000E+000
 imbalance (mm/day)  9.262256489128012E-013
  imbalance (rel error):  0.000000000000000E+000
 ===========================
 Let's do some shortwave
 Range of zenith angles  0.732661695834013       0.732661695834013     
 Range of surface albedo (asdir)  3.383449086658900E-002  3.383449086658900E-002
 Range of surface albedo (aldir)  3.383449086658900E-002  3.383449086658900E-002
 Range of surface albedo (asdif)  6.000000000000000E-002  6.000000000000000E-002
 Range of surface albedo (aldif)  6.000000000000000E-002  6.000000000000000E-002
 radiation: perpetual sun, solin=   310.282739722968     
 longwave radiation is called
NSTEP =        637   NCYCLE=  1  CFL_adv= 0.331  CFL_sgs= 0.040
NSTEP =        638   NCYCLE=  1  CFL_adv= 0.331  CFL_sgs= 0.040
NSTEP =        639   NCYCLE=  1  CFL_adv= 0.332  CFL_sgs= 0.040
 Collecting statistics...
 name QCSTRG is missing in "lst" file.
NSTEP =        640   NCYCLE=  1  CFL_adv= 0.331  CFL_sgs= 0.040
 DAY =   0.222222222222222     
 NSTEP=         640
 div:  1.617368997499063E-016 -1.795188291478678E-016
 SST=   300.000000000000     
 surface pressure=   1014.80000000000     
 u:  -4.11000159798366        3.91693300457073     
 v:  -4.07854479118866        3.81652444460052     
 w: -0.756521247603690       0.748077219719902     
 p:  -3.94044256779645        3.92117707413476     
 t:   299.636824075000        473.424718094917     
 tabs:   201.874528928852        300.153179090265     
 qv:  1.244545608803380E-079  1.924499490370499E-002
 tke:  0.000000000000000E+000  0.250420171097197     
 tk:  0.000000000000000E+000   4.99300276043102     
 tkh:  0.000000000000000E+000   4.99300276043102     
 qcl:  0.000000000000000E+000  0.000000000000000E+000
 qci:  0.000000000000000E+000  1.617272500108127E-003
 qpl:  0.000000000000000E+000  1.695748121545542E-005
 qpi:  0.000000000000000E+000  0.000000000000000E+000
 qrad(K/day):  -29.4046498618963        27.1860086121471     
 shf:  -1.00862713175048       0.949341841495126     
 lhf:   19.8914273150589        40.0681570639803     
 uw: -2.997142879257706E-003  2.655773574725891E-003
 vw: -4.068442396693453E-003  3.404043698006762E-003
 sst:   300.000000000000        300.000000000000     
 ===========================
 total water budget:
 before (mm):         45.57009716033
 after (mm):          45.57045461655
 evaporation (mm):     0.00035991888
 precipitation (mm):   0.00000246267
 large-scale (mm):     0.00000000000
 Imbalance (mm)       0.00000000000
 evap (mm/day):   1.03656638606868     
 prec (mm/day):  7.092494728422397E-003
 ls (mm/day):  0.000000000000000E+000
 imbalance (mm/day) -3.796255302300489E-013
  imbalance (rel error):  0.000000000000000E+000
 ===========================
NSTEP =        641   NCYCLE=  1  CFL_adv= 0.330  CFL_sgs= 0.040
NSTEP =        642   NCYCLE=  1  CFL_adv= 0.327  CFL_sgs= 0.039
 Let's do some shortwave
 Range of zenith angles  0.732661695834013       0.732661695834013     
 Range of surface albedo (asdir)  3.383449086658900E-002  3.383449086658900E-002
 Range of surface albedo (aldir)  3.383449086658900E-002  3.383449086658900E-002
 Range of surface albedo (asdif)  6.000000000000000E-002  6.000000000000000E-002
 Range of surface albedo (aldif)  6.000000000000000E-002  6.000000000000000E-002
 radiation: perpetual sun, solin=   310.282739725190     
 longwave radiation is called
NSTEP =        643   NCYCLE=  1  CFL_adv= 0.324  CFL_sgs= 0.039
 Collecting statistics...
 name QCSTRG is missing in "lst" file.
NSTEP =        644   NCYCLE=  1  CFL_adv= 0.320  CFL_sgs= 0.039
 DAY =   0.223611111111111     
 NSTEP=         644
 div:  1.662498587359274E-016 -1.629157176088361E-016
 SST=   300.000000000000     
 surface pressure=   1014.80000000000     
 u:  -3.81637486206957        3.73612138331046     
 v:  -4.13717577219014        3.70811761405835     
 w: -0.703492718309347       0.652846269611532     
 p:  -4.33952297006293        4.03869442836440     
 t:   299.634710851499        473.426198406772     
 tabs:   201.889336287864        300.145219656585     
 qv:  1.299210413756890E-079  1.925123530644027E-002
 tke:  0.000000000000000E+000  0.118460022000027     
 tk:  0.000000000000000E+000   4.74212761557186     
 tkh:  0.000000000000000E+000   4.74212761557186     
 qcl:  0.000000000000000E+000  0.000000000000000E+000
 qci:  0.000000000000000E+000  1.597092945701020E-003
 qpl:  0.000000000000000E+000  1.642518678753082E-005
 qpi:  0.000000000000000E+000  0.000000000000000E+000
 qrad(K/day):  -29.2050492899488        27.0594044622752     
 shf: -0.988593314608728       0.955007164423686     
 lhf:   19.8498830322371        39.8500304985845     
 uw: -3.039925419287105E-003  2.673511970888932E-003
 vw: -3.958926421241209E-003  3.542201452826114E-003
 sst:   300.000000000000        300.000000000000     
 ===========================
 total water budget:
 before (mm):         45.57152606593
 after (mm):          45.57188291058
 evaporation (mm):     0.00035936774
 precipitation (mm):   0.00000252309
 large-scale (mm):     0.00000000000
 Imbalance (mm)       0.00000000000
 evap (mm/day):   1.03497909867595     
 prec (mm/day):  7.266507404057165E-003
 ls (mm/day):  0.000000000000000E+000
 imbalance (mm/day)  1.113704587536388E-011
  imbalance (rel error):  0.000000000000000E+000
 ===========================
NSTEP =        645   NCYCLE=  1  CFL_adv= 0.315  CFL_sgs= 0.039
NSTEP =        646   NCYCLE=  1  CFL_adv= 0.309  CFL_sgs= 0.039
NSTEP =        647   NCYCLE=  1  CFL_adv= 0.303  CFL_sgs= 0.038
 Collecting statistics...
 name QCSTRG is missing in "lst" file.
NSTEP =        648   NCYCLE=  1  CFL_adv= 0.298  CFL_sgs= 0.038
 DAY =   0.225000000000000     
 NSTEP=         648
 div:  1.078183788293195E-016 -1.463381708166706E-016
 SST=   300.000000000000     
 surface pressure=   1014.80000000000     
 u:  -3.55009282784508        3.42483861615420     
 v:  -4.05482546067305        3.56525833131940     
 w: -0.615691922651551       0.611656679616643     
 p:  -4.74875549749994        4.16088443476832     
 t:   299.633212694049        473.427677956740     
 tabs:   201.909538708216        300.137077008513     
 qv:  1.384204934102083E-079  1.925706919273219E-002
 tke:  0.000000000000000E+000  0.112860407412436     
 tk:  0.000000000000000E+000   4.69924072083910     
 tkh:  0.000000000000000E+000   4.69924072083910     
 qcl:  0.000000000000000E+000  0.000000000000000E+000
 qci:  0.000000000000000E+000  1.574454452157362E-003
 qpl:  0.000000000000000E+000  1.565496521352790E-005
 qpi:  0.000000000000000E+000  0.000000000000000E+000
 qrad(K/day):  -29.2050492899488        27.0594044622752     
 shf: -0.968350650408367       0.958917036552301     
 lhf:   19.7644711065114        39.6241096362927     
 uw: -2.997151968792439E-003  2.783815731007206E-003
 vw: -3.893351508601461E-003  3.638704013873061E-003
 sst:   300.000000000000        300.000000000000     
 ===========================
 total water budget:
 before (mm):         45.57295253710
 after (mm):          45.57330877899
 evaporation (mm):     0.00035882119
 precipitation (mm):   0.00000257930
 large-scale (mm):     0.00000000000
 Imbalance (mm)       0.00000000000
 evap (mm/day):   1.03340501940647     
 prec (mm/day):  7.428391709088538E-003
 ls (mm/day):  0.000000000000000E+000
 imbalance (mm/day)  2.075966595892556E-011
  imbalance (rel error):  1.559120359695545E-016
 ===========================
 Let's do some shortwave
 Range of zenith angles  0.732661695834013       0.732661695834013     
 Range of surface albedo (asdir)  3.383449086658900E-002  3.383449086658900E-002
 Range of surface albedo (aldir)  3.383449086658900E-002  3.383449086658900E-002
 Range of surface albedo (asdif)  6.000000000000000E-002  6.000000000000000E-002
 Range of surface albedo (aldif)  6.000000000000000E-002  6.000000000000000E-002
 radiation: perpetual sun, solin=   310.282739727150     
 longwave radiation is called
NSTEP =        649   NCYCLE=  1  CFL_adv= 0.292  CFL_sgs= 0.038
NSTEP =        650   NCYCLE=  1  CFL_adv= 0.290  CFL_sgs= 0.038
NSTEP =        651   NCYCLE=  1  CFL_adv= 0.288  CFL_sgs= 0.037
 Collecting statistics...
 name QCSTRG is missing in "lst" file.
NSTEP =        652   NCYCLE=  1  CFL_adv= 0.290  CFL_sgs= 0.037
 DAY =   0.226388888888889     
 NSTEP=         652
 div:  1.357416447473521E-016 -1.995729401120541E-016
 SST=   300.000000000000     
 surface pressure=   1014.80000000000     
 u:  -3.78485890624022        3.48649661484435     
 v:  -3.82881758610780        3.57661863440350     
 w: -0.650451537868250       0.598846655651387     
 p:  -5.12177700840668        4.23016878152628     
 t:   299.632089404169        473.429210717445     
 tabs:   201.938519196560        300.128978745073     
 qv:  1.569925546403992E-079  1.926261467299742E-002
 tke:  0.000000000000000E+000  8.549682188068521E-002
 tk:  0.000000000000000E+000   3.55589763357083     
 tkh:  0.000000000000000E+000   3.55589763357083     
 qcl:  0.000000000000000E+000  0.000000000000000E+000
 qci:  0.000000000000000E+000  1.550489780249179E-003
 qpl:  0.000000000000000E+000  1.481982750170985E-005
 qpi:  0.000000000000000E+000  0.000000000000000E+000
 qrad(K/day):  -28.0545286493875        27.6600653590684     
 shf: -0.948298900288548       0.961336145316171     
 lhf:   19.6924080541534        39.3941381225288     
 uw: -2.815168542025985E-003  2.823124201693879E-003
 vw: -3.981130602396428E-003  3.652507921571012E-003
 sst:   300.000000000000        300.000000000000     
 ===========================
 total water budget:
 before (mm):         45.57437661188
 after (mm):          45.57473226038
 evaporation (mm):     0.00035827903
 precipitation (mm):   0.00000263053
 large-scale (mm):     0.00000000000
 Imbalance (mm)       0.00000000000
 evap (mm/day):   1.03184360448719     
 prec (mm/day):  7.575935321339976E-003
 ls (mm/day):  0.000000000000000E+000
 imbalance (mm/day)  1.938381096258657E-012
  imbalance (rel error):  0.000000000000000E+000
 ===========================
NSTEP =        653   NCYCLE=  1  CFL_adv= 0.293  CFL_sgs= 0.037
NSTEP =        654   NCYCLE=  1  CFL_adv= 0.294  CFL_sgs= 0.036
 Let's do some shortwave
 Range of zenith angles  0.732661695834013       0.732661695834013     
 Range of surface albedo (asdir)  3.383449086658900E-002  3.383449086658900E-002
 Range of surface albedo (aldir)  3.383449086658900E-002  3.383449086658900E-002
 Range of surface albedo (asdif)  6.000000000000000E-002  6.000000000000000E-002
 Range of surface albedo (aldif)  6.000000000000000E-002  6.000000000000000E-002
 radiation: perpetual sun, solin=   310.282739728866     
 longwave radiation is called
NSTEP =        655   NCYCLE=  1  CFL_adv= 0.295  CFL_sgs= 0.036
 Collecting statistics...
 name QCSTRG is missing in "lst" file.
NSTEP =        656   NCYCLE=  1  CFL_adv= 0.294  CFL_sgs= 0.036
 DAY =   0.227777777777778     
 NSTEP=         656
 div:  1.696622884747839E-016 -1.992928493264466E-016
 SST=   300.000000000000     
 surface pressure=   1014.80000000000     
 u:  -3.81034736341671        3.55629533612329     
 v:  -3.51918071713885        3.60820146833024     
 w: -0.682273913401308       0.608091848536618     
 p:  -5.44434119479627        4.21362264962018     
 t:   299.631345730823        473.430797308995     
 tabs:   201.973068317512        300.121165317249     
 qv:  4.207404969291665E-079  1.926728365323886E-002
 tke:  0.000000000000000E+000  9.223117670746518E-002
 tk:  0.000000000000000E+000   2.18238865760876     
 tkh:  0.000000000000000E+000   2.18238865760876     
 qcl:  0.000000000000000E+000  0.000000000000000E+000
 qci:  0.000000000000000E+000  1.529694885272288E-003
 qpl:  0.000000000000000E+000  1.466497822525425E-005
 qpi:  0.000000000000000E+000  0.000000000000000E+000
 qrad(K/day):  -28.0543647157938        29.1965954091626     
 shf: -0.928931518476259       0.962647707687835     
 lhf:   19.6337859666536        39.2546679451836     
 uw: -2.818920653970709E-003  2.789005075587080E-003
 vw: -4.001566796240892E-003  3.638321681780002E-003
 sst:   300.000000000000        300.000000000000     
 ===========================
 total water budget:
 before (mm):         45.57579832368
 after (mm):          45.57615338486
 evaporation (mm):     0.00035774122
 precipitation (mm):   0.00000268004
 large-scale (mm):     0.00000000000
 Imbalance (mm)       0.00000000000
 evap (mm/day):   1.03029470255471     
 prec (mm/day):  7.718521797374436E-003
 ls (mm/day):  0.000000000000000E+000
 imbalance (mm/day) -1.088316936570521E-011
  imbalance (rel error):  0.000000000000000E+000
 ===========================
NSTEP =        657   NCYCLE=  1  CFL_adv= 0.292  CFL_sgs= 0.036
NSTEP =        658   NCYCLE=  1  CFL_adv= 0.294  CFL_sgs= 0.035
NSTEP =        659   NCYCLE=  1  CFL_adv= 0.295  CFL_sgs= 0.035
 Collecting statistics...
 name QCSTRG is missing in "lst" file.
 Writting statistics:nstatsteps=          15
 --------------- ISCCP Simulator Diagnostics: -----------------
 ISCCP PDF:
            0.0       0.3       1.3       3.6       9.4      23.0      60.0
    0.     0.000     0.000     0.000     0.000     0.000     0.000     0.000
  180.     0.008     0.002     0.001     0.001     0.002     0.004     0.001
  310.     0.001     0.001     0.001     0.001     0.001     0.000     0.000
  440.     0.000     0.000     0.000     0.000     0.000     0.000     0.000
  560.     0.000     0.000     0.000     0.000     0.000     0.000     0.000
  680.     0.000     0.000     0.000     0.000     0.000     0.000     0.000
  800.     0.000     0.000     0.000     0.000     0.000     0.000     0.000
 low cld area (tau > 0.3)=  0.000000000000000E+000
 mid cld area (tau > 0.3)=  0.000000000000000E+000
 hgh cld area (tau > 0.3)=  1.641947428385417E-002
 total cld area (tau > 0.3)=  1.641947428385417E-002
 mean albedo cld (tau > 0.3)   0.491771578688916     
 mean tau cld (tau > 0.3)    8.23436288745748     
 mean top pressure (tau > 0.3)   285.704976653128     
 mean brightness temp (tau > 0.3)   283.299221755279     
 mean clearsky brightness temp (tau > 0.3)   296.005917468575     
 --------------- MODIS Simulator Diagnostics: -----------------
 MODIS PDF:
                      0.3       1.3       3.6       9.4      23.0      60.0
    0.               0.000     0.000     0.000     0.000     0.000     0.001
  180.               0.001     0.002     0.002     0.003     0.004     0.000
  310.               0.002     0.001     0.000     0.000     0.000     0.000
  440.               0.000     0.000     0.000     0.000     0.000     0.000
  560.               0.000     0.000     0.000     0.000     0.000     0.000
  680.               0.000     0.000     0.000     0.000     0.000     0.000
  800.               0.000     0.000     0.000     0.000     0.000     0.000
 low cld area =  0.000000000000000E+000
 mid cld area =  0.000000000000000E+000
 hgh cld area =  1.641947428385417E-002
 total cld area =  1.641947428385417E-002
 mean tau cld    19.3097478522045     
 mean top pressure    270.831135249574     
 total cld area (liquid) =  0.000000000000000E+000
 total cld area (ice) =  1.641947428385417E-002
 mean tau (liquid) =  -1.00000000000000     
 mean tau (ice) =   19.3097478522045     
 mean lwp (g/m2) =  -1.00000000000000     
 mean iwp (g/m2) =   470.295542637624     
 mean reff (liquid)  =  -1.00000000000000     
 mean reff (ice)  =   45.8005221723623     
 --------------- MISR Simulator Diagnostics: -----------------
 MISR PDF:
            0.0       0.3       1.3       3.6       9.4      23.0      60.0
 99.00     0.000     0.000     0.000     0.000     0.000     0.000     0.000
 17.00     0.000     0.000     0.000     0.000     0.000     0.000     0.000
 15.00     0.000     0.000     0.000     0.000     0.000     0.000     0.000
 13.00     0.000     0.000     0.000     0.000     0.000     0.002     0.001
 11.00     0.000     0.000     0.001     0.002     0.003     0.003     0.000
  9.00     0.000     0.002     0.001     0.000     0.000     0.000     0.000
  7.00     0.000     0.001     0.000     0.000     0.000     0.000     0.000
  5.00     0.000     0.000     0.000     0.000     0.000     0.000     0.000
  4.00     0.000     0.000     0.000     0.000     0.000     0.000     0.000
  3.00     0.000     0.000     0.000     0.000     0.000     0.000     0.000
  2.50     0.000     0.000     0.000     0.000     0.000     0.000     0.000
  2.00     0.000     0.000     0.000     0.000     0.000     0.000     0.000
  1.50     0.000     0.000     0.000     0.000     0.000     0.000     0.000
  1.00     0.000     0.000     0.000     0.000     0.000     0.000     0.000
  0.50     0.000     0.000     0.000     0.000     0.000     0.000     0.000
  0.00     0.001     0.001     0.000     0.000     0.000     0.000     0.000
 total cld area =  1.539510091145833E-002
 mean top height (m)   9765.59579685199     
 Writting history file 
 rcemip300sst_160_MaxIce20_dry                                                  
  
NSTEP =        660   NCYCLE=  1  CFL_adv= 0.295  CFL_sgs= 0.035
 DAY =   0.229166666666667     
 NSTEP=         660
 div:  1.234124786788754E-016 -1.756160764602041E-016
 SST=   300.000000000000     
 surface pressure=   1014.80000000000     
 u:  -3.68493709915346        3.59307904614887     
 v:  -3.63571283270817        3.52641205933436     
 w: -0.644114616995083       0.654177787523167     
 p:  -5.71951432462639        4.13512104212390     
 t:   299.631031186964        473.432454492820     
 tabs:   201.993363090591        300.113797109748     
 qv:  1.089995477898391E-078  1.926982772867873E-002
 tke:  0.000000000000000E+000  0.104901162455586     
 tk:  0.000000000000000E+000   1.96035292832334     
 tkh:  0.000000000000000E+000   1.96035292832334     
 qcl:  0.000000000000000E+000  0.000000000000000E+000
 qci:  0.000000000000000E+000  1.521856723714301E-003
 qpl:  0.000000000000000E+000  1.460571687677962E-005
 qpi:  0.000000000000000E+000  0.000000000000000E+000
 qrad(K/day):  -28.0543647157938        29.1965954091626     
 shf: -0.910425860121923       0.963251962223323     
 lhf:   19.5884972956022        39.3422172170705     
 uw: -2.807581495748453E-003  2.911703126382919E-003
 vw: -3.949325978954756E-003  3.615762872177518E-003
 sst:   300.000000000000        300.000000000000     
 ===========================
 total water budget:
 before (mm):         45.57721769117
 after (mm):          45.57757216818
 evaporation (mm):     0.00035720756
 precipitation (mm):   0.00000273055
 large-scale (mm):     0.00000000000
 Imbalance (mm)       0.00000000000
 evap (mm/day):   1.02875778237831     
 prec (mm/day):  7.863995812281865E-003
 ls (mm/day):  0.000000000000000E+000
 imbalance (mm/day)  1.260269964558844E-012
  imbalance (rel error):  0.000000000000000E+000
 ===========================
CPU TIME =      72.6981 OVER     0.50 MODEL HOURS
 Let's do some shortwave
 Range of zenith angles  0.732661695834013       0.732661695834013     
 Range of surface albedo (asdir)  3.383449086658900E-002  3.383449086658900E-002
 Range of surface albedo (aldir)  3.383449086658900E-002  3.383449086658900E-002
 Range of surface albedo (asdif)  6.000000000000000E-002  6.000000000000000E-002
 Range of surface albedo (aldif)  6.000000000000000E-002  6.000000000000000E-002
 radiation: perpetual sun, solin=   310.282739730353     
 longwave radiation is called
NSTEP =        661   NCYCLE=  1  CFL_adv= 0.295  CFL_sgs= 0.035
NSTEP =        662   NCYCLE=  1  CFL_adv= 0.298  CFL_sgs= 0.035
NSTEP =        663   NCYCLE=  1  CFL_adv= 0.302  CFL_sgs= 0.035
 Collecting statistics...
 name QCSTRG is missing in "lst" file.
NSTEP =        664   NCYCLE=  1  CFL_adv= 0.305  CFL_sgs= 0.035
 DAY =   0.230555555555556     
 NSTEP=         664
 div:  1.695965552189284E-016 -2.334882938100139E-016
 SST=   300.000000000000     
 surface pressure=   1014.80000000000     
 u:  -3.61436872340841        3.47529692697194     
 v:  -4.03291216599712        3.58245700509078     
 w: -0.646547470154579       0.680944932080930     
 p:  -5.96202821420997        3.93328820211845     
 t:   299.630964469899        473.434193123128     
 tabs:   201.996422870594        300.106846408961     
 qv:  1.751246820202119E-078  1.927070886243750E-002
 tke:  0.000000000000000E+000  9.354555219182054E-002
 tk:  0.000000000000000E+000   6.86285619427817     
 tkh:  0.000000000000000E+000   6.86285619427817     
 qcl:  0.000000000000000E+000  0.000000000000000E+000
 qci:  0.000000000000000E+000  1.511367412315365E-003
 qpl:  0.000000000000000E+000  1.439523447091144E-005
 qpi:  0.000000000000000E+000  0.000000000000000E+000
 qrad(K/day):  -27.8842875561562        28.1445484630550     
 shf: -0.892540301984612       0.963463246906735     
 lhf:   19.5574777577309        39.4333097382490     
 uw: -2.774381864872315E-003  3.146211653093517E-003
 vw: -3.835621770540198E-003  3.507335787878927E-003
 sst:   300.000000000000        300.000000000000     
 ===========================
 total water budget:
 before (mm):         45.57863472565
 after (mm):          45.57898862132
 evaporation (mm):     0.00035667775
 precipitation (mm):   0.00000278207
 large-scale (mm):     0.00000000000
 Imbalance (mm)       0.00000000000
 evap (mm/day):   1.02723191487907     
 prec (mm/day):  8.012366827259868E-003
 ls (mm/day):  0.000000000000000E+000
 imbalance (mm/day)  1.403394490461646E-011
  imbalance (rel error):  1.558926069341763E-016
 ===========================
NSTEP =        665   NCYCLE=  1  CFL_adv= 0.307  CFL_sgs= 0.035
NSTEP =        666   NCYCLE=  1  CFL_adv= 0.309  CFL_sgs= 0.035
 Let's do some shortwave
 Range of zenith angles  0.732661695834013       0.732661695834013     
 Range of surface albedo (asdir)  3.383449086658900E-002  3.383449086658900E-002
 Range of surface albedo (aldir)  3.383449086658900E-002  3.383449086658900E-002
 Range of surface albedo (asdif)  6.000000000000000E-002  6.000000000000000E-002
 Range of surface albedo (aldif)  6.000000000000000E-002  6.000000000000000E-002
 radiation: perpetual sun, solin=   310.282739731607     
 longwave radiation is called
NSTEP =        667   NCYCLE=  1  CFL_adv= 0.310  CFL_sgs= 0.035
 Collecting statistics...
 name QCSTRG is missing in "lst" file.
NSTEP =        668   NCYCLE=  1  CFL_adv= 0.310  CFL_sgs= 0.035
 DAY =   0.231944444444444     
 NSTEP=         668
 div:  1.544208138209083E-016 -2.071232271041554E-016
 SST=   300.000000000000     
 surface pressure=   1014.80000000000     
 u:  -3.48548721213544        3.27324258555557     
 v:  -4.30583052338084        3.71920437054964     
 w: -0.652876618903656       0.690404331210556     
 p:  -6.18667622628266        3.81487479674592     
 t:   299.631159405810        473.435946186580     
 tabs:   201.997883620476        300.100029923841     
 qv:  2.016626406775586E-078  1.927316773843983E-002
 tke:  0.000000000000000E+000  8.377738545617786E-002
 tk:  0.000000000000000E+000   6.74456622032108     
 tkh:  0.000000000000000E+000   6.74456622032108     
 qcl:  0.000000000000000E+000  0.000000000000000E+000
 qci:  0.000000000000000E+000  1.503026681044564E-003
 qpl:  0.000000000000000E+000  1.432835645421503E-005
 qpi:  0.000000000000000E+000  0.000000000000000E+000
 qrad(K/day):  -26.9158940430870        29.1711577205360     
 shf: -0.874577282261907       0.965443276796888     
 lhf:   19.5431577013505        39.5270969282046     
 uw: -2.748419660746246E-003  3.284557703180702E-003
 vw: -3.681935193175020E-003  3.316619812597821E-003
 sst:   300.000000000000        300.000000000000     
 ===========================
 total water budget:
 before (mm):         45.58004944453
 after (mm):          45.58040276591
 evaporation (mm):     0.00035615174
 precipitation (mm):   0.00000283036
 large-scale (mm):     0.00000000000
 Imbalance (mm)       0.00000000000
 evap (mm/day):   1.02571702316077     
 prec (mm/day):  8.151444117662509E-003
 ls (mm/day):  0.000000000000000E+000
 imbalance (mm/day)  1.363271678162491E-011
  imbalance (rel error):  1.558877703229768E-016
 ===========================
NSTEP =        669   NCYCLE=  1  CFL_adv= 0.310  CFL_sgs= 0.035
NSTEP =        670   NCYCLE=  1  CFL_adv= 0.309  CFL_sgs= 0.035
NSTEP =        671   NCYCLE=  1  CFL_adv= 0.309  CFL_sgs= 0.035
 Collecting statistics...
 name QCSTRG is missing in "lst" file.
NSTEP =        672   NCYCLE=  1  CFL_adv= 0.309  CFL_sgs= 0.035
 DAY =   0.233333333333333     
 NSTEP=         672
 div:  1.834532606620907E-016 -2.347227925997557E-016
 SST=   300.000000000000     
 surface pressure=   1014.80000000000     
 u:  -3.38200596977123        3.26004947433642     
 v:  -4.39608885797545        3.75147384250138     
 w: -0.678022168175213       0.724868551445937     
 p:  -6.39466162076501        3.62385063744723     
 t:   299.628953978414        473.437593968631     
 tabs:   202.007873964359        300.093037201454     
 qv:  2.476188141995432E-078  1.927366948694238E-002
 tke:  0.000000000000000E+000  0.106422922952299     
 tk:  0.000000000000000E+000   5.90616763937044     
 tkh:  0.000000000000000E+000   5.90616763937044     
 qcl:  0.000000000000000E+000  0.000000000000000E+000
 qci:  0.000000000000000E+000  1.497745879270312E-003
 qpl:  0.000000000000000E+000  1.506124323959492E-005
 qpi:  0.000000000000000E+000  0.000000000000000E+000
 qrad(K/day):  -26.9158940430870        29.1711577205360     
 shf: -0.855624324742041       0.970607983706049     
 lhf:   19.5476440199978        39.6231462098970     
 uw: -2.788253397217711E-003  3.281390371749126E-003
 vw: -3.509967238447251E-003  3.246316258223648E-003
 sst:   300.000000000000        300.000000000000     
 ===========================
 total water budget:
 before (mm):         45.58146187548
 after (mm):          45.58181462856
 evaporation (mm):     0.00035562946
 precipitation (mm):   0.00000287638
 large-scale (mm):     0.00000000000
 Imbalance (mm)       0.00000000000
 evap (mm/day):   1.02421283445885     
 prec (mm/day):  8.283988539474417E-003
 ls (mm/day):  0.000000000000000E+000
 imbalance (mm/day)  1.008936220702784E-011
  imbalance (rel error):  1.558829418157832E-016
 ===========================
 Let's do some shortwave
 Range of zenith angles  0.732661695834013       0.732661695834013     
 Range of surface albedo (asdir)  3.383449086658900E-002  3.383449086658900E-002
 Range of surface albedo (aldir)  3.383449086658900E-002  3.383449086658900E-002
 Range of surface albedo (asdif)  6.000000000000000E-002  6.000000000000000E-002
 Range of surface albedo (aldif)  6.000000000000000E-002  6.000000000000000E-002
 radiation: perpetual sun, solin=   310.282739732608     
 longwave radiation is called
NSTEP =        673   NCYCLE=  1  CFL_adv= 0.308  CFL_sgs= 0.035
NSTEP =        674   NCYCLE=  1  CFL_adv= 0.305  CFL_sgs= 0.034
NSTEP =        675   NCYCLE=  1  CFL_adv= 0.303  CFL_sgs= 0.034
 Collecting statistics...
 name QCSTRG is missing in "lst" file.
NSTEP =        676   NCYCLE=  1  CFL_adv= 0.303  CFL_sgs= 0.034
 DAY =   0.234722222222222     
 NSTEP=         676
 div:  1.821062320971604E-016 -2.671350186101873E-016
 SST=   300.000000000000     
 surface pressure=   1014.80000000000     
 u:  -3.36129669480192        3.21988061786196     
 v:  -4.31234364196214        3.68697668703324     
 w: -0.686858975462769       0.721339529245031     
 p:  -6.58742539542613        3.55058475736574     
 t:   299.626374578099        473.439085837396     
 tabs:   202.024063535044        300.085725045866     
 qv:  2.983046289021601E-078  1.927958155971670E-002
 tke:  0.000000000000000E+000  0.192918799428951     
 tk:  0.000000000000000E+000   10.1770300660786     
 tkh:  0.000000000000000E+000   10.1770300660786     
 qcl:  0.000000000000000E+000  0.000000000000000E+000
 qci:  0.000000000000000E+000  1.491186326903015E-003
 qpl:  0.000000000000000E+000  1.606007773800908E-005
 qpi:  0.000000000000000E+000  0.000000000000000E+000
 qrad(K/day):  -25.0072674397359        28.0986093210684     
 shf: -0.835164537293391       0.974075494448730     
 lhf:   19.5720338055930        39.7418949793482     
 uw: -2.797239156248447E-003  3.186386021256491E-003
 vw: -3.329498417874224E-003  3.221095930154032E-003
 sst:   300.000000000000        300.000000000000     
 ===========================
 total water budget:
 before (mm):         45.58287204483
 after (mm):          45.58322423761
 evaporation (mm):     0.00035511098
 precipitation (mm):   0.00000291820
 large-scale (mm):     0.00000000000
 Imbalance (mm)      -0.00000000000
 evap (mm/day):   1.02271961515576     
 prec (mm/day):  8.404413659647995E-003
 ls (mm/day):  0.000000000000000E+000
 imbalance (mm/day) -9.037610747665917E-012
  imbalance (rel error): -1.558781213141708E-016
 ===========================
NSTEP =        677   NCYCLE=  1  CFL_adv= 0.302  CFL_sgs= 0.034
NSTEP =        678   NCYCLE=  1  CFL_adv= 0.300  CFL_sgs= 0.034
 Let's do some shortwave
 Range of zenith angles  0.732661695834013       0.732661695834013     
 Range of surface albedo (asdir)  3.383449086658900E-002  3.383449086658900E-002
 Range of surface albedo (aldir)  3.383449086658900E-002  3.383449086658900E-002
 Range of surface albedo (asdif)  6.000000000000000E-002  6.000000000000000E-002
 Range of surface albedo (aldif)  6.000000000000000E-002  6.000000000000000E-002
 radiation: perpetual sun, solin=   310.282739733340     
 longwave radiation is called
NSTEP =        679   NCYCLE=  1  CFL_adv= 0.298  CFL_sgs= 0.034
 Collecting statistics...
 name QCSTRG is missing in "lst" file.
NSTEP =        680   NCYCLE=  1  CFL_adv= 0.295  CFL_sgs= 0.034
 DAY =   0.236111111111111     
 NSTEP=         680
 div:  2.773355937217424E-016 -2.497710923426478E-016
 SST=   300.000000000000     
 surface pressure=   1014.80000000000     
 u:  -3.34901261187542        3.31703348453559     
 v:  -4.06639174510732        3.54690970917209     
 w: -0.691994545894986       0.682265411440741     
 p:  -6.76902098931557        3.41440491669549     
 t:   299.623907996150        473.440489483969     
 tabs:   202.041049527298        300.078175162102     
 qv:  3.040121828309812E-078  1.928277291028373E-002
 tke:  0.000000000000000E+000  0.202605362037928     
 tk:  0.000000000000000E+000   10.9531190777866     
 tkh:  0.000000000000000E+000   10.9531190777866     
 qcl:  0.000000000000000E+000  0.000000000000000E+000
 qci:  0.000000000000000E+000  1.483741879437630E-003
 qpl:  0.000000000000000E+000  1.691910214312214E-005
 qpi:  0.000000000000000E+000  0.000000000000000E+000
 qrad(K/day):  -24.0945096316707        26.9009582540424     
 shf: -0.813359706790779       0.975440168742331     
 lhf:   19.6153009695158        39.8779707578872     
 uw: -2.791391855457136E-003  3.099998596122307E-003
 vw: -3.125345165241196E-003  3.214851530630167E-003
 sst:   300.000000000000        300.000000000000     
 ===========================
 total water budget:
 before (mm):         45.58427998588
 after (mm):          45.58463162690
 evaporation (mm):     0.00035459658
 precipitation (mm):   0.00000295556
 large-scale (mm):     0.00000000000
 Imbalance (mm)       0.00000000000
 evap (mm/day):   1.02123814231184     
 prec (mm/day):  8.512018783450769E-003
 ls (mm/day):  0.000000000000000E+000
 imbalance (mm/day)  2.744369672919717E-012
  imbalance (rel error):  0.000000000000000E+000
 ===========================
NSTEP =        681   NCYCLE=  1  CFL_adv= 0.297  CFL_sgs= 0.034
NSTEP =        682   NCYCLE=  1  CFL_adv= 0.299  CFL_sgs= 0.034
NSTEP =        683   NCYCLE=  1  CFL_adv= 0.300  CFL_sgs= 0.034
 Collecting statistics...
 name QCSTRG is missing in "lst" file.
NSTEP =        684   NCYCLE=  1  CFL_adv= 0.300  CFL_sgs= 0.034
 DAY =   0.237500000000000     
 NSTEP=         684
 div:  2.746016280873954E-016 -2.353947818902320E-016
 SST=   300.000000000000     
 surface pressure=   1014.80000000000     
 u:  -3.49630713551560        3.30682412985885     
 v:  -3.74019248849202        3.34999760622795     
 w: -0.692227367113416       0.679261392973045     
 p:  -6.93297835087387        3.28029701804253     
 t:   299.621581671185        473.441903264286     
 tabs:   202.055589690309        300.070588583081     
 qv:  3.479775679997938E-078  1.928308742888488E-002
 tke:  0.000000000000000E+000  0.161606619250865     
 tk:  0.000000000000000E+000   8.27626071352337     
 tkh:  0.000000000000000E+000   8.27626071352337     
 qcl:  0.000000000000000E+000  0.000000000000000E+000
 qci:  0.000000000000000E+000  1.475591206023659E-003
 qpl:  0.000000000000000E+000  1.748996573516572E-005
 qpi:  0.000000000000000E+000  0.000000000000000E+000
 qrad(K/day):  -24.0945096316707        26.9009582540424     
 shf: -0.790876129004171       0.974236233548470     
 lhf:   19.6374618858665        40.0101790309262     
 uw: -2.787537315032635E-003  3.076047773229906E-003
 vw: -2.943062802892708E-003  3.210156260748182E-003
 sst:   300.000000000000        300.000000000000     
 ===========================
 total water budget:
 before (mm):         45.58568573167
 after (mm):          45.58603682860
 evaporation (mm):     0.00035408602
 precipitation (mm):   0.00000298908
 large-scale (mm):     0.00000000000
 Imbalance (mm)       0.00000000000
 evap (mm/day):   1.01976772921656     
 prec (mm/day):  8.608558653859705E-003
 ls (mm/day):  0.000000000000000E+000
 imbalance (mm/day)  3.614802549086957E-012
  imbalance (rel error):  0.000000000000000E+000
 ===========================
 Let's do some shortwave
 Range of zenith angles  0.732661695834013       0.732661695834013     
 Range of surface albedo (asdir)  3.383449086658900E-002  3.383449086658900E-002
 Range of surface albedo (aldir)  3.383449086658900E-002  3.383449086658900E-002
 Range of surface albedo (asdif)  6.000000000000000E-002  6.000000000000000E-002
 Range of surface albedo (aldif)  6.000000000000000E-002  6.000000000000000E-002
 radiation: perpetual sun, solin=   310.282739733766     
 longwave radiation is called
NSTEP =        685   NCYCLE=  1  CFL_adv= 0.300  CFL_sgs= 0.034
NSTEP =        686   NCYCLE=  1  CFL_adv= 0.299  CFL_sgs= 0.034
NSTEP =        687   NCYCLE=  1  CFL_adv= 0.298  CFL_sgs= 0.034
 Collecting statistics...
 name QCSTRG is missing in "lst" file.
NSTEP =        688   NCYCLE=  1  CFL_adv= 0.296  CFL_sgs= 0.033
 DAY =   0.238888888888889     
 NSTEP=         688
 div:  2.581728321089382E-016 -2.428761185176274E-016
 SST=   300.000000000000     
 surface pressure=   1014.80000000000     
 u:  -3.49604381906238        3.19979248238726     
 v:  -3.71398992543943        3.10570436438055     
 w: -0.677801834524483       0.691788006958368     
 p:  -7.06321024698524        3.25570164829716     
 t:   299.619394420083        473.443321489315     
 tabs:   202.067791416539        300.063103420351     
 qv:  4.059353420895588E-078  1.928020261645791E-002
 tke:  0.000000000000000E+000  0.116661117077549     
 tk:  0.000000000000000E+000   5.48024561918395     
 tkh:  0.000000000000000E+000   5.48024561918395     
 qcl:  0.000000000000000E+000  0.000000000000000E+000
 qci:  0.000000000000000E+000  1.466936780646598E-003
 qpl:  0.000000000000000E+000  1.802118884400418E-005
 qpi:  0.000000000000000E+000  0.000000000000000E+000
 qrad(K/day):  -25.2948045127097        26.8276783422225     
 shf: -0.768308594372605       0.970227042325436     
 lhf:   19.5802375873763        40.1172750890923     
 uw: -2.807058267909042E-003  3.076076841390205E-003
 vw: -2.795043719212350E-003  3.170541746923512E-003
 sst:   300.000000000000        300.000000000000     
 ===========================
 total water budget:
 before (mm):         45.58708931006
 after (mm):          45.58743986822
 evaporation (mm):     0.00035357945
 precipitation (mm):   0.00000302130
 large-scale (mm):     0.00000000000
 Imbalance (mm)       0.00000000000
 evap (mm/day):   1.01830881517163     
 prec (mm/day):  8.701331586709202E-003
 ls (mm/day):  0.000000000000000E+000
 imbalance (mm/day)  2.838855615427266E-011
  imbalance (rel error):  1.558637067170494E-016
 ===========================
NSTEP =        689   NCYCLE=  1  CFL_adv= 0.298  CFL_sgs= 0.033
NSTEP =        690   NCYCLE=  1  CFL_adv= 0.290  CFL_sgs= 0.033
 Let's do some shortwave
 Range of zenith angles  0.732661695834013       0.732661695834013     
 Range of surface albedo (asdir)  3.383449086658900E-002  3.383449086658900E-002
 Range of surface albedo (aldir)  3.383449086658900E-002  3.383449086658900E-002
 Range of surface albedo (asdif)  6.000000000000000E-002  6.000000000000000E-002
 Range of surface albedo (aldif)  6.000000000000000E-002  6.000000000000000E-002
 radiation: perpetual sun, solin=   310.282739733840     
 longwave radiation is called
NSTEP =        691   NCYCLE=  1  CFL_adv= 0.286  CFL_sgs= 0.033
 Collecting statistics...
 name QCSTRG is missing in "lst" file.
NSTEP =        692   NCYCLE=  1  CFL_adv= 0.281  CFL_sgs= 0.033
 DAY =   0.240277777777778     
 NSTEP=         692
 div:  2.201710500181044E-016 -2.381907616491873E-016
 SST=   300.000000000000     
 surface pressure=   1014.80000000000     
 u:  -3.38007791668827        3.01731500872254     
 v:  -3.77526209801355        3.09690188024562     
 w: -0.649814709028990       0.673695855441623     
 p:  -7.14070989351135        3.23829906841405     
 t:   299.617365327233        473.444642935013     
 tabs:   202.079174979913        300.055701271898     
 qv:  4.562944478930632E-078  1.927383117853047E-002
 tke:  0.000000000000000E+000  0.163644365012816     
 tk:  0.000000000000000E+000   3.47966601438107     
 tkh:  0.000000000000000E+000   3.47966601438107     
 qcl:  0.000000000000000E+000  0.000000000000000E+000
 qci:  0.000000000000000E+000  1.457816455355909E-003
 qpl:  0.000000000000000E+000  1.881247086348587E-005
 qpi:  0.000000000000000E+000  0.000000000000000E+000
 qrad(K/day):  -26.5708748693201        25.6841601786063     
 shf: -0.745924174943911       0.976514011194355     
 lhf:   19.5494077402340        40.1845105384055     
 uw: -2.979692221989967E-003  3.023073025157926E-003
 vw: -2.710168550692631E-003  3.063283474473487E-003
 sst:   300.000000000000        300.000000000000     
 ===========================
 total water budget:
 before (mm):         45.58849073947
 after (mm):          45.58884076305
 evaporation (mm):     0.00035307709
 precipitation (mm):   0.00000305351
 large-scale (mm):     0.00000000000
 Imbalance (mm)       0.00000000000
 evap (mm/day):   1.01686201884473     
 prec (mm/day):  8.794114051801315E-003
 ls (mm/day):  0.000000000000000E+000
 imbalance (mm/day) -6.922008132697124E-012
  imbalance (rel error):  0.000000000000000E+000
 ===========================
NSTEP =        693   NCYCLE=  1  CFL_adv= 0.293  CFL_sgs= 0.033
NSTEP =        694   NCYCLE=  1  CFL_adv= 0.274  CFL_sgs= 0.032
NSTEP =        695   NCYCLE=  1  CFL_adv= 0.270  CFL_sgs= 0.032
 Collecting statistics...
 name QCSTRG is missing in "lst" file.
NSTEP =        696   NCYCLE=  1  CFL_adv= 0.267  CFL_sgs= 0.032
 DAY =   0.241666666666667     
 NSTEP=         696
 div:  2.570384811209320E-016 -3.349437746664972E-016
 SST=   300.000000000000     
 surface pressure=   1014.80000000000     
 u:  -3.16574070067551        3.14519197428443     
 v:  -3.75453071080172        3.36599797665286     
 w: -0.616696069073846       0.656526399431086     
 p:  -7.15014732217291        3.29279917561104     
 t:   299.617366682836        473.445838024089     
 tabs:   202.076181057906        300.048387004076     
 qv:  6.850403779072792E-078  1.926657008721711E-002
 tke:  0.000000000000000E+000  0.179720501461162     
 tk:  0.000000000000000E+000   4.23138259274498     
 tkh:  0.000000000000000E+000   4.23138259274498     
 qcl:  0.000000000000000E+000  0.000000000000000E+000
 qci:  0.000000000000000E+000  1.448039026994617E-003
 qpl:  0.000000000000000E+000  1.971665345731845E-005
 qpi:  0.000000000000000E+000  0.000000000000000E+000
 qrad(K/day):  -26.5708748693201        25.6841601786063     
 shf: -0.723825586075763       0.981385154950151     
 lhf:   19.5280900540271        40.1994549202875     
 uw: -3.065418298972467E-003  2.889606544802790E-003
 vw: -2.822106872519071E-003  2.877629513780538E-003
 sst:   300.000000000000        300.000000000000     
 ===========================
 total water budget:
 before (mm):         45.58989003677
 after (mm):          45.59023952924
 evaporation (mm):     0.00035257844
 precipitation (mm):   0.00000308596
 large-scale (mm):     0.00000000000
 Imbalance (mm)       0.00000000000
 evap (mm/day):   1.01542590610400     
 prec (mm/day):  8.887578455794796E-003
 ls (mm/day):  0.000000000000000E+000
 imbalance (mm/day)  3.282340951772308E-011
  imbalance (rel error):  3.117082704969552E-016
 ===========================
 Let's do some shortwave
 Range of zenith angles  0.732661695834013       0.732661695834013     
 Range of surface albedo (asdir)  3.383449086658900E-002  3.383449086658900E-002
 Range of surface albedo (aldir)  3.383449086658900E-002  3.383449086658900E-002
 Range of surface albedo (asdif)  6.000000000000000E-002  6.000000000000000E-002
 Range of surface albedo (aldif)  6.000000000000000E-002  6.000000000000000E-002
 radiation: perpetual sun, solin=   310.282739733532     
 longwave radiation is called
NSTEP =        697   NCYCLE=  1  CFL_adv= 0.282  CFL_sgs= 0.032
NSTEP =        698   NCYCLE=  1  CFL_adv= 0.263  CFL_sgs= 0.032
NSTEP =        699   NCYCLE=  1  CFL_adv= 0.262  CFL_sgs= 0.032
 Collecting statistics...
 name QCSTRG is missing in "lst" file.
NSTEP =        700   NCYCLE=  1  CFL_adv= 0.266  CFL_sgs= 0.032
 DAY =   0.243055555555556     
 NSTEP=         700
 div:  2.082015822150977E-016 -2.126207347338609E-016
 SST=   300.000000000000     
 surface pressure=   1014.80000000000     
 u:  -3.08015846598799        3.23519610556516     
 v:  -3.65176417966559        3.58335687078924     
 w: -0.616510934598685       0.650924693432183     
 p:  -7.08281531605270        3.37735031494829     
 t:   299.614664827050        473.447023393313     
 tabs:   202.074191039693        300.041771784408     
 qv:  1.304597842483604E-077  1.926584195271305E-002
 tke:  0.000000000000000E+000  0.151900061169876     
 tk:  0.000000000000000E+000   9.21803972144190     
 tkh:  0.000000000000000E+000   9.21803972144190     
 qcl:  0.000000000000000E+000  0.000000000000000E+000
 qci:  0.000000000000000E+000  1.437538198860373E-003
 qpl:  0.000000000000000E+000  2.278812067234085E-005
 qpi:  0.000000000000000E+000  0.000000000000000E+000
 qrad(K/day):  -27.0842407768270        24.8188090446456     
 shf: -0.703540959042270       0.984320644803155     
 lhf:   19.5088682506328        40.1591318422196     
 uw: -3.049749689341903E-003  2.723835964345052E-003
 vw: -2.910318196069530E-003  2.661613876404750E-003
 sst:   300.000000000000        300.000000000000     
 ===========================
 total water budget:
 before (mm):         45.59128720840
 after (mm):          45.59163616742
 evaporation (mm):     0.00035208317
 precipitation (mm):   0.00000312416
 large-scale (mm):     0.00000000000
 Imbalance (mm)       0.00000000000
 evap (mm/day):   1.01399953668462     
 prec (mm/day):  8.997566761720220E-003
 ls (mm/day):  0.000000000000000E+000
 imbalance (mm/day) -1.183845502097242E-011
  imbalance (rel error):  0.000000000000000E+000
 ===========================
NSTEP =        701   NCYCLE=  1  CFL_adv= 0.270  CFL_sgs= 0.031
NSTEP =        702   NCYCLE=  1  CFL_adv= 0.272  CFL_sgs= 0.031
 Let's do some shortwave
 Range of zenith angles  0.732661695834013       0.732661695834013     
 Range of surface albedo (asdir)  3.383449086658900E-002  3.383449086658900E-002
 Range of surface albedo (aldir)  3.383449086658900E-002  3.383449086658900E-002
 Range of surface albedo (asdif)  6.000000000000000E-002  6.000000000000000E-002
 Range of surface albedo (aldif)  6.000000000000000E-002  6.000000000000000E-002
 radiation: perpetual sun, solin=   310.282739732818     
 longwave radiation is called
NSTEP =        703   NCYCLE=  1  CFL_adv= 0.275  CFL_sgs= 0.031
 Collecting statistics...
 name QCSTRG is missing in "lst" file.
NSTEP =        704   NCYCLE=  1  CFL_adv= 0.276  CFL_sgs= 0.031
 DAY =   0.244444444444444     
 NSTEP=         704
 div:  2.161181039135085E-016 -2.340096104404880E-016
 SST=   300.000000000000     
 surface pressure=   1014.80000000000     
 u:  -3.11492979216167        3.19847185944801     
 v:  -3.46760654048315        3.71358821373310     
 w: -0.653556913949073       0.727747467700943     
 p:  -6.93907083725059        3.44203518659162     
 t:   299.613409520204        473.448326975514     
 tabs:   202.074149715222        300.035120673033     
 qv:  2.640910791658534E-077  1.926445490538191E-002
 tke:  0.000000000000000E+000  0.362557697172990     
 tk:  0.000000000000000E+000   15.0531910481837     
 tkh:  0.000000000000000E+000   15.0531910481837     
 qcl:  0.000000000000000E+000  0.000000000000000E+000
 qci:  0.000000000000000E+000  1.426225459874149E-003
 qpl:  0.000000000000000E+000  2.228615144731527E-005
 qpi:  0.000000000000000E+000  0.000000000000000E+000
 qrad(K/day):  -25.5449438906591        26.1751794082378     
 shf: -0.684140015486464       0.985050813722483     
 lhf:   19.5005011138815        40.0819057979952     
 uw: -3.025318111994116E-003  2.780816395970071E-003
 vw: -3.074475329027675E-003  2.840436518083830E-003
 sst:   300.000000000000        300.000000000000     
 ===========================
 total water budget:
 before (mm):         45.59268223455
 after (mm):          45.59303065111
 evaporation (mm):     0.00035159093
 precipitation (mm):   0.00000317437
 large-scale (mm):     0.00000000000
 Imbalance (mm)      -0.00000000000
 evap (mm/day):   1.01258188142584     
 prec (mm/day):  9.142186714893549E-003
 ls (mm/day):  0.000000000000000E+000
 imbalance (mm/day) -2.426812413134846E-011
  imbalance (rel error): -3.116891882872821E-016
 ===========================
NSTEP =        705   NCYCLE=  1  CFL_adv= 0.277  CFL_sgs= 0.031
NSTEP =        706   NCYCLE=  1  CFL_adv= 0.277  CFL_sgs= 0.031
NSTEP =        707   NCYCLE=  1  CFL_adv= 0.276  CFL_sgs= 0.031
 Collecting statistics...
 name QCSTRG is missing in "lst" file.
NSTEP =        708   NCYCLE=  1  CFL_adv= 0.278  CFL_sgs= 0.031
 DAY =   0.245833333333333     
 NSTEP=         708
 div:  1.794432834267285E-016 -2.088127371894208E-016
 SST=   300.000000000000     
 surface pressure=   1014.80000000000     
 u:  -3.04115880820268        3.04427182836218     
 v:  -3.41802927872662        3.73087996041224     
 w: -0.724715462053705       0.774734497650964     
 p:  -6.72667663400810        3.44707182737590     
 t:   299.613404631701        473.449742136782     
 tabs:   202.076701806002        300.028468198662     
 qv:  2.665992385305584E-077  1.926302765880703E-002
 tke:  0.000000000000000E+000  0.375547839555865     
 tk:  0.000000000000000E+000   15.3204895392548     
 tkh:  0.000000000000000E+000   15.3204895392548     
 qcl:  0.000000000000000E+000  0.000000000000000E+000
 qci:  0.000000000000000E+000  1.414183479007880E-003
 qpl:  0.000000000000000E+000  2.330441371551673E-005
 qpi:  0.000000000000000E+000  0.000000000000000E+000
 qrad(K/day):  -25.5449438906591        26.1751794082378     
 shf: -0.665591931420519       0.983504697797510     
 lhf:   19.5053677353044        39.9712959476559     
 uw: -3.078572132574543E-003  2.860165380644173E-003
 vw: -3.131794549624882E-003  2.985698761525833E-003
 sst:   300.000000000000        300.000000000000     
 ===========================
 total water budget:
 before (mm):         45.59407507303
 after (mm):          45.59442293533
 evaporation (mm):     0.00035110147
 precipitation (mm):   0.00000323917
 large-scale (mm):     0.00000000000
 Imbalance (mm)      -0.00000000000
 evap (mm/day):   1.01117221950233     
 prec (mm/day):  9.328809356007899E-003
 ls (mm/day):  0.000000000000000E+000
 imbalance (mm/day) -1.058540462315488E-011
  imbalance (rel error): -1.558398352289638E-016
 ===========================
 Let's do some shortwave
 Range of zenith angles  0.732661695834013       0.732661695834013     
 Range of surface albedo (asdir)  3.383449086658900E-002  3.383449086658900E-002
 Range of surface albedo (aldir)  3.383449086658900E-002  3.383449086658900E-002
 Range of surface albedo (asdif)  6.000000000000000E-002  6.000000000000000E-002
 Range of surface albedo (aldif)  6.000000000000000E-002  6.000000000000000E-002
 radiation: perpetual sun, solin=   310.282739731681     
 longwave radiation is called
NSTEP =        709   NCYCLE=  1  CFL_adv= 0.279  CFL_sgs= 0.031
NSTEP =        710   NCYCLE=  1  CFL_adv= 0.280  CFL_sgs= 0.032
NSTEP =        711   NCYCLE=  1  CFL_adv= 0.280  CFL_sgs= 0.032
 Collecting statistics...
 name QCSTRG is missing in "lst" file.
NSTEP =        712   NCYCLE=  1  CFL_adv= 0.280  CFL_sgs= 0.032
 DAY =   0.247222222222222     
 NSTEP=         712
 div:  1.874793856962011E-016 -2.425052060580260E-016
 SST=   300.000000000000     
 surface pressure=   1014.80000000000     
 u:  -3.13315223283332        2.79429681691120     
 v:  -3.69304404886740        3.63434022815066     
 w: -0.768535981465666       0.797053207552654     
 p:  -6.45266123436828        3.44303658036670     
 t:   299.613629103396        473.451152324230     
 tabs:   202.082808125598        300.021778991790     
 qv:  2.800351441425416E-077  1.926115720690221E-002
 tke:  0.000000000000000E+000  0.385995184839866     
 tk:  0.000000000000000E+000   15.5321276882762     
 tkh:  0.000000000000000E+000   15.5321276882762     
 qcl:  0.000000000000000E+000  0.000000000000000E+000
 qci:  0.000000000000000E+000  1.401502581560748E-003
 qpl:  0.000000000000000E+000  2.704235759674713E-005
 qpi:  0.000000000000000E+000  0.000000000000000E+000
 qrad(K/day):  -24.4548870009388        25.2694971004625     
 shf: -0.647763023053854       0.987165971826147     
 lhf:   19.5267408964162        39.8340577942307     
 uw: -3.188228161833694E-003  2.837450645415501E-003
 vw: -3.107185909376160E-003  3.025270852103609E-003
 sst:   300.000000000000        300.000000000000     
 ===========================
 total water budget:
 before (mm):         45.59546568090
 after (mm):          45.59581298274
 evaporation (mm):     0.00035061461
 precipitation (mm):   0.00000331276
 large-scale (mm):     0.00000000000
 Imbalance (mm)       0.00000000000
 evap (mm/day):   1.00977006321173     
 prec (mm/day):  9.540758315009605E-003
 ls (mm/day):  0.000000000000000E+000
 imbalance (mm/day) -3.412999863196958E-012
  imbalance (rel error):  0.000000000000000E+000
 ===========================
NSTEP =        713   NCYCLE=  1  CFL_adv= 0.279  CFL_sgs= 0.032
NSTEP =        714   NCYCLE=  1  CFL_adv= 0.281  CFL_sgs= 0.032
 Let's do some shortwave
 Range of zenith angles  0.732661695834013       0.732661695834013     
 Range of surface albedo (asdir)  3.383449086658900E-002  3.383449086658900E-002
 Range of surface albedo (aldir)  3.383449086658900E-002  3.383449086658900E-002
 Range of surface albedo (asdif)  6.000000000000000E-002  6.000000000000000E-002
 Range of surface albedo (aldif)  6.000000000000000E-002  6.000000000000000E-002
 radiation: perpetual sun, solin=   310.282739730111     
 longwave radiation is called
NSTEP =        715   NCYCLE=  1  CFL_adv= 0.283  CFL_sgs= 0.032
 Collecting statistics...
 name QCSTRG is missing in "lst" file.
NSTEP =        716   NCYCLE=  1  CFL_adv= 0.287  CFL_sgs= 0.032
 DAY =   0.248611111111111     
 NSTEP=         716
 div:  1.573906144241831E-016 -2.032057430100472E-016
 SST=   300.000000000000     
 surface pressure=   1014.80000000000     
 u:  -3.17386599435843        2.69072608725040     
 v:  -3.82226747913533        3.43981888958134     
 w: -0.783615938694142       0.812544477613310     
 p:  -6.12239986290939        3.39613964038132     
 t:   299.610617745061        473.452476840204     
 tabs:   202.093785250928        300.014923265262     
 qv:  3.462062594250526E-077  1.925827945748053E-002
 tke:  0.000000000000000E+000  0.336469238248428     
 tk:  0.000000000000000E+000   13.0231520501148     
 tkh:  0.000000000000000E+000   13.0231520501148     
 qcl:  0.000000000000000E+000  0.000000000000000E+000
 qci:  0.000000000000000E+000  1.388046196770799E-003
 qpl:  0.000000000000000E+000  2.915034024626111E-005
 qpi:  0.000000000000000E+000  0.000000000000000E+000
 qrad(K/day):  -23.5523448314798        25.7818744700444     
 shf: -0.630004682602194       0.995153770009622     
 lhf:   19.5653279259387        39.7976280597585     
 uw: -3.257561870240666E-003  2.725052374794895E-003
 vw: -3.027814597662684E-003  2.937112735451686E-003
 sst:   300.000000000000        300.000000000000     
 ===========================
 total water budget:
 before (mm):         45.59685405815
 after (mm):          45.59720081009
 evaporation (mm):     0.00035013031
 precipitation (mm):   0.00000337837
 large-scale (mm):     0.00000000000
 Imbalance (mm)      -0.00000000000
 evap (mm/day):   1.00837530121080     
 prec (mm/day):  9.729719554117701E-003
 ls (mm/day):  0.000000000000000E+000
 imbalance (mm/day) -2.150637334235109E-011
  imbalance (rel error): -1.558303411473664E-016
 ===========================
NSTEP =        717   NCYCLE=  1  CFL_adv= 0.289  CFL_sgs= 0.032
NSTEP =        718   NCYCLE=  1  CFL_adv= 0.292  CFL_sgs= 0.032
NSTEP =        719   NCYCLE=  1  CFL_adv= 0.293  CFL_sgs= 0.032
 Collecting statistics...
 Writting radiation restart file...
 Saved radiation restart file. nstep=         720
 name QCSTRG is missing in "lst" file.
 Writting statistics:nstatsteps=          15
 --------------- ISCCP Simulator Diagnostics: -----------------
 ISCCP PDF:
            0.0       0.3       1.3       3.6       9.4      23.0      60.0
    0.     0.000     0.000     0.000     0.000     0.000     0.000     0.000
  180.     0.009     0.002     0.001     0.000     0.001     0.004     0.001
  310.     0.002     0.001     0.002     0.002     0.002     0.000     0.000
  440.     0.000     0.000     0.000     0.000     0.000     0.000     0.000
  560.     0.000     0.000     0.000     0.000     0.000     0.000     0.000
  680.     0.000     0.000     0.000     0.000     0.000     0.000     0.000
  800.     0.000     0.000     0.000     0.000     0.000     0.000     0.000
 low cld area (tau > 0.3)=  0.000000000000000E+000
 mid cld area (tau > 0.3)=  0.000000000000000E+000
 hgh cld area (tau > 0.3)=  1.554768880208333E-002
 total cld area (tau > 0.3)=  1.554768880208333E-002
 mean albedo cld (tau > 0.3)   0.460656897347350     
 mean tau cld (tau > 0.3)    7.16275753024831     
 mean top pressure (tau > 0.3)   295.267562628662     
 mean brightness temp (tau > 0.3)   284.526591326903     
 mean clearsky brightness temp (tau > 0.3)   295.991774238380     
 --------------- MODIS Simulator Diagnostics: -----------------
 MODIS PDF:
                      0.3       1.3       3.6       9.4      23.0      60.0
    0.               0.000     0.000     0.000     0.000     0.000     0.000
  180.               0.001     0.001     0.002     0.003     0.004     0.000
  310.               0.002     0.001     0.000     0.000     0.000     0.000
  440.               0.000     0.000     0.000     0.000     0.000     0.000
  560.               0.000     0.000     0.000     0.000     0.000     0.000
  680.               0.000     0.000     0.000     0.000     0.000     0.000
  800.               0.000     0.000     0.000     0.000     0.000     0.000
 low cld area =  0.000000000000000E+000
 mid cld area =  0.000000000000000E+000
 hgh cld area =  1.554768880208333E-002
 total cld area =  1.554768880208333E-002
 mean tau cld    15.7635725700450     
 mean top pressure    279.239306224363     
 total cld area (liquid) =  0.000000000000000E+000
 total cld area (ice) =  1.554768880208333E-002
 mean tau (liquid) =  -1.00000000000000     
 mean tau (ice) =   15.7635725700450     
 mean lwp (g/m2) =  -1.00000000000000     
 mean iwp (g/m2) =   379.237153803522     
 mean reff (liquid)  =  -1.00000000000000     
 mean reff (ice)  =   45.1413918410387     
 --------------- MISR Simulator Diagnostics: -----------------
 MISR PDF:
            0.0       0.3       1.3       3.6       9.4      23.0      60.0
 99.00     0.000     0.000     0.000     0.000     0.000     0.000     0.000
 17.00     0.000     0.000     0.000     0.000     0.000     0.000     0.000
 15.00     0.000     0.000     0.000     0.000     0.000     0.000     0.000
 13.00     0.000     0.000     0.000     0.000     0.000     0.002     0.001
 11.00     0.000     0.000     0.001     0.001     0.003     0.002     0.000
  9.00     0.000     0.001     0.002     0.001     0.000     0.000     0.000
  7.00     0.000     0.001     0.000     0.000     0.000     0.000     0.000
  5.00     0.000     0.000     0.000     0.000     0.000     0.000     0.000
  4.00     0.000     0.000     0.000     0.000     0.000     0.000     0.000
  3.00     0.000     0.000     0.000     0.000     0.000     0.000     0.000
  2.50     0.000     0.000     0.000     0.000     0.000     0.000     0.000
  2.00     0.000     0.000     0.000     0.000     0.000     0.000     0.000
  1.50     0.000     0.000     0.000     0.000     0.000     0.000     0.000
  1.00     0.000     0.000     0.000     0.000     0.000     0.000     0.000
  0.50     0.000     0.000     0.000     0.000     0.000     0.000     0.000
  0.00     0.001     0.001     0.000     0.000     0.000     0.000     0.000
 total cld area =  1.455485026041667E-002
 mean top height (m)   9464.07478815023     
 Writting history file 
 rcemip300sst_160_MaxIce20_dry                                                  
  
 Writing restart file ...
 Restart file was saved. nstep=         720
 Writting 2D data. file:./OUT_2D/bubble_rcemip300sst_160_MaxIce20_dry_64.2Dbin  
                                                                 
 Writting 3D data. file:./OUT_3D/bubble_rcemip300sst_160_MaxIce20_dry_64_0000000
 720.bin3D                                                       
NSTEP =        720   NCYCLE=  1  CFL_adv= 0.294  CFL_sgs= 0.032
 DAY =   0.250000000000000     
 NSTEP=         720
 div:  1.524719606782669E-016 -2.087125298946490E-016
 SST=   300.000000000000     
 surface pressure=   1014.80000000000     
 u:  -3.11780554150446        2.93687350966264     
 v:  -3.80147800980938        3.16051523921816     
 w: -0.769723424657801       0.818395875213385     
 p:  -5.74119051662599        3.32919784257940     
 t:   299.607550783096        473.453746908512     
 tabs:   202.089697266367        300.007773191935     
 qv:  4.625912794437413E-077  1.925441674450290E-002
 tke:  0.000000000000000E+000  0.295013333349813     
 tk:  0.000000000000000E+000   10.4163091955825     
 tkh:  0.000000000000000E+000   10.4163091955825     
 qcl:  0.000000000000000E+000  0.000000000000000E+000
 qci:  0.000000000000000E+000  1.373954761997568E-003
 qpl:  0.000000000000000E+000  2.931737399087613E-005
 qpi:  0.000000000000000E+000  0.000000000000000E+000
 qrad(K/day):  -23.5523448314798        25.7818744700444     
 shf: -0.611420147683000        1.00115079161946     
 lhf:   19.6177153451219        39.9314806356339     
 uw: -3.223100307248814E-003  2.590105100731572E-003
 vw: -2.922814952733354E-003  2.755081998791443E-003
 sst:   300.000000000000        300.000000000000     
 ===========================
 total water budget:
 before (mm):         45.59824026121
 after (mm):          45.59858647995
 evaporation (mm):     0.00034964856
 precipitation (mm):   0.00000342983
 large-scale (mm):     0.00000000000
 Imbalance (mm)       0.00000000000
 evap (mm/day):   1.00698786450160     
 prec (mm/day):  9.877897937313989E-003
 ls (mm/day):  0.000000000000000E+000
 imbalance (mm/day)  2.840640442596138E-011
  imbalance (rel error):  3.116512114131136E-016
 ===========================
 Finished with SAM, exiting...
srun: error: n690: tasks 0-31: Exited with exit code 9
srun: Terminating StepId=50579187.0
srun: error: n704: tasks 32-63: Exited with exit code 9
