n387
n387
n387
n387
n387
n387
n387
n387
n387
n387
n387
n387
n387
n387
n387
n387
n387
n387
n387
n387
n387
n387
n387
n387
n387
n387
n387
n387
n387
n387
n387
n387
n406
n406
n406
n406
n406
n406
n406
n406
n406
n406
n406
n406
n406
n406
n406
n406
n406
n406
n406
n406
n406
n406
n406
n406
n406
n406
n406
n406
n406
n406
n406
n406
 number of MPI tasks:          64
 ==============================================================
  You have chosen to use            6  ice categories in MICRO_P3.
 ==============================================================
 ==============================================================
  You have chosen to use            6  ice categories in MICRO_P3.
 ==============================================================
 ==============================================================
  You have chosen to use            6  ice categories in MICRO_P3.
 ==============================================================
 ==============================================================
  You have chosen to use            6  ice categories in MICRO_P3.
 ==============================================================
 ==============================================================
  You have chosen to use            6  ice categories in MICRO_P3.
 ==============================================================
 ==============================================================
  You have chosen to use            6  ice categories in MICRO_P3.
 ==============================================================
 ==============================================================
  You have chosen to use            6  ice categories in MICRO_P3.
 ==============================================================
 ==============================================================
  You have chosen to use            6  ice categories in MICRO_P3.
 ==============================================================
 ==============================================================
  You have chosen to use            6  ice categories in MICRO_P3.
 ==============================================================
 ==============================================================
  You have chosen to use            6  ice categories in MICRO_P3.
 ==============================================================
 ==============================================================
  You have chosen to use            6  ice categories in MICRO_P3.
 ==============================================================
 ==============================================================
  You have chosen to use            6  ice categories in MICRO_P3.
 ==============================================================
 ==============================================================
  You have chosen to use            6  ice categories in MICRO_P3.
 ==============================================================
 ==============================================================
  You have chosen to use            6  ice categories in MICRO_P3.
 ==============================================================
 ==============================================================
  You have chosen to use            6  ice categories in MICRO_P3.
 ==============================================================
 ==============================================================
  You have chosen to use            6  ice categories in MICRO_P3.
 ==============================================================
 ==============================================================
  You have chosen to use            6  ice categories in MICRO_P3.
 ==============================================================
 ==============================================================
  You have chosen to use            6  ice categories in MICRO_P3.
 ==============================================================
 ==============================================================
  You have chosen to use            6  ice categories in MICRO_P3.
 ==============================================================
 ==============================================================
  You have chosen to use            6  ice categories in MICRO_P3.
 ==============================================================
 ==============================================================
  You have chosen to use            6  ice categories in MICRO_P3.
 ==============================================================
 ==============================================================
  You have chosen to use            6  ice categories in MICRO_P3.
 ==============================================================
 ==============================================================
  You have chosen to use            6  ice categories in MICRO_P3.
 ==============================================================
  You have chosen to use            6  ice categories in MICRO_P3.
 ==============================================================
 ==============================================================
 ==============================================================
  You have chosen to use            6  ice categories in MICRO_P3.
 ==============================================================
 ==============================================================
  You have chosen to use            6  ice categories in MICRO_P3.
 ==============================================================
 ==============================================================
  You have chosen to use            6  ice categories in MICRO_P3.
 ==============================================================
 ==============================================================
  You have chosen to use            6  ice categories in MICRO_P3.
 ==============================================================
 ==============================================================
  You have chosen to use            6  ice categories in MICRO_P3.
 ==============================================================
 ==============================================================
  You have chosen to use            6  ice categories in MICRO_P3.
 ==============================================================
 ==============================================================
  You have chosen to use            6  ice categories in MICRO_P3.
 ==============================================================
 ==============================================================
  You have chosen to use            6  ice categories in MICRO_P3.
 ==============================================================
 ==============================================================
  You have chosen to use            6  ice categories in MICRO_P3.
 ==============================================================
 ==============================================================
  You have chosen to use            6  ice categories in MICRO_P3.
 ==============================================================
 ==============================================================
  You have chosen to use            6  ice categories in MICRO_P3.
 ==============================================================
 ==============================================================
  You have chosen to use            6  ice categories in MICRO_P3.
 ==============================================================
 ==============================================================
  You have chosen to use            6  ice categories in MICRO_P3.
 ==============================================================
 ==============================================================
  You have chosen to use            6  ice categories in MICRO_P3.
 ==============================================================
 ==============================================================
  You have chosen to use            6  ice categories in MICRO_P3.
 ==============================================================
 ==============================================================
  You have chosen to use            6  ice categories in MICRO_P3.
 ==============================================================
 ==============================================================
  You have chosen to use            6  ice categories in MICRO_P3.
 ==============================================================
 ==============================================================
  You have chosen to use            6  ice categories in MICRO_P3.
 ==============================================================
 ==============================================================
  You have chosen to use            6  ice categories in MICRO_P3.
 ==============================================================
 ==============================================================
  You have chosen to use            6  ice categories in MICRO_P3.
 ==============================================================
 ==============================================================
  You have chosen to use            6  ice categories in MICRO_P3.
 ==============================================================
 ==============================================================
  You have chosen to use            6  ice categories in MICRO_P3.
 ==============================================================
 ==============================================================
  You have chosen to use            6  ice categories in MICRO_P3.
 ==============================================================
 ==============================================================
  You have chosen to use            6  ice categories in MICRO_P3.
 ==============================================================
 ==============================================================
  You have chosen to use            6  ice categories in MICRO_P3.
 ==============================================================
 ==============================================================
  You have chosen to use            6  ice categories in MICRO_P3.
 ==============================================================
 ==============================================================
  You have chosen to use            6  ice categories in MICRO_P3.
 ==============================================================
 ==============================================================
 ==============================================================
  You have chosen to use            6  ice categories in MICRO_P3.
 ==============================================================
 ==============================================================
  You have chosen to use            6  ice categories in MICRO_P3.
 ==============================================================
 ==============================================================
  You have chosen to use            6  ice categories in MICRO_P3.
 ==============================================================
 ==============================================================
  You have chosen to use            6  ice categories in MICRO_P3.
 ==============================================================
 ==============================================================
  You have chosen to use            6  ice categories in MICRO_P3.
 ==============================================================
 ==============================================================
  You have chosen to use            6  ice categories in MICRO_P3.
 ==============================================================
 ==============================================================
  You have chosen to use            6  ice categories in MICRO_P3.
 ==============================================================
  You have chosen to use            6  ice categories in MICRO_P3.
 ==============================================================
 ==============================================================
  You have chosen to use            6  ice categories in MICRO_P3.
 ==============================================================
 ==============================================================
  You have chosen to use            6  ice categories in MICRO_P3.
 ==============================================================
 ==============================================================
  You have chosen to use            6  ice categories in MICRO_P3.
 ==============================================================
 ==============================================================
  You have chosen to use            6  ice categories in MICRO_P3.
 ==============================================================
           **************************************************
           **************************************************
           *                                                *
           *      *****          **       ***          **   *
           *    ***   ***       ****      ****       ****   *
           *   ***     ***     *** ***    *****     *****   *
           *    ***           ***   ***   *** **   ** ***   *
           *       ***       ***     ***  ***  ** **  ***   *
           *          ***    ***     ***  ***   ***   ***   *
           *   ***     ***   ***********  ***         ***   *
           *    ***   ***    ***     ***  ***         ***   *
           *      *****      ***     ***  ***         ***   *
           *                                                *
           **************************************************
           **************************************************
           ***       System for Atmospheric Modeling      ***
           ***                    SAM                     ***
                     Version 6.10.9 (Feb 2016)  
           **************************************************
           ***     (C) Marat Khairoutdinov                ***
           *** School of Marine and Atmospheric Sciences  ***
           ***       Stony Brook University               ***
           **************************************************
           ***       The model can be used only with      ***
           ***         permission from the author!        ***
           ***       No transfer to any third party       ***
           ***                is allowed!                 ***
           **************************************************
           **************************************************
           ***       DATE 02/17/26 TIME 10:57:20          ***
           **************************************************
 
 ==============================================================
  You have chosen to use            6  ice categories in MICRO_P3.
 ==============================================================
 
 surface pressure:    1014.80000000000     
 
  P3 microphysics: v3.1.14          
    P3_INIT (reading/creating look-up tables [v4.1, v4.1]) ...
    P3_INIT DONE.
 
 Initial Sounding:
  k      z    rho     rhoi    s      h     h*      qt      u      v     adz     
 Nsq
 128 27750.0  0.026  0.027 473.15 473.15 473.58   0.00   0.00   0.00  6.667     0.4715E-03
 127 27500.0  0.027  0.028 470.72 470.72 471.14   0.00   0.00   0.00  6.667     0.4715E-03
 126 27250.0  0.028  0.029 468.30 468.30 468.69   0.00   0.00   0.00  6.667     0.4715E-03
 125 27000.0  0.030  0.030 465.87 465.87 466.25   0.00   0.00   0.00  6.667     0.4715E-03
 124 26750.0  0.031  0.031 463.44 463.44 463.81   0.00   0.00   0.00  6.667     0.4715E-03
 123 26500.0  0.032  0.033 461.01 461.01 461.36   0.00   0.00   0.00  6.667     0.4715E-03
 122 26250.0  0.034  0.034 458.58 458.58 458.92   0.00   0.00   0.00  6.667     0.4715E-03
 121 26000.0  0.035  0.036 456.15 456.15 456.48   0.00   0.00   0.00  6.667     0.4715E-03
 120 25750.0  0.037  0.037 453.73 453.73 454.04   0.00   0.00   0.00  6.667     0.4715E-03
 119 25500.0  0.038  0.039 451.30 451.30 451.60   0.00   0.00   0.00  6.667     0.4715E-03
 118 25250.0  0.040  0.041 448.87 448.87 449.15   0.00   0.00   0.00  6.667     0.4715E-03
 117 25000.0  0.041  0.042 446.44 446.44 446.71   0.00   0.00   0.00  6.667     0.4715E-03
 116 24750.0  0.043  0.044 444.01 444.01 444.27   0.00   0.00   0.00  6.667     0.4715E-03
 115 24500.0  0.045  0.046 441.58 441.58 441.83   0.00   0.00   0.00  6.667     0.4715E-03
 114 24250.0  0.047  0.048 439.15 439.15 439.39   0.00   0.00   0.00  6.667     0.4715E-03
 113 24000.0  0.049  0.050 436.72 436.72 436.95   0.00   0.00   0.00  6.667     0.4715E-03
 112 23750.0  0.051  0.052 434.29 434.29 434.52   0.00   0.00   0.00  6.667     0.4715E-03
 111 23500.0  0.053  0.055 431.86 431.86 432.08   0.00   0.00   0.00  6.667     0.4715E-03
 110 23250.0  0.056  0.057 429.43 429.43 429.64   0.00   0.00   0.00  6.667     0.4715E-03
 109 23000.0  0.058  0.059 427.00 427.00 427.20   0.00   0.00   0.00  6.667     0.4715E-03
 108 22750.0  0.061  0.062 424.57 424.57 424.76   0.00   0.00   0.00  6.667     0.4715E-03
 107 22500.0  0.063  0.065 422.14 422.14 422.32   0.00   0.00   0.00  6.667     0.4715E-03
 106 22250.0  0.066  0.067 419.71 419.71 419.88   0.00   0.00   0.00  6.667     0.4715E-03
 105 22000.0  0.069  0.070 417.28 417.28 417.45   0.00   0.00   0.00  6.667     0.4715E-03
 104 21750.0  0.072  0.073 414.85 414.85 415.01   0.00   0.00   0.00  6.667     0.4715E-03
 103 21500.0  0.075  0.076 412.41 412.41 412.57   0.00   0.00   0.00  6.667     0.4715E-03
 102 21250.0  0.078  0.080 409.98 409.98 410.13   0.00   0.00   0.00  6.667     0.4715E-03
 101 21000.0  0.081  0.083 407.55 407.55 407.69   0.00   0.00   0.00  6.667     0.4715E-03
 100 20750.0  0.085  0.087 405.12 405.12 405.26   0.00   0.00   0.00  6.667     0.4715E-03
  99 20500.0  0.089  0.090 402.69 402.69 402.82   0.00   0.00   0.00  6.667     0.4715E-03
  98 20250.0  0.092  0.094 400.26 400.26 400.38   0.00   0.00   0.00  6.667     0.4715E-03
  97 20000.0  0.096  0.098 397.82 397.82 397.95   0.00   0.00   0.00  6.667     0.4715E-03
  96 19750.0  0.100  0.103 395.39 395.39 395.51   0.00   0.00   0.00  6.667     0.4715E-03
  95 19500.0  0.105  0.107 392.96 392.96 393.07   0.00   0.00   0.00  6.667     0.4715E-03
  94 19250.0  0.109  0.112 390.53 390.53 390.63   0.00   0.00   0.00  6.667     0.4715E-03
  93 19000.0  0.114  0.116 388.09 388.09 388.20   0.00   0.00   0.00  6.667     0.4715E-03
  92 18750.0  0.119  0.121 385.66 385.66 385.76   0.00   0.00   0.00  6.667     0.4715E-03
  91 18500.0  0.124  0.127 383.23 383.23 383.32   0.00   0.00   0.00  6.667     0.4715E-03
  90 18250.0  0.129  0.132 380.80 380.80 380.89   0.00   0.00   0.00  6.667     0.4715E-03
  89 18000.0  0.135  0.138 378.36 378.36 378.45   0.00   0.00   0.00  6.667     0.4715E-03
  88 17750.0  0.141  0.144 375.93 375.93 376.01   0.00   0.00   0.00  6.667     0.4715E-03
  87 17500.0  0.147  0.150 373.50 373.50 373.58   0.00   0.00   0.00  6.667     0.4715E-03
  86 17250.0  0.153  0.156 371.06 371.06 371.14   0.00   0.00   0.00  6.667     0.4715E-03
  85 17000.0  0.160  0.163 368.63 368.63 368.70   0.00   0.00   0.00  6.667     0.4715E-03
  84 16750.0  0.167  0.170 366.20 366.20 366.27   0.00   0.00   0.00  6.667     0.4715E-03
  83 16500.0  0.174  0.177 363.76 363.76 363.83   0.00   0.00   0.00  6.667     0.4715E-03
  82 16250.0  0.181  0.185 361.33 361.33 361.39   0.00   0.00   0.00  6.667     0.4715E-03
  81 16000.0  0.189  0.193 358.89 358.89 358.96   0.00   0.00   0.00  6.667     0.4715E-03
  80 15750.0  0.197  0.201 356.46 356.46 356.52   0.00   0.00   0.00  6.667     0.4715E-03
  79 15500.0  0.206  0.210 354.03 354.03 354.08   0.00   0.00   0.00  6.667     0.4715E-03
  78 15250.0  0.215  0.219 351.59 351.59 351.65  -0.00   0.00   0.00  6.667     0.4718E-03
  77 15000.0  0.224  0.228 349.16 349.18 349.21   0.01   0.00   0.00  6.667     0.1476E-03
  76 14750.0  0.231  0.235 348.39 348.42 348.46   0.01   0.00   0.00  6.667     0.1464E-03
  75 14500.0  0.239  0.243 347.63 347.67 347.71   0.01   0.00   0.00  6.667     0.1453E-03
  74 14250.0  0.247  0.252 346.87 346.91 346.97   0.02   0.00   0.00  6.667     0.1441E-03
  73 14000.0  0.256  0.260 346.11 346.16 346.22   0.02   0.00   0.00  6.667     0.1430E-03
  72 13750.0  0.264  0.269 345.34 345.41 345.49   0.02   0.00   0.00  6.667     0.1419E-03
  71 13500.0  0.273  0.277 344.58 344.65 344.75   0.03   0.00   0.00  6.667     0.1408E-03
  70 13250.0  0.282  0.286 343.82 343.91 344.02   0.04   0.00   0.00  6.667     0.1397E-03
  69 13000.0  0.291  0.296 343.06 343.16 343.30   0.04   0.00   0.00  6.667     0.1386E-03
  68 12750.0  0.300  0.305 342.29 342.42 342.58   0.05   0.00   0.00  6.667     0.1376E-03
  67 12500.0  0.310  0.315 341.53 341.68 341.86   0.06   0.00   0.00  6.667     0.1366E-03
  66 12250.0  0.320  0.325 340.76 340.94 341.16   0.07   0.00   0.00  6.667     0.1356E-03
  65 12000.0  0.330  0.335 340.00 340.21 340.46   0.08   0.00   0.00  6.667     0.1346E-03
  64 11750.0  0.340  0.345 339.24 339.48 339.77   0.10   0.00   0.00  6.667     0.1337E-03
  63 11500.0  0.351  0.356 338.47 338.76 339.09   0.11   0.00   0.00  6.667     0.1328E-03
  62 11250.0  0.361  0.367 337.71 338.04 338.42   0.14   0.00   0.00  6.667     0.1319E-03
  61 11000.0  0.372  0.378 336.94 337.34 337.76   0.16   0.00   0.00  6.667     0.1310E-03
  60 10750.0  0.384  0.389 336.17 336.64 337.12   0.18   0.00   0.00  6.667     0.1302E-03
  59 10500.0  0.395  0.401 335.41 335.95 336.49   0.22   0.00   0.00  6.667     0.1294E-03
  58 10250.0  0.407  0.413 334.64 335.27 335.88   0.25   0.00   0.00  6.667     0.1286E-03
  57 10000.0  0.419  0.425 333.87 334.60 335.29   0.29   0.00   0.00  6.667     0.1279E-03
  56  9750.0  0.431  0.437 333.10 333.95 334.72   0.34   0.00   0.00  6.667     0.1271E-03
  55  9500.0  0.444  0.450 332.33 333.31 334.17   0.39   0.00   0.00  6.667     0.1264E-03
  54  9250.0  0.457  0.463 331.56 332.69 333.64   0.45   0.00   0.00  6.667     0.1258E-03
  53  9000.0  0.470  0.476 330.79 332.08 333.14   0.52   0.00   0.00  6.667     0.1251E-03
  52  8750.0  0.483  0.490 330.01 331.50 332.67   0.60   0.00   0.00  6.667     0.1246E-03
  51  8500.0  0.497  0.504 329.24 330.94 332.23   0.68   0.00   0.00  6.667     0.1240E-03
  50  8250.0  0.511  0.518 328.46 330.41 331.83   0.78   0.00   0.00  6.667     0.1235E-03
  49  8000.0  0.525  0.532 327.68 329.90 331.46   0.89   0.00   0.00  6.667     0.1230E-03
  48  7750.0  0.540  0.547 326.90 329.43 331.13   1.01   0.00   0.00  6.667     0.1226E-03
  47  7500.0  0.555  0.562 326.11 328.99 330.84   1.15   0.00   0.00  6.667     0.1222E-03
  46  7250.0  0.570  0.578 325.32 328.58 330.59   1.30   0.00   0.00  6.667     0.1219E-03
  45  7000.0  0.585  0.593 324.53 328.22 330.40   1.47   0.00   0.00  6.667     0.1216E-03
  44  6750.0  0.601  0.609 323.74 327.90 330.25   1.66   0.00   0.00  6.667     0.1214E-03
  43  6500.0  0.617  0.626 322.94 327.62 330.15   1.87   0.00   0.00  6.667     0.1212E-03
  42  6250.0  0.634  0.642 322.14 327.40 330.12   2.10   0.00   0.00  6.667     0.1211E-03
  41  6000.0  0.651  0.659 321.33 327.23 330.14   2.36   0.00   0.00  6.667     0.1210E-03
  40  5750.0  0.668  0.676 320.53 327.11 330.22   2.64   0.00   0.00  6.596     0.1209E-03
  39  5505.3  0.685  0.694 319.73 327.06 330.37   2.93   0.00   0.00  6.526     0.1209E-03
  38  5260.5  0.702  0.711 318.93 327.07 330.58   3.26   0.00   0.00  6.386     0.1210E-03
  37  5026.3  0.719  0.728 318.15 327.15 330.85   3.60   0.00   0.00  6.246     0.1211E-03
  36  4792.1  0.737  0.745 317.37 327.28 331.18   3.96   0.00   0.00  6.105     0.1212E-03
  35  4568.4  0.754  0.762 316.63 327.47 331.57   4.34   0.00   0.00  5.965     0.1214E-03
  34  4344.7  0.771  0.779 315.87 327.72 332.01   4.74   0.00   0.00  5.825     0.1216E-03
  33  4131.6  0.787  0.796 315.15 328.02 332.50   5.15   0.00   0.00  5.684     0.1219E-03
  32  3918.4  0.804  0.812 314.42 328.39 333.05   5.58   0.00   0.00  5.544     0.1222E-03
  31  3715.8  0.820  0.829 313.73 328.79 333.63   6.02   0.00   0.00  5.404     0.1225E-03
  30  3513.2  0.837  0.845 313.02 329.25 334.27   6.49   0.00   0.00  5.263     0.1227E-03
  29  3321.1  0.853  0.861 312.35 329.74 334.93   6.95   0.00   0.00  5.123     0.1231E-03
  28  3128.9  0.869  0.877 311.68 330.28 335.65   7.44   0.00   0.00  4.982     0.1234E-03
  27  2947.4  0.884  0.892 311.04 330.85 336.38   7.92   0.00   0.00  4.842     0.1237E-03
  26  2765.8  0.900  0.908 310.39 331.46 337.16   8.43   0.00   0.00  4.702     0.1241E-03
  25  2594.7  0.915  0.923 309.78 332.08 337.95   8.92   0.00   0.00  4.561     0.1244E-03
  24  2423.7  0.930  0.937 309.16 332.75 338.78   9.43   0.00   0.00  4.421     0.1247E-03
  23  2263.2  0.945  0.952 308.58 333.42 339.60   9.93   0.00   0.00  4.281     0.1250E-03
  22  2102.6  0.959  0.966 307.99 334.12 340.47  10.45   0.00   0.00  4.140     0.1253E-03
  21  1952.6  0.973  0.980 307.44 334.82 341.32  10.95   0.00   0.00  4.000     0.1256E-03
  20  1802.6  0.986  0.993 306.89 335.54 342.21  11.46   0.00   0.00  3.860     0.1259E-03
  19  1663.2  1.000  1.006 306.37 336.25 343.07  11.95   0.00   0.00  3.719     0.1262E-03
  18  1523.7  1.013  1.019 305.85 336.98 343.96  12.45   0.00   0.00  3.579     0.1264E-03
  17  1394.7  1.025  1.031 305.37 337.69 344.82  12.93   0.00   0.00  3.439     0.1267E-03
  16  1265.8  1.037  1.043 304.88 338.41 345.71  13.41   0.00   0.00  3.298     0.1269E-03
  15  1147.4  1.049  1.055 304.43 339.10 346.55  13.86   0.00   0.00  3.158     0.1271E-03
  14  1028.9  1.060  1.066 303.98 339.80 347.42  14.33   0.00   0.00  3.018     0.1273E-03
  13   921.1  1.071  1.077 303.57 340.46 348.24  14.75   0.00   0.00  2.877     0.1275E-03
  12   813.2  1.082  1.087 303.16 341.13 349.07  15.19   0.00   0.00  2.737     0.1276E-03
  11   715.8  1.092  1.097 302.78 341.75 349.84  15.58   0.00   0.00  2.596     0.1278E-03
  10   618.4  1.101  1.106 302.41 342.38 350.64  15.99   0.00   0.00  2.456     0.1279E-03
   9   531.6  1.110  1.115 302.07 342.96 351.36  16.35   0.00   0.00  2.316     0.1280E-03
   8   444.7  1.119  1.123 301.74 343.54 352.09  16.72   0.00   0.00  2.175     0.1281E-03
   7   368.4  1.127  1.131 301.44 344.05 352.75  17.04   0.00   0.00  2.035     0.1282E-03
   6   292.1  1.135  1.138 301.14 344.58 353.43  17.37   0.00   0.00  1.895     0.1283E-03
   5   226.3  1.142  1.145 300.89 345.03 354.01  17.66   0.00   0.00  1.754     0.1284E-03
   4   160.5  1.148  1.151 300.63 345.49 354.61  17.94   0.00   0.00  1.614     0.1284E-03
   3   105.3  1.154  1.157 300.41 345.88 355.12  18.18   0.00   0.00  1.474     0.1284E-03
   2    50.0  1.159  1.161 300.20 346.28 355.64  18.43   0.00   0.00  1.070     0.1284E-03
   1    25.0  1.163  1.166 300.10 346.45 355.87  18.54   0.00   0.00  1.000      0.000    
  k      z    rho     rhoi    s      h     h*      qt      u      v     adz     
 Nsq
 
   k      z      dz     pres   presi   Tabs     tp     tpl      qt      Qc      
 Qi      REL
 128 27750.00  250.00   15.10   15.42  202.01  669.80  669.80  0.0000  0.0000  0.0000    0.00
 127 27500.00  250.00   15.75   16.09  202.02  661.80  661.80  0.0000  0.0000  0.0000    0.00
 126 27250.00  250.00   16.43   16.78  202.04  653.90  653.90  0.0000  0.0000  0.0000    0.00
 125 27000.00  250.00   17.14   17.51  202.05  646.09  646.09  0.0000  0.0000  0.0000    0.00
 124 26750.00  250.00   17.88   18.26  202.07  638.37  638.37  0.0000  0.0000  0.0000    0.00
 123 26500.00  250.00   18.65   19.05  202.08  630.74  630.74  0.0000  0.0000  0.0000    0.00
 122 26250.00  250.00   19.46   19.87  202.10  623.21  623.21  0.0000  0.0000  0.0000    0.00
 121 26000.00  250.00   20.30   20.73  202.11  615.77  615.77  0.0000  0.0000  0.0000    0.00
 120 25750.00  250.00   21.17   21.63  202.12  608.41  608.41  0.0000  0.0000  0.0000    0.00
 119 25500.00  250.00   22.09   22.56  202.14  601.14  601.14  0.0000  0.0000  0.0000    0.00
 118 25250.00  250.00   23.04   23.53  202.15  593.96  593.96  0.0000  0.0000  0.0000    0.00
 117 25000.00  250.00   24.04   24.55  202.17  586.87  586.87  0.0000  0.0000  0.0000    0.00
 116 24750.00  250.00   25.08   25.61  202.18  579.86  579.86  0.0000  0.0000  0.0000    0.00
 115 24500.00  250.00   26.16   26.72  202.19  572.93  572.93  0.0000  0.0000  0.0000    0.00
 114 24250.00  250.00   27.29   27.87  202.21  566.09  566.09  0.0000  0.0000  0.0000    0.00
 113 24000.00  250.00   28.46   29.07  202.22  559.33  559.33  0.0000  0.0000  0.0000    0.00
 112 23750.00  250.00   29.69   30.33  202.23  552.65  552.65  0.0000  0.0000  0.0000    0.00
 111 23500.00  250.00   30.97   31.64  202.24  546.05  546.05  0.0000  0.0000  0.0000    0.00
 110 23250.00  250.00   32.31   33.00  202.26  539.53  539.53  0.0000  0.0000  0.0000    0.00
 109 23000.00  250.00   33.71   34.43  202.27  533.08  533.08  0.0000  0.0000  0.0000    0.00
 108 22750.00  250.00   35.16   35.91  202.28  526.71  526.71  0.0000  0.0000  0.0000    0.00
 107 22500.00  250.00   36.68   37.46  202.29  520.42  520.42  0.0000  0.0000  0.0000    0.00
 106 22250.00  250.00   38.26   39.08  202.30  514.21  514.21  0.0000  0.0000  0.0000    0.00
 105 22000.00  250.00   39.91   40.76  202.32  508.06  508.06  0.0000  0.0000  0.0000    0.00
 104 21750.00  250.00   41.63   42.52  202.33  502.00  502.00  0.0000  0.0000  0.0000    0.00
 103 21500.00  250.00   43.43   44.36  202.34  496.00  496.00  0.0000  0.0000  0.0000    0.00
 102 21250.00  250.00   45.30   46.27  202.35  490.08  490.08  0.0000  0.0000  0.0000    0.00
 101 21000.00  250.00   47.26   48.26  202.36  484.22  484.22  0.0000  0.0000  0.0000    0.00
 100 20750.00  250.00   49.29   50.35  202.37  478.44  478.44  0.0000  0.0000  0.0000    0.00
  99 20500.00  250.00   51.42   52.52  202.38  472.72  472.72  0.0000  0.0000  0.0000    0.00
  98 20250.00  250.00   53.64   54.78  202.39  467.08  467.08  0.0000  0.0000  0.0000    0.00
  97 20000.00  250.00   55.95   57.14  202.41  461.50  461.50  0.0000  0.0000  0.0000    0.00
  96 19750.00  250.00   58.36   59.61  202.42  455.99  455.99  0.0000  0.0000  0.0000    0.00
  95 19500.00  250.00   60.88   62.18  202.43  450.54  450.54  0.0000  0.0000  0.0000    0.00
  94 19250.00  250.00   63.50   64.86  202.44  445.16  445.16  0.0000  0.0000  0.0000    0.00
  93 19000.00  250.00   66.24   67.66  202.45  439.84  439.84  0.0000  0.0000  0.0000    0.00
  92 18750.00  250.00   69.10   70.57  202.46  434.59  434.59  0.0000  0.0000  0.0000    0.00
  91 18500.00  250.00   72.08   73.61  202.47  429.40  429.40  0.0000  0.0000  0.0000    0.00
  90 18250.00  250.00   75.18   76.79  202.48  424.27  424.27  0.0000  0.0000  0.0000    0.00
  89 18000.00  250.00   78.43   80.10  202.49  419.20  419.20  0.0000  0.0000  0.0000    0.00
  88 17750.00  250.00   81.81   83.55  202.50  414.19  414.19  0.0000  0.0000  0.0000    0.00
  87 17500.00  250.00   85.33   87.15  202.50  409.25  409.25  0.0000  0.0000  0.0000    0.00
  86 17250.00  250.00   89.01   90.91  202.51  404.36  404.36  0.0000  0.0000  0.0000    0.00
  85 17000.00  250.00   92.85   94.82  202.52  399.53  399.53  0.0000  0.0000  0.0000    0.00
  84 16750.00  250.00   96.85   98.91  202.53  394.76  394.76  0.0000  0.0000  0.0000    0.00
  83 16500.00  250.00  101.02  103.17  202.54  390.04  390.04  0.0000  0.0000  0.0000    0.00
  82 16250.00  250.00  105.37  107.62  202.55  385.38  385.38  0.0000  0.0000  0.0000    0.00
  81 16000.00  250.00  109.91  112.26  202.56  380.78  380.78  0.0000  0.0000  0.0000    0.00
  80 15750.00  250.00  114.65  117.09  202.57  376.23  376.23  0.0000  0.0000  0.0000    0.00
  79 15500.00  250.00  119.59  122.14  202.58  371.74  371.74  0.0000  0.0000  0.0000    0.00
  78 15250.00  250.00  124.74  127.40  202.59  367.30  367.30 -0.0000  0.0000  0.0000   -0.00
  77 15000.00  250.00  130.12  132.89  202.59  362.91  362.91  0.0096  0.0000  0.0000   44.65
  76 14750.00  250.00  135.70  138.57  204.27  361.55  361.55  0.0116  0.0000  0.0000   44.74
  75 14500.00  250.00  141.47  144.44  205.95  360.21  360.21  0.0141  0.0000  0.0000   44.71
  74 14250.00  250.00  147.44  150.50  207.63  358.88  358.88  0.0170  0.0000  0.0000   44.25
  73 14000.00  250.00  153.61  156.78  209.31  357.57  357.57  0.0204  0.0000  0.0000   43.71
  72 13750.00  250.00  159.98  163.26  210.99  356.28  356.28  0.0245  0.0000  0.0000   43.43
  71 13500.00  250.00  166.57  169.95  212.67  355.00  355.00  0.0294  0.0000  0.0000   43.38
  70 13250.00  250.00  173.37  176.86  214.35  353.73  353.73  0.0351  0.0000  0.0000   43.36
  69 13000.00  250.00  180.39  184.00  216.03  352.48  352.48  0.0418  0.0000  0.0000   43.48
  68 12750.00  250.00  187.64  191.36  217.71  351.24  351.24  0.0498  0.0000  0.0000   43.85
  67 12500.00  250.00  195.12  198.96  219.39  350.02  350.02  0.0591  0.0000  0.0000   44.25
  66 12250.00  250.00  202.84  206.80  221.07  348.81  348.81  0.0700  0.0000  0.0000   44.74
  65 12000.00  250.00  210.81  214.89  222.75  347.61  347.61  0.0828  0.0000  0.0000   45.35
  64 11750.00  250.00  219.02  223.23  224.43  346.42  346.42  0.0977  0.0000  0.0000   46.01
  63 11500.00  250.00  227.49  231.83  226.11  345.25  345.25  0.1149  0.0000  0.0000   46.66
  62 11250.00  250.00  236.22  240.69  227.78  344.09  344.09  0.1350  0.0000  0.0000   47.41
  61 11000.00  250.00  245.21  249.82  229.46  342.94  342.94  0.1581  0.0000  0.0000   48.14
  60 10750.00  250.00  254.48  259.23  231.14  341.80  341.80  0.1849  0.0000  0.0000   48.94
  59 10500.00  250.00  264.03  268.92  232.81  340.67  340.67  0.2156  0.0000  0.0000   49.73
  58 10250.00  250.00  273.86  278.90  234.49  339.55  339.55  0.2510  0.0000  0.0000   50.57
  57 10000.00  250.00  283.99  289.17  236.16  338.45  338.45  0.2915  0.0000  0.0000   51.42
  56  9750.00  250.00  294.41  299.75  237.84  337.35  337.35  0.3377  0.0000  0.0000   52.28
  55  9500.00  250.00  305.14  310.63  239.51  336.26  336.26  0.3904  0.0000  0.0000   53.17
  54  9250.00  250.00  316.18  321.83  241.18  335.19  335.19  0.4504  0.0000  0.0000   54.08
  53  9000.00  250.00  327.54  333.36  242.85  334.12  334.12  0.5184  0.0000  0.0000   55.00
  52  8750.00  250.00  339.23  345.21  244.52  333.06  333.06  0.5954  0.0000  0.0000   55.95
  51  8500.00  250.00  351.25  357.39  246.18  332.01  332.01  0.6822  0.0000  0.0000   56.90
  50  8250.00  250.00  363.61  369.93  247.85  330.96  330.96  0.7800  0.0000  0.0000   57.87
  49  8000.00  250.00  376.31  382.81  249.51  329.93  329.93  0.8899  0.0000  0.0000   58.85
  48  7750.00  250.00  389.37  396.05  251.17  328.90  328.90  1.0129  0.0000  0.0000   59.84
  47  7500.00  250.00  402.79  409.65  252.83  327.88  327.88  1.1504  0.0000  0.0000   60.84
  46  7250.00  250.00  416.58  423.63  254.48  326.87  326.87  1.3037  0.0000  0.0000   61.85
  45  7000.00  250.00  430.75  437.99  256.14  325.86  325.86  1.4741  0.0000  0.0000   62.87
  44  6750.00  250.00  445.30  452.73  257.79  324.86  324.86  1.6631  0.0000  0.0000   63.88
  43  6500.00  250.00  460.24  467.88  259.43  323.86  323.86  1.8722  0.0000  0.0000   64.91
  42  6250.00  250.00  475.59  483.43  261.07  322.87  322.87  2.1029  0.0000  0.0000   65.92
  41  6000.00  250.00  491.34  499.38  262.71  321.88  321.88  2.3567  0.0000  0.0000   66.94
  40  5750.00  247.37  507.51  515.59  264.34  320.90  320.90  2.6354  0.0000  0.0000   67.95
  39  5505.26  244.74  523.75  532.04  265.94  319.94  319.94  2.9337  0.0000  0.0000   68.93
  38  5260.53  239.47  540.41  548.54  267.53  318.98  318.98  3.2588  0.0000  0.0000   69.90
  37  5026.32  234.21  556.74  565.07  269.04  318.07  318.07  3.5965  0.0000  0.0000   70.82
  36  4792.10  228.95  573.47  581.61  270.55  317.16  317.16  3.9615  0.0000  0.0000   71.73
  35  4568.42  223.68  589.82  598.15  271.99  316.29  316.29  4.3366  0.0000  0.0000   72.58
  34  4344.74  218.42  606.55  614.66  273.42  315.43  315.43  4.7389  0.0000  0.0000   73.42
  33  4131.58  213.16  622.84  631.12  274.78  314.61  314.61  5.1483  0.0000  0.0000   74.20
  32  3918.42  207.89  639.48  647.52  276.14  313.78  313.78  5.5841  0.0000  0.0000   74.96
  31  3715.79  202.63  655.62  663.83  277.42  313.00  313.00  6.0235  0.0000  0.0000   75.67
  30  3513.16  197.37  672.10  680.03  278.70  312.22  312.22  6.4880  0.0000  0.0000   76.36
  29  3321.05  192.11  688.02  696.10  279.90  311.48  311.48  6.9521  0.0000  0.0000   76.99
  28  3128.95  186.84  704.24  712.03  281.11  310.74  310.74  7.4395  0.0000  0.0000   77.60
  27  2947.37  181.58  719.86  727.78  282.24  310.04  310.04  7.9221  0.0000  0.0000   78.16
  26  2765.79  176.32  735.75  743.35  283.37  309.35  309.35  8.4261  0.0000  0.0000   78.70
  25  2594.74  171.05  750.98  758.70  284.43  308.69  308.69  8.9206  0.0000  0.0000   79.18
  24  2423.68  165.79  766.47  773.82  285.48  308.03  308.03  9.4343  0.0000  0.0000   79.64
  23  2263.16  160.53  781.23  788.70  286.47  307.41  307.41  9.9338  0.0000  0.0000   80.06
  22  2102.63  155.26  796.21  803.30  287.45  306.80  306.80 10.4502  0.0000  0.0000   80.45
  21  1952.63  150.00  810.43  817.62  288.36  306.22  306.22 10.9479  0.0000  0.0000   80.80
  20  1802.63  144.74  824.84  831.62  289.28  305.64  305.64 11.4602  0.0000  0.0000   81.13
  19  1663.16  139.47  838.43  845.30  290.12  305.11  305.11 11.9494  0.0000  0.0000   81.41
  18  1523.68  134.21  852.20  858.63  290.96  304.57  304.57 12.4509  0.0000  0.0000   81.68
  17  1394.74  128.95  865.09  871.60  291.74  304.08  304.08 12.9253  0.0000  0.0000   81.91
  16  1265.79  123.68  878.14  884.19  292.51  303.58  303.58 13.4098  0.0000  0.0000   82.12
  15  1147.37  118.42  890.26  896.37  293.22  303.13  303.13 13.8635  0.0000  0.0000   82.30
  14  1028.95  113.16  902.51  908.14  293.93  302.67  302.67 14.3254  0.0000  0.0000   82.46
  13   921.05  107.89  913.80  919.48  294.57  302.26  302.26 14.7533  0.0000  0.0000   82.59
  12   813.16  102.63  925.19  930.37  295.21  301.85  301.85 15.1876  0.0000  0.0000   82.71
  11   715.79   97.37  935.57  940.80  295.79  301.48  301.48 15.5850  0.0000  0.0000   82.81
  10   618.42   92.11  946.05  950.75  296.37  301.10  301.10 15.9875  0.0000  0.0000   82.89
   9   531.58   86.84  955.47  960.21  296.88  300.77  300.77 16.3505  0.0000  0.0000   82.95
   8   444.74   81.58  964.97  969.17  297.39  300.44  300.44 16.7172  0.0000  0.0000   83.01
   7   368.42   76.32  973.38  977.60  297.84  300.15  300.15 17.0426  0.0000  0.0000   83.05
   6   292.11   71.05  981.84  985.51  298.29  299.86  299.86 17.3706  0.0000  0.0000   83.08
   5   226.32   65.79  989.19  992.88  298.68  299.61  299.61 17.6556  0.0000  0.0000   83.10
   4   160.53   60.53  996.58  999.70  299.06  299.35  299.35 17.9424  0.0000  0.0000   83.11
   3   105.26   55.26 1002.82 1005.96  299.38  299.14  299.14 18.1848  0.0000  0.0000   83.12
   2    50.00   40.13 1009.10 1010.52  299.71  298.93  298.93 18.4285  0.0000  0.0000   83.12
   1    25.00   37.50 1011.94 1014.80  299.85  298.84  298.84 18.5391  0.0000  0.0000   83.12
   k      z      dz     pres   presi   Tabs     tp     tpl      qt      Qc      
 Qi      REL
 Smagorinsky SGS Closure
 initialize with warm bubble:
 bubble_x0=   128000.000000000     
 bubble_y0=   128000.000000000     
 bubble_z0=  0.000000000000000E+000
 bubble_radius_hor=   30000.0000000000     
 bubble_radius_ver=   3000.00000000000     
 bubble_dtemp=  0.000000000000000E+000
 bubble_dq=  5.000000000000000E-003
 Initializeing forcing data...
 sounding data: nsnd=           3   nzsnd=         128
 Observed sounding interval (days):  0.000000000000000E+000
   2000.00000000000     
 
 Case: bubble
 Caseid: rcemip300sst_160_MaxIce20_std2
 New Run.
 Day:  0.000000000000000E+000
 Model type: CEM
 Finish at timestep:         720
 Finish on day:  0.250000000000000     
 
 Statistics file ouput frequency:           60  steps
 Statistics file sampling: every           15  steps
 printouts frequency:           4  steps
 Adams-Bashforth scheme order:           3
 
 Global Grid:         256         256         128
 Local Grid:          32          32         128
 Grid spacing (m) dx, dy, dz:   1000.00000000000        1000.00000000000     
   37.5000000000000     
 Domain dimensions (m):   256000.000000000        256000.000000000     
   27750.0000000000     
 dowallx= F
 dowally= F
 
 Timestep (sec):   30.0000000000000     
 domain translation velocities ug, vg:  0.000000000000000E+000
  0.000000000000000E+000
 
 do column model F
 do convective parameterization F
 do spange damping at the domain top:  T
 maintain grad. of scalars at the top: T
 clouds are allowed: T
 precipitation is allowed: T
 smoke cloud F
 SGS scheme is on: T
 larger-scale subsidence is on: F
 larger-scale tendency is on: F
 coriolis force is allowed: F
 vertical coriolis force is allowed: F
 longwave radiation: T
 shortwave radiation: T
 do seasonal solar cycle: F
 do perpetual sun: T
 compute effective radius for liquid: T
 compute effective radius for ice: T
 doradsimple =  F
 doradhomo = F
 dosolarconstant =  T
 solar_constant =    423.500000000000     
 zenith_angle =    42.8900000000000     
 doradlon =  F
 doradlat =  F
 Latitude0:  0.000000000000000E+000
 Longitude0:  0.000000000000000E+000
 rundatadir = ./RUNDATA
 factor to change present CO2 concentration: nxco2=   1.00000000000000     
 surface flux parameterization is on: T
 Surface type: OCEAN
  sensible heat flux prescribed: F
  latent heat flux prescribed: F
  surface stress prescribed: F
 dosfchomo =  F
 doisccp =  T
 domodis =  T
 domisr =  T
 dosimfilesout= F
 dodynamicocean = F
 doseawater= T
 salt_factor (satur. correction for salty water)=  0.981000000000000     
 dotracers = F
 output_sep = F
 perturb_type =            2
 doSAMconditionals = F
 dosatupdnconditionals = T
 doscamiopdata = F
 iopfile:
 dozero_out_day0 = F
 nsave2D =          120
 nsave2Dstart =            0
 nsave2Dend =     99960480
 save2Dbin =  T
 nsave3D =          120
 nsave3Dstart =            0
 nsave3Dend =     99960480
 save3Dbin =  T
 qnsave3D =   0.000000000000000E+000
 docolumn =  F
 doensemble =  F
 nensemble =            0
 nstatmom =         1000
 nstatmomstart =            1
 nstatmomend =            0
 savemombin =  F
 nmovie =         1000
 nmoviestart =     99999999
 nmovieend =     99999999
 Writting 3D data. file:./OUT_3D/bubble_rcemip300sst_160_MaxIce20_std2_64_000000
 0000.bin3D                                                      
 Number of statistics profiles:         647
 Statistics profiles to save:
PRES       U          V          UOBS       VOBS       WOBS       RHO        MSE     
DSE        SSE        THETAE     THETA      THETAV     THETAL     TABS       TABSOBS 
TL         QT         QV         QVOBS      TTEND      QTEND      QCL        QCI     
QPL        QPI        QN         QP         QNFR       FRACT      QSAT       QCOND   
PRECIP     RELH       TLFLUX     TLFLUXS    TVFLUX     QCFLUX     QIFLUX     SW      
SWSB       UW         UWSB       VW         VWSB       RADLWUP    RADLWDN    RADSWUP 
RADSWDN    RADQRLW    RADQRSW    RADQR      RADQRS     RADQRC     Q1C        Q1CC    
Q1CS       Q1LS       Q2         Q2C        Q2S        Q2LS       U2         V2      
W2         TL2        TQ         QT2        QC2        QI2        QS2        S2      
W3         AUP        WSKEW      TKE        TKES       TK         TKH        HLADV   
HLDIFF     HLLAT      HLRAD      QTADV      QTDIFF     QTSINK     QTSRC      QPADV   
QPDIFF     QPFALL     QPSRC      QPEVP      SHEAR      SHEARS     BUOYA      BUOYAS  
ADVTR      PRESSTR    ADVTRS     DIFTR      DISSIP     DISSIPS    WUADV      WVADV   
WUPRES     WVPRES     WUANIZ     WVANIZ     WUSHEAR    WVSHEAR    WUBUOY     WVBUOY  
WUDIFF     WVDIFF     W2ADV      W2PRES     W2REDIS    W2BUOY     W2DIFF     TWGRAD  
TWADV      TWDIFF     TWBUOY     TWPRES     TWPREC     QWGRAD     QWADV      QWDIFF  
QWBUOY     QWPRES     QWPREC     T2ADVTR    T2GRAD     T2DISSIP   T2DIFTR    T2PREC  
Q2ADVTR    Q2GRAD     Q2DISSIP   Q2DIFTR    Q2PREC     HYDRO      MCUP       MCDNS   
MCDNU      MC         CORE       CORECL     COREDN     COREDNCL   MCRUP      MCRDNS  
MCRDNU     MCR        QVTEND     QHTEND     QNUDGE     THTEND     TVTEND     TNUDGE  
WSTAR3     UADV       VADV       UDIFF      VDIFF      UNUDGE     VNUDGE     ULSADVV 
VLSADVV    USTOR      VSTOR      UTENDCOR   URESID     VTENDCOR   VRESID     HLSTOR  
QTSTOR     CLDCUMU1   CLDCUMD1   CLDCUMU2   CLDCUMD2   TBIAS      QBIAS      RELHBIAS
UXGRID     VXGRID     TKEDAMP    RADQRCLW   RADQRCSW   SURFVARS   CLD        WCLD    
UCLD       VCLD       MSECLD     DSECLD     TLCLD      TACLD      TVCLD      TVCLDA  
QTCLD      QNCLD      QPCLD      SCLD       WCLDA      TLWCLD     TVWCLD     SWCLD   
QTWCLD     QCWCLD     QIWCLD     HFCLD      HFCLDA     UCLDA      VCLDA      UPGFCLD 
VPGFCLD    WPGFCLD    UWCLD      VWCLD      UWSBCLD    VWSBCLD    MFCLD      MFHCLD  
MFHCLDA    MFTLCLD    MFTLCLDA   MFTVCLD    MFTVCLDA   MFQTCLD    MFQTCLDA   RUWCLD  
RVWCLD     RWWCLD     SUP        WSUP       USUP       VSUP       MSESUP     DSESUP  
TLSUP      TASUP      TVSUP      TVSUPA     QTSUP      QNSUP      QPSUP      SSUP    
WSUPA      TLWSUP     TVWSUP     SWSUP      QTWSUP     QCWSUP     QIWSUP     HFSUP   
HFSUPA     USUPA      VSUPA      UPGFSUP    VPGFSUP    WPGFSUP    UWSUP      VWSUP   
UWSBSUP    VWSBSUP    MFSUP      MFHSUP     MFHSUPA    MFTLSUP    MFTLSUPA   MFTVSUP 
MFTVSUPA   MFQTSUP    MFQTSUPA   RUWSUP     RVWSUP     RWWSUP     SDN        WSDN    
USDN       VSDN       MSESDN     DSESDN     TLSDN      TASDN      TVSDN      TVSDNA  
QTSDN      QNSDN      QPSDN      SSDN       WSDNA      TLWSDN     TVWSDN     SWSDN   
QTWSDN     QCWSDN     QIWSDN     HFSDN      HFSDNA     USDNA      VSDNA      UPGFSDN 
VPGFSDN    WPGFSDN    UWSDN      VWSDN      UWSBSDN    VWSBSDN    MFSDN      MFHSDN  
MFHSDNA    MFTLSDN    MFTLSDNA   MFTVSDN    MFTVSDNA   MFQTSDN    MFQTSDNA   RUWSDN  
RVWSDN     RWWSDN     ENV        WENV       UENV       VENV       MSEENV     DSEENV  
TLENV      TAENV      TVENV      TVENVA     QTENV      QNENV      QPENV      SENV    
WENVA      TLWENV     TVWENV     SWENV      QTWENV     QCWENV     QIWENV     HFENV   
HFENVA     UENVA      VENVA      UPGFENV    VPGFENV    WPGFENV    UWENV      VWENV   
UWSBENV    VWSBENV    MFENV      MFHENV     MFHENVA    MFTLENV    MFTLENVA   MFTVENV 
MFTVENVA   MFQTENV    MFQTENVA   RUWENV     RVWENV     RWWENV     QTFLUX     QTO     
QTO2       QTOADV     QTODIFF    QTOMPHY    QTOSED     QTOSDFLX   QTOSTRG    QTOFLXR 
QTOFLXS    NC         NCADV      NCDIFF     NCMPHY     NCSED      NCSDFLX    NCSTRG  
NCFLXR     NCFLXS     QR         QRADV      QRDIFF     QRMPHY     QRSED      QRSDFLX 
QRSTRG     QRFLXR     QRFLXS     NR         NRADV      NRDIFF     NRMPHY     NRSED   
NRSDFLX    NRSTRG     NRFLXR     NRFLXS     QIA        QIAADV     QIADIFF    QIAMPHY 
QIASED     QIASDFLX   QIASTRG    QIAFLXR    QIAFLXS    TAUQIA     QIAOEFFR   NIA     
NIAADV     NIADIFF    NIAMPHY    NIASED     NIASDFLX   NIASTRG    NIAFLXR    NIAFLXS 
IRA        IRAADV     IRADIFF    IRAMPHY    IRASED     IRASDFLX   IRASTRG    IRAFLXR 
IRAFLXS    IBA        IBAADV     IBADIFF    IBAMPHY    IBASED     IBASDFLX   IBASTRG 
IBAFLXR    IBAFLXS    QIB        QIBADV     QIBDIFF    QIBMPHY    QIBSED     QIBSDFLX
QIBSTRG    QIBFLXR    QIBFLXS    TAUQIB     QIBOEFFR   NIB        NIBADV     NIBDIFF 
NIBMPHY    NIBSED     NIBSDFLX   NIBSTRG    NIBFLXR    NIBFLXS    IRB        IRBADV  
IRBDIFF    IRBMPHY    IRBSED     IRBSDFLX   IRBSTRG    IRBFLXR    IRBFLXS    IBB     
IBBADV     IBBDIFF    IBBMPHY    IBBSED     IBBSDFLX   IBBSTRG    IBBFLXR    IBBFLXS 
QIC        QICADV     QICDIFF    QICMPHY    QICSED     QICSDFLX   QICSTRG    QICFLXR 
QICFLXS    TAUQIC     QICOEFFR   NIC        NICADV     NICDIFF    NICMPHY    NICSED  
NICSDFLX   NICSTRG    NICFLXR    NICFLXS    IRC        IRCADV     IRCDIFF    IRCMPHY 
IRCSED     IRCSDFLX   IRCSTRG    IRCFLXR    IRCFLXS    IBC        IBCADV     IBCDIFF 
IBCMPHY    IBCSED     IBCSDFLX   IBCSTRG    IBCFLXR    IBCFLXS    QID        QIDADV  
QIDDIFF    QIDMPHY    QIDSED     QIDSDFLX   QIDSTRG    QIDFLXR    QIDFLXS    TAUQID  
QIDOEFFR   NID        NIDADV     NIDDIFF    NIDMPHY    NIDSED     NIDSDFLX   NIDSTRG 
NIDFLXR    NIDFLXS    IRD        IRDADV     IRDDIFF    IRDMPHY    IRDSED     IRDSDFLX
IRDSTRG    IRDFLXR    IRDFLXS    IBD        IBDADV     IBDDIFF    IBDMPHY    IBDSED  
IBDSDFLX   IBDSTRG    IBDFLXR    IBDFLXS    QIE        QIEADV     QIEDIFF    QIEMPHY 
QIESED     QIESDFLX   QIESTRG    QIEFLXR    QIEFLXS    TAUQIE     QIEOEFFR   NIE     
NIEADV     NIEDIFF    NIEMPHY    NIESED     NIESDFLX   NIESTRG    NIEFLXR    NIEFLXS 
IRE        IREADV     IREDIFF    IREMPHY    IRESED     IRESDFLX   IRESTRG    IREFLXR 
IREFLXS    IBE        IBEADV     IBEDIFF    IBEMPHY    IBESED     IBESDFLX   IBESTRG 
IBEFLXR    IBEFLXS    QIF        QIFADV     QIFDIFF    QIFMPHY    QIFSED     QIFSDFLX
QIFSTRG    QIFFLXR    QIFFLXS    TAUQIF     QIFOEFFR   NIF        NIFADV     NIFDIFF 
NIFMPHY    NIFSED     NIFSDFLX   NIFSTRG    NIFFLXR    NIFFLXS    IRF        IRFADV  
IRFDIFF    IRFMPHY    IRFSED     IRFSDFLX   IRFSTRG    IRFFLXR    IRFFLXS    IBF     
IBFADV     IBFDIFF    IBFMPHY    IBFSED     IBFSDFLX   IBFSTRG    IBFFLXR    IBFFLXS 
QC         TAUQC      QCOEFFR    T1         QV1        ninuc      ninuc2     ninuc3  
ncheti     nrheti     nimul      nimlt      nisub      nislf      nrchomi 
wspd, zbot, t_degC, zbot =       0.00000000     25.00000000     26.70457387     25.00000000
qbot,zbot,pmidm1,ts_degC =       0.01853910     25.00000000   1011.94494827     26.85000000
tau,shf,lhf,Le =     0.000000E+00   -0.210987E-03    0.805905E-05    0.000000E+00
ssq, lhf_coef, ustar,  u10n =         0.022076       -0.002279        0.056703        1.090979
 SHF/LHF (W/m2 approx) =  -0.256729129971088        24.2738491749359     
wspd, zbot, t_degC, zbot =       0.00000000     25.00000000     26.70457387     25.00000000
qbot,zbot,pmidm1,ts_degC =       0.01853910     25.00000000   1011.94494827     26.85000000
tau,shf,lhf,Le =     0.000000E+00   -0.210987E-03    0.805905E-05    0.000000E+00
ssq, lhf_coef, ustar,  u10n =         0.022076       -0.002279        0.056703        1.090979
 SHF/LHF (W/m2 approx) =  -0.256729129971088        24.2738491749359     
wspd, zbot, t_degC, zbot =       0.00000000     25.00000000     26.70457387     25.00000000
qbot,zbot,pmidm1,ts_degC =       0.01853910     25.00000000   1011.94494827     26.85000000
tau,shf,lhf,Le =     0.000000E+00   -0.210987E-03    0.805905E-05    0.000000E+00
ssq, lhf_coef, ustar,  u10n =         0.022076       -0.002279        0.056703        1.090979
 SHF/LHF (W/m2 approx) =  -0.256729129971088        24.2738491749359     
wspd, zbot, t_degC, zbot =       0.00000000     25.00000000     26.70457387     25.00000000
qbot,zbot,pmidm1,ts_degC =       0.01853910     25.00000000   1011.94494827     26.85000000
tau,shf,lhf,Le =     0.000000E+00   -0.210987E-03    0.805905E-05    0.000000E+00
ssq, lhf_coef, ustar,  u10n =         0.022076       -0.002279        0.056703        1.090979
 SHF/LHF (W/m2 approx) =  -0.256729129971088        24.2738491749359     
wspd, zbot, t_degC, zbot =       0.00000000     25.00000000     26.70457387     25.00000000
qbot,zbot,pmidm1,ts_degC =       0.01853910     25.00000000   1011.94494827     26.85000000
tau,shf,lhf,Le =     0.000000E+00   -0.210987E-03    0.805905E-05    0.000000E+00
ssq, lhf_coef, ustar,  u10n =         0.022076       -0.002279        0.056703        1.090979
 SHF/LHF (W/m2 approx) =  -0.256729129971088        24.2738491749359     
wspd, zbot, t_degC, zbot =       0.00000000     25.00000000     26.70457387     25.00000000
qbot,zbot,pmidm1,ts_degC =       0.01853910     25.00000000   1011.94494827     26.85000000
tau,shf,lhf,Le =     0.000000E+00   -0.210987E-03    0.805905E-05    0.000000E+00
ssq, lhf_coef, ustar,  u10n =         0.022076       -0.002279        0.056703        1.090979
 SHF/LHF (W/m2 approx) =  -0.256729129971088        24.2738491749359     
wspd, zbot, t_degC, zbot =       0.00000000     25.00000000     26.70457387     25.00000000
qbot,zbot,pmidm1,ts_degC =       0.01853910     25.00000000   1011.94494827     26.85000000
tau,shf,lhf,Le =     0.000000E+00   -0.210987E-03    0.805905E-05    0.000000E+00
ssq, lhf_coef, ustar,  u10n =         0.022076       -0.002279        0.056703        1.090979
 SHF/LHF (W/m2 approx) =  -0.256729129971088        24.2738491749359     
wspd, zbot, t_degC, zbot =       0.00000000     25.00000000     26.70457387     25.00000000
qbot,zbot,pmidm1,ts_degC =       0.01853910     25.00000000   1011.94494827     26.85000000
tau,shf,lhf,Le =     0.000000E+00   -0.210987E-03    0.805905E-05    0.000000E+00
ssq, lhf_coef, ustar,  u10n =         0.022076       -0.002279        0.056703        1.090979
 SHF/LHF (W/m2 approx) =  -0.256729129971088        24.2738491749359     
wspd, zbot, t_degC, zbot =       0.00000000     25.00000000     26.70457387     25.00000000
qbot,zbot,pmidm1,ts_degC =       0.01853910     25.00000000   1011.94494827     26.85000000
tau,shf,lhf,Le =     0.000000E+00   -0.210987E-03    0.805905E-05    0.000000E+00
ssq, lhf_coef, ustar,  u10n =         0.022076       -0.002279        0.056703        1.090979
 SHF/LHF (W/m2 approx) =  -0.256729129971088        24.2738491749359     
wspd, zbot, t_degC, zbot =       0.00000000     25.00000000     26.70457387     25.00000000
qbot,zbot,pmidm1,ts_degC =       0.01853910     25.00000000   1011.94494827     26.85000000
tau,shf,lhf,Le =     0.000000E+00   -0.210987E-03    0.805905E-05    0.000000E+00
ssq, lhf_coef, ustar,  u10n =         0.022076       -0.002279        0.056703        1.090979
 SHF/LHF (W/m2 approx) =  -0.256729129971088        24.2738491749359     
wspd, zbot, t_degC, zbot =       0.00000000     25.00000000     26.70457387     25.00000000
qbot,zbot,pmidm1,ts_degC =       0.01853910     25.00000000   1011.94494827     26.85000000
tau,shf,lhf,Le =     0.000000E+00   -0.210987E-03    0.805905E-05    0.000000E+00
ssq, lhf_coef, ustar,  u10n =         0.022076       -0.002279        0.056703        1.090979
 SHF/LHF (W/m2 approx) =  -0.256729129971088        24.2738491749359     
wspd, zbot, t_degC, zbot =       0.00000000     25.00000000     26.70457387     25.00000000
qbot,zbot,pmidm1,ts_degC =       0.01853910     25.00000000   1011.94494827     26.85000000
tau,shf,lhf,Le =     0.000000E+00   -0.210987E-03    0.805905E-05    0.000000E+00
ssq, lhf_coef, ustar,  u10n =         0.022076       -0.002279        0.056703        1.090979
 SHF/LHF (W/m2 approx) =  -0.256729129971088        24.2738491749359     
wspd, zbot, t_degC, zbot =       0.00000000     25.00000000     26.70457387     25.00000000
qbot,zbot,pmidm1,ts_degC =       0.01853910     25.00000000   1011.94494827     26.85000000
tau,shf,lhf,Le =     0.000000E+00   -0.210987E-03    0.805905E-05    0.000000E+00
ssq, lhf_coef, ustar,  u10n =         0.022076       -0.002279        0.056703        1.090979
 SHF/LHF (W/m2 approx) =  -0.256729129971088        24.2738491749359     
wspd, zbot, t_degC, zbot =       0.00000000     25.00000000     26.70457387     25.00000000
qbot,zbot,pmidm1,ts_degC =       0.01853910     25.00000000   1011.94494827     26.85000000
tau,shf,lhf,Le =     0.000000E+00   -0.210987E-03    0.805905E-05    0.000000E+00
ssq, lhf_coef, ustar,  u10n =         0.022076       -0.002279        0.056703        1.090979
 SHF/LHF (W/m2 approx) =  -0.256729129971088        24.2738491749359     
wspd, zbot, t_degC, zbot =       0.00000000     25.00000000     26.70457387     25.00000000
qbot,zbot,pmidm1,ts_degC =       0.01853910     25.00000000   1011.94494827     26.85000000
tau,shf,lhf,Le =     0.000000E+00   -0.210987E-03    0.805905E-05    0.000000E+00
ssq, lhf_coef, ustar,  u10n =         0.022076       -0.002279        0.056703        1.090979
 SHF/LHF (W/m2 approx) =  -0.256729129971088        24.2738491749359     
wspd, zbot, t_degC, zbot =       0.00000000     25.00000000     26.70457387     25.00000000
qbot,zbot,pmidm1,ts_degC =       0.01853910     25.00000000   1011.94494827     26.85000000
tau,shf,lhf,Le =     0.000000E+00   -0.210987E-03    0.805905E-05    0.000000E+00
ssq, lhf_coef, ustar,  u10n =         0.022076       -0.002279        0.056703        1.090979
 SHF/LHF (W/m2 approx) =  -0.256729129971088        24.2738491749359     
wspd, zbot, t_degC, zbot =       0.00000000     25.00000000     26.70457387     25.00000000
qbot,zbot,pmidm1,ts_degC =       0.01853910     25.00000000   1011.94494827     26.85000000
tau,shf,lhf,Le =     0.000000E+00   -0.210987E-03    0.805905E-05    0.000000E+00
ssq, lhf_coef, ustar,  u10n =         0.022076       -0.002279        0.056703        1.090979
 SHF/LHF (W/m2 approx) =  -0.256729129971088        24.2738491749359     
wspd, zbot, t_degC, zbot =       0.00000000     25.00000000     26.70457387     25.00000000
qbot,zbot,pmidm1,ts_degC =       0.01853910     25.00000000   1011.94494827     26.85000000
tau,shf,lhf,Le =     0.000000E+00   -0.210987E-03    0.805905E-05    0.000000E+00
ssq, lhf_coef, ustar,  u10n =         0.022076       -0.002279        0.056703        1.090979
 SHF/LHF (W/m2 approx) =  -0.256729129971088        24.2738491749359     
wspd, zbot, t_degC, zbot =       0.00000000     25.00000000     26.70457387     25.00000000
qbot,zbot,pmidm1,ts_degC =       0.01853910     25.00000000   1011.94494827     26.85000000
tau,shf,lhf,Le =     0.000000E+00   -0.210987E-03    0.805905E-05    0.000000E+00
ssq, lhf_coef, ustar,  u10n =         0.022076       -0.002279        0.056703        1.090979
 SHF/LHF (W/m2 approx) =  -0.256729129971088        24.2738491749359     
wspd, zbot, t_degC, zbot =       0.00000000     25.00000000     26.70457387     25.00000000
wspd, zbot, t_degC, zbot =       0.00000000     25.00000000     26.70457387     25.00000000
qbot,zbot,pmidm1,ts_degC =       0.01853910     25.00000000   1011.94494827     26.85000000
tau,shf,lhf,Le =     0.000000E+00   -0.210987E-03    0.805905E-05    0.000000E+00
ssq, lhf_coef, ustar,  u10n =         0.022076       -0.002279        0.056703        1.090979
 SHF/LHF (W/m2 approx) =  -0.256729129971088        24.2738491749359     
wspd, zbot, t_degC, zbot =       0.00000000     25.00000000     26.70457387     25.00000000
qbot,zbot,pmidm1,ts_degC =       0.01853910     25.00000000   1011.94494827     26.85000000
tau,shf,lhf,Le =     0.000000E+00   -0.210987E-03    0.805905E-05    0.000000E+00
ssq, lhf_coef, ustar,  u10n =         0.022076       -0.002279        0.056703        1.090979
 SHF/LHF (W/m2 approx) =  -0.256729129971088        24.2738491749359     
wspd, zbot, t_degC, zbot =       0.00000000     25.00000000     26.70457387     25.00000000
wspd, zbot, t_degC, zbot =       0.00000000     25.00000000     26.70457387     25.00000000
qbot,zbot,pmidm1,ts_degC =       0.01853910     25.00000000   1011.94494827     26.85000000
tau,shf,lhf,Le =     0.000000E+00   -0.210987E-03    0.805905E-05    0.000000E+00
ssq, lhf_coef, ustar,  u10n =         0.022076       -0.002279        0.056703        1.090979
 SHF/LHF (W/m2 approx) =  -0.256729129971088        24.2738491749359     
wspd, zbot, t_degC, zbot =       0.00000000     25.00000000     26.70457387     25.00000000
qbot,zbot,pmidm1,ts_degC =       0.01853910     25.00000000   1011.94494827     26.85000000
tau,shf,lhf,Le =     0.000000E+00   -0.210987E-03    0.805905E-05    0.000000E+00
ssq, lhf_coef, ustar,  u10n =         0.022076       -0.002279        0.056703        1.090979
 SHF/LHF (W/m2 approx) =  -0.256729129971088        24.2738491749359     
wspd, zbot, t_degC, zbot =       0.00000000     25.00000000     26.70457387     25.00000000
qbot,zbot,pmidm1,ts_degC =       0.01853910     25.00000000   1011.94494827     26.85000000
tau,shf,lhf,Le =     0.000000E+00   -0.210987E-03    0.805905E-05    0.000000E+00
ssq, lhf_coef, ustar,  u10n =         0.022076       -0.002279        0.056703        1.090979
 SHF/LHF (W/m2 approx) =  -0.256729129971088        24.2738491749359     
wspd, zbot, t_degC, zbot =       0.00000000     25.00000000     26.70457387     25.00000000
qbot,zbot,pmidm1,ts_degC =       0.01853910     25.00000000   1011.94494827     26.85000000
tau,shf,lhf,Le =     0.000000E+00   -0.210987E-03    0.805905E-05    0.000000E+00
ssq, lhf_coef, ustar,  u10n =         0.022076       -0.002279        0.056703        1.090979
 SHF/LHF (W/m2 approx) =  -0.256729129971088        24.2738491749359     
wspd, zbot, t_degC, zbot =       0.00000000     25.00000000     26.70457387     25.00000000
qbot,zbot,pmidm1,ts_degC =       0.01853910     25.00000000   1011.94494827     26.85000000
tau,shf,lhf,Le =     0.000000E+00   -0.210987E-03    0.805905E-05    0.000000E+00
ssq, lhf_coef, ustar,  u10n =         0.022076       -0.002279        0.056703        1.090979
 SHF/LHF (W/m2 approx) =  -0.256729129971088        24.2738491749359     
wspd, zbot, t_degC, zbot =       0.00000000     25.00000000     26.70457387     25.00000000
qbot,zbot,pmidm1,ts_degC =       0.01853910     25.00000000   1011.94494827     26.85000000
tau,shf,lhf,Le =     0.000000E+00   -0.210987E-03    0.805905E-05    0.000000E+00
ssq, lhf_coef, ustar,  u10n =         0.022076       -0.002279        0.056703        1.090979
 SHF/LHF (W/m2 approx) =  -0.256729129971088        24.2738491749359     
wspd, zbot, t_degC, zbot =       0.00000000     25.00000000     26.70457387     25.00000000
qbot,zbot,pmidm1,ts_degC =       0.01853910     25.00000000   1011.94494827     26.85000000
tau,shf,lhf,Le =     0.000000E+00   -0.210987E-03    0.805905E-05    0.000000E+00
ssq, lhf_coef, ustar,  u10n =         0.022076       -0.002279        0.056703        1.090979
 SHF/LHF (W/m2 approx) =  -0.256729129971088        24.2738491749359     
wspd, zbot, t_degC, zbot =       0.00000000     25.00000000     26.70457387     25.00000000
qbot,zbot,pmidm1,ts_degC =       0.01853910     25.00000000   1011.94494827     26.85000000
tau,shf,lhf,Le =     0.000000E+00   -0.210987E-03    0.805905E-05    0.000000E+00
ssq, lhf_coef, ustar,  u10n =         0.022076       -0.002279        0.056703        1.090979
 SHF/LHF (W/m2 approx) =  -0.256729129971088        24.2738491749359     
wspd, zbot, t_degC, zbot =       0.00000000     25.00000000     26.70457387     25.00000000
qbot,zbot,pmidm1,ts_degC =       0.01853910     25.00000000   1011.94494827     26.85000000
tau,shf,lhf,Le =     0.000000E+00   -0.210987E-03    0.805905E-05    0.000000E+00
ssq, lhf_coef, ustar,  u10n =         0.022076       -0.002279        0.056703        1.090979
 SHF/LHF (W/m2 approx) =  -0.256729129971088        24.2738491749359     
wspd, zbot, t_degC, zbot =       0.00000000     25.00000000     26.70457387     25.00000000
qbot,zbot,pmidm1,ts_degC =       0.01853910     25.00000000   1011.94494827     26.85000000
tau,shf,lhf,Le =     0.000000E+00   -0.210987E-03    0.805905E-05    0.000000E+00
ssq, lhf_coef, ustar,  u10n =         0.022076       -0.002279        0.056703        1.090979
 SHF/LHF (W/m2 approx) =  -0.256729129971088        24.2738491749359     
wspd, zbot, t_degC, zbot =       0.00000000     25.00000000     26.70457387     25.00000000
qbot,zbot,pmidm1,ts_degC =       0.01853910     25.00000000   1011.94494827     26.85000000
tau,shf,lhf,Le =     0.000000E+00   -0.210987E-03    0.805905E-05    0.000000E+00
ssq, lhf_coef, ustar,  u10n =         0.022076       -0.002279        0.056703        1.090979
 SHF/LHF (W/m2 approx) =  -0.256729129971088        24.2738491749359     
wspd, zbot, t_degC, zbot =       0.00000000     25.00000000     26.70457387     25.00000000
qbot,zbot,pmidm1,ts_degC =       0.01853910     25.00000000   1011.94494827     26.85000000
tau,shf,lhf,Le =     0.000000E+00   -0.210987E-03    0.805905E-05    0.000000E+00
ssq, lhf_coef, ustar,  u10n =         0.022076       -0.002279        0.056703        1.090979
 SHF/LHF (W/m2 approx) =  -0.256729129971088        24.2738491749359     
wspd, zbot, t_degC, zbot =       0.00000000     25.00000000     26.70457387     25.00000000
qbot,zbot,pmidm1,ts_degC =       0.01853910     25.00000000   1011.94494827     26.85000000
tau,shf,lhf,Le =     0.000000E+00   -0.210987E-03    0.805905E-05    0.000000E+00
ssq, lhf_coef, ustar,  u10n =         0.022076       -0.002279        0.056703        1.090979
 SHF/LHF (W/m2 approx) =  -0.256729129971088        24.2738491749359     
wspd, zbot, t_degC, zbot =       0.00000000     25.00000000     26.70457387     25.00000000
qbot,zbot,pmidm1,ts_degC =       0.01853910     25.00000000   1011.94494827     26.85000000
tau,shf,lhf,Le =     0.000000E+00   -0.210987E-03    0.805905E-05    0.000000E+00
ssq, lhf_coef, ustar,  u10n =         0.022076       -0.002279        0.056703        1.090979
 SHF/LHF (W/m2 approx) =  -0.256729129971088        24.2738491749359     
wspd, zbot, t_degC, zbot =       0.00000000     25.00000000     26.70457387     25.00000000
qbot,zbot,pmidm1,ts_degC =       0.01853910     25.00000000   1011.94494827     26.85000000
tau,shf,lhf,Le =     0.000000E+00   -0.210987E-03    0.805905E-05    0.000000E+00
ssq, lhf_coef, ustar,  u10n =         0.022076       -0.002279        0.056703        1.090979
 SHF/LHF (W/m2 approx) =  -0.256729129971088        24.2738491749359     
wspd, zbot, t_degC, zbot =       0.00000000     25.00000000     26.70457387     25.00000000
qbot,zbot,pmidm1,ts_degC =       0.01853910     25.00000000   1011.94494827     26.85000000
tau,shf,lhf,Le =     0.000000E+00   -0.210987E-03    0.805905E-05    0.000000E+00
ssq, lhf_coef, ustar,  u10n =         0.022076       -0.002279        0.056703        1.090979
 SHF/LHF (W/m2 approx) =  -0.256729129971088        24.2738491749359     
wspd, zbot, t_degC, zbot =       0.00000000     25.00000000     26.70457387     25.00000000
qbot,zbot,pmidm1,ts_degC =       0.01853910     25.00000000   1011.94494827     26.85000000
tau,shf,lhf,Le =     0.000000E+00   -0.210987E-03    0.805905E-05    0.000000E+00
ssq, lhf_coef, ustar,  u10n =         0.022076       -0.002279        0.056703        1.090979
 SHF/LHF (W/m2 approx) =  -0.256729129971088        24.2738491749359     
wspd, zbot, t_degC, zbot =       0.00000000     25.00000000     26.70457387     25.00000000
qbot,zbot,pmidm1,ts_degC =       0.01853910     25.00000000   1011.94494827     26.85000000
tau,shf,lhf,Le =     0.000000E+00   -0.210987E-03    0.805905E-05    0.000000E+00
ssq, lhf_coef, ustar,  u10n =         0.022076       -0.002279        0.056703        1.090979
 SHF/LHF (W/m2 approx) =  -0.256729129971088        24.2738491749359     
wspd, zbot, t_degC, zbot =       0.00000000     25.00000000     26.70457387     25.00000000
qbot,zbot,pmidm1,ts_degC =       0.01853910     25.00000000   1011.94494827     26.85000000
tau,shf,lhf,Le =     0.000000E+00   -0.210987E-03    0.805905E-05    0.000000E+00
ssq, lhf_coef, ustar,  u10n =         0.022076       -0.002279        0.056703        1.090979
 SHF/LHF (W/m2 approx) =  -0.256729129971088        24.2738491749359     
wspd, zbot, t_degC, zbot =       0.00000000     25.00000000     26.70457387     25.00000000
qbot,zbot,pmidm1,ts_degC =       0.01853910     25.00000000   1011.94494827     26.85000000
tau,shf,lhf,Le =     0.000000E+00   -0.210987E-03    0.805905E-05    0.000000E+00
ssq, lhf_coef, ustar,  u10n =         0.022076       -0.002279        0.056703        1.090979
 SHF/LHF (W/m2 approx) =  -0.256729129971088        24.2738491749359     
wspd, zbot, t_degC, zbot =       0.00000000     25.00000000     26.70457387     25.00000000
qbot,zbot,pmidm1,ts_degC =       0.01853910     25.00000000   1011.94494827     26.85000000
tau,shf,lhf,Le =     0.000000E+00   -0.210987E-03    0.805905E-05    0.000000E+00
ssq, lhf_coef, ustar,  u10n =         0.022076       -0.002279        0.056703        1.090979
 SHF/LHF (W/m2 approx) =  -0.256729129971088        24.2738491749359     
wspd, zbot, t_degC, zbot =       0.00000000     25.00000000     26.70457387     25.00000000
qbot,zbot,pmidm1,ts_degC =       0.01853910     25.00000000   1011.94494827     26.85000000
tau,shf,lhf,Le =     0.000000E+00   -0.210987E-03    0.805905E-05    0.000000E+00
ssq, lhf_coef, ustar,  u10n =         0.022076       -0.002279        0.056703        1.090979
 SHF/LHF (W/m2 approx) =  -0.256729129971088        24.2738491749359     
wspd, zbot, t_degC, zbot =       0.00000000     25.00000000     26.70457387     25.00000000
qbot,zbot,pmidm1,ts_degC =       0.01853910     25.00000000   1011.94494827     26.85000000
tau,shf,lhf,Le =     0.000000E+00   -0.210987E-03    0.805905E-05    0.000000E+00
ssq, lhf_coef, ustar,  u10n =         0.022076       -0.002279        0.056703        1.090979
 SHF/LHF (W/m2 approx) =  -0.256729129971088        24.2738491749359     
wspd, zbot, t_degC, zbot =       0.00000000     25.00000000     26.70457387     25.00000000
qbot,zbot,pmidm1,ts_degC =       0.01853910     25.00000000   1011.94494827     26.85000000
tau,shf,lhf,Le =     0.000000E+00   -0.210987E-03    0.805905E-05    0.000000E+00
ssq, lhf_coef, ustar,  u10n =         0.022076       -0.002279        0.056703        1.090979
 SHF/LHF (W/m2 approx) =  -0.256729129971088        24.2738491749359     
wspd, zbot, t_degC, zbot =       0.00000000     25.00000000     26.70457387     25.00000000
qbot,zbot,pmidm1,ts_degC =       0.01853910     25.00000000   1011.94494827     26.85000000
tau,shf,lhf,Le =     0.000000E+00   -0.210987E-03    0.805905E-05    0.000000E+00
ssq, lhf_coef, ustar,  u10n =         0.022076       -0.002279        0.056703        1.090979
 SHF/LHF (W/m2 approx) =  -0.256729129971088        24.2738491749359     
wspd, zbot, t_degC, zbot =       0.00000000     25.00000000     26.70457387     25.00000000
qbot,zbot,pmidm1,ts_degC =       0.01853910     25.00000000   1011.94494827     26.85000000
tau,shf,lhf,Le =     0.000000E+00   -0.210987E-03    0.805905E-05    0.000000E+00
ssq, lhf_coef, ustar,  u10n =         0.022076       -0.002279        0.056703        1.090979
 SHF/LHF (W/m2 approx) =  -0.256729129971088        24.2738491749359     
wspd, zbot, t_degC, zbot =       0.00000000     25.00000000     26.70457387     25.00000000
qbot,zbot,pmidm1,ts_degC =       0.01853910     25.00000000   1011.94494827     26.85000000
tau,shf,lhf,Le =     0.000000E+00   -0.210987E-03    0.805905E-05    0.000000E+00
ssq, lhf_coef, ustar,  u10n =         0.022076       -0.002279        0.056703        1.090979
 SHF/LHF (W/m2 approx) =  -0.256729129971088        24.2738491749359     
wspd, zbot, t_degC, zbot =       0.00000000     25.00000000     26.70457387     25.00000000
qbot,zbot,pmidm1,ts_degC =       0.01853910     25.00000000   1011.94494827     26.85000000
tau,shf,lhf,Le =     0.000000E+00   -0.210987E-03    0.805905E-05    0.000000E+00
ssq, lhf_coef, ustar,  u10n =         0.022076       -0.002279        0.056703        1.090979
 SHF/LHF (W/m2 approx) =  -0.256729129971088        24.2738491749359     
wspd, zbot, t_degC, zbot =       0.00000000     25.00000000     26.70457387     25.00000000
qbot,zbot,pmidm1,ts_degC =       0.01853910     25.00000000   1011.94494827     26.85000000
tau,shf,lhf,Le =     0.000000E+00   -0.210987E-03    0.805905E-05    0.000000E+00
ssq, lhf_coef, ustar,  u10n =         0.022076       -0.002279        0.056703        1.090979
 SHF/LHF (W/m2 approx) =  -0.256729129971088        24.2738491749359     
wspd, zbot, t_degC, zbot =       0.00000000     25.00000000     26.70457387     25.00000000
qbot,zbot,pmidm1,ts_degC =       0.01853910     25.00000000   1011.94494827     26.85000000
tau,shf,lhf,Le =     0.000000E+00   -0.210987E-03    0.805905E-05    0.000000E+00
ssq, lhf_coef, ustar,  u10n =         0.022076       -0.002279        0.056703        1.090979
 SHF/LHF (W/m2 approx) =  -0.256729129971088        24.2738491749359     
wspd, zbot, t_degC, zbot =       0.00000000     25.00000000     26.70457387     25.00000000
qbot,zbot,pmidm1,ts_degC =       0.01853910     25.00000000   1011.94494827     26.85000000
tau,shf,lhf,Le =     0.000000E+00   -0.210987E-03    0.805905E-05    0.000000E+00
ssq, lhf_coef, ustar,  u10n =         0.022076       -0.002279        0.056703        1.090979
 SHF/LHF (W/m2 approx) =  -0.256729129971088        24.2738491749359     
wspd, zbot, t_degC, zbot =       0.00000000     25.00000000     26.70457387     25.00000000
qbot,zbot,pmidm1,ts_degC =       0.01853910     25.00000000   1011.94494827     26.85000000
tau,shf,lhf,Le =     0.000000E+00   -0.210987E-03    0.805905E-05    0.000000E+00
ssq, lhf_coef, ustar,  u10n =         0.022076       -0.002279        0.056703        1.090979
 SHF/LHF (W/m2 approx) =  -0.256729129971088        24.2738491749359     
wspd, zbot, t_degC, zbot =       0.00000000     25.00000000     26.70457387     25.00000000
qbot,zbot,pmidm1,ts_degC =       0.01853910     25.00000000   1011.94494827     26.85000000
tau,shf,lhf,Le =     0.000000E+00   -0.210987E-03    0.805905E-05    0.000000E+00
ssq, lhf_coef, ustar,  u10n =         0.022076       -0.002279        0.056703        1.090979
 SHF/LHF (W/m2 approx) =  -0.256729129971088        24.2738491749359     
wspd, zbot, t_degC, zbot =       0.00000000     25.00000000     26.70457387     25.00000000
qbot,zbot,pmidm1,ts_degC =       0.01853910     25.00000000   1011.94494827     26.85000000
tau,shf,lhf,Le =     0.000000E+00   -0.210987E-03    0.805905E-05    0.000000E+00
ssq, lhf_coef, ustar,  u10n =         0.022076       -0.002279        0.056703        1.090979
 SHF/LHF (W/m2 approx) =  -0.256729129971088        24.2738491749359     
wspd, zbot, t_degC, zbot =       0.00000000     25.00000000     26.70457387     25.00000000
qbot,zbot,pmidm1,ts_degC =       0.01853910     25.00000000   1011.94494827     26.85000000
tau,shf,lhf,Le =     0.000000E+00   -0.210987E-03    0.805905E-05    0.000000E+00
ssq, lhf_coef, ustar,  u10n =         0.022076       -0.002279        0.056703        1.090979
 SHF/LHF (W/m2 approx) =  -0.256729129971088        24.2738491749359     
wspd, zbot, t_degC, zbot =       0.00000000     25.00000000     26.70457387     25.00000000
qbot,zbot,pmidm1,ts_degC =       0.01853910     25.00000000   1011.94494827     26.85000000
tau,shf,lhf,Le =     0.000000E+00   -0.210987E-03    0.805905E-05    0.000000E+00
ssq, lhf_coef, ustar,  u10n =         0.022076       -0.002279        0.056703        1.090979
 SHF/LHF (W/m2 approx) =  -0.256729129971088        24.2738491749359     
wspd, zbot, t_degC, zbot =       0.00000000     25.00000000     26.70457387     25.00000000
qbot,zbot,pmidm1,ts_degC =       0.01853910     25.00000000   1011.94494827     26.85000000
tau,shf,lhf,Le =     0.000000E+00   -0.210987E-03    0.805905E-05    0.000000E+00
ssq, lhf_coef, ustar,  u10n =         0.022076       -0.002279        0.056703        1.090979
 SHF/LHF (W/m2 approx) =  -0.256729129971088        24.2738491749359     
wspd, zbot, t_degC, zbot =       0.00000000     25.00000000     26.70457387     25.00000000
qbot,zbot,pmidm1,ts_degC =       0.01853910     25.00000000   1011.94494827     26.85000000
tau,shf,lhf,Le =     0.000000E+00   -0.210987E-03    0.805905E-05    0.000000E+00
ssq, lhf_coef, ustar,  u10n =         0.022076       -0.002279        0.056703        1.090979
 SHF/LHF (W/m2 approx) =  -0.256729129971088        24.2738491749359     
wspd, zbot, t_degC, zbot =       0.00000000     25.00000000     26.70457387     25.00000000
qbot,zbot,pmidm1,ts_degC =       0.01853910     25.00000000   1011.94494827     26.85000000
tau,shf,lhf,Le =     0.000000E+00   -0.210987E-03    0.805905E-05    0.000000E+00
ssq, lhf_coef, ustar,  u10n =         0.022076       -0.002279        0.056703        1.090979
 SHF/LHF (W/m2 approx) =  -0.256729129971088        24.2738491749359     
wspd, zbot, t_degC, zbot =       0.00000000     25.00000000     26.70457387     25.00000000
qbot,zbot,pmidm1,ts_degC =       0.01853910     25.00000000   1011.94494827     26.85000000
tau,shf,lhf,Le =     0.000000E+00   -0.210987E-03    0.805905E-05    0.000000E+00
ssq, lhf_coef, ustar,  u10n =         0.022076       -0.002279        0.056703        1.090979
 SHF/LHF (W/m2 approx) =  -0.256729129971088        24.2738491749359     
wspd, zbot, t_degC, zbot =       0.00000000     25.00000000     26.70457387     25.00000000
qbot,zbot,pmidm1,ts_degC =       0.01853910     25.00000000   1011.94494827     26.85000000
tau,shf,lhf,Le =     0.000000E+00   -0.210987E-03    0.805905E-05    0.000000E+00
ssq, lhf_coef, ustar,  u10n =         0.022076       -0.002279        0.056703        1.090979
 SHF/LHF (W/m2 approx) =  -0.256729129971088        24.2738491749359     
qbot,zbot,pmidm1,ts_degC =       0.01853910     25.00000000   1011.94494827     26.85000000
qbot,zbot,pmidm1,ts_degC =       0.01853910     25.00000000   1011.94494827     26.85000000
tau,shf,lhf,Le =     0.000000E+00   -0.210987E-03    0.805905E-05    0.000000E+00
tau,shf,lhf,Le =     0.000000E+00   -0.210987E-03    0.805905E-05    0.000000E+00
ssq, lhf_coef, ustar,  u10n =         0.022076       -0.002279        0.056703        1.090979
ssq, lhf_coef, ustar,  u10n =         0.022076       -0.002279        0.056703        1.090979
 SHF/LHF (W/m2 approx) =  -0.256729129971088        24.2738491749359     
 SHF/LHF (W/m2 approx) =  -0.256729129971088        24.2738491749359     
 RRTMG rrtmg_lw.nc trace gas profile: number of levels=          59
 gas traces vertical profiles (ppmv):
  p (hPa)        O3          CO2         CH4         N2O         O2          
 CFC11       CFC12       CFC22       CCL4 
 1011.94  0.1762E-07  0.3550E-03  0.1700E-05  0.3200E-06  0.2090E+00  0.0000E+00  0.0000E+00  0.0000E+00  0.0000E+00
 1009.10  0.1765E-07  0.3550E-03  0.1700E-05  0.3200E-06  0.2090E+00  0.0000E+00  0.0000E+00  0.0000E+00  0.0000E+00
 1002.82  0.1768E-07  0.3550E-03  0.1700E-05  0.3200E-06  0.2090E+00  0.0000E+00  0.0000E+00  0.0000E+00  0.0000E+00
  996.58  0.1772E-07  0.3550E-03  0.1700E-05  0.3200E-06  0.2090E+00  0.0000E+00  0.0000E+00  0.0000E+00  0.0000E+00
  989.19  0.1777E-07  0.3550E-03  0.1700E-05  0.3200E-06  0.2090E+00  0.0000E+00  0.0000E+00  0.0000E+00  0.0000E+00
  981.84  0.1782E-07  0.3550E-03  0.1700E-05  0.3200E-06  0.2090E+00  0.0000E+00  0.0000E+00  0.0000E+00  0.0000E+00
  973.38  0.1787E-07  0.3550E-03  0.1700E-05  0.3200E-06  0.2090E+00  0.0000E+00  0.0000E+00  0.0000E+00  0.0000E+00
  964.97  0.1793E-07  0.3550E-03  0.1700E-05  0.3200E-06  0.2090E+00  0.0000E+00  0.0000E+00  0.0000E+00  0.0000E+00
  955.47  0.1799E-07  0.3550E-03  0.1700E-05  0.3200E-06  0.2090E+00  0.0000E+00  0.0000E+00  0.0000E+00  0.0000E+00
  946.05  0.1805E-07  0.3550E-03  0.1700E-05  0.3200E-06  0.2090E+00  0.0000E+00  0.0000E+00  0.0000E+00  0.0000E+00
  935.57  0.1812E-07  0.3550E-03  0.1700E-05  0.3200E-06  0.2090E+00  0.0000E+00  0.0000E+00  0.0000E+00  0.0000E+00
  925.19  0.1819E-07  0.3550E-03  0.1700E-05  0.3200E-06  0.2090E+00  0.0000E+00  0.0000E+00  0.0000E+00  0.0000E+00
  913.80  0.1826E-07  0.3550E-03  0.1700E-05  0.3200E-06  0.2090E+00  0.0000E+00  0.0000E+00  0.0000E+00  0.0000E+00
  902.51  0.1834E-07  0.3550E-03  0.1700E-05  0.3200E-06  0.2090E+00  0.0000E+00  0.0000E+00  0.0000E+00  0.0000E+00
  890.26  0.1841E-07  0.3550E-03  0.1700E-05  0.3200E-06  0.2090E+00  0.0000E+00  0.0000E+00  0.0000E+00  0.0000E+00
  878.14  0.1849E-07  0.3550E-03  0.1700E-05  0.3200E-06  0.2090E+00  0.0000E+00  0.0000E+00  0.0000E+00  0.0000E+00
  865.09  0.1859E-07  0.3550E-03  0.1700E-05  0.3200E-06  0.2090E+00  0.0000E+00  0.0000E+00  0.0000E+00  0.0000E+00
  852.20  0.1891E-07  0.3550E-03  0.1700E-05  0.3200E-06  0.2090E+00  0.0000E+00  0.0000E+00  0.0000E+00  0.0000E+00
  838.43  0.1930E-07  0.3550E-03  0.1700E-05  0.3200E-06  0.2090E+00  0.0000E+00  0.0000E+00  0.0000E+00  0.0000E+00
  824.84  0.1970E-07  0.3550E-03  0.1700E-05  0.3200E-06  0.2090E+00  0.0000E+00  0.0000E+00  0.0000E+00  0.0000E+00
  810.43  0.2012E-07  0.3550E-03  0.1700E-05  0.3200E-06  0.2090E+00  0.0000E+00  0.0000E+00  0.0000E+00  0.0000E+00
  796.21  0.2054E-07  0.3550E-03  0.1700E-05  0.3200E-06  0.2090E+00  0.0000E+00  0.0000E+00  0.0000E+00  0.0000E+00
  781.23  0.2097E-07  0.3550E-03  0.1700E-05  0.3200E-06  0.2090E+00  0.0000E+00  0.0000E+00  0.0000E+00  0.0000E+00
  766.47  0.2141E-07  0.3550E-03  0.1700E-05  0.3200E-06  0.2090E+00  0.0000E+00  0.0000E+00  0.0000E+00  0.0000E+00
  750.98  0.2185E-07  0.3550E-03  0.1700E-05  0.3200E-06  0.2090E+00  0.0000E+00  0.0000E+00  0.0000E+00  0.0000E+00
  735.75  0.2230E-07  0.3550E-03  0.1700E-05  0.3200E-06  0.2090E+00  0.0000E+00  0.0000E+00  0.0000E+00  0.0000E+00
  719.86  0.2276E-07  0.3550E-03  0.1700E-05  0.3200E-06  0.2090E+00  0.0000E+00  0.0000E+00  0.0000E+00  0.0000E+00
  704.24  0.2330E-07  0.3550E-03  0.1700E-05  0.3200E-06  0.2090E+00  0.0000E+00  0.0000E+00  0.0000E+00  0.0000E+00
  688.02  0.2410E-07  0.3550E-03  0.1699E-05  0.3200E-06  0.2090E+00  0.0000E+00  0.0000E+00  0.0000E+00  0.0000E+00
  672.10  0.2493E-07  0.3550E-03  0.1697E-05  0.3200E-06  0.2090E+00  0.0000E+00  0.0000E+00  0.0000E+00  0.0000E+00
  655.62  0.2577E-07  0.3550E-03  0.1696E-05  0.3200E-06  0.2090E+00  0.0000E+00  0.0000E+00  0.0000E+00  0.0000E+00
  639.48  0.2662E-07  0.3550E-03  0.1695E-05  0.3200E-06  0.2090E+00  0.0000E+00  0.0000E+00  0.0000E+00  0.0000E+00
  622.84  0.2747E-07  0.3550E-03  0.1694E-05  0.3200E-06  0.2090E+00  0.0000E+00  0.0000E+00  0.0000E+00  0.0000E+00
  606.55  0.2832E-07  0.3550E-03  0.1692E-05  0.3200E-06  0.2090E+00  0.0000E+00  0.0000E+00  0.0000E+00  0.0000E+00
  589.82  0.2917E-07  0.3550E-03  0.1691E-05  0.3200E-06  0.2090E+00  0.0000E+00  0.0000E+00  0.0000E+00  0.0000E+00
  573.47  0.3008E-07  0.3550E-03  0.1689E-05  0.3200E-06  0.2090E+00  0.0000E+00  0.0000E+00  0.0000E+00  0.0000E+00
  556.74  0.3108E-07  0.3550E-03  0.1686E-05  0.3200E-06  0.2090E+00  0.0000E+00  0.0000E+00  0.0000E+00  0.0000E+00
  540.41  0.3209E-07  0.3550E-03  0.1682E-05  0.3200E-06  0.2090E+00  0.0000E+00  0.0000E+00  0.0000E+00  0.0000E+00
  523.75  0.3309E-07  0.3550E-03  0.1678E-05  0.3200E-06  0.2090E+00  0.0000E+00  0.0000E+00  0.0000E+00  0.0000E+00
  507.51  0.3409E-07  0.3550E-03  0.1675E-05  0.3200E-06  0.2090E+00  0.0000E+00  0.0000E+00  0.0000E+00  0.0000E+00
  491.34  0.3507E-07  0.3550E-03  0.1671E-05  0.3200E-06  0.2090E+00  0.0000E+00  0.0000E+00  0.0000E+00  0.0000E+00
  475.59  0.3601E-07  0.3550E-03  0.1667E-05  0.3200E-06  0.2090E+00  0.0000E+00  0.0000E+00  0.0000E+00  0.0000E+00
  460.24  0.3681E-07  0.3550E-03  0.1662E-05  0.3199E-06  0.2090E+00  0.0000E+00  0.0000E+00  0.0000E+00  0.0000E+00
  445.30  0.3754E-07  0.3550E-03  0.1657E-05  0.3199E-06  0.2090E+00  0.0000E+00  0.0000E+00  0.0000E+00  0.0000E+00
  430.75  0.3825E-07  0.3550E-03  0.1651E-05  0.3198E-06  0.2090E+00  0.0000E+00  0.0000E+00  0.0000E+00  0.0000E+00
  416.58  0.3895E-07  0.3550E-03  0.1646E-05  0.3198E-06  0.2090E+00  0.0000E+00  0.0000E+00  0.0000E+00  0.0000E+00
  402.79  0.3963E-07  0.3550E-03  0.1641E-05  0.3197E-06  0.2090E+00  0.0000E+00  0.0000E+00  0.0000E+00  0.0000E+00
  389.37  0.4025E-07  0.3550E-03  0.1636E-05  0.3196E-06  0.2090E+00  0.0000E+00  0.0000E+00  0.0000E+00  0.0000E+00
  376.31  0.4038E-07  0.3550E-03  0.1631E-05  0.3190E-06  0.2090E+00  0.0000E+00  0.0000E+00  0.0000E+00  0.0000E+00
  363.61  0.4039E-07  0.3550E-03  0.1626E-05  0.3182E-06  0.2090E+00  0.0000E+00  0.0000E+00  0.0000E+00  0.0000E+00
  351.25  0.4040E-07  0.3550E-03  0.1622E-05  0.3174E-06  0.2090E+00  0.0000E+00  0.0000E+00  0.0000E+00  0.0000E+00
  339.23  0.4041E-07  0.3550E-03  0.1618E-05  0.3167E-06  0.2090E+00  0.0000E+00  0.0000E+00  0.0000E+00  0.0000E+00
  327.54  0.4041E-07  0.3550E-03  0.1613E-05  0.3160E-06  0.2090E+00  0.0000E+00  0.0000E+00  0.0000E+00  0.0000E+00
  316.18  0.4039E-07  0.3550E-03  0.1608E-05  0.3150E-06  0.2090E+00  0.0000E+00  0.0000E+00  0.0000E+00  0.0000E+00
  305.14  0.4027E-07  0.3550E-03  0.1599E-05  0.3129E-06  0.2090E+00  0.0000E+00  0.0000E+00  0.0000E+00  0.0000E+00
  294.41  0.4014E-07  0.3550E-03  0.1590E-05  0.3107E-06  0.2090E+00  0.0000E+00  0.0000E+00  0.0000E+00  0.0000E+00
  283.99  0.4002E-07  0.3550E-03  0.1580E-05  0.3087E-06  0.2090E+00  0.0000E+00  0.0000E+00  0.0000E+00  0.0000E+00
  273.86  0.3989E-07  0.3550E-03  0.1571E-05  0.3066E-06  0.2090E+00  0.0000E+00  0.0000E+00  0.0000E+00  0.0000E+00
  264.03  0.3977E-07  0.3550E-03  0.1563E-05  0.3047E-06  0.2090E+00  0.0000E+00  0.0000E+00  0.0000E+00  0.0000E+00
  254.48  0.3967E-07  0.3550E-03  0.1554E-05  0.3027E-06  0.2090E+00  0.0000E+00  0.0000E+00  0.0000E+00  0.0000E+00
  245.21  0.3959E-07  0.3550E-03  0.1544E-05  0.3009E-06  0.2090E+00  0.0000E+00  0.0000E+00  0.0000E+00  0.0000E+00
  236.22  0.3950E-07  0.3550E-03  0.1535E-05  0.2990E-06  0.2090E+00  0.0000E+00  0.0000E+00  0.0000E+00  0.0000E+00
  227.49  0.3942E-07  0.3550E-03  0.1527E-05  0.2972E-06  0.2090E+00  0.0000E+00  0.0000E+00  0.0000E+00  0.0000E+00
  219.02  0.3934E-07  0.3550E-03  0.1518E-05  0.2955E-06  0.2090E+00  0.0000E+00  0.0000E+00  0.0000E+00  0.0000E+00
  210.81  0.3932E-07  0.3550E-03  0.1510E-05  0.2938E-06  0.2090E+00  0.0000E+00  0.0000E+00  0.0000E+00  0.0000E+00
  202.84  0.3945E-07  0.3550E-03  0.1502E-05  0.2919E-06  0.2090E+00  0.0000E+00  0.0000E+00  0.0000E+00  0.0000E+00
  195.12  0.3959E-07  0.3550E-03  0.1495E-05  0.2900E-06  0.2090E+00  0.0000E+00  0.0000E+00  0.0000E+00  0.0000E+00
  187.64  0.3972E-07  0.3550E-03  0.1487E-05  0.2882E-06  0.2090E+00  0.0000E+00  0.0000E+00  0.0000E+00  0.0000E+00
  180.39  0.3985E-07  0.3550E-03  0.1480E-05  0.2865E-06  0.2090E+00  0.0000E+00  0.0000E+00  0.0000E+00  0.0000E+00
  173.37  0.4009E-07  0.3550E-03  0.1473E-05  0.2847E-06  0.2090E+00  0.0000E+00  0.0000E+00  0.0000E+00  0.0000E+00
  166.57  0.4075E-07  0.3550E-03  0.1466E-05  0.2830E-06  0.2090E+00  0.0000E+00  0.0000E+00  0.0000E+00  0.0000E+00
  159.98  0.4143E-07  0.3550E-03  0.1458E-05  0.2813E-06  0.2090E+00  0.0000E+00  0.0000E+00  0.0000E+00  0.0000E+00
  153.61  0.4210E-07  0.3550E-03  0.1451E-05  0.2796E-06  0.2090E+00  0.0000E+00  0.0000E+00  0.0000E+00  0.0000E+00
  147.44  0.4274E-07  0.3550E-03  0.1444E-05  0.2780E-06  0.2090E+00  0.0000E+00  0.0000E+00  0.0000E+00  0.0000E+00
  141.47  0.4423E-07  0.3550E-03  0.1437E-05  0.2761E-06  0.2090E+00  0.0000E+00  0.0000E+00  0.0000E+00  0.0000E+00
  135.70  0.4829E-07  0.3550E-03  0.1428E-05  0.2735E-06  0.2090E+00  0.0000E+00  0.0000E+00  0.0000E+00  0.0000E+00
  130.12  0.5239E-07  0.3550E-03  0.1420E-05  0.2709E-06  0.2090E+00  0.0000E+00  0.0000E+00  0.0000E+00  0.0000E+00
  124.74  0.5634E-07  0.3550E-03  0.1412E-05  0.2684E-06  0.2090E+00  0.0000E+00  0.0000E+00  0.0000E+00  0.0000E+00
  119.59  0.6012E-07  0.3550E-03  0.1404E-05  0.2660E-06  0.2090E+00  0.0000E+00  0.0000E+00  0.0000E+00  0.0000E+00
  114.65  0.7020E-07  0.3550E-03  0.1396E-05  0.2626E-06  0.2090E+00  0.0000E+00  0.0000E+00  0.0000E+00  0.0000E+00
  109.91  0.8830E-07  0.3550E-03  0.1386E-05  0.2577E-06  0.2090E+00  0.0000E+00  0.0000E+00  0.0000E+00  0.0000E+00
  105.37  0.1057E-06  0.3550E-03  0.1377E-05  0.2530E-06  0.2090E+00  0.0000E+00  0.0000E+00  0.0000E+00  0.0000E+00
  101.02  0.1224E-06  0.3550E-03  0.1368E-05  0.2485E-06  0.2090E+00  0.0000E+00  0.0000E+00  0.0000E+00  0.0000E+00
   96.85  0.1391E-06  0.3550E-03  0.1360E-05  0.2441E-06  0.2090E+00  0.0000E+00  0.0000E+00  0.0000E+00  0.0000E+00
   92.85  0.1809E-06  0.3550E-03  0.1350E-05  0.2376E-06  0.2090E+00  0.0000E+00  0.0000E+00  0.0000E+00  0.0000E+00
   89.01  0.2341E-06  0.3550E-03  0.1341E-05  0.2303E-06  0.2090E+00  0.0000E+00  0.0000E+00  0.0000E+00  0.0000E+00
   85.33  0.2850E-06  0.3550E-03  0.1331E-05  0.2232E-06  0.2090E+00  0.0000E+00  0.0000E+00  0.0000E+00  0.0000E+00
   81.81  0.3339E-06  0.3550E-03  0.1322E-05  0.2164E-06  0.2090E+00  0.0000E+00  0.0000E+00  0.0000E+00  0.0000E+00
   78.43  0.3873E-06  0.3550E-03  0.1313E-05  0.2097E-06  0.2090E+00  0.0000E+00  0.0000E+00  0.0000E+00  0.0000E+00
   75.18  0.4868E-06  0.3550E-03  0.1300E-05  0.2014E-06  0.2090E+00  0.0000E+00  0.0000E+00  0.0000E+00  0.0000E+00
   72.08  0.5920E-06  0.3550E-03  0.1286E-05  0.1932E-06  0.2090E+00  0.0000E+00  0.0000E+00  0.0000E+00  0.0000E+00
   69.10  0.6929E-06  0.3550E-03  0.1273E-05  0.1853E-06  0.2090E+00  0.0000E+00  0.0000E+00  0.0000E+00  0.0000E+00
   66.24  0.7896E-06  0.3550E-03  0.1261E-05  0.1777E-06  0.2090E+00  0.0000E+00  0.0000E+00  0.0000E+00  0.0000E+00
   63.50  0.8956E-06  0.3550E-03  0.1247E-05  0.1703E-06  0.2090E+00  0.0000E+00  0.0000E+00  0.0000E+00  0.0000E+00
   60.88  0.1034E-05  0.3550E-03  0.1228E-05  0.1625E-06  0.2090E+00  0.0000E+00  0.0000E+00  0.0000E+00  0.0000E+00
   58.36  0.1169E-05  0.3550E-03  0.1210E-05  0.1551E-06  0.2090E+00  0.0000E+00  0.0000E+00  0.0000E+00  0.0000E+00
   55.95  0.1299E-05  0.3550E-03  0.1192E-05  0.1479E-06  0.2090E+00  0.0000E+00  0.0000E+00  0.0000E+00  0.0000E+00
   53.64  0.1423E-05  0.3550E-03  0.1175E-05  0.1410E-06  0.2090E+00  0.0000E+00  0.0000E+00  0.0000E+00  0.0000E+00
   51.42  0.1566E-05  0.3550E-03  0.1155E-05  0.1349E-06  0.2090E+00  0.0000E+00  0.0000E+00  0.0000E+00  0.0000E+00
   49.29  0.1731E-05  0.3550E-03  0.1130E-05  0.1295E-06  0.2090E+00  0.0000E+00  0.0000E+00  0.0000E+00  0.0000E+00
   47.26  0.1888E-05  0.3550E-03  0.1106E-05  0.1243E-06  0.2090E+00  0.0000E+00  0.0000E+00  0.0000E+00  0.0000E+00
   45.30  0.2040E-05  0.3550E-03  0.1083E-05  0.1193E-06  0.2090E+00  0.0000E+00  0.0000E+00  0.0000E+00  0.0000E+00
   43.43  0.2187E-05  0.3550E-03  0.1061E-05  0.1146E-06  0.2090E+00  0.0000E+00  0.0000E+00  0.0000E+00  0.0000E+00
   41.63  0.2396E-05  0.3550E-03  0.1035E-05  0.1111E-06  0.2090E+00  0.0000E+00  0.0000E+00  0.0000E+00  0.0000E+00
   39.91  0.2625E-05  0.3550E-03  0.1008E-05  0.1083E-06  0.2090E+00  0.0000E+00  0.0000E+00  0.0000E+00  0.0000E+00
   38.26  0.2845E-05  0.3550E-03  0.9817E-06  0.1055E-06  0.2090E+00  0.0000E+00  0.0000E+00  0.0000E+00  0.0000E+00
   36.68  0.3056E-05  0.3550E-03  0.9568E-06  0.1029E-06  0.2090E+00  0.0000E+00  0.0000E+00  0.0000E+00  0.0000E+00
   35.16  0.3273E-05  0.3550E-03  0.9323E-06  0.1004E-06  0.2090E+00  0.0000E+00  0.0000E+00  0.0000E+00  0.0000E+00
   33.71  0.3576E-05  0.3550E-03  0.9054E-06  0.9829E-07  0.2090E+00  0.0000E+00  0.0000E+00  0.0000E+00  0.0000E+00
   32.31  0.3882E-05  0.3550E-03  0.8790E-06  0.9630E-07  0.2090E+00  0.0000E+00  0.0000E+00  0.0000E+00  0.0000E+00
   30.97  0.4175E-05  0.3550E-03  0.8537E-06  0.9440E-07  0.2090E+00  0.0000E+00  0.0000E+00  0.0000E+00  0.0000E+00
   29.69  0.4456E-05  0.3550E-03  0.8294E-06  0.9258E-07  0.2090E+00  0.0000E+00  0.0000E+00  0.0000E+00  0.0000E+00
   28.46  0.4757E-05  0.3550E-03  0.8088E-06  0.9094E-07  0.2090E+00  0.0000E+00  0.0000E+00  0.0000E+00  0.0000E+00
   27.29  0.5117E-05  0.3550E-03  0.7950E-06  0.8961E-07  0.2090E+00  0.0000E+00  0.0000E+00  0.0000E+00  0.0000E+00
   26.16  0.5465E-05  0.3550E-03  0.7821E-06  0.8835E-07  0.2090E+00  0.0000E+00  0.0000E+00  0.0000E+00  0.0000E+00
   25.08  0.5798E-05  0.3550E-03  0.7697E-06  0.8715E-07  0.2090E+00  0.0000E+00  0.0000E+00  0.0000E+00  0.0000E+00
   24.04  0.6118E-05  0.3550E-03  0.7578E-06  0.8599E-07  0.2090E+00  0.0000E+00  0.0000E+00  0.0000E+00  0.0000E+00
   23.04  0.6439E-05  0.3550E-03  0.7469E-06  0.8484E-07  0.2090E+00  0.0000E+00  0.0000E+00  0.0000E+00  0.0000E+00
   22.09  0.6758E-05  0.3550E-03  0.7368E-06  0.8370E-07  0.2090E+00  0.0000E+00  0.0000E+00  0.0000E+00  0.0000E+00
   21.17  0.7064E-05  0.3550E-03  0.7271E-06  0.8261E-07  0.2090E+00  0.0000E+00  0.0000E+00  0.0000E+00  0.0000E+00
   20.30  0.7358E-05  0.3550E-03  0.7179E-06  0.8156E-07  0.2090E+00  0.0000E+00  0.0000E+00  0.0000E+00  0.0000E+00
   19.46  0.7637E-05  0.3550E-03  0.7090E-06  0.8053E-07  0.2090E+00  0.0000E+00  0.0000E+00  0.0000E+00  0.0000E+00
   18.65  0.7864E-05  0.3550E-03  0.6999E-06  0.7908E-07  0.2090E+00  0.0000E+00  0.0000E+00  0.0000E+00  0.0000E+00
   17.88  0.8068E-05  0.3550E-03  0.6911E-06  0.7754E-07  0.2090E+00  0.0000E+00  0.0000E+00  0.0000E+00  0.0000E+00
   17.14  0.8263E-05  0.3550E-03  0.6826E-06  0.7606E-07  0.2090E+00  0.0000E+00  0.0000E+00  0.0000E+00  0.0000E+00
   16.43  0.8450E-05  0.3550E-03  0.6745E-06  0.7464E-07  0.2090E+00  0.0000E+00  0.0000E+00  0.0000E+00  0.0000E+00
   15.75  0.8628E-05  0.3550E-03  0.6664E-06  0.7321E-07  0.2090E+00  0.0000E+00  0.0000E+00  0.0000E+00  0.0000E+00
   15.10  0.8792E-05  0.3550E-03  0.6575E-06  0.7157E-07  0.2090E+00  0.0000E+00  0.0000E+00  0.0000E+00  0.0000E+00
    7.39  0.8208E-05  0.3550E-03  0.4841E-06  0.3870E-07  0.2090E+00  0.0000E+00  0.0000E+00  0.0000E+00  0.0000E+00
 done...
 Initializing P3 Cloud Optics
 Let's do some shortwave
 Range of zenith angles  0.732661695834013       0.732661695834013     
 Range of surface albedo (asdir)  3.383449086658900E-002  3.383449086658900E-002
 Range of surface albedo (aldir)  3.383449086658900E-002  3.383449086658900E-002
 Range of surface albedo (asdif)  6.000000000000000E-002  6.000000000000000E-002
 Range of surface albedo (aldif)  6.000000000000000E-002  6.000000000000000E-002
 radiation: perpetual sun, solin=   310.282739299309     
 longwave radiation is called
NSTEP =          1   NCYCLE=  3  CFL_adv= 0.000  CFL_sgs= 0.000
NSTEP =          2   NCYCLE=  1  CFL_adv= 0.005  CFL_sgs= 0.062
NSTEP =          3   NCYCLE=  1  CFL_adv= 0.015  CFL_sgs= 0.007
 Collecting statistics...
 name QCSTRG is missing in "lst" file.
NSTEP =          4   NCYCLE=  1  CFL_adv= 0.025  CFL_sgs= 0.069
 DAY =   1.388888888888889E-003
 NSTEP=           4
 div:  1.712397894300660E-016 -2.127432735646453E-016
 SST=   300.000000000000     
 surface pressure=   1014.80000000000     
 u: -0.404685946692284       0.404685946692215     
 v: -0.404685679774188       0.404685679774198     
 w: -3.913838017085512E-002  8.363355483732367E-002
 p:  -63.7232277022272        6.63048834175625     
 t:   300.094416212660        473.152507190211     
 tabs:   202.009373728095        300.531099645645     
 qv:  0.000000000000000E+000  2.326638998549847E-002
 tke:  0.000000000000000E+000  7.443979630224956E-003
 tk:  0.000000000000000E+000  0.323544376477228     
 tkh:  0.000000000000000E+000  0.323544376477228     
 qcl:  0.000000000000000E+000  3.155467067453621E-004
 qci:  0.000000000000000E+000  0.000000000000000E+000
 qpl:  0.000000000000000E+000  3.373800466374183E-008
 qpi:  0.000000000000000E+000  0.000000000000000E+000
 qrad(K/day):  -2.83141540861129        1.16851959232390     
 shf: -0.241424262355099      -4.001975948613021E-002
 lhf:  -1.87987034467325        23.4562426604003     
 uw: -4.856712512944531E-004  4.856712512937601E-004
 vw: -4.856715454796486E-004  4.856715454818478E-004
 sst:   300.000000000000        300.000000000000     
 ===========================
 total water budget:
 before (mm):         53.32072092582
 after (mm):          53.32099553981
 evaporation (mm):     0.00027480632
 precipitation (mm):   0.00000019233
 large-scale (mm):     0.00000000000
 Imbalance (mm)      -0.00000000000
 evap (mm/day):  0.791442187627780     
 prec (mm/day):  5.539108485649254E-004
 ls (mm/day):  0.000000000000000E+000
 imbalance (mm/day) -2.316514244221136E-011
  imbalance (rel error): -1.332575899168303E-016
 ===========================
NSTEP =          5   NCYCLE=  1  CFL_adv= 0.036  CFL_sgs= 0.007
NSTEP =          6   NCYCLE=  1  CFL_adv= 0.046  CFL_sgs= 0.072
 Let's do some shortwave
 Range of zenith angles  0.732661695834013       0.732661695834013     
 Range of surface albedo (asdir)  3.383449086658900E-002  3.383449086658900E-002
 Range of surface albedo (aldir)  3.383449086658900E-002  3.383449086658900E-002
 Range of surface albedo (asdif)  6.000000000000000E-002  6.000000000000000E-002
 Range of surface albedo (aldif)  6.000000000000000E-002  6.000000000000000E-002
 radiation: perpetual sun, solin=   310.282739299309     
 longwave radiation is called
NSTEP =          7   NCYCLE=  1  CFL_adv= 0.056  CFL_sgs= 0.014
 Collecting statistics...
 name QCSTRG is missing in "lst" file.
NSTEP =          8   NCYCLE=  1  CFL_adv= 0.066  CFL_sgs= 0.074
 DAY =   2.777777777777778E-003
 NSTEP=           8
 div:  2.927490915052049E-016 -2.126516820966492E-016
 SST=   300.000000000000     
 surface pressure=   1014.80000000000     
 u: -0.857825092746251       0.857825092746132     
 v: -0.857830522422135       0.857830522422397     
 w: -6.277364793124321E-002  0.175780433994971     
 p:  -61.6060205145915        8.25328421076861     
 t:   300.088663811667        473.154512727562     
 tabs:   202.011069310243        300.528700623347     
 qv:  0.000000000000000E+000  2.326352302681566E-002
 tke:  0.000000000000000E+000   1.26902305849582     
 tk:  0.000000000000000E+000   4.22440963450486     
 tkh:  0.000000000000000E+000   4.22440963450486     
 qcl:  0.000000000000000E+000  3.366355595890307E-004
 qci:  0.000000000000000E+000  0.000000000000000E+000
 qpl:  0.000000000000000E+000  7.929916442808882E-008
 qpi:  0.000000000000000E+000  0.000000000000000E+000
 qrad(K/day):  -29.7195126326301        1.77075011914597     
 shf: -0.240893850735385      -3.838044044479378E-002
 lhf:  -1.90742433352358        23.3089469661551     
 uw: -1.262916739319315E-003  1.262916739316468E-003
 vw: -1.262895264755290E-003  1.262895264769525E-003
 sst:   300.000000000000        300.000000000000     
 ===========================
 total water budget:
 before (mm):         53.32181649317
 after (mm):          53.32208918197
 evaporation (mm):     0.00027288047
 precipitation (mm):   0.00000019167
 large-scale (mm):     0.00000000000
 Imbalance (mm)       0.00000000000
 evap (mm/day):  0.785895751312431     
 prec (mm/day):  5.519961904216473E-004
 ls (mm/day):  0.000000000000000E+000
 imbalance (mm/day) -2.652796957932713E-012
  imbalance (rel error):  0.000000000000000E+000
 ===========================
NSTEP =          9   NCYCLE=  1  CFL_adv= 0.076  CFL_sgs= 0.094
NSTEP =         10   NCYCLE=  1  CFL_adv= 0.086  CFL_sgs= 0.074
NSTEP =         11   NCYCLE=  1  CFL_adv= 0.096  CFL_sgs= 0.097
 Collecting statistics...
 name QCSTRG is missing in "lst" file.
NSTEP =         12   NCYCLE=  1  CFL_adv= 0.106  CFL_sgs= 0.075
 DAY =   4.166666666666667E-003
 NSTEP=          12
 div:  2.056258014259507E-016 -1.760702848538589E-016
 SST=   300.000000000000     
 surface pressure=   1014.80000000000     
 u:  -1.29578233132870        1.29578233130650     
 v:  -1.29578125263311        1.29578125263490     
 w: -8.324856896881946E-002  0.267736357959518     
 p:  -59.1716479213752        10.7868930777879     
 t:   300.081375360625        473.157375968759     
 tabs:   202.012662102941        300.526412375032     
 qv:  0.000000000000000E+000  2.326031026915394E-002
 tke:  0.000000000000000E+000   1.37904660669494     
 tk:  0.000000000000000E+000   4.40373056699062     
 tkh:  0.000000000000000E+000   4.40373056699062     
 qcl:  0.000000000000000E+000  3.763090302034404E-004
 qci:  0.000000000000000E+000  0.000000000000000E+000
 qpl:  0.000000000000000E+000  1.371529507991650E-007
 qpi:  0.000000000000000E+000  0.000000000000000E+000
 qrad(K/day):  -29.7195126326301        1.77075011914597     
 shf: -0.247944562168538      -3.607249990397979E-002
 lhf:  -1.97567458883598        23.1779973424430     
 uw: -2.188773500227028E-003  2.188773502453911E-003
 vw: -2.188810105064038E-003  2.188810102771727E-003
 sst:   300.000000000000        300.000000000000     
 ===========================
 total water budget:
 before (mm):         53.32290448600
 after (mm):          53.32317531815
 evaporation (mm):     0.00027102127
 precipitation (mm):   0.00000018912
 large-scale (mm):     0.00000000000
 Imbalance (mm)       0.00000000000
 evap (mm/day):  0.780541266530790     
 prec (mm/day):  5.446634885465176E-004
 ls (mm/day):  0.000000000000000E+000
 imbalance (mm/day) -9.756548596372844E-012
  imbalance (rel error):  0.000000000000000E+000
 ===========================
 Let's do some shortwave
 Range of zenith angles  0.732661695834013       0.732661695834013     
 Range of surface albedo (asdir)  3.383449086658900E-002  3.383449086658900E-002
 Range of surface albedo (aldir)  3.383449086658900E-002  3.383449086658900E-002
 Range of surface albedo (asdif)  6.000000000000000E-002  6.000000000000000E-002
 Range of surface albedo (aldif)  6.000000000000000E-002  6.000000000000000E-002
 radiation: perpetual sun, solin=   310.282739299309     
 longwave radiation is called
NSTEP =         13   NCYCLE=  1  CFL_adv= 0.116  CFL_sgs= 0.098
NSTEP =         14   NCYCLE=  1  CFL_adv= 0.126  CFL_sgs= 0.076
NSTEP =         15   NCYCLE=  1  CFL_adv= 0.136  CFL_sgs= 0.099
 Collecting statistics...
 name QCSTRG is missing in "lst" file.
NSTEP =         16   NCYCLE=  1  CFL_adv= 0.147  CFL_sgs= 0.076
 DAY =   5.555555555555556E-003
 NSTEP=          16
 div:  2.268540023969766E-016 -1.736368114592646E-016
 SST=   300.000000000000     
 surface pressure=   1014.80000000000     
 u:  -1.72305601494529        1.72305601489922     
 v:  -1.72305450702886        1.72305450691092     
 w: -0.114383277378068       0.369787366952572     
 p:  -57.8192610616760        13.9978369868321     
 t:   300.072971460058        473.159609762344     
 tabs:   202.014258454714        300.524136796732     
 qv:  0.000000000000000E+000  2.325709131496061E-002
 tke:  0.000000000000000E+000   1.40189502218722     
 tk:  0.000000000000000E+000   4.44006179568570     
 tkh:  0.000000000000000E+000   4.44006179568570     
 qcl:  0.000000000000000E+000  4.430357168094040E-004
 qci:  0.000000000000000E+000  0.000000000000000E+000
 qpl:  0.000000000000000E+000  2.184974985117844E-007
 qpi:  0.000000000000000E+000  0.000000000000000E+000
 qrad(K/day):  -31.8408612940816        1.78884948654603     
 shf: -0.259210768028791      -3.327741129224460E-002
 lhf:  -3.01544496698311        23.0525965750222     
 uw: -3.686066934340222E-003  3.686066934706328E-003
 vw: -3.686043762998498E-003  3.686043763393381E-003
 sst:   300.000000000000        300.000000000000     
 ===========================
 total water budget:
 before (mm):         53.32398510882
 after (mm):          53.32425412394
 evaporation (mm):     0.00026919965
 precipitation (mm):   0.00000018453
 large-scale (mm):     0.00000000000
 Imbalance (mm)       0.00000000000
 evap (mm/day):  0.775294998921972     
 prec (mm/day):  5.314523727539323E-004
 ls (mm/day):  0.000000000000000E+000
 imbalance (mm/day)  4.241002080768164E-012
  imbalance (rel error):  1.332494466980431E-016
 ===========================
NSTEP =         17   NCYCLE=  1  CFL_adv= 0.157  CFL_sgs= 0.099
NSTEP =         18   NCYCLE=  1  CFL_adv= 0.168  CFL_sgs= 0.076
 Let's do some shortwave
 Range of zenith angles  0.732661695834013       0.732661695834013     
 Range of surface albedo (asdir)  3.383449086658900E-002  3.383449086658900E-002
 Range of surface albedo (aldir)  3.383449086658900E-002  3.383449086658900E-002
 Range of surface albedo (asdif)  6.000000000000000E-002  6.000000000000000E-002
 Range of surface albedo (aldif)  6.000000000000000E-002  6.000000000000000E-002
 radiation: perpetual sun, solin=   310.282739299304     
 longwave radiation is called
NSTEP =         19   NCYCLE=  1  CFL_adv= 0.178  CFL_sgs= 0.099
 Collecting statistics...
 name QCSTRG is missing in "lst" file.
NSTEP =         20   NCYCLE=  1  CFL_adv= 0.190  CFL_sgs= 0.076
 DAY =   6.944444444444444E-003
 NSTEP=          20
 div:  2.122350324262482E-016 -1.463151085967989E-016
 SST=   300.000000000000     
 surface pressure=   1014.80000000000     
 u:  -2.17108428757887        2.17108428755519     
 v:  -2.17110799226723        2.17110799223800     
 w: -0.166251082504731       0.498329328651961     
 p:  -58.4468467882320        18.2703491830665     
 t:   300.063066473977        473.161534013721     
 tabs:   202.015853733084        300.521832247320     
 qv:  0.000000000000000E+000  2.325385400402847E-002
 tke:  0.000000000000000E+000   1.40361527651532     
 tk:  0.000000000000000E+000   4.44278514290267     
 tkh:  0.000000000000000E+000   4.44278514290267     
 qcl:  0.000000000000000E+000  5.428655700426772E-004
 qci:  0.000000000000000E+000  0.000000000000000E+000
 qpl:  0.000000000000000E+000  3.493534889169336E-007
 qpi:  0.000000000000000E+000  0.000000000000000E+000
 qrad(K/day):  -36.4620270343654        2.18281381049864     
 shf: -0.265518803204070      -2.979558386134677E-002
 lhf:  -3.95250747392180        22.9272674756167     
 uw: -5.333150167420064E-003  5.333150166473758E-003
 vw: -5.332945142089352E-003  5.332945143927132E-003
 sst:   300.000000000000        300.000000000000     
 ===========================
 total water budget:
 before (mm):         53.32505853603
 after (mm):          53.32532578899
 evaporation (mm):     0.00026743081
 precipitation (mm):   0.00000017784
 large-scale (mm):     0.00000000000
 Imbalance (mm)       0.00000000000
 evap (mm/day):  0.770200732789199     
 prec (mm/day):  5.121907118390638E-004
 ls (mm/day):  0.000000000000000E+000
 imbalance (mm/day)  1.590306476899350E-011
  imbalance (rel error):  0.000000000000000E+000
 ===========================
NSTEP =         21   NCYCLE=  1  CFL_adv= 0.202  CFL_sgs= 0.099
NSTEP =         22   NCYCLE=  1  CFL_adv= 0.215  CFL_sgs= 0.076
NSTEP =         23   NCYCLE=  1  CFL_adv= 0.228  CFL_sgs= 0.099
 Collecting statistics...
 name QCSTRG is missing in "lst" file.
NSTEP =         24   NCYCLE=  1  CFL_adv= 0.243  CFL_sgs= 0.076
 DAY =   8.333333333333333E-003
 NSTEP=          24
 div:  1.538028003385486E-016 -1.575941812631299E-016
 SST=   300.000000000000     
 surface pressure=   1014.80000000000     
 u:  -2.70205029610313        2.70205029602062     
 v:  -2.70206424396981        2.70206424394825     
 w: -0.245947955172758       0.677606850656461     
 p:  -61.4851675363989        22.7023546452049     
 t:   300.051386067689        473.163785174905     
 tabs:   202.017459945504        300.519464048400     
 qv:  0.000000000000000E+000  2.325060172412847E-002
 tke:  0.000000000000000E+000   1.38679489749826     
 tk:  0.000000000000000E+000   4.41608460585497     
 tkh:  0.000000000000000E+000   4.41608460585497     
 qcl:  0.000000000000000E+000  6.886398043659054E-004
 qci:  0.000000000000000E+000  0.000000000000000E+000
 qpl:  0.000000000000000E+000  5.900760799046381E-007
 qpi:  0.000000000000000E+000  0.000000000000000E+000
 qrad(K/day):  -36.4620270343654        2.18281381049864     
 shf: -0.268324706519985      -2.542920012980176E-002
 lhf:  -4.95386142515329        22.8054023065065     
 uw: -7.341141822727611E-003  7.341141822386868E-003
 vw: -7.340814847766440E-003  7.340814847919627E-003
 sst:   300.000000000000        300.000000000000     
 ===========================
 total water budget:
 before (mm):         53.32612499506
 after (mm):          53.32639055131
 evaporation (mm):     0.00026572517
 precipitation (mm):   0.00000016891
 large-scale (mm):     0.00000000000
 Imbalance (mm)       0.00000000000
 evap (mm/day):  0.765288479067330     
 prec (mm/day):  4.864733334242516E-004
 ls (mm/day):  0.000000000000000E+000
 imbalance (mm/day) -5.307944635581964E-012
  imbalance (rel error):  0.000000000000000E+000
 ===========================
 Let's do some shortwave
 Range of zenith angles  0.732661695834013       0.732661695834013     
 Range of surface albedo (asdir)  3.383449086658900E-002  3.383449086658900E-002
 Range of surface albedo (aldir)  3.383449086658900E-002  3.383449086658900E-002
 Range of surface albedo (asdif)  6.000000000000000E-002  6.000000000000000E-002
 Range of surface albedo (aldif)  6.000000000000000E-002  6.000000000000000E-002
 radiation: perpetual sun, solin=   310.282739299297     
 longwave radiation is called
NSTEP =         25   NCYCLE=  1  CFL_adv= 0.259  CFL_sgs= 0.098
NSTEP =         26   NCYCLE=  1  CFL_adv= 0.277  CFL_sgs= 0.076
NSTEP =         27   NCYCLE=  1  CFL_adv= 0.297  CFL_sgs= 0.098
 Collecting statistics...
 name QCSTRG is missing in "lst" file.
NSTEP =         28   NCYCLE=  1  CFL_adv= 0.318  CFL_sgs= 0.076
 DAY =   9.722222222222222E-003
 NSTEP=          28
 div:  1.380733741430224E-016 -1.350012530214143E-016
 SST=   300.000000000000     
 surface pressure=   1014.80000000000     
 u:  -3.31700237540351        3.31700237524865     
 v:  -3.31693789410242        3.31693789399319     
 w: -0.377427306058757       0.943619689411784     
 p:  -67.1605263719617        27.7802626385562     
 t:   300.037842786740        473.166507631315     
 tabs:   202.019048836013        300.517100437522     
 qv:  0.000000000000000E+000  2.324733820661671E-002
 tke:  0.000000000000000E+000   1.37657555329132     
 tk:  0.000000000000000E+000   4.39978337173085     
 tkh:  0.000000000000000E+000   4.39978337173085     
 qcl:  0.000000000000000E+000  8.987515091050633E-004
 qci:  0.000000000000000E+000  0.000000000000000E+000
 qpl:  0.000000000000000E+000  1.091025229420931E-006
 qpi:  0.000000000000000E+000  0.000000000000000E+000
 qrad(K/day):  -40.1787672825224        2.48627798709866     
 shf: -0.270539682688296      -1.997155500908020E-002
 lhf:  -5.95682337790086        22.6882295517152     
 uw: -1.020544093766766E-002  1.020544093249163E-002
 vw: -1.020520563902888E-002  1.020520563862673E-002
 sst:   300.000000000000        300.000000000000     
 ===========================
 total water budget:
 before (mm):         53.32718478187
 after (mm):          53.32744872190
 evaporation (mm):     0.00026409727
 precipitation (mm):   0.00000015724
 large-scale (mm):     0.00000000000
 Imbalance (mm)       0.00000000000
 evap (mm/day):  0.760600133326896     
 prec (mm/day):  4.528383311286150E-004
 ls (mm/day):  0.000000000000000E+000
 imbalance (mm/day)  6.530311417351142E-012
  imbalance (rel error):  1.332414643470948E-016
 ===========================
NSTEP =         29   NCYCLE=  1  CFL_adv= 0.341  CFL_sgs= 0.098
NSTEP =         30   NCYCLE=  1  CFL_adv= 0.366  CFL_sgs= 0.076
 Let's do some shortwave
 Range of zenith angles  0.732661695834013       0.732661695834013     
 Range of surface albedo (asdir)  3.383449086658900E-002  3.383449086658900E-002
 Range of surface albedo (aldir)  3.383449086658900E-002  3.383449086658900E-002
 Range of surface albedo (asdif)  6.000000000000000E-002  6.000000000000000E-002
 Range of surface albedo (aldif)  6.000000000000000E-002  6.000000000000000E-002
 radiation: perpetual sun, solin=   310.282739299295     
 longwave radiation is called
NSTEP =         31   NCYCLE=  1  CFL_adv= 0.393  CFL_sgs= 0.098
 Collecting statistics...
 name QCSTRG is missing in "lst" file.
NSTEP =         32   NCYCLE=  1  CFL_adv= 0.422  CFL_sgs= 0.077
 DAY =   1.111111111111111E-002
 NSTEP=          32
 div:  2.523257399709807E-016 -1.519788796586217E-016
 SST=   300.000000000000     
 surface pressure=   1014.80000000000     
 u:  -4.13567997528436        4.13567997516316     
 v:  -4.13579461950792        4.13579461948979     
 w: -0.646479179185624        1.35348712538205     
 p:  -75.8414746616896        34.2002821264542     
 t:   300.022716991704        473.169181329964     
 tabs:   202.020591924646        300.514933493330     
 qv:  0.000000000000000E+000  2.324441216045970E-002
 tke:  0.000000000000000E+000   1.37102545060793     
 tk:  0.000000000000000E+000   4.39090484970626     
 tkh:  0.000000000000000E+000   4.39090484970626     
 qcl:  0.000000000000000E+000  1.198993845656870E-003
 qci:  0.000000000000000E+000  0.000000000000000E+000
 qpl:  0.000000000000000E+000  2.283805093377987E-006
 qpi:  0.000000000000000E+000  0.000000000000000E+000
 qrad(K/day):  -42.2383455755979        2.70194799178752     
 shf: -0.270589349698611      -1.328599744425672E-002
 lhf:  -7.15911930196749        22.5753378267216     
 uw: -1.412339741340683E-002  1.412339741192100E-002
 vw: -1.412383229270744E-002  1.412383229257033E-002
 sst:   300.000000000000        300.000000000000     
 ===========================
 total water budget:
 before (mm):         53.32823821230
 after (mm):          53.32850060882
 evaporation (mm):     0.00026253905
 precipitation (mm):   0.00000014253
 large-scale (mm):     0.00000000000
 Imbalance (mm)       0.00000000000
 evap (mm/day):  0.756112461447671     
 prec (mm/day):  4.104932282161613E-004
 ls (mm/day):  0.000000000000000E+000
 imbalance (mm/day)  8.640292003598464E-012
  imbalance (rel error):  1.332388362035894E-016
 ===========================
NSTEP =         33   NCYCLE=  1  CFL_adv= 0.454  CFL_sgs= 0.098
NSTEP =         34   NCYCLE=  2  CFL_adv= 0.244  CFL_sgs= 0.039
NSTEP =         35   NCYCLE=  2  CFL_adv= 0.263  CFL_sgs= 0.039
 Collecting statistics...
 name QCSTRG is missing in "lst" file.
NSTEP =         36   NCYCLE=  2  CFL_adv= 0.284  CFL_sgs= 0.039
 DAY =   1.250000000000000E-002
 NSTEP=          36
 div:  1.559578541784514E-016 -1.402991738378802E-016
 SST=   300.000000000000     
 surface pressure=   1014.80000000000     
 u:  -5.20538888795069        5.20538888790120     
 v:  -5.20522901469037        5.20522901460490     
 w: -0.917674032884639        2.12562547674175     
 p:  -90.4084581194147        44.8157462098838     
 t:   300.003699396059        473.171422048374     
 tabs:   202.022165213905        300.513086891854     
 qv:  0.000000000000000E+000  2.324125167742801E-002
 tke:  0.000000000000000E+000  0.899119546906187     
 tk:  0.000000000000000E+000   3.55582179367418     
 tkh:  0.000000000000000E+000   3.55582179367418     
 qcl:  0.000000000000000E+000  1.644997462528838E-003
 qci:  0.000000000000000E+000  0.000000000000000E+000
 qpl:  0.000000000000000E+000  5.959023183953352E-006
 qpi:  0.000000000000000E+000  0.000000000000000E+000
 qrad(K/day):  -42.2383455755979        2.70194799178752     
 shf: -0.264337841073118      -4.678480890969856E-003
 lhf:  -8.67840658832760        22.4500134917543     
 uw: -2.222852093282437E-002  2.222852093594917E-002
 vw: -2.222671560356902E-002  2.222671560587564E-002
 sst:   300.000000000000        300.000000000000     
 ===========================
 total water budget:
 before (mm):         53.32928537417
 after (mm):          53.32954619760
 evaporation (mm):     0.00026095004
 precipitation (mm):   0.00000012660
 large-scale (mm):     0.00000000000
 Imbalance (mm)       0.00000000000
 evap (mm/day):  0.751536111190525     
 prec (mm/day):  3.646187266079337E-004
 ls (mm/day):  0.000000000000000E+000
 imbalance (mm/day)  6.431254454767471E-012
  imbalance (rel error):  0.000000000000000E+000
 ===========================
 Let's do some shortwave
 Range of zenith angles  0.732661695834013       0.732661695834013     
 Range of surface albedo (asdir)  3.383449086658900E-002  3.383449086658900E-002
 Range of surface albedo (aldir)  3.383449086658900E-002  3.383449086658900E-002
 Range of surface albedo (asdif)  6.000000000000000E-002  6.000000000000000E-002
 Range of surface albedo (aldif)  6.000000000000000E-002  6.000000000000000E-002
 radiation: perpetual sun, solin=   310.282739299281     
 longwave radiation is called
NSTEP =         37   NCYCLE=  2  CFL_adv= 0.322  CFL_sgs= 0.040
NSTEP =         38   NCYCLE=  2  CFL_adv= 0.367  CFL_sgs= 0.040
NSTEP =         39   NCYCLE=  2  CFL_adv= 0.416  CFL_sgs= 0.040
 Collecting statistics...
 name QCSTRG is missing in "lst" file.
NSTEP =         40   NCYCLE=  2  CFL_adv= 0.471  CFL_sgs= 0.040
 DAY =   1.388888888888889E-002
 NSTEP=          40
 div:  1.290017881988267E-016 -1.622585556845125E-016
 SST=   300.000000000000     
 surface pressure=   1014.80000000000     
 u:  -6.47745916372255        6.47745916428330     
 v:  -6.47813490732753        6.47813490724281     
 w:  -2.14896832245694        4.03270049031549     
 p:  -109.158157359511        60.2296439785788     
 t:   299.979374712913        473.173339682454     
 tabs:   202.023718573946        300.509859720156     
 qv:  0.000000000000000E+000  2.323693904995250E-002
 tke:  0.000000000000000E+000  0.936136555889101     
 tk:  0.000000000000000E+000   3.62828062823019     
 tkh:  0.000000000000000E+000   3.62828062823019     
 qcl:  0.000000000000000E+000  2.342612926719816E-003
 qci:  0.000000000000000E+000  0.000000000000000E+000
 qpl:  0.000000000000000E+000  2.136785623860589E-005
 qpi:  0.000000000000000E+000  0.000000000000000E+000
 qrad(K/day):  -42.9070062020271        3.31656956388080     
 shf: -0.305938900093592       9.176037916598313E-003
 lhf:  -10.2643778623489        22.3384127278013     
 uw: -3.398552370268532E-002  3.398552369447244E-002
 vw: -3.399187439214425E-002  3.399187439701562E-002
 sst:   300.000000000000        300.000000000000     
 ===========================
 total water budget:
 before (mm):         53.33032652401
 after (mm):          53.33058593174
 evaporation (mm):     0.00025951275
 precipitation (mm):   0.00000010502
 large-scale (mm):     0.00000000000
 Imbalance (mm)       0.00000000000
 evap (mm/day):  0.747396710828525     
 prec (mm/day):  3.024561211217593E-004
 ls (mm/day):  0.000000000000000E+000
 imbalance (mm/day) -4.942739371175634E-012
  imbalance (rel error):  0.000000000000000E+000
 ===========================
NSTEP =         41   NCYCLE=  3  CFL_adv= 0.367  CFL_sgs= 0.027
NSTEP =         42   NCYCLE=  3  CFL_adv= 0.422  CFL_sgs= 0.033
 Let's do some shortwave
 Range of zenith angles  0.732661695834013       0.732661695834013     
 Range of surface albedo (asdir)  3.383449086658900E-002  3.383449086658900E-002
 Range of surface albedo (aldir)  3.383449086658900E-002  3.383449086658900E-002
 Range of surface albedo (asdif)  6.000000000000000E-002  6.000000000000000E-002
 Range of surface albedo (aldif)  6.000000000000000E-002  6.000000000000000E-002
 radiation: perpetual sun, solin=   310.282739299236     
 longwave radiation is called
NSTEP =         43   NCYCLE=  3  CFL_adv= 0.474  CFL_sgs= 0.021
 Collecting statistics...
 name QCSTRG is missing in "lst" file.
NSTEP =         44   NCYCLE=  4  CFL_adv= 0.415  CFL_sgs= 0.010
 DAY =   1.527777777777778E-002
 NSTEP=          44
 div:  9.985495571750838E-017 -8.972224285581041E-017
 SST=   300.000000000000     
 surface pressure=   1014.80000000000     
 u:  -7.86241590105985        7.86241590112281     
 v:  -7.86227794157004        7.86227794172830     
 w:  -3.58481735719486        8.18204132961028     
 p:  -136.807269034351        88.0825956364186     
 t:   299.953461859136        473.175302165087     
 tabs:   202.025282303878        300.503524608226     
 qv:  0.000000000000000E+000  2.322764952261303E-002
 tke:  0.000000000000000E+000  0.239743172108275     
 tk:  0.000000000000000E+000   1.83613407946495     
 tkh:  0.000000000000000E+000   1.83613407946495     
 qcl:  0.000000000000000E+000  3.943325674117499E-003
 qci:  0.000000000000000E+000  0.000000000000000E+000
 qpl:  0.000000000000000E+000  1.604437501493024E-004
 qpi:  0.000000000000000E+000  0.000000000000000E+000
 qrad(K/day):  -43.0119762104754        4.53676043139406     
 shf: -0.449900223024795       3.787486278390102E-002
 lhf:  -11.6460108209212        22.2206457373648     
 uw: -4.902824692833265E-002  4.902824695074955E-002
 vw: -4.903593516199543E-002  4.903593519193400E-002
 sst:   300.000000000000        300.000000000000     
 ===========================
 total water budget:
 before (mm):         53.33136202388
 after (mm):          53.33162004321
 evaporation (mm):     0.00025810125
 precipitation (mm):   0.00000008191
 large-scale (mm):     0.00000000000
 Imbalance (mm)       0.00000000000
 evap (mm/day):  0.743331589495533     
 prec (mm/day):  2.359137445156740E-004
 ls (mm/day):  0.000000000000000E+000
 imbalance (mm/day)  2.427666249027216E-011
  imbalance (rel error):  1.332310428943355E-016
 ===========================
NSTEP =         45   NCYCLE=  5  CFL_adv= 0.391  CFL_sgs= 0.008
NSTEP =         46   NCYCLE=  5  CFL_adv= 0.457  CFL_sgs= 0.011
NSTEP =         47   NCYCLE=  6  CFL_adv= 0.419  CFL_sgs= 0.008
 Collecting statistics...
 name QCSTRG is missing in "lst" file.
NSTEP =         48   NCYCLE=  6  CFL_adv= 0.464  CFL_sgs= 0.009
 DAY =   1.666666666666667E-002
 NSTEP=          48
 div:  5.168487432191462E-017 -5.438676481317824E-017
 SST=   300.000000000000     
 surface pressure=   1014.80000000000     
 u:  -10.3996561400263        10.3996561419741     
 v:  -10.3879417136689        10.3879417136502     
 w:  -8.38426592541768        13.8228413490879     
 p:  -167.785379053444        135.132885927246     
 t:   299.931071234391        473.177524390894     
 tabs:   202.026861769485        300.490804995463     
 qv:  0.000000000000000E+000  2.320995956988425E-002
 tke:  0.000000000000000E+000   5.52239303071122     
 tk:  0.000000000000000E+000   40.1969746297360     
 tkh:  0.000000000000000E+000   40.1969746297360     
 qcl:  0.000000000000000E+000  4.238000518191594E-003
 qci:  0.000000000000000E+000  0.000000000000000E+000
 qpl:  0.000000000000000E+000  3.533772164537080E-003
 qpi:  0.000000000000000E+000  0.000000000000000E+000
 qrad(K/day):  -43.0119762104754        4.53676043139406     
 shf: -0.576017013165376       6.170155168436352E-002
 lhf:  -12.3843173146142        22.1098672449205     
 uw: -9.199606404700257E-002  9.199606405056864E-002
 vw: -9.203272035299900E-002  9.203272036016330E-002
 sst:   300.000000000000        300.000000000000     
 ===========================
 total water budget:
 before (mm):         53.33239216215
 after (mm):          53.33264891793
 evaporation (mm):     0.00025681254
 precipitation (mm):   0.00000005677
 large-scale (mm):     0.00000000000
 Imbalance (mm)       0.00000000000
 evap (mm/day):  0.739620121712505     
 prec (mm/day):  1.634897932043115E-004
 ls (mm/day):  0.000000000000000E+000
 imbalance (mm/day) -5.774532654108866E-012
  imbalance (rel error):  0.000000000000000E+000
 ===========================
 Let's do some shortwave
 Range of zenith angles  0.732661695834013       0.732661695834013     
 Range of surface albedo (asdir)  3.383449086658900E-002  3.383449086658900E-002
 Range of surface albedo (aldir)  3.383449086658900E-002  3.383449086658900E-002
 Range of surface albedo (asdif)  6.000000000000000E-002  6.000000000000000E-002
 Range of surface albedo (aldif)  6.000000000000000E-002  6.000000000000000E-002
 radiation: perpetual sun, solin=   310.282739299173     
 longwave radiation is called
NSTEP =         49   NCYCLE=  6  CFL_adv= 0.475  CFL_sgs= 0.013
NSTEP =         50   NCYCLE=  7  CFL_adv= 0.416  CFL_sgs= 0.021
NSTEP =         51   NCYCLE=  7  CFL_adv= 0.443  CFL_sgs= 0.023
 Collecting statistics...
 name QCSTRG is missing in "lst" file.
NSTEP =         52   NCYCLE=  8  CFL_adv= 0.428  CFL_sgs= 0.021
 DAY =   1.805555555555555E-002
 NSTEP=          52
 div:  6.261607768939343E-017 -4.796488436802841E-017
 SST=   300.000000000000     
 surface pressure=   1014.80000000000     
 u:  -15.9426184928624        15.9426184782007     
 v:  -15.8780142386751        15.8780141791637     
 w:  -10.4568885383822        20.7121006353831     
 p:  -201.885909312327        218.541400455095     
 t:   289.542914072638        473.179729915412     
 tabs:   202.028454583469        300.465735130730     
 qv:  0.000000000000000E+000  2.317494823112593E-002
 tke:  0.000000000000000E+000   22.8477520654112     
 tk:  0.000000000000000E+000   86.5679263961352     
 tkh:  0.000000000000000E+000   86.5679263961352     
 qcl:  0.000000000000000E+000  4.156612254038135E-003
 qci:  0.000000000000000E+000  1.814922388161861E-010
 qpl:  0.000000000000000E+000  9.492288878441082E-003
 qpi:  0.000000000000000E+000  0.000000000000000E+000
 qrad(K/day):  -44.3581578391834        8.30013700526429     
 shf: -0.853150783314515       7.129069512079350E-002
 lhf:  -11.0783839489179        22.0032026673341     
 uw: -0.134179529646780       0.134179529722630     
 vw: -0.134215110418832       0.134215110376296     
 sst:   300.000000000000        300.000000000000     
 ===========================
 total water budget:
 before (mm):         53.33341744698
 after (mm):          53.33367307491
 evaporation (mm):     0.00025566103
 precipitation (mm):   0.00000003311
 large-scale (mm):     0.00000000000
 Imbalance (mm)       0.00000000000
 evap (mm/day):  0.736303778262091     
 prec (mm/day):  9.535619251753251E-005
 ls (mm/day):  0.000000000000000E+000
 imbalance (mm/day)  7.169693439257498E-012
  imbalance (rel error):  1.332259142853572E-016
 ===========================
NSTEP =         53   NCYCLE=  8  CFL_adv= 0.447  CFL_sgs= 0.021
NSTEP =         54   NCYCLE=  9  CFL_adv= 0.437  CFL_sgs= 0.019
 Let's do some shortwave
 Range of zenith angles  0.732661695834013       0.732661695834013     
 Range of surface albedo (asdir)  3.383449086658900E-002  3.383449086658900E-002
 Range of surface albedo (aldir)  3.383449086658900E-002  3.383449086658900E-002
 Range of surface albedo (asdif)  6.000000000000000E-002  6.000000000000000E-002
 Range of surface albedo (aldif)  6.000000000000000E-002  6.000000000000000E-002
 radiation: perpetual sun, solin=   310.282739299102     
 longwave radiation is called
NSTEP =         55   NCYCLE=  9  CFL_adv= 0.476  CFL_sgs= 0.023
 Collecting statistics...
 name QCSTRG is missing in "lst" file.
NSTEP =         56   NCYCLE= 11  CFL_adv= 0.445  CFL_sgs= 0.023
 DAY =   1.944444444444444E-002
 NSTEP=          56
 div:  8.063704179483656E-017 -7.671716886355649E-017
 SST=   300.000000000000     
 surface pressure=   1014.80000000000     
 u:  -15.6581510103244        15.6581509953592     
 v:  -15.7534781799997        15.7534784031354     
 w:  -7.57373023354934        38.5027401700464     
 p:  -254.382250595605        350.073001072599     
 t:   278.728205836110        473.180989868886     
 tabs:   202.030072118314        300.416199919251     
 qv:  0.000000000000000E+000  2.310531192590009E-002
 tke:  0.000000000000000E+000   44.2668271727550     
 tk:  0.000000000000000E+000   164.582578022222     
 tkh:  0.000000000000000E+000   164.582578022222     
 qcl:  0.000000000000000E+000  5.059946427915778E-003
 qci:  0.000000000000000E+000  5.120489256291498E-004
 qpl:  0.000000000000000E+000  1.538103695525790E-002
 qpi:  0.000000000000000E+000  0.000000000000000E+000
 qrad(K/day):  -49.9619357282176        9.79809918518841     
 shf: -0.694482738116632       3.995601140893035E-002
 lhf:  -7.91924520238757        21.8985123922927     
 uw: -0.123151188197965       0.123151188281386     
 vw: -0.123432935130879       0.123432935266469     
 sst:   300.000000000000        300.000000000000     
 ===========================
 total water budget:
 before (mm):         53.33443850129
 after (mm):          53.33469321317
 evaporation (mm):     0.00025473032
 precipitation (mm):   0.00000001845
 large-scale (mm):     0.00000000000
 Imbalance (mm)       0.00000000000
 evap (mm/day):  0.733623333714810     
 prec (mm/day):  5.312810139338420E-005
 ls (mm/day):  0.000000000000000E+000
 imbalance (mm/day) -1.803413632951427E-012
  imbalance (rel error):  0.000000000000000E+000
 ===========================
NSTEP =         57   NCYCLE= 12  CFL_adv= 0.464  CFL_sgs= 0.020
NSTEP =         58   NCYCLE= 14  CFL_adv= 0.454  CFL_sgs= 0.018
NSTEP =         59   NCYCLE= 15  CFL_adv= 0.466  CFL_sgs= 0.018
 Collecting statistics...
 name QCSTRG is missing in "lst" file.
 Writting statistics:nstatsteps=          15
 --------------- ISCCP Simulator Diagnostics: -----------------
 ISCCP PDF:
            0.0       0.3       1.3       3.6       9.4      23.0      60.0
    0.     0.000     0.000     0.000     0.000     0.000     0.000     0.000
  180.     0.000     0.000     0.000     0.000     0.000     0.000     0.000
  310.     0.000     0.000     0.000     0.000     0.000     0.000     0.000
  440.     0.000     0.000     0.000     0.000     0.000     0.000     0.000
  560.     0.000     0.000     0.000     0.000     0.000     0.000     0.000
  680.     0.000     0.000     0.000     0.000     0.000     0.000     0.000
  800.     0.000     0.000     0.000     0.000     0.000     0.000     0.000
 low cld area (tau > 0.3)=  0.000000000000000E+000
 mid cld area (tau > 0.3)=  0.000000000000000E+000
 hgh cld area (tau > 0.3)=  0.000000000000000E+000
 total cld area (tau > 0.3)=  0.000000000000000E+000
 mean albedo cld (tau > 0.3)   -1.00000000000000     
 mean tau cld (tau > 0.3)   -1.00000000000000     
 mean top pressure (tau > 0.3)  -1.00000000000000     
 mean brightness temp (tau > 0.3)  -1.00000000000000     
 mean clearsky brightness temp (tau > 0.3)  -1.00000000000000     
 --------------- MODIS Simulator Diagnostics: -----------------
 MODIS PDF:
                      0.3       1.3       3.6       9.4      23.0      60.0
    0.               0.000     0.000     0.000     0.000     0.000     0.000
  180.               0.000     0.000     0.000     0.000     0.000     0.000
  310.               0.000     0.000     0.000     0.000     0.000     0.000
  440.               0.000     0.000     0.000     0.000     0.000     0.000
  560.               0.000     0.000     0.000     0.000     0.000     0.000
  680.               0.000     0.000     0.000     0.000     0.000     0.000
  800.               0.000     0.000     0.000     0.000     0.000     0.000
 low cld area =  0.000000000000000E+000
 mid cld area =  0.000000000000000E+000
 hgh cld area =  0.000000000000000E+000
 total cld area =  0.000000000000000E+000
 mean tau cld   -1.00000000000000     
 mean top pressure   -1.00000000000000     
 total cld area (liquid) =  0.000000000000000E+000
 total cld area (ice) =  0.000000000000000E+000
 mean tau (liquid) =  0.000000000000000E+000
 mean tau (ice) =  -1.00000000000000     
 mean lwp (g/m2) =  0.000000000000000E+000
 mean iwp (g/m2) =  -1.00000000000000     
 mean reff (liquid)  =  0.000000000000000E+000
 mean reff (ice)  =  -1.00000000000000     
 --------------- MISR Simulator Diagnostics: -----------------
 MISR PDF:
            0.0       0.3       1.3       3.6       9.4      23.0      60.0
 99.00     0.000     0.000     0.000     0.000     0.000     0.000     0.000
 17.00     0.000     0.000     0.000     0.000     0.000     0.000     0.000
 15.00     0.000     0.000     0.000     0.000     0.000     0.000     0.000
 13.00     0.000     0.000     0.000     0.000     0.000     0.000     0.000
 11.00     0.000     0.000     0.000     0.000     0.000     0.000     0.000
  9.00     0.000     0.000     0.000     0.000     0.000     0.000     0.000
  7.00     0.000     0.000     0.000     0.000     0.000     0.000     0.000
  5.00     0.000     0.000     0.000     0.000     0.000     0.000     0.000
  4.00     0.000     0.000     0.000     0.000     0.000     0.000     0.000
  3.00     0.000     0.000     0.000     0.000     0.000     0.000     0.000
  2.50     0.000     0.000     0.000     0.000     0.000     0.000     0.000
  2.00     0.000     0.000     0.000     0.000     0.000     0.000     0.000
  1.50     0.000     0.000     0.000     0.000     0.000     0.000     0.000
  1.00     0.000     0.000     0.000     0.000     0.000     0.000     0.000
  0.50     0.000     0.000     0.000     0.000     0.000     0.000     0.000
  0.00     0.000     0.000     0.000     0.000     0.000     0.000     0.000
 total cld area =  0.000000000000000E+000
 mean top height (m)  0.000000000000000E+000
 Writting history file 
 rcemip300sst_160_MaxIce20_std2                                                 
  
NSTEP =         60   NCYCLE= 16  CFL_adv= 0.475  CFL_sgs= 0.019
 DAY =   2.083333333333333E-002
 NSTEP=          60
 div:  5.788743874216498E-017 -5.483899358534092E-017
 SST=   300.000000000000     
 surface pressure=   1014.80000000000     
 u:  -26.2175248202471        26.2195909608023     
 v:  -26.1388810720203        26.1353447427023     
 w:  -9.03781107502265        56.9671956484624     
 p:  -288.425141951319        479.541478300905     
 t:   273.942190722857        473.177431436727     
 tabs:   200.915220134323        300.342313061869     
 qv:  0.000000000000000E+000  2.300139930265731E-002
 tke:  0.000000000000000E+000   74.1982606069844     
 tk:  0.000000000000000E+000   215.346030563290     
 tkh:  0.000000000000000E+000   215.346030563290     
 qcl:  0.000000000000000E+000  6.467354529334672E-003
 qci:  0.000000000000000E+000  1.156712516489848E-002
 qpl:  0.000000000000000E+000  2.260591968436086E-002
 qpi:  0.000000000000000E+000  0.000000000000000E+000
 qrad(K/day):  -49.9619357282176        9.79809918518841     
 shf: -0.641559471394985       9.977848675645104E-002
 lhf:  -4.63698203906412        21.8203293047995     
 uw: -0.154537812563626       0.154537762372316     
 vw: -0.154548833378305       0.154549057110479     
 sst:   300.000000000000        300.000000000000     
 ===========================
 total water budget:
 before (mm):         53.33545599556
 after (mm):          53.33570870639
 evaporation (mm):     0.00025422154
 precipitation (mm):   0.00000161175
 large-scale (mm):     0.00000000000
 Imbalance (mm)       0.00000010103
 evap (mm/day):  0.732158044046969     
 prec (mm/day):  4.641827882999622E-003
 ls (mm/day):  0.000000000000000E+000
 imbalance (mm/day)  2.909559540220829E-004
  imbalance (rel error):  1.894160132025952E-009
 ===========================
CPU TIME =     139.8498 OVER     0.50 MODEL HOURS
 Let's do some shortwave
 Range of zenith angles  0.732661695834013       0.732661695834013     
 Range of surface albedo (asdir)  3.383449086658900E-002  3.383449086658900E-002
 Range of surface albedo (aldir)  3.383449086658900E-002  3.383449086658900E-002
 Range of surface albedo (asdif)  6.000000000000000E-002  6.000000000000000E-002
 Range of surface albedo (aldif)  6.000000000000000E-002  6.000000000000000E-002
 radiation: perpetual sun, solin=   310.282739299052     
 longwave radiation is called
NSTEP =         61   NCYCLE= 18  CFL_adv= 0.467  CFL_sgs= 0.017
NSTEP =         62   NCYCLE= 21  CFL_adv= 0.467  CFL_sgs= 0.017
NSTEP =         63   NCYCLE= 25  CFL_adv= 0.470  CFL_sgs= 0.017
 Collecting statistics...
 name QCSTRG is missing in "lst" file.
NSTEP =         64   NCYCLE= 29  CFL_adv= 0.466  CFL_sgs= 0.017
 DAY =   2.222222222222222E-002
 NSTEP=          64
 div:  4.047980465951935E-017 -3.175524334793418E-017
 SST=   300.000000000000     
 surface pressure=   1014.80000000000     
 u:  -42.7354074487100        42.6042314342551     
 v:  -42.9244186235676        42.7742723780697     
 w:  -17.3078161194441        87.6726553419441     
 p:  -353.013835107500        555.893263485568     
 t:   275.562275372391        473.179145135598     
 tabs:   187.962335699919        300.271844020666     
 qv:  0.000000000000000E+000  2.290255293862057E-002
 tke:  0.000000000000000E+000   287.815448266632     
 tk:  0.000000000000000E+000   424.128111738240     
 tkh:  0.000000000000000E+000   424.128111738240     
 qcl:  0.000000000000000E+000  7.016610916818743E-003
 qci:  0.000000000000000E+000  2.707794869542333E-002
 qpl:  0.000000000000000E+000  2.786634296972082E-002
 qpi:  0.000000000000000E+000  0.000000000000000E+000
 qrad(K/day):  -49.8709471595383        11.6864150932300     
 shf: -0.909887331414153        13.3299374128179     
 lhf:  -3.04324398724405        24.9093265093523     
 uw: -0.136219952785459       0.136219890693067     
 vw: -0.136132776961934       0.136131752447132     
 sst:   300.000000000000        300.000000000000     
 ===========================
 total water budget:
 before (mm):         53.33644119696
 after (mm):          53.33666410923
 evaporation (mm):     0.00025445562
 precipitation (mm):   0.00003169097
 large-scale (mm):     0.00000000000
 Imbalance (mm)       0.00000014762
 evap (mm/day):  0.732832180505625     
 prec (mm/day):  9.126998944405251E-002
 ls (mm/day):  0.000000000000000E+000
 imbalance (mm/day)  4.251401254382579E-004
  imbalance (rel error):  2.767666444657956E-009
 ===========================
NSTEP =         65   NCYCLE= 27  CFL_adv= 0.473  CFL_sgs= 0.023
NSTEP =         66   NCYCLE= 27  CFL_adv= 0.471  CFL_sgs= 0.025
 Let's do some shortwave
 Range of zenith angles  0.732661695834013       0.732661695834013     
 Range of surface albedo (asdir)  3.383449086658900E-002  3.383449086658900E-002
 Range of surface albedo (aldir)  3.383449086658900E-002  3.383449086658900E-002
 Range of surface albedo (asdif)  6.000000000000000E-002  6.000000000000000E-002
 Range of surface albedo (aldif)  6.000000000000000E-002  6.000000000000000E-002
 radiation: perpetual sun, solin=   310.282739299006     
 longwave radiation is called
NSTEP =         67   NCYCLE= 28  CFL_adv= 0.470  CFL_sgs= 0.025
 Collecting statistics...
 name QCSTRG is missing in "lst" file.
NSTEP =         68   NCYCLE= 28  CFL_adv= 0.467  CFL_sgs= 0.025
 DAY =   2.361111111111111E-002
 NSTEP=          68
 div:  4.791346845229938E-017 -3.395559512161195E-017
 SST=   300.000000000000     
 surface pressure=   1014.80000000000     
 u:  -70.1690997482324        68.8338969077903     
 v:  -70.8499150121645        70.3411754491979     
 w:  -26.8836221514493        82.7788814179640     
 p:  -245.608641558228        847.788587280084     
 t:   263.079277673016        473.198405505539     
 tabs:   162.022395681614        300.223216828773     
 qv:  1.000322855559272E-317  2.283091412698844E-002
 tke:  0.000000000000000E+000   303.918559442627     
 tk:  0.000000000000000E+000   435.831503739280     
 tkh:  0.000000000000000E+000   435.831503739280     
 qcl:  0.000000000000000E+000  3.981466891422622E-003
 qci:  0.000000000000000E+000  3.097682320736310E-002
 qpl:  0.000000000000000E+000  2.275941669182316E-002
 qpi:  0.000000000000000E+000  0.000000000000000E+000
 qrad(K/day):  -118.280782229664        74.4392594139276     
 shf: -0.895705993976271        33.3743057022252     
 lhf:  -2.89636929528289        31.0273891800954     
 uw: -9.375385075717714E-002  9.374952296547905E-002
 vw: -9.372079614669457E-002  9.372006874559594E-002
 sst:   300.000000000000        300.000000000000     
 ===========================
 total water budget:
 before (mm):         53.33721386655
 after (mm):          53.33733877428
 evaporation (mm):     0.00025548436
 precipitation (mm):   0.00013059641
 large-scale (mm):     0.00000000000
 Imbalance (mm)       0.00000001978
 evap (mm/day):  0.735794942647807     
 prec (mm/day):  0.376117671964210     
 ls (mm/day):  0.000000000000000E+000
 imbalance (mm/day)  5.696436951375602E-005
  imbalance (rel error):  3.708338909433030E-010
 ===========================
NSTEP =         69   NCYCLE= 29  CFL_adv= 0.466  CFL_sgs= 0.022
NSTEP =         70   NCYCLE= 27  CFL_adv= 0.463  CFL_sgs= 0.024
NSTEP =         71   NCYCLE= 27  CFL_adv= 0.470  CFL_sgs= 0.020
 Collecting statistics...
 name QCSTRG is missing in "lst" file.
NSTEP =         72   NCYCLE= 29  CFL_adv= 0.479  CFL_sgs= 0.019
 DAY =   2.500000000000000E-002
 NSTEP=          72
 div:  5.743677026058509E-017 -3.803867252917875E-017
 SST=   300.000000000000     
 surface pressure=   1014.80000000000     
 u:  -79.7173952510575        80.1552919720007     
 v:  -78.9966670216469        79.5838905953220     
 w:  -43.7284412428243        97.7078479114363     
 p:  -230.207644885432        250.557241345175     
 t:   261.138290419454        473.440406535225     
 tabs:   170.830847004007        300.174258247496     
 qv:  1.909894596949319E-312  2.272758212738671E-002
 tke:  0.000000000000000E+000   159.897191369493     
 tk:  0.000000000000000E+000   316.126152992652     
 tkh:  0.000000000000000E+000   316.126152992652     
 qcl:  0.000000000000000E+000  6.560899675261984E-003
 qci:  0.000000000000000E+000  2.940099554739360E-002
 qpl:  0.000000000000000E+000  2.118499624968077E-002
 qpi:  0.000000000000000E+000  0.000000000000000E+000
 qrad(K/day):  -118.280782229664        74.4392594139276     
 shf: -0.855837034900833        48.7462983335050     
 lhf:  -4.93181710924974        36.6616337337402     
 uw: -6.311173445556123E-002  6.311213640247544E-002
 vw: -6.306316830438161E-002  6.305566245005315E-002
 sst:   300.000000000000        300.000000000000     
 ===========================
 total water budget:
 before (mm):         53.33747416612
 after (mm):          53.33745466653
 evaporation (mm):     0.00025664277
 precipitation (mm):   0.00027624998
 large-scale (mm):     0.00000000000
 Imbalance (mm)       0.00000010761
 evap (mm/day):  0.739131181104504     
 prec (mm/day):  0.795599936934236     
 ls (mm/day):  0.000000000000000E+000
 imbalance (mm/day)  3.099247927221271E-004
  imbalance (rel error):  2.017583533432613E-009
 ===========================
 Let's do some shortwave
 Range of zenith angles  0.732661695834013       0.732661695834013     
 Range of surface albedo (asdir)  3.383449086658900E-002  3.383449086658900E-002
 Range of surface albedo (aldir)  3.383449086658900E-002  3.383449086658900E-002
 Range of surface albedo (asdif)  6.000000000000000E-002  6.000000000000000E-002
 Range of surface albedo (aldif)  6.000000000000000E-002  6.000000000000000E-002
 radiation: perpetual sun, solin=   310.282739298922     
 longwave radiation is called
NSTEP =         73   NCYCLE= 32  CFL_adv= 0.472  CFL_sgs= 0.014
NSTEP =         74   NCYCLE= 34  CFL_adv= 0.471  CFL_sgs= 0.013
NSTEP =         75   NCYCLE= 34  CFL_adv= 0.466  CFL_sgs= 0.016
 Collecting statistics...
 name QCSTRG is missing in "lst" file.
NSTEP =         76   NCYCLE= 32  CFL_adv= 0.478  CFL_sgs= 0.015
 DAY =   2.638888888888889E-002
 NSTEP=          76
 div:  4.879191755136934E-017 -2.831455746496175E-017
 SST=   300.000000000000     
 surface pressure=   1014.80000000000     
 u:  -73.1507123307254        74.8462440585953     
 v:  -79.5205119202928        76.9439950583516     
 w:  -65.6505713989046        100.081709269376     
 p:  -298.448418090229        187.927233905779     
 t:   274.989514064029        473.437930692008     
 tabs:   147.054873837649        300.071467523414     
 qv:  1.918654875461005E-266  2.261670975153693E-002
 tke:  0.000000000000000E+000   218.803005405172     
 tk:  0.000000000000000E+000   364.402239720880     
 tkh:  0.000000000000000E+000   364.402239720880     
 qcl:  0.000000000000000E+000  7.426663425785689E-003
 qci:  0.000000000000000E+000  2.870135225551804E-002
 qpl:  0.000000000000000E+000  2.041335450539835E-002
 qpi:  0.000000000000000E+000  0.000000000000000E+000
 qrad(K/day):  -193.342897765467        167.345635564748     
 shf: -0.525147609676217        45.1285978691607     
 lhf:  -4.49948910057587        38.9175395865403     
 uw: -4.889464989480930E-002  4.885572346381656E-002
 vw: -4.930899340650106E-002  4.931191612065072E-002
 sst:   300.000000000000        300.000000000000     
 ===========================
 total water budget:
 before (mm):         53.33730891134
 after (mm):          53.33724575630
 evaporation (mm):     0.00025717423
 precipitation (mm):   0.00032074637
 large-scale (mm):     0.00000000000
 Imbalance (mm)       0.00000041710
 evap (mm/day):  0.740661785677830     
 prec (mm/day):  0.923749537668042     
 ls (mm/day):  0.000000000000000E+000
 imbalance (mm/day)  1.201238500568094E-003
  imbalance (rel error):  7.819989472177525E-009
 ===========================
NSTEP =         77   NCYCLE= 32  CFL_adv= 0.474  CFL_sgs= 0.016
NSTEP =         78   NCYCLE= 33  CFL_adv= 0.472  CFL_sgs= 0.020
 Let's do some shortwave
 Range of zenith angles  0.732661695834013       0.732661695834013     
 Range of surface albedo (asdir)  3.383449086658900E-002  3.383449086658900E-002
 Range of surface albedo (aldir)  3.383449086658900E-002  3.383449086658900E-002
 Range of surface albedo (asdif)  6.000000000000000E-002  6.000000000000000E-002
 Range of surface albedo (aldif)  6.000000000000000E-002  6.000000000000000E-002
 radiation: perpetual sun, solin=   310.282739298730     
 longwave radiation is called
NSTEP =         79   NCYCLE= 33  CFL_adv= 0.472  CFL_sgs= 0.021
 Collecting statistics...
 name QCSTRG is missing in "lst" file.
NSTEP =         80   NCYCLE= 34  CFL_adv= 0.473  CFL_sgs= 0.019
 DAY =   2.777777777777778E-002
 NSTEP=          80
 div:  3.407958435499919E-017 -2.963318531724242E-017
 SST=   300.000000000000     
 surface pressure=   1014.80000000000     
 u:  -71.0284699039491        70.9573646882366     
 v:  -71.8959416156898        72.9082169592987     
 w:  -54.2664316094491        93.2313737747820     
 p:  -208.117865655300        299.221310561290     
 t:   280.847721803771        473.486486004985     
 tabs:   155.408484019490        300.118392295409     
 qv: -1.510582395703820E-009  2.254204303973442E-002
 tke:  0.000000000000000E+000   334.637203317991     
 tk:  0.000000000000000E+000   457.327292071821     
 tkh:  0.000000000000000E+000   457.327292071821     
 qcl:  0.000000000000000E+000  3.799434212739316E-003
 qci:  0.000000000000000E+000  2.505084742573830E-002
 qpl:  0.000000000000000E+000  2.242324032825229E-002
 qpi:  0.000000000000000E+000  0.000000000000000E+000
 qrad(K/day):  -241.101833590222        181.075096334781     
 shf: -0.423333845454888        53.5783659882309     
 lhf:  -3.87616399627730        38.2507355583678     
 uw: -4.149498932001416E-002  4.148726018880351E-002
 vw: -4.164472282579812E-002  4.170098941931400E-002
 sst:   300.000000000000        300.000000000000     
 ===========================
 total water budget:
 before (mm):         53.33703871925
 after (mm):          53.33696639173
 evaporation (mm):     0.00025692071
 precipitation (mm):   0.00032928555
 large-scale (mm):     0.00000000000
 Imbalance (mm)       0.00000003731
 evap (mm/day):  0.739931651114141     
 prec (mm/day):  0.948342381793826     
 ls (mm/day):  0.000000000000000E+000
 imbalance (mm/day)  1.074644188575786E-004
  imbalance (rel error):  6.995905580297842E-010
 ===========================
NSTEP =         81   NCYCLE= 32  CFL_adv= 0.478  CFL_sgs= 0.021
NSTEP =         82   NCYCLE= 32  CFL_adv= 0.474  CFL_sgs= 0.019
NSTEP =         83   NCYCLE= 32  CFL_adv= 0.467  CFL_sgs= 0.020
 Collecting statistics...
 name QCSTRG is missing in "lst" file.
NSTEP =         84   NCYCLE= 30  CFL_adv= 0.471  CFL_sgs= 0.021
 DAY =   2.916666666666667E-002
 NSTEP=          84
 div:  5.343953060979719E-017 -3.621601368661441E-017
 SST=   300.000000000000     
 surface pressure=   1014.80000000000     
 u:  -62.5069187082824        71.7936684817541     
 v:  -72.6529202669957        71.6218358728881     
 w:  -43.0103628686052        81.3850495764921     
 p:  -194.174158997087        316.397045912657     
 t:   278.475680569111        473.491548119260     
 tabs:   153.805319916596        300.171717246210     
 qv: -2.742939463012750E-009  2.252877435830662E-002
 tke:  0.000000000000000E+000   328.997656422909     
 tk:  0.000000000000000E+000   453.457313607707     
 tkh:  0.000000000000000E+000   453.457313607707     
 qcl:  0.000000000000000E+000  5.117565963615670E-003
 qci:  0.000000000000000E+000  2.703479150162130E-002
 qpl:  0.000000000000000E+000  2.439524110282211E-002
 qpi:  0.000000000000000E+000  0.000000000000000E+000
 qrad(K/day):  -241.101833590222        181.075096334781     
 shf: -0.472708632276249        86.9824217028321     
 lhf:  -3.76298118128490        35.6655275667677     
 uw: -4.651748386645994E-002  4.647559557900056E-002
 vw: -4.655054417667601E-002  4.663175440968772E-002
 sst:   300.000000000000        300.000000000000     
 ===========================
 total water budget:
 before (mm):         53.33673348936
 after (mm):          53.33664783570
 evaporation (mm):     0.00025629261
 precipitation (mm):   0.00034197276
 large-scale (mm):     0.00000000000
 Imbalance (mm)       0.00000002648
 evap (mm/day):  0.738122716622662     
 prec (mm/day):  0.984881547709198     
 ls (mm/day):  0.000000000000000E+000
 imbalance (mm/day)  7.626474467557418E-005
  imbalance (rel error):  4.964843739572516E-010
 ===========================
 Let's do some shortwave
 Range of zenith angles  0.732661695834013       0.732661695834013     
 Range of surface albedo (asdir)  3.383449086658900E-002  3.383449086658900E-002
 Range of surface albedo (aldir)  3.383449086658900E-002  3.383449086658900E-002
 Range of surface albedo (asdif)  6.000000000000000E-002  6.000000000000000E-002
 Range of surface albedo (aldif)  6.000000000000000E-002  6.000000000000000E-002
 radiation: perpetual sun, solin=   310.282739298314     
 longwave radiation is called
NSTEP =         85   NCYCLE= 30  CFL_adv= 0.467  CFL_sgs= 0.022
NSTEP =         86   NCYCLE= 30  CFL_adv= 0.464  CFL_sgs= 0.023
NSTEP =         87   NCYCLE= 29  CFL_adv= 0.470  CFL_sgs= 0.022
 Collecting statistics...
 name QCSTRG is missing in "lst" file.
NSTEP =         88   NCYCLE= 28  CFL_adv= 0.478  CFL_sgs= 0.022
 DAY =   3.055555555555555E-002
 NSTEP=          88
 div:  3.798765573564326E-017 -3.440366506988708E-017
 SST=   300.000000000000     
 surface pressure=   1014.80000000000     
 u:  -68.6951303069726        65.2592290512501     
 v:  -71.1523889406124        69.8346807614312     
 w:  -34.2742715960470        83.2288500783760     
 p:  -113.724944816523        334.112543025384     
 t:   274.405324910968        473.771928431258     
 tabs:   152.837247771279        300.206191896720     
 qv: -3.390685740280045E-009  2.252905981156177E-002
 tke:  0.000000000000000E+000   447.998205671714     
 tk:  0.000000000000000E+000   529.149202536318     
 tkh:  0.000000000000000E+000   529.149202536318     
 qcl:  0.000000000000000E+000  5.942473506520734E-003
 qci:  0.000000000000000E+000  3.008725765608334E-002
 qpl:  0.000000000000000E+000  2.557850885616483E-002
 qpi:  0.000000000000000E+000  0.000000000000000E+000
 qrad(K/day):  -168.858373800375        189.952809676177     
 shf: -0.382913902541669        145.426361062657     
 lhf:  -3.76694740456997        32.1310780360130     
 uw: -8.275369119496133E-002  8.277230379173464E-002
 vw: -8.258355396417945E-002  8.217594028300595E-002
 sst:   300.000000000000        300.000000000000     
 ===========================
 total water budget:
 before (mm):         53.33635495079
 after (mm):          53.33624280298
 evaporation (mm):     0.00025558022
 precipitation (mm):   0.00036775225
 large-scale (mm):     0.00000000000
 Imbalance (mm)       0.00000002421
 evap (mm/day):  0.736071043555384     
 prec (mm/day):   1.05912646890950     
 ls (mm/day):  0.000000000000000E+000
 imbalance (mm/day)  6.971470881968547E-005
  imbalance (rel error):  4.538469816785970E-010
 ===========================
NSTEP =         89   NCYCLE= 28  CFL_adv= 0.479  CFL_sgs= 0.027
NSTEP =         90   NCYCLE= 30  CFL_adv= 0.464  CFL_sgs= 0.023
 Let's do some shortwave
 Range of zenith angles  0.732661695834013       0.732661695834013     
 Range of surface albedo (asdir)  3.383449086658900E-002  3.383449086658900E-002
 Range of surface albedo (aldir)  3.383449086658900E-002  3.383449086658900E-002
 Range of surface albedo (asdif)  6.000000000000000E-002  6.000000000000000E-002
 Range of surface albedo (aldif)  6.000000000000000E-002  6.000000000000000E-002
 radiation: perpetual sun, solin=   310.282739297290     
 longwave radiation is called
NSTEP =         91   NCYCLE= 30  CFL_adv= 0.465  CFL_sgs= 0.027
 Collecting statistics...
 name QCSTRG is missing in "lst" file.
NSTEP =         92   NCYCLE= 30  CFL_adv= 0.475  CFL_sgs= 0.020
 DAY =   3.194444444444444E-002
 NSTEP=          92
 div:  3.744195359082656E-017 -2.369674922510694E-017
 SST=   300.000000000000     
 surface pressure=   1014.80000000000     
 u:  -71.0293317935576        75.1826168397678     
 v:  -70.7709632141107        73.5960236868831     
 w:  -47.6456967966438        96.3393581459843     
 p:  -266.041608826519        180.394575138951     
 t:   263.471385570962        473.539131831083     
 tabs:   160.140052145102        300.241606729084     
 qv:  1.797391382973786E-163  2.244559913865673E-002
 tke:  0.000000000000000E+000   222.582526440646     
 tk:  0.000000000000000E+000   372.979998157279     
 tkh:  0.000000000000000E+000   372.979998157279     
 qcl:  0.000000000000000E+000  6.466084646981085E-003
 qci:  0.000000000000000E+000  3.015127247203463E-002
 qpl:  0.000000000000000E+000  2.656381331036961E-002
 qpi:  0.000000000000000E+000  0.000000000000000E+000
 qrad(K/day):  -235.067470643277        205.239936112264     
 shf: -0.323045589610691        196.939940941148     
 lhf:  -3.08387518710691        34.4154308384026     
 uw: -0.154415893095209       0.154600889702279     
 vw: -0.154521957183991       0.153312951318916     
 sst:   300.000000000000        300.000000000000     
 ===========================
 total water budget:
 before (mm):         53.33586097999
 after (mm):          53.33571954688
 evaporation (mm):     0.00025480138
 precipitation (mm):   0.00039625219
 large-scale (mm):     0.00000000000
 Imbalance (mm)       0.00000001769
 evap (mm/day):  0.733827971732381     
 prec (mm/day):   1.14120631096779     
 ls (mm/day):  0.000000000000000E+000
 imbalance (mm/day)  5.096006217383819E-005
  imbalance (rel error):  3.317564338360282E-010
 ===========================
NSTEP =         93   NCYCLE= 30  CFL_adv= 0.479  CFL_sgs= 0.018
NSTEP =         94   NCYCLE= 30  CFL_adv= 0.471  CFL_sgs= 0.019
NSTEP =         95   NCYCLE= 31  CFL_adv= 0.477  CFL_sgs= 0.020
 Collecting statistics...
 name QCSTRG is missing in "lst" file.
NSTEP =         96   NCYCLE= 30  CFL_adv= 0.476  CFL_sgs= 0.021
 DAY =   3.333333333333333E-002
 NSTEP=          96
 div:  3.726793553530097E-017 -2.263702043131977E-017
 SST=   300.000000000000     
 surface pressure=   1014.80000000000     
 u:  -74.0393944355003        72.7749372153701     
 v:  -74.8481948041960        75.0269416508167     
 w:  -64.7531342472192        89.6825443676376     
 p:  -266.221775085780        224.052895719689     
 t:   267.966865291179        473.539797730109     
 tabs:   160.549364116764        300.224580190809     
 qv:  1.280443700547486E-152  2.220669425580341E-002
 tke:  0.000000000000000E+000   279.354039513615     
 tk:  0.000000000000000E+000   417.847190604423     
 tkh:  0.000000000000000E+000   417.847190604423     
 qcl:  0.000000000000000E+000  4.601032370676929E-003
 qci:  0.000000000000000E+000  2.913552425088258E-002
 qpl:  0.000000000000000E+000  2.483516429794123E-002
 qpi:  0.000000000000000E+000  0.000000000000000E+000
 qrad(K/day):  -235.067470643277        205.239936112264     
 shf: -0.291735486689702        213.356493753622     
 lhf:  -1.10215614814037        47.1591502652346     
 uw: -0.191542077342281       0.191647190665499     
 vw: -0.191070754065454       0.189584518993849     
 sst:   300.000000000000        300.000000000000     
 ===========================
 total water budget:
 before (mm):         53.33525104109
 after (mm):          53.33507947227
 evaporation (mm):     0.00025374868
 precipitation (mm):   0.00042539592
 large-scale (mm):     0.00000000000
 Imbalance (mm)       0.00000007843
 evap (mm/day):  0.730796184336526     
 prec (mm/day):   1.22514025689166     
 ls (mm/day):  0.000000000000000E+000
 imbalance (mm/day)  2.258887766478160E-004
  imbalance (rel error):  1.470582003980980E-009
 ===========================
 Let's do some shortwave
 Range of zenith angles  0.732661695834013       0.732661695834013     
 Range of surface albedo (asdir)  3.383449086658900E-002  3.383449086658900E-002
 Range of surface albedo (aldir)  3.383449086658900E-002  3.383449086658900E-002
 Range of surface albedo (asdif)  6.000000000000000E-002  6.000000000000000E-002
 Range of surface albedo (aldif)  6.000000000000000E-002  6.000000000000000E-002
 radiation: perpetual sun, solin=   310.282739294540     
 longwave radiation is called
NSTEP =         97   NCYCLE= 30  CFL_adv= 0.466  CFL_sgs= 0.020
NSTEP =         98   NCYCLE= 29  CFL_adv= 0.475  CFL_sgs= 0.022
NSTEP =         99   NCYCLE= 29  CFL_adv= 0.470  CFL_sgs= 0.023
 Collecting statistics...
 name QCSTRG is missing in "lst" file.
NSTEP =        100   NCYCLE= 27  CFL_adv= 0.475  CFL_sgs= 0.024
 DAY =   3.472222222222222E-002
 NSTEP=         100
 div:  3.561269296539169E-017 -2.291880258200370E-017
 SST=   300.000000000000     
 surface pressure=   1014.80000000000     
 u:  -68.7871494335704        71.9266088042618     
 v:  -61.5232536066027        61.5299441937882     
 w:  -59.1197722502967        83.4751002939012     
 p:  -238.261343092911        181.538320881334     
 t:   266.666277613273        473.662216139256     
 tabs:   162.227380832023        300.221750691669     
 qv:  5.395037580085815E-144  2.212251169366201E-002
 tke:  0.000000000000000E+000   253.675258443729     
 tk:  0.000000000000000E+000   398.179653582815     
 tkh:  0.000000000000000E+000   398.179653582815     
 qcl:  0.000000000000000E+000  3.888131371777939E-003
 qci:  0.000000000000000E+000  2.778127668050822E-002
 qpl:  0.000000000000000E+000  2.488099533896159E-002
 qpi:  0.000000000000000E+000  0.000000000000000E+000
 qrad(K/day):  -190.520668165623        170.284250059017     
 shf: -0.278611246196728        227.719099765611     
 lhf:  0.181499926485044        56.2927812815654     
 uw: -0.228834616330555       0.230848272848103     
 vw: -0.228689806465458       0.229869364362137     
 sst:   300.000000000000        300.000000000000     
 ===========================
 total water budget:
 before (mm):         53.33454840642
 after (mm):          53.33437740601
 evaporation (mm):     0.00025217020
 precipitation (mm):   0.00042323188
 large-scale (mm):     0.00000000000
 Imbalance (mm)       0.00000006127
 evap (mm/day):  0.726250173875655     
 prec (mm/day):   1.21890781806999     
 ls (mm/day):  0.000000000000000E+000
 imbalance (mm/day)  1.764609823126824E-004
  imbalance (rel error):  1.148812004641935E-009
 ===========================
NSTEP =        101   NCYCLE= 28  CFL_adv= 0.469  CFL_sgs= 0.020
NSTEP =        102   NCYCLE= 26  CFL_adv= 0.461  CFL_sgs= 0.020
 Let's do some shortwave
 Range of zenith angles  0.732661695834013       0.732661695834013     
 Range of surface albedo (asdir)  3.383449086658900E-002  3.383449086658900E-002
 Range of surface albedo (aldir)  3.383449086658900E-002  3.383449086658900E-002
 Range of surface albedo (asdif)  6.000000000000000E-002  6.000000000000000E-002
 Range of surface albedo (aldif)  6.000000000000000E-002  6.000000000000000E-002
 radiation: perpetual sun, solin=   310.282739287991     
 longwave radiation is called
NSTEP =        103   NCYCLE= 26  CFL_adv= 0.463  CFL_sgs= 0.020
 Collecting statistics...
 name QCSTRG is missing in "lst" file.
NSTEP =        104   NCYCLE= 23  CFL_adv= 0.478  CFL_sgs= 0.022
 DAY =   3.611111111111111E-002
 NSTEP=         104
 div:  5.317692847615961E-017 -5.512845607144346E-017
 SST=   300.000000000000     
 surface pressure=   1014.80000000000     
 u:  -56.8466856718330        67.8627152366645     
 v:  -63.9050194965840        62.5932637539125     
 w:  -45.8599217972997        73.4577347193672     
 p:  -145.622964035351        182.434067835412     
 t:   266.700963024280        473.501409478204     
 tabs:   157.908583178501        300.264455547433     
 qv: -4.698354776939209E-009  2.216924909427485E-002
 tke:  0.000000000000000E+000   184.897198418624     
 tk:  0.000000000000000E+000   339.942273057707     
 tkh:  0.000000000000000E+000   339.942273057707     
 qcl:  0.000000000000000E+000  3.467520904223797E-003
 qci:  0.000000000000000E+000  2.832325373047312E-002
 qpl:  0.000000000000000E+000  2.142179479960863E-002
 qpi:  0.000000000000000E+000  0.000000000000000E+000
 qrad(K/day):  -178.788466634360        179.929108727394     
 shf: -0.962641798781665        215.077181148692     
 lhf:  0.256015257133826        61.2055203387668     
 uw: -0.356942333987613       0.359048463242848     
 vw: -0.354235558765253       0.358181504238762     
 sst:   300.000000000000        300.000000000000     
 ===========================
 total water budget:
 before (mm):         53.33390094086
 after (mm):          53.33375080044
 evaporation (mm):     0.00025019540
 precipitation (mm):   0.00040036875
 large-scale (mm):     0.00000000000
 Imbalance (mm)       0.00000003294
 evap (mm/day):  0.720562754051599     
 prec (mm/day):   1.15306199593024     
 ls (mm/day):  0.000000000000000E+000
 imbalance (mm/day)  9.485586122055452E-005
  imbalance (rel error):  6.175463763197473E-010
 ===========================
NSTEP =        105   NCYCLE= 23  CFL_adv= 0.475  CFL_sgs= 0.021
NSTEP =        106   NCYCLE= 23  CFL_adv= 0.465  CFL_sgs= 0.025
NSTEP =        107   NCYCLE= 23  CFL_adv= 0.464  CFL_sgs= 0.026
 Collecting statistics...
 name QCSTRG is missing in "lst" file.
NSTEP =        108   NCYCLE= 23  CFL_adv= 0.460  CFL_sgs= 0.027
 DAY =   3.750000000000000E-002
 NSTEP=         108
 div:  4.948439809623179E-017 -3.680562856773425E-017
 SST=   300.000000000000     
 surface pressure=   1014.80000000000     
 u:  -65.7309242016720        65.1341987929222     
 v:  -58.9027930205379        67.2559995796245     
 w:  -36.1508532009213        65.4600953665680     
 p:  -143.139792438941        201.766658392831     
 t:   260.940667482181        473.600395387011     
 tabs:   170.006778263768        300.413866796057     
 qv:  7.288340547453334E-128  2.218992334242020E-002
 tke:  0.000000000000000E+000   277.255454781863     
 tk:  0.000000000000000E+000   416.274740092003     
 tkh:  0.000000000000000E+000   416.274740092003     
 qcl:  0.000000000000000E+000  3.727849825894182E-003
 qci:  0.000000000000000E+000  3.275872398504584E-002
 qpl:  0.000000000000000E+000  2.199696396063581E-002
 qpi:  0.000000000000000E+000  0.000000000000000E+000
 qrad(K/day):  -178.788466634360        179.929108727394     
 shf:  -1.52121469447416        178.932936469378     
 lhf: -0.923095907208397        81.1540813007594     
 uw: -0.311049126945644       0.311962762597910     
 vw: -0.304037332740607       0.303071659778124     
 sst:   300.000000000000        300.000000000000     
 ===========================
 total water budget:
 before (mm):         53.33325705970
 after (mm):          53.33304003763
 evaporation (mm):     0.00024821364
 precipitation (mm):   0.00046524394
 large-scale (mm):     0.00000000000
 Imbalance (mm)       0.00000000824
 evap (mm/day):  0.714855277595987     
 prec (mm/day):   1.33990254160784     
 ls (mm/day):  0.000000000000000E+000
 imbalance (mm/day)  2.371893570177197E-005
  imbalance (rel error):  1.544210591592395E-010
 ===========================
 Let's do some shortwave
 Range of zenith angles  0.732661695834013       0.732661695834013     
 Range of surface albedo (asdir)  3.383449086658900E-002  3.383449086658900E-002
 Range of surface albedo (aldir)  3.383449086658900E-002  3.383449086658900E-002
 Range of surface albedo (asdif)  6.000000000000000E-002  6.000000000000000E-002
 Range of surface albedo (aldif)  6.000000000000000E-002  6.000000000000000E-002
 radiation: perpetual sun, solin=   310.282739275958     
 longwave radiation is called
NSTEP =        109   NCYCLE= 23  CFL_adv= 0.462  CFL_sgs= 0.026
NSTEP =        110   NCYCLE= 21  CFL_adv= 0.476  CFL_sgs= 0.027
NSTEP =        111   NCYCLE= 21  CFL_adv= 0.479  CFL_sgs= 0.031
 Collecting statistics...
 name QCSTRG is missing in "lst" file.
NSTEP =        112   NCYCLE= 22  CFL_adv= 0.469  CFL_sgs= 0.029
 DAY =   3.888888888888889E-002
 NSTEP=         112
 div:  4.419637920661335E-017 -3.708137798364643E-017
 SST=   300.000000000000     
 surface pressure=   1014.80000000000     
 u:  -64.4070922168161        59.2082971976631     
 v:  -54.9144732610407        57.8747839738304     
 w:  -40.0770442898848        65.9589686447062     
 p:  -144.407770946282        324.930362067107     
 t:   268.755866368771        473.512513233698     
 tabs:   167.543536580368        300.261996743673     
 qv:  1.867486714945220E-122  2.239801428497926E-002
 tke:  0.000000000000000E+000   238.702001585666     
 tk:  0.000000000000000E+000   386.249596751947     
 tkh:  0.000000000000000E+000   386.249596751947     
 qcl:  0.000000000000000E+000  3.626563497590015E-003
 qci:  0.000000000000000E+000  2.625418080544046E-002
 qpl:  0.000000000000000E+000  2.262706333771075E-002
 qpi:  0.000000000000000E+000  0.000000000000000E+000
 qrad(K/day):  -173.567292919837        233.482262217972     
 shf:  -1.21695036247515        176.024494175196     
 lhf:  -2.67715581222040        106.348838083765     
 uw: -0.476396056893842       0.463228840886245     
 vw: -0.470727113009068       0.478085440256558     
 sst:   300.000000000000        300.000000000000     
 ===========================
 total water budget:
 before (mm):         53.33218505980
 after (mm):          53.33186271094
 evaporation (mm):     0.00024754545
 precipitation (mm):   0.00056991511
 large-scale (mm):     0.00000000000
 Imbalance (mm)       0.00000002080
 evap (mm/day):  0.712930883319736     
 prec (mm/day):   1.64135550280897     
 ls (mm/day):  0.000000000000000E+000
 imbalance (mm/day)  5.990264018380931E-005
  imbalance (rel error):  3.900018600532020E-010
 ===========================
NSTEP =        113   NCYCLE= 22  CFL_adv= 0.466  CFL_sgs= 0.025
NSTEP =        114   NCYCLE= 22  CFL_adv= 0.469  CFL_sgs= 0.023
 Let's do some shortwave
 Range of zenith angles  0.732661695834013       0.732661695834013     
 Range of surface albedo (asdir)  3.383449086658900E-002  3.383449086658900E-002
 Range of surface albedo (aldir)  3.383449086658900E-002  3.383449086658900E-002
 Range of surface albedo (asdif)  6.000000000000000E-002  6.000000000000000E-002
 Range of surface albedo (aldif)  6.000000000000000E-002  6.000000000000000E-002
 radiation: perpetual sun, solin=   310.282739259995     
 longwave radiation is called
NSTEP =        115   NCYCLE= 22  CFL_adv= 0.472  CFL_sgs= 0.022
 Collecting statistics...
 name QCSTRG is missing in "lst" file.
NSTEP =        116   NCYCLE= 23  CFL_adv= 0.466  CFL_sgs= 0.023
 DAY =   4.027777777777778E-002
 NSTEP=         116
 div:  5.753403867311891E-017 -3.496026679555702E-017
 SST=   300.000000000000     
 surface pressure=   1014.80000000000     
 u:  -65.8347845119568        67.4756697406850     
 v:  -66.1231023799517        68.9629988844006     
 w:  -45.1330654409369        66.6842618707454     
 p:  -196.373282989647        320.143202425134     
 t:   271.458484043570        473.484210320688     
 tabs:   170.716586055581        300.094894584984     
 qv:  2.993104146887290E-119  2.216787662310990E-002
 tke:  0.000000000000000E+000   175.150754700300     
 tk:  0.000000000000000E+000   330.861333019873     
 tkh:  0.000000000000000E+000   330.861333019873     
 qcl:  0.000000000000000E+000  3.664357744860346E-003
 qci:  0.000000000000000E+000  2.690691126637371E-002
 qpl:  0.000000000000000E+000  2.313291116906107E-002
 qpi:  0.000000000000000E+000  0.000000000000000E+000
 qrad(K/day):  -137.144179453962        212.714016326249     
 shf:  -1.29787728019551        229.380361956639     
 lhf: -0.800641787593367        146.477091538519     
 uw: -0.396497582082552       0.391603432735782     
 vw: -0.387298955980738       0.395226738332919     
 sst:   300.000000000000        300.000000000000     
 ===========================
 total water budget:
 before (mm):         53.33086284542
 after (mm):          53.33050437107
 evaporation (mm):     0.00024737793
 precipitation (mm):   0.00060586240
 large-scale (mm):     0.00000000000
 Imbalance (mm)       0.00000001012
 evap (mm/day):  0.712448441394607     
 prec (mm/day):   1.74488372578936     
 ls (mm/day):  0.000000000000000E+000
 imbalance (mm/day)  2.915557229300064E-005
  imbalance (rel error):  1.898250326441739E-010
 ===========================
NSTEP =        117   NCYCLE= 23  CFL_adv= 0.471  CFL_sgs= 0.021
NSTEP =        118   NCYCLE= 23  CFL_adv= 0.467  CFL_sgs= 0.020
NSTEP =        119   NCYCLE= 22  CFL_adv= 0.475  CFL_sgs= 0.023
 Collecting statistics...
 name QCSTRG is missing in "lst" file.
 Writting statistics:nstatsteps=          15
 --------------- ISCCP Simulator Diagnostics: -----------------
 ISCCP PDF:
            0.0       0.3       1.3       3.6       9.4      23.0      60.0
    0.     0.007     0.001     0.001     0.001     0.001     0.002     0.014
  180.     0.000     0.000     0.000     0.000     0.000     0.000     0.000
  310.     0.000     0.000     0.000     0.000     0.000     0.000     0.000
  440.     0.000     0.000     0.000     0.000     0.000     0.000     0.000
  560.     0.000     0.000     0.000     0.000     0.000     0.000     0.000
  680.     0.000     0.000     0.000     0.000     0.000     0.000     0.000
  800.     0.000     0.000     0.000     0.000     0.000     0.000     0.000
 low cld area (tau > 0.3)=  2.644856770833333E-005
 mid cld area (tau > 0.3)=  1.424153645833333E-005
 hgh cld area (tau > 0.3)=  2.116394042968750E-002
 total cld area (tau > 0.3)=  2.120463053385416E-002
 mean albedo cld (tau > 0.3)   0.800719897808307     
 mean tau cld (tau > 0.3)    40.4093280977757     
 mean top pressure (tau > 0.3)   94.7643638750059     
 mean brightness temp (tau > 0.3)   255.035273230514     
 mean clearsky brightness temp (tau > 0.3)   295.134865839100     
 --------------- MODIS Simulator Diagnostics: -----------------
 MODIS PDF:
                      0.3       1.3       3.6       9.4      23.0      60.0
    0.               0.001     0.001     0.001     0.001     0.002     0.014
  180.               0.000     0.000     0.000     0.000     0.000     0.000
  310.               0.000     0.000     0.000     0.000     0.000     0.000
  440.               0.000     0.000     0.000     0.000     0.000     0.000
  560.               0.000     0.000     0.000     0.000     0.000     0.000
  680.               0.000     0.000     0.000     0.000     0.000     0.000
  800.               0.000     0.000     0.000     0.000     0.000     0.000
 low cld area =  1.220703125000000E-005
 mid cld area =  2.339680989583333E-005
 hgh cld area =  2.115987141927083E-002
 total cld area =  2.119547526041667E-002
 mean tau cld    267.027312411253     
 mean top pressure    101.021217206504     
 total cld area (liquid) =  2.441406250000000E-005
 total cld area (ice) =  2.116292317708333E-002
 mean tau (liquid) =  0.000000000000000E+000
 mean tau (ice) =   267.352879632789     
 mean lwp (g/m2) =  0.000000000000000E+000
 mean iwp (g/m2) =   9133.23450234097     
 mean reff (liquid)  =  0.000000000000000E+000
 mean reff (ice)  =   53.8123149284308     
 --------------- MISR Simulator Diagnostics: -----------------
 MISR PDF:
            0.0       0.3       1.3       3.6       9.4      23.0      60.0
 99.00     0.000     0.000     0.000     0.000     0.000     0.000     0.006
 17.00     0.000     0.000     0.001     0.001     0.001     0.002     0.008
 15.00     0.000     0.000     0.000     0.000     0.000     0.000     0.000
 13.00     0.000     0.000     0.000     0.000     0.000     0.000     0.000
 11.00     0.000     0.000     0.000     0.000     0.000     0.000     0.000
  9.00     0.000     0.000     0.000     0.000     0.000     0.000     0.000
  7.00     0.000     0.000     0.000     0.000     0.000     0.000     0.000
  5.00     0.000     0.000     0.000     0.000     0.000     0.000     0.000
  4.00     0.000     0.000     0.000     0.000     0.000     0.000     0.000
  3.00     0.000     0.000     0.000     0.000     0.000     0.000     0.000
  2.50     0.000     0.000     0.000     0.000     0.000     0.000     0.000
  2.00     0.000     0.000     0.000     0.000     0.000     0.000     0.000
  1.50     0.000     0.000     0.000     0.000     0.000     0.000     0.000
  1.00     0.000     0.000     0.000     0.000     0.000     0.000     0.000
  0.50     0.000     0.000     0.000     0.000     0.000     0.000     0.000
  0.00     0.001     0.000     0.000     0.000     0.000     0.000     0.000
 total cld area =  2.074686686197917E-002
 mean top height (m)   16489.7341027514     
 Writting history file 
 rcemip300sst_160_MaxIce20_std2                                                 
  
 Writting 2D data. file:./OUT_2D/bubble_rcemip300sst_160_MaxIce20_std2_64.2Dbin 
                                                                 
 Writting 3D data. file:./OUT_3D/bubble_rcemip300sst_160_MaxIce20_std2_64_000000
 0120.bin3D                                                      
NSTEP =        120   NCYCLE= 23  CFL_adv= 0.479  CFL_sgs= 0.021
 DAY =   4.166666666666666E-002
 NSTEP=         120
 div:  4.114841510509155E-017 -3.031091058206159E-017
 SST=   300.000000000000     
 surface pressure=   1014.80000000000     
 u:  -72.4496315612288        73.2257410021861     
 v:  -74.4704689232907        76.4954272955301     
 w:  -46.3448359573612        73.2224811791456     
 p:  -254.711387519549        326.626882187038     
 t:   264.281904375734        473.911215073685     
 tabs:   170.881427007267        300.111744091668     
 qv:  1.159415495630955E-117  2.164905953561794E-002
 tke:  0.000000000000000E+000   190.387546270880     
 tk:  0.000000000000000E+000   344.952484292112     
 tkh:  0.000000000000000E+000   344.952484292112     
 qcl:  0.000000000000000E+000  4.157397988945155E-003
 qci:  0.000000000000000E+000  2.917176239898604E-002
 qpl:  0.000000000000000E+000  2.388259845157895E-002
 qpi:  0.000000000000000E+000  0.000000000000000E+000
 qrad(K/day):  -137.144179453962        212.714016326249     
 shf: -0.634114159008628        303.589915774660     
 lhf:   3.50112226313157        123.989558470481     
 uw: -0.340235318127665       0.354065775532310     
 vw: -0.328765594623504       0.332075869869901     
 sst:   300.000000000000        300.000000000000     
 ===========================
 total water budget:
 before (mm):         53.32924598227
 after (mm):          53.32875988728
 evaporation (mm):     0.00024703065
 precipitation (mm):   0.00073313352
 large-scale (mm):     0.00000000000
 Imbalance (mm)       0.00000000788
 evap (mm/day):  0.711448275242148     
 prec (mm/day):   2.11142454796964     
 ls (mm/day):  0.000000000000000E+000
 imbalance (mm/day)  2.270702623430321E-005
  imbalance (rel error):  1.478449577686035E-010
 ===========================
CPU TIME =    1277.6169 OVER     0.50 MODEL HOURS
 Let's do some shortwave
 Range of zenith angles  0.732661695834013       0.732661695834013     
 Range of surface albedo (asdir)  3.383449086658900E-002  3.383449086658900E-002
 Range of surface albedo (aldir)  3.383449086658900E-002  3.383449086658900E-002
 Range of surface albedo (asdif)  6.000000000000000E-002  6.000000000000000E-002
 Range of surface albedo (aldif)  6.000000000000000E-002  6.000000000000000E-002
 radiation: perpetual sun, solin=   310.282739244982     
 longwave radiation is called
NSTEP =        121   NCYCLE= 25  CFL_adv= 0.463  CFL_sgs= 0.020
NSTEP =        122   NCYCLE= 26  CFL_adv= 0.461  CFL_sgs= 0.020
NSTEP =        123   NCYCLE= 26  CFL_adv= 0.476  CFL_sgs= 0.020
 Collecting statistics...
 name QCSTRG is missing in "lst" file.
NSTEP =        124   NCYCLE= 26  CFL_adv= 0.471  CFL_sgs= 0.019
 DAY =   4.305555555555556E-002
 NSTEP=         124
 div:  2.937255483497422E-017 -1.951727451309497E-017
 SST=   300.000000000000     
 surface pressure=   1014.80000000000     
 u:  -77.1780401244235        73.4604564969231     
 v:  -76.1035452439175        81.2578374044506     
 w:  -47.7833251915327        76.3678355800426     
 p:  -240.188038511143        238.235317147687     
 t:   256.899415281246        473.559464889060     
 tabs:   169.038786406122        301.274359125537     
 qv:  9.894849588299047E-116  2.113459113697392E-002
 tke:  0.000000000000000E+000   202.611733174216     
 tk:  0.000000000000000E+000   355.854370823073     
 tkh:  0.000000000000000E+000   355.854370823073     
 qcl:  0.000000000000000E+000  3.583190797697991E-003
 qci:  0.000000000000000E+000  2.996430829018813E-002
 qpl:  0.000000000000000E+000  2.398323762305815E-002
 qpi:  0.000000000000000E+000  0.000000000000000E+000
 qrad(K/day):  -160.637146633254        173.936492107830     
 shf:  -1.22325759360113        346.963855771056     
 lhf:   7.50969661733369        132.297260524944     
 uw: -0.178877769066908       0.196175649858730     
 vw: -0.174232880334936       0.183632241838949     
 sst:   300.000000000000        300.000000000000     
 ===========================
 total water budget:
 before (mm):         53.32719362422
 after (mm):          53.32665546944
 evaporation (mm):     0.00024602510
 precipitation (mm):   0.00078418709
 large-scale (mm):     0.00000000000
 Imbalance (mm)       0.00000000722
 evap (mm/day):  0.708552280588783     
 prec (mm/day):   2.25845882469947     
 ls (mm/day):  0.000000000000000E+000
 imbalance (mm/day)  2.078680910119063E-005
  imbalance (rel error):  1.353477601083691E-010
 ===========================
NSTEP =        125   NCYCLE= 26  CFL_adv= 0.478  CFL_sgs= 0.020
NSTEP =        126   NCYCLE= 27  CFL_adv= 0.469  CFL_sgs= 0.020
 Let's do some shortwave
 Range of zenith angles  0.732661695834013       0.732661695834013     
 Range of surface albedo (asdir)  3.383449086658900E-002  3.383449086658900E-002
 Range of surface albedo (aldir)  3.383449086658900E-002  3.383449086658900E-002
 Range of surface albedo (asdif)  6.000000000000000E-002  6.000000000000000E-002
 Range of surface albedo (aldif)  6.000000000000000E-002  6.000000000000000E-002
 radiation: perpetual sun, solin=   310.282739233587     
 longwave radiation is called
NSTEP =        127   NCYCLE= 25  CFL_adv= 0.479  CFL_sgs= 0.022
 Collecting statistics...
 name QCSTRG is missing in "lst" file.
NSTEP =        128   NCYCLE= 25  CFL_adv= 0.472  CFL_sgs= 0.020
 DAY =   4.444444444444445E-002
 NSTEP=         128
 div:  3.693691097851972E-017 -2.577467905571221E-017
 SST=   300.000000000000     
 surface pressure=   1014.80000000000     
 u:  -87.8188913760828        83.4021199866196     
 v:  -66.1183601120512        87.1732181730354     
 w:  -55.0639631710371        78.2253158823028     
 p:  -284.504843982343        273.000004430319     
 t:   270.412931983147        473.541656280114     
 tabs:   169.436842393305        301.377251557411     
 qv:  1.962540167634867E-115  2.084261276788000E-002
 tke:  0.000000000000000E+000   219.267920881971     
 tk:  0.000000000000000E+000   370.192450694543     
 tkh:  0.000000000000000E+000   370.192450694543     
 qcl:  0.000000000000000E+000  3.151779183060009E-003
 qci:  0.000000000000000E+000  2.825020239546418E-002
 qpl:  0.000000000000000E+000  2.205896829544216E-002
 qpi:  0.000000000000000E+000  0.000000000000000E+000
 qrad(K/day):  -177.400408734474        165.413566589700     
 shf:  -1.63557798810342        329.849859635783     
 lhf:   7.67616607684359        233.733734758572     
 uw: -0.234748204561497       0.220637119467223     
 vw: -0.254596188036845       0.275207957273547     
 sst:   300.000000000000        300.000000000000     
 ===========================
 total water budget:
 before (mm):         53.32499490334
 after (mm):          53.32440717811
 evaporation (mm):     0.00024494966
 precipitation (mm):   0.00083268060
 large-scale (mm):     0.00000000000
 Imbalance (mm)       0.00000000572
 evap (mm/day):  0.705455008727078     
 prec (mm/day):   2.39812013798343     
 ls (mm/day):  0.000000000000000E+000
 imbalance (mm/day)  1.647607025406089E-005
  imbalance (rel error):  1.072840183326058E-010
 ===========================
NSTEP =        129   NCYCLE= 26  CFL_adv= 0.466  CFL_sgs= 0.021
NSTEP =        130   NCYCLE= 26  CFL_adv= 0.465  CFL_sgs= 0.019
NSTEP =        131   NCYCLE= 26  CFL_adv= 0.467  CFL_sgs= 0.020
 Collecting statistics...
 name QCSTRG is missing in "lst" file.
NSTEP =        132   NCYCLE= 26  CFL_adv= 0.463  CFL_sgs= 0.021
 DAY =   4.583333333333333E-002
 NSTEP=         132
 div:  3.549665607457936E-017 -4.523127786199607E-017
 SST=   300.000000000000     
 surface pressure=   1014.80000000000     
 u:  -72.0201265948192        71.1159498261800     
 v:  -71.2362625655620        68.8537399251195     
 w:  -55.7263175884951        78.8302978450418     
 p:  -219.389257082132        225.395798679255     
 t:   267.405068343082        473.546359120979     
 tabs:   170.713413548261        300.418836169396     
 qv:  2.664767808242352E-113  2.075653895744030E-002
 tke:  0.000000000000000E+000   226.635754909610     
 tk:  0.000000000000000E+000   376.360660561789     
 tkh:  0.000000000000000E+000   376.360660561789     
 qcl:  0.000000000000000E+000  3.695335689319709E-003
 qci:  0.000000000000000E+000  2.771432845775343E-002
 qpl:  0.000000000000000E+000  2.095747844099139E-002
 qpi:  0.000000000000000E+000  0.000000000000000E+000
 qrad(K/day):  -177.400408734474        165.413566589700     
 shf:  -1.70901556236509        280.744015623822     
 lhf:   8.65320019755672        160.360669383909     
 uw: -0.401254578523810       0.350834673808678     
 vw: -0.374036266658261       0.429612232933532     
 sst:   300.000000000000        300.000000000000     
 ===========================
 total water budget:
 before (mm):         53.32251771740
 after (mm):          53.32185588252
 evaporation (mm):     0.00024322361
 precipitation (mm):   0.00090506843
 large-scale (mm):     0.00000000000
 Imbalance (mm)       0.00000000994
 evap (mm/day):  0.700483998812338     
 prec (mm/day):   2.60659709094132     
 ls (mm/day):  0.000000000000000E+000
 imbalance (mm/day)  2.863063116524678E-005
  imbalance (rel error):  1.864375525955985E-010
 ===========================
 Let's do some shortwave
 Range of zenith angles  0.732661695834013       0.732661695834013     
 Range of surface albedo (asdir)  3.383449086658900E-002  3.383449086658900E-002
 Range of surface albedo (aldir)  3.383449086658900E-002  3.383449086658900E-002
 Range of surface albedo (asdif)  6.000000000000000E-002  6.000000000000000E-002
 Range of surface albedo (aldif)  6.000000000000000E-002  6.000000000000000E-002
 radiation: perpetual sun, solin=   310.282739222253     
 longwave radiation is called
NSTEP =        133   NCYCLE= 27  CFL_adv= 0.466  CFL_sgs= 0.020
NSTEP =        134   NCYCLE= 28  CFL_adv= 0.469  CFL_sgs= 0.019
NSTEP =        135   NCYCLE= 26  CFL_adv= 0.478  CFL_sgs= 0.020
 Collecting statistics...
 name QCSTRG is missing in "lst" file.
NSTEP =        136   NCYCLE= 26  CFL_adv= 0.462  CFL_sgs= 0.020
 DAY =   4.722222222222222E-002
 NSTEP=         136
 div:  3.025632408667648E-017 -3.270270300536812E-017
 SST=   300.000000000000     
 surface pressure=   1014.80000000000     
 u:  -63.3438344030298        68.9644008760637     
 v:  -70.5908538554957        63.2065491065809     
 w:  -52.0572804670794        77.9538741394938     
 p:  -192.308162472995        223.624479523098     
 t:   268.206675498237        473.490072463945     
 tabs:   166.219900521457        300.536461055885     
 qv:  7.962610297726616E-111  2.072644298613148E-002
 tke:  0.000000000000000E+000   222.713381688101     
 tk:  0.000000000000000E+000   373.089618664287     
 tkh:  0.000000000000000E+000   373.089618664287     
 qcl:  0.000000000000000E+000  4.394662462397013E-003
 qci:  0.000000000000000E+000  2.637112989994564E-002
 qpl:  0.000000000000000E+000  2.073846616123062E-002
 qpi:  0.000000000000000E+000  0.000000000000000E+000
 qrad(K/day):  -191.930764268059        165.112893583587     
 shf:  -1.04996535578555        302.180960274765     
 lhf:   8.61508645626946        171.768483819740     
 uw: -0.254398501162255       0.263846673043361     
 vw: -0.185605241233182       0.233077465709982     
 sst:   300.000000000000        300.000000000000     
 ===========================
 total water budget:
 before (mm):         53.31986698724
 after (mm):          53.31921963853
 evaporation (mm):     0.00024161760
 precipitation (mm):   0.00088897354
 large-scale (mm):     0.00000000000
 Imbalance (mm)       0.00000000722
 evap (mm/day):  0.695858701867848     
 prec (mm/day):   2.56024378438743     
 ls (mm/day):  0.000000000000000E+000
 imbalance (mm/day)  2.080679441459482E-005
  imbalance (rel error):  1.354968325374259E-010
 ===========================
NSTEP =        137   NCYCLE= 27  CFL_adv= 0.462  CFL_sgs= 0.020
NSTEP =        138   NCYCLE= 25  CFL_adv= 0.471  CFL_sgs= 0.022
 Let's do some shortwave
 Range of zenith angles  0.732661695834013       0.732661695834013     
 Range of surface albedo (asdir)  3.383449086658900E-002  3.383449086658900E-002
 Range of surface albedo (aldir)  3.383449086658900E-002  3.383449086658900E-002
 Range of surface albedo (asdif)  6.000000000000000E-002  6.000000000000000E-002
 Range of surface albedo (aldif)  6.000000000000000E-002  6.000000000000000E-002
 radiation: perpetual sun, solin=   310.282739204993     
 longwave radiation is called
NSTEP =        139   NCYCLE= 25  CFL_adv= 0.473  CFL_sgs= 0.023
 Collecting statistics...
 name QCSTRG is missing in "lst" file.
NSTEP =        140   NCYCLE= 26  CFL_adv= 0.461  CFL_sgs= 0.022
 DAY =   4.861111111111111E-002
 NSTEP=         140
 div:  3.302588162046372E-017 -3.129520188206323E-017
 SST=   300.000000000000     
 surface pressure=   1014.80000000000     
 u:  -71.9156078977008        65.9305535011773     
 v:  -68.8353102013090        75.0028418101171     
 w:  -49.2709382496860        72.6877799083353     
 p:  -223.155794301038        225.279175326966     
 t:   269.756775881148        473.466085852076     
 tabs:   167.991708229508        300.384406655602     
 qv:  3.358754920041483E-102  2.066523402976685E-002
 tke:  0.000000000000000E+000   269.869899613787     
 tk:  0.000000000000000E+000   410.692935486620     
 tkh:  0.000000000000000E+000   410.692935486620     
 qcl:  0.000000000000000E+000  3.877051791298265E-003
 qci:  0.000000000000000E+000  2.609570015668646E-002
 qpl:  0.000000000000000E+000  2.076330572004052E-002
 qpi:  0.000000000000000E+000  0.000000000000000E+000
 qrad(K/day):  -210.997847697329        142.414325837597     
 shf: -0.744246872617093        345.629555368804     
 lhf:   5.95746302112232        198.422574687812     
 uw: -0.388564656803545       0.348227320129496     
 vw: -0.323713706564790       0.356636354666750     
 sst:   300.000000000000        300.000000000000     
 ===========================
 total water budget:
 before (mm):         53.31733422997
 after (mm):          53.31672232507
 evaporation (mm):     0.00024037966
 precipitation (mm):   0.00085229167
 large-scale (mm):     0.00000000000
 Imbalance (mm)       0.00000000712
 evap (mm/day):  0.692293419201313     
 prec (mm/day):   2.45460001761072     
 ls (mm/day):  0.000000000000000E+000
 imbalance (mm/day)  2.050798458240466E-005
  imbalance (rel error):  1.335570625528883E-010
 ===========================
NSTEP =        141   NCYCLE= 26  CFL_adv= 0.465  CFL_sgs= 0.023
NSTEP =        142   NCYCLE= 25  CFL_adv= 0.473  CFL_sgs= 0.022
NSTEP =        143   NCYCLE= 24  CFL_adv= 0.474  CFL_sgs= 0.021
 Collecting statistics...
 name QCSTRG is missing in "lst" file.
NSTEP =        144   NCYCLE= 24  CFL_adv= 0.466  CFL_sgs= 0.023
 DAY =   5.000000000000000E-002
 NSTEP=         144
 div:  3.273146747658131E-017 -3.942118760400143E-017
 SST=   300.000000000000     
 surface pressure=   1014.80000000000     
 u:  -67.8037359155288        68.3156742402366     
 v:  -61.7092181049970        60.8786630451750     
 w:  -48.4898699753355        69.4724435127134     
 p:  -231.458737707079        262.238184132338     
 t:   271.573971385302        473.472996644576     
 tabs:   172.238525173194        300.225750303494     
 qv:  5.905276132709134E-094  2.060825938313342E-002
 tke:  0.000000000000000E+000   215.722699981927     
 tk:  0.000000000000000E+000   367.187537218660     
 tkh:  0.000000000000000E+000   367.187537218660     
 qcl:  0.000000000000000E+000  3.781180483485487E-003
 qci:  0.000000000000000E+000  2.617673375010784E-002
 qpl:  0.000000000000000E+000  2.053725703825240E-002
 qpi:  0.000000000000000E+000  0.000000000000000E+000
 qrad(K/day):  -210.997847697329        142.414325837597     
 shf: -0.916449638911687        330.548410811236     
 lhf:   9.46925011227495        271.878113964047     
 uw: -0.766300667804774       0.773043950542000     
 vw: -0.776655983333010       0.778232304672747     
 sst:   300.000000000000        300.000000000000     
 ===========================
 total water budget:
 before (mm):         53.31494562149
 after (mm):          53.31437929654
 evaporation (mm):     0.00023951030
 precipitation (mm):   0.00080583833
 large-scale (mm):     0.00000000000
 Imbalance (mm)       0.00000000307
 evap (mm/day):  0.689789651974806     
 prec (mm/day):   2.32081438159200     
 ls (mm/day):  0.000000000000000E+000
 imbalance (mm/day)  8.854728378027144E-006
  imbalance (rel error):  5.766838112603486E-011
 ===========================
 Let's do some shortwave
 Range of zenith angles  0.732661695834013       0.732661695834013     
 Range of surface albedo (asdir)  3.383449086658900E-002  3.383449086658900E-002
 Range of surface albedo (aldir)  3.383449086658900E-002  3.383449086658900E-002
 Range of surface albedo (asdif)  6.000000000000000E-002  6.000000000000000E-002
 Range of surface albedo (aldif)  6.000000000000000E-002  6.000000000000000E-002
 radiation: perpetual sun, solin=   310.282739178473     
 longwave radiation is called
NSTEP =        145   NCYCLE= 24  CFL_adv= 0.470  CFL_sgs= 0.025
NSTEP =        146   NCYCLE= 24  CFL_adv= 0.468  CFL_sgs= 0.028
NSTEP =        147   NCYCLE= 24  CFL_adv= 0.459  CFL_sgs= 0.026
 Collecting statistics...
 name QCSTRG is missing in "lst" file.
NSTEP =        148   NCYCLE= 23  CFL_adv= 0.477  CFL_sgs= 0.023
 DAY =   5.138888888888889E-002
 NSTEP=         148
 div:  4.135879610665540E-017 -3.701755774582486E-017
 SST=   300.000000000000     
 surface pressure=   1014.80000000000     
 u:  -62.5510313916081        71.8796540094961     
 v:  -70.6253164314356        61.7327316594184     
 w:  -44.5308360141963        65.4583166090641     
 p:  -184.801944573297        198.860273468250     
 t:   273.738119422629        473.478434301094     
 tabs:   173.642641092608        300.332850947837     
 qv:  1.212251654940866E-089  2.059776003052280E-002
 tke:  0.000000000000000E+000   217.361877527550     
 tk:  0.000000000000000E+000   368.579941742247     
 tkh:  0.000000000000000E+000   368.579941742247     
 qcl:  0.000000000000000E+000  3.722932258145412E-003
 qci:  0.000000000000000E+000  2.405022182269704E-002
 qpl:  0.000000000000000E+000  2.005503787630335E-002
 qpi:  0.000000000000000E+000  0.000000000000000E+000
 qrad(K/day):  -182.671643715800        152.729716931673     
 shf: -0.970097083991112        256.490167543825     
 lhf:   9.91003037334154        364.590821269386     
 uw: -0.674310516455453       0.662536969835387     
 vw: -0.723719019231203       0.721061002465932     
 sst:   300.000000000000        300.000000000000     
 ===========================
 total water budget:
 before (mm):         53.31269038888
 after (mm):          53.31208504472
 evaporation (mm):     0.00023899924
 precipitation (mm):   0.00084434759
 large-scale (mm):     0.00000000000
 Imbalance (mm)       0.00000000418
 evap (mm/day):  0.688317820396272     
 prec (mm/day):   2.43172105177750     
 ls (mm/day):  0.000000000000000E+000
 imbalance (mm/day)  1.204875926998777E-005
  imbalance (rel error):  7.847371688699756E-011
 ===========================
NSTEP =        149   NCYCLE= 23  CFL_adv= 0.464  CFL_sgs= 0.023
NSTEP =        150   NCYCLE= 22  CFL_adv= 0.479  CFL_sgs= 0.025
 Let's do some shortwave
 Range of zenith angles  0.732661695834013       0.732661695834013     
 Range of surface albedo (asdir)  3.383449086658900E-002  3.383449086658900E-002
 Range of surface albedo (aldir)  3.383449086658900E-002  3.383449086658900E-002
 Range of surface albedo (asdif)  6.000000000000000E-002  6.000000000000000E-002
 Range of surface albedo (aldif)  6.000000000000000E-002  6.000000000000000E-002
 radiation: perpetual sun, solin=   310.282739141725     
 longwave radiation is called
NSTEP =        151   NCYCLE= 23  CFL_adv= 0.466  CFL_sgs= 0.024
 Collecting statistics...
 name QCSTRG is missing in "lst" file.
NSTEP =        152   NCYCLE= 23  CFL_adv= 0.460  CFL_sgs= 0.024
 DAY =   5.277777777777778E-002
 NSTEP=         152
 div:  2.925445081546025E-017 -5.021915490353589E-017
 SST=   300.000000000000     
 surface pressure=   1014.80000000000     
 u:  -70.9575955676504        76.2433487035039     
 v:  -73.8961063093923        57.4434206273094     
 w:  -46.8794756797396        66.8764829107931     
 p:  -193.453255405676        171.830241649113     
 t:   274.639114105508        473.480871353934     
 tabs:   171.728917885244        300.361865500038     
 qv:  2.984812088473812E-087  2.056925782044270E-002
 tke:  0.000000000000000E+000   236.737532579008     
 tk:  0.000000000000000E+000   384.656935283741     
 tkh:  0.000000000000000E+000   384.656935283741     
 qcl:  0.000000000000000E+000  5.291450610315562E-003
 qci:  0.000000000000000E+000  2.451180855711258E-002
 qpl:  0.000000000000000E+000  1.955322831699597E-002
 qpi:  0.000000000000000E+000  0.000000000000000E+000
 qrad(K/day):  -156.735522606199        161.952584709731     
 shf:  -1.24870707932569        284.041541471940     
 lhf:   9.99490556168758        254.579290015124     
 uw: -0.401182988555921       0.527361943562247     
 vw: -0.684695087268368       0.545595311330729     
 sst:   300.000000000000        300.000000000000     
 ===========================
 total water budget:
 before (mm):         53.31001261554
 after (mm):          53.30924088600
 evaporation (mm):     0.00023819762
 precipitation (mm):   0.00100993125
 large-scale (mm):     0.00000000000
 Imbalance (mm)       0.00000000408
 evap (mm/day):  0.686009147526114     
 prec (mm/day):   2.90860198941682     
 ls (mm/day):  0.000000000000000E+000
 imbalance (mm/day)  1.173923286267031E-005
  imbalance (rel error):  7.646180486719900E-011
 ===========================
NSTEP =        153   NCYCLE= 23  CFL_adv= 0.463  CFL_sgs= 0.024
NSTEP =        154   NCYCLE= 22  CFL_adv= 0.479  CFL_sgs= 0.024
NSTEP =        155   NCYCLE= 22  CFL_adv= 0.462  CFL_sgs= 0.024
 Collecting statistics...
 name QCSTRG is missing in "lst" file.
NSTEP =        156   NCYCLE= 22  CFL_adv= 0.468  CFL_sgs= 0.025
 DAY =   5.416666666666667E-002
 NSTEP=         156
 div:  3.065369947188322E-017 -4.135752185712224E-017
 SST=   300.000000000000     
 surface pressure=   1014.80000000000     
 u:  -66.0753868668500        64.8267230160975     
 v:  -66.6369261759656        49.9729965270419     
 w:  -41.9156496276696        62.1244836420528     
 p:  -165.958662730464        170.356515735691     
 t:   273.851638561586        473.431083343974     
 tabs:   172.853790840077        300.558490975081     
 qv:  1.205523346651466E-084  2.051462444767524E-002
 tke:  0.000000000000000E+000   274.535598607458     
 tk:  0.000000000000000E+000   414.227895161180     
 tkh:  0.000000000000000E+000   414.227895161180     
 qcl:  0.000000000000000E+000  3.130953205276021E-003
 qci:  0.000000000000000E+000  2.236605773110265E-002
 qpl:  0.000000000000000E+000  1.833354431981574E-002
 qpi:  0.000000000000000E+000  0.000000000000000E+000
 qrad(K/day):  -156.735522606199        161.952584709731     
 shf:  -1.28747534283531        349.091010987595     
 lhf:   10.5188398281901        249.839171147237     
 uw: -0.423733746379674       0.391480873662217     
 vw: -0.456080417539297       0.415774096281983     
 sst:   300.000000000000        300.000000000000     
 ===========================
 total water budget:
 before (mm):         53.30677168652
 after (mm):          53.30590826003
 evaporation (mm):     0.00023707936
 precipitation (mm):   0.00110051236
 large-scale (mm):     0.00000000000
 Imbalance (mm)       0.00000000652
 evap (mm/day):  0.682788548505364     
 prec (mm/day):   3.16947560894730     
 ls (mm/day):  0.000000000000000E+000
 imbalance (mm/day)  1.878019114033569E-005
  imbalance (rel error):  1.223297677289051E-010
 ===========================
 Let's do some shortwave
 Range of zenith angles  0.732661695834013       0.732661695834013     
 Range of surface albedo (asdir)  3.383449086658900E-002  3.383449086658900E-002
 Range of surface albedo (aldir)  3.383449086658900E-002  3.383449086658900E-002
 Range of surface albedo (asdif)  6.000000000000000E-002  6.000000000000000E-002
 Range of surface albedo (aldif)  6.000000000000000E-002  6.000000000000000E-002
 radiation: perpetual sun, solin=   310.282739095516     
 longwave radiation is called
NSTEP =        157   NCYCLE= 22  CFL_adv= 0.461  CFL_sgs= 0.027
NSTEP =        158   NCYCLE= 20  CFL_adv= 0.470  CFL_sgs= 0.024
NSTEP =        159   NCYCLE= 21  CFL_adv= 0.461  CFL_sgs= 0.026
 Collecting statistics...
 name QCSTRG is missing in "lst" file.
NSTEP =        160   NCYCLE= 21  CFL_adv= 0.465  CFL_sgs= 0.024
 DAY =   5.555555555555555E-002
 NSTEP=         160
 div:  4.352998792382751E-017 -4.644063716889635E-017
 SST=   300.000000000000     
 surface pressure=   1014.80000000000     
 u:  -54.2801241209904        47.0541682821102     
 v:  -58.6672754217512        58.2548387568528     
 w:  -38.6110612528156        56.8866356185367     
 p:  -172.250623268221        172.519754060851     
 t:   272.608940515015        473.519436888760     
 tabs:   173.361835410275        300.500744603225     
 qv:  2.996240434909833E-080  2.038749493885467E-002
 tke:  0.000000000000000E+000   166.008812192243     
 tk:  0.000000000000000E+000   322.111017539220     
 tkh:  0.000000000000000E+000   322.111017539220     
 qcl:  0.000000000000000E+000  4.046917778892653E-003
 qci:  0.000000000000000E+000  2.238036875662391E-002
 qpl:  0.000000000000000E+000  1.764860861796042E-002
 qpi:  0.000000000000000E+000  0.000000000000000E+000
 qrad(K/day):  -163.259864659094        140.963827812155     
 shf:  -5.24836249910531        393.683850627586     
 lhf:   10.8788276347712        222.608639751387     
 uw: -0.586628936069013       0.352347934579926     
 vw: -0.371336015790735       0.424289660312551     
 sst:   300.000000000000        300.000000000000     
 ===========================
 total water budget:
 before (mm):         53.30319826027
 after (mm):          53.30225863971
 evaporation (mm):     0.00023600124
 precipitation (mm):   0.00117562710
 large-scale (mm):     0.00000000000
 Imbalance (mm)       0.00000000530
 evap (mm/day):  0.679683557421917     
 prec (mm/day):   3.38580606177780     
 ls (mm/day):  0.000000000000000E+000
 imbalance (mm/day)  1.527148979274529E-005
  imbalance (rel error):  9.948176562528817E-011
 ===========================
NSTEP =        161   NCYCLE= 21  CFL_adv= 0.457  CFL_sgs= 0.022
NSTEP =        162   NCYCLE= 20  CFL_adv= 0.465  CFL_sgs= 0.022
 Let's do some shortwave
 Range of zenith angles  0.732661695834013       0.732661695834013     
 Range of surface albedo (asdir)  3.383449086658900E-002  3.383449086658900E-002
 Range of surface albedo (aldir)  3.383449086658900E-002  3.383449086658900E-002
 Range of surface albedo (asdif)  6.000000000000000E-002  6.000000000000000E-002
 Range of surface albedo (aldif)  6.000000000000000E-002  6.000000000000000E-002
 radiation: perpetual sun, solin=   310.282739043829     
 longwave radiation is called
NSTEP =        163   NCYCLE= 19  CFL_adv= 0.459  CFL_sgs= 0.023
 Collecting statistics...
 name QCSTRG is missing in "lst" file.
NSTEP =        164   NCYCLE= 19  CFL_adv= 0.460  CFL_sgs= 0.025
 DAY =   5.694444444444444E-002
 NSTEP=         164
 div:  3.959826694131592E-017 -4.943763922339621E-017
 SST=   300.000000000000     
 surface pressure=   1014.80000000000     
 u:  -68.3835631817772        63.5087060248564     
 v:  -56.9100527486585        68.0243913197981     
 w:  -40.7734582011428        56.6230569996130     
 p:  -223.794448112410        185.335208840727     
 t:   272.797271579653        473.553886537455     
 tabs:   171.954497683310        300.498150703824     
 qv:  3.965445241728251E-078  2.039091649192677E-002
 tke:  0.000000000000000E+000   149.111380552103     
 tk:  0.000000000000000E+000   305.277927215619     
 tkh:  0.000000000000000E+000   305.277927215619     
 qcl:  0.000000000000000E+000  5.796232751246867E-003
 qci:  0.000000000000000E+000  2.492590319898965E-002
 qpl:  0.000000000000000E+000  1.775723604982413E-002
 qpi:  0.000000000000000E+000  0.000000000000000E+000
 qrad(K/day):  -146.363257705229        128.489383593223     
 shf:  -5.21532984239286        464.349780644489     
 lhf:   11.2039825866307        257.049607392017     
 uw: -0.519685076595231       0.512024151241342     
 vw: -0.882353450834215       0.595285511511335     
 sst:   300.000000000000        300.000000000000     
 ===========================
 total water budget:
 before (mm):         53.29937937374
 after (mm):          53.29842245863
 evaporation (mm):     0.00023503850
 precipitation (mm):   0.00119195720
 large-scale (mm):     0.00000000000
 Imbalance (mm)       0.00000000358
 evap (mm/day):  0.676910880989468     
 prec (mm/day):   3.43283672596706     
 ls (mm/day):  0.000000000000000E+000
 imbalance (mm/day)  1.030473982456537E-005
  imbalance (rel error):  6.713214494632669E-011
 ===========================
NSTEP =        165   NCYCLE= 20  CFL_adv= 0.466  CFL_sgs= 0.022
NSTEP =        166   NCYCLE= 19  CFL_adv= 0.466  CFL_sgs= 0.024
NSTEP =        167   NCYCLE= 20  CFL_adv= 0.477  CFL_sgs= 0.022
 Collecting statistics...
 name QCSTRG is missing in "lst" file.
NSTEP =        168   NCYCLE= 20  CFL_adv= 0.464  CFL_sgs= 0.024
 DAY =   5.833333333333333E-002
 NSTEP=         168
 div:  3.081080941882191E-017 -4.915058106804851E-017
 SST=   300.000000000000     
 surface pressure=   1014.80000000000     
 u:  -68.5684445811248        54.3306370247279     
 v:  -53.5624809063193        56.8670480491662     
 w:  -33.6455900501237        55.7984697336192     
 p:  -226.158350918145        183.232739230793     
 t:   273.459860631276        473.544550499744     
 tabs:   177.202084917983        300.214945455048     
 qv:  4.485480127238129E-075  2.033029299864354E-002
 tke:  0.000000000000000E+000   168.590787169312     
 tk:  0.000000000000000E+000   324.606287648314     
 tkh:  0.000000000000000E+000   324.606287648314     
 qcl:  0.000000000000000E+000  3.342499781944456E-003
 qci:  0.000000000000000E+000  2.521108564203121E-002
 qpl:  0.000000000000000E+000  1.716187498617341E-002
 qpi:  0.000000000000000E+000  0.000000000000000E+000
 qrad(K/day):  -146.363257705229        128.489383593223     
 shf:  -1.47403313492073        426.898158742648     
 lhf:   11.8034677875420        396.943650596478     
 uw: -0.617270610452097       0.570715602692968     
 vw:  -1.08052796821563       0.623581140651612     
 sst:   300.000000000000        300.000000000000     
 ===========================
 total water budget:
 before (mm):         53.29566138999
 after (mm):          53.29479179205
 evaporation (mm):     0.00023443866
 precipitation (mm):   0.00110404280
 large-scale (mm):     0.00000000000
 Imbalance (mm)       0.00000000621
 evap (mm/day):  0.675183333583540     
 prec (mm/day):   3.17964327658153     
 ls (mm/day):  0.000000000000000E+000
 imbalance (mm/day)  1.788685995943173E-005
  imbalance (rel error):  1.165351968048308E-010
 ===========================
 Let's do some shortwave
 Range of zenith angles  0.732661695834013       0.732661695834013     
 Range of surface albedo (asdir)  3.383449086658900E-002  3.383449086658900E-002
 Range of surface albedo (aldir)  3.383449086658900E-002  3.383449086658900E-002
 Range of surface albedo (asdif)  6.000000000000000E-002  6.000000000000000E-002
 Range of surface albedo (aldif)  6.000000000000000E-002  6.000000000000000E-002
 radiation: perpetual sun, solin=   310.282738994313     
 longwave radiation is called
NSTEP =        169   NCYCLE= 20  CFL_adv= 0.469  CFL_sgs= 0.023
NSTEP =        170   NCYCLE= 19  CFL_adv= 0.456  CFL_sgs= 0.022
NSTEP =        171   NCYCLE= 18  CFL_adv= 0.470  CFL_sgs= 0.028
 Collecting statistics...
 name QCSTRG is missing in "lst" file.
NSTEP =        172   NCYCLE= 18  CFL_adv= 0.466  CFL_sgs= 0.026
 DAY =   5.972222222222223E-002
 NSTEP=         172
 div:  3.518552218398708E-017 -5.274083821693326E-017
 SST=   300.000000000000     
 surface pressure=   1014.80000000000     
 u:  -54.9012289999395        50.5148056855579     
 v:  -60.8806128514950        48.0527368987560     
 w:  -34.5114697717928        50.7729478264301     
 p:  -291.835493971852        188.665181904308     
 t:   274.922003413472        473.468781781737     
 tabs:   182.182488809481        300.545874041693     
 qv:  5.002452011141814E-074  2.031732071632408E-002
 tke:  0.000000000000000E+000   211.018994057278     
 tk:  0.000000000000000E+000   363.162320850882     
 tkh:  0.000000000000000E+000   363.162320850882     
 qcl:  0.000000000000000E+000  3.415529378333036E-003
 qci:  0.000000000000000E+000  2.083729929190190E-002
 qpl:  0.000000000000000E+000  1.560921825220702E-002
 qpi:  0.000000000000000E+000  0.000000000000000E+000
 qrad(K/day):  -140.324752846154        180.409128653266     
 shf: -0.163067727337511        333.743364240709     
 lhf:   12.2702626191665        327.655956855517     
 uw: -0.567862129292957       0.747834583254903     
 vw: -0.898247585640548       0.364012921498186     
 sst:   300.000000000000        300.000000000000     
 ===========================
 total water budget:
 before (mm):         53.29234450463
 after (mm):          53.29157500304
 evaporation (mm):     0.00023359973
 precipitation (mm):   0.00100310586
 large-scale (mm):     0.00000000000
 Imbalance (mm)       0.00000000453
 evap (mm/day):  0.672767235860050     
 prec (mm/day):   2.88894486783718     
 ls (mm/day):  0.000000000000000E+000
 imbalance (mm/day)  1.303966058442685E-005
  imbalance (rel error):  8.496021326322947E-011
 ===========================
NSTEP =        173   NCYCLE= 18  CFL_adv= 0.472  CFL_sgs= 0.029
NSTEP =        174   NCYCLE= 18  CFL_adv= 0.455  CFL_sgs= 0.027
 Let's do some shortwave
 Range of zenith angles  0.732661695834013       0.732661695834013     
 Range of surface albedo (asdir)  3.383449086658900E-002  3.383449086658900E-002
 Range of surface albedo (aldir)  3.383449086658900E-002  3.383449086658900E-002
 Range of surface albedo (asdif)  6.000000000000000E-002  6.000000000000000E-002
 Range of surface albedo (aldif)  6.000000000000000E-002  6.000000000000000E-002
 radiation: perpetual sun, solin=   310.282738954258     
 longwave radiation is called
NSTEP =        175   NCYCLE= 18  CFL_adv= 0.479  CFL_sgs= 0.024
 Collecting statistics...
 name QCSTRG is missing in "lst" file.
NSTEP =        176   NCYCLE= 18  CFL_adv= 0.470  CFL_sgs= 0.024
 DAY =   6.111111111111111E-002
 NSTEP=         176
 div:  3.955227945319945E-017 -5.202521670848958E-017
 SST=   300.000000000000     
 surface pressure=   1014.80000000000     
 u:  -51.3319175753582        47.9043608945845     
 v:  -47.6415473750529        46.5283483421275     
 w:  -31.0021909272910        56.2593933002020     
 p:  -191.901107074555        179.450410894218     
 t:   276.223645642993        473.458175665707     
 tabs:   180.160299730499        301.089026553949     
 qv:  1.137010822149770E-073  2.028719716819044E-002
 tke:  0.000000000000000E+000   151.618124322015     
 tk:  0.000000000000000E+000   307.833279067191     
 tkh:  0.000000000000000E+000   307.833279067191     
 qcl:  0.000000000000000E+000  3.859584865233309E-003
 qci:  0.000000000000000E+000  2.398889320412752E-002
 qpl:  0.000000000000000E+000  1.331162268935144E-002
 qpi:  0.000000000000000E+000  0.000000000000000E+000
 qrad(K/day):  -130.182157312256        202.109997273974     
 shf:  -2.69710095770334        286.804352173443     
 lhf:   12.6220879159344        277.046616338332     
 uw: -0.446866729933730       0.495759955874248     
 vw: -0.715564518917285       0.376398887475754     
 sst:   300.000000000000        300.000000000000     
 ===========================
 total water budget:
 before (mm):         53.28943238848
 after (mm):          53.28878228880
 evaporation (mm):     0.00023245562
 precipitation (mm):   0.00088255939
 large-scale (mm):     0.00000000000
 Imbalance (mm)       0.00000000409
 evap (mm/day):  0.669472190204203     
 prec (mm/day):   2.54177103190572     
 ls (mm/day):  0.000000000000000E+000
 imbalance (mm/day)  1.177455247428072E-005
  imbalance (rel error):  7.672130167481408E-011
 ===========================
NSTEP =        177   NCYCLE= 20  CFL_adv= 0.459  CFL_sgs= 0.022
NSTEP =        178   NCYCLE= 19  CFL_adv= 0.468  CFL_sgs= 0.021
NSTEP =        179   NCYCLE= 18  CFL_adv= 0.458  CFL_sgs= 0.027
 Collecting statistics...
 name QCSTRG is missing in "lst" file.
 Writting statistics:nstatsteps=          15
 --------------- ISCCP Simulator Diagnostics: -----------------
 ISCCP PDF:
            0.0       0.3       1.3       3.6       9.4      23.0      60.0
    0.     0.012     0.003     0.003     0.003     0.004     0.007     0.034
  180.     0.000     0.000     0.000     0.000     0.000     0.000     0.000
  310.     0.000     0.000     0.000     0.000     0.000     0.000     0.000
  440.     0.000     0.000     0.000     0.000     0.000     0.000     0.000
  560.     0.000     0.000     0.000     0.000     0.000     0.000     0.000
  680.     0.000     0.000     0.000     0.000     0.000     0.000     0.000
  800.     0.000     0.000     0.000     0.000     0.000     0.000     0.000
 low cld area (tau > 0.3)=  0.000000000000000E+000
 mid cld area (tau > 0.3)=  0.000000000000000E+000
 hgh cld area (tau > 0.3)=  5.416753859747024E-002
 total cld area (tau > 0.3)=  5.416753859747024E-002
 mean albedo cld (tau > 0.3)   0.783453735152791     
 mean tau cld (tau > 0.3)    35.9404306840050     
 mean top pressure (tau > 0.3)   105.059264378578     
 mean brightness temp (tau > 0.3)   227.652036334749     
 mean clearsky brightness temp (tau > 0.3)   295.166562689221     
 --------------- MODIS Simulator Diagnostics: -----------------
 MODIS PDF:
                      0.3       1.3       3.6       9.4      23.0      60.0
    0.               0.003     0.003     0.003     0.004     0.007     0.034
  180.               0.000     0.000     0.000     0.000     0.000     0.000
  310.               0.000     0.000     0.000     0.000     0.000     0.000
  440.               0.000     0.000     0.000     0.000     0.000     0.000
  560.               0.000     0.000     0.000     0.000     0.000     0.000
  680.               0.000     0.000     0.000     0.000     0.000     0.000
  800.               0.000     0.000     0.000     0.000     0.000     0.000
 low cld area =  0.000000000000000E+000
 mid cld area =  0.000000000000000E+000
 hgh cld area =  5.414813813709077E-002
 total cld area =  5.414813813709077E-002
 mean tau cld    256.390299222136     
 mean top pressure    106.494357591871     
 total cld area (liquid) =  0.000000000000000E+000
 total cld area (ice) =  5.414813813709077E-002
 mean tau (liquid) =  -1.00000000000000     
 mean tau (ice) =   256.390299222136     
 mean lwp (g/m2) =  -1.00000000000000     
 mean iwp (g/m2) =   8068.21915278899     
 mean reff (liquid)  =  -1.00000000000000     
 mean reff (ice)  =   49.5323538373067     
 --------------- MISR Simulator Diagnostics: -----------------
 MISR PDF:
            0.0       0.3       1.3       3.6       9.4      23.0      60.0
 99.00     0.000     0.000     0.000     0.000     0.000     0.000     0.006
 17.00     0.000     0.000     0.001     0.002     0.004     0.006     0.028
 15.00     0.000     0.001     0.002     0.001     0.001     0.000     0.000
 13.00     0.000     0.001     0.000     0.000     0.000     0.000     0.000
 11.00     0.000     0.000     0.000     0.000     0.000     0.000     0.000
  9.00     0.000     0.000     0.000     0.000     0.000     0.000     0.000
  7.00     0.000     0.000     0.000     0.000     0.000     0.000     0.000
  5.00     0.000     0.000     0.000     0.000     0.000     0.000     0.000
  4.00     0.000     0.000     0.000     0.000     0.000     0.000     0.000
  3.00     0.000     0.000     0.000     0.000     0.000     0.000     0.000
  2.50     0.000     0.000     0.000     0.000     0.000     0.000     0.000
  2.00     0.000     0.000     0.000     0.000     0.000     0.000     0.000
  1.50     0.000     0.000     0.000     0.000     0.000     0.000     0.000
  1.00     0.000     0.000     0.000     0.000     0.000     0.000     0.000
  0.50     0.000     0.000     0.000     0.000     0.000     0.000     0.000
  0.00     0.001     0.001     0.000     0.000     0.000     0.000     0.000
 total cld area =  5.326294671921503E-002
 mean top height (m)   16067.3509018319     
 Writting history file 
 rcemip300sst_160_MaxIce20_std2                                                 
  
NSTEP =        180   NCYCLE= 17  CFL_adv= 0.452  CFL_sgs= 0.029
 DAY =   6.250000000000000E-002
 NSTEP=         180
 div:  5.966678891353967E-017 -8.571273483629161E-017
 SST=   300.000000000000     
 surface pressure=   1014.80000000000     
 u:  -45.1565721997255        46.1638955342500     
 v:  -43.4820018840305        44.1406663472064     
 w:  -29.8842376862511        52.8926932670869     
 p:  -182.538152913983        174.923565487694     
 t:   278.800876832757        473.545916643912     
 tabs:   182.374322717761        301.013826535506     
 qv:  2.286670878451260E-071  2.019199791291013E-002
 tke:  0.000000000000000E+000   157.237200010835     
 tk:  0.000000000000000E+000   313.485645615189     
 tkh:  0.000000000000000E+000   313.485645615189     
 qcl:  0.000000000000000E+000  4.556241479551927E-003
 qci:  0.000000000000000E+000  1.990933871298200E-002
 qpl:  0.000000000000000E+000  1.346074672057876E-002
 qpi:  0.000000000000000E+000  0.000000000000000E+000
 qrad(K/day):  -130.182157312256        202.109997273974     
 shf:  -1.75496390705038        318.162390428057     
 lhf:   12.6038400713389        291.521057505684     
 uw: -0.392725646245484       0.534589018332625     
 vw: -0.383686911779564       0.584102017816338     
 sst:   300.000000000000        300.000000000000     
 ===========================
 total water budget:
 before (mm):         53.28697126879
 after (mm):          53.28637925606
 evaporation (mm):     0.00023124712
 precipitation (mm):   0.00082326094
 large-scale (mm):     0.00000000000
 Imbalance (mm)       0.00000000109
 evap (mm/day):  0.665991719506955     
 prec (mm/day):   2.37099152032259     
 ls (mm/day):  0.000000000000000E+000
 imbalance (mm/day)  3.125023839700702E-006
  imbalance (rel error):  2.036311966314020E-011
 ===========================
CPU TIME =    1397.5114 OVER     0.50 MODEL HOURS
 Let's do some shortwave
 Range of zenith angles  0.732661695834013       0.732661695834013     
 Range of surface albedo (asdir)  3.383449086658900E-002  3.383449086658900E-002
 Range of surface albedo (aldir)  3.383449086658900E-002  3.383449086658900E-002
 Range of surface albedo (asdif)  6.000000000000000E-002  6.000000000000000E-002
 Range of surface albedo (aldif)  6.000000000000000E-002  6.000000000000000E-002
 radiation: perpetual sun, solin=   310.282738926913     
 longwave radiation is called
NSTEP =        181   NCYCLE= 16  CFL_adv= 0.475  CFL_sgs= 0.028
NSTEP =        182   NCYCLE= 18  CFL_adv= 0.469  CFL_sgs= 0.024
NSTEP =        183   NCYCLE= 18  CFL_adv= 0.479  CFL_sgs= 0.024
 Collecting statistics...
 name QCSTRG is missing in "lst" file.
NSTEP =        184   NCYCLE= 18  CFL_adv= 0.467  CFL_sgs= 0.023
 DAY =   6.388888888888888E-002
 NSTEP=         184
 div:  4.654694143769188E-017 -6.452062129633357E-017
 SST=   300.000000000000     
 surface pressure=   1014.80000000000     
 u:  -41.1660946381060        38.8006932960425     
 v:  -46.5508653313021        40.6069827207094     
 w:  -28.8679914947572        46.2033036875078     
 p:  -169.326263861009        181.534163742735     
 t:   280.995429062676        473.500494183030     
 tabs:   182.942597136981        301.109960336097     
 qv:  1.578685707855726E-069  2.018628822888751E-002
 tke:  0.000000000000000E+000   211.591760903659     
 tk:  0.000000000000000E+000   363.654850874819     
 tkh:  0.000000000000000E+000   363.654850874819     
 qcl:  0.000000000000000E+000  2.973904169116683E-003
 qci:  0.000000000000000E+000  1.912166701372459E-002
 qpl:  0.000000000000000E+000  1.066109585616953E-002
 qpi:  0.000000000000000E+000  0.000000000000000E+000
 qrad(K/day):  -139.637196871137        162.281261305909     
 shf: -1.314187626870890E-002   235.206550372508     
 lhf:   12.6036622096783        370.146755984420     
 uw: -0.286840833582230       0.343378827716954     
 vw: -0.513572120666035       0.511606815389286     
 sst:   300.000000000000        300.000000000000     
 ===========================
 total water budget:
 before (mm):         53.28451983748
 after (mm):          53.28386556169
 evaporation (mm):     0.00023041877
 precipitation (mm):   0.00088469604
 large-scale (mm):     0.00000000000
 Imbalance (mm)       0.00000000148
 evap (mm/day):  0.663606050572234     
 prec (mm/day):   2.54792459731889     
 ls (mm/day):  0.000000000000000E+000
 imbalance (mm/day)  4.274090243915063E-006
  imbalance (rel error):  2.785197467463252E-011
 ===========================
NSTEP =        185   NCYCLE= 16  CFL_adv= 0.471  CFL_sgs= 0.033
NSTEP =        186   NCYCLE= 15  CFL_adv= 0.478  CFL_sgs= 0.025
 Let's do some shortwave
 Range of zenith angles  0.732661695834013       0.732661695834013     
 Range of surface albedo (asdir)  3.383449086658900E-002  3.383449086658900E-002
 Range of surface albedo (aldir)  3.383449086658900E-002  3.383449086658900E-002
 Range of surface albedo (asdif)  6.000000000000000E-002  6.000000000000000E-002
 Range of surface albedo (aldif)  6.000000000000000E-002  6.000000000000000E-002
 radiation: perpetual sun, solin=   310.282738912101     
 longwave radiation is called
NSTEP =        187   NCYCLE= 15  CFL_adv= 0.449  CFL_sgs= 0.026
 Collecting statistics...
 name QCSTRG is missing in "lst" file.
NSTEP =        188   NCYCLE= 15  CFL_adv= 0.453  CFL_sgs= 0.026
 DAY =   6.527777777777778E-002
 NSTEP=         188
 div:  5.440276328148407E-017 -8.313458640282790E-017
 SST=   300.000000000000     
 surface pressure=   1014.80000000000     
 u:  -32.6906701955102        36.4302842908623     
 v:  -34.7029326408132        38.3130947248981     
 w:  -30.8085396253087        40.3622895574937     
 p:  -145.091690997029        169.944975371722     
 t:   280.945812447252        473.474973124424     
 tabs:   187.912828995185        300.982831590398     
 qv:  4.286714150534141E-068  2.019459058487366E-002
 tke:  0.000000000000000E+000   83.6748236141474     
 tk:  0.000000000000000E+000   228.684859050271     
 tkh:  0.000000000000000E+000   228.684859050271     
 qcl:  0.000000000000000E+000  3.525701756861096E-003
 qci:  0.000000000000000E+000  1.676648553147932E-002
 qpl:  0.000000000000000E+000  1.046928149978065E-002
 qpi:  0.000000000000000E+000  0.000000000000000E+000
 qrad(K/day):  -129.412981571351        182.640428434035     
 shf: -0.939623903212907        277.501788802891     
 lhf:   12.8074866828368        393.786702299211     
 uw: -0.388823857977810       0.409115619389707     
 vw: -0.592612324808450       0.353934044918185     
 sst:   300.000000000000        300.000000000000     
 ===========================
 total water budget:
 before (mm):         53.28180819360
 after (mm):          53.28108773305
 evaporation (mm):     0.00022956090
 precipitation (mm):   0.00095002384
 large-scale (mm):     0.00000000000
 Imbalance (mm)       0.00000000238
 evap (mm/day):  0.661135392436236     
 prec (mm/day):   2.73606864899932     
 ls (mm/day):  0.000000000000000E+000
 imbalance (mm/day)  6.868267734549960E-006
  imbalance (rel error):  4.475914441278382E-011
 ===========================
NSTEP =        189   NCYCLE= 14  CFL_adv= 0.477  CFL_sgs= 0.026
NSTEP =        190   NCYCLE= 14  CFL_adv= 0.451  CFL_sgs= 0.024
NSTEP =        191   NCYCLE= 14  CFL_adv= 0.463  CFL_sgs= 0.023
 Collecting statistics...
 name QCSTRG is missing in "lst" file.
NSTEP =        192   NCYCLE= 15  CFL_adv= 0.449  CFL_sgs= 0.022
 DAY =   6.666666666666667E-002
 NSTEP=         192
 div:  6.472812813959433E-017 -7.133091714976186E-017
 SST=   300.000000000000     
 surface pressure=   1014.80000000000     
 u:  -38.8259928993862        35.8153888719392     
 v:  -30.4183723317598        40.5580583859446     
 w:  -26.3733020433350        44.8970299684713     
 p:  -144.076266368476        164.954846280338     
 t:   279.014578782612        473.471502356835     
 tabs:   194.027674401233        300.414992328645     
 qv:  5.913124156342652E-067  2.020122612789829E-002
 tke:  0.000000000000000E+000   73.6169253620896     
 tk:  0.000000000000000E+000   214.500765386294     
 tkh:  0.000000000000000E+000   214.500765386294     
 qcl:  0.000000000000000E+000  2.499497776093491E-003
 qci:  0.000000000000000E+000  1.832363119664139E-002
 qpl:  0.000000000000000E+000  9.623696664811596E-003
 qpi:  0.000000000000000E+000  0.000000000000000E+000
 qrad(K/day):  -129.412981571351        182.640428434035     
 shf:  -1.23675186395724        321.644248508546     
 lhf:   12.3431833874535        364.806870553655     
 uw: -0.475791981119292       0.429147307702905     
 vw: -0.604072488327929       0.305656364895329     
 sst:   300.000000000000        300.000000000000     
 ===========================
 total water budget:
 before (mm):         53.27882280661
 after (mm):          53.27805335235
 evaporation (mm):     0.00022881919
 precipitation (mm):   0.00099827521
 large-scale (mm):     0.00000000000
 Imbalance (mm)       0.00000000175
 evap (mm/day):  0.658999261850859     
 prec (mm/day):   2.87503259887726     
 ls (mm/day):  0.000000000000000E+000
 imbalance (mm/day)  5.054243758517708E-006
  imbalance (rel error):  3.293928683426955E-011
 ===========================
 Let's do some shortwave
 Range of zenith angles  0.732661695834013       0.732661695834013     
 Range of surface albedo (asdir)  3.383449086658900E-002  3.383449086658900E-002
 Range of surface albedo (aldir)  3.383449086658900E-002  3.383449086658900E-002
 Range of surface albedo (asdif)  6.000000000000000E-002  6.000000000000000E-002
 Range of surface albedo (aldif)  6.000000000000000E-002  6.000000000000000E-002
 radiation: perpetual sun, solin=   310.282738908497     
 longwave radiation is called
NSTEP =        193   NCYCLE= 15  CFL_adv= 0.466  CFL_sgs= 0.022
NSTEP =        194   NCYCLE= 14  CFL_adv= 0.478  CFL_sgs= 0.025
NSTEP =        195   NCYCLE= 14  CFL_adv= 0.470  CFL_sgs= 0.027
 Collecting statistics...
 name QCSTRG is missing in "lst" file.
NSTEP =        196   NCYCLE= 14  CFL_adv= 0.462  CFL_sgs= 0.030
 DAY =   6.805555555555555E-002
 NSTEP=         196
 div:  7.679335510099666E-017 -7.739916767839928E-017
 SST=   300.000000000000     
 surface pressure=   1014.80000000000     
 u:  -31.3519334667463        29.1394099105592     
 v:  -29.1348696648351        38.6873245401745     
 w:  -22.1401360759436        40.1284588591884     
 p:  -147.174771657646        149.732195704006     
 t:   282.072804325738        473.469951647619     
 tabs:   191.759064029223        300.527703246437     
 qv:  1.593283561730938E-066  2.017955701562403E-002
 tke:  0.000000000000000E+000   74.4440598509433     
 tk:  0.000000000000000E+000   215.702427911323     
 tkh:  0.000000000000000E+000   215.702427911323     
 qcl:  0.000000000000000E+000  2.596317655856085E-003
 qci:  0.000000000000000E+000  1.921364319244649E-002
 qpl:  0.000000000000000E+000  1.010855521996448E-002
 qpi:  0.000000000000000E+000  0.000000000000000E+000
 qrad(K/day):  -137.489760091875        151.012623902584     
 shf: -0.213071480525015        331.986171296237     
 lhf:   13.0936571816122        344.375020376868     
 uw: -0.516130789585400       0.699953561265248     
 vw: -0.447776858242852       0.232958181446459     
 sst:   300.000000000000        300.000000000000     
 ===========================
 total water budget:
 before (mm):         53.27572664332
 after (mm):          53.27493116004
 evaporation (mm):     0.00022835205
 precipitation (mm):   0.00102383852
 large-scale (mm):     0.00000000000
 Imbalance (mm)       0.00000000318
 evap (mm/day):  0.657653916622358     
 prec (mm/day):   2.94865494433346     
 ls (mm/day):  0.000000000000000E+000
 imbalance (mm/day)  9.169623463034515E-006
  imbalance (rel error):  5.976342327661098E-011
 ===========================
NSTEP =        197   NCYCLE= 14  CFL_adv= 0.446  CFL_sgs= 0.031
NSTEP =        198   NCYCLE= 13  CFL_adv= 0.455  CFL_sgs= 0.032
 Let's do some shortwave
 Range of zenith angles  0.732661695834013       0.732661695834013     
 Range of surface albedo (asdir)  3.383449086658900E-002  3.383449086658900E-002
 Range of surface albedo (aldir)  3.383449086658900E-002  3.383449086658900E-002
 Range of surface albedo (asdif)  6.000000000000000E-002  6.000000000000000E-002
 Range of surface albedo (aldif)  6.000000000000000E-002  6.000000000000000E-002
 radiation: perpetual sun, solin=   310.282738913525     
 longwave radiation is called
NSTEP =        199   NCYCLE= 13  CFL_adv= 0.465  CFL_sgs= 0.030
 Collecting statistics...
 name QCSTRG is missing in "lst" file.
NSTEP =        200   NCYCLE= 13  CFL_adv= 0.476  CFL_sgs= 0.027
 DAY =   6.944444444444445E-002
 NSTEP=         200
 div:  9.180135053133322E-017 -8.550112377189789E-017
 SST=   300.000000000000     
 surface pressure=   1014.80000000000     
 u:  -34.9186746661018        38.0444495135496     
 v:  -40.7130064319444        44.7188810257523     
 w:  -26.7704898796398        41.9618053054985     
 p:  -139.662580449174        140.470736546760     
 t:   284.007001340955        473.425784964950     
 tabs:   194.864598483846        301.049355693047     
 qv:  7.090506084542163E-066  2.010708767649049E-002
 tke:  0.000000000000000E+000   57.4120071930319     
 tk:  0.000000000000000E+000   189.426778718440     
 tkh:  0.000000000000000E+000   189.426778718440     
 qcl:  0.000000000000000E+000  2.509039903406551E-003
 qci:  0.000000000000000E+000  1.601367654674918E-002
 qpl:  0.000000000000000E+000  1.066731947430511E-002
 qpi:  0.000000000000000E+000  0.000000000000000E+000
 qrad(K/day):  -120.171892600746        146.065434099068     
 shf: -0.771792333489600        227.415797818467     
 lhf:   13.1231491201950        378.821095145857     
 uw: -0.299630012112103       0.574533938144713     
 vw: -0.389216550629753       0.195205316094496     
 sst:   300.000000000000        300.000000000000     
 ===========================
 total water budget:
 before (mm):         53.27247077154
 after (mm):          53.27163691658
 evaporation (mm):     0.00022802296
 precipitation (mm):   0.00106188103
 large-scale (mm):     0.00000000000
 Imbalance (mm)       0.00000000311
 evap (mm/day):  0.656706123737223     
 prec (mm/day):   3.05821735449872     
 ls (mm/day):  0.000000000000000E+000
 imbalance (mm/day)  8.942687985749598E-006
  imbalance (rel error):  5.828805639750579E-011
 ===========================
NSTEP =        201   NCYCLE= 14  CFL_adv= 0.474  CFL_sgs= 0.024
NSTEP =        202   NCYCLE= 14  CFL_adv= 0.476  CFL_sgs= 0.023
NSTEP =        203   NCYCLE= 15  CFL_adv= 0.478  CFL_sgs= 0.022
 Collecting statistics...
 name QCSTRG is missing in "lst" file.
NSTEP =        204   NCYCLE= 16  CFL_adv= 0.455  CFL_sgs= 0.020
 DAY =   7.083333333333333E-002
 NSTEP=         204
 div:  4.822893308995694E-017 -6.938361177433844E-017
 SST=   300.000000000000     
 surface pressure=   1014.80000000000     
 u:  -32.7076104014492        32.9698787057403     
 v:  -34.4034205521005        38.6140246711988     
 w:  -27.4181577854195        43.7773646847519     
 p:  -141.432793545254        146.845357086462     
 t:   282.823368435422        473.500291038516     
 tabs:   194.614048450045        301.362303206314     
 qv:  3.025337796647166E-065  2.004828005566218E-002
 tke:  0.000000000000000E+000   61.5510779766997     
 tk:  0.000000000000000E+000   196.136237690635     
 tkh:  0.000000000000000E+000   196.136237690635     
 qcl:  0.000000000000000E+000  2.517975838996152E-003
 qci:  0.000000000000000E+000  1.811877538903382E-002
 qpl:  0.000000000000000E+000  1.069843783203805E-002
 qpi:  0.000000000000000E+000  0.000000000000000E+000
 qrad(K/day):  -120.171892600746        146.065434099068     
 shf: -0.564261332328678        177.462620958986     
 lhf:   13.4322765545085        290.406564241157     
 uw: -0.232020440930424       0.349458680941469     
 vw: -0.384363636906149       0.183826103437656     
 sst:   300.000000000000        300.000000000000     
 ===========================
 total water budget:
 before (mm):         53.26915861937
 after (mm):          53.26834717727
 evaporation (mm):     0.00022759971
 precipitation (mm):   0.00103904211
 large-scale (mm):     0.00000000000
 Imbalance (mm)       0.00000000030
 evap (mm/day):  0.655487163933088     
 prec (mm/day):   2.99244128606658     
 ls (mm/day):  0.000000000000000E+000
 imbalance (mm/day)  8.739037481164669E-007
  imbalance (rel error):  5.696523297857759E-012
 ===========================
 Let's do some shortwave
 Range of zenith angles  0.732661695834013       0.732661695834013     
 Range of surface albedo (asdir)  3.383449086658900E-002  3.383449086658900E-002
 Range of surface albedo (aldir)  3.383449086658900E-002  3.383449086658900E-002
 Range of surface albedo (asdif)  6.000000000000000E-002  6.000000000000000E-002
 Range of surface albedo (aldif)  6.000000000000000E-002  6.000000000000000E-002
 radiation: perpetual sun, solin=   310.282738924006     
 longwave radiation is called
NSTEP =        205   NCYCLE= 16  CFL_adv= 0.453  CFL_sgs= 0.024
NSTEP =        206   NCYCLE= 15  CFL_adv= 0.474  CFL_sgs= 0.028
NSTEP =        207   NCYCLE= 15  CFL_adv= 0.474  CFL_sgs= 0.027
 Collecting statistics...
 name QCSTRG is missing in "lst" file.
NSTEP =        208   NCYCLE= 14  CFL_adv= 0.475  CFL_sgs= 0.027
 DAY =   7.222222222222222E-002
 NSTEP=         208
 div:  6.347551362201231E-017 -8.189483034961745E-017
 SST=   300.000000000000     
 surface pressure=   1014.80000000000     
 u:  -29.6838606585336        32.4579917761479     
 v:  -28.1130721736034        36.7977388220983     
 w:  -23.0713464336648        42.6245576029471     
 p:  -91.4815016212348        136.511424904102     
 t:   282.799881024027        473.477696511286     
 tabs:   188.266143430439        302.045993215074     
 qv:  1.080176895980156E-064  2.003627180731632E-002
 tke:  0.000000000000000E+000   71.1146822340157     
 tk:  0.000000000000000E+000   210.823804149958     
 tkh:  0.000000000000000E+000   210.823804149958     
 qcl:  0.000000000000000E+000  2.656586018231797E-003
 qci:  0.000000000000000E+000  1.569800373242602E-002
 qpl:  0.000000000000000E+000  9.146659168502934E-003
 qpi:  0.000000000000000E+000  0.000000000000000E+000
 qrad(K/day):  -109.287322924460        124.533532524946     
 shf:  -1.48472319171579        252.549203982025     
 lhf:   13.1533640231933        349.761815300021     
 uw: -0.252389996846588       0.465237028424838     
 vw: -0.335786354978282       0.247873025431573     
 sst:   300.000000000000        300.000000000000     
 ===========================
 total water budget:
 before (mm):         53.26596461552
 after (mm):          53.26519553843
 evaporation (mm):     0.00022726317
 precipitation (mm):   0.00099634174
 large-scale (mm):     0.00000000000
 Imbalance (mm)       0.00000000148
 evap (mm/day):  0.654517939265205     
 prec (mm/day):   2.86946422423868     
 ls (mm/day):  0.000000000000000E+000
 imbalance (mm/day)  4.254789098545597E-006
  imbalance (rel error):  2.773581014452927E-011
 ===========================
NSTEP =        209   NCYCLE= 14  CFL_adv= 0.463  CFL_sgs= 0.027
NSTEP =        210   NCYCLE= 14  CFL_adv= 0.478  CFL_sgs= 0.029
 Let's do some shortwave
 Range of zenith angles  0.732661695834013       0.732661695834013     
 Range of surface albedo (asdir)  3.383449086658900E-002  3.383449086658900E-002
 Range of surface albedo (aldir)  3.383449086658900E-002  3.383449086658900E-002
 Range of surface albedo (asdif)  6.000000000000000E-002  6.000000000000000E-002
 Range of surface albedo (aldif)  6.000000000000000E-002  6.000000000000000E-002
 radiation: perpetual sun, solin=   310.282738938242     
 longwave radiation is called
NSTEP =        211   NCYCLE= 14  CFL_adv= 0.470  CFL_sgs= 0.028
 Collecting statistics...
 name QCSTRG is missing in "lst" file.
NSTEP =        212   NCYCLE= 14  CFL_adv= 0.449  CFL_sgs= 0.028
 DAY =   7.361111111111111E-002
 NSTEP=         212
 div:  6.438687296800278E-017 -7.401548247551402E-017
 SST=   300.000000000000     
 surface pressure=   1014.80000000000     
 u:  -26.9918468085629        35.7080932151383     
 v:  -35.2869709541220        29.8548186595894     
 w:  -22.7603056434605        39.3596085193527     
 p:  -93.8917267368440        108.663651035426     
 t:   284.183162414225        473.404474349876     
 tabs:   185.702393364042        301.496021822749     
 qv:  3.766874243981536E-064  2.006010882468990E-002
 tke:  0.000000000000000E+000   85.3262153313127     
 tk:  0.000000000000000E+000   230.930475645962     
 tkh:  0.000000000000000E+000   230.930475645962     
 qcl:  0.000000000000000E+000  2.796128803527988E-003
 qci:  0.000000000000000E+000  1.543327518992346E-002
 qpl:  0.000000000000000E+000  6.927230438661017E-003
 qpi:  0.000000000000000E+000  0.000000000000000E+000
 qrad(K/day):  -112.348635139930        143.143249359114     
 shf:  -5.57476889868704        198.112866131348     
 lhf:   13.1438281345052        317.748673469183     
 uw: -0.284334015565479       0.356029591984618     
 vw: -0.304059694166375       0.284024916466623     
 sst:   300.000000000000        300.000000000000     
 ===========================
 total water budget:
 before (mm):         53.26299102672
 after (mm):          53.26229643622
 evaporation (mm):     0.00022698638
 precipitation (mm):   0.00092157749
 large-scale (mm):     0.00000000000
 Imbalance (mm)       0.00000000060
 evap (mm/day):  0.653720784042413     
 prec (mm/day):   2.65414316063965     
 ls (mm/day):  0.000000000000000E+000
 imbalance (mm/day)  1.721873066941326E-006
  imbalance (rel error):  1.122505062969965E-011
 ===========================
NSTEP =        213   NCYCLE= 13  CFL_adv= 0.474  CFL_sgs= 0.026
NSTEP =        214   NCYCLE= 12  CFL_adv= 0.474  CFL_sgs= 0.030
NSTEP =        215   NCYCLE= 12  CFL_adv= 0.468  CFL_sgs= 0.031
 Collecting statistics...
 name QCSTRG is missing in "lst" file.
NSTEP =        216   NCYCLE= 12  CFL_adv= 0.456  CFL_sgs= 0.033
 DAY =   7.500000000000000E-002
 NSTEP=         216
 div:  5.978514011117426E-017 -7.211111576968125E-017
 SST=   300.000000000000     
 surface pressure=   1014.80000000000     
 u:  -26.3709751598095        28.8964354647326     
 v:  -27.0999821251686        24.5199659384631     
 w:  -20.3794962141733        32.1381024165298     
 p:  -85.6065481404709        119.037764053161     
 t:   285.289527048937        473.401042370409     
 tabs:   190.361650556587        301.412503917345     
 qv:  1.196946504008453E-063  2.003797323728769E-002
 tke:  0.000000000000000E+000   61.5779937276821     
 tk:  0.000000000000000E+000   196.179117338725     
 tkh:  0.000000000000000E+000   196.179117338725     
 qcl:  0.000000000000000E+000  3.262170319976001E-003
 qci:  0.000000000000000E+000  1.418541865669259E-002
 qpl:  0.000000000000000E+000  8.059809720012558E-003
 qpi:  0.000000000000000E+000  0.000000000000000E+000
 qrad(K/day):  -112.348635139930        143.143249359114     
 shf:  -6.22612289364663        175.829756127819     
 lhf:   13.3783320928301        310.692282078095     
 uw: -0.236993001811368       0.384762663406442     
 vw: -0.280685566819769       0.248221871014082     
 sst:   300.000000000000        300.000000000000     
 ===========================
 total water budget:
 before (mm):         53.26031732435
 after (mm):          53.25968657983
 evaporation (mm):     0.00022664127
 precipitation (mm):   0.00085738580
 large-scale (mm):     0.00000000000
 Imbalance (mm)       0.00000000000
 evap (mm/day):  0.652726868957139     
 prec (mm/day):   2.46927109200796     
 ls (mm/day):  0.000000000000000E+000
 imbalance (mm/day)  1.090377788059982E-012
  imbalance (rel error):  1.334109870690146E-016
 ===========================
 Let's do some shortwave
 Range of zenith angles  0.732661695834013       0.732661695834013     
 Range of surface albedo (asdir)  3.383449086658900E-002  3.383449086658900E-002
 Range of surface albedo (aldir)  3.383449086658900E-002  3.383449086658900E-002
 Range of surface albedo (asdif)  6.000000000000000E-002  6.000000000000000E-002
 Range of surface albedo (aldif)  6.000000000000000E-002  6.000000000000000E-002
 radiation: perpetual sun, solin=   310.282738955981     
 longwave radiation is called
NSTEP =        217   NCYCLE= 12  CFL_adv= 0.442  CFL_sgs= 0.031
NSTEP =        218   NCYCLE= 11  CFL_adv= 0.452  CFL_sgs= 0.033
NSTEP =        219   NCYCLE= 10  CFL_adv= 0.474  CFL_sgs= 0.035
 Collecting statistics...
 name QCSTRG is missing in "lst" file.
NSTEP =        220   NCYCLE= 10  CFL_adv= 0.457  CFL_sgs= 0.032
 DAY =   7.638888888888890E-002
 NSTEP=         220
 div:  6.151258705164106E-017 -6.277043789791238E-017
 SST=   300.000000000000     
 surface pressure=   1014.80000000000     
 u:  -24.5767792092144        37.4067899893696     
 v:  -25.2054418389312        23.6794087210730     
 w:  -24.3639949157602        31.9921089160113     
 p:  -87.4386177432772        118.096523514805     
 t:   287.070567934734        473.427669576192     
 tabs:   198.264463101575        300.801013950728     
 qv:  3.025307068410731E-063  2.002451832495000E-002
 tke:  0.000000000000000E+000   60.4150601986987     
 tk:  0.000000000000000E+000   194.317813450509     
 tkh:  0.000000000000000E+000   194.317813450509     
 qcl:  0.000000000000000E+000  2.726694435365300E-003
 qci:  0.000000000000000E+000  1.310110817276460E-002
 qpl:  0.000000000000000E+000  7.533183413066904E-003
 qpi:  0.000000000000000E+000  0.000000000000000E+000
 qrad(K/day):  -105.561806400393        155.671125366262     
 shf:  -4.22517094120876        123.564263906657     
 lhf:   13.4927681568447        316.977805605193     
 uw: -0.295137369068430       0.251429664018939     
 vw: -0.258582416337646       0.260063703390822     
 sst:   300.000000000000        300.000000000000     
 ===========================
 total water budget:
 before (mm):         53.25785085723
 after (mm):          53.25725378797
 evaporation (mm):     0.00022624655
 precipitation (mm):   0.00082331581
 large-scale (mm):     0.00000000000
 Imbalance (mm)      -0.00000000000
 evap (mm/day):  0.651590074328787     
 prec (mm/day):   2.37114953332003     
 ls (mm/day):  0.000000000000000E+000
 imbalance (mm/day) -3.585381991300096E-011
  imbalance (rel error): -2.668341625683122E-016
 ===========================
NSTEP =        221   NCYCLE= 10  CFL_adv= 0.468  CFL_sgs= 0.028
NSTEP =        222   NCYCLE= 10  CFL_adv= 0.478  CFL_sgs= 0.026
 Let's do some shortwave
 Range of zenith angles  0.732661695834013       0.732661695834013     
 Range of surface albedo (asdir)  3.383449086658900E-002  3.383449086658900E-002
 Range of surface albedo (aldir)  3.383449086658900E-002  3.383449086658900E-002
 Range of surface albedo (asdif)  6.000000000000000E-002  6.000000000000000E-002
 Range of surface albedo (aldif)  6.000000000000000E-002  6.000000000000000E-002
 radiation: perpetual sun, solin=   310.282738976295     
 longwave radiation is called
NSTEP =        223   NCYCLE= 11  CFL_adv= 0.457  CFL_sgs= 0.023
 Collecting statistics...
 name QCSTRG is missing in "lst" file.
NSTEP =        224   NCYCLE= 11  CFL_adv= 0.453  CFL_sgs= 0.023
 DAY =   7.777777777777778E-002
 NSTEP=         224
 div:  5.939674880874474E-017 -5.928239264083762E-017
 SST=   300.000000000000     
 surface pressure=   1014.80000000000     
 u:  -22.6465103516005        25.1664372534492     
 v:  -21.2586103146237        20.9760033521223     
 w:  -20.5845437353505        33.3987913745221     
 p:  -76.6791943818200        92.0082508213560     
 t:   287.800463586069        473.414433076312     
 tabs:   195.326606291174        300.524030670631     
 qv:  5.657535644403607E-063  2.002184097741963E-002
 tke:  0.000000000000000E+000   48.8094987264170     
 tk:  0.000000000000000E+000   174.659487872863     
 tkh:  0.000000000000000E+000   174.659487872863     
 qcl:  0.000000000000000E+000  2.346947065375068E-003
 qci:  0.000000000000000E+000  1.288230850449996E-002
 qpl:  0.000000000000000E+000  9.811361987527087E-003
 qpi:  0.000000000000000E+000  0.000000000000000E+000
 qrad(K/day):  -103.150535662969        149.211404381915     
 shf:  -3.98102563939518        126.093839526857     
 lhf:   13.4159663030323        240.836866834346     
 uw: -0.231714603880418       0.223641395029025     
 vw: -0.213803293860467       0.253818209581424     
 sst:   300.000000000000        300.000000000000     
 ===========================
 total water budget:
 before (mm):         53.25549347045
 after (mm):          53.25491359161
 evaporation (mm):     0.00022585790
 precipitation (mm):   0.00080573731
 large-scale (mm):     0.00000000000
 Imbalance (mm)       0.00000000057
 evap (mm/day):  0.650470761807398     
 prec (mm/day):   2.32052345590380     
 ls (mm/day):  0.000000000000000E+000
 imbalance (mm/day)  1.635612654378449E-006
  imbalance (rel error):  1.066422907365007E-011
 ===========================
NSTEP =        225   NCYCLE= 11  CFL_adv= 0.457  CFL_sgs= 0.023
NSTEP =        226   NCYCLE= 11  CFL_adv= 0.470  CFL_sgs= 0.022
NSTEP =        227   NCYCLE= 11  CFL_adv= 0.477  CFL_sgs= 0.022
 Collecting statistics...
 name QCSTRG is missing in "lst" file.
NSTEP =        228   NCYCLE= 12  CFL_adv= 0.462  CFL_sgs= 0.020
 DAY =   7.916666666666666E-002
 NSTEP=         228
 div:  3.285674399341265E-017 -4.944602468906362E-017
 SST=   300.000000000000     
 surface pressure=   1014.80000000000     
 u:  -20.4082291222223        27.1748904830141     
 v:  -20.9618474497037        20.5296627704587     
 w:  -14.1808747820321        38.3995096600991     
 p:  -73.6206977498024        94.9648100510535     
 t:   287.541749772382        473.443223295978     
 tabs:   195.539688975942        300.364711761231     
 qv:  7.844860513902801E-063  2.003151666387873E-002
 tke:  0.000000000000000E+000   44.1437741332688     
 tk:  0.000000000000000E+000   166.101953129074     
 tkh:  0.000000000000000E+000   166.101953129074     
 qcl:  0.000000000000000E+000  2.963878944941740E-003
 qci:  0.000000000000000E+000  1.384527177114240E-002
 qpl:  0.000000000000000E+000  8.005940479146351E-003
 qpi:  0.000000000000000E+000  0.000000000000000E+000
 qrad(K/day):  -103.150535662969        149.211404381915     
 shf:  -2.69043448317924        118.941692492786     
 lhf:   13.9283324984018        255.517334420218     
 uw: -0.197731474120018       0.134169211607472     
 vw: -0.212780253180497       0.226038301201689     
 sst:   300.000000000000        300.000000000000     
 ===========================
 total water budget:
 before (mm):         53.25318300334
 after (mm):          53.25260405894
 evaporation (mm):     0.00022566715
 precipitation (mm):   0.00080461301
 large-scale (mm):     0.00000000000
 Imbalance (mm)       0.00000000146
 evap (mm/day):  0.649921390946915     
 prec (mm/day):   2.31728546554319     
 ls (mm/day):  4.156675004196586E-012
 imbalance (mm/day)  4.214305136425456E-006
  imbalance (rel error):  2.747844619639907E-011
 ===========================
 Let's do some shortwave
 Range of zenith angles  0.732661695834013       0.732661695834013     
 Range of surface albedo (asdir)  3.383449086658900E-002  3.383449086658900E-002
 Range of surface albedo (aldir)  3.383449086658900E-002  3.383449086658900E-002
 Range of surface albedo (asdif)  6.000000000000000E-002  6.000000000000000E-002
 Range of surface albedo (aldif)  6.000000000000000E-002  6.000000000000000E-002
 radiation: perpetual sun, solin=   310.282738996823     
 longwave radiation is called
NSTEP =        229   NCYCLE= 13  CFL_adv= 0.456  CFL_sgs= 0.018
NSTEP =        230   NCYCLE= 12  CFL_adv= 0.473  CFL_sgs= 0.024
NSTEP =        231   NCYCLE= 12  CFL_adv= 0.458  CFL_sgs= 0.025
 Collecting statistics...
 name QCSTRG is missing in "lst" file.
NSTEP =        232   NCYCLE= 12  CFL_adv= 0.446  CFL_sgs= 0.024
 DAY =   8.055555555555556E-002
 NSTEP=         232
 div:  3.617883223402110E-017 -4.990761028942357E-017
 SST=   300.000000000000     
 surface pressure=   1014.80000000000     
 u:  -20.4750403945589        24.3857862901388     
 v:  -26.6457530208475        21.9720933623673     
 w:  -13.0345191284636        31.8244235227996     
 p:  -68.6051709550895        87.8015976901493     
 t:   288.513724475782        473.454595203075     
 tabs:   198.812397991303        300.182243776603     
 qv:  9.202535385958704E-063  2.002875985766605E-002
 tke:  0.000000000000000E+000   60.0949597713449     
 tk:  0.000000000000000E+000   193.802347398298     
 tkh:  0.000000000000000E+000   193.802347398298     
 qcl:  0.000000000000000E+000  2.715128669763183E-003
 qci:  0.000000000000000E+000  1.269791660823993E-002
 qpl:  0.000000000000000E+000  7.180147334875676E-003
 qpi:  0.000000000000000E+000  0.000000000000000E+000
 qrad(K/day):  -97.9071166336247        137.885619482470     
 shf:  -1.73451091397372        130.082622038633     
 lhf:   14.3633435416396        252.959479493118     
 uw: -0.180151631779724       0.117040024715329     
 vw: -0.182285475232126       0.197513556119732     
 sst:   300.000000000000        300.000000000000     
 ===========================
 total water budget:
 before (mm):         53.25081667041
 after (mm):          53.25019474138
 evaporation (mm):     0.00022571798
 precipitation (mm):   0.00084764789
 large-scale (mm):     0.00000000000
 Imbalance (mm)       0.00000000089
 evap (mm/day):  0.650067780514263     
 prec (mm/day):   2.44122592184773     
 ls (mm/day):  0.000000000000000E+000
 imbalance (mm/day)  2.549349388467070E-006
  imbalance (rel error):  1.662316990729514E-011
 ===========================
NSTEP =        233   NCYCLE= 11  CFL_adv= 0.457  CFL_sgs= 0.025
NSTEP =        234   NCYCLE= 10  CFL_adv= 0.464  CFL_sgs= 0.024
 Let's do some shortwave
 Range of zenith angles  0.732661695834013       0.732661695834013     
 Range of surface albedo (asdir)  3.383449086658900E-002  3.383449086658900E-002
 Range of surface albedo (aldir)  3.383449086658900E-002  3.383449086658900E-002
 Range of surface albedo (asdif)  6.000000000000000E-002  6.000000000000000E-002
 Range of surface albedo (aldif)  6.000000000000000E-002  6.000000000000000E-002
 radiation: perpetual sun, solin=   310.282739015735     
 longwave radiation is called
NSTEP =        235   NCYCLE= 10  CFL_adv= 0.479  CFL_sgs= 0.023
 Collecting statistics...
 name QCSTRG is missing in "lst" file.
NSTEP =        236   NCYCLE= 10  CFL_adv= 0.456  CFL_sgs= 0.020
 DAY =   8.194444444444444E-002
 NSTEP=         236
 div:  3.365066040340109E-017 -3.561280843897650E-017
 SST=   300.000000000000     
 surface pressure=   1014.80000000000     
 u:  -21.3599321292646        23.5060300709159     
 v:  -24.5390186291388        20.9852396406388     
 w:  -18.3537074007877        30.5263481045795     
 p:  -68.9614207926313        102.822725267804     
 t:   288.609206713197        473.447731078815     
 tabs:   197.960225811607        300.127369088372     
 qv:  1.130974270418767E-062  2.002307034905645E-002
 tke:  0.000000000000000E+000   48.9375054386866     
 tk:  0.000000000000000E+000   174.888366963555     
 tkh:  0.000000000000000E+000   174.888366963555     
 qcl:  0.000000000000000E+000  3.037138822271285E-003
 qci:  0.000000000000000E+000  1.277175151300734E-002
 qpl:  0.000000000000000E+000  6.211808599363533E-003
 qpi:  0.000000000000000E+000  0.000000000000000E+000
 qrad(K/day):  -93.1364604936709        148.952368631348     
 shf: -0.824314067739675        128.146457901347     
 lhf:   14.2608114984922        238.955854546286     
 uw: -0.192050990186882       0.153366073466386     
 vw: -0.171422067410575       0.155084799009397     
 sst:   300.000000000000        300.000000000000     
 ===========================
 total water budget:
 before (mm):         53.24824827786
 after (mm):          53.24758093247
 evaporation (mm):     0.00022595418
 precipitation (mm):   0.00089329986
 large-scale (mm):     0.00000000000
 Imbalance (mm)       0.00000000029
 evap (mm/day):  0.650748028266470     
 prec (mm/day):   2.57270358780522     
 ls (mm/day):  0.000000000000000E+000
 imbalance (mm/day)  8.390421320225716E-007
  imbalance (rel error):  5.471360903433583E-012
 ===========================
NSTEP =        237   NCYCLE= 10  CFL_adv= 0.446  CFL_sgs= 0.025
NSTEP =        238   NCYCLE= 10  CFL_adv= 0.466  CFL_sgs= 0.023
NSTEP =        239   NCYCLE= 10  CFL_adv= 0.464  CFL_sgs= 0.023
 Collecting statistics...
 name QCSTRG is missing in "lst" file.
 Writting statistics:nstatsteps=          15
 --------------- ISCCP Simulator Diagnostics: -----------------
 ISCCP PDF:
            0.0       0.3       1.3       3.6       9.4      23.0      60.0
    0.     0.012     0.006     0.006     0.007     0.007     0.008     0.043
  180.     0.000     0.000     0.000     0.000     0.000     0.000     0.000
  310.     0.000     0.000     0.000     0.000     0.000     0.000     0.000
  440.     0.000     0.000     0.000     0.000     0.000     0.000     0.000
  560.     0.000     0.000     0.000     0.000     0.000     0.000     0.000
  680.     0.000     0.000     0.000     0.000     0.000     0.000     0.000
  800.     0.000     0.000     0.000     0.000     0.000     0.000     0.000
 low cld area (tau > 0.3)=  0.000000000000000E+000
 mid cld area (tau > 0.3)=  0.000000000000000E+000
 hgh cld area (tau > 0.3)=  7.615420023600261E-002
 total cld area (tau > 0.3)=  7.615420023600261E-002
 mean albedo cld (tau > 0.3)   0.738778792480042     
 mean tau cld (tau > 0.3)    27.2947183176268     
 mean top pressure (tau > 0.3)   109.997704727115     
 mean brightness temp (tau > 0.3)   223.884639471943     
 mean clearsky brightness temp (tau > 0.3)   295.174547309285     
 --------------- MODIS Simulator Diagnostics: -----------------
 MODIS PDF:
                      0.3       1.3       3.6       9.4      23.0      60.0
    0.               0.006     0.006     0.007     0.007     0.008     0.043
  180.               0.000     0.000     0.000     0.000     0.000     0.000
  310.               0.000     0.000     0.000     0.000     0.000     0.000
  440.               0.000     0.000     0.000     0.000     0.000     0.000
  560.               0.000     0.000     0.000     0.000     0.000     0.000
  680.               0.000     0.000     0.000     0.000     0.000     0.000
  800.               0.000     0.000     0.000     0.000     0.000     0.000
 low cld area =  0.000000000000000E+000
 mid cld area =  0.000000000000000E+000
 hgh cld area =  7.611172993977865E-002
 total cld area =  7.611172993977865E-002
 mean tau cld    234.588339380965     
 mean top pressure    111.654634577973     
 total cld area (liquid) =  0.000000000000000E+000
 total cld area (ice) =  7.611172993977865E-002
 mean tau (liquid) =  -1.00000000000000     
 mean tau (ice) =   234.588339380965     
 mean lwp (g/m2) =  -1.00000000000000     
 mean iwp (g/m2) =   6339.32204388889     
 mean reff (liquid)  =  -1.00000000000000     
 mean reff (ice)  =   43.6302140730047     
 --------------- MISR Simulator Diagnostics: -----------------
 MISR PDF:
            0.0       0.3       1.3       3.6       9.4      23.0      60.0
 99.00     0.000     0.000     0.000     0.000     0.000     0.000     0.002
 17.00     0.000     0.000     0.004     0.006     0.007     0.008     0.041
 15.00     0.000     0.002     0.002     0.001     0.000     0.000     0.000
 13.00     0.000     0.001     0.000     0.000     0.000     0.000     0.000
 11.00     0.000     0.000     0.000     0.000     0.000     0.000     0.000
  9.00     0.000     0.000     0.000     0.000     0.000     0.000     0.000
  7.00     0.000     0.000     0.000     0.000     0.000     0.000     0.000
  5.00     0.000     0.000     0.000     0.000     0.000     0.000     0.000
  4.00     0.000     0.000     0.000     0.000     0.000     0.000     0.000
  3.00     0.000     0.000     0.000     0.000     0.000     0.000     0.000
  2.50     0.000     0.000     0.000     0.000     0.000     0.000     0.000
  2.00     0.000     0.000     0.000     0.000     0.000     0.000     0.000
  1.50     0.000     0.000     0.000     0.000     0.000     0.000     0.000
  1.00     0.000     0.000     0.000     0.000     0.000     0.000     0.000
  0.50     0.000     0.000     0.000     0.000     0.000     0.000     0.000
  0.00     0.001     0.002     0.000     0.000     0.000     0.000     0.000
 total cld area =  7.459093729654948E-002
 mean top height (m)   15640.5471893304     
 Writting history file 
 rcemip300sst_160_MaxIce20_std2                                                 
  
 Writting 2D data. file:./OUT_2D/bubble_rcemip300sst_160_MaxIce20_std2_64.2Dbin 
                                                                 
 Writting 3D data. file:./OUT_3D/bubble_rcemip300sst_160_MaxIce20_std2_64_000000
 0240.bin3D                                                      
NSTEP =        240   NCYCLE= 10  CFL_adv= 0.460  CFL_sgs= 0.024
 DAY =   8.333333333333333E-002
 NSTEP=         240
 div:  3.162245528783571E-017 -3.109020921301246E-017
 SST=   300.000000000000     
 surface pressure=   1014.80000000000     
 u:  -21.2192074136588        23.8397341330982     
 v:  -21.8902116211192        21.8747583169848     
 w:  -20.3200843444701        28.9578034626772     
 p:  -71.4521747497730        107.607206977322     
 t:   288.110828232947        473.423994706675     
 tabs:   199.027730925568        300.448078847994     
 qv:  1.397372906930156E-062  2.003860085459611E-002
 tke:  0.000000000000000E+000   31.9903406256736     
 tk:  0.000000000000000E+000   141.400010222934     
 tkh:  0.000000000000000E+000   141.400010222934     
 qcl:  0.000000000000000E+000  3.252978818633242E-003
 qci:  0.000000000000000E+000  1.408586931500481E-002
 qpl:  0.000000000000000E+000  5.577376479519431E-003
 qpi:  0.000000000000000E+000  0.000000000000000E+000
 qrad(K/day):  -93.1364604936709        148.952368631348     
 shf: -0.408086923000466        143.467272210909     
 lhf:   14.8333663686368        224.537463397650     
 uw: -0.173516403682043       0.160728661292870     
 vw: -0.162474790344437       0.147687671177720     
 sst:   300.000000000000        300.000000000000     
 ===========================
 total water budget:
 before (mm):         53.24558022163
 after (mm):          53.24492319116
 evaporation (mm):     0.00022627882
 precipitation (mm):   0.00088330979
 large-scale (mm):     0.00000000000
 Imbalance (mm)       0.00000000050
 evap (mm/day):  0.651682990551663     
 prec (mm/day):   2.54393219747351     
 ls (mm/day):  0.000000000000000E+000
 imbalance (mm/day)  1.454093752281671E-006
  imbalance (rel error):  9.482412998069767E-012
 ===========================
CPU TIME =     957.1531 OVER     0.50 MODEL HOURS
 Let's do some shortwave
 Range of zenith angles  0.732661695834013       0.732661695834013     
 Range of surface albedo (asdir)  3.383449086658900E-002  3.383449086658900E-002
 Range of surface albedo (aldir)  3.383449086658900E-002  3.383449086658900E-002
 Range of surface albedo (asdif)  6.000000000000000E-002  6.000000000000000E-002
 Range of surface albedo (aldif)  6.000000000000000E-002  6.000000000000000E-002
 radiation: perpetual sun, solin=   310.282739032170     
 longwave radiation is called
NSTEP =        241   NCYCLE= 10  CFL_adv= 0.453  CFL_sgs= 0.023
NSTEP =        242   NCYCLE= 10  CFL_adv= 0.435  CFL_sgs= 0.023
NSTEP =        243   NCYCLE=  9  CFL_adv= 0.463  CFL_sgs= 0.024
 Collecting statistics...
 name QCSTRG is missing in "lst" file.
NSTEP =        244   NCYCLE=  9  CFL_adv= 0.442  CFL_sgs= 0.026
 DAY =   8.472222222222223E-002
 NSTEP=         244
 div:  3.454049551732966E-017 -3.762405588958904E-017
 SST=   300.000000000000     
 surface pressure=   1014.80000000000     
 u:  -23.3906191554996        24.0042796216267     
 v:  -19.6908697572184        24.1636463148048     
 w:  -16.1022101878167        21.3655842223975     
 p:  -71.6768768055966        101.449587806297     
 t:   288.049134485028        473.440936256170     
 tabs:   199.127737607267        300.257541688888     
 qv:  1.647320696231253E-062  2.003578694809135E-002
 tke:  0.000000000000000E+000   27.5734739892761     
 tk:  0.000000000000000E+000   124.409039997799     
 tkh:  0.000000000000000E+000   124.409039997799     
 qcl:  0.000000000000000E+000  3.112348551289169E-003
 qci:  0.000000000000000E+000  1.295360140530986E-002
 qpl:  0.000000000000000E+000  5.167152646875443E-003
 qpi:  0.000000000000000E+000  0.000000000000000E+000
 qrad(K/day):  -83.9724073055550        160.244126495375     
 shf: -0.325570742577265        159.322158158873     
 lhf:   15.4913313398135        219.261760578946     
 uw: -0.138943586953261       0.161915622934222     
 vw: -0.149421000839026       0.135895239234658     
 sst:   300.000000000000        300.000000000000     
 ===========================
 total water budget:
 before (mm):         53.24298170598
 after (mm):          53.24234365946
 evaporation (mm):     0.00022666489
 precipitation (mm):   0.00086471170
 large-scale (mm):     0.00000000000
 Imbalance (mm)       0.00000000030
 evap (mm/day):  0.652794881302974     
 prec (mm/day):   2.49036970436354     
 ls (mm/day):  0.000000000000000E+000
 imbalance (mm/day)  8.527795366738977E-007
  imbalance (rel error):  5.561447034848794E-012
 ===========================
NSTEP =        245   NCYCLE=  8  CFL_adv= 0.464  CFL_sgs= 0.028
NSTEP =        246   NCYCLE=  8  CFL_adv= 0.447  CFL_sgs= 0.024
 Let's do some shortwave
 Range of zenith angles  0.732661695834013       0.732661695834013     
 Range of surface albedo (asdir)  3.383449086658900E-002  3.383449086658900E-002
 Range of surface albedo (aldir)  3.383449086658900E-002  3.383449086658900E-002
 Range of surface albedo (asdif)  6.000000000000000E-002  6.000000000000000E-002
 Range of surface albedo (aldif)  6.000000000000000E-002  6.000000000000000E-002
 radiation: perpetual sun, solin=   310.282739046568     
 longwave radiation is called
NSTEP =        247   NCYCLE=  8  CFL_adv= 0.441  CFL_sgs= 0.023
 Collecting statistics...
 name QCSTRG is missing in "lst" file.
NSTEP =        248   NCYCLE=  8  CFL_adv= 0.420  CFL_sgs= 0.024
 DAY =   8.611111111111111E-002
 NSTEP=         248
 div:  5.535067460353653E-017 -4.303453486236432E-017
 SST=   300.000000000000     
 surface pressure=   1014.80000000000     
 u:  -21.9567819953283        20.6287006389538     
 v:  -20.8239692071488        21.2594481629888     
 w:  -15.4486846012878        23.8852369129091     
 p:  -68.2186143838085        82.3555753333869     
 t:   288.907608892672        473.406119038834     
 tabs:   197.234158823706        299.856086084938     
 qv:  1.762911255025806E-062  2.002089066330618E-002
 tke:  0.000000000000000E+000   24.9730175545394     
 tk:  0.000000000000000E+000   122.553690281542     
 tkh:  0.000000000000000E+000   122.553690281542     
 qcl:  0.000000000000000E+000  3.488848704963853E-003
 qci:  0.000000000000000E+000  1.312819872507562E-002
 qpl:  0.000000000000000E+000  4.767170493191218E-003
 qpi:  0.000000000000000E+000  0.000000000000000E+000
 qrad(K/day):  -82.9090291870817        134.466749741645     
 shf: -0.115563790325569        128.771526927709     
 lhf:   16.1392591962953        217.078281371521     
 uw: -0.139702350250607       0.158777485293334     
 vw: -0.190377701253973       0.134721672315298     
 sst:   300.000000000000        300.000000000000     
 ===========================
 total water budget:
 before (mm):         53.24048782170
 after (mm):          53.23990046401
 evaporation (mm):     0.00022702174
 precipitation (mm):   0.00081437944
 large-scale (mm):     0.00000000000
 Imbalance (mm)       0.00000000000
 evap (mm/day):  0.653822605078815     
 prec (mm/day):   2.34541278014144     
 ls (mm/day):  0.000000000000000E+000
 imbalance (mm/day)  7.266687251927806E-012
  imbalance (rel error):  0.000000000000000E+000
 ===========================
NSTEP =        249   NCYCLE=  8  CFL_adv= 0.434  CFL_sgs= 0.026
NSTEP =        250   NCYCLE=  8  CFL_adv= 0.444  CFL_sgs= 0.027
NSTEP =        251   NCYCLE=  8  CFL_adv= 0.447  CFL_sgs= 0.040
 Collecting statistics...
 name QCSTRG is missing in "lst" file.
NSTEP =        252   NCYCLE=  8  CFL_adv= 0.462  CFL_sgs= 0.043
 DAY =   8.749999999999999E-002
 NSTEP=         252
 div:  5.366805757543143E-017 -4.054399186958191E-017
 SST=   300.000000000000     
 surface pressure=   1014.80000000000     
 u:  -24.1493995547773        19.8326069503157     
 v:  -21.8496802519205        19.2845400202121     
 w:  -16.5980609702817        23.9479723038401     
 p:  -64.0028546286214        72.2780799969284     
 t:   289.500740730052        473.379130719194     
 tabs:   196.604070969419        299.828058687402     
 qv:  1.857623435533921E-062  2.001638673098173E-002
 tke:  0.000000000000000E+000   18.4716250007911     
 tk:  0.000000000000000E+000   107.446571027160     
 tkh:  0.000000000000000E+000   107.446571027160     
 qcl:  0.000000000000000E+000  3.901541854558068E-003
 qci:  0.000000000000000E+000  1.170905293725609E-002
 qpl:  0.000000000000000E+000  4.850741160566913E-003
 qpi:  0.000000000000000E+000  0.000000000000000E+000
 qrad(K/day):  -82.9090291870817        134.466749741645     
 shf:  0.123857387122780        91.7302573659723     
 lhf:   16.1124386973875        302.604035766697     
 uw: -0.135460903221623       0.193609012729012     
 vw: -0.195635734143521       0.112631964324208     
 sst:   300.000000000000        300.000000000000     
 ===========================
 total water budget:
 before (mm):         53.23825308474
 after (mm):          53.23773872625
 evaporation (mm):     0.00022734024
 precipitation (mm):   0.00074169873
 large-scale (mm):     0.00000000000
 Imbalance (mm)       0.00000000000
 evap (mm/day):  0.654739887757110     
 prec (mm/day):   2.13609234041758     
 ls (mm/day):  0.000000000000000E+000
 imbalance (mm/day)  4.519197516206219E-011
  imbalance (rel error):  4.003979617243609E-016
 ===========================
 Let's do some shortwave
 Range of zenith angles  0.732661695834013       0.732661695834013     
 Range of surface albedo (asdir)  3.383449086658900E-002  3.383449086658900E-002
 Range of surface albedo (aldir)  3.383449086658900E-002  3.383449086658900E-002
 Range of surface albedo (asdif)  6.000000000000000E-002  6.000000000000000E-002
 Range of surface albedo (aldif)  6.000000000000000E-002  6.000000000000000E-002
 radiation: perpetual sun, solin=   310.282739058802     
 longwave radiation is called
NSTEP =        253   NCYCLE=  8  CFL_adv= 0.465  CFL_sgs= 0.041
NSTEP =        254   NCYCLE=  8  CFL_adv= 0.460  CFL_sgs= 0.037
NSTEP =        255   NCYCLE=  8  CFL_adv= 0.469  CFL_sgs= 0.032
 Collecting statistics...
 name QCSTRG is missing in "lst" file.
NSTEP =        256   NCYCLE=  8  CFL_adv= 0.475  CFL_sgs= 0.025
 DAY =   8.888888888888889E-002
 NSTEP=         256
 div:  5.789687395897392E-017 -4.670853052269480E-017
 SST=   300.000000000000     
 surface pressure=   1014.80000000000     
 u:  -21.6915099699596        20.7011838271283     
 v:  -18.4577039077332        17.6977546383271     
 w:  -11.1657215916525        24.4967987135953     
 p:  -70.1492445059368        76.2299341461591     
 t:   290.734666026184        473.398086696299     
 tabs:   197.826381565319        300.042629532610     
 qv:  2.441000280969588E-062  1.998105412405254E-002
 tke:  0.000000000000000E+000   29.7074195595322     
 tk:  0.000000000000000E+000   136.261282926250     
 tkh:  0.000000000000000E+000   136.261282926250     
 qcl:  0.000000000000000E+000  3.266072666408690E-003
 qci:  0.000000000000000E+000  1.121241028668638E-002
 qpl:  0.000000000000000E+000  5.956099116389248E-003
 qpi:  0.000000000000000E+000  0.000000000000000E+000
 qrad(K/day):  -83.0855317294991        113.286560810548     
 shf:  0.135480794330112        82.1832848656843     
 lhf:   15.9010908757411        299.705395979615     
 uw: -0.133647993981201       0.182717841561099     
 vw: -0.192432991759118       0.121636546624251     
 sst:   300.000000000000        300.000000000000     
 ===========================
 total water budget:
 before (mm):         53.23626913674
 after (mm):          53.23579731480
 evaporation (mm):     0.00022762323
 precipitation (mm):   0.00069944576
 large-scale (mm):     0.00000000000
 Imbalance (mm)       0.00000000059
 evap (mm/day):  0.655554894016390     
 prec (mm/day):   2.01440378199829     
 ls (mm/day):  0.000000000000000E+000
 imbalance (mm/day)  1.695329125833700E-006
  imbalance (rel error):  1.105752641191550E-011
 ===========================
NSTEP =        257   NCYCLE=  9  CFL_adv= 0.433  CFL_sgs= 0.022
NSTEP =        258   NCYCLE=  8  CFL_adv= 0.464  CFL_sgs= 0.028
 Let's do some shortwave
 Range of zenith angles  0.732661695834013       0.732661695834013     
 Range of surface albedo (asdir)  3.383449086658900E-002  3.383449086658900E-002
 Range of surface albedo (aldir)  3.383449086658900E-002  3.383449086658900E-002
 Range of surface albedo (asdif)  6.000000000000000E-002  6.000000000000000E-002
 Range of surface albedo (aldif)  6.000000000000000E-002  6.000000000000000E-002
 radiation: perpetual sun, solin=   310.282739068490     
 longwave radiation is called
NSTEP =        259   NCYCLE=  8  CFL_adv= 0.461  CFL_sgs= 0.021
 Collecting statistics...
 name QCSTRG is missing in "lst" file.
NSTEP =        260   NCYCLE=  8  CFL_adv= 0.445  CFL_sgs= 0.024
 DAY =   9.027777777777778E-002
 NSTEP=         260
 div:  7.213113005302645E-017 -4.685906269214760E-017
 SST=   300.000000000000     
 surface pressure=   1014.80000000000     
 u:  -18.3052693542203        20.9282486422824     
 v:  -17.4904563936300        18.1095145204964     
 w:  -10.6842006897337        22.9823687059516     
 p:  -69.6632858226270        76.7459334063021     
 t:   290.990593807105        473.383145787024     
 tabs:   198.743503990748        300.297731420855     
 qv:  2.538619417004298E-062  1.999170314741437E-002
 tke:  0.000000000000000E+000   19.9707912026235     
 tk:  0.000000000000000E+000   111.721727974641     
 tkh:  0.000000000000000E+000   111.721727974641     
 qcl:  0.000000000000000E+000  2.590679869578168E-003
 qci:  0.000000000000000E+000  1.119484724557275E-002
 qpl:  0.000000000000000E+000  5.122534528773562E-003
 qpi:  0.000000000000000E+000  0.000000000000000E+000
 qrad(K/day):  -76.2518625495526        122.603031562207     
 shf:  0.145878635904093        80.3422601258599     
 lhf:   16.1989882280601        314.833384840760     
 uw: -0.135024795038538       0.191711422510554     
 vw: -0.182637884731950       0.106700586787189     
 sst:   300.000000000000        300.000000000000     
 ===========================
 total water budget:
 before (mm):         53.23442089085
 after (mm):          53.23397257368
 evaporation (mm):     0.00022790403
 precipitation (mm):   0.00067622120
 large-scale (mm):     0.00000000000
 Imbalance (mm)       0.00000000000
 evap (mm/day):  0.656363603143895     
 prec (mm/day):   1.94751705446008     
 ls (mm/day):  0.000000000000000E+000
 imbalance (mm/day)  4.779301954194182E-012
  imbalance (rel error):  0.000000000000000E+000
 ===========================
NSTEP =        261   NCYCLE=  8  CFL_adv= 0.456  CFL_sgs= 0.021
NSTEP =        262   NCYCLE=  7  CFL_adv= 0.477  CFL_sgs= 0.028
NSTEP =        263   NCYCLE=  7  CFL_adv= 0.471  CFL_sgs= 0.028
 Collecting statistics...
 name QCSTRG is missing in "lst" file.
NSTEP =        264   NCYCLE=  7  CFL_adv= 0.468  CFL_sgs= 0.028
 DAY =   9.166666666666666E-002
 NSTEP=         264
 div:  8.489464101587803E-017 -6.421351530837920E-017
 SST=   300.000000000000     
 surface pressure=   1014.80000000000     
 u:  -16.4008928768580        17.3137032381138     
 v:  -17.1501523507476        18.8957318152920     
 w:  -9.08022382194043        19.5462274848767     
 p:  -64.4124113525795        78.0061984783098     
 t:   291.502586523059        473.384706669281     
 tabs:   198.987181549751        300.582562520759     
 qv:  2.744096066889715E-062  1.996358547145270E-002
 tke:  0.000000000000000E+000   23.8885386639069     
 tk:  0.000000000000000E+000   122.189756792220     
 tkh:  0.000000000000000E+000   122.189756792220     
 qcl:  0.000000000000000E+000  2.475386683340105E-003
 qci:  0.000000000000000E+000  1.162438339583609E-002
 qpl:  0.000000000000000E+000  4.998693639037397E-003
 qpi:  0.000000000000000E+000  0.000000000000000E+000
 qrad(K/day):  -76.2518625495526        122.603031562207     
 shf:  0.155948723849235        82.4773257061760     
 lhf:   16.4097345924424        288.056073644155     
 uw: -0.128667958059925       0.176954386343023     
 vw: -0.141013296807288       0.113810236112964     
 sst:   300.000000000000        300.000000000000     
 ===========================
 total water budget:
 before (mm):         53.23266621033
 after (mm):          53.23224490797
 evaporation (mm):     0.00022824094
 precipitation (mm):   0.00064954329
 large-scale (mm):     0.00000000000
 Imbalance (mm)       0.00000000000
 evap (mm/day):  0.657333910053595     
 prec (mm/day):   1.87068468638165     
 ls (mm/day):  0.000000000000000E+000
 imbalance (mm/day)  2.386060099501819E-011
  imbalance (rel error):  1.334797615596438E-016
 ===========================
 Let's do some shortwave
 Range of zenith angles  0.732661695834013       0.732661695834013     
 Range of surface albedo (asdir)  3.383449086658900E-002  3.383449086658900E-002
 Range of surface albedo (aldir)  3.383449086658900E-002  3.383449086658900E-002
 Range of surface albedo (asdif)  6.000000000000000E-002  6.000000000000000E-002
 Range of surface albedo (aldif)  6.000000000000000E-002  6.000000000000000E-002
 radiation: perpetual sun, solin=   310.282739075818     
 longwave radiation is called
NSTEP =        265   NCYCLE=  7  CFL_adv= 0.462  CFL_sgs= 0.027
NSTEP =        266   NCYCLE=  7  CFL_adv= 0.431  CFL_sgs= 0.027
NSTEP =        267   NCYCLE=  7  CFL_adv= 0.429  CFL_sgs= 0.026
 Collecting statistics...
 name QCSTRG is missing in "lst" file.
NSTEP =        268   NCYCLE=  7  CFL_adv= 0.454  CFL_sgs= 0.026
 DAY =   9.305555555555556E-002
 NSTEP=         268
 div:  9.453124872156753E-017 -7.059600127841998E-017
 SST=   300.000000000000     
 surface pressure=   1014.80000000000     
 u:  -14.5635475915433        15.5246402233903     
 v:  -17.2174094609942        18.0634170583288     
 w:  -11.2540434102245        23.6655196747979     
 p:  -56.5293263290353        76.6401941105684     
 t:   291.234849416950        473.382443395432     
 tabs:   199.407828833700        300.475849674036     
 qv:  2.999462883340285E-062  1.997721780506638E-002
 tke:  0.000000000000000E+000   18.2745296419745     
 tk:  0.000000000000000E+000   106.871797150764     
 tkh:  0.000000000000000E+000   106.871797150764     
 qcl:  0.000000000000000E+000  2.844064923190346E-003
 qci:  0.000000000000000E+000  1.213431115748907E-002
 qpl:  0.000000000000000E+000  5.406190978719529E-003
 qpi:  0.000000000000000E+000  0.000000000000000E+000
 qrad(K/day):  -70.9843681841968        146.708446359531     
 shf:  0.157225594132938        75.4263627477911     
 lhf:   16.6145976529420        286.875285598149     
 uw: -0.127371555544213       0.139597678898284     
 vw: -0.127811698655032       0.112812900447348     
 sst:   300.000000000000        300.000000000000     
 ===========================
 total water budget:
 before (mm):         53.23102490590
 after (mm):          53.23063309629
 evaporation (mm):     0.00022862863
 precipitation (mm):   0.00062043825
 large-scale (mm):     0.00000000000
 Imbalance (mm)       0.00000000000
 evap (mm/day):  0.658450462668441     
 prec (mm/day):   1.78686214782757     
 ls (mm/day):  0.000000000000000E+000
 imbalance (mm/day)  2.798792447800125E-011
  imbalance (rel error):  2.669676065940508E-016
 ===========================
NSTEP =        269   NCYCLE=  8  CFL_adv= 0.423  CFL_sgs= 0.022
NSTEP =        270   NCYCLE=  8  CFL_adv= 0.434  CFL_sgs= 0.022
 Let's do some shortwave
 Range of zenith angles  0.732661695834013       0.732661695834013     
 Range of surface albedo (asdir)  3.383449086658900E-002  3.383449086658900E-002
 Range of surface albedo (aldir)  3.383449086658900E-002  3.383449086658900E-002
 Range of surface albedo (asdif)  6.000000000000000E-002  6.000000000000000E-002
 Range of surface albedo (aldif)  6.000000000000000E-002  6.000000000000000E-002
 radiation: perpetual sun, solin=   310.282739081466     
 longwave radiation is called
NSTEP =        271   NCYCLE=  8  CFL_adv= 0.430  CFL_sgs= 0.021
 Collecting statistics...
 name QCSTRG is missing in "lst" file.
NSTEP =        272   NCYCLE=  8  CFL_adv= 0.424  CFL_sgs= 0.020
 DAY =   9.444444444444444E-002
 NSTEP=         272
 div:  7.559562456841873E-017 -7.441856189998664E-017
 SST=   300.000000000000     
 surface pressure=   1014.80000000000     
 u:  -16.2511209895954        14.6709410443832     
 v:  -17.0756409145025        17.2557526643253     
 w:  -9.00486301301312        19.8331296877063     
 p:  -51.7379765031766        67.9096734589709     
 t:   291.412131951011        473.373788625602     
 tabs:   199.463106519944        299.999187142418     
 qv:  3.189401346580326E-062  1.995450004985125E-002
 tke:  0.000000000000000E+000   15.4346745001138     
 tk:  0.000000000000000E+000   94.7921042280871     
 tkh:  0.000000000000000E+000   94.7921042280871     
 qcl:  0.000000000000000E+000  2.633737231866702E-003
 qci:  0.000000000000000E+000  1.201725039269446E-002
 qpl:  0.000000000000000E+000  5.661766165158320E-003
 qpi:  0.000000000000000E+000  0.000000000000000E+000
 qrad(K/day):  -73.4726234676410        116.357187982764     
 shf:  0.167831565171950        83.3501821434399     
 lhf:   16.8196124799653        248.105682719537     
 uw: -0.118094523534385       0.141454995063838     
 vw: -0.122239005253534       0.121878803360833     
 sst:   300.000000000000        300.000000000000     
 ===========================
 total water budget:
 before (mm):         53.22949956221
 after (mm):          53.22913186701
 evaporation (mm):     0.00022906056
 precipitation (mm):   0.00059675576
 large-scale (mm):     0.00000000000
 Imbalance (mm)       0.00000000000
 evap (mm/day):  0.659694411280398     
 prec (mm/day):   1.71865659374934     
 ls (mm/day):  0.000000000000000E+000
 imbalance (mm/day) -1.168815044749749E-011
  imbalance (rel error):  0.000000000000000E+000
 ===========================
NSTEP =        273   NCYCLE=  7  CFL_adv= 0.445  CFL_sgs= 0.022
NSTEP =        274   NCYCLE=  7  CFL_adv= 0.428  CFL_sgs= 0.022
NSTEP =        275   NCYCLE=  7  CFL_adv= 0.419  CFL_sgs= 0.022
 Collecting statistics...
 name QCSTRG is missing in "lst" file.
NSTEP =        276   NCYCLE=  6  CFL_adv= 0.468  CFL_sgs= 0.024
 DAY =   9.583333333333334E-002
 NSTEP=         276
 div:  1.044632520368812E-016 -1.053729948305275E-016
 SST=   300.000000000000     
 surface pressure=   1014.80000000000     
 u:  -13.5725311445144        14.8107076794032     
 v:  -14.8620928498051        13.0972099249782     
 w:  -9.10635825320747        16.8752661696947     
 p:  -52.3478446003022        69.5436355378992     
 t:   292.198715464785        473.367669970392     
 tabs:   199.393635426539        299.943498140345     
 qv:  4.350468995559472E-062  1.997335104033904E-002
 tke:  0.000000000000000E+000   17.6693723636336     
 tk:  0.000000000000000E+000   105.087381389351     
 tkh:  0.000000000000000E+000   105.087381389351     
 qcl:  0.000000000000000E+000  2.958452621434676E-003
 qci:  0.000000000000000E+000  1.179511780371066E-002
 qpl:  0.000000000000000E+000  4.829866060625642E-003
 qpi:  0.000000000000000E+000  0.000000000000000E+000
 qrad(K/day):  -73.4726234676410        116.357187982764     
 shf:  0.186026709014467        77.8445483414993     
 lhf:   17.1138432430821        245.814331305084     
 uw: -0.109461819610289       0.126340508741513     
 vw: -0.137962492344096       0.123044201127855     
 sst:   300.000000000000        300.000000000000     
 ===========================
 total water budget:
 before (mm):         53.22803913929
 after (mm):          53.22767228328
 evaporation (mm):     0.00022951956
 precipitation (mm):   0.00059637578
 large-scale (mm):     0.00000000000
 Imbalance (mm)       0.00000000020
 evap (mm/day):  0.661016324374906     
 prec (mm/day):   1.71756223913265     
 ls (mm/day):  0.000000000000000E+000
 imbalance (mm/day)  5.839073075053491E-007
  imbalance (rel error):  3.809038710969302E-012
 ===========================
 Let's do some shortwave
 Range of zenith angles  0.732661695834013       0.732661695834013     
 Range of surface albedo (asdir)  3.383449086658900E-002  3.383449086658900E-002
 Range of surface albedo (aldir)  3.383449086658900E-002  3.383449086658900E-002
 Range of surface albedo (asdif)  6.000000000000000E-002  6.000000000000000E-002
 Range of surface albedo (aldif)  6.000000000000000E-002  6.000000000000000E-002
 radiation: perpetual sun, solin=   310.282739085524     
 longwave radiation is called
NSTEP =        277   NCYCLE=  6  CFL_adv= 0.431  CFL_sgs= 0.025
NSTEP =        278   NCYCLE=  6  CFL_adv= 0.425  CFL_sgs= 0.023
NSTEP =        279   NCYCLE=  6  CFL_adv= 0.424  CFL_sgs= 0.024
 Collecting statistics...
 name QCSTRG is missing in "lst" file.
NSTEP =        280   NCYCLE=  6  CFL_adv= 0.400  CFL_sgs= 0.023
 DAY =   9.722222222222222E-002
 NSTEP=         280
 div:  1.416381419146967E-016 -1.046959645016977E-016
 SST=   300.000000000000     
 surface pressure=   1014.80000000000     
 u:  -13.9305169106217        14.3669522325463     
 v:  -14.0267286259329        14.0787280552750     
 w:  -7.98537533081479        15.2086030900792     
 p:  -42.0569283631024        77.6015940422293     
 t:   291.796450105915        473.362961280855     
 tabs:   199.047086561489        299.912482171522     
 qv:  4.075367579035038E-061  1.994784721782670E-002
 tke:  0.000000000000000E+000   14.2639019846844     
 tk:  0.000000000000000E+000   94.4189532902572     
 tkh:  0.000000000000000E+000   94.4189532902572     
 qcl:  0.000000000000000E+000  1.968586353839214E-003
 qci:  0.000000000000000E+000  1.098674416483015E-002
 qpl:  0.000000000000000E+000  4.251022386961865E-003
 qpi:  0.000000000000000E+000  0.000000000000000E+000
 qrad(K/day):  -71.8277389798426        112.451027086629     
 shf:  0.201328257255154        71.8952955499919     
 lhf:   17.1434561288557        240.491202706689     
 uw: -0.111492226025348       0.100927021168597     
 vw: -0.160348852974250       0.119734344877604     
 sst:   300.000000000000        300.000000000000     
 ===========================
 total water budget:
 before (mm):         53.22655659148
 after (mm):          53.22617921454
 evaporation (mm):     0.00023000516
 precipitation (mm):   0.00060738210
 large-scale (mm):     0.00000000000
 Imbalance (mm)      -0.00000000000
 evap (mm/day):  0.662414861186384     
 prec (mm/day):   1.74926044451044     
 ls (mm/day):  0.000000000000000E+000
 imbalance (mm/day) -3.247839497344529E-011
  imbalance (rel error): -2.669899460173723E-016
 ===========================
NSTEP =        281   NCYCLE=  5  CFL_adv= 0.477  CFL_sgs= 0.027
NSTEP =        282   NCYCLE=  5  CFL_adv= 0.474  CFL_sgs= 0.027
 Let's do some shortwave
 Range of zenith angles  0.732661695834013       0.732661695834013     
 Range of surface albedo (asdir)  3.383449086658900E-002  3.383449086658900E-002
 Range of surface albedo (aldir)  3.383449086658900E-002  3.383449086658900E-002
 Range of surface albedo (asdif)  6.000000000000000E-002  6.000000000000000E-002
 Range of surface albedo (aldif)  6.000000000000000E-002  6.000000000000000E-002
 radiation: perpetual sun, solin=   310.282739086347     
 longwave radiation is called
NSTEP =        283   NCYCLE=  6  CFL_adv= 0.406  CFL_sgs= 0.026
 Collecting statistics...
 name QCSTRG is missing in "lst" file.
NSTEP =        284   NCYCLE=  6  CFL_adv= 0.409  CFL_sgs= 0.025
 DAY =   9.861111111111111E-002
 NSTEP=         284
 div:  1.234832603798169E-016 -9.353961482725563E-017
 SST=   300.000000000000     
 surface pressure=   1014.80000000000     
 u:  -13.7453630168474        13.9602291692978     
 v:  -13.2508043506431        13.4020627589309     
 w:  -9.15506314280287        16.1896923803391     
 p:  -42.0873701048591        77.3226670640111     
 t:   289.958296553452        473.363596856498     
 tabs:   198.889702077379        299.982114768155     
 qv:  4.595752263178715E-060  1.997027334791650E-002
 tke:  0.000000000000000E+000   9.28313172777811     
 tk:  0.000000000000000E+000   75.5007739770344     
 tkh:  0.000000000000000E+000   75.5007739770344     
 qcl:  0.000000000000000E+000  1.888573451762713E-003
 qci:  0.000000000000000E+000  1.003717729944258E-002
 qpl:  0.000000000000000E+000  3.492544198080090E-003
 qpi:  0.000000000000000E+000  0.000000000000000E+000
 qrad(K/day):  -68.6245485026514        113.350857112598     
 shf:  0.171908342918619        100.704165338832     
 lhf:   17.1342211272280        229.113691717473     
 uw: -0.104173811026471       9.593949605226527E-002
 vw: -0.163334784645945       0.121213641941772     
 sst:   300.000000000000        300.000000000000     
 ===========================
 total water budget:
 before (mm):         53.22502191677
 after (mm):          53.22463096104
 evaporation (mm):     0.00023052011
 precipitation (mm):   0.00062147584
 large-scale (mm):     0.00000000000
 Imbalance (mm)       0.00000000000
 evap (mm/day):  0.663897926209494     
 prec (mm/day):   1.78985043254113     
 ls (mm/day):  0.000000000000000E+000
 imbalance (mm/day)  9.244480181358483E-012
  imbalance (rel error):  0.000000000000000E+000
 ===========================
NSTEP =        285   NCYCLE=  6  CFL_adv= 0.416  CFL_sgs= 0.022
NSTEP =        286   NCYCLE=  5  CFL_adv= 0.475  CFL_sgs= 0.033
NSTEP =        287   NCYCLE=  5  CFL_adv= 0.465  CFL_sgs= 0.031
 Collecting statistics...
 name QCSTRG is missing in "lst" file.
NSTEP =        288   NCYCLE=  5  CFL_adv= 0.447  CFL_sgs= 0.024
 DAY =   0.100000000000000     
 NSTEP=         288
 div:  1.216022416849811E-016 -1.226107569247962E-016
 SST=   300.000000000000     
 surface pressure=   1014.80000000000     
 u:  -13.3713933042481        14.6807744846058     
 v:  -13.1335897157367        13.4166111351624     
 w:  -7.47805089777339        14.8612462814908     
 p:  -41.5197793388511        67.9932814932256     
 t:   291.452244408647        473.369293205683     
 tabs:   199.559672149738        299.930926048704     
 qv:  1.180952726351593E-058  1.995728592513933E-002
 tke:  0.000000000000000E+000   19.5674280845377     
 tk:  0.000000000000000E+000   84.2925204177847     
 tkh:  0.000000000000000E+000   84.2925204177847     
 qcl:  0.000000000000000E+000  1.838291122985559E-003
 qci:  0.000000000000000E+000  9.781946198774497E-003
 qpl:  0.000000000000000E+000  3.102519630776101E-003
 qpi:  0.000000000000000E+000  0.000000000000000E+000
 qrad(K/day):  -68.6245485026514        113.350857112598     
 shf:  0.145072560607738        84.3170600805420     
 lhf:   17.1472342253388        234.384720593865     
 uw: -0.108275420592957       9.448406108592801E-002
 vw: -0.146022700477836       0.134452666894515     
 sst:   300.000000000000        300.000000000000     
 ===========================
 total water budget:
 before (mm):         53.22346575323
 after (mm):          53.22308510764
 evaporation (mm):     0.00023099968
 precipitation (mm):   0.00061164528
 large-scale (mm):     0.00000000000
 Imbalance (mm)       0.00000000000
 evap (mm/day):  0.665279092568696     
 prec (mm/day):   1.76153840768763     
 ls (mm/day):  0.000000000000000E+000
 imbalance (mm/day) -1.953406186805396E-011
  imbalance (rel error):  0.000000000000000E+000
 ===========================
 Let's do some shortwave
 Range of zenith angles  0.732661695834013       0.732661695834013     
 Range of surface albedo (asdir)  3.383449086658900E-002  3.383449086658900E-002
 Range of surface albedo (aldir)  3.383449086658900E-002  3.383449086658900E-002
 Range of surface albedo (asdif)  6.000000000000000E-002  6.000000000000000E-002
 Range of surface albedo (aldif)  6.000000000000000E-002  6.000000000000000E-002
 radiation: perpetual sun, solin=   310.282739082177     
 longwave radiation is called
NSTEP =        289   NCYCLE=  5  CFL_adv= 0.447  CFL_sgs= 0.074
NSTEP =        290   NCYCLE=  5  CFL_adv= 0.428  CFL_sgs= 0.024
NSTEP =        291   NCYCLE=  5  CFL_adv= 0.413  CFL_sgs= 0.071
 Collecting statistics...
 name QCSTRG is missing in "lst" file.
NSTEP =        292   NCYCLE=  5  CFL_adv= 0.395  CFL_sgs= 0.023
 DAY =   0.101388888888889     
 NSTEP=         292
 div:  1.005299183666941E-016 -1.102148829950312E-016
 SST=   300.000000000000     
 surface pressure=   1014.80000000000     
 u:  -12.6192892617343        11.7202472363854     
 v:  -12.7728833006626        12.1473732581219     
 w:  -7.21749649780964        12.6106270251189     
 p:  -38.3634692322486        65.7489612417315     
 t:   292.982075098646        473.378796447538     
 tabs:   199.715813800973        299.890781126435     
 qv:  4.072771604455494E-058  1.997056529489315E-002
 tke:  0.000000000000000E+000   15.4617616451155     
 tk:  0.000000000000000E+000   76.1677513813534     
 tkh:  0.000000000000000E+000   76.1677513813534     
 qcl:  0.000000000000000E+000  1.845692902992499E-003
 qci:  0.000000000000000E+000  9.622857648062014E-003
 qpl:  0.000000000000000E+000  3.025124138301970E-003
 qpi:  0.000000000000000E+000  0.000000000000000E+000
 qrad(K/day):  -74.4968195880691        111.684079659356     
 shf:  7.190947866680330E-003   60.5726269191388     
 lhf:   17.1668017833011        242.450183980079     
 uw: -0.107097620976216       9.349214628952597E-002
 vw: -0.141128217858270       0.136979460309388     
 sst:   300.000000000000        300.000000000000     
 ===========================
 total water budget:
 before (mm):         53.22198102554
 after (mm):          53.22162832189
 evaporation (mm):     0.00023141945
 precipitation (mm):   0.00058412311
 large-scale (mm):     0.00000000000
 Imbalance (mm)       0.00000000000
 evap (mm/day):  0.666488022870801     
 prec (mm/day):   1.68227454736683     
 ls (mm/day):  0.000000000000000E+000
 imbalance (mm/day)  2.869829374141375E-011
  imbalance (rel error):  2.670127758822750E-016
 ===========================
NSTEP =        293   NCYCLE=  5  CFL_adv= 0.386  CFL_sgs= 0.066
NSTEP =        294   NCYCLE=  5  CFL_adv= 0.396  CFL_sgs= 0.053
 Let's do some shortwave
 Range of zenith angles  0.732661695834013       0.732661695834013     
 Range of surface albedo (asdir)  3.383449086658900E-002  3.383449086658900E-002
 Range of surface albedo (aldir)  3.383449086658900E-002  3.383449086658900E-002
 Range of surface albedo (asdif)  6.000000000000000E-002  6.000000000000000E-002
 Range of surface albedo (aldif)  6.000000000000000E-002  6.000000000000000E-002
 radiation: perpetual sun, solin=   310.282739073497     
 longwave radiation is called
NSTEP =        295   NCYCLE=  5  CFL_adv= 0.406  CFL_sgs= 0.065
 Collecting statistics...
 name QCSTRG is missing in "lst" file.
NSTEP =        296   NCYCLE=  5  CFL_adv= 0.400  CFL_sgs= 0.067
 DAY =   0.102777777777778     
 NSTEP=         296
 div:  1.286188808518257E-016 -1.191380848640536E-016
 SST=   300.000000000000     
 surface pressure=   1014.80000000000     
 u:  -11.5266230152549        11.2610738041200     
 v:  -11.1400372421781        12.1184926194211     
 w:  -6.59884366829635        13.2058048723538     
 p:  -33.2205876179673        62.3643044751993     
 t:   293.493614513081        473.379521552478     
 tabs:   199.489677317234        299.914455969864     
 qv:  6.915669368381694E-058  1.997142807710181E-002
 tke:  0.000000000000000E+000   15.7792180023080     
 tk:  0.000000000000000E+000   63.1308576238392     
 tkh:  0.000000000000000E+000   63.1308576238392     
 qcl:  0.000000000000000E+000  1.418207157209986E-003
 qci:  0.000000000000000E+000  9.397614121741124E-003
 qpl:  0.000000000000000E+000  3.110607954349164E-003
 qpi:  0.000000000000000E+000  0.000000000000000E+000
 qrad(K/day):  -71.8346265689054        104.563168235443     
 shf: -4.150381806507634E-002   53.8390332021202     
 lhf:   17.1425242921002        247.109884853163     
 uw: -0.101936992576431       8.578961025336354E-002
 vw: -0.118851923306995       0.127297063896138     
 sst:   300.000000000000        300.000000000000     
 ===========================
 total water budget:
 before (mm):         53.22063065643
 after (mm):          53.22032002496
 evaporation (mm):     0.00023178037
 precipitation (mm):   0.00054241184
 large-scale (mm):     0.00000000000
 Imbalance (mm)       0.00000000000
 evap (mm/day):  0.667527454883903     
 prec (mm/day):   1.56214609657342     
 ls (mm/day):  0.000000000000000E+000
 imbalance (mm/day)  4.811775977664468E-012
  imbalance (rel error):  0.000000000000000E+000
 ===========================
NSTEP =        297   NCYCLE=  5  CFL_adv= 0.403  CFL_sgs= 0.066
NSTEP =        298   NCYCLE=  5  CFL_adv= 0.401  CFL_sgs= 0.024
NSTEP =        299   NCYCLE=  5  CFL_adv= 0.408  CFL_sgs= 0.038
 Collecting statistics...
 name QCSTRG is missing in "lst" file.
 Writting statistics:nstatsteps=          15
 --------------- ISCCP Simulator Diagnostics: -----------------
 ISCCP PDF:
            0.0       0.3       1.3       3.6       9.4      23.0      60.0
    0.     0.014     0.009     0.008     0.006     0.004     0.004     0.050
  180.     0.001     0.001     0.001     0.001     0.000     0.000     0.000
  310.     0.000     0.000     0.000     0.000     0.000     0.000     0.000
  440.     0.000     0.000     0.000     0.000     0.000     0.000     0.000
  560.     0.000     0.000     0.000     0.000     0.000     0.000     0.000
  680.     0.000     0.000     0.000     0.000     0.000     0.000     0.000
  800.     0.000     0.000     0.000     0.000     0.000     0.000     0.000
 low cld area (tau > 0.3)=  0.000000000000000E+000
 mid cld area (tau > 0.3)=  0.000000000000000E+000
 hgh cld area (tau > 0.3)=  8.483581542968749E-002
 total cld area (tau > 0.3)=  8.483581542968749E-002
 mean albedo cld (tau > 0.3)   0.711321672011444     
 mean tau cld (tau > 0.3)    23.3992801021215     
 mean top pressure (tau > 0.3)   120.307818411291     
 mean brightness temp (tau > 0.3)   228.784528502175     
 mean clearsky brightness temp (tau > 0.3)   295.156245090504     
 --------------- MODIS Simulator Diagnostics: -----------------
 MODIS PDF:
                      0.3       1.3       3.6       9.4      23.0      60.0
    0.               0.008     0.008     0.007     0.005     0.005     0.050
  180.               0.001     0.001     0.000     0.000     0.000     0.000
  310.               0.000     0.000     0.000     0.000     0.000     0.000
  440.               0.000     0.000     0.000     0.000     0.000     0.000
  560.               0.000     0.000     0.000     0.000     0.000     0.000
  680.               0.000     0.000     0.000     0.000     0.000     0.000
  800.               0.000     0.000     0.000     0.000     0.000     0.000
 low cld area =  0.000000000000000E+000
 mid cld area =  0.000000000000000E+000
 hgh cld area =  8.474527994791667E-002
 total cld area =  8.474527994791667E-002
 mean tau cld    205.810320032366     
 mean top pressure    117.278690423598     
 total cld area (liquid) =  0.000000000000000E+000
 total cld area (ice) =  8.474527994791667E-002
 mean tau (liquid) =  -1.00000000000000     
 mean tau (ice) =   205.810320032366     
 mean lwp (g/m2) =  -1.00000000000000     
 mean iwp (g/m2) =   4962.07950900458     
 mean reff (liquid)  =  -1.00000000000000     
 mean reff (ice)  =   39.8006993542461     
 --------------- MISR Simulator Diagnostics: -----------------
 MISR PDF:
            0.0       0.3       1.3       3.6       9.4      23.0      60.0
 99.00     0.000     0.000     0.000     0.000     0.000     0.000     0.000
 17.00     0.000     0.000     0.003     0.004     0.004     0.004     0.049
 15.00     0.000     0.003     0.002     0.002     0.001     0.001     0.001
 13.00     0.000     0.001     0.001     0.001     0.000     0.000     0.000
 11.00     0.000     0.001     0.002     0.000     0.000     0.000     0.000
  9.00     0.000     0.001     0.000     0.000     0.000     0.000     0.000
  7.00     0.000     0.000     0.000     0.000     0.000     0.000     0.000
  5.00     0.000     0.000     0.000     0.000     0.000     0.000     0.000
  4.00     0.000     0.000     0.000     0.000     0.000     0.000     0.000
  3.00     0.000     0.000     0.000     0.000     0.000     0.000     0.000
  2.50     0.000     0.000     0.000     0.000     0.000     0.000     0.000
  2.00     0.000     0.000     0.000     0.000     0.000     0.000     0.000
  1.50     0.000     0.000     0.000     0.000     0.000     0.000     0.000
  1.00     0.000     0.000     0.000     0.000     0.000     0.000     0.000
  0.50     0.000     0.000     0.000     0.000     0.000     0.000     0.000
  0.00     0.002     0.003     0.000     0.000     0.000     0.000     0.000
 total cld area =  8.204217708154475E-002
 mean top height (m)   15059.0330295498     
 Writting history file 
 rcemip300sst_160_MaxIce20_std2                                                 
  
NSTEP =        300   NCYCLE=  5  CFL_adv= 0.411  CFL_sgs= 0.063
 DAY =   0.104166666666667     
 NSTEP=         300
 div:  9.035269446152027E-017 -1.000633540111327E-016
 SST=   300.000000000000     
 surface pressure=   1014.80000000000     
 u:  -10.8097465095071        11.6465782268862     
 v:  -10.7527183681217        12.0295544296512     
 w:  -7.29845273353423        14.1560113039217     
 p:  -31.4525485416967        67.3464784416875     
 t:   293.420983750513        473.370647437192     
 tabs:   199.334842651148        300.056215324163     
 qv:  1.952480819749360E-057  1.997222767927757E-002
 tke:  0.000000000000000E+000   8.96692713322090     
 tk:  0.000000000000000E+000   74.8620695563719     
 tkh:  0.000000000000000E+000   74.8620695563719     
 qcl:  0.000000000000000E+000  1.312118227708127E-003
 qci:  0.000000000000000E+000  9.286145857395553E-003
 qpl:  0.000000000000000E+000  3.263872793858873E-003
 qpi:  0.000000000000000E+000  0.000000000000000E+000
 qrad(K/day):  -71.8346265689054        104.563168235443     
 shf: -4.587226571118878E-002   56.8427138098376     
 lhf:   17.1026935475921        225.611127938862     
 uw: -9.790091805072471E-002  7.732154011629964E-002
 vw: -0.103731459349258       0.108229162653784     
 sst:   300.000000000000        300.000000000000     
 ===========================
 total water budget:
 before (mm):         53.21944534982
 after (mm):          53.21916793612
 evaporation (mm):     0.00023212681
 precipitation (mm):   0.00050954052
 large-scale (mm):     0.00000000000
 Imbalance (mm)       0.00000000001
 evap (mm/day):  0.668525211567896     
 prec (mm/day):   1.46747670950205     
 ls (mm/day):  0.000000000000000E+000
 imbalance (mm/day)  4.102062439725884E-008
  imbalance (rel error):  2.676926830026725E-013
 ===========================
CPU TIME =     545.0266 OVER     0.50 MODEL HOURS
 Let's do some shortwave
 Range of zenith angles  0.732661695834013       0.732661695834013     
 Range of surface albedo (asdir)  3.383449086658900E-002  3.383449086658900E-002
 Range of surface albedo (aldir)  3.383449086658900E-002  3.383449086658900E-002
 Range of surface albedo (asdif)  6.000000000000000E-002  6.000000000000000E-002
 Range of surface albedo (aldif)  6.000000000000000E-002  6.000000000000000E-002
 radiation: perpetual sun, solin=   310.282739062805     
 longwave radiation is called
NSTEP =        301   NCYCLE=  5  CFL_adv= 0.420  CFL_sgs= 0.031
NSTEP =        302   NCYCLE=  5  CFL_adv= 0.411  CFL_sgs= 0.062
NSTEP =        303   NCYCLE=  5  CFL_adv= 0.403  CFL_sgs= 0.032
 Collecting statistics...
 name QCSTRG is missing in "lst" file.
NSTEP =        304   NCYCLE=  5  CFL_adv= 0.389  CFL_sgs= 0.032
 DAY =   0.105555555555556     
 NSTEP=         304
 div:  8.342403719189367E-017 -8.919950485713764E-017
 SST=   300.000000000000     
 surface pressure=   1014.80000000000     
 u:  -10.8525988696001        13.2287069614514     
 v:  -10.2435976958931        12.7209915898269     
 w:  -7.24471435861863        11.6894594755574     
 p:  -29.1493462361455        71.1278897841765     
 t:   293.353001999006        473.359282622740     
 tabs:   199.806254145869        300.299269865485     
 qv:  2.026554746683462E-056  1.996830236527045E-002
 tke:  0.000000000000000E+000   7.05545111014020     
 tk:  0.000000000000000E+000   66.4052478636864     
 tkh:  0.000000000000000E+000   66.4052478636864     
 qcl:  0.000000000000000E+000  1.236309770601656E-003
 qci:  0.000000000000000E+000  9.257568681143432E-003
 qpl:  0.000000000000000E+000  3.136251973157051E-003
 qpi:  0.000000000000000E+000  0.000000000000000E+000
 qrad(K/day):  -77.8145137611036        107.154020747638     
 shf:  2.841812679939041E-002   60.8167610537223     
 lhf:   17.0404271526632        248.918965420457     
 uw: -8.515240331047773E-002  7.363839205890135E-002
 vw: -8.705121624371191E-002  9.980517677925724E-002
 sst:   300.000000000000        300.000000000000     
 ===========================
 total water budget:
 before (mm):         53.21835870477
 after (mm):          53.21809492116
 evaporation (mm):     0.00023251485
 precipitation (mm):   0.00049629846
 large-scale (mm):     0.00000000000
 Imbalance (mm)       0.00000000000
 evap (mm/day):  0.669642780333426     
 prec (mm/day):   1.42933956195877     
 ls (mm/day):  0.000000000000000E+000
 imbalance (mm/day)  2.371165763737082E-011
  imbalance (rel error):  1.335152520609177E-016
 ===========================
NSTEP =        305   NCYCLE=  4  CFL_adv= 0.456  CFL_sgs= 0.039
NSTEP =        306   NCYCLE=  4  CFL_adv= 0.458  CFL_sgs= 0.038
 Let's do some shortwave
 Range of zenith angles  0.732661695834013       0.732661695834013     
 Range of surface albedo (asdir)  3.383449086658900E-002  3.383449086658900E-002
 Range of surface albedo (aldir)  3.383449086658900E-002  3.383449086658900E-002
 Range of surface albedo (asdif)  6.000000000000000E-002  6.000000000000000E-002
 Range of surface albedo (aldif)  6.000000000000000E-002  6.000000000000000E-002
 radiation: perpetual sun, solin=   310.282739052004     
 longwave radiation is called
NSTEP =        307   NCYCLE=  4  CFL_adv= 0.454  CFL_sgs= 0.036
 Collecting statistics...
 name QCSTRG is missing in "lst" file.
NSTEP =        308   NCYCLE=  4  CFL_adv= 0.444  CFL_sgs= 0.034
 DAY =   0.106944444444444     
 NSTEP=         308
 div:  9.350613053240242E-017 -1.059743084709902E-016
 SST=   300.000000000000     
 surface pressure=   1014.80000000000     
 u:  -10.5518318250963        10.3038863563584     
 v:  -10.7502165891190        10.7799914746603     
 w:  -7.48528626825562        7.60120862250773     
 p:  -31.1419773462358        74.4717793558194     
 t:   292.724722540086        473.352540171088     
 tabs:   200.061400094014        300.232709773096     
 qv:  1.298980242554576E-055  1.998558155893241E-002
 tke:  0.000000000000000E+000   4.70646075719349     
 tk:  0.000000000000000E+000   51.8620393329341     
 tkh:  0.000000000000000E+000   51.8620393329341     
 qcl:  0.000000000000000E+000  1.081268513192280E-003
 qci:  0.000000000000000E+000  9.203568651596749E-003
 qpl:  0.000000000000000E+000  3.136497689405818E-003
 qpi:  0.000000000000000E+000  0.000000000000000E+000
 qrad(K/day):  -73.2269320834541        110.615602921649     
 shf:  0.105574281891588        60.9359611598254     
 lhf:   16.9770850638131        274.897351020148     
 uw: -8.757283850898896E-002  7.935095297237330E-002
 vw: -8.577105656501585E-002  9.715110625314413E-002
 sst:   300.000000000000        300.000000000000     
 ===========================
 total water budget:
 before (mm):         53.21733078943
 after (mm):          53.21708869286
 evaporation (mm):     0.00023295093
 precipitation (mm):   0.00047504751
 large-scale (mm):     0.00000000000
 Imbalance (mm)       0.00000000000
 evap (mm/day):  0.670898687649171     
 prec (mm/day):   1.36813682527032     
 ls (mm/day):  0.000000000000000E+000
 imbalance (mm/day)  1.149000894429264E-009
  imbalance (rel error):  7.476995487711566E-015
 ===========================
NSTEP =        309   NCYCLE=  4  CFL_adv= 0.459  CFL_sgs= 0.032
NSTEP =        310   NCYCLE=  4  CFL_adv= 0.450  CFL_sgs= 0.034
NSTEP =        311   NCYCLE=  4  CFL_adv= 0.438  CFL_sgs= 0.034
 Collecting statistics...
 name QCSTRG is missing in "lst" file.
NSTEP =        312   NCYCLE=  4  CFL_adv= 0.442  CFL_sgs= 0.034
 DAY =   0.108333333333333     
 NSTEP=         312
 div:  8.728567941148435E-017 -1.097113151099721E-016
 SST=   300.000000000000     
 surface pressure=   1014.80000000000     
 u:  -10.4979707572070        11.3875047495566     
 v:  -10.7438208117624        11.0614368788728     
 w:  -7.18106530850148        4.18300603748436     
 p:  -38.0224672901221        64.1348148118999     
 t:   292.237932188963        473.361902463011     
 tabs:   199.780593232514        300.325464543822     
 qv:  2.738172116316696E-055  1.997274259546261E-002
 tke:  0.000000000000000E+000   3.94894807453167     
 tk:  0.000000000000000E+000   47.2326022683311     
 tkh:  0.000000000000000E+000   47.2326022683311     
 qcl:  0.000000000000000E+000  6.634491695792438E-004
 qci:  0.000000000000000E+000  9.174734786231431E-003
 qpl:  0.000000000000000E+000  2.830878513164069E-003
 qpi:  0.000000000000000E+000  0.000000000000000E+000
 qrad(K/day):  -73.2269320834541        110.615602921649     
 shf:  0.118538557172084        69.2170733835721     
 lhf:   16.9364904587488        302.328419890836     
 uw: -7.989426883734453E-002  7.920582960267401E-002
 vw: -9.160170016999056E-002  0.106826787246820     
 sst:   300.000000000000        300.000000000000     
 ===========================
 total water budget:
 before (mm):         53.21640930775
 after (mm):          53.21619949099
 evaporation (mm):     0.00023344776
 precipitation (mm):   0.00044326452
 large-scale (mm):     0.00000000000
 Imbalance (mm)       0.00000000000
 evap (mm/day):  0.672329542439023     
 prec (mm/day):   1.27660181676173     
 ls (mm/day):  0.000000000000000E+000
 imbalance (mm/day)  6.408389444101381E-011
  imbalance (rel error):  4.005600226377174E-016
 ===========================
 Let's do some shortwave
 Range of zenith angles  0.732661695834013       0.732661695834013     
 Range of surface albedo (asdir)  3.383449086658900E-002  3.383449086658900E-002
 Range of surface albedo (aldir)  3.383449086658900E-002  3.383449086658900E-002
 Range of surface albedo (asdif)  6.000000000000000E-002  6.000000000000000E-002
 Range of surface albedo (aldif)  6.000000000000000E-002  6.000000000000000E-002
 radiation: perpetual sun, solin=   310.282739041380     
 longwave radiation is called
NSTEP =        313   NCYCLE=  4  CFL_adv= 0.434  CFL_sgs= 0.028
NSTEP =        314   NCYCLE=  4  CFL_adv= 0.414  CFL_sgs= 0.024
NSTEP =        315   NCYCLE=  4  CFL_adv= 0.414  CFL_sgs= 0.026
 Collecting statistics...
 name QCSTRG is missing in "lst" file.
NSTEP =        316   NCYCLE=  4  CFL_adv= 0.403  CFL_sgs= 0.024
 DAY =   0.109722222222222     
 NSTEP=         316
 div:  8.978234545220604E-017 -9.600550418968472E-017
 SST=   300.000000000000     
 surface pressure=   1014.80000000000     
 u:  -10.9270238069167        10.3574844885682     
 v:  -10.3479102222872        11.2653692637259     
 w:  -6.93604112015575        3.99612117191707     
 p:  -45.5881163488939        55.6994928139623     
 t:   292.217318313978        473.376079255264     
 tabs:   199.802588351649        300.351620207259     
 qv:  9.635590157325821E-055  1.998265563581463E-002
 tke:  0.000000000000000E+000   13.8109255839607     
 tk:  0.000000000000000E+000   49.8631170898010     
 tkh:  0.000000000000000E+000   49.8631170898010     
 qcl:  0.000000000000000E+000  2.770250742626684E-004
 qci:  0.000000000000000E+000  9.096216013187627E-003
 qpl:  0.000000000000000E+000  2.768193579299093E-003
 qpi:  0.000000000000000E+000  0.000000000000000E+000
 qrad(K/day):  -65.1092698567178        100.062928884105     
 shf:  0.111765838677070        68.1892980850312     
 lhf:   16.9036741450930        313.210457952590     
 uw: -9.025943140862336E-002  8.445704040846110E-002
 vw: -9.109605922612510E-002  0.129941876743758     
 sst:   300.000000000000        300.000000000000     
 ===========================
 total water budget:
 before (mm):         53.21561784351
 after (mm):          53.21543997664
 evaporation (mm):     0.00023393646
 precipitation (mm):   0.00041180337
 large-scale (mm):     0.00000000000
 Imbalance (mm)       0.00000000004
 evap (mm/day):  0.673736994492806     
 prec (mm/day):   1.18599369431526     
 ls (mm/day):  0.000000000000000E+000
 imbalance (mm/day)  1.061275292646435E-007
  imbalance (rel error):  6.925781637820748E-013
 ===========================
NSTEP =        317   NCYCLE=  4  CFL_adv= 0.397  CFL_sgs= 0.078
NSTEP =        318   NCYCLE=  4  CFL_adv= 0.389  CFL_sgs= 0.073
 Let's do some shortwave
 Range of zenith angles  0.732661695834013       0.732661695834013     
 Range of surface albedo (asdir)  3.383449086658900E-002  3.383449086658900E-002
 Range of surface albedo (aldir)  3.383449086658900E-002  3.383449086658900E-002
 Range of surface albedo (asdif)  6.000000000000000E-002  6.000000000000000E-002
 Range of surface albedo (aldif)  6.000000000000000E-002  6.000000000000000E-002
 radiation: perpetual sun, solin=   310.282739030785     
 longwave radiation is called
NSTEP =        319   NCYCLE=  4  CFL_adv= 0.394  CFL_sgs= 0.070
 Collecting statistics...
 name QCSTRG is missing in "lst" file.
NSTEP =        320   NCYCLE=  4  CFL_adv= 0.394  CFL_sgs= 0.029
 DAY =   0.111111111111111     
 NSTEP=         320
 div:  9.735112371785213E-017 -9.395453847249691E-017
 SST=   300.000000000000     
 surface pressure=   1014.80000000000     
 u:  -10.5608248693411        10.0167909202375     
 v:  -10.5494100039248        10.5907289190687     
 w:  -6.88132302713576        3.47481807582972     
 p:  -46.3899884294314        62.2743465346011     
 t:   292.406593964473        473.373113336667     
 tabs:   199.944406941408        300.075527288637     
 qv:  5.564294991858015E-054  1.999717032895011E-002
 tke:  0.000000000000000E+000   4.58979137026215     
 tk:  0.000000000000000E+000   49.1699574186275     
 tkh:  0.000000000000000E+000   49.1699574186275     
 qcl:  0.000000000000000E+000  9.034539507943675E-005
 qci:  0.000000000000000E+000  8.996787848532330E-003
 qpl:  0.000000000000000E+000  2.703470001416183E-003
 qpi:  0.000000000000000E+000  0.000000000000000E+000
 qrad(K/day):  -64.4857493076620        99.0496538228822     
 shf: -3.003416366627092E-002   68.3478710761222     
 lhf:   16.8518442529756        306.186315080262     
 uw: -9.228082409002589E-002  9.795887930580637E-002
 vw: -8.755641055811139E-002  0.107088522835498     
 sst:   300.000000000000        300.000000000000     
 ===========================
 total water budget:
 before (mm):         53.21495829668
 after (mm):          53.21481507877
 evaporation (mm):     0.00023437515
 precipitation (mm):   0.00037759306
 large-scale (mm):     0.00000000000
 Imbalance (mm)       0.00000000000
 evap (mm/day):  0.675000435628838     
 prec (mm/day):   1.08746801792638     
 ls (mm/day):  0.000000000000000E+000
 imbalance (mm/day)  1.636659557879838E-012
  imbalance (rel error):  0.000000000000000E+000
 ===========================
NSTEP =        321   NCYCLE=  4  CFL_adv= 0.399  CFL_sgs= 0.029
NSTEP =        322   NCYCLE=  4  CFL_adv= 0.381  CFL_sgs= 0.032
NSTEP =        323   NCYCLE=  4  CFL_adv= 0.387  CFL_sgs= 0.038
 Collecting statistics...
 name QCSTRG is missing in "lst" file.
NSTEP =        324   NCYCLE=  4  CFL_adv= 0.398  CFL_sgs= 0.038
 DAY =   0.112500000000000     
 NSTEP=         324
 div:  1.252194490963151E-016 -1.214234262675100E-016
 SST=   300.000000000000     
 surface pressure=   1014.80000000000     
 u:  -10.5891534595298        10.4560834502237     
 v:  -10.8059028581681        10.5493318221933     
 w:  -7.37260148597379        3.42003458862706     
 p:  -52.0058337389119        68.0916064801505     
 t:   292.556066193600        473.365902445645     
 tabs:   200.037911334737        300.037472744621     
 qv:  7.393655630504985E-054  1.998169369719539E-002
 tke:  0.000000000000000E+000   4.70074455204750     
 tk:  0.000000000000000E+000   54.2030012548170     
 tkh:  0.000000000000000E+000   54.2030012548170     
 qcl:  0.000000000000000E+000  1.670184882100401E-004
 qci:  0.000000000000000E+000  8.871671745399120E-003
 qpl:  0.000000000000000E+000  2.725953945223618E-003
 qpi:  0.000000000000000E+000  0.000000000000000E+000
 qrad(K/day):  -64.4857493076620        99.0496538228822     
 shf: -0.416201978178722        75.7610039551442     
 lhf:   16.8379094896710        295.380490025226     
 uw: -9.196706983774222E-002  9.727610222032446E-002
 vw: -8.103441713638693E-002  0.104416385330234     
 sst:   300.000000000000        300.000000000000     
 ===========================
 total water budget:
 before (mm):         53.21443565504
 after (mm):          53.21432587418
 evaporation (mm):     0.00023476533
 precipitation (mm):   0.00034454619
 large-scale (mm):     0.00000000000
 Imbalance (mm)       0.00000000000
 evap (mm/day):  0.676124138833565     
 prec (mm/day):  0.992293013723474     
 ls (mm/day):  0.000000000000000E+000
 imbalance (mm/day)  3.166029938217463E-011
  imbalance (rel error):  1.335247086358197E-016
 ===========================
 Let's do some shortwave
 Range of zenith angles  0.732661695834013       0.732661695834013     
 Range of surface albedo (asdir)  3.383449086658900E-002  3.383449086658900E-002
 Range of surface albedo (aldir)  3.383449086658900E-002  3.383449086658900E-002
 Range of surface albedo (asdif)  6.000000000000000E-002  6.000000000000000E-002
 Range of surface albedo (aldif)  6.000000000000000E-002  6.000000000000000E-002
 radiation: perpetual sun, solin=   310.282739021749     
 longwave radiation is called
NSTEP =        325   NCYCLE=  4  CFL_adv= 0.426  CFL_sgs= 0.037
NSTEP =        326   NCYCLE=  4  CFL_adv= 0.424  CFL_sgs= 0.052
NSTEP =        327   NCYCLE=  4  CFL_adv= 0.425  CFL_sgs= 0.094
 Collecting statistics...
 name QCSTRG is missing in "lst" file.
NSTEP =        328   NCYCLE=  4  CFL_adv= 0.427  CFL_sgs= 0.090
 DAY =   0.113888888888889     
 NSTEP=         328
 div:  8.128457566793024E-017 -1.103558870830315E-016
 SST=   300.000000000000     
 surface pressure=   1014.80000000000     
 u:  -10.2504575772707        10.8104495851604     
 v:  -11.8529465850464        10.0905157828499     
 w:  -7.49878025427170        3.49889435779784     
 p:  -54.0820869217822        68.9492284801786     
 t:   292.702824871257        473.363172107197     
 tabs:   199.983981866573        300.488341783542     
 qv:  1.542256282518605E-053  2.000046259542587E-002
 tke:  0.000000000000000E+000   17.1225866056048     
 tk:  0.000000000000000E+000   47.7793763746796     
 tkh:  0.000000000000000E+000   47.7793763746796     
 qcl:  0.000000000000000E+000  7.891007218116452E-005
 qci:  0.000000000000000E+000  8.741600830756948E-003
 qpl:  0.000000000000000E+000  2.643322126921132E-003
 qpi:  0.000000000000000E+000  0.000000000000000E+000
 qrad(K/day):  -67.8419677660498        103.515748292945     
 shf: -0.532372970450872        83.2505093129455     
 lhf:   16.8293575589865        299.866322767997     
 uw: -8.123701212882539E-002  8.565329464925524E-002
 vw: -7.715361130419764E-002  0.121083690587370     
 sst:   300.000000000000        300.000000000000     
 ===========================
 total water budget:
 before (mm):         53.21404663875
 after (mm):          53.21396963223
 evaporation (mm):     0.00023512974
 precipitation (mm):   0.00031213626
 large-scale (mm):     0.00000000000
 Imbalance (mm)       0.00000000000
 evap (mm/day):  0.677173646587228     
 prec (mm/day):  0.898952431394844     
 ls (mm/day):  0.000000000000000E+000
 imbalance (mm/day)  4.371503159461554E-015
  imbalance (rel error):  0.000000000000000E+000
 ===========================
NSTEP =        329   NCYCLE=  4  CFL_adv= 0.437  CFL_sgs= 0.086
NSTEP =        330   NCYCLE=  4  CFL_adv= 0.419  CFL_sgs= 0.047
 Let's do some shortwave
 Range of zenith angles  0.732661695834013       0.732661695834013     
 Range of surface albedo (asdir)  3.383449086658900E-002  3.383449086658900E-002
 Range of surface albedo (aldir)  3.383449086658900E-002  3.383449086658900E-002
 Range of surface albedo (asdif)  6.000000000000000E-002  6.000000000000000E-002
 Range of surface albedo (aldif)  6.000000000000000E-002  6.000000000000000E-002
 radiation: perpetual sun, solin=   310.282739016229     
 longwave radiation is called
NSTEP =        331   NCYCLE=  4  CFL_adv= 0.405  CFL_sgs= 0.046
 Collecting statistics...
 name QCSTRG is missing in "lst" file.
NSTEP =        332   NCYCLE=  4  CFL_adv= 0.420  CFL_sgs= 0.045
 DAY =   0.115277777777778     
 NSTEP=         332
 div:  7.105501858819120E-017 -1.261508264724434E-016
 SST=   300.000000000000     
 surface pressure=   1014.80000000000     
 u:  -9.94397415048639        10.0144941149225     
 v:  -10.3449593680785        10.3414427771528     
 w:  -6.93456792108107        3.26039544044878     
 p:  -52.9589395471063        67.1382371828067     
 t:   292.868486052844        473.369078369466     
 tabs:   200.031860890958        300.834538236583     
 qv:  3.875273851771195E-053  2.001021458916051E-002
 tke:  0.000000000000000E+000   4.46720658848845     
 tk:  0.000000000000000E+000   50.0253738627746     
 tkh:  0.000000000000000E+000   50.0253738627746     
 qcl:  0.000000000000000E+000  0.000000000000000E+000
 qci:  0.000000000000000E+000  8.641051808812696E-003
 qpl:  0.000000000000000E+000  2.361374882582680E-003
 qpi:  0.000000000000000E+000  0.000000000000000E+000
 qrad(K/day):  -62.6500192417309        107.799656683671     
 shf: -0.483275124581477        79.6343910592161     
 lhf:   16.4693347067078        341.243896992468     
 uw: -8.287819862927928E-002  0.111692456459581     
 vw: -8.556777784895780E-002  0.115314455997736     
 sst:   300.000000000000        300.000000000000     
 ===========================
 total water budget:
 before (mm):         53.21378348783
 after (mm):          53.21373636307
 evaporation (mm):     0.00023549323
 precipitation (mm):   0.00028261799
 large-scale (mm):     0.00000000000
 Imbalance (mm)      -0.00000000000
 evap (mm/day):  0.678220491306618     
 prec (mm/day):  0.813939798393152     
 ls (mm/day):  0.000000000000000E+000
 imbalance (mm/day) -2.014950706286101E-011
  imbalance (rel error): -1.335261878459591E-016
 ===========================
NSTEP =        333   NCYCLE=  4  CFL_adv= 0.448  CFL_sgs= 0.044
NSTEP =        334   NCYCLE=  4  CFL_adv= 0.442  CFL_sgs= 0.037
NSTEP =        335   NCYCLE=  4  CFL_adv= 0.450  CFL_sgs= 0.036
 Collecting statistics...
 name QCSTRG is missing in "lst" file.
NSTEP =        336   NCYCLE=  4  CFL_adv= 0.454  CFL_sgs= 0.115
 DAY =   0.116666666666667     
 NSTEP=         336
 div:  6.927135453879632E-017 -1.156007012992249E-016
 SST=   300.000000000000     
 surface pressure=   1014.80000000000     
 u:  -10.1917555594447        10.6642643390361     
 v:  -11.6214929137916        10.1386043413836     
 w:  -6.04542291539985        3.06173540840548     
 p:  -54.7093985240412        67.1013267361750     
 t:   293.250786248152        473.362260187197     
 tabs:   200.091382134362        300.827511435530     
 qv:  7.354691596017419E-053  1.999768144978583E-002
 tke:  0.000000000000000E+000   30.5722823325710     
 tk:  0.000000000000000E+000   45.9805226018529     
 tkh:  0.000000000000000E+000   45.9805226018529     
 qcl:  0.000000000000000E+000  0.000000000000000E+000
 qci:  0.000000000000000E+000  8.600060353743085E-003
 qpl:  0.000000000000000E+000  2.139878292313493E-003
 qpi:  0.000000000000000E+000  0.000000000000000E+000
 qrad(K/day):  -62.6500192417309        107.799656683671     
 shf:  -1.03405338659682        67.0916339839702     
 lhf:   16.0013029015918        350.860388191643     
 uw: -0.113469805677000       0.126333069087747     
 vw: -0.100046130137041       0.102865937064140     
 sst:   300.000000000000        300.000000000000     
 ===========================
 total water budget:
 before (mm):         53.21364237821
 after (mm):          53.21362748660
 evaporation (mm):     0.00023585910
 precipitation (mm):   0.00025075072
 large-scale (mm):     0.00000000000
 Imbalance (mm)      -0.00000000000
 evap (mm/day):  0.679274220359751     
 prec (mm/day):  0.722162066932340     
 ls (mm/day):  0.000000000000000E+000
 imbalance (mm/day) -9.699897135506674E-012
  imbalance (rel error): -1.335264610440263E-016
 ===========================
 Let's do some shortwave
 Range of zenith angles  0.732661695834013       0.732661695834013     
 Range of surface albedo (asdir)  3.383449086658900E-002  3.383449086658900E-002
 Range of surface albedo (aldir)  3.383449086658900E-002  3.383449086658900E-002
 Range of surface albedo (asdif)  6.000000000000000E-002  6.000000000000000E-002
 Range of surface albedo (aldif)  6.000000000000000E-002  6.000000000000000E-002
 radiation: perpetual sun, solin=   310.282739014419     
 longwave radiation is called
NSTEP =        337   NCYCLE=  4  CFL_adv= 0.464  CFL_sgs= 0.116
NSTEP =        338   NCYCLE=  4  CFL_adv= 0.450  CFL_sgs= 0.117
NSTEP =        339   NCYCLE=  4  CFL_adv= 0.454  CFL_sgs= 0.118
 Collecting statistics...
 name QCSTRG is missing in "lst" file.
NSTEP =        340   NCYCLE=  5  CFL_adv= 0.386  CFL_sgs= 0.052
 DAY =   0.118055555555556     
 NSTEP=         340
 div:  6.858480096754030E-017 -1.321951356026492E-016
 SST=   300.000000000000     
 surface pressure=   1014.80000000000     
 u:  -9.98543360056406        10.9083541061782     
 v:  -10.3669948737094        11.7320041606728     
 w:  -5.69145955289062        2.89915162478702     
 p:  -55.0569328411563        67.7408281086635     
 t:   294.031680035423        473.366876335623     
 tabs:   200.187243871154        300.606430229096     
 qv:  1.326934758290376E-052  2.001175232741086E-002
 tke:  0.000000000000000E+000   9.10141470049311     
 tk:  0.000000000000000E+000   46.1531498094595     
 tkh:  0.000000000000000E+000   46.1531498094595     
 qcl:  0.000000000000000E+000  1.419196887945958E-006
 qci:  0.000000000000000E+000  8.507866892142923E-003
 qpl:  0.000000000000000E+000  1.903865494375536E-003
 qpi:  0.000000000000000E+000  0.000000000000000E+000
 qrad(K/day):  -60.3908860900990        102.735194956713     
 shf:  -1.44682772818863        66.5395970719569     
 lhf:   15.1894763052562        350.557104082418     
 uw: -9.038309896417555E-002  0.115721506076606     
 vw: -0.108897333093333       0.110451196700163     
 sst:   300.000000000000        300.000000000000     
 ===========================
 total water budget:
 before (mm):         53.21363313122
 after (mm):          53.21365125754
 evaporation (mm):     0.00023623247
 precipitation (mm):   0.00021810614
 large-scale (mm):     0.00000000000
 Imbalance (mm)       0.00000000000
 evap (mm/day):  0.680349501216426     
 prec (mm/day):  0.628145695283761     
 ls (mm/day):  0.000000000000000E+000
 imbalance (mm/day)  7.160131862415930E-012
  imbalance (rel error):  0.000000000000000E+000
 ===========================
NSTEP =        341   NCYCLE=  5  CFL_adv= 0.407  CFL_sgs= 0.050
NSTEP =        342   NCYCLE=  5  CFL_adv= 0.415  CFL_sgs= 0.051
 Let's do some shortwave
 Range of zenith angles  0.732661695834013       0.732661695834013     
 Range of surface albedo (asdir)  3.383449086658900E-002  3.383449086658900E-002
 Range of surface albedo (aldir)  3.383449086658900E-002  3.383449086658900E-002
 Range of surface albedo (asdif)  6.000000000000000E-002  6.000000000000000E-002
 Range of surface albedo (aldif)  6.000000000000000E-002  6.000000000000000E-002
 radiation: perpetual sun, solin=   310.282739015076     
 longwave radiation is called
NSTEP =        343   NCYCLE=  5  CFL_adv= 0.425  CFL_sgs= 0.049
 Collecting statistics...
 name QCSTRG is missing in "lst" file.
NSTEP =        344   NCYCLE=  5  CFL_adv= 0.433  CFL_sgs= 0.043
 DAY =   0.119444444444444     
 NSTEP=         344
 div:  5.556520212230296E-017 -1.018918082398018E-016
 SST=   300.000000000000     
 surface pressure=   1014.80000000000     
 u:  -9.80334511967340        10.8666387334211     
 v:  -9.88098687528948        10.0784775087858     
 w:  -5.17131368036226        3.42286585063717     
 p:  -48.5097291750397        62.1622105500772     
 t:   295.049137366083        473.371065836334     
 tabs:   200.261970272561        300.619298959173     
 qv:  3.292652757086953E-052  2.002191688662294E-002
 tke:  0.000000000000000E+000   8.93557048585619     
 tk:  0.000000000000000E+000   48.0084914443943     
 tkh:  0.000000000000000E+000   48.0084914443943     
 qcl:  0.000000000000000E+000  6.374296377866142E-007
 qci:  0.000000000000000E+000  8.359101594412988E-003
 qpl:  0.000000000000000E+000  1.817960731926970E-003
 qpi:  0.000000000000000E+000  0.000000000000000E+000
 qrad(K/day):  -59.1842160041374        96.9993006111661     
 shf:  -1.35654225867880        56.5118112972809     
 lhf:   14.8314433347974        345.723738028571     
 uw: -8.764186981518611E-002  0.102784613189639     
 vw: -0.109680998352403       0.108775163162099     
 sst:   300.000000000000        300.000000000000     
 ===========================
 total water budget:
 before (mm):         53.21374863587
 after (mm):          53.21379474588
 evaporation (mm):     0.00023662712
 precipitation (mm):   0.00019051711
 large-scale (mm):     0.00000000000
 Imbalance (mm)       0.00000000000
 evap (mm/day):  0.681486113321341     
 prec (mm/day):  0.548689284750294     
 ls (mm/day):  0.000000000000000E+000
 imbalance (mm/day) -5.131520208756512E-012
  imbalance (rel error):  0.000000000000000E+000
 ===========================
NSTEP =        345   NCYCLE=  5  CFL_adv= 0.438  CFL_sgs= 0.050
NSTEP =        346   NCYCLE=  5  CFL_adv= 0.434  CFL_sgs= 0.034
NSTEP =        347   NCYCLE=  5  CFL_adv= 0.422  CFL_sgs= 0.048
 Collecting statistics...
 name QCSTRG is missing in "lst" file.
NSTEP =        348   NCYCLE=  5  CFL_adv= 0.403  CFL_sgs= 0.064
 DAY =   0.120833333333333     
 NSTEP=         348
 div:  6.702978517774675E-017 -9.943275791426227E-017
 SST=   300.000000000000     
 surface pressure=   1014.80000000000     
 u:  -10.1797067879924        10.1215149384778     
 v:  -9.78902464656059        10.1493024040770     
 w:  -4.90588373548082        3.43233925289202     
 p:  -42.8471561600639        45.0787828570969     
 t:   296.017195206352        473.370827046112     
 tabs:   200.137926614395        300.983772792605     
 qv:  9.587321223966597E-052  2.001839123162420E-002
 tke:  0.000000000000000E+000   4.12432616903167     
 tk:  0.000000000000000E+000   48.6470248678888     
 tkh:  0.000000000000000E+000   48.6470248678888     
 qcl:  0.000000000000000E+000  8.526376783229982E-005
 qci:  0.000000000000000E+000  8.191823364956014E-003
 qpl:  0.000000000000000E+000  1.660128202757606E-003
 qpi:  0.000000000000000E+000  0.000000000000000E+000
 qrad(K/day):  -59.1842160041374        96.9993006111661     
 shf:  -1.28799090265136        51.1961047929013     
 lhf:   14.8253366258754        355.301905448983     
 uw: -9.115200497681963E-002  0.107151158634020     
 vw: -0.100948352469804       0.116016197741839     
 sst:   300.000000000000        300.000000000000     
 ===========================
 total water budget:
 before (mm):         53.21396951989
 after (mm):          53.21403872386
 evaporation (mm):     0.00023706074
 precipitation (mm):   0.00016785677
 large-scale (mm):     0.00000000000
 Imbalance (mm)       0.00000000000
 evap (mm/day):  0.682734943938499     
 prec (mm/day):  0.483427502943317     
 ls (mm/day):  0.000000000000000E+000
 imbalance (mm/day)  3.275887373865860E-011
  imbalance (rel error):  1.335254291536159E-016
 ===========================
 Let's do some shortwave
 Range of zenith angles  0.732661695834013       0.732661695834013     
 Range of surface albedo (asdir)  3.383449086658900E-002  3.383449086658900E-002
 Range of surface albedo (aldir)  3.383449086658900E-002  3.383449086658900E-002
 Range of surface albedo (asdif)  6.000000000000000E-002  6.000000000000000E-002
 Range of surface albedo (aldif)  6.000000000000000E-002  6.000000000000000E-002
 radiation: perpetual sun, solin=   310.282739017608     
 longwave radiation is called
NSTEP =        349   NCYCLE=  5  CFL_adv= 0.386  CFL_sgs= 0.027
NSTEP =        350   NCYCLE=  5  CFL_adv= 0.403  CFL_sgs= 0.077
NSTEP =        351   NCYCLE=  5  CFL_adv= 0.436  CFL_sgs= 0.026
 Collecting statistics...
 name QCSTRG is missing in "lst" file.
NSTEP =        352   NCYCLE=  5  CFL_adv= 0.451  CFL_sgs= 0.074
 DAY =   0.122222222222222     
 NSTEP=         352
 div:  6.063057651606711E-017 -1.022629299232341E-016
 SST=   300.000000000000     
 surface pressure=   1014.80000000000     
 u:  -10.9662902920626        11.1179766511715     
 v:  -11.1227429747715        9.65242591829682     
 w:  -5.56765873139314        3.03307455181035     
 p:  -36.8446938651903        33.0361242948270     
 t:   296.638333219332        473.366969105016     
 tabs:   199.987585804316        301.995130519461     
 qv:  2.269932750225173E-051  2.001300607874438E-002
 tke:  0.000000000000000E+000   3.12287548587532     
 tk:  0.000000000000000E+000   43.4998018455750     
 tkh:  0.000000000000000E+000   43.4998018455750     
 qcl:  0.000000000000000E+000  8.306903855255296E-005
 qci:  0.000000000000000E+000  8.067368954536233E-003
 qpl:  0.000000000000000E+000  1.519520541732584E-003
 qpi:  0.000000000000000E+000  0.000000000000000E+000
 qrad(K/day):  -65.8360698096124        96.6166429625323     
 shf: -0.486565901165339        42.4506730018899     
 lhf:   14.4614003906993        380.876088484890     
 uw: -0.102842045362223       0.118225899323526     
 vw: -0.106197689235958       0.119889554002425     
 sst:   300.000000000000        300.000000000000     
 ===========================
 total water budget:
 before (mm):         53.21427469694
 after (mm):          53.21436151197
 evaporation (mm):     0.00023746696
 precipitation (mm):   0.00015065194
 large-scale (mm):     0.00000000000
 Imbalance (mm)      -0.00000000000
 evap (mm/day):  0.683904841276544     
 prec (mm/day):  0.433877575528253     
 ls (mm/day):  0.000000000000000E+000
 imbalance (mm/day) -1.026413329330289E-011
  imbalance (rel error): -1.335246192139897E-016
 ===========================
NSTEP =        353   NCYCLE=  5  CFL_adv= 0.471  CFL_sgs= 0.024
NSTEP =        354   NCYCLE=  5  CFL_adv= 0.471  CFL_sgs= 0.024
 Let's do some shortwave
 Range of zenith angles  0.732661695834013       0.732661695834013     
 Range of surface albedo (asdir)  3.383449086658900E-002  3.383449086658900E-002
 Range of surface albedo (aldir)  3.383449086658900E-002  3.383449086658900E-002
 Range of surface albedo (asdif)  6.000000000000000E-002  6.000000000000000E-002
 Range of surface albedo (aldif)  6.000000000000000E-002  6.000000000000000E-002
 radiation: perpetual sun, solin=   310.282739022673     
 longwave radiation is called
NSTEP =        355   NCYCLE=  6  CFL_adv= 0.418  CFL_sgs= 0.019
 Collecting statistics...
 name QCSTRG is missing in "lst" file.
NSTEP =        356   NCYCLE=  6  CFL_adv= 0.438  CFL_sgs= 0.019
 DAY =   0.123611111111111     
 NSTEP=         356
 div:  5.245402041103753E-017 -8.274833412738079E-017
 SST=   300.000000000000     
 surface pressure=   1014.80000000000     
 u:  -10.2727192615527        11.0078853865376     
 v:  -9.86786586647274        9.24990672027038     
 w:  -5.03752724706456        2.83471691554744     
 p:  -32.0594320670130        32.6632009269276     
 t:   296.671914516017        473.367554963023     
 tabs:   200.106064801390        302.273988218583     
 qv:  3.074609740038034E-051  2.002421138706186E-002
 tke:  0.000000000000000E+000   16.7188444704732     
 tk:  0.000000000000000E+000   45.0380596418429     
 tkh:  0.000000000000000E+000   45.0380596418429     
 qcl:  0.000000000000000E+000  1.445862120750054E-005
 qci:  0.000000000000000E+000  7.979297252120980E-003
 qpl:  0.000000000000000E+000  1.329125226166213E-003
 qpi:  0.000000000000000E+000  0.000000000000000E+000
 qrad(K/day):  -64.3968592981709        99.3602801151188     
 shf:  -2.15002606845378        34.0709775701744     
 lhf:   14.6171125565066        367.516096033166     
 uw: -0.111218500761459       0.116776640389025     
 vw: -9.524077333247569E-002  9.544956340411510E-002
 sst:   300.000000000000        300.000000000000     
 ===========================
 total water budget:
 before (mm):         53.21464097178
 after (mm):          53.21473963888
 evaporation (mm):     0.00023781748
 precipitation (mm):   0.00013915038
 large-scale (mm):     0.00000000000
 Imbalance (mm)       0.00000000000
 evap (mm/day):  0.684914342412668     
 prec (mm/day):  0.400753089725501     
 ls (mm/day):  0.000000000000000E+000
 imbalance (mm/day)  3.371069048907493E-011
  imbalance (rel error):  1.335236704307715E-016
 ===========================
NSTEP =        357   NCYCLE=  6  CFL_adv= 0.448  CFL_sgs= 0.057
NSTEP =        358   NCYCLE=  6  CFL_adv= 0.429  CFL_sgs= 0.055
NSTEP =        359   NCYCLE=  6  CFL_adv= 0.401  CFL_sgs= 0.055
 Writting radiation restart file...
mv: cannot stat './RESTART/bubble_rcemip300sst_160_MaxIce20_std2_64_restart_rad.bin': No such file or directory
 Saved radiation restart file. nstep=         360
 Collecting statistics...
 name QCSTRG is missing in "lst" file.
 Writting statistics:nstatsteps=          15
 --------------- ISCCP Simulator Diagnostics: -----------------
 ISCCP PDF:
            0.0       0.3       1.3       3.6       9.4      23.0      60.0
    0.     0.022     0.014     0.011     0.006     0.004     0.005     0.054
  180.     0.000     0.000     0.001     0.001     0.001     0.000     0.000
  310.     0.000     0.000     0.000     0.000     0.000     0.000     0.000
  440.     0.000     0.000     0.000     0.000     0.000     0.000     0.000
  560.     0.000     0.000     0.000     0.000     0.000     0.000     0.000
  680.     0.000     0.000     0.000     0.000     0.000     0.000     0.000
  800.     0.000     0.000     0.000     0.000     0.000     0.000     0.000
 low cld area (tau > 0.3)=  0.000000000000000E+000
 mid cld area (tau > 0.3)=  0.000000000000000E+000
 hgh cld area (tau > 0.3)=  9.707438151041667E-002
 total cld area (tau > 0.3)=  9.707438151041667E-002
 mean albedo cld (tau > 0.3)   0.670051711033580     
 mean tau cld (tau > 0.3)    18.8520928219829     
 mean top pressure (tau > 0.3)   120.708831402340     
 mean brightness temp (tau > 0.3)   234.277445910822     
 mean clearsky brightness temp (tau > 0.3)   295.123775176889     
 --------------- MODIS Simulator Diagnostics: -----------------
 MODIS PDF:
                      0.3       1.3       3.6       9.4      23.0      60.0
    0.               0.014     0.011     0.007     0.005     0.005     0.054
  180.               0.001     0.000     0.000     0.000     0.000     0.000
  310.               0.000     0.000     0.000     0.000     0.000     0.000
  440.               0.000     0.000     0.000     0.000     0.000     0.000
  560.               0.000     0.000     0.000     0.000     0.000     0.000
  680.               0.000     0.000     0.000     0.000     0.000     0.000
  800.               0.000     0.000     0.000     0.000     0.000     0.000
 low cld area =  0.000000000000000E+000
 mid cld area =  0.000000000000000E+000
 hgh cld area =  9.686482747395833E-002
 total cld area =  9.686482747395833E-002
 mean tau cld    164.666843506074     
 mean top pressure    118.931140473781     
 total cld area (liquid) =  0.000000000000000E+000
 total cld area (ice) =  9.686482747395833E-002
 mean tau (liquid) =  -1.00000000000000     
 mean tau (ice) =   164.666843506074     
 mean lwp (g/m2) =  -1.00000000000000     
 mean iwp (g/m2) =   3637.86575649117     
 mean reff (liquid)  =  -1.00000000000000     
 mean reff (ice)  =   36.0111179149118     
 --------------- MISR Simulator Diagnostics: -----------------
 MISR PDF:
            0.0       0.3       1.3       3.6       9.4      23.0      60.0
 99.00     0.000     0.000     0.000     0.000     0.000     0.000     0.000
 17.00     0.000     0.000     0.005     0.004     0.003     0.004     0.053
 15.00     0.000     0.006     0.003     0.001     0.001     0.001     0.001
 13.00     0.000     0.001     0.000     0.000     0.000     0.000     0.000
 11.00     0.000     0.002     0.003     0.001     0.000     0.000     0.000
  9.00     0.000     0.001     0.000     0.000     0.000     0.000     0.000
  7.00     0.000     0.000     0.000     0.000     0.000     0.000     0.000
  5.00     0.000     0.000     0.000     0.000     0.000     0.000     0.000
  4.00     0.000     0.000     0.000     0.000     0.000     0.000     0.000
  3.00     0.000     0.000     0.000     0.000     0.000     0.000     0.000
  2.50     0.000     0.000     0.000     0.000     0.000     0.000     0.000
  2.00     0.000     0.000     0.000     0.000     0.000     0.000     0.000
  1.50     0.000     0.000     0.000     0.000     0.000     0.000     0.000
  1.00     0.000     0.000     0.000     0.000     0.000     0.000     0.000
  0.50     0.000     0.000     0.000     0.000     0.000     0.000     0.000
  0.00     0.003     0.004     0.000     0.000     0.000     0.000     0.000
 total cld area =  9.255879720052082E-002
 mean top height (m)   14800.1373900534     
 Writting history file 
 rcemip300sst_160_MaxIce20_std2                                                 
  
 Writing restart file ...
mv: cannot stat './RESTART/bubble_rcemip300sst_160_MaxIce20_std2_misc_restart.bin': No such file or directory
mv: cannot stat './RESTART/bubble_rcemip300sst_160_MaxIce20_std2_64_restart.bin': No such file or directory
 Restart file was saved. nstep=         360
 Writting 2D data. file:./OUT_2D/bubble_rcemip300sst_160_MaxIce20_std2_64.2Dbin 
                                                                 
 Writting 3D data. file:./OUT_3D/bubble_rcemip300sst_160_MaxIce20_std2_64_000000
 0360.bin3D                                                      
NSTEP =        360   NCYCLE=  5  CFL_adv= 0.439  CFL_sgs= 0.064
 DAY =   0.125000000000000     
 NSTEP=         360
 div:  8.342727394317339E-017 -8.828936988507187E-017
 SST=   300.000000000000     
 surface pressure=   1014.80000000000     
 u:  -10.9379963547972        10.4641668544501     
 v:  -9.57534740454879        9.13514843907122     
 w:  -4.85614019800629        2.63459014089065     
 p:  -29.6973120827397        31.6661155269413     
 t:   296.784445814707        473.367648186328     
 tabs:   200.151485254431        302.582146248879     
 qv:  3.786026060490422E-051  2.003717971623127E-002
 tke:  0.000000000000000E+000   5.97335492900786     
 tk:  0.000000000000000E+000   43.2032014767955     
 tkh:  0.000000000000000E+000   43.2032014767955     
 qcl:  0.000000000000000E+000  5.078567650414748E-005
 qci:  0.000000000000000E+000  7.873347625418199E-003
 qpl:  0.000000000000000E+000  1.242500860045960E-003
 qpi:  0.000000000000000E+000  0.000000000000000E+000
 qrad(K/day):  -64.3968592981709        99.3602801151188     
 shf:  -13.3001120318846        31.3536212310578     
 lhf:   14.6796369557272        331.605529935531     
 uw: -8.653185832715894E-002  0.115908907184269     
 vw: -8.380542736989187E-002  8.577600223278919E-002
 sst:   300.000000000000        300.000000000000     
 ===========================
 total water budget:
 before (mm):         53.21504933978
 after (mm):          53.21515659613
 evaporation (mm):     0.00023805375
 precipitation (mm):   0.00013079740
 large-scale (mm):     0.00000000000
 Imbalance (mm)       0.00000000000
 evap (mm/day):  0.685594801384077     
 prec (mm/day):  0.376696511832984     
 ls (mm/day):  0.000000000000000E+000
 imbalance (mm/day)  8.686801278301459E-013
  imbalance (rel error):  0.000000000000000E+000
 ===========================
CPU TIME =     381.5609 OVER     0.50 MODEL HOURS
 Let's do some shortwave
 Range of zenith angles  0.732661695834013       0.732661695834013     
 Range of surface albedo (asdir)  3.383449086658900E-002  3.383449086658900E-002
 Range of surface albedo (aldir)  3.383449086658900E-002  3.383449086658900E-002
 Range of surface albedo (asdif)  6.000000000000000E-002  6.000000000000000E-002
 Range of surface albedo (aldif)  6.000000000000000E-002  6.000000000000000E-002
 radiation: perpetual sun, solin=   310.282739031008     
 longwave radiation is called
NSTEP =        361   NCYCLE=  5  CFL_adv= 0.416  CFL_sgs= 0.048
NSTEP =        362   NCYCLE=  5  CFL_adv= 0.408  CFL_sgs= 0.063
NSTEP =        363   NCYCLE=  5  CFL_adv= 0.392  CFL_sgs= 0.044
 Collecting statistics...
 name QCSTRG is missing in "lst" file.
NSTEP =        364   NCYCLE=  5  CFL_adv= 0.427  CFL_sgs= 0.059
 DAY =   0.126388888888889     
 NSTEP=         364
 div:  6.450760870154681E-017 -1.047254680800259E-016
 SST=   300.000000000000     
 surface pressure=   1014.80000000000     
 u:  -10.3585234899410        9.41130936020101     
 v:  -10.8962320269777        8.64471435457784     
 w:  -5.10087600750945        2.52173075982462     
 p:  -30.2313842914871        30.4197810123986     
 t:   296.898177649539        473.369784386229     
 tabs:   200.278746803524        302.338359411657     
 qv:  4.826422963409017E-051  2.004188728051996E-002
 tke:  0.000000000000000E+000   4.08785604856439     
 tk:  0.000000000000000E+000   48.0310451582548     
 tkh:  0.000000000000000E+000   48.0310451582548     
 qcl:  0.000000000000000E+000  5.696982317004525E-005
 qci:  0.000000000000000E+000  7.748681302393872E-003
 qpl:  0.000000000000000E+000  1.203589660821362E-003
 qpi:  0.000000000000000E+000  0.000000000000000E+000
 qrad(K/day):  -59.9942794016982        89.6684309613947     
 shf:  -12.6403070790309        29.7614241612386     
 lhf:   14.4867454132185        305.562142802936     
 uw: -8.649706456479814E-002  0.102794648273292     
 vw: -7.844962387035422E-002  9.068027339078964E-002
 sst:   300.000000000000        300.000000000000     
 ===========================
 total water budget:
 before (mm):         53.21548777801
 after (mm):          53.21560100776
 evaporation (mm):     0.00023820575
 precipitation (mm):   0.00012497600
 large-scale (mm):     0.00000000000
 Imbalance (mm)       0.00000000000
 evap (mm/day):  0.686032545754109     
 prec (mm/day):  0.359930878282651     
 ls (mm/day):  0.000000000000000E+000
 imbalance (mm/day)  2.718450464733735E-012
  imbalance (rel error):  0.000000000000000E+000
 ===========================
NSTEP =        365   NCYCLE=  5  CFL_adv= 0.445  CFL_sgs= 0.032
NSTEP =        366   NCYCLE=  5  CFL_adv= 0.429  CFL_sgs= 0.058
 Let's do some shortwave
 Range of zenith angles  0.732661695834013       0.732661695834013     
 Range of surface albedo (asdir)  3.383449086658900E-002  3.383449086658900E-002
 Range of surface albedo (aldir)  3.383449086658900E-002  3.383449086658900E-002
 Range of surface albedo (asdif)  6.000000000000000E-002  6.000000000000000E-002
 Range of surface albedo (aldif)  6.000000000000000E-002  6.000000000000000E-002
 radiation: perpetual sun, solin=   310.282739041569     
 longwave radiation is called
NSTEP =        367   NCYCLE=  5  CFL_adv= 0.395  CFL_sgs= 0.029
 Collecting statistics...
 name QCSTRG is missing in "lst" file.
NSTEP =        368   NCYCLE=  4  CFL_adv= 0.438  CFL_sgs= 0.047
 DAY =   0.127777777777778     
 NSTEP=         368
 div:  9.689359475279683E-017 -1.300698337684423E-016
 SST=   300.000000000000     
 surface pressure=   1014.80000000000     
 u:  -9.99186926993441        9.03067050976847     
 v:  -9.64082652047115        9.06828794462863     
 w:  -4.72687422222929        2.70857642571664     
 p:  -29.9174284459106        29.2379346735240     
 t:   297.010044257854        473.362844346184     
 tabs:   200.502224171780        302.838622793758     
 qv:  5.788446614884530E-051  2.003555099825782E-002
 tke:  0.000000000000000E+000   3.45005659985968     
 tk:  0.000000000000000E+000   46.4358199552059     
 tkh:  0.000000000000000E+000   46.4358199552059     
 qcl:  0.000000000000000E+000  3.771872826267221E-005
 qci:  0.000000000000000E+000  7.622875264711675E-003
 qpl:  0.000000000000000E+000  1.115209472433615E-003
 qpi:  0.000000000000000E+000  0.000000000000000E+000
 qrad(K/day):  -59.1577485977741        89.8400025493384     
 shf:  -12.1991568871759        27.7250960303969     
 lhf:   14.6396646080393        304.513117655527     
 uw: -7.911500684111157E-002  0.112605843780896     
 vw: -7.392542230983583E-002  8.800569392885463E-002
 sst:   300.000000000000        300.000000000000     
 ===========================
 total water budget:
 before (mm):         53.21594878005
 after (mm):          53.21606737201
 evaporation (mm):     0.00023829533
 precipitation (mm):   0.00011970337
 large-scale (mm):     0.00000000000
 Imbalance (mm)       0.00000000000
 evap (mm/day):  0.686290555794642     
 prec (mm/day):  0.344745717611538     
 ls (mm/day):  0.000000000000000E+000
 imbalance (mm/day)  3.711203219736170E-011
  imbalance (rel error):  1.335203390346478E-016
 ===========================
NSTEP =        369   NCYCLE=  4  CFL_adv= 0.396  CFL_sgs= 0.046
NSTEP =        370   NCYCLE=  4  CFL_adv= 0.385  CFL_sgs= 0.044
NSTEP =        371   NCYCLE=  4  CFL_adv= 0.374  CFL_sgs= 0.041
 Collecting statistics...
 name QCSTRG is missing in "lst" file.
NSTEP =        372   NCYCLE=  3  CFL_adv= 0.461  CFL_sgs= 0.050
 DAY =   0.129166666666667     
 NSTEP=         372
 div:  1.406439495552316E-016 -1.807836309682691E-016
 SST=   300.000000000000     
 surface pressure=   1014.80000000000     
 u:  -10.6485882519132        9.31267222172767     
 v:  -9.03129758706982        8.64113180811441     
 w:  -4.30367255535910        2.81615390660902     
 p:  -29.1021129200992        31.4713036062056     
 t:   297.272869968172        473.360460878599     
 tabs:   200.491110124832        302.861538790545     
 qv:  6.456742189683821E-051  2.003688062236388E-002
 tke:  0.000000000000000E+000   3.03357574451267     
 tk:  0.000000000000000E+000   43.5429080370205     
 tkh:  0.000000000000000E+000   43.5429080370205     
 qcl:  0.000000000000000E+000  0.000000000000000E+000
 qci:  0.000000000000000E+000  7.493296738132072E-003
 qpl:  0.000000000000000E+000  1.014614983118523E-003
 qpi:  0.000000000000000E+000  0.000000000000000E+000
 qrad(K/day):  -59.1577485977741        89.8400025493384     
 shf:  -11.9930467959646        25.3588974981577     
 lhf:   14.2394784435422        284.320789788068     
 uw: -8.660966941055899E-002  9.622577605820645E-002
 vw: -7.874085146602794E-002  7.411487371476728E-002
 sst:   300.000000000000        300.000000000000     
 ===========================
 total water budget:
 before (mm):         53.21642962915
 after (mm):          53.21655219933
 evaporation (mm):     0.00023826326
 precipitation (mm):   0.00011569309
 large-scale (mm):     0.00000000000
 Imbalance (mm)      -0.00000000000
 evap (mm/day):  0.686198192216097     
 prec (mm/day):  0.333196094013950     
 ls (mm/day):  3.197442310920451E-013
 imbalance (mm/day) -2.995611571299239E-011
  imbalance (rel error): -2.670382452056299E-016
 ===========================
 Let's do some shortwave
 Range of zenith angles  0.732661695834013       0.732661695834013     
 Range of surface albedo (asdir)  3.383449086658900E-002  3.383449086658900E-002
 Range of surface albedo (aldir)  3.383449086658900E-002  3.383449086658900E-002
 Range of surface albedo (asdif)  6.000000000000000E-002  6.000000000000000E-002
 Range of surface albedo (aldif)  6.000000000000000E-002  6.000000000000000E-002
 radiation: perpetual sun, solin=   310.282739052833     
 longwave radiation is called
NSTEP =        373   NCYCLE=  3  CFL_adv= 0.460  CFL_sgs= 0.045
NSTEP =        374   NCYCLE=  3  CFL_adv= 0.398  CFL_sgs= 0.128
NSTEP =        375   NCYCLE=  3  CFL_adv= 0.377  CFL_sgs= 0.111
 Collecting statistics...
 name QCSTRG is missing in "lst" file.
NSTEP =        376   NCYCLE=  3  CFL_adv= 0.363  CFL_sgs= 0.114
 DAY =   0.130555555555556     
 NSTEP=         376
 div:  1.370667520166110E-016 -2.248172116884527E-016
 SST=   300.000000000000     
 surface pressure=   1014.80000000000     
 u:  -10.4933246802420        8.57460058574054     
 v:  -10.1228979270766        8.83789643246156     
 w:  -4.84182775735824        3.10704422771040     
 p:  -28.6566679811908        28.4384039098847     
 t:   297.393720752186        473.360422805991     
 tabs:   200.420958236510        302.541181942326     
 qv:  7.507139812875355E-051  2.004881975492625E-002
 tke:  0.000000000000000E+000   15.2251896121192     
 tk:  0.000000000000000E+000   50.8627528614263     
 tkh:  0.000000000000000E+000   50.8627528614263     
 qcl:  0.000000000000000E+000  1.768923095306004E-005
 qci:  0.000000000000000E+000  7.401430847245881E-003
 qpl:  0.000000000000000E+000  8.728037608489930E-004
 qpi:  0.000000000000000E+000  0.000000000000000E+000
 qrad(K/day):  -62.0506589508543        81.4141343844509     
 shf:  -11.7425544247074        24.1459000380372     
 lhf:   13.8751343953233        267.823471104235     
 uw: -7.580991530215342E-002  8.540279723094160E-002
 vw: -7.620875935933889E-002  6.605256346081610E-002
 sst:   300.000000000000        300.000000000000     
 ===========================
 total water budget:
 before (mm):         53.21692339087
 after (mm):          53.21704782328
 evaporation (mm):     0.00023814264
 precipitation (mm):   0.00011371022
 large-scale (mm):     0.00000000000
 Imbalance (mm)      -0.00000000000
 evap (mm/day):  0.685850793143388     
 prec (mm/day):  0.327485434403842     
 ls (mm/day):  0.000000000000000E+000
 imbalance (mm/day) -2.159846520383146E-011
  imbalance (rel error): -1.335178791051311E-016
 ===========================
NSTEP =        377   NCYCLE=  3  CFL_adv= 0.376  CFL_sgs= 0.109
NSTEP =        378   NCYCLE=  3  CFL_adv= 0.390  CFL_sgs= 0.087
 Let's do some shortwave
 Range of zenith angles  0.732661695834013       0.732661695834013     
 Range of surface albedo (asdir)  3.383449086658900E-002  3.383449086658900E-002
 Range of surface albedo (aldir)  3.383449086658900E-002  3.383449086658900E-002
 Range of surface albedo (asdif)  6.000000000000000E-002  6.000000000000000E-002
 Range of surface albedo (aldif)  6.000000000000000E-002  6.000000000000000E-002
 radiation: perpetual sun, solin=   310.282739063280     
 longwave radiation is called
NSTEP =        379   NCYCLE=  3  CFL_adv= 0.403  CFL_sgs= 0.104
 Collecting statistics...
 name QCSTRG is missing in "lst" file.
NSTEP =        380   NCYCLE=  3  CFL_adv= 0.410  CFL_sgs= 0.041
 DAY =   0.131944444444444     
 NSTEP=         380
 div:  1.575382641600684E-016 -1.791667908119237E-016
 SST=   300.000000000000     
 surface pressure=   1014.80000000000     
 u:  -11.1697319388704        8.19135225359418     
 v:  -9.72396781148927        8.61228407077451     
 w:  -5.44275746139797        2.94873326004856     
 p:  -27.7910597179002        25.1493682355295     
 t:   297.466136416118        473.364346271178     
 tabs:   200.349383582055        302.237541960804     
 qv:  1.323915094337604E-050  2.005918617124795E-002
 tke:  0.000000000000000E+000   10.0027009418700     
 tk:  0.000000000000000E+000   45.8819941525083     
 tkh:  0.000000000000000E+000   45.8819941525083     
 qcl:  0.000000000000000E+000  8.499865893603968E-006
 qci:  0.000000000000000E+000  7.315122927957229E-003
 qpl:  0.000000000000000E+000  8.246467405766652E-004
 qpi:  0.000000000000000E+000  0.000000000000000E+000
 qrad(K/day):  -62.3239195093537        77.1082673633099     
 shf:  -10.8767721384724        23.8359039197964     
 lhf:   13.8497476720498        257.901715862858     
 uw: -6.439440120679978E-002  8.466390766925258E-002
 vw: -6.829696363304198E-002  6.295466464206538E-002
 sst:   300.000000000000        300.000000000000     
 ===========================
 total water budget:
 before (mm):         53.21742179920
 after (mm):          53.21754658361
 evaporation (mm):     0.00023796073
 precipitation (mm):   0.00011317632
 large-scale (mm):     0.00000000000
 Imbalance (mm)       0.00000000000
 evap (mm/day):  0.685326898769745     
 prec (mm/day):  0.325947809482004     
 ls (mm/day):  0.000000000000000E+000
 imbalance (mm/day)  5.529170871154676E-012
  imbalance (rel error):  0.000000000000000E+000
 ===========================
NSTEP =        381   NCYCLE=  3  CFL_adv= 0.434  CFL_sgs= 0.088
NSTEP =        382   NCYCLE=  3  CFL_adv= 0.419  CFL_sgs= 0.043
NSTEP =        383   NCYCLE=  3  CFL_adv= 0.413  CFL_sgs= 0.120
 Collecting statistics...
 name QCSTRG is missing in "lst" file.
NSTEP =        384   NCYCLE=  3  CFL_adv= 0.410  CFL_sgs= 0.076
 DAY =   0.133333333333333     
 NSTEP=         384
 div:  1.830922746579475E-016 -1.795839478853167E-016
 SST=   300.000000000000     
 surface pressure=   1014.80000000000     
 u:  -10.4165857188720        8.30822376763973     
 v:  -10.2812158355287        8.48861007386293     
 w:  -5.65714534654532        2.97790839349656     
 p:  -26.6177040155389        23.4779653669052     
 t:   297.541699918111        473.363396510554     
 tabs:   200.461483420883        302.132787571021     
 qv:  2.991460444047417E-050  2.005664779949495E-002
 tke:  0.000000000000000E+000   20.8591105693222     
 tk:  0.000000000000000E+000   49.8665729355382     
 tkh:  0.000000000000000E+000   49.8665729355382     
 qcl:  0.000000000000000E+000  0.000000000000000E+000
 qci:  0.000000000000000E+000  7.219712354065700E-003
 qpl:  0.000000000000000E+000  7.474257791086064E-004
 qpi:  0.000000000000000E+000  0.000000000000000E+000
 qrad(K/day):  -62.3239195093537        77.1082673633099     
 shf:  -10.0884449186960        22.6742573449944     
 lhf:   13.8416868716900        240.199314145416     
 uw: -5.595449125539475E-002  9.336952388238051E-002
 vw: -6.540266160606172E-002  5.649291176476250E-002
 sst:   300.000000000000        300.000000000000     
 ===========================
 total water budget:
 before (mm):         53.21792124039
 after (mm):          53.21804618570
 evaporation (mm):     0.00023771227
 precipitation (mm):   0.00011276696
 large-scale (mm):     0.00000000000
 Imbalance (mm)       0.00000000000
 evap (mm/day):  0.684611341192074     
 prec (mm/day):  0.324768834035191     
 ls (mm/day):  0.000000000000000E+000
 imbalance (mm/day)  4.946121637261491E-012
  imbalance (rel error):  0.000000000000000E+000
 ===========================
 Let's do some shortwave
 Range of zenith angles  0.732661695834013       0.732661695834013     
 Range of surface albedo (asdir)  3.383449086658900E-002  3.383449086658900E-002
 Range of surface albedo (aldir)  3.383449086658900E-002  3.383449086658900E-002
 Range of surface albedo (asdif)  6.000000000000000E-002  6.000000000000000E-002
 Range of surface albedo (aldif)  6.000000000000000E-002  6.000000000000000E-002
 radiation: perpetual sun, solin=   310.282739073155     
 longwave radiation is called
NSTEP =        385   NCYCLE=  3  CFL_adv= 0.400  CFL_sgs= 0.127
NSTEP =        386   NCYCLE=  3  CFL_adv= 0.370  CFL_sgs= 0.069
NSTEP =        387   NCYCLE=  3  CFL_adv= 0.351  CFL_sgs= 0.119
 Collecting statistics...
 name QCSTRG is missing in "lst" file.
NSTEP =        388   NCYCLE=  3  CFL_adv= 0.335  CFL_sgs= 0.065
 DAY =   0.134722222222222     
 NSTEP=         388
 div:  1.322470988677700E-016 -1.836721048133986E-016
 SST=   300.000000000000     
 surface pressure=   1014.80000000000     
 u:  -10.3835671988311        9.95067543867751     
 v:  -10.3297246959313        9.17386916079750     
 w:  -5.06367808748796        2.71432795373813     
 p:  -25.2341734471013        22.5687677695258     
 t:   297.676619582438        473.361057568226     
 tabs:   200.643133133494        302.175303082860     
 qv:  3.895302430144128E-050  2.004029277440766E-002
 tke:  0.000000000000000E+000   13.2299693690756     
 tk:  0.000000000000000E+000   49.7156336929641     
 tkh:  0.000000000000000E+000   49.7156336929641     
 qcl:  0.000000000000000E+000  3.336560836681277E-006
 qci:  0.000000000000000E+000  7.146939494068183E-003
 qpl:  0.000000000000000E+000  6.578497359916063E-004
 qpi:  0.000000000000000E+000  0.000000000000000E+000
 qrad(K/day):  -57.1441187579239        77.8364993967224     
 shf:  -9.02285694237596        20.9151848616697     
 lhf:   13.8882439153914        239.001422744445     
 uw: -5.344450377412940E-002  8.541281713503990E-002
 vw: -6.101407838152711E-002  5.233749269225070E-002
 sst:   300.000000000000        300.000000000000     
 ===========================
 total water budget:
 before (mm):         53.21842123780
 after (mm):          53.21854613644
 evaporation (mm):     0.00023736578
 precipitation (mm):   0.00011246713
 large-scale (mm):     0.00000000000
 Imbalance (mm)       0.00000000000
 evap (mm/day):  0.683613437273856     
 prec (mm/day):  0.323905346196702     
 ls (mm/day):  2.238209617644316E-012
 imbalance (mm/day)  2.783070648937347E-011
  imbalance (rel error):  1.335141200472597E-016
 ===========================
NSTEP =        389   NCYCLE=  3  CFL_adv= 0.343  CFL_sgs= 0.101
NSTEP =        390   NCYCLE=  3  CFL_adv= 0.357  CFL_sgs= 0.061
 Let's do some shortwave
 Range of zenith angles  0.732661695834013       0.732661695834013     
 Range of surface albedo (asdir)  3.383449086658900E-002  3.383449086658900E-002
 Range of surface albedo (aldir)  3.383449086658900E-002  3.383449086658900E-002
 Range of surface albedo (asdif)  6.000000000000000E-002  6.000000000000000E-002
 Range of surface albedo (aldif)  6.000000000000000E-002  6.000000000000000E-002
 radiation: perpetual sun, solin=   310.282739082266     
 longwave radiation is called
NSTEP =        391   NCYCLE=  3  CFL_adv= 0.377  CFL_sgs= 0.100
 Collecting statistics...
 name QCSTRG is missing in "lst" file.
NSTEP =        392   NCYCLE=  3  CFL_adv= 0.393  CFL_sgs= 0.058
 DAY =   0.136111111111111     
 NSTEP=         392
 div:  2.483395071374977E-016 -1.782246182082094E-016
 SST=   300.000000000000     
 surface pressure=   1014.80000000000     
 u:  -10.9983318670868        9.29194515459917     
 v:  -10.5678993235148        9.17971631597736     
 w:  -4.29530800409440        2.73559063265021     
 p:  -25.0787860862622        22.4407352832393     
 t:   297.715530489678        473.362083240016     
 tabs:   200.752171595344        302.094582554047     
 qv:  4.605245891880906E-050  2.005045756133904E-002
 tke:  0.000000000000000E+000   13.0120176968630     
 tk:  0.000000000000000E+000   43.8510495568318     
 tkh:  0.000000000000000E+000   43.8510495568318     
 qcl:  0.000000000000000E+000  0.000000000000000E+000
 qci:  0.000000000000000E+000  7.125545952819136E-003
 qpl:  0.000000000000000E+000  6.192995897858703E-004
 qpi:  0.000000000000000E+000  0.000000000000000E+000
 qrad(K/day):  -55.2068531122647        79.5896740634850     
 shf:  -7.81075001709387        19.9143207345544     
 lhf:   13.7547254146788        238.066298518609     
 uw: -4.980007149864322E-002  8.381692135383513E-002
 vw: -5.349746980107898E-002  4.812284910031166E-002
 sst:   300.000000000000        300.000000000000     
 ===========================
 total water budget:
 before (mm):         53.21891908094
 after (mm):          53.21904256266
 evaporation (mm):     0.00023693851
 precipitation (mm):   0.00011345678
 large-scale (mm):     0.00000000000
 Imbalance (mm)       0.00000000000
 evap (mm/day):  0.682382902374279     
 prec (mm/day):  0.326755533107860     
 ls (mm/day):  1.278976924368180E-012
 imbalance (mm/day) -4.750067526815283E-012
  imbalance (rel error):  0.000000000000000E+000
 ===========================
NSTEP =        393   NCYCLE=  3  CFL_adv= 0.410  CFL_sgs= 0.101
NSTEP =        394   NCYCLE=  3  CFL_adv= 0.412  CFL_sgs= 0.055
NSTEP =        395   NCYCLE=  3  CFL_adv= 0.418  CFL_sgs= 0.102
 Collecting statistics...
 name QCSTRG is missing in "lst" file.
NSTEP =        396   NCYCLE=  3  CFL_adv= 0.422  CFL_sgs= 0.053
 DAY =   0.137500000000000     
 NSTEP=         396
 div:  1.149180278717756E-016 -1.526058665880110E-016
 SST=   300.000000000000     
 surface pressure=   1014.80000000000     
 u:  -10.2570729952657        8.59050808074930     
 v:  -10.0902401674498        9.28132992887711     
 w:  -3.14856855863921        2.96846554450984     
 p:  -24.6425011396505        20.5813919817984     
 t:   297.770522956011        473.366253019650     
 tabs:   200.858938582687        301.956124265913     
 qv:  5.064420815862569E-050  2.006104676959443E-002
 tke:  0.000000000000000E+000   13.6989117617667     
 tk:  0.000000000000000E+000   45.0643359869352     
 tkh:  0.000000000000000E+000   45.0643359869352     
 qcl:  0.000000000000000E+000  1.311678881117182E-006
 qci:  0.000000000000000E+000  7.094996959734539E-003
 qpl:  0.000000000000000E+000  5.448851489525029E-004
 qpi:  0.000000000000000E+000  0.000000000000000E+000
 qrad(K/day):  -55.2068531122647        79.5896740634850     
 shf:  -7.83900963580815        18.5847908225002     
 lhf:   13.6807361587392        226.184746607435     
 uw: -4.740731835582529E-002  7.204277266609095E-002
 vw: -5.071340769564969E-002  4.361994730083590E-002
 sst:   300.000000000000        300.000000000000     
 ===========================
 total water budget:
 before (mm):         53.21941005650
 after (mm):          53.21953154557
 evaporation (mm):     0.00023644321
 precipitation (mm):   0.00011495414
 large-scale (mm):     0.00000000000
 Imbalance (mm)       0.00000000000
 evap (mm/day):  0.680956434239945     
 prec (mm/day):  0.331067927721018     
 ls (mm/day):  0.000000000000000E+000
 imbalance (mm/day)  1.115057265271835E-011
  imbalance (rel error):  1.335116479091320E-016
 ===========================
 Let's do some shortwave
 Range of zenith angles  0.732661695834013       0.732661695834013     
 Range of surface albedo (asdir)  3.383449086658900E-002  3.383449086658900E-002
 Range of surface albedo (aldir)  3.383449086658900E-002  3.383449086658900E-002
 Range of surface albedo (asdif)  6.000000000000000E-002  6.000000000000000E-002
 Range of surface albedo (aldif)  6.000000000000000E-002  6.000000000000000E-002
 radiation: perpetual sun, solin=   310.282739089565     
 longwave radiation is called
NSTEP =        397   NCYCLE=  3  CFL_adv= 0.427  CFL_sgs= 0.103
NSTEP =        398   NCYCLE=  3  CFL_adv= 0.411  CFL_sgs= 0.038
NSTEP =        399   NCYCLE=  3  CFL_adv= 0.397  CFL_sgs= 0.061
 Collecting statistics...
 name QCSTRG is missing in "lst" file.
NSTEP =        400   NCYCLE=  3  CFL_adv= 0.378  CFL_sgs= 0.038
 DAY =   0.138888888888889     
 NSTEP=         400
 div:  1.485263299478278E-016 -1.760575102144754E-016
 SST=   300.000000000000     
 surface pressure=   1014.80000000000     
 u:  -10.5072907492237        9.03178953201681     
 v:  -10.4131580986014        9.01376137405706     
 w:  -2.94035688836270        3.03318833864866     
 p:  -24.4788860990649        19.4972265425229     
 t:   297.884196435890        473.364002368640     
 tabs:   200.892975479648        301.928549115753     
 qv:  5.496695192366769E-050  2.007139980252228E-002
 tke:  0.000000000000000E+000   4.22012961736285     
 tk:  0.000000000000000E+000   44.1694020127944     
 tkh:  0.000000000000000E+000   44.1694020127944     
 qcl:  0.000000000000000E+000  0.000000000000000E+000
 qci:  0.000000000000000E+000  7.091172603856674E-003
 qpl:  0.000000000000000E+000  4.456660184283615E-004
 qpi:  0.000000000000000E+000  0.000000000000000E+000
 qrad(K/day):  -59.2278594648016        83.0691656090308     
 shf:  -7.35450506759529        17.0180877922530     
 lhf:   13.6273534850624        210.319852290648     
 uw: -4.442168009549032E-002  6.169338317750561E-002
 vw: -4.675219892355260E-002  4.339031579741412E-002
 sst:   300.000000000000        300.000000000000     
 ===========================
 total water budget:
 before (mm):         53.21989266525
 after (mm):          53.22001172692
 evaporation (mm):     0.00023591106
 precipitation (mm):   0.00011684939
 large-scale (mm):     0.00000000000
 Imbalance (mm)      -0.00000000000
 evap (mm/day):  0.679423846638478     
 prec (mm/day):  0.336526239063870     
 ls (mm/day):  0.000000000000000E+000
 imbalance (mm/day) -4.414671753161237E-012
  imbalance (rel error): -1.335104432907585E-016
 ===========================
NSTEP =        401   NCYCLE=  3  CFL_adv= 0.366  CFL_sgs= 0.057
NSTEP =        402   NCYCLE=  3  CFL_adv= 0.340  CFL_sgs= 0.075
 Let's do some shortwave
 Range of zenith angles  0.732661695834013       0.732661695834013     
 Range of surface albedo (asdir)  3.383449086658900E-002  3.383449086658900E-002
 Range of surface albedo (aldir)  3.383449086658900E-002  3.383449086658900E-002
 Range of surface albedo (asdif)  6.000000000000000E-002  6.000000000000000E-002
 Range of surface albedo (aldif)  6.000000000000000E-002  6.000000000000000E-002
 radiation: perpetual sun, solin=   310.282739093961     
 longwave radiation is called
NSTEP =        403   NCYCLE=  3  CFL_adv= 0.330  CFL_sgs= 0.056
 Collecting statistics...
 name QCSTRG is missing in "lst" file.
NSTEP =        404   NCYCLE=  3  CFL_adv= 0.316  CFL_sgs= 0.066
 DAY =   0.140277777777778     
 NSTEP=         404
 div:  1.805736232616028E-016 -1.669603082188874E-016
 SST=   300.000000000000     
 surface pressure=   1014.80000000000     
 u:  -10.2835089570757        8.86765466999010     
 v:  -9.56041543812349        9.29644620699877     
 w:  -2.87417247722552        3.07908369254471     
 p:  -23.6131126944795        17.4103949347680     
 t:   297.961570372268        473.364415647641     
 tabs:   200.868589092689        301.885737047469     
 qv:  6.601070589340085E-050  2.007988594138589E-002
 tke:  0.000000000000000E+000   3.88761352380237     
 tk:  0.000000000000000E+000   37.8341965410225     
 tkh:  0.000000000000000E+000   37.8341965410225     
 qcl:  0.000000000000000E+000  0.000000000000000E+000
 qci:  0.000000000000000E+000  7.075687599727380E-003
 qpl:  0.000000000000000E+000  3.964602993589083E-004
 qpi:  0.000000000000000E+000  0.000000000000000E+000
 qrad(K/day):  -55.7620997870072        86.6936009060384     
 shf:  -6.81270844899821        16.2704764914711     
 lhf:   13.5845508191403        194.231435399333     
 uw: -4.178797688803516E-002  5.997594857837982E-002
 vw: -4.454567513693714E-002  4.302254012316283E-002
 sst:   300.000000000000        300.000000000000     
 ===========================
 total water budget:
 before (mm):         53.22036365143
 after (mm):          53.22047880308
 evaporation (mm):     0.00023535914
 precipitation (mm):   0.00012020749
 large-scale (mm):     0.00000000000
 Imbalance (mm)      -0.00000000000
 evap (mm/day):  0.677834324659159     
 prec (mm/day):  0.346197564241075     
 ls (mm/day):  0.000000000000000E+000
 imbalance (mm/day) -2.741861425403780E-011
  imbalance (rel error): -1.335092715699083E-016
 ===========================
NSTEP =        405   NCYCLE=  2  CFL_adv= 0.464  CFL_sgs= 0.082
NSTEP =        406   NCYCLE=  2  CFL_adv= 0.462  CFL_sgs= 0.082
NSTEP =        407   NCYCLE=  2  CFL_adv= 0.466  CFL_sgs= 0.081
 Collecting statistics...
 name QCSTRG is missing in "lst" file.
NSTEP =        408   NCYCLE=  2  CFL_adv= 0.468  CFL_sgs= 0.081
 DAY =   0.141666666666667     
 NSTEP=         408
 div:  2.513221424429671E-016 -2.001200776500489E-016
 SST=   300.000000000000     
 surface pressure=   1014.80000000000     
 u:  -9.39382188701555        9.75086010302442     
 v:  -10.3259488249416        10.6505889949695     
 w:  -3.19513085256071        3.03200741007844     
 p:  -21.8781720193025        18.3811592392981     
 t:   298.023975106227        473.366819293203     
 tabs:   200.927677888533        301.772197224151     
 qv:  7.629641810614145E-050  2.007558157455329E-002
 tke:  0.000000000000000E+000   3.71452794784472     
 tk:  0.000000000000000E+000   43.8983030754049     
 tkh:  0.000000000000000E+000   43.8983030754049     
 qcl:  0.000000000000000E+000  2.966362010022109E-005
 qci:  0.000000000000000E+000  7.054330524890835E-003
 qpl:  0.000000000000000E+000  4.189294102164349E-004
 qpi:  0.000000000000000E+000  0.000000000000000E+000
 qrad(K/day):  -55.7620997870072        86.6936009060384     
 shf:  -6.42359316195753        15.3321323809402     
 lhf:   13.6028036600007        183.319626764831     
 uw: -4.411478083963036E-002  6.150067029528796E-002
 vw: -4.347125736365538E-002  4.456375501888296E-002
 sst:   300.000000000000        300.000000000000     
 ===========================
 total water budget:
 before (mm):         53.22081689426
 after (mm):          53.22092641577
 evaporation (mm):     0.00023480760
 precipitation (mm):   0.00012528609
 large-scale (mm):     0.00000000000
 Imbalance (mm)       0.00000000000
 evap (mm/day):  0.676245888290801     
 prec (mm/day):  0.360823924955545     
 ls (mm/day):  0.000000000000000E+000
 imbalance (mm/day)  3.974053117833387E-010
  imbalance (rel error):  2.536654825204436E-015
 ===========================
 Let's do some shortwave
 Range of zenith angles  0.732661695834013       0.732661695834013     
 Range of surface albedo (asdir)  3.383449086658900E-002  3.383449086658900E-002
 Range of surface albedo (aldir)  3.383449086658900E-002  3.383449086658900E-002
 Range of surface albedo (asdif)  6.000000000000000E-002  6.000000000000000E-002
 Range of surface albedo (aldif)  6.000000000000000E-002  6.000000000000000E-002
 radiation: perpetual sun, solin=   310.282739095561     
 longwave radiation is called
NSTEP =        409   NCYCLE=  2  CFL_adv= 0.471  CFL_sgs= 0.081
NSTEP =        410   NCYCLE=  2  CFL_adv= 0.467  CFL_sgs= 0.080
NSTEP =        411   NCYCLE=  2  CFL_adv= 0.458  CFL_sgs= 0.080
 Collecting statistics...
 name QCSTRG is missing in "lst" file.
NSTEP =        412   NCYCLE=  2  CFL_adv= 0.447  CFL_sgs= 0.092
 DAY =   0.143055555555556     
 NSTEP=         412
 div:  1.649320593626827E-016 -1.820535484526905E-016
 SST=   300.000000000000     
 surface pressure=   1014.80000000000     
 u:  -9.83013671128377        8.54372415747677     
 v:  -9.29068944266174        9.81048766063826     
 w:  -3.56695237187348        3.21608093581938     
 p:  -20.7140470326514        16.7841254140169     
 t:   298.056616782284        473.368908781901     
 tabs:   200.808773021846        301.685552805740     
 qv:  9.609813726725500E-050  2.005347062763622E-002
 tke:  0.000000000000000E+000   4.62476442524711     
 tk:  0.000000000000000E+000   46.8698584222853     
 tkh:  0.000000000000000E+000   46.8698584222853     
 qcl:  0.000000000000000E+000  7.035452314078287E-005
 qci:  0.000000000000000E+000  7.024163413495349E-003
 qpl:  0.000000000000000E+000  3.547535748851033E-004
 qpi:  0.000000000000000E+000  0.000000000000000E+000
 qrad(K/day):  -55.1187875492706        82.2072685236765     
 shf:  -6.10957097559905        14.5022972366441     
 lhf:   12.2293923911856        173.626804899283     
 uw: -4.166886674402341E-002  5.896862595742139E-002
 vw: -4.184617675740965E-002  4.336588585505753E-002
 sst:   300.000000000000        300.000000000000     
 ===========================
 total water budget:
 before (mm):         53.22124409541
 after (mm):          53.22134609572
 evaporation (mm):     0.00023423204
 precipitation (mm):   0.00013223172
 large-scale (mm):     0.00000000000
 Imbalance (mm)       0.00000000000
 evap (mm/day):  0.674588275042218     
 prec (mm/day):  0.380827357720797     
 ls (mm/day):  0.000000000000000E+000
 imbalance (mm/day) -3.225388706118437E-012
  imbalance (rel error):  0.000000000000000E+000
 ===========================
NSTEP =        413   NCYCLE=  2  CFL_adv= 0.436  CFL_sgs= 0.090
NSTEP =        414   NCYCLE=  2  CFL_adv= 0.445  CFL_sgs= 0.108
 Let's do some shortwave
 Range of zenith angles  0.732661695834013       0.732661695834013     
 Range of surface albedo (asdir)  3.383449086658900E-002  3.383449086658900E-002
 Range of surface albedo (aldir)  3.383449086658900E-002  3.383449086658900E-002
 Range of surface albedo (asdif)  6.000000000000000E-002  6.000000000000000E-002
 Range of surface albedo (aldif)  6.000000000000000E-002  6.000000000000000E-002
 radiation: perpetual sun, solin=   310.282739095404     
 longwave radiation is called
NSTEP =        415   NCYCLE=  2  CFL_adv= 0.442  CFL_sgs= 0.106
 Collecting statistics...
 name QCSTRG is missing in "lst" file.
NSTEP =        416   NCYCLE=  2  CFL_adv= 0.449  CFL_sgs= 0.105
 DAY =   0.144444444444444     
 NSTEP=         416
 div:  2.021426258924464E-016 -1.958413592749284E-016
 SST=   300.000000000000     
 surface pressure=   1014.80000000000     
 u:  -10.0378793421567        9.55686398584080     
 v:  -10.2318842909786        10.7897093232253     
 w:  -3.17453769833431        2.97680267896830     
 p:  -19.4706783765515        15.4694057409757     
 t:   298.086227952020        473.374000913415     
 tabs:   200.659593393516        301.575728659524     
 qv:  1.333764991286700E-049  2.006461984528110E-002
 tke:  0.000000000000000E+000   6.15327733119071     
 tk:  0.000000000000000E+000   47.7809136076267     
 tkh:  0.000000000000000E+000   47.7809136076267     
 qcl:  0.000000000000000E+000  7.736728228666969E-005
 qci:  0.000000000000000E+000  7.006531795349522E-003
 qpl:  0.000000000000000E+000  3.357560694513400E-004
 qpi:  0.000000000000000E+000  0.000000000000000E+000
 qrad(K/day):  -58.0819931286195        80.9887284943302     
 shf:  -5.83439845955585        14.6256210557813     
 lhf:   11.2368329935746        167.411130974059     
 uw: -4.473975938227336E-002  5.716647282999692E-002
 vw: -4.104668125239569E-002  4.355649176939966E-002
 sst:   300.000000000000        300.000000000000     
 ===========================
 total water budget:
 before (mm):         53.22163868491
 after (mm):          53.22173146506
 evaporation (mm):     0.00023363016
 precipitation (mm):   0.00014085001
 large-scale (mm):     0.00000000000
 Imbalance (mm)       0.00000000000
 evap (mm/day):  0.672854870395838     
 prec (mm/day):  0.405648033454237     
 ls (mm/day):  0.000000000000000E+000
 imbalance (mm/day)  5.878734998798763E-012
  imbalance (rel error):  1.335061292071103E-016
 ===========================
NSTEP =        417   NCYCLE=  2  CFL_adv= 0.452  CFL_sgs= 0.104
NSTEP =        418   NCYCLE=  2  CFL_adv= 0.448  CFL_sgs= 0.103
NSTEP =        419   NCYCLE=  2  CFL_adv= 0.437  CFL_sgs= 0.082
 Collecting statistics...
 name QCSTRG is missing in "lst" file.
 Writting statistics:nstatsteps=          15
 --------------- ISCCP Simulator Diagnostics: -----------------
 ISCCP PDF:
            0.0       0.3       1.3       3.6       9.4      23.0      60.0
    0.     0.031     0.023     0.015     0.007     0.005     0.006     0.057
  180.     0.000     0.000     0.000     0.001     0.001     0.001     0.000
  310.     0.000     0.000     0.000     0.000     0.000     0.000     0.000
  440.     0.000     0.000     0.000     0.000     0.000     0.000     0.000
  560.     0.000     0.000     0.000     0.000     0.000     0.000     0.000
  680.     0.000     0.000     0.000     0.000     0.000     0.000     0.000
  800.     0.000     0.000     0.000     0.000     0.000     0.000     0.000
 low cld area (tau > 0.3)=  0.000000000000000E+000
 mid cld area (tau > 0.3)=  0.000000000000000E+000
 hgh cld area (tau > 0.3)=  0.115789794921875     
 total cld area (tau > 0.3)=  0.115789794921875     
 mean albedo cld (tau > 0.3)   0.616661245863986     
 mean tau cld (tau > 0.3)    14.5307692901988     
 mean top pressure (tau > 0.3)   122.657974328187     
 mean brightness temp (tau > 0.3)   239.377320304402     
 mean clearsky brightness temp (tau > 0.3)   295.094750460739     
 --------------- MODIS Simulator Diagnostics: -----------------
 MODIS PDF:
                      0.3       1.3       3.6       9.4      23.0      60.0
    0.               0.023     0.015     0.008     0.006     0.006     0.057
  180.               0.000     0.000     0.000     0.000     0.000     0.000
  310.               0.000     0.000     0.000     0.000     0.000     0.000
  440.               0.000     0.000     0.000     0.000     0.000     0.000
  560.               0.000     0.000     0.000     0.000     0.000     0.000
  680.               0.000     0.000     0.000     0.000     0.000     0.000
  800.               0.000     0.000     0.000     0.000     0.000     0.000
 low cld area =  0.000000000000000E+000
 mid cld area =  0.000000000000000E+000
 hgh cld area =  0.115518188476563     
 total cld area =  0.115518188476563     
 mean tau cld    125.296231924356     
 mean top pressure    123.566942126751     
 total cld area (liquid) =  0.000000000000000E+000
 total cld area (ice) =  0.115518188476563     
 mean tau (liquid) =  -1.00000000000000     
 mean tau (ice) =   125.296231924356     
 mean lwp (g/m2) =  -1.00000000000000     
 mean iwp (g/m2) =   2587.29974102438     
 mean reff (liquid)  =  -1.00000000000000     
 mean reff (ice)  =   34.1734159323299     
 --------------- MISR Simulator Diagnostics: -----------------
 MISR PDF:
            0.0       0.3       1.3       3.6       9.4      23.0      60.0
 99.00     0.000     0.000     0.000     0.000     0.000     0.000     0.000
 17.00     0.000     0.000     0.003     0.002     0.002     0.002     0.040
 15.00     0.000     0.011     0.009     0.004     0.004     0.004     0.017
 13.00     0.000     0.003     0.000     0.000     0.000     0.000     0.000
 11.00     0.000     0.003     0.003     0.001     0.000     0.000     0.000
  9.00     0.000     0.000     0.000     0.000     0.000     0.000     0.000
  7.00     0.000     0.000     0.000     0.000     0.000     0.000     0.000
  5.00     0.000     0.000     0.000     0.000     0.000     0.000     0.000
  4.00     0.000     0.000     0.000     0.000     0.000     0.000     0.000
  3.00     0.000     0.000     0.000     0.000     0.000     0.000     0.000
  2.50     0.000     0.000     0.000     0.000     0.000     0.000     0.000
  2.00     0.000     0.000     0.000     0.000     0.000     0.000     0.000
  1.50     0.000     0.000     0.000     0.000     0.000     0.000     0.000
  1.00     0.000     0.000     0.000     0.000     0.000     0.000     0.000
  0.50     0.000     0.000     0.000     0.000     0.000     0.000     0.000
  0.00     0.004     0.006     0.000     0.000     0.000     0.000     0.000
 total cld area =  0.109032185872396     
 mean top height (m)   14591.1607755595     
 Writting history file 
 rcemip300sst_160_MaxIce20_std2                                                 
  
NSTEP =        420   NCYCLE=  2  CFL_adv= 0.436  CFL_sgs= 0.081
 DAY =   0.145833333333333     
 NSTEP=         420
 div:  1.920182646849740E-016 -1.819135683007317E-016
 SST=   300.000000000000     
 surface pressure=   1014.80000000000     
 u:  -9.59780714044196        9.46304435867668     
 v:  -9.83178637970193        9.52441824972662     
 w:  -3.33202367999778        2.97730331699086     
 p:  -18.6694091668825        15.3445501386964     
 t:   298.115354859830        473.376588656373     
 tabs:   200.637627034840        301.521635289506     
 qv:  1.728486005007175E-049  2.007603918102402E-002
 tke:  0.000000000000000E+000   3.64459298140984     
 tk:  0.000000000000000E+000   39.7886418946242     
 tkh:  0.000000000000000E+000   39.7886418946242     
 qcl:  0.000000000000000E+000  1.536196651272635E-004
 qci:  0.000000000000000E+000  6.987854091394072E-003
 qpl:  0.000000000000000E+000  3.325630857873411E-004
 qpi:  0.000000000000000E+000  0.000000000000000E+000
 qrad(K/day):  -58.0819931286195        80.9887284943302     
 shf:  -5.58196034474655        14.9892506306516     
 lhf:   13.8937571814734        158.463928048042     
 uw: -3.916385507225641E-002  5.225055708667265E-002
 vw: -4.440243246746839E-002  4.328623343203378E-002
 sst:   300.000000000000        300.000000000000     
 ===========================
 total water budget:
 before (mm):         53.22199743372
 after (mm):          53.22208233987
 evaporation (mm):     0.00023297252
 precipitation (mm):   0.00014806638
 large-scale (mm):     0.00000000000
 Imbalance (mm)       0.00000000000
 evap (mm/day):  0.670960853638647     
 prec (mm/day):  0.426431164251062     
 ls (mm/day):  0.000000000000000E+000
 imbalance (mm/day)  1.724870246633259E-012
  imbalance (rel error):  0.000000000000000E+000
 ===========================
CPU TIME =     258.8482 OVER     0.50 MODEL HOURS
 Let's do some shortwave
 Range of zenith angles  0.732661695834013       0.732661695834013     
 Range of surface albedo (asdir)  3.383449086658900E-002  3.383449086658900E-002
 Range of surface albedo (aldir)  3.383449086658900E-002  3.383449086658900E-002
 Range of surface albedo (asdif)  6.000000000000000E-002  6.000000000000000E-002
 Range of surface albedo (aldif)  6.000000000000000E-002  6.000000000000000E-002
 radiation: perpetual sun, solin=   310.282739093993     
 longwave radiation is called
NSTEP =        421   NCYCLE=  2  CFL_adv= 0.432  CFL_sgs= 0.080
NSTEP =        422   NCYCLE=  2  CFL_adv= 0.439  CFL_sgs= 0.079
NSTEP =        423   NCYCLE=  2  CFL_adv= 0.439  CFL_sgs= 0.078
 Collecting statistics...
 name QCSTRG is missing in "lst" file.
NSTEP =        424   NCYCLE=  2  CFL_adv= 0.432  CFL_sgs= 0.078
 DAY =   0.147222222222222     
 NSTEP=         424
 div:  1.802928754249385E-016 -1.594555516212101E-016
 SST=   300.000000000000     
 surface pressure=   1014.80000000000     
 u:  -9.15077563293061        9.92713487987047     
 v:  -10.2985569495612        11.0236124362355     
 w:  -3.29388693070580        2.66306991978740     
 p:  -17.9703671892362        15.3313184661632     
 t:   298.161225611381        473.379995906004     
 tabs:   200.685914990016        301.472310195224     
 qv:  2.120901745010671E-049  2.008711109543854E-002
 tke:  0.000000000000000E+000   3.50328877077974     
 tk:  0.000000000000000E+000   44.6461549133264     
 tkh:  0.000000000000000E+000   44.6461549133264     
 qcl:  0.000000000000000E+000  1.331321882103066E-004
 qci:  0.000000000000000E+000  6.957262328260410E-003
 qpl:  0.000000000000000E+000  3.308830018288858E-004
 qpi:  0.000000000000000E+000  0.000000000000000E+000
 qrad(K/day):  -68.0080567689561        79.1655854333255     
 shf:  -5.34777140790050        14.8099999726444     
 lhf:   13.9372679154110        152.071198485346     
 uw: -3.866513915295035E-002  4.822117127348863E-002
 vw: -4.624451009299213E-002  4.231858872090041E-002
 sst:   300.000000000000        300.000000000000     
 ===========================
 total water budget:
 before (mm):         53.22232618848
 after (mm):          53.22240400997
 evaporation (mm):     0.00023226343
 precipitation (mm):   0.00015444194
 large-scale (mm):     0.00000000000
 Imbalance (mm)       0.00000000000
 evap (mm/day):  0.668918679377910     
 prec (mm/day):  0.444792773237004     
 ls (mm/day):  0.000000000000000E+000
 imbalance (mm/day)  4.311941428913890E-012
  imbalance (rel error):  0.000000000000000E+000
 ===========================
NSTEP =        425   NCYCLE=  2  CFL_adv= 0.430  CFL_sgs= 0.078
NSTEP =        426   NCYCLE=  2  CFL_adv= 0.432  CFL_sgs= 0.077
 Let's do some shortwave
 Range of zenith angles  0.732661695834013       0.732661695834013     
 Range of surface albedo (asdir)  3.383449086658900E-002  3.383449086658900E-002
 Range of surface albedo (aldir)  3.383449086658900E-002  3.383449086658900E-002
 Range of surface albedo (asdif)  6.000000000000000E-002  6.000000000000000E-002
 Range of surface albedo (aldif)  6.000000000000000E-002  6.000000000000000E-002
 radiation: perpetual sun, solin=   310.282739090614     
 longwave radiation is called
NSTEP =        427   NCYCLE=  2  CFL_adv= 0.426  CFL_sgs= 0.077
 Collecting statistics...
 name QCSTRG is missing in "lst" file.
NSTEP =        428   NCYCLE=  2  CFL_adv= 0.432  CFL_sgs= 0.076
 DAY =   0.148611111111111     
 NSTEP=         428
 div:  1.524049568635969E-016 -1.505927538518473E-016
 SST=   300.000000000000     
 surface pressure=   1014.80000000000     
 u:  -9.37150110278734        9.39042093742552     
 v:  -10.8462229341010        10.9099369659997     
 w:  -3.54110155972015        2.62782846631371     
 p:  -17.9140159398114        14.6337520111908     
 t:   298.192744537306        473.379857688569     
 tabs:   200.706725221063        301.400370809731     
 qv:  2.471254076289292E-049  2.008156168204499E-002
 tke:  0.000000000000000E+000   3.59646025461772     
 tk:  0.000000000000000E+000   43.0894436529941     
 tkh:  0.000000000000000E+000   43.0894436529941     
 qcl:  0.000000000000000E+000  7.311114690514645E-005
 qci:  0.000000000000000E+000  6.920484114669557E-003
 qpl:  0.000000000000000E+000  3.087280230655954E-004
 qpi:  0.000000000000000E+000  0.000000000000000E+000
 qrad(K/day):  -59.4913627488056        75.5218285134258     
 shf:  -5.11798932438221        13.9353178430584     
 lhf:   14.2910600164525        152.449857401062     
 uw: -3.359664423824889E-002  4.654677027467342E-002
 vw: -4.497153672041034E-002  3.757544130118871E-002
 sst:   300.000000000000        300.000000000000     
 ===========================
 total water budget:
 before (mm):         53.22262791220
 after (mm):          53.22269953787
 evaporation (mm):     0.00023151057
 precipitation (mm):   0.00015988490
 large-scale (mm):     0.00000000000
 Imbalance (mm)       0.00000000000
 evap (mm/day):  0.666750436052865     
 prec (mm/day):  0.460468498192329     
 ls (mm/day):  0.000000000000000E+000
 imbalance (mm/day)  5.654679849365074E-011
  imbalance (rel error):  4.005111025537980E-016
 ===========================
NSTEP =        429   NCYCLE=  2  CFL_adv= 0.450  CFL_sgs= 0.076
NSTEP =        430   NCYCLE=  2  CFL_adv= 0.449  CFL_sgs= 0.075
NSTEP =        431   NCYCLE=  2  CFL_adv= 0.451  CFL_sgs= 0.075
 Collecting statistics...
 name QCSTRG is missing in "lst" file.
NSTEP =        432   NCYCLE=  2  CFL_adv= 0.448  CFL_sgs= 0.069
 DAY =   0.150000000000000     
 NSTEP=         432
 div:  1.608293057760581E-016 -1.613829692961689E-016
 SST=   300.000000000000     
 surface pressure=   1014.80000000000     
 u:  -9.59534246967028        8.96424268822740     
 v:  -11.0981013314132        11.3767163418102     
 w:  -3.36175325030034        2.79240314862385     
 p:  -18.6162038594935        14.3022319917084     
 t:   298.244160572699        473.379993834610     
 tabs:   200.703828650292        301.436339004783     
 qv:  3.512948540959246E-049  2.007010890131935E-002
 tke:  0.000000000000000E+000   10.6683358693403     
 tk:  0.000000000000000E+000   61.8482576558533     
 tkh:  0.000000000000000E+000   61.8482576558533     
 qcl:  0.000000000000000E+000  5.796254009073245E-005
 qci:  0.000000000000000E+000  6.851670941031503E-003
 qpl:  0.000000000000000E+000  3.275353174410755E-004
 qpi:  0.000000000000000E+000  0.000000000000000E+000
 qrad(K/day):  -59.4913627488056        75.5218285134258     
 shf:  -5.80858557266506        13.0487761185506     
 lhf:   14.2984866445419        148.159098153137     
 uw: -3.218981436023837E-002  4.067726176404445E-002
 vw: -4.095527237435150E-002  3.586395034107216E-002
 sst:   300.000000000000        300.000000000000     
 ===========================
 total water budget:
 before (mm):         53.22290589832
 after (mm):          53.22297187318
 evaporation (mm):     0.00023072393
 precipitation (mm):   0.00016474907
 large-scale (mm):     0.00000000000
 Imbalance (mm)       0.00000000000
 evap (mm/day):  0.664484921505704     
 prec (mm/day):  0.474477326592300     
 ls (mm/day):  0.000000000000000E+000
 imbalance (mm/day)  4.057379432431674E-012
  imbalance (rel error):  1.335030177294810E-016
 ===========================
 Let's do some shortwave
 Range of zenith angles  0.732661695834013       0.732661695834013     
 Range of surface albedo (asdir)  3.383449086658900E-002  3.383449086658900E-002
 Range of surface albedo (aldir)  3.383449086658900E-002  3.383449086658900E-002
 Range of surface albedo (asdif)  6.000000000000000E-002  6.000000000000000E-002
 Range of surface albedo (aldif)  6.000000000000000E-002  6.000000000000000E-002
 radiation: perpetual sun, solin=   310.282739084585     
 longwave radiation is called
NSTEP =        433   NCYCLE=  2  CFL_adv= 0.452  CFL_sgs= 0.137
NSTEP =        434   NCYCLE=  2  CFL_adv= 0.448  CFL_sgs= 0.135
NSTEP =        435   NCYCLE=  2  CFL_adv= 0.445  CFL_sgs= 0.134
 Collecting statistics...
 name QCSTRG is missing in "lst" file.
NSTEP =        436   NCYCLE=  2  CFL_adv= 0.438  CFL_sgs= 0.134
 DAY =   0.151388888888889     
 NSTEP=         436
 div:  1.492302809052101E-016 -1.159374222443612E-016
 SST=   300.000000000000     
 surface pressure=   1014.80000000000     
 u:  -8.75420108830094        9.30949772036968     
 v:  -10.3418083355246        9.98589413666009     
 w:  -2.76416813202517        2.79443893630305     
 p:  -17.8935464305605        14.0298180348659     
 t:   298.316031965643        473.377040820338     
 tabs:   200.777574042138        301.502625716215     
 qv:  4.970140841113352E-049  2.008459086351154E-002
 tke:  0.000000000000000E+000   10.1245409361368     
 tk:  0.000000000000000E+000   53.3398353938168     
 tkh:  0.000000000000000E+000   53.3398353938168     
 qcl:  0.000000000000000E+000  6.930423701620575E-005
 qci:  0.000000000000000E+000  6.811724507008111E-003
 qpl:  0.000000000000000E+000  3.258441852086702E-004
 qpi:  0.000000000000000E+000  0.000000000000000E+000
 qrad(K/day):  -59.3516264802927        74.2086821314135     
 shf:  -6.39188528891339        12.2219859267307     
 lhf:   14.3574474568387        142.790040400465     
 uw: -3.094912408456208E-002  3.766354615611602E-002
 vw: -3.651585432487144E-002  3.247244177089791E-002
 sst:   300.000000000000        300.000000000000     
 ===========================
 total water budget:
 before (mm):         53.22316143734
 after (mm):          53.22322189421
 evaporation (mm):     0.00022990493
 precipitation (mm):   0.00016944806
 large-scale (mm):     0.00000000000
 Imbalance (mm)      -0.00000000000
 evap (mm/day):  0.662126208837641     
 prec (mm/day):  0.488010415198726     
 ls (mm/day):  0.000000000000000E+000
 imbalance (mm/day) -5.041670206318294E-011
  imbalance (rel error): -4.005071717599438E-016
 ===========================
NSTEP =        437   NCYCLE=  2  CFL_adv= 0.432  CFL_sgs= 0.133
NSTEP =        438   NCYCLE=  2  CFL_adv= 0.428  CFL_sgs= 0.132
 Let's do some shortwave
 Range of zenith angles  0.732661695834013       0.732661695834013     
 Range of surface albedo (asdir)  3.383449086658900E-002  3.383449086658900E-002
 Range of surface albedo (aldir)  3.383449086658900E-002  3.383449086658900E-002
 Range of surface albedo (asdif)  6.000000000000000E-002  6.000000000000000E-002
 Range of surface albedo (aldif)  6.000000000000000E-002  6.000000000000000E-002
 radiation: perpetual sun, solin=   310.282739076106     
 longwave radiation is called
NSTEP =        439   NCYCLE=  2  CFL_adv= 0.431  CFL_sgs= 0.132
 Collecting statistics...
 name QCSTRG is missing in "lst" file.
NSTEP =        440   NCYCLE=  2  CFL_adv= 0.448  CFL_sgs= 0.131
 DAY =   0.152777777777778     
 NSTEP=         440
 div:  1.913097856282914E-016 -1.350918156779572E-016
 SST=   300.000000000000     
 surface pressure=   1014.80000000000     
 u:  -9.87516734823530        9.99229919289291     
 v:  -10.6179333826539        9.87945805390392     
 w:  -2.99842021183985        3.01235322425955     
 p:  -18.4765959405854        13.7581397361143     
 t:   298.317510723578        473.377348433449     
 tabs:   200.937959662611        301.721766978400     
 qv:  5.740292341066270E-049  2.009857583167816E-002
 tke:  0.000000000000000E+000   9.72056590458377     
 tk:  0.000000000000000E+000   59.3164994520802     
 tkh:  0.000000000000000E+000   59.3164994520802     
 qcl:  0.000000000000000E+000  9.082479728143100E-005
 qci:  0.000000000000000E+000  6.742229725824116E-003
 qpl:  0.000000000000000E+000  3.385319308510117E-004
 qpi:  0.000000000000000E+000  0.000000000000000E+000
 qrad(K/day):  -61.7718752386068        76.8426967399782     
 shf:  -6.20250107119184        11.4831393008774     
 lhf:   14.4537311365405        139.345216131973     
 uw: -2.923104449565838E-002  3.763680022535185E-002
 vw: -3.315832449658099E-002  3.065706840814688E-002
 sst:   300.000000000000        300.000000000000     
 ===========================
 total water budget:
 before (mm):         53.22339557323
 after (mm):          53.22345104905
 evaporation (mm):     0.00022906771
 precipitation (mm):   0.00017359188
 large-scale (mm):     0.00000000000
 Imbalance (mm)       0.00000000000
 evap (mm/day):  0.659714994708480     
 prec (mm/day):  0.499944619752232     
 ls (mm/day):  0.000000000000000E+000
 imbalance (mm/day)  4.226743954838241E-011
  imbalance (rel error):  2.670036315778389E-016
 ===========================
NSTEP =        441   NCYCLE=  2  CFL_adv= 0.462  CFL_sgs= 0.130
NSTEP =        442   NCYCLE=  2  CFL_adv= 0.467  CFL_sgs= 0.129
NSTEP =        443   NCYCLE=  2  CFL_adv= 0.464  CFL_sgs= 0.129
 Collecting statistics...
 name QCSTRG is missing in "lst" file.
NSTEP =        444   NCYCLE=  2  CFL_adv= 0.455  CFL_sgs= 0.128
 DAY =   0.154166666666667     
 NSTEP=         444
 div:  1.514666419647237E-016 -1.228893105091553E-016
 SST=   300.000000000000     
 surface pressure=   1014.80000000000     
 u:  -10.0444482998013        9.00495928854619     
 v:  -10.2149240976961        10.3986872207248     
 w:  -2.98682745348212        3.04279668793518     
 p:  -17.9414229577817        13.2820407000841     
 t:   298.331696914547        473.377360670851     
 tabs:   200.918228923776        301.789926993242     
 qv:  6.116884331808081E-049  2.010541542734396E-002
 tke:  0.000000000000000E+000   4.26856797422647     
 tk:  0.000000000000000E+000   47.3654529169550     
 tkh:  0.000000000000000E+000   47.3654529169550     
 qcl:  0.000000000000000E+000  1.014003004109820E-004
 qci:  0.000000000000000E+000  6.670322884054962E-003
 qpl:  0.000000000000000E+000  3.854501336522675E-004
 qpi:  0.000000000000000E+000  0.000000000000000E+000
 qrad(K/day):  -61.7718752386068        76.8426967399782     
 shf:  -6.51997942701609        11.1916206928096     
 lhf:   14.4701912295846        136.722336375644     
 uw: -2.974823152428836E-002  3.798971882138120E-002
 vw: -3.353569846269176E-002  2.964160298013379E-002
 sst:   300.000000000000        300.000000000000     
 ===========================
 total water budget:
 before (mm):         53.22361070016
 after (mm):          53.22366170540
 evaporation (mm):     0.00022822317
 precipitation (mm):   0.00017721793
 large-scale (mm):     0.00000000000
 Imbalance (mm)       0.00000000000
 evap (mm/day):  0.657282726762709     
 prec (mm/day):  0.510387629775784     
 ls (mm/day):  0.000000000000000E+000
 imbalance (mm/day)  1.327157134189960E-011
  imbalance (rel error):  0.000000000000000E+000
 ===========================
 Let's do some shortwave
 Range of zenith angles  0.732661695834013       0.732661695834013     
 Range of surface albedo (asdir)  3.383449086658900E-002  3.383449086658900E-002
 Range of surface albedo (aldir)  3.383449086658900E-002  3.383449086658900E-002
 Range of surface albedo (asdif)  6.000000000000000E-002  6.000000000000000E-002
 Range of surface albedo (aldif)  6.000000000000000E-002  6.000000000000000E-002
 radiation: perpetual sun, solin=   310.282739065821     
 longwave radiation is called
NSTEP =        445   NCYCLE=  2  CFL_adv= 0.446  CFL_sgs= 0.086
NSTEP =        446   NCYCLE=  2  CFL_adv= 0.460  CFL_sgs= 0.085
NSTEP =        447   NCYCLE=  2  CFL_adv= 0.470  CFL_sgs= 0.084
 Collecting statistics...
 name QCSTRG is missing in "lst" file.
NSTEP =        448   NCYCLE=  2  CFL_adv= 0.470  CFL_sgs= 0.083
 DAY =   0.155555555555556     
 NSTEP=         448
 div:  1.963667297147089E-016 -1.147463280686674E-016
 SST=   300.000000000000     
 surface pressure=   1014.80000000000     
 u:  -11.9842070587833        9.17708242494829     
 v:  -10.8749569031771        11.8450309489602     
 w:  -3.26955890849058        2.90413212717276     
 p:  -17.5757116294273        13.0176308094365     
 t:   298.287282068342        473.377425971988     
 tabs:   200.779076234750        301.759605292237     
 qv:  6.819445859220229E-049  2.009445397079166E-002
 tke:  0.000000000000000E+000   3.80259663310412     
 tk:  0.000000000000000E+000   46.2468145766974     
 tkh:  0.000000000000000E+000   46.2468145766974     
 qcl:  0.000000000000000E+000  1.281083684901260E-004
 qci:  0.000000000000000E+000  6.636233761217901E-003
 qpl:  0.000000000000000E+000  4.044540976274964E-004
 qpi:  0.000000000000000E+000  0.000000000000000E+000
 qrad(K/day):  -69.8711897893416        78.9821077893137     
 shf:  -6.40435817293591        10.6800886531255     
 lhf:   14.5637964323978        130.094381158962     
 uw: -2.783222413779819E-002  3.846326906024772E-002
 vw: -2.996937505275096E-002  3.011075749597845E-002
 sst:   300.000000000000        300.000000000000     
 ===========================
 total water budget:
 before (mm):         53.22380815676
 after (mm):          53.22385482554
 evaporation (mm):     0.00022738967
 precipitation (mm):   0.00018072089
 large-scale (mm):     0.00000000000
 Imbalance (mm)       0.00000000000
 evap (mm/day):  0.654882261318370     
 prec (mm/day):  0.520476165387058     
 ls (mm/day):  0.000000000000000E+000
 imbalance (mm/day)  2.914504575179944E-011
  imbalance (rel error):  2.670016059863196E-016
 ===========================
NSTEP =        449   NCYCLE=  3  CFL_adv= 0.321  CFL_sgs= 0.054
NSTEP =        450   NCYCLE=  2  CFL_adv= 0.469  CFL_sgs= 0.083
 Let's do some shortwave
 Range of zenith angles  0.732661695834013       0.732661695834013     
 Range of surface albedo (asdir)  3.383449086658900E-002  3.383449086658900E-002
 Range of surface albedo (aldir)  3.383449086658900E-002  3.383449086658900E-002
 Range of surface albedo (asdif)  6.000000000000000E-002  6.000000000000000E-002
 Range of surface albedo (aldif)  6.000000000000000E-002  6.000000000000000E-002
 radiation: perpetual sun, solin=   310.282739054080     
 longwave radiation is called
NSTEP =        451   NCYCLE=  2  CFL_adv= 0.458  CFL_sgs= 0.078
 Collecting statistics...
 name QCSTRG is missing in "lst" file.
NSTEP =        452   NCYCLE=  2  CFL_adv= 0.450  CFL_sgs= 0.082
 DAY =   0.156944444444444     
 NSTEP=         452
 div:  1.439914689618295E-016 -1.232654971585968E-016
 SST=   300.000000000000     
 surface pressure=   1014.80000000000     
 u:  -10.5282521163067        9.97680046841370     
 v:  -10.2824054964543        11.5881895103456     
 w:  -3.39606701269967        3.52087495859682     
 p:  -17.0920113799191        13.7431897933682     
 t:   298.305494553697        473.375938882414     
 tabs:   200.786372881575        301.728332248043     
 qv:  8.342059008736594E-049  2.010737479692905E-002
 tke:  0.000000000000000E+000   4.33853733431055     
 tk:  0.000000000000000E+000   48.0295585300347     
 tkh:  0.000000000000000E+000   48.0295585300347     
 qcl:  0.000000000000000E+000  1.601814206341937E-004
 qci:  0.000000000000000E+000  6.594751792756820E-003
 qpl:  0.000000000000000E+000  4.312731509943828E-004
 qpi:  0.000000000000000E+000  0.000000000000000E+000
 qrad(K/day):  -73.9233491863827        76.2973194662608     
 shf:  -5.89882325132757        10.0285584149012     
 lhf:   14.6383063609298        125.608443605524     
 uw: -2.677032968135767E-002  3.838282807991591E-002
 vw: -2.932949026823175E-002  3.084382546359623E-002
 sst:   300.000000000000        300.000000000000     
 ===========================
 total water budget:
 before (mm):         53.22398837277
 after (mm):          53.22403107947
 evaporation (mm):     0.00022656084
 precipitation (mm):   0.00018385415
 large-scale (mm):     0.00000000000
 Imbalance (mm)      -0.00000000000
 evap (mm/day):  0.652495232816790     
 prec (mm/day):  0.529499940832638     
 ls (mm/day):  0.000000000000000E+000
 imbalance (mm/day) -3.481519759984675E-011
  imbalance (rel error): -2.670007217977130E-016
 ===========================
NSTEP =        453   NCYCLE=  2  CFL_adv= 0.461  CFL_sgs= 0.087
NSTEP =        454   NCYCLE=  2  CFL_adv= 0.451  CFL_sgs= 0.086
NSTEP =        455   NCYCLE=  2  CFL_adv= 0.470  CFL_sgs= 0.085
 Collecting statistics...
 name QCSTRG is missing in "lst" file.
NSTEP =        456   NCYCLE=  2  CFL_adv= 0.476  CFL_sgs= 0.084
 DAY =   0.158333333333333     
 NSTEP=         456
 div:  1.837057231920344E-016 -1.163409687720589E-016
 SST=   300.000000000000     
 surface pressure=   1014.80000000000     
 u:  -11.7635594380733        10.2223178323378     
 v:  -10.9651583065532        12.5798450052252     
 w:  -3.33592643937411        3.90557256985070     
 p:  -16.4539976881033        13.7823133222534     
 t:   298.370314597458        473.374731154020     
 tabs:   200.817066707865        301.681487655390     
 qv:  1.049306871534590E-048  2.012274245641036E-002
 tke:  0.000000000000000E+000   4.58140393733133     
 tk:  0.000000000000000E+000   53.5105359796749     
 tkh:  0.000000000000000E+000   53.5105359796749     
 qcl:  0.000000000000000E+000  1.653672766315148E-004
 qci:  0.000000000000000E+000  6.515472309455333E-003
 qpl:  0.000000000000000E+000  4.548047463803096E-004
 qpi:  0.000000000000000E+000  0.000000000000000E+000
 qrad(K/day):  -73.9233491863827        76.2973194662608     
 shf:  -5.68155099575429        9.69999939831875     
 lhf:   14.4973086065780        116.670796994387     
 uw: -2.710923847327745E-002  3.490459183508965E-002
 vw: -2.875896521389666E-002  2.913726001226910E-002
 sst:   300.000000000000        300.000000000000     
 ===========================
 total water budget:
 before (mm):         53.22415405149
 after (mm):          53.22419359090
 evaporation (mm):     0.00022573700
 precipitation (mm):   0.00018619759
 large-scale (mm):     0.00000000000
 Imbalance (mm)       0.00000000000
 evap (mm/day):  0.650122569793297     
 prec (mm/day):  0.536249062736343     
 ls (mm/day):  0.000000000000000E+000
 imbalance (mm/day)  1.614091672819118E-011
  imbalance (rel error):  1.334999532771886E-016
 ===========================
 Let's do some shortwave
 Range of zenith angles  0.732661695834013       0.732661695834013     
 Range of surface albedo (asdir)  3.383449086658900E-002  3.383449086658900E-002
 Range of surface albedo (aldir)  3.383449086658900E-002  3.383449086658900E-002
 Range of surface albedo (asdif)  6.000000000000000E-002  6.000000000000000E-002
 Range of surface albedo (aldif)  6.000000000000000E-002  6.000000000000000E-002
 radiation: perpetual sun, solin=   310.282739041023     
 longwave radiation is called
NSTEP =        457   NCYCLE=  2  CFL_adv= 0.474  CFL_sgs= 0.076
NSTEP =        458   NCYCLE=  2  CFL_adv= 0.468  CFL_sgs= 0.074
NSTEP =        459   NCYCLE=  3  CFL_adv= 0.319  CFL_sgs= 0.069
 Collecting statistics...
 name QCSTRG is missing in "lst" file.
NSTEP =        460   NCYCLE=  3  CFL_adv= 0.323  CFL_sgs= 0.074
 DAY =   0.159722222222222     
 NSTEP=         460
 div:  1.060199999876776E-016 -9.800887615145995E-017
 SST=   300.000000000000     
 surface pressure=   1014.80000000000     
 u:  -10.2548885412196        10.4200261331368     
 v:  -11.7362730861318        12.7682842493463     
 w:  -3.68173113486330        3.32737377727998     
 p:  -16.0148676222414        14.4572107005068     
 t:   298.411682340212        473.375068670505     
 tabs:   200.804083581121        301.571869340043     
 qv:  1.232967596205470E-048  2.013709562761315E-002
 tke:  0.000000000000000E+000   6.01060758246129     
 tk:  0.000000000000000E+000   59.1223407355209     
 tkh:  0.000000000000000E+000   59.1223407355209     
 qcl:  0.000000000000000E+000  1.511472272650955E-004
 qci:  0.000000000000000E+000  6.472415507102471E-003
 qpl:  0.000000000000000E+000  4.798302204645522E-004
 qpi:  0.000000000000000E+000  0.000000000000000E+000
 qrad(K/day):  -71.8614192678670        75.4493107871540     
 shf:  -5.71405952502209        9.45244928303081     
 lhf:   14.2291384569842        110.983371825387     
 uw: -2.873444595819987E-002  3.450128680774176E-002
 vw: -2.833529472584225E-002  2.870929175054129E-002
 sst:   300.000000000000        300.000000000000     
 ===========================
 total water budget:
 before (mm):         53.22430911750
 after (mm):          53.22434626207
 evaporation (mm):     0.00022488770
 precipitation (mm):   0.00018774312
 large-scale (mm):     0.00000000000
 Imbalance (mm)      -0.00000000000
 evap (mm/day):  0.647676571784999     
 prec (mm/day):  0.540700195774919     
 ls (mm/day):  0.000000000000000E+000
 imbalance (mm/day) -2.084551281589242E-011
  imbalance (rel error): -1.334995703397523E-016
 ===========================
NSTEP =        461   NCYCLE=  3  CFL_adv= 0.319  CFL_sgs= 0.066
NSTEP =        462   NCYCLE=  2  CFL_adv= 0.473  CFL_sgs= 0.106
 Let's do some shortwave
 Range of zenith angles  0.732661695834013       0.732661695834013     
 Range of surface albedo (asdir)  3.383449086658900E-002  3.383449086658900E-002
 Range of surface albedo (aldir)  3.383449086658900E-002  3.383449086658900E-002
 Range of surface albedo (asdif)  6.000000000000000E-002  6.000000000000000E-002
 Range of surface albedo (aldif)  6.000000000000000E-002  6.000000000000000E-002
 radiation: perpetual sun, solin=   310.282739027522     
 longwave radiation is called
NSTEP =        463   NCYCLE=  3  CFL_adv= 0.319  CFL_sgs= 0.070
 Collecting statistics...
 name QCSTRG is missing in "lst" file.
NSTEP =        464   NCYCLE=  2  CFL_adv= 0.476  CFL_sgs= 0.103
 DAY =   0.161111111111111     
 NSTEP=         464
 div:  2.448649876551810E-016 -1.357644510923111E-016
 SST=   300.000000000000     
 surface pressure=   1014.80000000000     
 u:  -10.0581397725143        10.6317526256685     
 v:  -11.0617617841418        12.7295318759083     
 w:  -4.48010803659202        3.27208740455107     
 p:  -15.9094491877982        14.2648914738600     
 t:   298.482630065557        473.376930751537     
 tabs:   200.800605805688        301.442067612820     
 qv:  1.327592682772984E-048  2.011112362987615E-002
 tke:  0.000000000000000E+000   5.97566132702100     
 tk:  0.000000000000000E+000   49.6276915405416     
 tkh:  0.000000000000000E+000   49.6276915405416     
 qcl:  0.000000000000000E+000  1.510106485347317E-004
 qci:  0.000000000000000E+000  6.429489250268869E-003
 qpl:  0.000000000000000E+000  5.740967035025486E-004
 qpi:  0.000000000000000E+000  0.000000000000000E+000
 qrad(K/day):  -67.1050925080277        76.9122077472209     
 shf:  -5.51634451021742        8.97755603924009     
 lhf:   14.4862794089648        112.340883975123     
 uw: -2.877682819023369E-002  3.094190577292560E-002
 vw: -2.721175387600787E-002  2.885741840843784E-002
 sst:   300.000000000000        300.000000000000     
 ===========================
 total water budget:
 before (mm):         53.22445308959
 after (mm):          53.22448751501
 evaporation (mm):     0.00022407587
 precipitation (mm):   0.00018965044
 large-scale (mm):     0.00000000000
 Imbalance (mm)       0.00000000000
 evap (mm/day):  0.645338507782753     
 prec (mm/day):  0.546193277477644     
 ls (mm/day):  0.000000000000000E+000
 imbalance (mm/day)  1.682810141234725E-011
  imbalance (rel error):  0.000000000000000E+000
 ===========================
NSTEP =        465   NCYCLE=  3  CFL_adv= 0.323  CFL_sgs= 0.067
NSTEP =        466   NCYCLE=  2  CFL_adv= 0.460  CFL_sgs= 0.099
NSTEP =        467   NCYCLE=  2  CFL_adv= 0.455  CFL_sgs= 0.098
 Collecting statistics...
 name QCSTRG is missing in "lst" file.
NSTEP =        468   NCYCLE=  2  CFL_adv= 0.459  CFL_sgs= 0.097
 DAY =   0.162500000000000     
 NSTEP=         468
 div:  1.827822798337891E-016 -1.630869278032128E-016
 SST=   300.000000000000     
 surface pressure=   1014.80000000000     
 u:  -8.91762698991710        11.2143145794213     
 v:  -11.0645631904829        12.0019214293119     
 w:  -4.01925560197455        3.49539705615335     
 p:  -15.5350120939065        14.1393503624288     
 t:   298.493760950618        473.381354613294     
 tabs:   200.947852857505        301.354292525029     
 qv:  1.350664847179105E-048  2.012575515054989E-002
 tke:  0.000000000000000E+000   7.00083477985250     
 tk:  0.000000000000000E+000   66.1477266231260     
 tkh:  0.000000000000000E+000   66.1477266231260     
 qcl:  0.000000000000000E+000  1.594453373449734E-004
 qci:  0.000000000000000E+000  6.378736847169935E-003
 qpl:  0.000000000000000E+000  5.165559456108181E-004
 qpi:  0.000000000000000E+000  0.000000000000000E+000
 qrad(K/day):  -67.1050925080277        76.9122077472209     
 shf:  -5.17848861755549        8.49862250845790     
 lhf:   14.4260644053522        108.426899990443     
 uw: -3.338222441603261E-002  2.977893598937915E-002
 vw: -2.760898753023217E-002  2.640022817079767E-002
 sst:   300.000000000000        300.000000000000     
 ===========================
 total water budget:
 before (mm):         53.22458717494
 after (mm):          53.22461981190
 evaporation (mm):     0.00022323645
 precipitation (mm):   0.00019059949
 large-scale (mm):     0.00000000000
 Imbalance (mm)      -0.00000000000
 evap (mm/day):  0.642920985518778     
 prec (mm/day):  0.548926544101229     
 ls (mm/day):  0.000000000000000E+000
 imbalance (mm/day) -1.355579710982102E-011
  imbalance (rel error): -1.334988842139699E-016
 ===========================
 Let's do some shortwave
 Range of zenith angles  0.732661695834013       0.732661695834013     
 Range of surface albedo (asdir)  3.383449086658900E-002  3.383449086658900E-002
 Range of surface albedo (aldir)  3.383449086658900E-002  3.383449086658900E-002
 Range of surface albedo (asdif)  6.000000000000000E-002  6.000000000000000E-002
 Range of surface albedo (aldif)  6.000000000000000E-002  6.000000000000000E-002
 radiation: perpetual sun, solin=   310.282739013220     
 longwave radiation is called
NSTEP =        469   NCYCLE=  2  CFL_adv= 0.467  CFL_sgs= 0.096
NSTEP =        470   NCYCLE=  2  CFL_adv= 0.453  CFL_sgs= 0.095
NSTEP =        471   NCYCLE=  2  CFL_adv= 0.462  CFL_sgs= 0.118
 Collecting statistics...
 name QCSTRG is missing in "lst" file.
NSTEP =        472   NCYCLE=  3  CFL_adv= 0.324  CFL_sgs= 0.077
 DAY =   0.163888888888889     
 NSTEP=         472
 div:  1.494213398980544E-016 -1.446771991846236E-016
 SST=   300.000000000000     
 surface pressure=   1014.80000000000     
 u:  -8.67813792274807        10.6608233874138     
 v:  -12.3868348778342        11.6183281957789     
 w:  -4.39316964227173        3.93461308651380     
 p:  -15.4876119470397        14.2732101960571     
 t:   298.489154210926        473.386163000282     
 tabs:   200.796504819393        301.232039400330     
 qv:  1.606107910852444E-048  2.014159694610076E-002
 tke:  0.000000000000000E+000   7.23859913964283     
 tk:  0.000000000000000E+000   46.4919960259011     
 tkh:  0.000000000000000E+000   46.4919960259011     
 qcl:  0.000000000000000E+000  1.664593638419773E-004
 qci:  0.000000000000000E+000  6.360374207382506E-003
 qpl:  0.000000000000000E+000  4.740121506776912E-004
 qpi:  0.000000000000000E+000  0.000000000000000E+000
 qrad(K/day):  -67.3615268805061        74.1650663279703     
 shf:  -4.73768545158022        7.90202870881522     
 lhf:   14.2828662812207        109.683583219167     
 uw: -3.185655024191922E-002  2.788981666553544E-002
 vw: -2.619263541527055E-002  2.623177661887864E-002
 sst:   300.000000000000        300.000000000000     
 ===========================
 total water budget:
 before (mm):         53.22471595750
 after (mm):          53.22474638674
 evaporation (mm):     0.00022236867
 precipitation (mm):   0.00019193943
 large-scale (mm):     0.00000000000
 Imbalance (mm)       0.00000000000
 evap (mm/day):  0.640421765625341     
 prec (mm/day):  0.552785545799340     
 ls (mm/day):  0.000000000000000E+000
 imbalance (mm/day) -1.411652045257838E-011
  imbalance (rel error):  0.000000000000000E+000
 ===========================
NSTEP =        473   NCYCLE=  3  CFL_adv= 0.347  CFL_sgs= 0.075
NSTEP =        474   NCYCLE=  3  CFL_adv= 0.322  CFL_sgs= 0.074
 Let's do some shortwave
 Range of zenith angles  0.732661695834013       0.732661695834013     
 Range of surface albedo (asdir)  3.383449086658900E-002  3.383449086658900E-002
 Range of surface albedo (aldir)  3.383449086658900E-002  3.383449086658900E-002
 Range of surface albedo (asdif)  6.000000000000000E-002  6.000000000000000E-002
 Range of surface albedo (aldif)  6.000000000000000E-002  6.000000000000000E-002
 radiation: perpetual sun, solin=   310.282738999939     
 longwave radiation is called
NSTEP =        475   NCYCLE=  2  CFL_adv= 0.473  CFL_sgs= 0.111
 Collecting statistics...
 name QCSTRG is missing in "lst" file.
NSTEP =        476   NCYCLE=  2  CFL_adv= 0.468  CFL_sgs= 0.111
 DAY =   0.165277777777778     
 NSTEP=         476
 div:  2.036298068036760E-016 -1.636241890361551E-016
 SST=   300.000000000000     
 surface pressure=   1014.80000000000     
 u:  -8.69317713944894        10.0168484297024     
 v:  -11.0472573767732        11.1500391942227     
 w:  -4.78532069514282        3.38319238023049     
 p:  -15.7664635996549        15.4043696404640     
 t:   298.487503623136        473.390106074345     
 tabs:   200.738004804529        301.240625107950     
 qv:  2.636967527399794E-048  2.011164361054529E-002
 tke:  0.000000000000000E+000   7.00881346553116     
 tk:  0.000000000000000E+000   46.8527556925266     
 tkh:  0.000000000000000E+000   46.8527556925266     
 qcl:  0.000000000000000E+000  1.340471007653985E-004
 qci:  0.000000000000000E+000  6.304373238152583E-003
 qpl:  0.000000000000000E+000  5.532124367319304E-004
 qpi:  0.000000000000000E+000  0.000000000000000E+000
 qrad(K/day):  -66.2368118669335        74.5708963067532     
 shf:  -4.29091830905838        7.37788847514804     
 lhf:   14.4911932592657        106.811343275611     
 uw: -3.409360282386502E-002  2.740302223040707E-002
 vw: -2.531274753316741E-002  2.438674319809412E-002
 sst:   300.000000000000        300.000000000000     
 ===========================
 total water budget:
 before (mm):         53.22483531064
 after (mm):          53.22486499938
 evaporation (mm):     0.00022153289
 precipitation (mm):   0.00019184415
 large-scale (mm):     0.00000000000
 Imbalance (mm)       0.00000000000
 evap (mm/day):  0.638014722757916     
 prec (mm/day):  0.552511157327635     
 ls (mm/day):  0.000000000000000E+000
 imbalance (mm/day) -1.727368248438665E-012
  imbalance (rel error):  0.000000000000000E+000
 ===========================
NSTEP =        477   NCYCLE=  3  CFL_adv= 0.342  CFL_sgs= 0.074
NSTEP =        478   NCYCLE=  3  CFL_adv= 0.361  CFL_sgs= 0.077
NSTEP =        479   NCYCLE=  3  CFL_adv= 0.366  CFL_sgs= 0.073
 Collecting statistics...
 name QCSTRG is missing in "lst" file.
 Writting statistics:nstatsteps=          15
 --------------- ISCCP Simulator Diagnostics: -----------------
 ISCCP PDF:
            0.0       0.3       1.3       3.6       9.4      23.0      60.0
    0.     0.049     0.031     0.013     0.007     0.006     0.007     0.058
  180.     0.000     0.000     0.001     0.002     0.002     0.002     0.000
  310.     0.000     0.000     0.000     0.000     0.000     0.000     0.000
  440.     0.000     0.000     0.000     0.000     0.000     0.000     0.000
  560.     0.000     0.000     0.000     0.000     0.000     0.000     0.000
  680.     0.000     0.000     0.000     0.000     0.000     0.000     0.000
  800.     0.000     0.000     0.000     0.000     0.000     0.000     0.000
 low cld area (tau > 0.3)=  0.000000000000000E+000
 mid cld area (tau > 0.3)=  0.000000000000000E+000
 hgh cld area (tau > 0.3)=  0.129304365678267     
 total cld area (tau > 0.3)=  0.129304365678267     
 mean albedo cld (tau > 0.3)   0.591368507657080     
 mean tau cld (tau > 0.3)    12.9110544918708     
 mean top pressure (tau > 0.3)   128.967981732904     
 mean brightness temp (tau > 0.3)   241.919640775726     
 mean clearsky brightness temp (tau > 0.3)   295.067443544767     
 --------------- MODIS Simulator Diagnostics: -----------------
 MODIS PDF:
                      0.3       1.3       3.6       9.4      23.0      60.0
    0.               0.030     0.013     0.009     0.007     0.009     0.059
  180.               0.001     0.001     0.000     0.000     0.000     0.000
  310.               0.000     0.000     0.000     0.000     0.000     0.000
  440.               0.000     0.000     0.000     0.000     0.000     0.000
  560.               0.000     0.000     0.000     0.000     0.000     0.000
  680.               0.000     0.000     0.000     0.000     0.000     0.000
  800.               0.000     0.000     0.000     0.000     0.000     0.000
 low cld area =  0.000000000000000E+000
 mid cld area =  0.000000000000000E+000
 hgh cld area =  0.128937692353220     
 total cld area =  0.128937692353220     
 mean tau cld    98.0498391866694     
 mean top pressure    130.063849673586     
 total cld area (liquid) =  0.000000000000000E+000
 total cld area (ice) =  0.128937692353220     
 mean tau (liquid) =  -1.00000000000000     
 mean tau (ice) =   98.0498391866693     
 mean lwp (g/m2) =  -1.00000000000000     
 mean iwp (g/m2) =   1914.81705641643     
 mean reff (liquid)  =  -1.00000000000000     
 mean reff (ice)  =   33.5815036350793     
 --------------- MISR Simulator Diagnostics: -----------------
 MISR PDF:
            0.0       0.3       1.3       3.6       9.4      23.0      60.0
 99.00     0.000     0.000     0.000     0.000     0.000     0.000     0.000
 17.00     0.000     0.000     0.000     0.000     0.000     0.000     0.015
 15.00     0.000     0.006     0.011     0.008     0.007     0.009     0.044
 13.00     0.000     0.011     0.000     0.000     0.000     0.000     0.000
 11.00     0.000     0.003     0.002     0.001     0.000     0.000     0.000
  9.00     0.000     0.000     0.000     0.000     0.000     0.000     0.000
  7.00     0.000     0.000     0.000     0.000     0.000     0.000     0.000
  5.00     0.000     0.000     0.000     0.000     0.000     0.000     0.000
  4.00     0.000     0.000     0.000     0.000     0.000     0.000     0.000
  3.00     0.000     0.000     0.000     0.000     0.000     0.000     0.000
  2.50     0.000     0.000     0.000     0.000     0.000     0.000     0.000
  2.00     0.000     0.000     0.000     0.000     0.000     0.000     0.000
  1.50     0.000     0.000     0.000     0.000     0.000     0.000     0.000
  1.00     0.000     0.000     0.000     0.000     0.000     0.000     0.000
  0.50     0.000     0.000     0.000     0.000     0.000     0.000     0.000
  0.00     0.006     0.010     0.000     0.000     0.000     0.000     0.000
 total cld area =  0.119353230794271     
 mean top height (m)   14230.7259388188     
 Writting history file 
 rcemip300sst_160_MaxIce20_std2                                                 
  
 Writting 2D data. file:./OUT_2D/bubble_rcemip300sst_160_MaxIce20_std2_64.2Dbin 
                                                                 
 Writting 3D data. file:./OUT_3D/bubble_rcemip300sst_160_MaxIce20_std2_64_000000
 0480.bin3D                                                      
NSTEP =        480   NCYCLE=  3  CFL_adv= 0.356  CFL_sgs= 0.074
 DAY =   0.166666666666667     
 NSTEP=         480
 div:  1.498237307840035E-016 -1.422674832285920E-016
 SST=   300.000000000000     
 surface pressure=   1014.80000000000     
 u:  -9.72710763645670        9.64787400454950     
 v:  -12.7887142757521        11.5231428044399     
 w:  -4.67295713425999        3.34736047439868     
 p:  -16.0808123101133        16.7808940305359     
 t:   298.502104109597        473.392157249554     
 tabs:   200.817318231117        301.228400723455     
 qv:  3.153099186281398E-048  2.011962454994141E-002
 tke:  0.000000000000000E+000   8.48276431868460     
 tk:  0.000000000000000E+000   63.6975428191254     
 tkh:  0.000000000000000E+000   63.6975428191254     
 qcl:  0.000000000000000E+000  1.525468779691067E-004
 qci:  0.000000000000000E+000  6.241557919274982E-003
 qpl:  0.000000000000000E+000  6.183790027531926E-004
 qpi:  0.000000000000000E+000  0.000000000000000E+000
 qrad(K/day):  -66.2368118669335        74.5708963067532     
 shf:  -3.78087665667286        7.18406798443876     
 lhf:   14.3843350448907        102.442508461018     
 uw: -3.054557947475600E-002  2.497567096254999E-002
 vw: -2.337309195737076E-002  2.358465120017569E-002
 sst:   300.000000000000        300.000000000000     
 ===========================
 total water budget:
 before (mm):         53.22495376457
 after (mm):          53.22498403076
 evaporation (mm):     0.00022065099
 precipitation (mm):   0.00019038480
 large-scale (mm):     0.00000000000
 Imbalance (mm)      -0.00000000000
 evap (mm/day):  0.635474858291332     
 prec (mm/day):  0.548308227392185     
 ls (mm/day):  0.000000000000000E+000
 imbalance (mm/day) -5.017759645287168E-011
  imbalance (rel error): -2.669959413606953E-016
 ===========================
CPU TIME =     201.7216 OVER     0.50 MODEL HOURS
 Let's do some shortwave
 Range of zenith angles  0.732661695834013       0.732661695834013     
 Range of surface albedo (asdir)  3.383449086658900E-002  3.383449086658900E-002
 Range of surface albedo (aldir)  3.383449086658900E-002  3.383449086658900E-002
 Range of surface albedo (asdif)  6.000000000000000E-002  6.000000000000000E-002
 Range of surface albedo (aldif)  6.000000000000000E-002  6.000000000000000E-002
 radiation: perpetual sun, solin=   310.282738987972     
 longwave radiation is called
NSTEP =        481   NCYCLE=  3  CFL_adv= 0.330  CFL_sgs= 0.081
NSTEP =        482   NCYCLE=  3  CFL_adv= 0.320  CFL_sgs= 0.071
NSTEP =        483   NCYCLE=  2  CFL_adv= 0.474  CFL_sgs= 0.116
 Collecting statistics...
 name QCSTRG is missing in "lst" file.
NSTEP =        484   NCYCLE=  3  CFL_adv= 0.320  CFL_sgs= 0.076
 DAY =   0.168055555555556     
 NSTEP=         484
 div:  1.807458569818518E-016 -1.859374247446348E-016
 SST=   300.000000000000     
 surface pressure=   1014.80000000000     
 u:  -8.76144821866357        9.56517551930111     
 v:  -14.0927032831143        10.9460927481481     
 w:  -4.07791868128435        3.21645011723870     
 p:  -15.4264499737826        18.3000844808751     
 t:   298.537931518060        473.391885233537     
 tabs:   200.920413051866        301.220878158783     
 qv:  3.335701408378300E-048  2.013443432135889E-002
 tke:  0.000000000000000E+000   6.99494007897298     
 tk:  0.000000000000000E+000   50.4114034469945     
 tkh:  0.000000000000000E+000   50.4114034469945     
 qcl:  0.000000000000000E+000  1.620440597814859E-004
 qci:  0.000000000000000E+000  6.166513255276285E-003
 qpl:  0.000000000000000E+000  5.542763636796688E-004
 qpi:  0.000000000000000E+000  0.000000000000000E+000
 qrad(K/day):  -65.1925762034892        73.8438851796592     
 shf:  -3.52080741014378        6.82464740648988     
 lhf:   14.4116503880685        99.2442914287230     
 uw: -2.948051425583503E-002  2.525335773851283E-002
 vw: -2.262277831030531E-002  2.366744531618519E-002
 sst:   300.000000000000        300.000000000000     
 ===========================
 total water budget:
 before (mm):         53.22507894732
 after (mm):          53.22511137491
 evaporation (mm):     0.00021977506
 precipitation (mm):   0.00018734747
 large-scale (mm):     0.00000000000
 Imbalance (mm)      -0.00000000000
 evap (mm/day):  0.632952177376609     
 prec (mm/day):  0.539560715736204     
 ls (mm/day):  0.000000000000000E+000
 imbalance (mm/day) -4.649452697846890E-011
  imbalance (rel error): -2.669953025575157E-016
 ===========================
NSTEP =        485   NCYCLE=  3  CFL_adv= 0.327  CFL_sgs= 0.074
NSTEP =        486   NCYCLE=  2  CFL_adv= 0.473  CFL_sgs= 0.108
 Let's do some shortwave
 Range of zenith angles  0.732661695834013       0.732661695834013     
 Range of surface albedo (asdir)  3.383449086658900E-002  3.383449086658900E-002
 Range of surface albedo (aldir)  3.383449086658900E-002  3.383449086658900E-002
 Range of surface albedo (asdif)  6.000000000000000E-002  6.000000000000000E-002
 Range of surface albedo (aldif)  6.000000000000000E-002  6.000000000000000E-002
 radiation: perpetual sun, solin=   310.282738976682     
 longwave radiation is called
NSTEP =        487   NCYCLE=  2  CFL_adv= 0.461  CFL_sgs= 0.106
 Collecting statistics...
 name QCSTRG is missing in "lst" file.
NSTEP =        488   NCYCLE=  2  CFL_adv= 0.456  CFL_sgs= 0.104
 DAY =   0.169444444444444     
 NSTEP=         488
 div:  2.611918720048951E-016 -2.458688015400314E-016
 SST=   300.000000000000     
 surface pressure=   1014.80000000000     
 u:  -9.34229626118841        8.68435105197056     
 v:  -14.4604610008020        11.0894019717468     
 w:  -3.78328329141529        3.07674349454998     
 p:  -15.5187199828906        19.8197691673425     
 t:   298.516114343499        473.391831713917     
 tabs:   200.950076512462        301.210511943105     
 qv:  3.617290250464813E-048  2.011561523346765E-002
 tke:  0.000000000000000E+000   6.80202148225927     
 tk:  0.000000000000000E+000   54.0518230237058     
 tkh:  0.000000000000000E+000   54.0518230237058     
 qcl:  0.000000000000000E+000  1.301145883218818E-004
 qci:  0.000000000000000E+000  6.138994263834264E-003
 qpl:  0.000000000000000E+000  4.732399296542238E-004
 qpi:  0.000000000000000E+000  0.000000000000000E+000
 qrad(K/day):  -62.2070331451815        73.9747921018299     
 shf:  -3.46977137683150        6.55880284641243     
 lhf:   14.1553588601601        95.6172819219590     
 uw: -2.553018151389341E-002  2.439475849187349E-002
 vw: -2.197355975149946E-002  2.289721646877424E-002
 sst:   300.000000000000        300.000000000000     
 ===========================
 total water budget:
 before (mm):         53.22521117034
 after (mm):          53.22524608087
 evaporation (mm):     0.00021890929
 precipitation (mm):   0.00018399876
 large-scale (mm):     0.00000000000
 Imbalance (mm)      -0.00000000000
 evap (mm/day):  0.630458765601638     
 prec (mm/day):  0.529916440563804     
 ls (mm/day):  0.000000000000000E+000
 imbalance (mm/day) -1.612756803104354E-011
  imbalance (rel error): -1.334973134141007E-016
 ===========================
NSTEP =        489   NCYCLE=  3  CFL_adv= 0.328  CFL_sgs= 0.073
NSTEP =        490   NCYCLE=  3  CFL_adv= 0.319  CFL_sgs= 0.067
NSTEP =        491   NCYCLE=  3  CFL_adv= 0.336  CFL_sgs= 0.073
 Collecting statistics...
 name QCSTRG is missing in "lst" file.
NSTEP =        492   NCYCLE=  3  CFL_adv= 0.350  CFL_sgs= 0.071
 DAY =   0.170833333333333     
 NSTEP=         492
 div:  1.835118694657905E-016 -1.966688884083451E-016
 SST=   300.000000000000     
 surface pressure=   1014.80000000000     
 u:  -8.91672755026882        10.3981524750057     
 v:  -11.1790821850387        12.0915514067981     
 w:  -3.63398658673404        3.72496736432512     
 p:  -16.5656529711313        21.2760581626421     
 t:   298.441420887100        473.392359214369     
 tabs:   200.964894745211        301.196734519155     
 qv:  3.911728575028161E-048  2.012135766548025E-002
 tke:  0.000000000000000E+000   6.70051714639998     
 tk:  0.000000000000000E+000   46.9706132428880     
 tkh:  0.000000000000000E+000   46.9706132428880     
 qcl:  0.000000000000000E+000  1.664040037876650E-004
 qci:  0.000000000000000E+000  6.115809578221608E-003
 qpl:  0.000000000000000E+000  5.245577507872296E-004
 qpi:  0.000000000000000E+000  0.000000000000000E+000
 qrad(K/day):  -62.2070331451815        73.9747921018299     
 shf:  -3.50589627933872        6.61582357427942     
 lhf:   13.9329220586014        95.5419509966501     
 uw: -2.426148488400967E-002  2.266669983503089E-002
 vw: -2.113746295496150E-002  2.189979857047146E-002
 sst:   300.000000000000        300.000000000000     
 ===========================
 total water budget:
 before (mm):         53.22535284485
 after (mm):          53.22538861967
 evaporation (mm):     0.00021800099
 precipitation (mm):   0.00018222617
 large-scale (mm):     0.00000000000
 Imbalance (mm)       0.00000000000
 evap (mm/day):  0.627842842040991     
 prec (mm/day):  0.524811370265269     
 ls (mm/day):  0.000000000000000E+000
 imbalance (mm/day)  1.884352049397187E-011
  imbalance (rel error):  1.334969559052836E-016
 ===========================
 Let's do some shortwave
 Range of zenith angles  0.732661695834013       0.732661695834013     
 Range of surface albedo (asdir)  3.383449086658900E-002  3.383449086658900E-002
 Range of surface albedo (aldir)  3.383449086658900E-002  3.383449086658900E-002
 Range of surface albedo (asdif)  6.000000000000000E-002  6.000000000000000E-002
 Range of surface albedo (aldif)  6.000000000000000E-002  6.000000000000000E-002
 radiation: perpetual sun, solin=   310.282738967646     
 longwave radiation is called
NSTEP =        493   NCYCLE=  3  CFL_adv= 0.357  CFL_sgs= 0.072
NSTEP =        494   NCYCLE=  3  CFL_adv= 0.353  CFL_sgs= 0.068
NSTEP =        495   NCYCLE=  3  CFL_adv= 0.351  CFL_sgs= 0.070
 Collecting statistics...
 name QCSTRG is missing in "lst" file.
NSTEP =        496   NCYCLE=  3  CFL_adv= 0.343  CFL_sgs= 0.066
 DAY =   0.172222222222222     
 NSTEP=         496
 div:  2.428379673963059E-016 -1.988193782323758E-016
 SST=   300.000000000000     
 surface pressure=   1014.80000000000     
 u:  -9.35385851690391        8.24355069385000     
 v:  -11.9042748670550        11.3032028922173     
 w:  -3.65009196158367        3.74579321366580     
 p:  -17.2330659043053        22.2199592985153     
 t:   298.430264448617        473.395063844374     
 tabs:   200.817859953992        301.188705318078     
 qv:  4.158503856534598E-048  2.013410509214312E-002
 tke:  0.000000000000000E+000   5.71694041171283     
 tk:  0.000000000000000E+000   54.8950522019233     
 tkh:  0.000000000000000E+000   54.8950522019233     
 qcl:  0.000000000000000E+000  1.655727781630493E-004
 qci:  0.000000000000000E+000  6.043974856996701E-003
 qpl:  0.000000000000000E+000  4.904733998676782E-004
 qpi:  0.000000000000000E+000  0.000000000000000E+000
 qrad(K/day):  -64.4078083058711        72.7845304009224     
 shf:  -3.52290849844979        6.62232477236629     
 lhf:   13.8061535231311        94.9790981126223     
 uw: -2.121317197497711E-002  2.165514114446230E-002
 vw: -1.998236804148202E-002  2.135874597867808E-002
 sst:   300.000000000000        300.000000000000     
 ===========================
 total water budget:
 before (mm):         53.22549632894
 after (mm):          53.22553228909
 evaporation (mm):     0.00021711061
 precipitation (mm):   0.00018115047
 large-scale (mm):     0.00000000000
 Imbalance (mm)       0.00000000000
 evap (mm/day):  0.625278567597967     
 prec (mm/day):  0.521713340503759     
 ls (mm/day):  0.000000000000000E+000
 imbalance (mm/day) -3.040458509961930E-012
  imbalance (rel error):  0.000000000000000E+000
 ===========================
NSTEP =        497   NCYCLE=  3  CFL_adv= 0.334  CFL_sgs= 0.065
NSTEP =        498   NCYCLE=  3  CFL_adv= 0.335  CFL_sgs= 0.064
 Let's do some shortwave
 Range of zenith angles  0.732661695834013       0.732661695834013     
 Range of surface albedo (asdir)  3.383449086658900E-002  3.383449086658900E-002
 Range of surface albedo (aldir)  3.383449086658900E-002  3.383449086658900E-002
 Range of surface albedo (asdif)  6.000000000000000E-002  6.000000000000000E-002
 Range of surface albedo (aldif)  6.000000000000000E-002  6.000000000000000E-002
 radiation: perpetual sun, solin=   310.282738960240     
 longwave radiation is called
NSTEP =        499   NCYCLE=  3  CFL_adv= 0.329  CFL_sgs= 0.064
 Collecting statistics...
 name QCSTRG is missing in "lst" file.
NSTEP =        500   NCYCLE=  2  CFL_adv= 0.475  CFL_sgs= 0.095
 DAY =   0.173611111111111     
 NSTEP=         500
 div:  3.782032812537592E-016 -3.410027243975185E-016
 SST=   300.000000000000     
 surface pressure=   1014.80000000000     
 u:  -9.35917819141363        9.19257926825307     
 v:  -10.8925388539995        12.0446351704695     
 w:  -3.86289447852302        3.79252166822186     
 p:  -17.5285641174510        22.5458983165013     
 t:   298.366659472799        473.397744758515     
 tabs:   200.778122297771        301.180263831556     
 qv:  4.444219466027331E-048  2.012977135840797E-002
 tke:  0.000000000000000E+000   5.19756722188238     
 tk:  0.000000000000000E+000   56.9954341476270     
 tkh:  0.000000000000000E+000   56.9954341476270     
 qcl:  0.000000000000000E+000  1.459310047342852E-004
 qci:  0.000000000000000E+000  6.030381569625117E-003
 qpl:  0.000000000000000E+000  4.986386470587226E-004
 qpi:  0.000000000000000E+000  0.000000000000000E+000
 qrad(K/day):  -62.5708972378933        73.1843520299109     
 shf:  -3.52760890482623        7.09443057172239     
 lhf:   13.5568951770902        93.8512661571823     
 uw: -2.026312099185064E-002  2.168833888592131E-002
 vw: -1.799384787708124E-002  1.966527906293682E-002
 sst:   300.000000000000        300.000000000000     
 ===========================
 total water budget:
 before (mm):         53.22564095839
 after (mm):          53.22567822758
 evaporation (mm):     0.00021623474
 precipitation (mm):   0.00017896555
 large-scale (mm):     0.00000000000
 Imbalance (mm)       0.00000000000
 evap (mm/day):  0.622756062394849     
 prec (mm/day):  0.515420788405588     
 ls (mm/day):  0.000000000000000E+000
 imbalance (mm/day)  1.208267860763890E-011
  imbalance (rel error):  0.000000000000000E+000
 ===========================
NSTEP =        501   NCYCLE=  2  CFL_adv= 0.464  CFL_sgs= 0.095
NSTEP =        502   NCYCLE=  2  CFL_adv= 0.448  CFL_sgs= 0.095
NSTEP =        503   NCYCLE=  2  CFL_adv= 0.439  CFL_sgs= 0.102
 Collecting statistics...
 name QCSTRG is missing in "lst" file.
NSTEP =        504   NCYCLE=  2  CFL_adv= 0.436  CFL_sgs= 0.101
 DAY =   0.175000000000000     
 NSTEP=         504
 div:  2.979455456143747E-016 -2.767746122901312E-016
 SST=   300.000000000000     
 surface pressure=   1014.80000000000     
 u:  -8.48038802121292        8.97351766671785     
 v:  -11.1972639119474        11.3415572334416     
 w:  -3.91603079570534        3.22530678668997     
 p:  -17.4751436402769        22.2796496286637     
 t:   298.312448129928        473.399961401966     
 tabs:   200.784467169647        301.167302589979     
 qv:  4.914843210714871E-048  2.012820721406388E-002
 tke:  0.000000000000000E+000   5.65890930548300     
 tk:  0.000000000000000E+000   51.5268062979659     
 tkh:  0.000000000000000E+000   51.5268062979659     
 qcl:  0.000000000000000E+000  1.535104628656870E-004
 qci:  0.000000000000000E+000  6.001600452614820E-003
 qpl:  0.000000000000000E+000  5.405576840777317E-004
 qpi:  0.000000000000000E+000  0.000000000000000E+000
 qrad(K/day):  -62.5708972378933        73.1843520299109     
 shf:  -3.51129073441023        7.11839173505425     
 lhf:   13.4094397999395        91.6314680580778     
 uw: -1.930142847139765E-002  2.050506827174692E-002
 vw: -1.751196007256434E-002  1.901456898417845E-002
 sst:   300.000000000000        300.000000000000     
 ===========================
 total water budget:
 before (mm):         53.22579046266
 after (mm):          53.22582750607
 evaporation (mm):     0.00021532910
 precipitation (mm):   0.00017828569
 large-scale (mm):     0.00000000000
 Imbalance (mm)       0.00000000000
 evap (mm/day):  0.620147821327883     
 prec (mm/day):  0.513462800919074     
 ls (mm/day):  0.000000000000000E+000
 imbalance (mm/day)  3.273646978496636E-011
  imbalance (rel error):  2.669917102478196E-016
 ===========================
 Let's do some shortwave
 Range of zenith angles  0.732661695834013       0.732661695834013     
 Range of surface albedo (asdir)  3.383449086658900E-002  3.383449086658900E-002
 Range of surface albedo (aldir)  3.383449086658900E-002  3.383449086658900E-002
 Range of surface albedo (asdif)  6.000000000000000E-002  6.000000000000000E-002
 Range of surface albedo (aldif)  6.000000000000000E-002  6.000000000000000E-002
 radiation: perpetual sun, solin=   310.282738954691     
 longwave radiation is called
NSTEP =        505   NCYCLE=  2  CFL_adv= 0.441  CFL_sgs= 0.099
NSTEP =        506   NCYCLE=  2  CFL_adv= 0.456  CFL_sgs= 0.098
NSTEP =        507   NCYCLE=  3  CFL_adv= 0.321  CFL_sgs= 0.067
 Collecting statistics...
 name QCSTRG is missing in "lst" file.
NSTEP =        508   NCYCLE=  3  CFL_adv= 0.332  CFL_sgs= 0.065
 DAY =   0.176388888888889     
 NSTEP=         508
 div:  2.159472793391691E-016 -1.876749553562877E-016
 SST=   300.000000000000     
 surface pressure=   1014.80000000000     
 u:  -10.0663523370068        8.86819942030103     
 v:  -10.3980830530398        12.1016701810012     
 w:  -3.87165103692045        3.99058795008342     
 p:  -17.0323240157608        21.4975756974860     
 t:   298.299749908023        473.402358757927     
 tabs:   200.784721072457        301.137871309467     
 qv:  5.785416185896827E-048  2.013989437087337E-002
 tke:  0.000000000000000E+000   5.94267678182933     
 tk:  0.000000000000000E+000   60.9440151995529     
 tkh:  0.000000000000000E+000   60.9440151995529     
 qcl:  0.000000000000000E+000  1.264239866244041E-004
 qci:  0.000000000000000E+000  5.960490074042543E-003
 qpl:  0.000000000000000E+000  5.281674043062531E-004
 qpi:  0.000000000000000E+000  0.000000000000000E+000
 qrad(K/day):  -61.4325509223268        71.0213724829083     
 shf:  -3.43941374024027        6.88017522173549     
 lhf:   13.5587849782673        88.0281398465862     
 uw: -1.750424238857863E-002  1.996406760202349E-002
 vw: -1.722470041225532E-002  1.825874343529804E-002
 sst:   300.000000000000        300.000000000000     
 ===========================
 total water budget:
 before (mm):         53.22593681871
 after (mm):          53.22597220240
 evaporation (mm):     0.00021439579
 precipitation (mm):   0.00017901210
 large-scale (mm):     0.00000000000
 Imbalance (mm)      -0.00000000000
 evap (mm/day):  0.617459882383820     
 prec (mm/day):  0.515554854015880     
 ls (mm/day):  0.000000000000000E+000
 imbalance (mm/day) -2.900664083926863E-011
  imbalance (rel error): -2.669909844232443E-016
 ===========================
NSTEP =        509   NCYCLE=  3  CFL_adv= 0.337  CFL_sgs= 0.067
NSTEP =        510   NCYCLE=  3  CFL_adv= 0.341  CFL_sgs= 0.064
 Let's do some shortwave
 Range of zenith angles  0.732661695834013       0.732661695834013     
 Range of surface albedo (asdir)  3.383449086658900E-002  3.383449086658900E-002
 Range of surface albedo (aldir)  3.383449086658900E-002  3.383449086658900E-002
 Range of surface albedo (asdif)  6.000000000000000E-002  6.000000000000000E-002
 Range of surface albedo (aldif)  6.000000000000000E-002  6.000000000000000E-002
 radiation: perpetual sun, solin=   310.282738951383     
 longwave radiation is called
NSTEP =        511   NCYCLE=  3  CFL_adv= 0.340  CFL_sgs= 0.067
 Collecting statistics...
 name QCSTRG is missing in "lst" file.
NSTEP =        512   NCYCLE=  3  CFL_adv= 0.331  CFL_sgs= 0.063
 DAY =   0.177777777777778     
 NSTEP=         512
 div:  1.877551155549996E-016 -1.897674037326201E-016
 SST=   300.000000000000     
 surface pressure=   1014.80000000000     
 u:  -8.75014986341536        9.53995522785559     
 v:  -11.5922195939024        10.2964598602096     
 w:  -3.58241588284773        4.35153714014228     
 p:  -16.2868678878157        20.4333722952658     
 t:   298.305631251112        473.404090900965     
 tabs:   200.914347019896        301.127535699232     
 qv:  7.410007677999493E-048  2.015224745459271E-002
 tke:  0.000000000000000E+000   5.76672800879852     
 tk:  0.000000000000000E+000   54.6054852787804     
 tkh:  0.000000000000000E+000   54.6054852787804     
 qcl:  0.000000000000000E+000  1.943270364042066E-004
 qci:  0.000000000000000E+000  5.886342883834677E-003
 qpl:  0.000000000000000E+000  5.167786170160958E-004
 qpi:  0.000000000000000E+000  0.000000000000000E+000
 qrad(K/day):  -58.9370221460163        71.5210958325752     
 shf:  -3.33024584255005        6.84476012157572     
 lhf:   13.4835570879827        84.0608895777796     
 uw: -1.701766629904847E-002  1.926610391546283E-002
 vw: -1.654496786976987E-002  1.738309091806887E-002
 sst:   300.000000000000        300.000000000000     
 ===========================
 total water budget:
 before (mm):         53.22607440878
 after (mm):          53.22610770951
 evaporation (mm):     0.00021347603
 precipitation (mm):   0.00018017530
 large-scale (mm):     0.00000000000
 Imbalance (mm)       0.00000000000
 evap (mm/day):  0.614810967637069     
 prec (mm/day):  0.518904871916020     
 ls (mm/day):  0.000000000000000E+000
 imbalance (mm/day)  1.601476763701815E-011
  imbalance (rel error):  1.334951523485483E-016
 ===========================
NSTEP =        513   NCYCLE=  2  CFL_adv= 0.476  CFL_sgs= 0.100
NSTEP =        514   NCYCLE=  2  CFL_adv= 0.475  CFL_sgs= 0.099
NSTEP =        515   NCYCLE=  3  CFL_adv= 0.331  CFL_sgs= 0.065
 Collecting statistics...
 name QCSTRG is missing in "lst" file.
NSTEP =        516   NCYCLE=  3  CFL_adv= 0.339  CFL_sgs= 0.062
 DAY =   0.179166666666667     
 NSTEP=         516
 div:  1.751544939571706E-016 -2.345240847214344E-016
 SST=   300.000000000000     
 surface pressure=   1014.80000000000     
 u:  -9.74166041229608        8.70534715031884     
 v:  -11.9586193722433        11.5428717748347     
 w:  -3.64761736642056        4.15771614103549     
 p:  -15.3330714992213        19.1607124296839     
 t:   298.257070909932        473.406707651272     
 tabs:   200.853737724415        301.115531330877     
 qv:  1.050022226143618E-047  2.016393606338549E-002
 tke:  0.000000000000000E+000   6.21592724773595     
 tk:  0.000000000000000E+000   62.3294034131161     
 tkh:  0.000000000000000E+000   62.3294034131161     
 qcl:  0.000000000000000E+000  2.052075248390708E-004
 qci:  0.000000000000000E+000  5.824697489248968E-003
 qpl:  0.000000000000000E+000  4.601956060796091E-004
 qpi:  0.000000000000000E+000  0.000000000000000E+000
 qrad(K/day):  -58.9370221460163        71.5210958325752     
 shf:  -3.29769948826113        7.02746411228707     
 lhf:   13.1926805697630        81.8741536852430     
 uw: -1.702213588270728E-002  1.760853385496907E-002
 vw: -1.555920187814214E-002  1.672329066763523E-002
 sst:   300.000000000000        300.000000000000     
 ===========================
 total water budget:
 before (mm):         53.22621030806
 after (mm):          53.22624561955
 evaporation (mm):     0.00021255263
 precipitation (mm):   0.00017724114
 large-scale (mm):     0.00000000000
 Imbalance (mm)       0.00000000000
 evap (mm/day):  0.612151569365871     
 prec (mm/day):  0.510454487606620     
 ls (mm/day):  0.000000000000000E+000
 imbalance (mm/day)  1.347570492693517E-011
  imbalance (rel error):  0.000000000000000E+000
 ===========================
 Let's do some shortwave
 Range of zenith angles  0.732661695834013       0.732661695834013     
 Range of surface albedo (asdir)  3.383449086658900E-002  3.383449086658900E-002
 Range of surface albedo (aldir)  3.383449086658900E-002  3.383449086658900E-002
 Range of surface albedo (asdif)  6.000000000000000E-002  6.000000000000000E-002
 Range of surface albedo (aldif)  6.000000000000000E-002  6.000000000000000E-002
 radiation: perpetual sun, solin=   310.282738949863     
 longwave radiation is called
NSTEP =        517   NCYCLE=  3  CFL_adv= 0.337  CFL_sgs= 0.063
NSTEP =        518   NCYCLE=  3  CFL_adv= 0.324  CFL_sgs= 0.062
NSTEP =        519   NCYCLE=  2  CFL_adv= 0.463  CFL_sgs= 0.094
 Collecting statistics...
 name QCSTRG is missing in "lst" file.
NSTEP =        520   NCYCLE=  2  CFL_adv= 0.451  CFL_sgs= 0.093
 DAY =   0.180555555555556     
 NSTEP=         520
 div:  3.082679987736344E-016 -2.989808319735739E-016
 SST=   300.000000000000     
 surface pressure=   1014.80000000000     
 u:  -8.59802789628360        9.89003931179077     
 v:  -11.7136217164687        10.8815123032186     
 w:  -4.41613712638791        3.39961124917063     
 p:  -14.3723980820671        17.7711494244678     
 t:   298.199481349440        473.410830529225     
 tabs:   200.849558715472        301.082025067203     
 qv:  1.410426139549739E-047  2.016078496157299E-002
 tke:  0.000000000000000E+000   5.22220221594359     
 tk:  0.000000000000000E+000   56.7312220850014     
 tkh:  0.000000000000000E+000   56.7312220850014     
 qcl:  0.000000000000000E+000  1.834047128396499E-004
 qci:  0.000000000000000E+000  5.739293258126764E-003
 qpl:  0.000000000000000E+000  4.779914849864331E-004
 qpi:  0.000000000000000E+000  0.000000000000000E+000
 qrad(K/day):  -58.2846315904582        68.6131887135619     
 shf:  -3.22993288368642        7.30490975498552     
 lhf:   13.1551565797320        81.0692566929824     
 uw: -1.605891206548365E-002  1.654517898071320E-002
 vw: -1.508176677214777E-002  1.689108314800586E-002
 sst:   300.000000000000        300.000000000000     
 ===========================
 total water budget:
 before (mm):         53.22635712710
 after (mm):          53.22639580242
 evaporation (mm):     0.00021165651
 precipitation (mm):   0.00017298119
 large-scale (mm):     0.00000000000
 Imbalance (mm)       0.00000000000
 evap (mm/day):  0.609570751585586     
 prec (mm/day):  0.498185841149569     
 ls (mm/day):  0.000000000000000E+000
 imbalance (mm/day)  8.468069995215544E-012
  imbalance (rel error):  0.000000000000000E+000
 ===========================
NSTEP =        521   NCYCLE=  2  CFL_adv= 0.442  CFL_sgs= 0.092
NSTEP =        522   NCYCLE=  2  CFL_adv= 0.447  CFL_sgs= 0.092
 Let's do some shortwave
 Range of zenith angles  0.732661695834013       0.732661695834013     
 Range of surface albedo (asdir)  3.383449086658900E-002  3.383449086658900E-002
 Range of surface albedo (aldir)  3.383449086658900E-002  3.383449086658900E-002
 Range of surface albedo (asdif)  6.000000000000000E-002  6.000000000000000E-002
 Range of surface albedo (aldif)  6.000000000000000E-002  6.000000000000000E-002
 radiation: perpetual sun, solin=   310.282738950034     
 longwave radiation is called
NSTEP =        523   NCYCLE=  2  CFL_adv= 0.464  CFL_sgs= 0.091
 Collecting statistics...
 name QCSTRG is missing in "lst" file.
NSTEP =        524   NCYCLE=  2  CFL_adv= 0.473  CFL_sgs= 0.091
 DAY =   0.181944444444444     
 NSTEP=         524
 div:  2.774483538312434E-016 -2.961861915964537E-016
 SST=   300.000000000000     
 surface pressure=   1014.80000000000     
 u:  -9.15872440280664        9.72051663867691     
 v:  -11.7700783391772        10.7388491277179     
 w:  -4.46080017609280        4.12914998484781     
 p:  -13.5849411044902        16.1562748678616     
 t:   298.204343059841        473.415649167971     
 tabs:   200.900572198860        301.073192226282     
 qv:  1.882780991664196E-047  2.014378078138689E-002
 tke:  0.000000000000000E+000   4.92919444103979     
 tk:  0.000000000000000E+000   47.5979218907900     
 tkh:  0.000000000000000E+000   47.5979218907900     
 qcl:  0.000000000000000E+000  2.294317645538608E-004
 qci:  0.000000000000000E+000  5.636206067488794E-003
 qpl:  0.000000000000000E+000  4.376422768990275E-004
 qpi:  0.000000000000000E+000  0.000000000000000E+000
 qrad(K/day):  -53.2736448584024        67.8545450642219     
 shf:  -3.13641761622362        7.22419021950567     
 lhf:   12.9873280344189        79.9340599203592     
 uw: -1.478667174093085E-002  1.544117673942251E-002
 vw: -1.443044233250989E-002  1.680959365788306E-002
 sst:   300.000000000000        300.000000000000     
 ===========================
 total water budget:
 before (mm):         53.22651258908
 after (mm):          53.22655167623
 evaporation (mm):     0.00021075443
 precipitation (mm):   0.00017166728
 large-scale (mm):     0.00000000000
 Imbalance (mm)       0.00000000000
 evap (mm/day):  0.606972755772865     
 prec (mm/day):  0.494401766904531     
 ls (mm/day):  0.000000000000000E+000
 imbalance (mm/day)  2.184939729144020E-011
  imbalance (rel error):  1.334940388553259E-016
 ===========================
NSTEP =        525   NCYCLE=  3  CFL_adv= 0.320  CFL_sgs= 0.062
NSTEP =        526   NCYCLE=  3  CFL_adv= 0.322  CFL_sgs= 0.065
NSTEP =        527   NCYCLE=  3  CFL_adv= 0.323  CFL_sgs= 0.060
 Collecting statistics...
 name QCSTRG is missing in "lst" file.
NSTEP =        528   NCYCLE=  3  CFL_adv= 0.330  CFL_sgs= 0.064
 DAY =   0.183333333333333     
 NSTEP=         528
 div:  2.315782185215624E-016 -2.057053308053977E-016
 SST=   300.000000000000     
 surface pressure=   1014.80000000000     
 u:  -8.97360667484041        10.9533788881720     
 v:  -12.0443836570615        12.0167982743590     
 w:  -3.55606867176566        3.84206631955161     
 p:  -13.0352394499668        15.6686669700501     
 t:   298.286341153385        473.420092668481     
 tabs:   200.838083608600        301.095181930583     
 qv:  2.684526799682055E-047  2.015504242360755E-002
 tke:  0.000000000000000E+000   5.99554069391864     
 tk:  0.000000000000000E+000   61.2144830387315     
 tkh:  0.000000000000000E+000   61.2144830387315     
 qcl:  0.000000000000000E+000  2.339600929872497E-004
 qci:  0.000000000000000E+000  5.598302622177499E-003
 qpl:  0.000000000000000E+000  4.075103727272355E-004
 qpi:  0.000000000000000E+000  0.000000000000000E+000
 qrad(K/day):  -53.2736448584024        67.8545450642219     
 shf:  -3.02661719502295        6.39986511396196     
 lhf:   12.9385545520062        77.8691394213947     
 uw: -1.541666237302443E-002  1.449701623550144E-002
 vw: -1.388870631436116E-002  1.588704196491073E-002
 sst:   300.000000000000        300.000000000000     
 ===========================
 total water budget:
 before (mm):         53.22667096559
 after (mm):          53.22671117963
 evaporation (mm):     0.00020985155
 precipitation (mm):   0.00016963752
 large-scale (mm):     0.00000000000
 Imbalance (mm)       0.00000000000
 evap (mm/day):  0.604372477369708     
 prec (mm/day):  0.488556051498343     
 ls (mm/day):  0.000000000000000E+000
 imbalance (mm/day)  3.363059830618909E-011
  imbalance (rel error):  1.334936388164515E-016
 ===========================
 Let's do some shortwave
 Range of zenith angles  0.732661695834013       0.732661695834013     
 Range of surface albedo (asdir)  3.383449086658900E-002  3.383449086658900E-002
 Range of surface albedo (aldir)  3.383449086658900E-002  3.383449086658900E-002
 Range of surface albedo (asdif)  6.000000000000000E-002  6.000000000000000E-002
 Range of surface albedo (aldif)  6.000000000000000E-002  6.000000000000000E-002
 radiation: perpetual sun, solin=   310.282738951568     
 longwave radiation is called
NSTEP =        529   NCYCLE=  3  CFL_adv= 0.328  CFL_sgs= 0.060
NSTEP =        530   NCYCLE=  3  CFL_adv= 0.335  CFL_sgs= 0.063
NSTEP =        531   NCYCLE=  3  CFL_adv= 0.343  CFL_sgs= 0.059
 Collecting statistics...
 name QCSTRG is missing in "lst" file.
NSTEP =        532   NCYCLE=  3  CFL_adv= 0.347  CFL_sgs= 0.063
 DAY =   0.184722222222222     
 NSTEP=         532
 div:  1.812310927364678E-016 -1.773926976778395E-016
 SST=   300.000000000000     
 surface pressure=   1014.80000000000     
 u:  -9.07945767502112        10.5512018548125     
 v:  -11.4332098751387        11.1057119729026     
 w:  -3.41607646625713        3.51806775757512     
 p:  -12.7366802079782        15.4504751392826     
 t:   298.259262078678        473.422775801201     
 tabs:   200.938902166918        301.164747510324     
 qv:  3.019166054855837E-047  2.016801897471513E-002
 tke:  0.000000000000000E+000   5.56572876566141     
 tk:  0.000000000000000E+000   58.9794920166186     
 tkh:  0.000000000000000E+000   58.9794920166186     
 qcl:  0.000000000000000E+000  1.728761285161077E-004
 qci:  0.000000000000000E+000  5.551887039068838E-003
 qpl:  0.000000000000000E+000  3.510398414673406E-004
 qpi:  0.000000000000000E+000  0.000000000000000E+000
 qrad(K/day):  -53.4212243966037        69.6793414909743     
 shf:  -2.94436233443933        6.40504010990491     
 lhf:   12.8875680264874        74.6384021862721     
 uw: -1.509836767568581E-002  1.394710999969690E-002
 vw: -1.401402142873700E-002  1.545043515386767E-002
 sst:   300.000000000000        300.000000000000     
 ===========================
 total water budget:
 before (mm):         53.22682993744
 after (mm):          53.22686943552
 evaporation (mm):     0.00020898865
 precipitation (mm):   0.00016949057
 large-scale (mm):     0.00000000000
 Imbalance (mm)       0.00000000000
 evap (mm/day):  0.601887299809007     
 prec (mm/day):  0.488132828335439     
 ls (mm/day):  0.000000000000000E+000
 imbalance (mm/day)  9.820581847730379E-012
  imbalance (rel error):  1.334932419087372E-016
 ===========================
NSTEP =        533   NCYCLE=  3  CFL_adv= 0.346  CFL_sgs= 0.065
NSTEP =        534   NCYCLE=  3  CFL_adv= 0.343  CFL_sgs= 0.063
 Let's do some shortwave
 Range of zenith angles  0.732661695834013       0.732661695834013     
 Range of surface albedo (asdir)  3.383449086658900E-002  3.383449086658900E-002
 Range of surface albedo (aldir)  3.383449086658900E-002  3.383449086658900E-002
 Range of surface albedo (asdif)  6.000000000000000E-002  6.000000000000000E-002
 Range of surface albedo (aldif)  6.000000000000000E-002  6.000000000000000E-002
 radiation: perpetual sun, solin=   310.282738954399     
 longwave radiation is called
NSTEP =        535   NCYCLE=  3  CFL_adv= 0.342  CFL_sgs= 0.063
 Collecting statistics...
 name QCSTRG is missing in "lst" file.
NSTEP =        536   NCYCLE=  3  CFL_adv= 0.352  CFL_sgs= 0.062
 DAY =   0.186111111111111     
 NSTEP=         536
 div:  1.933684866386533E-016 -1.967876462499666E-016
 SST=   300.000000000000     
 surface pressure=   1014.80000000000     
 u:  -10.3871911975387        10.6436925467146     
 v:  -12.0785529138929        11.4197995958491     
 w:  -4.13153355727103        3.90106380319220     
 p:  -13.1567557252447        14.6807865563849     
 t:   298.326956770032        473.423449023410     
 tabs:   200.872029928997        301.194380910957     
 qv:  3.077554912101179E-047  2.018083295848131E-002
 tke:  0.000000000000000E+000   5.73753305106064     
 tk:  0.000000000000000E+000   59.8828703129108     
 tkh:  0.000000000000000E+000   59.8828703129108     
 qcl:  0.000000000000000E+000  1.394498271524565E-004
 qci:  0.000000000000000E+000  5.509856519323973E-003
 qpl:  0.000000000000000E+000  2.964832367798678E-004
 qpi:  0.000000000000000E+000  0.000000000000000E+000
 qrad(K/day):  -57.1455783972126        66.9086698557611     
 shf:  -2.94065477908347        5.93997214030335     
 lhf:   12.8804739179268        73.3232460512729     
 uw: -1.426345430731112E-002  1.334123209481143E-002
 vw: -1.396586089379423E-002  1.515501174112330E-002
 sst:   300.000000000000        300.000000000000     
 ===========================
 total water budget:
 before (mm):         53.22699089301
 after (mm):          53.22703265332
 evaporation (mm):     0.00020814604
 precipitation (mm):   0.00016638573
 large-scale (mm):     0.00000000000
 Imbalance (mm)       0.00000000000
 evap (mm/day):  0.599460602176727     
 prec (mm/day):  0.479190913423314     
 ls (mm/day):  0.000000000000000E+000
 imbalance (mm/day)  2.876043153632324E-011
  imbalance (rel error):  1.334928325589906E-016
 ===========================
NSTEP =        537   NCYCLE=  3  CFL_adv= 0.354  CFL_sgs= 0.061
NSTEP =        538   NCYCLE=  3  CFL_adv= 0.350  CFL_sgs= 0.058
NSTEP =        539   NCYCLE=  3  CFL_adv= 0.355  CFL_sgs= 0.060
 Collecting statistics...
 name QCSTRG is missing in "lst" file.
 Writting statistics:nstatsteps=          15
 --------------- ISCCP Simulator Diagnostics: -----------------
 ISCCP PDF:
            0.0       0.3       1.3       3.6       9.4      23.0      60.0
    0.     0.054     0.029     0.011     0.007     0.006     0.010     0.057
  180.     0.001     0.001     0.002     0.003     0.004     0.004     0.001
  310.     0.000     0.000     0.000     0.000     0.000     0.000     0.000
  440.     0.000     0.000     0.000     0.000     0.000     0.000     0.000
  560.     0.000     0.000     0.000     0.000     0.000     0.000     0.000
  680.     0.000     0.000     0.000     0.000     0.000     0.000     0.000
  800.     0.000     0.000     0.000     0.000     0.000     0.000     0.000
 low cld area (tau > 0.3)=  0.000000000000000E+000
 mid cld area (tau > 0.3)=  0.000000000000000E+000
 hgh cld area (tau > 0.3)=  0.134927029079861     
 total cld area (tau > 0.3)=  0.134927029079861     
 mean albedo cld (tau > 0.3)   0.599098305308857     
 mean tau cld (tau > 0.3)    13.3822842342167     
 mean top pressure (tau > 0.3)   140.005247272756     
 mean brightness temp (tau > 0.3)   242.097003807670     
 mean clearsky brightness temp (tau > 0.3)   295.040802855166     
 --------------- MODIS Simulator Diagnostics: -----------------
 MODIS PDF:
                      0.3       1.3       3.6       9.4      23.0      60.0
    0.               0.028     0.012     0.009     0.009     0.014     0.058
  180.               0.002     0.001     0.001     0.001     0.000     0.000
  310.               0.000     0.000     0.000     0.000     0.000     0.000
  440.               0.000     0.000     0.000     0.000     0.000     0.000
  560.               0.000     0.000     0.000     0.000     0.000     0.000
  680.               0.000     0.000     0.000     0.000     0.000     0.000
  800.               0.000     0.000     0.000     0.000     0.000     0.000
 low cld area =  0.000000000000000E+000
 mid cld area =  0.000000000000000E+000
 hgh cld area =  0.134559800889757     
 total cld area =  0.134559800889757     
 mean tau cld    81.6705973848622     
 mean top pressure    137.409185472770     
 total cld area (liquid) =  0.000000000000000E+000
 total cld area (ice) =  0.134559800889757     
 mean tau (liquid) =  -1.00000000000000     
 mean tau (ice) =   81.6705973848622     
 mean lwp (g/m2) =  -1.00000000000000     
 mean iwp (g/m2) =   1531.80601042973     
 mean reff (liquid)  =  -1.00000000000000     
 mean reff (ice)  =   33.6897101557524     
 --------------- MISR Simulator Diagnostics: -----------------
 MISR PDF:
            0.0       0.3       1.3       3.6       9.4      23.0      60.0
 99.00     0.000     0.000     0.000     0.000     0.000     0.000     0.000
 17.00     0.000     0.000     0.000     0.000     0.000     0.000     0.006
 15.00     0.000     0.003     0.010     0.008     0.008     0.013     0.051
 13.00     0.000     0.011     0.001     0.001     0.001     0.001     0.000
 11.00     0.000     0.004     0.002     0.002     0.001     0.000     0.000
  9.00     0.000     0.001     0.000     0.000     0.000     0.000     0.000
  7.00     0.000     0.000     0.000     0.000     0.000     0.000     0.000
  5.00     0.000     0.000     0.000     0.000     0.000     0.000     0.000
  4.00     0.000     0.000     0.000     0.000     0.000     0.000     0.000
  3.00     0.000     0.000     0.000     0.000     0.000     0.000     0.000
  2.50     0.000     0.000     0.000     0.000     0.000     0.000     0.000
  2.00     0.000     0.000     0.000     0.000     0.000     0.000     0.000
  1.50     0.000     0.000     0.000     0.000     0.000     0.000     0.000
  1.00     0.000     0.000     0.000     0.000     0.000     0.000     0.000
  0.50     0.000     0.000     0.000     0.000     0.000     0.000     0.000
  0.00     0.009     0.012     0.000     0.000     0.000     0.000     0.000
 total cld area =  0.123659295746774     
 mean top height (m)   13881.8340125672     
 Writting history file 
 rcemip300sst_160_MaxIce20_std2                                                 
  
NSTEP =        540   NCYCLE=  3  CFL_adv= 0.355  CFL_sgs= 0.057
 DAY =   0.187500000000000     
 NSTEP=         540
 div:  2.253258181034512E-016 -2.103097211345621E-016
 SST=   300.000000000000     
 surface pressure=   1014.80000000000     
 u:  -9.35722792854456        10.2227618205441     
 v:  -10.5330804750957        10.2508755994325     
 w:  -4.16301948110722        3.61224040894540     
 p:  -13.4012639641459        13.8551643696252     
 t:   298.440692024549        473.422567606894     
 tabs:   200.852840900998        301.185954597833     
 qv:  3.105239121664079E-047  2.018497511507802E-002
 tke:  0.000000000000000E+000   4.84029324790745     
 tk:  0.000000000000000E+000   50.4582826528758     
 tkh:  0.000000000000000E+000   50.4582826528758     
 qcl:  0.000000000000000E+000  1.452049401229679E-004
 qci:  0.000000000000000E+000  5.433094967125685E-003
 qpl:  0.000000000000000E+000  2.957503291290911E-004
 qpi:  0.000000000000000E+000  0.000000000000000E+000
 qrad(K/day):  -57.1455783972126        66.9086698557611     
 shf:  -2.92799298564564        5.45125169830271     
 lhf:   12.8921085590222        72.1065350900614     
 uw: -1.352278930912653E-002  1.325565709193725E-002
 vw: -1.351978656054539E-002  1.474514301674089E-002
 sst:   300.000000000000        300.000000000000     
 ===========================
 total water budget:
 before (mm):         53.22716020991
 after (mm):          53.22720331838
 evaporation (mm):     0.00020732288
 precipitation (mm):   0.00016421441
 large-scale (mm):     0.00000000000
 Imbalance (mm)       0.00000000000
 evap (mm/day):  0.597089902265786     
 prec (mm/day):  0.472937503259263     
 ls (mm/day):  0.000000000000000E+000
 imbalance (mm/day)  3.222266203861679E-012
  imbalance (rel error):  0.000000000000000E+000
 ===========================
CPU TIME =     235.0161 OVER     0.50 MODEL HOURS
 Let's do some shortwave
 Range of zenith angles  0.732661695834013       0.732661695834013     
 Range of surface albedo (asdir)  3.383449086658900E-002  3.383449086658900E-002
 Range of surface albedo (aldir)  3.383449086658900E-002  3.383449086658900E-002
 Range of surface albedo (asdif)  6.000000000000000E-002  6.000000000000000E-002
 Range of surface albedo (aldif)  6.000000000000000E-002  6.000000000000000E-002
 radiation: perpetual sun, solin=   310.282738958367     
 longwave radiation is called
NSTEP =        541   NCYCLE=  3  CFL_adv= 0.349  CFL_sgs= 0.061
NSTEP =        542   NCYCLE=  3  CFL_adv= 0.339  CFL_sgs= 0.059
NSTEP =        543   NCYCLE=  3  CFL_adv= 0.324  CFL_sgs= 0.060
 Collecting statistics...
 name QCSTRG is missing in "lst" file.
NSTEP =        544   NCYCLE=  2  CFL_adv= 0.463  CFL_sgs= 0.087
 DAY =   0.188888888888889     
 NSTEP=         544
 div:  3.961835086914674E-016 -3.180036008629141E-016
 SST=   300.000000000000     
 surface pressure=   1014.80000000000     
 u:  -10.2467796428901        9.44891522134527     
 v:  -10.9011817552809        10.3970734137552     
 w:  -3.51098565825314        4.09669996843193     
 p:  -13.7012223349437        13.2811262757201     
 t:   298.535180377935        473.422048771362     
 tabs:   200.899440302402        301.159598677085     
 qv:  3.456060973406020E-047  2.017507864648246E-002
 tke:  0.000000000000000E+000   5.11055944139820     
 tk:  0.000000000000000E+000   56.5163662214219     
 tkh:  0.000000000000000E+000   56.5163662214219     
 qcl:  0.000000000000000E+000  1.443693693424163E-004
 qci:  0.000000000000000E+000  5.400518735705848E-003
 qpl:  0.000000000000000E+000  3.033095698972325E-004
 qpi:  0.000000000000000E+000  0.000000000000000E+000
 qrad(K/day):  -56.7725736708112        65.4696006980849     
 shf:  -2.89977921703607        5.12083412205944     
 lhf:   13.0957955104863        71.3250986909633     
 uw: -1.370919254140665E-002  1.286399567651188E-002
 vw: -1.430046706157106E-002  1.471088763121122E-002
 sst:   300.000000000000        300.000000000000     
 ===========================
 total water budget:
 before (mm):         53.22733556506
 after (mm):          53.22738108510
 evaporation (mm):     0.00020654437
 precipitation (mm):   0.00016102433
 large-scale (mm):     0.00000000000
 Imbalance (mm)      -0.00000000000
 evap (mm/day):  0.594847792485709     
 prec (mm/day):  0.463750079795959     
 ls (mm/day):  0.000000000000000E+000
 imbalance (mm/day) -1.565888044230412E-011
  imbalance (rel error): -1.334919587014955E-016
 ===========================
NSTEP =        545   NCYCLE=  2  CFL_adv= 0.447  CFL_sgs= 0.086
NSTEP =        546   NCYCLE=  2  CFL_adv= 0.439  CFL_sgs= 0.086
 Let's do some shortwave
 Range of zenith angles  0.732661695834013       0.732661695834013     
 Range of surface albedo (asdir)  3.383449086658900E-002  3.383449086658900E-002
 Range of surface albedo (aldir)  3.383449086658900E-002  3.383449086658900E-002
 Range of surface albedo (asdif)  6.000000000000000E-002  6.000000000000000E-002
 Range of surface albedo (aldif)  6.000000000000000E-002  6.000000000000000E-002
 radiation: perpetual sun, solin=   310.282738963339     
 longwave radiation is called
NSTEP =        547   NCYCLE=  2  CFL_adv= 0.428  CFL_sgs= 0.085
 Collecting statistics...
 name QCSTRG is missing in "lst" file.
NSTEP =        548   NCYCLE=  2  CFL_adv= 0.414  CFL_sgs= 0.085
 DAY =   0.190277777777778     
 NSTEP=         548
 div:  3.663477893059373E-016 -3.576224107129963E-016
 SST=   300.000000000000     
 surface pressure=   1014.80000000000     
 u:  -9.20015340287366        9.79479993824566     
 v:  -10.5071996157515        9.14599838297893     
 w:  -3.47328736238785        3.86941258981205     
 p:  -13.8518674536158        13.0263386787103     
 t:   298.596352845504        473.422568190763     
 tabs:   200.866149162858        301.104657255200     
 qv:  4.534416791924371E-047  2.018226453550681E-002
 tke:  0.000000000000000E+000   4.09805190827570     
 tk:  0.000000000000000E+000   48.9563475633585     
 tkh:  0.000000000000000E+000   48.9563475633585     
 qcl:  0.000000000000000E+000  1.415232674485576E-004
 qci:  0.000000000000000E+000  5.365064593848267E-003
 qpl:  0.000000000000000E+000  2.580123837044909E-004
 qpi:  0.000000000000000E+000  0.000000000000000E+000
 qrad(K/day):  -56.0405470726823        64.9991286997320     
 shf:  -2.87293255844331        4.71075672035242     
 lhf:   12.9945651607496        70.8779129923567     
 uw: -1.412022150214379E-002  1.204167610286255E-002
 vw: -1.436860375670051E-002  1.523974951617615E-002
 sst:   300.000000000000        300.000000000000     
 ===========================
 total water budget:
 before (mm):         53.22752058618
 after (mm):          53.22756774752
 evaporation (mm):     0.00020577259
 precipitation (mm):   0.00015861125
 large-scale (mm):     0.00000000000
 Imbalance (mm)      -0.00000000000
 evap (mm/day):  0.592625064057515     
 prec (mm/day):  0.456800414213413     
 ls (mm/day):  0.000000000000000E+000
 imbalance (mm/day) -1.791114132010385E-011
  imbalance (rel error): -1.334914905619093E-016
 ===========================
NSTEP =        549   NCYCLE=  2  CFL_adv= 0.415  CFL_sgs= 0.085
NSTEP =        550   NCYCLE=  2  CFL_adv= 0.405  CFL_sgs= 0.084
NSTEP =        551   NCYCLE=  2  CFL_adv= 0.406  CFL_sgs= 0.089
 Collecting statistics...
 name QCSTRG is missing in "lst" file.
NSTEP =        552   NCYCLE=  2  CFL_adv= 0.402  CFL_sgs= 0.088
 DAY =   0.191666666666667     
 NSTEP=         552
 div:  2.377415316024998E-016 -2.451992170947820E-016
 SST=   300.000000000000     
 surface pressure=   1014.80000000000     
 u:  -10.6122608233844        8.44245993981838     
 v:  -9.75773652201159        8.69010934063565     
 w:  -3.64434966733810        2.92649804445030     
 p:  -14.4133497702549        12.7065866299888     
 t:   298.581293756843        473.423062515386     
 tabs:   200.790404979274        301.032926413733     
 qv:  5.352822722236377E-047  2.019287175113539E-002
 tke:  0.000000000000000E+000   4.38354185727134     
 tk:  0.000000000000000E+000   50.5524709372064     
 tkh:  0.000000000000000E+000   50.5524709372064     
 qcl:  0.000000000000000E+000  1.465408810059959E-004
 qci:  0.000000000000000E+000  5.330150713052356E-003
 qpl:  0.000000000000000E+000  2.569830995480170E-004
 qpi:  0.000000000000000E+000  0.000000000000000E+000
 qrad(K/day):  -56.0405470726823        64.9991286997320     
 shf:  -2.86544031260320        4.73993914144712     
 lhf:   12.9200946857149        70.1801689753519     
 uw: -1.407208680290181E-002  1.205402985285649E-002
 vw: -1.318464794826343E-002  1.519229818800324E-002
 sst:   300.000000000000        300.000000000000     
 ===========================
 total water budget:
 before (mm):         53.22771074161
 after (mm):          53.22775902924
 evaporation (mm):     0.00020503177
 precipitation (mm):   0.00015674415
 large-scale (mm):     0.00000000000
 Imbalance (mm)       0.00000000000
 evap (mm/day):  0.590491508889457     
 prec (mm/day):  0.451423137717240     
 ls (mm/day):  0.000000000000000E+000
 imbalance (mm/day)  3.890669036943351E-011
  imbalance (rel error):  1.334910108407435E-016
 ===========================
 Let's do some shortwave
 Range of zenith angles  0.732661695834013       0.732661695834013     
 Range of surface albedo (asdir)  3.383449086658900E-002  3.383449086658900E-002
 Range of surface albedo (aldir)  3.383449086658900E-002  3.383449086658900E-002
 Range of surface albedo (asdif)  6.000000000000000E-002  6.000000000000000E-002
 Range of surface albedo (aldif)  6.000000000000000E-002  6.000000000000000E-002
 radiation: perpetual sun, solin=   310.282738968695     
 longwave radiation is called
NSTEP =        553   NCYCLE=  2  CFL_adv= 0.396  CFL_sgs= 0.088
NSTEP =        554   NCYCLE=  2  CFL_adv= 0.394  CFL_sgs= 0.087
NSTEP =        555   NCYCLE=  2  CFL_adv= 0.390  CFL_sgs= 0.086
 Collecting statistics...
 name QCSTRG is missing in "lst" file.
NSTEP =        556   NCYCLE=  2  CFL_adv= 0.382  CFL_sgs= 0.086
 DAY =   0.193055555555556     
 NSTEP=         556
 div:  2.359745641912168E-016 -3.250437971515648E-016
 SST=   300.000000000000     
 surface pressure=   1014.80000000000     
 u:  -11.0114895591235        9.61488007567420     
 v:  -10.2967977534958        8.40044343549753     
 w:  -3.49897073272042        2.37354698600548     
 p:  -15.1882580322805        12.2056090110941     
 t:   298.612584318062        473.423048442177     
 tabs:   200.783042537689        300.952716087277     
 qv:  6.014447848811487E-047  2.020387573478928E-002
 tke:  0.000000000000000E+000   5.29443694306923     
 tk:  0.000000000000000E+000   57.5241087668316     
 tkh:  0.000000000000000E+000   57.5241087668316     
 qcl:  0.000000000000000E+000  1.510482491671575E-004
 qci:  0.000000000000000E+000  5.329920115420068E-003
 qpl:  0.000000000000000E+000  2.241968583553999E-004
 qpi:  0.000000000000000E+000  0.000000000000000E+000
 qrad(K/day):  -57.1473274751526        75.7981157809900     
 shf:  -2.87088374836575        4.37603003089196     
 lhf:   12.8577023708416        69.3135373397078     
 uw: -1.347655573320645E-002  1.179883612251457E-002
 vw: -1.300582500666539E-002  1.461965462846551E-002
 sst:   300.000000000000        300.000000000000     
 ===========================
 total water budget:
 before (mm):         53.22790629395
 after (mm):          53.22795673492
 evaporation (mm):     0.00020431247
 precipitation (mm):   0.00015387149
 large-scale (mm):     0.00000000000
 Imbalance (mm)      -0.00000000000
 evap (mm/day):  0.588419899784078     
 prec (mm/day):  0.443149905407699     
 ls (mm/day):  0.000000000000000E+000
 imbalance (mm/day) -1.935709405265218E-011
  imbalance (rel error): -1.334905150123778E-016
 ===========================
NSTEP =        557   NCYCLE=  2  CFL_adv= 0.370  CFL_sgs= 0.086
NSTEP =        558   NCYCLE=  2  CFL_adv= 0.369  CFL_sgs= 0.085
 Let's do some shortwave
 Range of zenith angles  0.732661695834013       0.732661695834013     
 Range of surface albedo (asdir)  3.383449086658900E-002  3.383449086658900E-002
 Range of surface albedo (aldir)  3.383449086658900E-002  3.383449086658900E-002
 Range of surface albedo (asdif)  6.000000000000000E-002  6.000000000000000E-002
 Range of surface albedo (aldif)  6.000000000000000E-002  6.000000000000000E-002
 radiation: perpetual sun, solin=   310.282738974302     
 longwave radiation is called
NSTEP =        559   NCYCLE=  2  CFL_adv= 0.379  CFL_sgs= 0.085
 Collecting statistics...
 name QCSTRG is missing in "lst" file.
NSTEP =        560   NCYCLE=  2  CFL_adv= 0.388  CFL_sgs= 0.085
 DAY =   0.194444444444444     
 NSTEP=         560
 div:  2.529520462779892E-016 -2.605338899191790E-016
 SST=   300.000000000000     
 surface pressure=   1014.80000000000     
 u:  -9.21990295713595        8.32480891216096     
 v:  -9.76644683690527        8.12766407780598     
 w:  -3.15328488776312        2.47849043937062     
 p:  -15.6350841018989        12.1232163342525     
 t:   298.734731897262        473.422606117560     
 tabs:   200.857053498426        300.924369474472     
 qv:  6.449565445221151E-047  2.020380391546168E-002
 tke:  0.000000000000000E+000   4.25854038907369     
 tk:  0.000000000000000E+000   51.5905780464908     
 tkh:  0.000000000000000E+000   51.5905780464908     
 qcl:  0.000000000000000E+000  1.479583469987718E-004
 qci:  0.000000000000000E+000  5.319670905519156E-003
 qpl:  0.000000000000000E+000  2.085531910641869E-004
 qpi:  0.000000000000000E+000  0.000000000000000E+000
 qrad(K/day):  -59.4336125622201        75.4371821659421     
 shf:  -2.88299170008664        4.32153258478378     
 lhf:   12.7998275216108        68.3821336516638     
 uw: -1.326277179362680E-002  1.136816975431348E-002
 vw: -1.223280668844635E-002  1.489287008932108E-002
 sst:   300.000000000000        300.000000000000     
 ===========================
 total water budget:
 before (mm):         53.22811587055
 after (mm):          53.22817194724
 evaporation (mm):     0.00020361624
 precipitation (mm):   0.00014753955
 large-scale (mm):     0.00000000000
 Imbalance (mm)       0.00000000000
 evap (mm/day):  0.586414759926726     
 prec (mm/day):  0.424913897320188     
 ls (mm/day):  0.000000000000000E+000
 imbalance (mm/day)  1.205808890236692E-011
  imbalance (rel error):  1.334899752830998E-016
 ===========================
NSTEP =        561   NCYCLE=  2  CFL_adv= 0.393  CFL_sgs= 0.084
NSTEP =        562   NCYCLE=  2  CFL_adv= 0.387  CFL_sgs= 0.086
NSTEP =        563   NCYCLE=  2  CFL_adv= 0.371  CFL_sgs= 0.085
 Collecting statistics...
 name QCSTRG is missing in "lst" file.
NSTEP =        564   NCYCLE=  2  CFL_adv= 0.371  CFL_sgs= 0.085
 DAY =   0.195833333333333     
 NSTEP=         564
 div:  2.818711351255548E-016 -2.190458115419350E-016
 SST=   300.000000000000     
 surface pressure=   1014.80000000000     
 u:  -9.50372230627009        8.44794241680648     
 v:  -9.66508298106610        7.96154936900189     
 w:  -3.06084222457272        2.69810365729945     
 p:  -15.7973701442052        12.2393963893926     
 t:   298.789305938570        473.423201163223     
 tabs:   200.980928126931        300.904434061832     
 qv:  6.817839341621403E-047  2.018357663995523E-002
 tke:  0.000000000000000E+000   4.84199145958400     
 tk:  0.000000000000000E+000   55.0113139475872     
 tkh:  0.000000000000000E+000   55.0113139475872     
 qcl:  0.000000000000000E+000  1.299641452634463E-004
 qci:  0.000000000000000E+000  5.287353205757247E-003
 qpl:  0.000000000000000E+000  2.095320749343154E-004
 qpi:  0.000000000000000E+000  0.000000000000000E+000
 qrad(K/day):  -59.4336125622201        75.4371821659421     
 shf:  -2.88493064651112        4.15984394011733     
 lhf:   12.7958762620155        67.3948061559159     
 uw: -1.394618654913476E-002  1.110710997534996E-002
 vw: -1.112916552054813E-002  1.369572936839912E-002
 sst:   300.000000000000        300.000000000000     
 ===========================
 total water budget:
 before (mm):         53.22834962575
 after (mm):          53.22841197853
 evaporation (mm):     0.00020294599
 precipitation (mm):   0.00014059321
 large-scale (mm):     0.00000000000
 Imbalance (mm)       0.00000000000
 evap (mm/day):  0.584484445573565     
 prec (mm/day):  0.404908457123482     
 ls (mm/day):  0.000000000000000E+000
 imbalance (mm/day)  6.117684483997188E-011
  imbalance (rel error):  4.004681199469670E-016
 ===========================
 Let's do some shortwave
 Range of zenith angles  0.732661695834013       0.732661695834013     
 Range of surface albedo (asdir)  3.383449086658900E-002  3.383449086658900E-002
 Range of surface albedo (aldir)  3.383449086658900E-002  3.383449086658900E-002
 Range of surface albedo (asdif)  6.000000000000000E-002  6.000000000000000E-002
 Range of surface albedo (aldif)  6.000000000000000E-002  6.000000000000000E-002
 radiation: perpetual sun, solin=   310.282738980038     
 longwave radiation is called
NSTEP =        565   NCYCLE=  2  CFL_adv= 0.381  CFL_sgs= 0.084
NSTEP =        566   NCYCLE=  2  CFL_adv= 0.387  CFL_sgs= 0.084
NSTEP =        567   NCYCLE=  2  CFL_adv= 0.390  CFL_sgs= 0.084
 Collecting statistics...
 name QCSTRG is missing in "lst" file.
NSTEP =        568   NCYCLE=  2  CFL_adv= 0.390  CFL_sgs= 0.083
 DAY =   0.197222222222222     
 NSTEP=         568
 div:  2.822547502360230E-016 -2.637960885800136E-016
 SST=   300.000000000000     
 surface pressure=   1014.80000000000     
 u:  -10.2610883061290        8.46667567859155     
 v:  -9.43307421546128        8.86479851795131     
 w:  -3.44996397094222        2.81469916122801     
 p:  -15.6611076642251        12.3860962485825     
 t:   298.821890820784        473.425670357477     
 tabs:   201.049896019660        300.920102219340     
 qv:  7.432182291481642E-047  2.018094322012152E-002
 tke:  0.000000000000000E+000   4.42804228567279     
 tk:  0.000000000000000E+000   52.6072849379769     
 tkh:  0.000000000000000E+000   52.6072849379769     
 qcl:  0.000000000000000E+000  1.389932172093334E-004
 qci:  0.000000000000000E+000  5.234109338774773E-003
 qpl:  0.000000000000000E+000  2.155530501142358E-004
 qpi:  0.000000000000000E+000  0.000000000000000E+000
 qrad(K/day):  -59.4066970164171        76.9265341096031     
 shf:  -2.89078386431301        4.09392267550273     
 lhf:   12.8465972259643        66.2806853003652     
 uw: -1.404017893793993E-002  1.096746844717254E-002
 vw: -1.039732043759064E-002  1.410753713682712E-002
 sst:   300.000000000000        300.000000000000     
 ===========================
 total water budget:
 before (mm):         53.22860772963
 after (mm):          53.22867559392
 evaporation (mm):     0.00020229482
 precipitation (mm):   0.00013443053
 large-scale (mm):     0.00000000000
 Imbalance (mm)       0.00000000000
 evap (mm/day):  0.582609071936382     
 prec (mm/day):  0.387159922588908     
 ls (mm/day):  0.000000000000000E+000
 imbalance (mm/day)  7.752860853305066E-012
  imbalance (rel error):  0.000000000000000E+000
 ===========================
NSTEP =        569   NCYCLE=  2  CFL_adv= 0.386  CFL_sgs= 0.083
NSTEP =        570   NCYCLE=  2  CFL_adv= 0.384  CFL_sgs= 0.083
 Let's do some shortwave
 Range of zenith angles  0.732661695834013       0.732661695834013     
 Range of surface albedo (asdir)  3.383449086658900E-002  3.383449086658900E-002
 Range of surface albedo (aldir)  3.383449086658900E-002  3.383449086658900E-002
 Range of surface albedo (asdif)  6.000000000000000E-002  6.000000000000000E-002
 Range of surface albedo (aldif)  6.000000000000000E-002  6.000000000000000E-002
 radiation: perpetual sun, solin=   310.282738985853     
 longwave radiation is called
NSTEP =        571   NCYCLE=  2  CFL_adv= 0.381  CFL_sgs= 0.082
 Collecting statistics...
 name QCSTRG is missing in "lst" file.
NSTEP =        572   NCYCLE=  2  CFL_adv= 0.390  CFL_sgs= 0.082
 DAY =   0.198611111111111     
 NSTEP=         572
 div:  1.811103723321621E-016 -2.365271889185865E-016
 SST=   300.000000000000     
 surface pressure=   1014.80000000000     
 u:  -8.82456369577499        8.18386273887890     
 v:  -9.08575186640597        8.09703421553731     
 w:  -3.30798990224716        3.15357750812347     
 p:  -15.1997738704237        12.5752369226405     
 t:   298.854202866540        473.429236483632     
 tabs:   201.038272390796        300.937165178704     
 qv:  9.108511807630492E-047  2.018851352863746E-002
 tke:  0.000000000000000E+000   3.98767928070321     
 tk:  0.000000000000000E+000   49.9229361159728     
 tkh:  0.000000000000000E+000   49.9229361159728     
 qcl:  0.000000000000000E+000  1.424969548616616E-004
 qci:  0.000000000000000E+000  5.163551572398014E-003
 qpl:  0.000000000000000E+000  2.121019335000104E-004
 qpi:  0.000000000000000E+000  0.000000000000000E+000
 qrad(K/day):  -56.4836142500683        79.7397714157123     
 shf:  -2.93096508956503        3.98442705672400     
 lhf:   12.8041159494602        64.9599905529200     
 uw: -1.354534618307504E-002  1.108124945232442E-002
 vw: -1.018158930038381E-002  1.349646852993395E-002
 sst:   300.000000000000        300.000000000000     
 ===========================
 total water budget:
 before (mm):         53.22888564741
 after (mm):          53.22895750577
 evaporation (mm):     0.00020166575
 precipitation (mm):   0.00012980739
 large-scale (mm):     0.00000000000
 Imbalance (mm)       0.00000000000
 evap (mm/day):  0.580797347926847     
 prec (mm/day):  0.373845271741378     
 ls (mm/day):  0.000000000000000E+000
 imbalance (mm/day)  6.086537523986024E-012
  imbalance (rel error):  1.334880052240485E-016
 ===========================
NSTEP =        573   NCYCLE=  2  CFL_adv= 0.398  CFL_sgs= 0.082
NSTEP =        574   NCYCLE=  2  CFL_adv= 0.400  CFL_sgs= 0.076
NSTEP =        575   NCYCLE=  2  CFL_adv= 0.406  CFL_sgs= 0.036
 Collecting statistics...
 name QCSTRG is missing in "lst" file.
NSTEP =        576   NCYCLE=  2  CFL_adv= 0.405  CFL_sgs= 0.036
 DAY =   0.200000000000000     
 NSTEP=         576
 div:  1.747555030505513E-016 -2.106851969342438E-016
 SST=   300.000000000000     
 surface pressure=   1014.80000000000     
 u:  -8.66258097993986        8.75510055089887     
 v:  -8.64418693180727        8.33309809504131     
 w:  -3.44216276886854        3.22069784041558     
 p:  -14.4975477284836        12.6408685378049     
 t:   298.881749259453        473.432363282742     
 tabs:   201.006375666757        300.945634611694     
 qv:  9.218838230608302E-047  2.019605970553792E-002
 tke:  0.000000000000000E+000   4.40492102273885     
 tk:  0.000000000000000E+000   52.4697592829602     
 tkh:  0.000000000000000E+000   52.4697592829602     
 qcl:  0.000000000000000E+000  1.360714742017164E-004
 qci:  0.000000000000000E+000  5.080814131267607E-003
 qpl:  0.000000000000000E+000  2.050532350723077E-004
 qpi:  0.000000000000000E+000  0.000000000000000E+000
 qrad(K/day):  -56.4836142500683        79.7397714157123     
 shf:  -2.98492451429555        3.84857221684675     
 lhf:   12.7667289256792        64.6886978591302     
 uw: -1.304320297891957E-002  1.053816289078129E-002
 vw: -1.005523304290478E-002  1.217403123442135E-002
 sst:   300.000000000000        300.000000000000     
 ===========================
 total water budget:
 before (mm):         53.22917755994
 after (mm):          53.22925224612
 evaporation (mm):     0.00020106186
 precipitation (mm):   0.00012637569
 large-scale (mm):     0.00000000000
 Imbalance (mm)       0.00000000000
 evap (mm/day):  0.579058165361523     
 prec (mm/day):  0.363961983265959     
 ls (mm/day):  0.000000000000000E+000
 imbalance (mm/day) -6.182242218155665E-012
  imbalance (rel error):  0.000000000000000E+000
 ===========================
 Let's do some shortwave
 Range of zenith angles  0.732661695834013       0.732661695834013     
 Range of surface albedo (asdir)  3.383449086658900E-002  3.383449086658900E-002
 Range of surface albedo (aldir)  3.383449086658900E-002  3.383449086658900E-002
 Range of surface albedo (asdif)  6.000000000000000E-002  6.000000000000000E-002
 Range of surface albedo (aldif)  6.000000000000000E-002  6.000000000000000E-002
 radiation: perpetual sun, solin=   310.282738991683     
 longwave radiation is called
NSTEP =        577   NCYCLE=  2  CFL_adv= 0.406  CFL_sgs= 0.038
NSTEP =        578   NCYCLE=  2  CFL_adv= 0.402  CFL_sgs= 0.037
NSTEP =        579   NCYCLE=  2  CFL_adv= 0.389  CFL_sgs= 0.036
 Collecting statistics...
 name QCSTRG is missing in "lst" file.
NSTEP =        580   NCYCLE=  2  CFL_adv= 0.379  CFL_sgs= 0.081
 DAY =   0.201388888888889     
 NSTEP=         580
 div:  1.851637409412486E-016 -1.923499084808857E-016
 SST=   300.000000000000     
 surface pressure=   1014.80000000000     
 u:  -8.61836457191039        8.17918314257265     
 v:  -8.32407736026868        8.44553653047279     
 w:  -2.99930004841348        2.52328765915855     
 p:  -13.4655189950625        12.4989540853316     
 t:   298.891756655960        473.434790699470     
 tabs:   201.022835723811        300.963590273463     
 qv:  9.570046123485754E-047  2.019705080321371E-002
 tke:  0.000000000000000E+000   3.66583322576371     
 tk:  0.000000000000000E+000   47.7861282575771     
 tkh:  0.000000000000000E+000   47.7861282575771     
 qcl:  0.000000000000000E+000  1.213665925139481E-004
 qci:  0.000000000000000E+000  5.016451302166263E-003
 qpl:  0.000000000000000E+000  1.998342512929265E-004
 qpi:  0.000000000000000E+000  0.000000000000000E+000
 qrad(K/day):  -56.0371801950429        73.6554891146263     
 shf:  -3.05114875448302        3.76779757064260     
 lhf:   12.7809254838656        64.6539440204953     
 uw: -1.359007748814893E-002  1.018271737951841E-002
 vw: -1.012551847404253E-002  1.213275486758031E-002
 sst:   300.000000000000        300.000000000000     
 ===========================
 total water budget:
 before (mm):         53.22948000578
 after (mm):          53.22955718344
 evaporation (mm):     0.00020048007
 precipitation (mm):   0.00012330241
 large-scale (mm):     0.00000000000
 Imbalance (mm)       0.00000000000
 evap (mm/day):  0.577382590522966     
 prec (mm/day):  0.355110950593250     
 ls (mm/day):  0.000000000000000E+000
 imbalance (mm/day)  2.722759517848061E-011
  imbalance (rel error):  1.334865013645496E-016
 ===========================
NSTEP =        581   NCYCLE=  2  CFL_adv= 0.372  CFL_sgs= 0.080
NSTEP =        582   NCYCLE=  2  CFL_adv= 0.369  CFL_sgs= 0.079
 Let's do some shortwave
 Range of zenith angles  0.732661695834013       0.732661695834013     
 Range of surface albedo (asdir)  3.383449086658900E-002  3.383449086658900E-002
 Range of surface albedo (aldir)  3.383449086658900E-002  3.383449086658900E-002
 Range of surface albedo (asdif)  6.000000000000000E-002  6.000000000000000E-002
 Range of surface albedo (aldif)  6.000000000000000E-002  6.000000000000000E-002
 radiation: perpetual sun, solin=   310.282738997459     
 longwave radiation is called
NSTEP =        583   NCYCLE=  2  CFL_adv= 0.373  CFL_sgs= 0.079
 Collecting statistics...
 name QCSTRG is missing in "lst" file.
NSTEP =        584   NCYCLE=  2  CFL_adv= 0.381  CFL_sgs= 0.079
 DAY =   0.202777777777778     
 NSTEP=         584
 div:  1.954962678482533E-016 -1.747075363712564E-016
 SST=   300.000000000000     
 surface pressure=   1014.80000000000     
 u:  -8.68997917942501        8.76742466068225     
 v:  -8.41339753061674        8.66530862457605     
 w:  -3.28674817553790        2.58790768896089     
 p:  -12.1961586951442        12.1877369462931     
 t:   298.907146647985        473.437142256720     
 tabs:   201.153208869845        300.983206634463     
 qv:  1.037431183943141E-046  2.019246437626320E-002
 tke:  0.000000000000000E+000   3.63197461382756     
 tk:  0.000000000000000E+000   46.0532170637147     
 tkh:  0.000000000000000E+000   46.0532170637147     
 qcl:  0.000000000000000E+000  1.261004288521167E-004
 qci:  0.000000000000000E+000  4.971680503478309E-003
 qpl:  0.000000000000000E+000  2.143749731085752E-004
 qpi:  0.000000000000000E+000  0.000000000000000E+000
 qrad(K/day):  -54.4812494115448        79.6750031286238     
 shf:  -3.09450856285852        3.73868431543350     
 lhf:   12.8076662608430        64.4757671718534     
 uw: -1.356576662891726E-002  1.015810801342969E-002
 vw: -1.005785872290625E-002  1.121736519676049E-002
 sst:   300.000000000000        300.000000000000     
 ===========================
 total water budget:
 before (mm):         53.22979302638
 after (mm):          53.22987327489
 evaporation (mm):     0.00019992135
 precipitation (mm):   0.00011967284
 large-scale (mm):     0.00000000000
 Imbalance (mm)      -0.00000000000
 evap (mm/day):  0.575773493559133     
 prec (mm/day):  0.344657781192904     
 ls (mm/day):  0.000000000000000E+000
 imbalance (mm/day) -1.901073048982127E-011
  imbalance (rel error): -1.334857086904483E-016
 ===========================
NSTEP =        585   NCYCLE=  2  CFL_adv= 0.383  CFL_sgs= 0.078
NSTEP =        586   NCYCLE=  2  CFL_adv= 0.381  CFL_sgs= 0.081
NSTEP =        587   NCYCLE=  2  CFL_adv= 0.379  CFL_sgs= 0.080
 Collecting statistics...
 name QCSTRG is missing in "lst" file.
NSTEP =        588   NCYCLE=  2  CFL_adv= 0.372  CFL_sgs= 0.080
 DAY =   0.204166666666667     
 NSTEP=         588
 div:  1.893793000043639E-016 -2.484970115950456E-016
 SST=   300.000000000000     
 surface pressure=   1014.80000000000     
 u:  -9.14607440923386        8.75301789485352     
 v:  -7.48895412166843        8.49803542180565     
 w:  -3.65068036956452        2.80924561020355     
 p:  -12.4532594340546        11.6748002073447     
 t:   298.915210358154        473.439615665412     
 tabs:   201.154734323472        300.994665720806     
 qv:  1.119291803263898E-046  2.020065528203199E-002
 tke:  0.000000000000000E+000   3.57909572710862     
 tk:  0.000000000000000E+000   45.6131757621180     
 tkh:  0.000000000000000E+000   45.6131757621180     
 qcl:  0.000000000000000E+000  1.354774228679271E-004
 qci:  0.000000000000000E+000  4.920086842180841E-003
 qpl:  0.000000000000000E+000  2.200921923799058E-004
 qpi:  0.000000000000000E+000  0.000000000000000E+000
 qrad(K/day):  -54.4812494115448        79.6750031286238     
 shf:  -3.11855392543731        3.65247068230997     
 lhf:   12.7684541769120        64.3476320824469     
 uw: -1.303407303864593E-002  1.037763881629480E-002
 vw: -9.833263944140922E-003  1.079884997511123E-002
 sst:   300.000000000000        300.000000000000     
 ===========================
 total water budget:
 before (mm):         53.23011970489
 after (mm):          53.23020386699
 evaporation (mm):     0.00019938726
 precipitation (mm):   0.00011522515
 large-scale (mm):     0.00000000000
 Imbalance (mm)       0.00000000000
 evap (mm/day):  0.574235301972230     
 prec (mm/day):  0.331848444272726     
 ls (mm/day):  0.000000000000000E+000
 imbalance (mm/day)  6.192546475602968E-012
  imbalance (rel error):  0.000000000000000E+000
 ===========================
 Let's do some shortwave
 Range of zenith angles  0.732661695834013       0.732661695834013     
 Range of surface albedo (asdir)  3.383449086658900E-002  3.383449086658900E-002
 Range of surface albedo (aldir)  3.383449086658900E-002  3.383449086658900E-002
 Range of surface albedo (asdif)  6.000000000000000E-002  6.000000000000000E-002
 Range of surface albedo (aldif)  6.000000000000000E-002  6.000000000000000E-002
 radiation: perpetual sun, solin=   310.282739003166     
 longwave radiation is called
NSTEP =        589   NCYCLE=  2  CFL_adv= 0.362  CFL_sgs= 0.079
NSTEP =        590   NCYCLE=  2  CFL_adv= 0.355  CFL_sgs= 0.080
NSTEP =        591   NCYCLE=  2  CFL_adv= 0.358  CFL_sgs= 0.081
 Collecting statistics...
 name QCSTRG is missing in "lst" file.
NSTEP =        592   NCYCLE=  2  CFL_adv= 0.358  CFL_sgs= 0.080
 DAY =   0.205555555555556     
 NSTEP=         592
 div:  1.509301148759378E-016 -1.634721520541534E-016
 SST=   300.000000000000     
 surface pressure=   1014.80000000000     
 u:  -8.77676635997514        7.91843732322478     
 v:  -8.07243853200752        8.49033659623433     
 w:  -3.51862813334047        2.37089316185683     
 p:  -13.1217979023289        10.9728094466921     
 t:   298.918891341707        473.441483485522     
 tabs:   201.062323204815        301.001132983024     
 qv:  1.173542981560385E-046  2.020701739727158E-002
 tke:  0.000000000000000E+000   3.63152255823282     
 tk:  0.000000000000000E+000   39.0379015892079     
 tkh:  0.000000000000000E+000   39.0379015892079     
 qcl:  0.000000000000000E+000  1.420479346217679E-004
 qci:  0.000000000000000E+000  4.864462572718933E-003
 qpl:  0.000000000000000E+000  2.231696972229938E-004
 qpi:  0.000000000000000E+000  0.000000000000000E+000
 qrad(K/day):  -56.6961163589796        76.0821023183087     
 shf:  -3.12994584693928        3.61343648060956     
 lhf:   12.7434735879983        64.1278649451464     
 uw: -1.216343645676063E-002  1.022744455256581E-002
 vw: -9.657686153325868E-003  1.000227889129322E-002
 sst:   300.000000000000        300.000000000000     
 ===========================
 total water budget:
 before (mm):         53.23046246497
 after (mm):          53.23055061430
 evaporation (mm):     0.00019887508
 precipitation (mm):   0.00011072575
 large-scale (mm):     0.00000000000
 Imbalance (mm)       0.00000000000
 evap (mm/day):  0.572760241171366     
 prec (mm/day):  0.318890167993817     
 ls (mm/day):  0.000000000000000E+000
 imbalance (mm/day)  3.814483885006270E-011
  imbalance (rel error):  2.669680202666054E-016
 ===========================
NSTEP =        593   NCYCLE=  2  CFL_adv= 0.358  CFL_sgs= 0.080
NSTEP =        594   NCYCLE=  2  CFL_adv= 0.363  CFL_sgs= 0.079
 Let's do some shortwave
 Range of zenith angles  0.732661695834013       0.732661695834013     
 Range of surface albedo (asdir)  3.383449086658900E-002  3.383449086658900E-002
 Range of surface albedo (aldir)  3.383449086658900E-002  3.383449086658900E-002
 Range of surface albedo (asdif)  6.000000000000000E-002  6.000000000000000E-002
 Range of surface albedo (aldif)  6.000000000000000E-002  6.000000000000000E-002
 radiation: perpetual sun, solin=   310.282739008820     
 longwave radiation is called
NSTEP =        595   NCYCLE=  2  CFL_adv= 0.376  CFL_sgs= 0.079
 Collecting statistics...
 name QCSTRG is missing in "lst" file.
NSTEP =        596   NCYCLE=  2  CFL_adv= 0.386  CFL_sgs= 0.078
 DAY =   0.206944444444444     
 NSTEP=         596
 div:  1.260156695211900E-016 -1.378613848042456E-016
 SST=   300.000000000000     
 surface pressure=   1014.80000000000     
 u:  -8.80721990676502        8.25714099660789     
 v:  -8.06779113670226        8.85459582537431     
 w:  -2.77601376062929        3.01868569772604     
 p:  -13.4976074747579        10.3117353477558     
 t:   298.917965008637        473.442470251283     
 tabs:   200.992340737025        301.004903208610     
 qv:  1.325327139346572E-046  2.020752760473674E-002
 tke:  0.000000000000000E+000   4.10521992647754     
 tk:  0.000000000000000E+000   50.6533558024388     
 tkh:  0.000000000000000E+000   50.6533558024388     
 qcl:  0.000000000000000E+000  1.413244080123914E-004
 qci:  0.000000000000000E+000  4.799313454530611E-003
 qpl:  0.000000000000000E+000  2.104737357664131E-004
 qpi:  0.000000000000000E+000  0.000000000000000E+000
 qrad(K/day):  -52.0550913801275        75.2545182833422     
 shf:  -3.13228419570791        3.66214733836886     
 lhf:   12.7216487303062        63.6785614223025     
 uw: -1.270993866858826E-002  1.004264859931718E-002
 vw: -9.862731098750669E-003  1.001125870668970E-002
 sst:   300.000000000000        300.000000000000     
 ===========================
 total water budget:
 before (mm):         53.23082050882
 after (mm):          53.23091225887
 evaporation (mm):     0.00019838248
 precipitation (mm):   0.00010663243
 large-scale (mm):     0.00000000000
 Imbalance (mm)       0.00000000000
 evap (mm/day):  0.571341530925125     
 prec (mm/day):  0.307101386705155     
 ls (mm/day):  0.000000000000000E+000
 imbalance (mm/day) -4.605417609770956E-012
  imbalance (rel error):  0.000000000000000E+000
 ===========================
NSTEP =        597   NCYCLE=  2  CFL_adv= 0.393  CFL_sgs= 0.078
NSTEP =        598   NCYCLE=  2  CFL_adv= 0.396  CFL_sgs= 0.078
NSTEP =        599   NCYCLE=  2  CFL_adv= 0.400  CFL_sgs= 0.078
 Collecting statistics...
 name QCSTRG is missing in "lst" file.
 Writting statistics:nstatsteps=          15
 --------------- ISCCP Simulator Diagnostics: -----------------
 ISCCP PDF:
            0.0       0.3       1.3       3.6       9.4      23.0      60.0
    0.     0.054     0.024     0.010     0.007     0.006     0.014     0.052
  180.     0.001     0.001     0.003     0.005     0.006     0.006     0.001
  310.     0.000     0.000     0.000     0.000     0.000     0.000     0.000
  440.     0.000     0.000     0.000     0.000     0.000     0.000     0.000
  560.     0.000     0.000     0.000     0.000     0.000     0.000     0.000
  680.     0.000     0.000     0.000     0.000     0.000     0.000     0.000
  800.     0.000     0.000     0.000     0.000     0.000     0.000     0.000
 low cld area (tau > 0.3)=  0.000000000000000E+000
 mid cld area (tau > 0.3)=  1.831054687500000E-005
 hgh cld area (tau > 0.3)=  0.136640421549479     
 total cld area (tau > 0.3)=  0.136658732096354     
 mean albedo cld (tau > 0.3)   0.605658620582784     
 mean tau cld (tau > 0.3)    13.7981590557588     
 mean top pressure (tau > 0.3)   153.008355348385     
 mean brightness temp (tau > 0.3)   241.962613293283     
 mean clearsky brightness temp (tau > 0.3)   295.014679714955     
 --------------- MODIS Simulator Diagnostics: -----------------
 MODIS PDF:
                      0.3       1.3       3.6       9.4      23.0      60.0
    0.               0.023     0.011     0.010     0.011     0.020     0.053
  180.               0.002     0.002     0.002     0.001     0.000     0.000
  310.               0.000     0.000     0.000     0.000     0.000     0.000
  440.               0.000     0.000     0.000     0.000     0.000     0.000
  560.               0.000     0.000     0.000     0.000     0.000     0.000
  680.               0.000     0.000     0.000     0.000     0.000     0.000
  800.               0.000     0.000     0.000     0.000     0.000     0.000
 low cld area =  0.000000000000000E+000
 mid cld area =  3.051757812500000E-006
 hgh cld area =  0.136499023437500     
 total cld area =  0.136502075195312     
 mean tau cld    70.0019326981468     
 mean top pressure    145.164584475177     
 total cld area (liquid) =  1.017252604166667E-006
 total cld area (ice) =  0.136499023437500     
 mean tau (liquid) =  0.000000000000000E+000
 mean tau (ice) =   70.0034690936385     
 mean lwp (g/m2) =  0.000000000000000E+000
 mean iwp (g/m2) =   1273.73794866074     
 mean reff (liquid)  =  0.000000000000000E+000
 mean reff (ice)  =   33.7706901260605     
 --------------- MISR Simulator Diagnostics: -----------------
 MISR PDF:
            0.0       0.3       1.3       3.6       9.4      23.0      60.0
 99.00     0.000     0.000     0.000     0.000     0.000     0.000     0.000
 17.00     0.000     0.000     0.000     0.000     0.000     0.000     0.002
 15.00     0.000     0.001     0.009     0.008     0.008     0.018     0.051
 13.00     0.000     0.007     0.002     0.002     0.002     0.002     0.000
 11.00     0.000     0.006     0.003     0.003     0.002     0.000     0.000
  9.00     0.000     0.001     0.001     0.000     0.000     0.000     0.000
  7.00     0.000     0.000     0.000     0.000     0.000     0.000     0.000
  5.00     0.000     0.000     0.000     0.000     0.000     0.000     0.000
  4.00     0.000     0.000     0.000     0.000     0.000     0.000     0.000
  3.00     0.000     0.000     0.000     0.000     0.000     0.000     0.000
  2.50     0.000     0.000     0.000     0.000     0.000     0.000     0.000
  2.00     0.000     0.000     0.000     0.000     0.000     0.000     0.000
  1.50     0.000     0.000     0.000     0.000     0.000     0.000     0.000
  1.00     0.000     0.000     0.000     0.000     0.000     0.000     0.000
  0.50     0.000     0.000     0.000     0.000     0.000     0.000     0.000
  0.00     0.007     0.010     0.000     0.000     0.000     0.000     0.000
 total cld area =  0.126990254720052     
 mean top height (m)   13549.8548621727     
 Writting history file 
 rcemip300sst_160_MaxIce20_std2                                                 
  
 Writting 2D data. file:./OUT_2D/bubble_rcemip300sst_160_MaxIce20_std2_64.2Dbin 
                                                                 
 Writting 3D data. file:./OUT_3D/bubble_rcemip300sst_160_MaxIce20_std2_64_000000
 0600.bin3D                                                      
NSTEP =        600   NCYCLE=  2  CFL_adv= 0.405  CFL_sgs= 0.077
 DAY =   0.208333333333333     
 NSTEP=         600
 div:  1.504612041607961E-016 -1.876933610583100E-016
 SST=   300.000000000000     
 surface pressure=   1014.80000000000     
 u:  -8.31904888020745        8.29079504148814     
 v:  -7.95844221738524        8.47356749049712     
 w:  -3.66038539710127        4.05970556873304     
 p:  -13.9000208886659        9.88825195078927     
 t:   298.934927105181        473.442431737502     
 tabs:   200.976947791938        301.006275331192     
 qv:  1.534754327359335E-046  2.020608512246585E-002
 tke:  0.000000000000000E+000   3.40441558180044     
 tk:  0.000000000000000E+000   41.8557626222499     
 tkh:  0.000000000000000E+000   41.8557626222499     
 qcl:  0.000000000000000E+000  1.167017011620351E-004
 qci:  0.000000000000000E+000  4.752105434789031E-003
 qpl:  0.000000000000000E+000  1.846301049871011E-004
 qpi:  0.000000000000000E+000  0.000000000000000E+000
 qrad(K/day):  -52.0550913801275        75.2545182833422     
 shf:  -3.12553787844569        3.65556111890739     
 lhf:   12.7406368760676        62.9378175629368     
 uw: -1.300120063611981E-002  1.011958843230010E-002
 vw: -1.005609063698995E-002  9.629275807635982E-003
 sst:   300.000000000000        300.000000000000     
 ===========================
 total water budget:
 before (mm):         53.23119303350
 after (mm):          53.23128852389
 evaporation (mm):     0.00019790924
 precipitation (mm):   0.00010241885
 large-scale (mm):     0.00000000000
 Imbalance (mm)       0.00000000000
 evap (mm/day):  0.569978602814594     
 prec (mm/day):  0.294966294062951     
 ls (mm/day):  0.000000000000000E+000
 imbalance (mm/day)  2.823577309463143E-011
  imbalance (rel error):  2.669643194683407E-016
 ===========================
CPU TIME =     190.0709 OVER     0.50 MODEL HOURS
 Let's do some shortwave
 Range of zenith angles  0.732661695834013       0.732661695834013     
 Range of surface albedo (asdir)  3.383449086658900E-002  3.383449086658900E-002
 Range of surface albedo (aldir)  3.383449086658900E-002  3.383449086658900E-002
 Range of surface albedo (asdif)  6.000000000000000E-002  6.000000000000000E-002
 Range of surface albedo (aldif)  6.000000000000000E-002  6.000000000000000E-002
 radiation: perpetual sun, solin=   310.282739014381     
 longwave radiation is called
NSTEP =        601   NCYCLE=  2  CFL_adv= 0.408  CFL_sgs= 0.077
NSTEP =        602   NCYCLE=  2  CFL_adv= 0.416  CFL_sgs= 0.077
NSTEP =        603   NCYCLE=  2  CFL_adv= 0.421  CFL_sgs= 0.077
 Collecting statistics...
 name QCSTRG is missing in "lst" file.
NSTEP =        604   NCYCLE=  2  CFL_adv= 0.421  CFL_sgs= 0.072
 DAY =   0.209722222222222     
 NSTEP=         604
 div:  1.357308602693058E-016 -1.315969542493042E-016
 SST=   300.000000000000     
 surface pressure=   1014.80000000000     
 u:  -8.23185641602747        9.18034580434636     
 v:  -8.00495525518843        8.36248473672085     
 w:  -3.07465592411232        4.28174353141906     
 p:  -14.5707576181462        10.5875815390254     
 t:   298.942189888971        473.442142265086     
 tabs:   201.006034297155        301.004982741801     
 qv:  1.689818385286487E-046  2.021197648236731E-002
 tke:  0.000000000000000E+000   3.40502464336935     
 tk:  0.000000000000000E+000   46.1317721544040     
 tkh:  0.000000000000000E+000   46.1317721544040     
 qcl:  0.000000000000000E+000  9.214810812356834E-005
 qci:  0.000000000000000E+000  4.736912069131242E-003
 qpl:  0.000000000000000E+000  2.345755013507474E-004
 qpi:  0.000000000000000E+000  0.000000000000000E+000
 qrad(K/day):  -51.0391595032199        70.3118686014210     
 shf:  -3.11372819483696        3.64586419960925     
 lhf:   12.7305395716134        62.2284025804894     
 uw: -1.300069353507982E-002  9.840114905002029E-003
 vw: -9.889684670218188E-003  9.329461316204764E-003
 sst:   300.000000000000        300.000000000000     
 ===========================
 total water budget:
 before (mm):         53.23158079123
 after (mm):          53.23168013610
 evaporation (mm):     0.00019745828
 precipitation (mm):   0.00009811341
 large-scale (mm):     0.00000000000
 Imbalance (mm)      -0.00000000000
 evap (mm/day):  0.568679832251817     
 prec (mm/day):  0.282566611688927     
 ls (mm/day):  0.000000000000000E+000
 imbalance (mm/day) -1.303917911144037E-011
  imbalance (rel error): -1.334811777391622E-016
 ===========================
NSTEP =        605   NCYCLE=  2  CFL_adv= 0.411  CFL_sgs= 0.072
NSTEP =        606   NCYCLE=  2  CFL_adv= 0.390  CFL_sgs= 0.072
 Let's do some shortwave
 Range of zenith angles  0.732661695834013       0.732661695834013     
 Range of surface albedo (asdir)  3.383449086658900E-002  3.383449086658900E-002
 Range of surface albedo (aldir)  3.383449086658900E-002  3.383449086658900E-002
 Range of surface albedo (asdif)  6.000000000000000E-002  6.000000000000000E-002
 Range of surface albedo (aldif)  6.000000000000000E-002  6.000000000000000E-002
 radiation: perpetual sun, solin=   310.282739019774     
 longwave radiation is called
NSTEP =        607   NCYCLE=  2  CFL_adv= 0.360  CFL_sgs= 0.072
 Collecting statistics...
 name QCSTRG is missing in "lst" file.
NSTEP =        608   NCYCLE=  2  CFL_adv= 0.353  CFL_sgs= 0.072
 DAY =   0.211111111111111     
 NSTEP=         608
 div:  1.054686077346388E-016 -1.285841662186267E-016
 SST=   300.000000000000     
 surface pressure=   1014.80000000000     
 u:  -8.36618888134864        9.69907735713314     
 v:  -7.86375885028913        8.24217169968428     
 w:  -2.33506907709659        3.07400639869018     
 p:  -15.0713579894225        11.1404809860612     
 t:   298.975497358203        473.441572774699     
 tabs:   201.150933021963        301.000686859426     
 qv:  1.731159584508818E-046  2.021832117421668E-002
 tke:  0.000000000000000E+000   2.92291513286041     
 tk:  0.000000000000000E+000   38.0412725630232     
 tkh:  0.000000000000000E+000   38.0412725630232     
 qcl:  0.000000000000000E+000  9.848376852092990E-005
 qci:  0.000000000000000E+000  4.721567933774889E-003
 qpl:  0.000000000000000E+000  2.617271068959901E-004
 qpi:  0.000000000000000E+000  0.000000000000000E+000
 qrad(K/day):  -51.8423936152634        67.2980517082900     
 shf:  -3.09645127467451        3.65806541538852     
 lhf:   12.7054485307698        61.9440682531827     
 uw: -1.255552983706803E-002  9.352519309860518E-003
 vw: -1.001009353191078E-002  8.889994602705380E-003
 sst:   300.000000000000        300.000000000000     
 ===========================
 total water budget:
 before (mm):         53.23198387847
 after (mm):          53.23208701412
 evaporation (mm):     0.00019702688
 precipitation (mm):   0.00009389123
 large-scale (mm):     0.00000000000
 Imbalance (mm)       0.00000000000
 evap (mm/day):  0.567437401802735     
 prec (mm/day):  0.270406730630949     
 ls (mm/day):  0.000000000000000E+000
 imbalance (mm/day) -8.629191111664269E-012
  imbalance (rel error):  0.000000000000000E+000
 ===========================
NSTEP =        609   NCYCLE=  2  CFL_adv= 0.351  CFL_sgs= 0.071
NSTEP =        610   NCYCLE=  2  CFL_adv= 0.353  CFL_sgs= 0.071
NSTEP =        611   NCYCLE=  2  CFL_adv= 0.364  CFL_sgs= 0.071
 Collecting statistics...
 name QCSTRG is missing in "lst" file.
NSTEP =        612   NCYCLE=  2  CFL_adv= 0.371  CFL_sgs= 0.071
 DAY =   0.212500000000000     
 NSTEP=         612
 div:  1.335592939382217E-016 -1.365499251023208E-016
 SST=   300.000000000000     
 surface pressure=   1014.80000000000     
 u:  -8.70719025427352        8.64047960193695     
 v:  -7.19906934493044        8.28301571154707     
 w:  -2.50902407451288        2.43649653256455     
 p:  -15.6661414979156        11.4850446348757     
 t:   298.984702200605        473.440855587356     
 tabs:   201.195561686747        300.992235466721     
 qv:  1.847560374495659E-046  2.022113892438262E-002
 tke:  0.000000000000000E+000   3.10782253410503     
 tk:  0.000000000000000E+000   44.0725434234926     
 tkh:  0.000000000000000E+000   44.0725434234926     
 qcl:  0.000000000000000E+000  1.023674207303292E-004
 qci:  0.000000000000000E+000  4.700342328576496E-003
 qpl:  0.000000000000000E+000  2.333392707394829E-004
 qpi:  0.000000000000000E+000  0.000000000000000E+000
 qrad(K/day):  -51.8423936152634        67.2980517082900     
 shf:  -3.07302668207789        3.69367131943896     
 lhf:   12.7060185040000        61.8819752582866     
 uw: -1.322453303815352E-002  9.123920835483187E-003
 vw: -1.003550116867407E-002  8.621919817218760E-003
 sst:   300.000000000000        300.000000000000     
 ===========================
 total water budget:
 before (mm):         53.23240202147
 after (mm):          53.23250885917
 evaporation (mm):     0.00019660580
 precipitation (mm):   0.00008976810
 large-scale (mm):     0.00000000000
 Imbalance (mm)      -0.00000000000
 evap (mm/day):  0.566224704504315     
 prec (mm/day):  0.258532115966693     
 ls (mm/day):  0.000000000000000E+000
 imbalance (mm/day) -2.738621829312393E-011
  imbalance (rel error): -2.669581994115234E-016
 ===========================
 Let's do some shortwave
 Range of zenith angles  0.732661695834013       0.732661695834013     
 Range of surface albedo (asdir)  3.383449086658900E-002  3.383449086658900E-002
 Range of surface albedo (aldir)  3.383449086658900E-002  3.383449086658900E-002
 Range of surface albedo (asdif)  6.000000000000000E-002  6.000000000000000E-002
 Range of surface albedo (aldif)  6.000000000000000E-002  6.000000000000000E-002
 radiation: perpetual sun, solin=   310.282739025029     
 longwave radiation is called
NSTEP =        613   NCYCLE=  2  CFL_adv= 0.380  CFL_sgs= 0.034
NSTEP =        614   NCYCLE=  2  CFL_adv= 0.384  CFL_sgs= 0.034
NSTEP =        615   NCYCLE=  2  CFL_adv= 0.384  CFL_sgs= 0.034
 Collecting statistics...
 name QCSTRG is missing in "lst" file.
NSTEP =        616   NCYCLE=  2  CFL_adv= 0.383  CFL_sgs= 0.036
 DAY =   0.213888888888889     
 NSTEP=         616
 div:  1.304993213182508E-016 -1.300548626278684E-016
 SST=   300.000000000000     
 surface pressure=   1014.80000000000     
 u:  -8.59461728195265        8.38265086272732     
 v:  -7.38803281711267        8.60373559167660     
 w:  -2.80578338674258        2.73972429890809     
 p:  -15.9618688696988        11.5884452447479     
 t:   298.893203625588        473.439909539763     
 tabs:   201.190555017814        300.978032490639     
 qv:  2.225481225517340E-046  2.021932292859372E-002
 tke:  0.000000000000000E+000   3.56399567461484     
 tk:  0.000000000000000E+000   47.1963695281139     
 tkh:  0.000000000000000E+000   47.1963695281139     
 qcl:  0.000000000000000E+000  9.966717211323125E-005
 qci:  0.000000000000000E+000  4.666710786354730E-003
 qpl:  0.000000000000000E+000  1.901871595987890E-004
 qpi:  0.000000000000000E+000  0.000000000000000E+000
 qrad(K/day):  -49.7251328598762        63.7213307983338     
 shf:  -3.03749320316909        3.69985601365225     
 lhf:   12.7399629173621        61.7607836668712     
 uw: -1.362955870559053E-002  8.722307427467834E-003
 vw: -9.704285901876651E-003  8.798791062972841E-003
 sst:   300.000000000000        300.000000000000     
 ===========================
 total water budget:
 before (mm):         53.23283459754
 after (mm):          53.23294485618
 evaporation (mm):     0.00019619451
 precipitation (mm):   0.00008593587
 large-scale (mm):     0.00000000000
 Imbalance (mm)       0.00000000000
 evap (mm/day):  0.565040202762503     
 prec (mm/day):  0.247495316532124     
 ls (mm/day):  0.000000000000000E+000
 imbalance (mm/day)  1.718094416736093E-011
  imbalance (rel error):  1.334780064638053E-016
 ===========================
NSTEP =        617   NCYCLE=  2  CFL_adv= 0.380  CFL_sgs= 0.034
NSTEP =        618   NCYCLE=  2  CFL_adv= 0.373  CFL_sgs= 0.077
 Let's do some shortwave
 Range of zenith angles  0.732661695834013       0.732661695834013     
 Range of surface albedo (asdir)  3.383449086658900E-002  3.383449086658900E-002
 Range of surface albedo (aldir)  3.383449086658900E-002  3.383449086658900E-002
 Range of surface albedo (asdif)  6.000000000000000E-002  6.000000000000000E-002
 Range of surface albedo (aldif)  6.000000000000000E-002  6.000000000000000E-002
 radiation: perpetual sun, solin=   310.282739030293     
 longwave radiation is called
NSTEP =        619   NCYCLE=  2  CFL_adv= 0.374  CFL_sgs= 0.076
 Collecting statistics...
 name QCSTRG is missing in "lst" file.
NSTEP =        620   NCYCLE=  2  CFL_adv= 0.372  CFL_sgs= 0.076
 DAY =   0.215277777777778     
 NSTEP=         620
 div:  1.705577796028126E-016 -1.512457253601100E-016
 SST=   300.000000000000     
 surface pressure=   1014.80000000000     
 u:  -9.27715050984209        8.11606723130055     
 v:  -7.28934589438926        8.04537583066378     
 w:  -2.43845076643979        2.92689990531739     
 p:  -16.6705180005629        11.4614691810593     
 t:   298.869688003595        473.439413887195     
 tabs:   201.203790682679        300.962974456141     
 qv:  2.656382971878572E-046  2.021737443875916E-002
 tke:  0.000000000000000E+000   3.50248984979742     
 tk:  0.000000000000000E+000   42.2346556167004     
 tkh:  0.000000000000000E+000   42.2346556167004     
 qcl:  0.000000000000000E+000  9.132658498050522E-005
 qci:  0.000000000000000E+000  4.631052567077048E-003
 qpl:  0.000000000000000E+000  1.726287848783511E-004
 qpi:  0.000000000000000E+000  0.000000000000000E+000
 qrad(K/day):  -48.9484260958706        56.2155196301613     
 shf:  -3.00108302027609        3.68361951418669     
 lhf:   12.7152860111343        61.5922632377126     
 uw: -1.320866996836549E-002  8.822004862123308E-003
 vw: -9.408915499176950E-003  8.815065701231105E-003
 sst:   300.000000000000        300.000000000000     
 ===========================
 total water budget:
 before (mm):         53.23328067657
 after (mm):          53.23339437055
 evaporation (mm):     0.00019579189
 precipitation (mm):   0.00008209791
 large-scale (mm):     0.00000000000
 Imbalance (mm)      -0.00000000000
 evap (mm/day):  0.563880651909408     
 prec (mm/day):  0.236441992506935     
 ls (mm/day):  0.000000000000000E+000
 imbalance (mm/day) -1.719316095744050E-011
  imbalance (rel error): -1.334768793464614E-016
 ===========================
NSTEP =        621   NCYCLE=  2  CFL_adv= 0.369  CFL_sgs= 0.075
NSTEP =        622   NCYCLE=  2  CFL_adv= 0.362  CFL_sgs= 0.075
NSTEP =        623   NCYCLE=  2  CFL_adv= 0.354  CFL_sgs= 0.075
 Collecting statistics...
 name QCSTRG is missing in "lst" file.
NSTEP =        624   NCYCLE=  2  CFL_adv= 0.347  CFL_sgs= 0.074
 DAY =   0.216666666666667     
 NSTEP=         624
 div:  1.435179715659995E-016 -1.689036738706014E-016
 SST=   300.000000000000     
 surface pressure=   1014.80000000000     
 u:  -8.12590205093294        7.36065000420005     
 v:  -7.46263594272838        7.84946931274644     
 w:  -3.22058184273441        3.01155982211815     
 p:  -17.1220925212878        11.1320728327843     
 t:   298.915322908539        473.439799288575     
 tabs:   201.202645144889        300.945626759158     
 qv:  2.697768416803239E-046  2.022491599175551E-002
 tke:  0.000000000000000E+000   3.13749352293772     
 tk:  0.000000000000000E+000   36.7745668317136     
 tkh:  0.000000000000000E+000   36.7745668317136     
 qcl:  0.000000000000000E+000  8.497655738479420E-005
 qci:  0.000000000000000E+000  4.605273928948532E-003
 qpl:  0.000000000000000E+000  1.590448864386296E-004
 qpi:  0.000000000000000E+000  0.000000000000000E+000
 qrad(K/day):  -48.9484260958706        56.2155196301613     
 shf:  -2.96004100303518        3.66763196530566     
 lhf:   12.6768564401007        61.3442919616256     
 uw: -1.251910251640263E-002  8.529444712588152E-003
 vw: -9.502936681692701E-003  8.533631829611766E-003
 sst:   300.000000000000        300.000000000000     
 ===========================
 total water budget:
 before (mm):         53.23374100717
 after (mm):          53.23385840908
 evaporation (mm):     0.00019539671
 precipitation (mm):   0.00007799480
 large-scale (mm):     0.00000000000
 Imbalance (mm)      -0.00000000000
 evap (mm/day):  0.562742539126191     
 prec (mm/day):  0.224625021462507     
 ls (mm/day):  0.000000000000000E+000
 imbalance (mm/day) -3.272124758646466E-011
  imbalance (rel error): -1.334757158310474E-016
 ===========================
 Let's do some shortwave
 Range of zenith angles  0.732661695834013       0.732661695834013     
 Range of surface albedo (asdir)  3.383449086658900E-002  3.383449086658900E-002
 Range of surface albedo (aldir)  3.383449086658900E-002  3.383449086658900E-002
 Range of surface albedo (asdif)  6.000000000000000E-002  6.000000000000000E-002
 Range of surface albedo (aldif)  6.000000000000000E-002  6.000000000000000E-002
 radiation: perpetual sun, solin=   310.282739035686     
 longwave radiation is called
NSTEP =        625   NCYCLE=  2  CFL_adv= 0.343  CFL_sgs= 0.074
NSTEP =        626   NCYCLE=  2  CFL_adv= 0.340  CFL_sgs= 0.074
NSTEP =        627   NCYCLE=  2  CFL_adv= 0.339  CFL_sgs= 0.074
 Collecting statistics...
 name QCSTRG is missing in "lst" file.
NSTEP =        628   NCYCLE=  2  CFL_adv= 0.338  CFL_sgs= 0.074
 DAY =   0.218055555555556     
 NSTEP=         628
 div:  1.692605491327985E-016 -2.033891060418038E-016
 SST=   300.000000000000     
 surface pressure=   1014.80000000000     
 u:  -8.64226645172131        7.43827284266060     
 v:  -7.12426370744292        9.11509998609981     
 w:  -3.02515859602316        2.94634384033898     
 p:  -17.0376719425297        10.7471267193726     
 t:   298.958744610776        473.440697316755     
 tabs:   201.198070152154        300.926602017308     
 qv:  2.829327473171383E-046  2.022802637890155E-002
 tke:  0.000000000000000E+000   3.08388689669020     
 tk:  0.000000000000000E+000   35.1048769191703     
 tkh:  0.000000000000000E+000   35.1048769191703     
 qcl:  0.000000000000000E+000  7.930105611137295E-005
 qci:  0.000000000000000E+000  4.589601097780837E-003
 qpl:  0.000000000000000E+000  1.539052274041337E-004
 qpi:  0.000000000000000E+000  0.000000000000000E+000
 qrad(K/day):  -47.4164381596442        54.8720126527486     
 shf:  -2.91540754294214        3.64679061301491     
 lhf:   12.6708563521465        61.0267238378645     
 uw: -1.289446110517907E-002  8.410569927571337E-003
 vw: -9.117035539201634E-003  8.110637132702485E-003
 sst:   300.000000000000        300.000000000000     
 ===========================
 total water budget:
 before (mm):         53.23421594595
 after (mm):          53.23433681077
 evaporation (mm):     0.00019501080
 precipitation (mm):   0.00007414597
 large-scale (mm):     0.00000000000
 Imbalance (mm)       0.00000000000
 evap (mm/day):  0.561631092404333     
 prec (mm/day):  0.213540403919895     
 ls (mm/day):  0.000000000000000E+000
 imbalance (mm/day)  4.620889608453194E-011
  imbalance (rel error):  2.669490326462865E-016
 ===========================
NSTEP =        629   NCYCLE=  2  CFL_adv= 0.339  CFL_sgs= 0.073
NSTEP =        630   NCYCLE=  2  CFL_adv= 0.339  CFL_sgs= 0.073
 Let's do some shortwave
 Range of zenith angles  0.732661695834013       0.732661695834013     
 Range of surface albedo (asdir)  3.383449086658900E-002  3.383449086658900E-002
 Range of surface albedo (aldir)  3.383449086658900E-002  3.383449086658900E-002
 Range of surface albedo (asdif)  6.000000000000000E-002  6.000000000000000E-002
 Range of surface albedo (aldif)  6.000000000000000E-002  6.000000000000000E-002
 radiation: perpetual sun, solin=   310.282739041238     
 longwave radiation is called
NSTEP =        631   NCYCLE=  2  CFL_adv= 0.340  CFL_sgs= 0.073
 Collecting statistics...
 name QCSTRG is missing in "lst" file.
NSTEP =        632   NCYCLE=  2  CFL_adv= 0.344  CFL_sgs= 0.073
 DAY =   0.219444444444444     
 NSTEP=         632
 div:  1.803423055858839E-016 -2.275412760922511E-016
 SST=   300.000000000000     
 surface pressure=   1014.80000000000     
 u:  -8.18998504098093        8.07388802415806     
 v:  -7.52962574521998        8.29222988177918     
 w:  -3.16256046989355        2.92542621333972     
 p:  -16.9477538093144        10.5011642061025     
 t:   298.979347246595        473.442258129375     
 tabs:   201.204321069647        300.905886446164     
 qv:  3.022834761200215E-046  2.022431280200557E-002
 tke:  0.000000000000000E+000   3.06200357112988     
 tk:  0.000000000000000E+000   32.1915429049647     
 tkh:  0.000000000000000E+000   32.1915429049647     
 qcl:  0.000000000000000E+000  8.570810645755652E-005
 qci:  0.000000000000000E+000  4.562461451406143E-003
 qpl:  0.000000000000000E+000  1.553787706416912E-004
 qpi:  0.000000000000000E+000  0.000000000000000E+000
 qrad(K/day):  -44.0005128729802        54.9224446347692     
 shf:  -2.86703446626290        3.54416935761562     
 lhf:   12.7190357533202        60.6641748641996     
 uw: -1.257361348493680E-002  8.379433424603308E-003
 vw: -8.983760547459734E-003  8.251891074430407E-003
 sst:   300.000000000000        300.000000000000     
 ===========================
 total water budget:
 before (mm):         53.23470400858
 after (mm):          53.23482781754
 evaporation (mm):     0.00019463464
 precipitation (mm):   0.00007082568
 large-scale (mm):     0.00000000000
 Imbalance (mm)      -0.00000000000
 evap (mm/day):  0.560547758095353     
 prec (mm/day):  0.203977960774543     
 ls (mm/day):  0.000000000000000E+000
 imbalance (mm/day) -3.680056259725006E-011
  imbalance (rel error): -2.669465704652842E-016
 ===========================
NSTEP =        633   NCYCLE=  2  CFL_adv= 0.349  CFL_sgs= 0.073
NSTEP =        634   NCYCLE=  2  CFL_adv= 0.354  CFL_sgs= 0.073
NSTEP =        635   NCYCLE=  2  CFL_adv= 0.357  CFL_sgs= 0.073
 Collecting statistics...
 name QCSTRG is missing in "lst" file.
NSTEP =        636   NCYCLE=  2  CFL_adv= 0.359  CFL_sgs= 0.077
 DAY =   0.220833333333333     
 NSTEP=         636
 div:  1.479350487020600E-016 -1.663337404505446E-016
 SST=   300.000000000000     
 surface pressure=   1014.80000000000     
 u:  -8.35731981270873        7.67363314809625     
 v:  -7.87040410344288        7.11160234486608     
 w:  -2.88941018321452        3.25353333898852     
 p:  -16.4765339834944        10.4552497118993     
 t:   298.996324534664        473.443829925116     
 tabs:   201.221565796518        300.883464688969     
 qv:  3.449341541937237E-046  2.021760159571099E-002
 tke:  0.000000000000000E+000   3.32150448619239     
 tk:  0.000000000000000E+000   35.3514822710331     
 tkh:  0.000000000000000E+000   35.3514822710331     
 qcl:  0.000000000000000E+000  9.783197677982588E-005
 qci:  0.000000000000000E+000  4.526126178449169E-003
 qpl:  0.000000000000000E+000  1.475783332222476E-004
 qpi:  0.000000000000000E+000  0.000000000000000E+000
 qrad(K/day):  -44.0005128729802        54.9224446347692     
 shf:  -2.81469234915587        3.52743495441239     
 lhf:   12.7502581639066        60.2942184481262     
 uw: -1.233002943206330E-002  8.148033260457301E-003
 vw: -8.433333310685678E-003  8.195266006409893E-003
 sst:   300.000000000000        300.000000000000     
 ===========================
 total water budget:
 before (mm):         53.23520294884
 after (mm):          53.23532913659
 evaporation (mm):     0.00019426814
 precipitation (mm):   0.00006808039
 large-scale (mm):     0.00000000000
 Imbalance (mm)      -0.00000000000
 evap (mm/day):  0.559492236397467     
 prec (mm/day):  0.196071531305756     
 ls (mm/day):  0.000000000000000E+000
 imbalance (mm/day) -3.446001296814050E-011
  imbalance (rel error): -2.669440566196412E-016
 ===========================
 Let's do some shortwave
 Range of zenith angles  0.732661695834013       0.732661695834013     
 Range of surface albedo (asdir)  3.383449086658900E-002  3.383449086658900E-002
 Range of surface albedo (aldir)  3.383449086658900E-002  3.383449086658900E-002
 Range of surface albedo (asdif)  6.000000000000000E-002  6.000000000000000E-002
 Range of surface albedo (aldif)  6.000000000000000E-002  6.000000000000000E-002
 radiation: perpetual sun, solin=   310.282739046975     
 longwave radiation is called
NSTEP =        637   NCYCLE=  2  CFL_adv= 0.360  CFL_sgs= 0.076
NSTEP =        638   NCYCLE=  2  CFL_adv= 0.359  CFL_sgs= 0.076
NSTEP =        639   NCYCLE=  2  CFL_adv= 0.358  CFL_sgs= 0.075
 Collecting statistics...
 name QCSTRG is missing in "lst" file.
NSTEP =        640   NCYCLE=  2  CFL_adv= 0.354  CFL_sgs= 0.075
 DAY =   0.222222222222222     
 NSTEP=         640
 div:  1.670998321171624E-016 -1.834792386919724E-016
 SST=   300.000000000000     
 surface pressure=   1014.80000000000     
 u:  -7.49938730623523        7.44094873443933     
 v:  -7.70782899463582        8.23176156226213     
 w:  -2.54332756255971        3.30340353729002     
 p:  -16.5095157801700        10.2865717255080     
 t:   299.006539928669        473.445877411099     
 tabs:   201.220230668597        300.859008172342     
 qv:  4.271202771942742E-046  2.022093054022037E-002
 tke:  0.000000000000000E+000   3.17628520229756     
 tk:  0.000000000000000E+000   41.3385183707976     
 tkh:  0.000000000000000E+000   41.3385183707976     
 qcl:  0.000000000000000E+000  1.058639448095160E-004
 qci:  0.000000000000000E+000  4.485663023201812E-003
 qpl:  0.000000000000000E+000  1.369850435142045E-004
 qpi:  0.000000000000000E+000  0.000000000000000E+000
 qrad(K/day):  -39.3782127479418        57.9375176960885     
 shf:  -2.75761025294862        3.37535915114956     
 lhf:   12.7110126640373        60.3476959505118     
 uw: -1.262335334476130E-002  8.582406700064740E-003
 vw: -8.143350204844559E-003  8.288051486727632E-003
 sst:   300.000000000000        300.000000000000     
 ===========================
 total water budget:
 before (mm):         53.23571094335
 after (mm):          53.23583929696
 evaporation (mm):     0.00019390905
 precipitation (mm):   0.00006555543
 large-scale (mm):     0.00000000000
 Imbalance (mm)       0.00000000000
 evap (mm/day):  0.558458054243154     
 prec (mm/day):  0.188799647359741     
 ls (mm/day):  0.000000000000000E+000
 imbalance (mm/day)  3.095519934132041E-011
  imbalance (rel error):  1.334707492440440E-016
 ===========================
NSTEP =        641   NCYCLE=  2  CFL_adv= 0.364  CFL_sgs= 0.074
NSTEP =        642   NCYCLE=  2  CFL_adv= 0.361  CFL_sgs= 0.074
 Let's do some shortwave
 Range of zenith angles  0.732661695834013       0.732661695834013     
 Range of surface albedo (asdir)  3.383449086658900E-002  3.383449086658900E-002
 Range of surface albedo (aldir)  3.383449086658900E-002  3.383449086658900E-002
 Range of surface albedo (asdif)  6.000000000000000E-002  6.000000000000000E-002
 Range of surface albedo (aldif)  6.000000000000000E-002  6.000000000000000E-002
 radiation: perpetual sun, solin=   310.282739052922     
 longwave radiation is called
NSTEP =        643   NCYCLE=  2  CFL_adv= 0.363  CFL_sgs= 0.074
 Collecting statistics...
 name QCSTRG is missing in "lst" file.
NSTEP =        644   NCYCLE=  2  CFL_adv= 0.363  CFL_sgs= 0.079
 DAY =   0.223611111111111     
 NSTEP=         644
 div:  2.086328192789477E-016 -2.288557834471892E-016
 SST=   300.000000000000     
 surface pressure=   1014.80000000000     
 u:  -8.08390803304723        7.71020448235454     
 v:  -7.56803862527705        7.92479769307925     
 w:  -2.68998280702788        3.49920289507257     
 p:  -16.8029120331987        10.2196476429167     
 t:   299.010786186249        473.448815011341     
 tabs:   201.218036231774        300.831648776510     
 qv:  5.378542955958175E-046  2.022458785735168E-002
 tke:  0.000000000000000E+000   3.55531338399939     
 tk:  0.000000000000000E+000   45.3799130613701     
 tkh:  0.000000000000000E+000   45.3799130613701     
 qcl:  0.000000000000000E+000  1.127097779997183E-004
 qci:  0.000000000000000E+000  4.470543340161362E-003
 qpl:  0.000000000000000E+000  1.249342888323874E-004
 qpi:  0.000000000000000E+000  0.000000000000000E+000
 qrad(K/day):  -41.1720839852810        60.2353619606944     
 shf:  -2.69372782653123        3.32473612477300     
 lhf:   12.7080686290566        60.3449405051212     
 uw: -1.256874713222443E-002  8.900682183011823E-003
 vw: -8.046219005428498E-003  8.208938446387631E-003
 sst:   300.000000000000        300.000000000000     
 ===========================
 total water budget:
 before (mm):         53.23622781467
 after (mm):          53.23635856398
 evaporation (mm):     0.00019355432
 precipitation (mm):   0.00006280501
 large-scale (mm):     0.00000000000
 Imbalance (mm)      -0.00000000000
 evap (mm/day):  0.557436431647034     
 prec (mm/day):  0.180878415000535     
 ls (mm/day):  0.000000000000000E+000
 imbalance (mm/day) -3.191724228662762E-011
  imbalance (rel error): -2.669388947428274E-016
 ===========================
NSTEP =        645   NCYCLE=  2  CFL_adv= 0.360  CFL_sgs= 0.079
NSTEP =        646   NCYCLE=  2  CFL_adv= 0.353  CFL_sgs= 0.078
NSTEP =        647   NCYCLE=  2  CFL_adv= 0.344  CFL_sgs= 0.078
 Collecting statistics...
 name QCSTRG is missing in "lst" file.
NSTEP =        648   NCYCLE=  2  CFL_adv= 0.332  CFL_sgs= 0.077
 DAY =   0.225000000000000     
 NSTEP=         648
 div:  2.002743625509685E-016 -2.686996934254144E-016
 SST=   300.000000000000     
 surface pressure=   1014.80000000000     
 u:  -7.03833621129898        7.52701472862875     
 v:  -7.78788281838036        7.29387534624171     
 w:  -2.51275540775728        2.95441961030784     
 p:  -16.6187065403721        9.93709656801050     
 t:   299.022905604128        473.452814439275     
 tabs:   201.234755335074        300.800899990313     
 qv:  6.022956010410862E-046  2.022214095790283E-002
 tke:  0.000000000000000E+000   3.40635229178917     
 tk:  0.000000000000000E+000   34.1249202592597     
 tkh:  0.000000000000000E+000   34.1249202592597     
 qcl:  0.000000000000000E+000  1.203140192807307E-004
 qci:  0.000000000000000E+000  4.449760740642631E-003
 qpl:  0.000000000000000E+000  1.195881883161525E-004
 qpi:  0.000000000000000E+000  0.000000000000000E+000
 qrad(K/day):  -41.1720839852810        60.2353619606944     
 shf:  -2.62164866356444        3.20052607890125     
 lhf:   12.7568859742821        60.2465364689625     
 uw: -1.208625570279061E-002  9.142104762210701E-003
 vw: -8.336295161908832E-003  7.875579581768388E-003
 sst:   300.000000000000        300.000000000000     
 ===========================
 total water budget:
 before (mm):         53.23675495170
 after (mm):          53.23688853059
 evaporation (mm):     0.00019320617
 precipitation (mm):   0.00005962728
 large-scale (mm):     0.00000000000
 Imbalance (mm)       0.00000000000
 evap (mm/day):  0.556433781915153     
 prec (mm/day):  0.171726579132524     
 ls (mm/day):  0.000000000000000E+000
 imbalance (mm/day) -1.016889697447176E-011
  imbalance (rel error):  0.000000000000000E+000
 ===========================
 Let's do some shortwave
 Range of zenith angles  0.732661695834013       0.732661695834013     
 Range of surface albedo (asdir)  3.383449086658900E-002  3.383449086658900E-002
 Range of surface albedo (aldir)  3.383449086658900E-002  3.383449086658900E-002
 Range of surface albedo (asdif)  6.000000000000000E-002  6.000000000000000E-002
 Range of surface albedo (aldif)  6.000000000000000E-002  6.000000000000000E-002
 radiation: perpetual sun, solin=   310.282739058996     
 longwave radiation is called
NSTEP =        649   NCYCLE=  2  CFL_adv= 0.327  CFL_sgs= 0.077
NSTEP =        650   NCYCLE=  2  CFL_adv= 0.309  CFL_sgs= 0.077
NSTEP =        651   NCYCLE=  2  CFL_adv= 0.303  CFL_sgs= 0.077
 Collecting statistics...
 name QCSTRG is missing in "lst" file.
NSTEP =        652   NCYCLE=  2  CFL_adv= 0.300  CFL_sgs= 0.076
 DAY =   0.226388888888889     
 NSTEP=         652
 div:  1.888841768599748E-016 -2.227234081231991E-016
 SST=   300.000000000000     
 surface pressure=   1014.80000000000     
 u:  -7.20285514760813        6.95821457707015     
 v:  -7.22343179323990        7.84504796321449     
 w:  -2.33420975452281        2.31346131599191     
 p:  -16.3864070112716        10.1007000108725     
 t:   299.042267157625        473.456993564377     
 tabs:   201.268583324811        300.767389496824     
 qv:  7.200792207226646E-046  2.021487000649641E-002
 tke:  0.000000000000000E+000   2.37813567539284     
 tk:  0.000000000000000E+000   38.5530128150904     
 tkh:  0.000000000000000E+000   38.5530128150904     
 qcl:  0.000000000000000E+000  1.276239676393092E-004
 qci:  0.000000000000000E+000  4.418146303523933E-003
 qpl:  0.000000000000000E+000  1.139428713223099E-004
 qpi:  0.000000000000000E+000  0.000000000000000E+000
 qrad(K/day):  -44.5472654261064        59.4309554556976     
 shf:  -2.54236629653581        3.17012154525656     
 lhf:   12.7630387673635        60.1091079486978     
 uw: -1.292739133610351E-002  9.034062526288356E-003
 vw: -7.982194112755789E-003  8.025665319823431E-003
 sst:   300.000000000000        300.000000000000     
 ===========================
 total water budget:
 before (mm):         53.23729371870
 after (mm):          53.23743025056
 evaporation (mm):     0.00019286297
 precipitation (mm):   0.00005633110
 large-scale (mm):     0.00000000000
 Imbalance (mm)      -0.00000000000
 evap (mm/day):  0.555445349846480     
 prec (mm/day):  0.162233579954104     
 ls (mm/day):  0.000000000000000E+000
 imbalance (mm/day) -1.368588836009321E-011
  imbalance (rel error): -1.334667605885456E-016
 ===========================
NSTEP =        653   NCYCLE=  2  CFL_adv= 0.300  CFL_sgs= 0.028
NSTEP =        654   NCYCLE=  2  CFL_adv= 0.300  CFL_sgs= 0.027
 Let's do some shortwave
 Range of zenith angles  0.732661695834013       0.732661695834013     
 Range of surface albedo (asdir)  3.383449086658900E-002  3.383449086658900E-002
 Range of surface albedo (aldir)  3.383449086658900E-002  3.383449086658900E-002
 Range of surface albedo (asdif)  6.000000000000000E-002  6.000000000000000E-002
 Range of surface albedo (aldif)  6.000000000000000E-002  6.000000000000000E-002
 radiation: perpetual sun, solin=   310.282739065006     
 longwave radiation is called
NSTEP =        655   NCYCLE=  2  CFL_adv= 0.297  CFL_sgs= 0.082
 Collecting statistics...
 name QCSTRG is missing in "lst" file.
NSTEP =        656   NCYCLE=  2  CFL_adv= 0.293  CFL_sgs= 0.081
 DAY =   0.227777777777778     
 NSTEP=         656
 div:  3.012174714465744E-016 -3.412507512773124E-016
 SST=   300.000000000000     
 surface pressure=   1014.80000000000     
 u:  -7.86743028055764        7.05245922784473     
 v:  -7.51697684824848        6.99786469585979     
 w:  -2.51255027555970        1.94475853274413     
 p:  -16.3761819615031        10.9925251743940     
 t:   299.074543732816        473.459622565087     
 tabs:   201.235845649143        300.732287595893     
 qv:  8.921634447012710E-046  2.021568970133767E-002
 tke:  0.000000000000000E+000   3.72367960603634     
 tk:  0.000000000000000E+000   36.0397891309511     
 tkh:  0.000000000000000E+000   36.0397891309511     
 qcl:  0.000000000000000E+000  1.317472225514790E-004
 qci:  0.000000000000000E+000  4.403651330745218E-003
 qpl:  0.000000000000000E+000  1.042508076225422E-004
 qpi:  0.000000000000000E+000  0.000000000000000E+000
 qrad(K/day):  -42.2425281600319        56.0541552914916     
 shf:  -2.45841894429170        3.08509496247303     
 lhf:   12.7032631098262        59.9310393533884     
 uw: -1.325431280341895E-002  8.784248976718553E-003
 vw: -7.906640181077477E-003  7.986268540028369E-003
 sst:   300.000000000000        300.000000000000     
 ===========================
 total water budget:
 before (mm):         53.23784405906
 after (mm):          53.23798333470
 evaporation (mm):     0.00019252480
 precipitation (mm):   0.00005324916
 large-scale (mm):     0.00000000000
 Imbalance (mm)       0.00000000000
 evap (mm/day):  0.554471422520493     
 prec (mm/day):  0.153357584329016     
 ls (mm/day):  0.000000000000000E+000
 imbalance (mm/day)  2.192773306680662E-011
  imbalance (rel error):  1.334653740155733E-016
 ===========================
NSTEP =        657   NCYCLE=  2  CFL_adv= 0.298  CFL_sgs= 0.081
NSTEP =        658   NCYCLE=  2  CFL_adv= 0.292  CFL_sgs= 0.080
NSTEP =        659   NCYCLE=  2  CFL_adv= 0.294  CFL_sgs= 0.080
 Collecting statistics...
 name QCSTRG is missing in "lst" file.
 Writting statistics:nstatsteps=          15
 --------------- ISCCP Simulator Diagnostics: -----------------
 ISCCP PDF:
            0.0       0.3       1.3       3.6       9.4      23.0      60.0
    0.     0.057     0.021     0.011     0.008     0.007     0.017     0.047
  180.     0.002     0.003     0.005     0.007     0.008     0.005     0.000
  310.     0.000     0.000     0.000     0.000     0.000     0.000     0.000
  440.     0.000     0.000     0.000     0.000     0.000     0.000     0.000
  560.     0.000     0.000     0.000     0.000     0.000     0.000     0.000
  680.     0.000     0.000     0.000     0.000     0.000     0.000     0.000
  800.     0.000     0.000     0.000     0.000     0.000     0.000     0.000
 low cld area (tau > 0.3)=  0.000000000000000E+000
 mid cld area (tau > 0.3)=  2.034505208333333E-006
 hgh cld area (tau > 0.3)=  0.139704386393229     
 total cld area (tau > 0.3)=  0.139706420898437     
 mean albedo cld (tau > 0.3)   0.592530019836125     
 mean tau cld (tau > 0.3)    12.9806099542697     
 mean top pressure (tau > 0.3)   163.159217040627     
 mean brightness temp (tau > 0.3)   242.414915199519     
 mean clearsky brightness temp (tau > 0.3)   294.989825739411     
 --------------- MODIS Simulator Diagnostics: -----------------
 MODIS PDF:
                      0.3       1.3       3.6       9.4      23.0      60.0
    0.               0.019     0.011     0.012     0.014     0.022     0.048
  180.               0.004     0.004     0.003     0.001     0.000     0.000
  310.               0.000     0.000     0.000     0.000     0.000     0.000
  440.               0.000     0.000     0.000     0.000     0.000     0.000
  560.               0.000     0.000     0.000     0.000     0.000     0.000
  680.               0.000     0.000     0.000     0.000     0.000     0.000
  800.               0.000     0.000     0.000     0.000     0.000     0.000
 low cld area =  0.000000000000000E+000
 mid cld area =  2.034505208333333E-006
 hgh cld area =  0.139687093098958     
 total cld area =  0.139689127604167     
 mean tau cld    59.7951426124228     
 mean top pressure    152.286063687827     
 total cld area (liquid) =  0.000000000000000E+000
 total cld area (ice) =  0.139687093098958     
 mean tau (liquid) =  -1.00000000000000     
 mean tau (ice) =   59.7959912312931     
 mean lwp (g/m2) =  -1.00000000000000     
 mean iwp (g/m2) =   1058.50310507496     
 mean reff (liquid)  =  -1.00000000000000     
 mean reff (ice)  =   33.4720036833435     
 --------------- MISR Simulator Diagnostics: -----------------
 MISR PDF:
            0.0       0.3       1.3       3.6       9.4      23.0      60.0
 99.00     0.000     0.000     0.000     0.000     0.000     0.000     0.000
 17.00     0.000     0.000     0.000     0.000     0.000     0.000     0.000
 15.00     0.000     0.000     0.006     0.009     0.010     0.021     0.048
 13.00     0.000     0.005     0.005     0.003     0.004     0.002     0.000
 11.00     0.000     0.008     0.004     0.003     0.001     0.000     0.000
  9.00     0.000     0.002     0.002     0.001     0.000     0.000     0.000
  7.00     0.000     0.000     0.000     0.000     0.000     0.000     0.000
  5.00     0.000     0.000     0.000     0.000     0.000     0.000     0.000
  4.00     0.000     0.000     0.000     0.000     0.000     0.000     0.000
  3.00     0.000     0.000     0.000     0.000     0.000     0.000     0.000
  2.50     0.000     0.000     0.000     0.000     0.000     0.000     0.000
  2.00     0.000     0.000     0.000     0.000     0.000     0.000     0.000
  1.50     0.000     0.000     0.000     0.000     0.000     0.000     0.000
  1.00     0.000     0.000     0.000     0.000     0.000     0.000     0.000
  0.50     0.000     0.000     0.000     0.000     0.000     0.000     0.000
  0.00     0.006     0.009     0.000     0.000     0.000     0.000     0.000
 total cld area =  0.131266276041667     
 mean top height (m)   13252.2085496221     
 Writting history file 
 rcemip300sst_160_MaxIce20_std2                                                 
  
NSTEP =        660   NCYCLE=  2  CFL_adv= 0.292  CFL_sgs= 0.080
 DAY =   0.229166666666667     
 NSTEP=         660
 div:  2.605739388532901E-016 -3.141452620577496E-016
 SST=   300.000000000000     
 surface pressure=   1014.80000000000     
 u:  -7.85186947274231        7.53718179761754     
 v:  -7.88124897180408        7.30120018028565     
 w:  -2.57548178015324        1.79671660243435     
 p:  -16.3082228066451        11.6692278814914     
 t:   299.105679000599        473.461282317238     
 tabs:   201.213578684916        300.697506595094     
 qv:  1.137485719389904E-045  2.022210526771048E-002
 tke:  0.000000000000000E+000   3.59238408676994     
 tk:  0.000000000000000E+000   29.9791021013102     
 tkh:  0.000000000000000E+000   29.9791021013102     
 qcl:  0.000000000000000E+000  1.242551922212811E-004
 qci:  0.000000000000000E+000  4.383720541704875E-003
 qpl:  0.000000000000000E+000  9.533115670327512E-005
 qpi:  0.000000000000000E+000  0.000000000000000E+000
 qrad(K/day):  -42.2425281600319        56.0541552914916     
 shf:  -2.37435982486399        3.01723754506528     
 lhf:   12.6438522470333        59.7016712659655     
 uw: -1.287720593881869E-002  8.781335701239705E-003
 vw: -7.729816002644842E-003  7.512498402355502E-003
 sst:   300.000000000000        300.000000000000     
 ===========================
 total water budget:
 before (mm):         53.23840494975
 after (mm):          53.23854670214
 evaporation (mm):     0.00019219330
 precipitation (mm):   0.00005044090
 large-scale (mm):     0.00000000000
 Imbalance (mm)       0.00000000000
 evap (mm/day):  0.553516693476190     
 prec (mm/day):  0.145269802484083     
 ls (mm/day):  0.000000000000000E+000
 imbalance (mm/day) -1.521002074289513E-011
  imbalance (rel error):  0.000000000000000E+000
 ===========================
CPU TIME =     183.0781 OVER     0.50 MODEL HOURS
 Let's do some shortwave
 Range of zenith angles  0.732661695834013       0.732661695834013     
 Range of surface albedo (asdir)  3.383449086658900E-002  3.383449086658900E-002
 Range of surface albedo (aldir)  3.383449086658900E-002  3.383449086658900E-002
 Range of surface albedo (asdif)  6.000000000000000E-002  6.000000000000000E-002
 Range of surface albedo (aldif)  6.000000000000000E-002  6.000000000000000E-002
 radiation: perpetual sun, solin=   310.282739070717     
 longwave radiation is called
NSTEP =        661   NCYCLE=  2  CFL_adv= 0.292  CFL_sgs= 0.079
NSTEP =        662   NCYCLE=  2  CFL_adv= 0.284  CFL_sgs= 0.079
NSTEP =        663   NCYCLE=  2  CFL_adv= 0.280  CFL_sgs= 0.079
 Collecting statistics...
 name QCSTRG is missing in "lst" file.
NSTEP =        664   NCYCLE=  2  CFL_adv= 0.279  CFL_sgs= 0.079
 DAY =   0.230555555555556     
 NSTEP=         664
 div:  3.223033369204254E-016 -3.282322289418629E-016
 SST=   300.000000000000     
 surface pressure=   1014.80000000000     
 u:  -7.88622024848761        6.98901687265390     
 v:  -7.30246514552708        7.05246654880301     
 w:  -2.14812870450709        1.75347051944233     
 p:  -16.2246577483246        12.1602285877092     
 t:   299.120096854265        473.462683816808     
 tabs:   201.201503487345        300.665044725816     
 qv:  1.433258205401489E-045  2.022608627903466E-002
 tke:  0.000000000000000E+000   3.51170751759094     
 tk:  0.000000000000000E+000   39.0887210236743     
 tkh:  0.000000000000000E+000   39.0887210236743     
 qcl:  0.000000000000000E+000  1.267313509672496E-004
 qci:  0.000000000000000E+000  4.355702450249298E-003
 qpl:  0.000000000000000E+000  1.019803109563143E-004
 qpi:  0.000000000000000E+000  0.000000000000000E+000
 qrad(K/day):  -41.1740511192065        51.0775540280512     
 shf:  -2.29583962341013        2.94537115936349     
 lhf:   12.6237552849246        59.4116267645265     
 uw: -1.189143772847629E-002  8.709695774787026E-003
 vw: -7.054299401307873E-003  7.312565521219117E-003
 sst:   300.000000000000        300.000000000000     
 ===========================
 total water budget:
 before (mm):         53.23897532740
 after (mm):          53.23911924870
 evaporation (mm):     0.00019186303
 precipitation (mm):   0.00004794173
 large-scale (mm):     0.00000000000
 Imbalance (mm)       0.00000000000
 evap (mm/day):  0.552565524426107     
 prec (mm/day):  0.138072185038433     
 ls (mm/day):  0.000000000000000E+000
 imbalance (mm/day) -9.051411963695299E-012
  imbalance (rel error):  0.000000000000000E+000
 ===========================
NSTEP =        665   NCYCLE=  2  CFL_adv= 0.276  CFL_sgs= 0.078
NSTEP =        666   NCYCLE=  2  CFL_adv= 0.277  CFL_sgs= 0.078
 Let's do some shortwave
 Range of zenith angles  0.732661695834013       0.732661695834013     
 Range of surface albedo (asdir)  3.383449086658900E-002  3.383449086658900E-002
 Range of surface albedo (aldir)  3.383449086658900E-002  3.383449086658900E-002
 Range of surface albedo (asdif)  6.000000000000000E-002  6.000000000000000E-002
 Range of surface albedo (aldif)  6.000000000000000E-002  6.000000000000000E-002
 radiation: perpetual sun, solin=   310.282739075875     
 longwave radiation is called
NSTEP =        667   NCYCLE=  2  CFL_adv= 0.281  CFL_sgs= 0.078
 Collecting statistics...
 name QCSTRG is missing in "lst" file.
NSTEP =        668   NCYCLE=  2  CFL_adv= 0.282  CFL_sgs= 0.078
 DAY =   0.231944444444444     
 NSTEP=         668
 div:  2.331761026827790E-016 -2.820256398593660E-016
 SST=   300.000000000000     
 surface pressure=   1014.80000000000     
 u:  -7.98634897792982        8.30428290628889     
 v:  -7.30662550218667        6.54114396583649     
 w:  -2.34416021451740        1.73019770066005     
 p:  -16.0347349978139        12.5627126088736     
 t:   299.145805563197        473.464012147093     
 tabs:   201.193368356360        300.633520452251     
 qv:  1.730122037643065E-045  2.022772416108584E-002
 tke:  0.000000000000000E+000   3.00721634396956     
 tk:  0.000000000000000E+000   30.3874134784466     
 tkh:  0.000000000000000E+000   30.3874134784466     
 qcl:  0.000000000000000E+000  1.235776647327082E-004
 qci:  0.000000000000000E+000  4.322491191153318E-003
 qpl:  0.000000000000000E+000  1.030250104917098E-004
 qpi:  0.000000000000000E+000  0.000000000000000E+000
 qrad(K/day):  -37.1710545987946        48.7741268559755     
 shf:  -2.21971066116276        2.91711238012796     
 lhf:   12.6569423105703        59.0624007901838     
 uw: -1.239844580592565E-002  8.682360624210095E-003
 vw: -7.047958378139612E-003  7.097621841333526E-003
 sst:   300.000000000000        300.000000000000     
 ===========================
 total water budget:
 before (mm):         53.23955388831
 after (mm):          53.23969967728
 evaporation (mm):     0.00019153628
 precipitation (mm):   0.00004574731
 large-scale (mm):     0.00000000000
 Imbalance (mm)      -0.00000000000
 evap (mm/day):  0.551624489366311     
 prec (mm/day):  0.131752238858768     
 ls (mm/day):  0.000000000000000E+000
 imbalance (mm/day) -1.911912034940899E-011
  imbalance (rel error): -1.334610713559859E-016
 ===========================
NSTEP =        669   NCYCLE=  2  CFL_adv= 0.295  CFL_sgs= 0.072
NSTEP =        670   NCYCLE=  2  CFL_adv= 0.300  CFL_sgs= 0.072
NSTEP =        671   NCYCLE=  2  CFL_adv= 0.309  CFL_sgs= 0.072
 Collecting statistics...
 name QCSTRG is missing in "lst" file.
NSTEP =        672   NCYCLE=  2  CFL_adv= 0.315  CFL_sgs= 0.072
 DAY =   0.233333333333333     
 NSTEP=         672
 div:  2.528734415766559E-016 -3.564127401714485E-016
 SST=   300.000000000000     
 surface pressure=   1014.80000000000     
 u:  -7.10499251825076        8.93659360770566     
 v:  -8.01198160450990        6.79655900807895     
 w:  -2.81651185783939        1.85124227176549     
 p:  -15.9263028721979        12.8371303429262     
 t:   299.178180072449        473.465281856164     
 tabs:   201.183673842973        300.602845777189     
 qv:  2.172710119972481E-045  2.022662742107729E-002
 tke:  0.000000000000000E+000   2.95941283023127     
 tk:  0.000000000000000E+000   43.0073600549318     
 tkh:  0.000000000000000E+000   43.0073600549318     
 qcl:  0.000000000000000E+000  9.432392227089861E-005
 qci:  0.000000000000000E+000  4.286963758673529E-003
 qpl:  0.000000000000000E+000  9.685817805857145E-005
 qpi:  0.000000000000000E+000  0.000000000000000E+000
 qrad(K/day):  -37.1710545987946        48.7741268559755     
 shf:  -2.14548446351181        2.84343311504403     
 lhf:   12.6936757654636        58.6769514979608     
 uw: -1.233089741531479E-002  8.600195361404831E-003
 vw: -6.866146441176784E-003  7.041413737169227E-003
 sst:   300.000000000000        300.000000000000     
 ===========================
 total water budget:
 before (mm):         53.24013958166
 after (mm):          53.24028700863
 evaporation (mm):     0.00019120694
 precipitation (mm):   0.00004377997
 large-scale (mm):     0.00000000000
 Imbalance (mm)       0.00000000000
 evap (mm/day):  0.550676000521406     
 prec (mm/day):  0.126086319312165     
 ls (mm/day):  0.000000000000000E+000
 imbalance (mm/day)  5.159929124601281E-011
  imbalance (rel error):  2.669191981045779E-016
 ===========================
 Let's do some shortwave
 Range of zenith angles  0.732661695834013       0.732661695834013     
 Range of surface albedo (asdir)  3.383449086658900E-002  3.383449086658900E-002
 Range of surface albedo (aldir)  3.383449086658900E-002  3.383449086658900E-002
 Range of surface albedo (asdif)  6.000000000000000E-002  6.000000000000000E-002
 Range of surface albedo (aldif)  6.000000000000000E-002  6.000000000000000E-002
 radiation: perpetual sun, solin=   310.282739080235     
 longwave radiation is called
NSTEP =        673   NCYCLE=  2  CFL_adv= 0.331  CFL_sgs= 0.031
NSTEP =        674   NCYCLE=  2  CFL_adv= 0.320  CFL_sgs= 0.029
NSTEP =        675   NCYCLE=  2  CFL_adv= 0.319  CFL_sgs= 0.028
 Collecting statistics...
 name QCSTRG is missing in "lst" file.
NSTEP =        676   NCYCLE=  2  CFL_adv= 0.326  CFL_sgs= 0.027
 DAY =   0.234722222222222     
 NSTEP=         676
 div:  2.802156207384263E-016 -3.353027630277302E-016
 SST=   300.000000000000     
 surface pressure=   1014.80000000000     
 u:  -7.94876069165126        7.67908887850948     
 v:  -7.29069163257213        6.79057663168131     
 w:  -3.03780903411219        1.71460020871308     
 p:  -15.7010575397971        12.9630206437189     
 t:   299.169105368191        473.466508463067     
 tabs:   201.170777935567        300.581557725855     
 qv:  2.345808542379353E-045  2.023639952546211E-002
 tke:  0.000000000000000E+000   2.15582574896636     
 tk:  0.000000000000000E+000   35.3582445549113     
 tkh:  0.000000000000000E+000   35.3582445549113     
 qcl:  0.000000000000000E+000  9.660427243795205E-005
 qci:  0.000000000000000E+000  4.249551188697795E-003
 qpl:  0.000000000000000E+000  8.648501588750421E-005
 qpi:  0.000000000000000E+000  0.000000000000000E+000
 qrad(K/day):  -35.3230892930564        47.1645888843994     
 shf:  -2.10964702296346        2.85607223141896     
 lhf:   12.6478271977311        58.2822688697990     
 uw: -1.169755549314287E-002  8.574661061055864E-003
 vw: -6.718712137169544E-003  7.293626278277169E-003
 sst:   300.000000000000        300.000000000000     
 ===========================
 total water budget:
 before (mm):         53.24073140879
 after (mm):          53.24088018478
 evaporation (mm):     0.00019087831
 precipitation (mm):   0.00004210232
 large-scale (mm):     0.00000000000
 Imbalance (mm)       0.00000000000
 evap (mm/day):  0.549729537055086     
 prec (mm/day):  0.121254671715768     
 ls (mm/day):  0.000000000000000E+000
 imbalance (mm/day) -2.579342989195155E-012
  imbalance (rel error):  0.000000000000000E+000
 ===========================
NSTEP =        677   NCYCLE=  2  CFL_adv= 0.332  CFL_sgs= 0.027
NSTEP =        678   NCYCLE=  2  CFL_adv= 0.325  CFL_sgs= 0.028
 Let's do some shortwave
 Range of zenith angles  0.732661695834013       0.732661695834013     
 Range of surface albedo (asdir)  3.383449086658900E-002  3.383449086658900E-002
 Range of surface albedo (aldir)  3.383449086658900E-002  3.383449086658900E-002
 Range of surface albedo (asdif)  6.000000000000000E-002  6.000000000000000E-002
 Range of surface albedo (aldif)  6.000000000000000E-002  6.000000000000000E-002
 radiation: perpetual sun, solin=   310.282739083640     
 longwave radiation is called
NSTEP =        679   NCYCLE=  2  CFL_adv= 0.319  CFL_sgs= 0.028
 Collecting statistics...
 name QCSTRG is missing in "lst" file.
NSTEP =        680   NCYCLE=  2  CFL_adv= 0.327  CFL_sgs= 0.027
 DAY =   0.236111111111111     
 NSTEP=         680
 div:  3.369608316060479E-016 -4.137700989115974E-016
 SST=   300.000000000000     
 surface pressure=   1014.80000000000     
 u:  -7.64541174034475        7.16652190899250     
 v:  -6.87946641544933        6.00096464800863     
 w:  -3.16969083866355        1.45771386176071     
 p:  -15.4620945599267        13.2023690729803     
 t:   299.164281773626        473.467653218176     
 tabs:   201.157274142819        300.578201097328     
 qv:  2.534364250162782E-045  2.024427194159647E-002
 tke:  0.000000000000000E+000   2.24160182690061     
 tk:  0.000000000000000E+000   37.4299497970927     
 tkh:  0.000000000000000E+000   37.4299497970927     
 qcl:  0.000000000000000E+000  7.510411222772576E-005
 qci:  0.000000000000000E+000  4.224372379165221E-003
 qpl:  0.000000000000000E+000  8.192418249611201E-005
 qpi:  0.000000000000000E+000  0.000000000000000E+000
 qrad(K/day):  -36.0126777040792        46.3476347224895     
 shf:  -2.09976010393026        2.86471162289884     
 lhf:   12.6071729395996        57.9036783174994     
 uw: -1.060057748956006E-002  9.159278076358354E-003
 vw: -6.740404887996066E-003  7.444137503784065E-003
 sst:   300.000000000000        300.000000000000     
 ===========================
 total water budget:
 before (mm):         53.24132822011
 after (mm):          53.24147810094
 evaporation (mm):     0.00019055016
 precipitation (mm):   0.00004066934
 large-scale (mm):     0.00000000000
 Imbalance (mm)       0.00000000000
 evap (mm/day):  0.548784470688481     
 prec (mm/day):  0.117127697037209     
 ls (mm/day):  0.000000000000000E+000
 imbalance (mm/day)  3.378998253075749E-011
  imbalance (rel error):  2.669132267188456E-016
 ===========================
NSTEP =        681   NCYCLE=  2  CFL_adv= 0.349  CFL_sgs= 0.027
NSTEP =        682   NCYCLE=  2  CFL_adv= 0.345  CFL_sgs= 0.031
NSTEP =        683   NCYCLE=  2  CFL_adv= 0.347  CFL_sgs= 0.031
 Collecting statistics...
 name QCSTRG is missing in "lst" file.
NSTEP =        684   NCYCLE=  2  CFL_adv= 0.348  CFL_sgs= 0.031
 DAY =   0.237500000000000     
 NSTEP=         684
 div:  2.805038878732590E-016 -3.295966749995894E-016
 SST=   300.000000000000     
 surface pressure=   1014.80000000000     
 u:  -7.47029663650660        8.01558599684548     
 v:  -7.41082584627193        6.85490521555912     
 w:  -3.45504322118396        1.47170647107055     
 p:  -16.2799434092111        13.3337319102315     
 t:   299.178073437739        473.468979698462     
 tabs:   201.149314551647        300.576068653655     
 qv:  2.724009745321468E-045  2.024698692466503E-002
 tke:  0.000000000000000E+000   2.08936276550856     
 tk:  0.000000000000000E+000   36.1365705130253     
 tkh:  0.000000000000000E+000   36.1365705130253     
 qcl:  0.000000000000000E+000  1.363557458384239E-005
 qci:  0.000000000000000E+000  4.192726568712990E-003
 qpl:  0.000000000000000E+000  7.793846763492667E-005
 qpi:  0.000000000000000E+000  0.000000000000000E+000
 qrad(K/day):  -36.0126777040792        46.3476347224895     
 shf:  -2.09316318725289        2.85214151415533     
 lhf:   12.6051188838698        57.9459630123744     
 uw: -1.048035620700423E-002  9.111645352391661E-003
 vw: -6.761398872288420E-003  7.396553079739523E-003
 sst:   300.000000000000        300.000000000000     
 ===========================
 total water budget:
 before (mm):         53.24192929017
 after (mm):          53.24208019290
 evaporation (mm):     0.00019021865
 precipitation (mm):   0.00003931592
 large-scale (mm):     0.00000000000
 Imbalance (mm)       0.00000000000
 evap (mm/day):  0.547829707558805     
 prec (mm/day):  0.113229840645471     
 ls (mm/day):  0.000000000000000E+000
 imbalance (mm/day)  4.673704782562349E-011
  imbalance (rel error):  4.003653124666030E-016
 ===========================
 Let's do some shortwave
 Range of zenith angles  0.732661695834013       0.732661695834013     
 Range of surface albedo (asdir)  3.383449086658900E-002  3.383449086658900E-002
 Range of surface albedo (aldir)  3.383449086658900E-002  3.383449086658900E-002
 Range of surface albedo (asdif)  6.000000000000000E-002  6.000000000000000E-002
 Range of surface albedo (aldif)  6.000000000000000E-002  6.000000000000000E-002
 radiation: perpetual sun, solin=   310.282739086040     
 longwave radiation is called
NSTEP =        685   NCYCLE=  2  CFL_adv= 0.373  CFL_sgs= 0.031
NSTEP =        686   NCYCLE=  2  CFL_adv= 0.369  CFL_sgs= 0.031
NSTEP =        687   NCYCLE=  2  CFL_adv= 0.368  CFL_sgs= 0.031
 Collecting statistics...
 name QCSTRG is missing in "lst" file.
NSTEP =        688   NCYCLE=  2  CFL_adv= 0.363  CFL_sgs= 0.030
 DAY =   0.238888888888889     
 NSTEP=         688
 div:  3.761223590047377E-016 -4.502826059108751E-016
 SST=   300.000000000000     
 surface pressure=   1014.80000000000     
 u:  -7.99614630864654        7.47679071293884     
 v:  -6.87946902168760        7.46466519645201     
 w:  -3.24140974895807        1.70945288239694     
 p:  -16.9751578319558        13.3043761082858     
 t:   299.210166700515        473.470512550759     
 tabs:   201.154294759917        300.574223182822     
 qv:  2.930284914894627E-045  2.024323321886909E-002
 tke:  0.000000000000000E+000   1.81782615539454     
 tk:  0.000000000000000E+000   33.7066958796259     
 tkh:  0.000000000000000E+000   33.7066958796259     
 qcl:  0.000000000000000E+000  1.151052094411699E-005
 qci:  0.000000000000000E+000  4.154599213983250E-003
 qpl:  0.000000000000000E+000  7.688836829883449E-005
 qpi:  0.000000000000000E+000  0.000000000000000E+000
 qrad(K/day):  -34.5648377386870        47.3119078095576     
 shf:  -2.08779917574169        2.78438740195644     
 lhf:   12.6522027061544        57.8405372914078     
 uw: -1.028201070152019E-002  8.733003851293141E-003
 vw: -6.761745051163769E-003  7.087003060490395E-003
 sst:   300.000000000000        300.000000000000     
 ===========================
 total water budget:
 before (mm):         53.24253437035
 after (mm):          53.24268623275
 evaporation (mm):     0.00018988616
 precipitation (mm):   0.00003802376
 large-scale (mm):     0.00000000000
 Imbalance (mm)       0.00000000000
 evap (mm/day):  0.546872133486609     
 prec (mm/day):  0.109508416840905     
 ls (mm/day):  0.000000000000000E+000
 imbalance (mm/day)  7.476792622529427E-012
  imbalance (rel error):  1.334535850903477E-016
 ===========================
NSTEP =        689   NCYCLE=  2  CFL_adv= 0.370  CFL_sgs= 0.030
NSTEP =        690   NCYCLE=  2  CFL_adv= 0.371  CFL_sgs= 0.030
 Let's do some shortwave
 Range of zenith angles  0.732661695834013       0.732661695834013     
 Range of surface albedo (asdir)  3.383449086658900E-002  3.383449086658900E-002
 Range of surface albedo (aldir)  3.383449086658900E-002  3.383449086658900E-002
 Range of surface albedo (asdif)  6.000000000000000E-002  6.000000000000000E-002
 Range of surface albedo (aldif)  6.000000000000000E-002  6.000000000000000E-002
 radiation: perpetual sun, solin=   310.282739087429     
 longwave radiation is called
NSTEP =        691   NCYCLE=  2  CFL_adv= 0.367  CFL_sgs= 0.030
 Collecting statistics...
 name QCSTRG is missing in "lst" file.
NSTEP =        692   NCYCLE=  2  CFL_adv= 0.359  CFL_sgs= 0.030
 DAY =   0.240277777777778     
 NSTEP=         692
 div:  3.272646355308238E-016 -4.348128631084752E-016
 SST=   300.000000000000     
 surface pressure=   1014.80000000000     
 u:  -7.16299629418165        6.89938460755266     
 v:  -6.41282655838533        6.88982125673460     
 w:  -2.89964801315230        1.74177185596934     
 p:  -17.5186417492625        13.1783225219233     
 t:   299.234023666033        473.472246517967     
 tabs:   201.176320009138        300.571432006811     
 qv:  3.176841599178582E-045  2.023257046725403E-002
 tke:  0.000000000000000E+000   1.55698014332462     
 tk:  0.000000000000000E+000   30.8271463752907     
 tkh:  0.000000000000000E+000   30.8271463752907     
 qcl:  0.000000000000000E+000  0.000000000000000E+000
 qci:  0.000000000000000E+000  4.136094627657229E-003
 qpl:  0.000000000000000E+000  7.343451162708144E-005
 qpi:  0.000000000000000E+000  0.000000000000000E+000
 qrad(K/day):  -33.3403012727439        48.7081539857510     
 shf:  -2.08057268230521        2.78729730765221     
 lhf:   12.6400028443770        57.9200624855604     
 uw: -9.729726863626746E-003  8.902062370604768E-003
 vw: -6.799911145560297E-003  7.013282338837004E-003
 sst:   300.000000000000        300.000000000000     
 ===========================
 total water budget:
 before (mm):         53.24314310329
 after (mm):          53.24329577904
 evaporation (mm):     0.00018955272
 precipitation (mm):   0.00003687697
 large-scale (mm):     0.00000000000
 Imbalance (mm)      -0.00000000000
 evap (mm/day):  0.545911831046162     
 prec (mm/day):  0.106205671951324     
 ls (mm/day):  0.000000000000000E+000
 imbalance (mm/day) -1.091250137127964E-011
  imbalance (rel error): -1.334520572709871E-016
 ===========================
NSTEP =        693   NCYCLE=  2  CFL_adv= 0.351  CFL_sgs= 0.030
NSTEP =        694   NCYCLE=  2  CFL_adv= 0.337  CFL_sgs= 0.030
NSTEP =        695   NCYCLE=  2  CFL_adv= 0.323  CFL_sgs= 0.030
 Collecting statistics...
 name QCSTRG is missing in "lst" file.
NSTEP =        696   NCYCLE=  2  CFL_adv= 0.309  CFL_sgs= 0.030
 DAY =   0.241666666666667     
 NSTEP=         696
 div:  3.433076594810677E-016 -4.135585405468907E-016
 SST=   300.000000000000     
 surface pressure=   1014.80000000000     
 u:  -6.74602693877112        6.65221095644154     
 v:  -6.71853884751898        6.01120044622729     
 w:  -2.46230779859096        1.71769856861344     
 p:  -17.8665769260607        12.8971865775466     
 t:   299.240730597713        473.473346699617     
 tabs:   201.213926293151        300.566681391732     
 qv:  3.447963959169085E-045  2.023416748038962E-002
 tke:  0.000000000000000E+000   1.56525509671862     
 tk:  0.000000000000000E+000   29.4648527701704     
 tkh:  0.000000000000000E+000   29.4648527701704     
 qcl:  0.000000000000000E+000  0.000000000000000E+000
 qci:  0.000000000000000E+000  4.118562988491357E-003
 qpl:  0.000000000000000E+000  8.133047607474561E-005
 qpi:  0.000000000000000E+000  0.000000000000000E+000
 qrad(K/day):  -33.3403012727439        48.7081539857510     
 shf:  -2.06878007359382        2.67529423597389     
 lhf:   12.6180644245444        57.9324161901176     
 uw: -9.248048587589012E-003  8.578644246199673E-003
 vw: -6.803186609845584E-003  7.128454618496424E-003
 sst:   300.000000000000        300.000000000000     
 ===========================
 total water budget:
 before (mm):         53.24375478215
 after (mm):          53.24390807216
 evaporation (mm):     0.00018921446
 precipitation (mm):   0.00003592445
 large-scale (mm):     0.00000000000
 Imbalance (mm)       0.00000000000
 evap (mm/day):  0.544937644523351     
 prec (mm/day):  0.103462417473942     
 ls (mm/day):  0.000000000000000E+000
 imbalance (mm/day)  3.751452273825784E-012
  imbalance (rel error):  1.334505226019612E-016
 ===========================
 Let's do some shortwave
 Range of zenith angles  0.732661695834013       0.732661695834013     
 Range of surface albedo (asdir)  3.383449086658900E-002  3.383449086658900E-002
 Range of surface albedo (aldir)  3.383449086658900E-002  3.383449086658900E-002
 Range of surface albedo (asdif)  6.000000000000000E-002  6.000000000000000E-002
 Range of surface albedo (aldif)  6.000000000000000E-002  6.000000000000000E-002
 radiation: perpetual sun, solin=   310.282739087801     
 longwave radiation is called
NSTEP =        697   NCYCLE=  2  CFL_adv= 0.301  CFL_sgs= 0.030
NSTEP =        698   NCYCLE=  2  CFL_adv= 0.291  CFL_sgs= 0.030
NSTEP =        699   NCYCLE=  2  CFL_adv= 0.291  CFL_sgs= 0.029
 Collecting statistics...
 name QCSTRG is missing in "lst" file.
NSTEP =        700   NCYCLE=  2  CFL_adv= 0.290  CFL_sgs= 0.029
 DAY =   0.243055555555556     
 NSTEP=         700
 div:  2.910367751248158E-016 -3.483431150329506E-016
 SST=   300.000000000000     
 surface pressure=   1014.80000000000     
 u:  -7.24891483852814        7.08789223745416     
 v:  -6.78527713465031        6.45179043323111     
 w:  -2.43518018417832        1.78818073452739     
 p:  -17.9502222981790        12.4136645943471     
 t:   299.242434395483        473.474010099372     
 tabs:   201.206003866138        300.559649566579     
 qv:  3.670279392912046E-045  2.023777480039129E-002
 tke:  0.000000000000000E+000   2.00047104440721     
 tk:  0.000000000000000E+000   35.3595022978903     
 tkh:  0.000000000000000E+000   35.3595022978903     
 qcl:  0.000000000000000E+000  0.000000000000000E+000
 qci:  0.000000000000000E+000  4.100444988516486E-003
 qpl:  0.000000000000000E+000  7.482550370108116E-005
 qpi:  0.000000000000000E+000  0.000000000000000E+000
 qrad(K/day):  -33.2222017876156        49.3295699976653     
 shf:  -2.05128949199190        2.65008472340090     
 lhf:   12.5955272363567        57.9108454334962     
 uw: -8.444077417470308E-003  8.976564483442676E-003
 vw: -6.797016359992643E-003  6.832397480710799E-003
 sst:   300.000000000000        300.000000000000     
 ===========================
 total water budget:
 before (mm):         53.24436865002
 after (mm):          53.24452236213
 evaporation (mm):     0.00018887557
 precipitation (mm):   0.00003516346
 large-scale (mm):     0.00000000000
 Imbalance (mm)       0.00000000000
 evap (mm/day):  0.543961654864020     
 prec (mm/day):  0.101270768859260     
 ls (mm/day):  0.000000000000000E+000
 imbalance (mm/day)  2.028720941238404E-011
  imbalance (rel error):  1.334489829634477E-016
 ===========================
NSTEP =        701   NCYCLE=  2  CFL_adv= 0.299  CFL_sgs= 0.028
NSTEP =        702   NCYCLE=  2  CFL_adv= 0.288  CFL_sgs= 0.027
 Let's do some shortwave
 Range of zenith angles  0.732661695834013       0.732661695834013     
 Range of surface albedo (asdir)  3.383449086658900E-002  3.383449086658900E-002
 Range of surface albedo (aldir)  3.383449086658900E-002  3.383449086658900E-002
 Range of surface albedo (asdif)  6.000000000000000E-002  6.000000000000000E-002
 Range of surface albedo (aldif)  6.000000000000000E-002  6.000000000000000E-002
 radiation: perpetual sun, solin=   310.282739087161     
 longwave radiation is called
NSTEP =        703   NCYCLE=  2  CFL_adv= 0.292  CFL_sgs= 0.027
 Collecting statistics...
 name QCSTRG is missing in "lst" file.
NSTEP =        704   NCYCLE=  2  CFL_adv= 0.300  CFL_sgs= 0.026
 DAY =   0.244444444444444     
 NSTEP=         704
 div:  2.664916394546907E-016 -3.879455180749641E-016
 SST=   300.000000000000     
 surface pressure=   1014.80000000000     
 u:  -6.57563823125806        6.67255929897501     
 v:  -6.68864540375250        6.37503111230860     
 w:  -2.56087387614220        1.57815719475195     
 p:  -17.7504025695426        11.9606128469043     
 t:   299.244212284705        473.474627749799     
 tabs:   201.178957296606        300.550884715856     
 qv:  3.755774928035809E-045  2.024533320690992E-002
 tke:  0.000000000000000E+000   1.41016432171068     
 tk:  0.000000000000000E+000   29.6875849652540     
 tkh:  0.000000000000000E+000   29.6875849652540     
 qcl:  0.000000000000000E+000  0.000000000000000E+000
 qci:  0.000000000000000E+000  4.080991838517097E-003
 qpl:  0.000000000000000E+000  9.324519076952871E-005
 qpi:  0.000000000000000E+000  0.000000000000000E+000
 qrad(K/day):  -32.1354426180053        46.4111485691987     
 shf:  -2.02931052460140        2.57457990419428     
 lhf:   12.5489501013402        57.8097034646057     
 uw: -8.736935040779728E-003  9.035187142773715E-003
 vw: -6.956839441861200E-003  6.995922998348909E-003
 sst:   300.000000000000        300.000000000000     
 ===========================
 total water budget:
 before (mm):         53.24498376297
 after (mm):          53.24513756025
 evaporation (mm):     0.00018853261
 precipitation (mm):   0.00003473533
 large-scale (mm):     0.00000000000
 Imbalance (mm)       0.00000000000
 evap (mm/day):  0.542973915780536     
 prec (mm/day):  0.100037752361464     
 ls (mm/day):  0.000000000000000E+000
 imbalance (mm/day)  7.343256861955250E-011
  imbalance (rel error):  4.003423232531242E-016
 ===========================
NSTEP =        705   NCYCLE=  2  CFL_adv= 0.318  CFL_sgs= 0.026
NSTEP =        706   NCYCLE=  2  CFL_adv= 0.318  CFL_sgs= 0.026
NSTEP =        707   NCYCLE=  2  CFL_adv= 0.328  CFL_sgs= 0.026
 Collecting statistics...
 name QCSTRG is missing in "lst" file.
NSTEP =        708   NCYCLE=  2  CFL_adv= 0.336  CFL_sgs= 0.025
 DAY =   0.245833333333333     
 NSTEP=         708
 div:  4.211291682951506E-016 -3.906850155225386E-016
 SST=   300.000000000000     
 surface pressure=   1014.80000000000     
 u:  -6.18539925224431        6.63300312301924     
 v:  -6.81637467733116        6.49583110401256     
 w:  -3.04152540328724        1.68356406560094     
 p:  -17.2961325391852        12.0392017558180     
 t:   299.246854764105        473.475498061723     
 tabs:   201.149436189180        300.540986878083     
 qv:  3.768052702572778E-045  2.024912992650672E-002
 tke:  0.000000000000000E+000   1.44834371512665     
 tk:  0.000000000000000E+000   28.8435137927638     
 tkh:  0.000000000000000E+000   28.8435137927638     
 qcl:  0.000000000000000E+000  0.000000000000000E+000
 qci:  0.000000000000000E+000  4.059237000365153E-003
 qpl:  0.000000000000000E+000  9.604151388821604E-005
 qpi:  0.000000000000000E+000  0.000000000000000E+000
 qrad(K/day):  -32.1354426180053        46.4111485691987     
 shf:  -2.00441809878786        2.44250707192670     
 lhf:   12.5346749850221        57.6394980439740     
 uw: -8.623228999135205E-003  8.675152136267230E-003
 vw: -6.994450909103738E-003  7.065289892843080E-003
 sst:   300.000000000000        300.000000000000     
 ===========================
 total water budget:
 before (mm):         53.24559852504
 after (mm):          53.24575194625
 evaporation (mm):     0.00018818952
 precipitation (mm):   0.00003476831
 large-scale (mm):     0.00000000000
 Imbalance (mm)       0.00000000000
 evap (mm/day):  0.541985816840267     
 prec (mm/day):  0.100132730823512     
 ls (mm/day):  0.000000000000000E+000
 imbalance (mm/day) -6.031210687124089E-012
  imbalance (rel error):  0.000000000000000E+000
 ===========================
 Let's do some shortwave
 Range of zenith angles  0.732661695834013       0.732661695834013     
 Range of surface albedo (asdir)  3.383449086658900E-002  3.383449086658900E-002
 Range of surface albedo (aldir)  3.383449086658900E-002  3.383449086658900E-002
 Range of surface albedo (asdif)  6.000000000000000E-002  6.000000000000000E-002
 Range of surface albedo (aldif)  6.000000000000000E-002  6.000000000000000E-002
 radiation: perpetual sun, solin=   310.282739085488     
 longwave radiation is called
NSTEP =        709   NCYCLE=  2  CFL_adv= 0.362  CFL_sgs= 0.025
NSTEP =        710   NCYCLE=  2  CFL_adv= 0.353  CFL_sgs= 0.024
NSTEP =        711   NCYCLE=  2  CFL_adv= 0.360  CFL_sgs= 0.024
 Collecting statistics...
 name QCSTRG is missing in "lst" file.
NSTEP =        712   NCYCLE=  2  CFL_adv= 0.364  CFL_sgs= 0.029
 DAY =   0.247222222222222     
 NSTEP=         712
 div:  4.079596998897272E-016 -4.060998272899335E-016
 SST=   300.000000000000     
 surface pressure=   1014.80000000000     
 u:  -6.02834066152268        6.78454652060439     
 v:  -6.24038418251898        6.25899410030355     
 w:  -3.26630952440556        1.75459161113967     
 p:  -16.6960937156196        12.2520376167397     
 t:   299.252758038602        473.476595502279     
 tabs:   201.093669344666        300.530255689418     
 qv:  3.911209961039216E-045  2.024811880555508E-002
 tke:  0.000000000000000E+000   2.39859779461823     
 tk:  0.000000000000000E+000   38.7185178130103     
 tkh:  0.000000000000000E+000   38.7185178130103     
 qcl:  0.000000000000000E+000  0.000000000000000E+000
 qci:  0.000000000000000E+000  4.033975011635376E-003
 qpl:  0.000000000000000E+000  1.410697352259355E-004
 qpi:  0.000000000000000E+000  0.000000000000000E+000
 qrad(K/day):  -34.0501569557778        45.0758276972673     
 shf:  -1.97741390399321        2.40962836942546     
 lhf:   12.5566363506190        57.5148612052516     
 uw: -8.186541524834300E-003  8.493062608526605E-003
 vw: -7.199071993635403E-003  6.780242183157776E-003
 sst:   300.000000000000        300.000000000000     
 ===========================
 total water budget:
 before (mm):         53.24621118028
 after (mm):          53.24636384711
 evaporation (mm):     0.00018784661
 precipitation (mm):   0.00003517978
 large-scale (mm):     0.00000000000
 Imbalance (mm)       0.00000000000
 evap (mm/day):  0.540998238232895     
 prec (mm/day):  0.101317757713694     
 ls (mm/day):  0.000000000000000E+000
 imbalance (mm/day)  2.728461987594466E-012
  imbalance (rel error):  1.334443677319094E-016
 ===========================
NSTEP =        713   NCYCLE=  2  CFL_adv= 0.375  CFL_sgs= 0.028
NSTEP =        714   NCYCLE=  2  CFL_adv= 0.362  CFL_sgs= 0.027
 Let's do some shortwave
 Range of zenith angles  0.732661695834013       0.732661695834013     
 Range of surface albedo (asdir)  3.383449086658900E-002  3.383449086658900E-002
 Range of surface albedo (aldir)  3.383449086658900E-002  3.383449086658900E-002
 Range of surface albedo (asdif)  6.000000000000000E-002  6.000000000000000E-002
 Range of surface albedo (aldif)  6.000000000000000E-002  6.000000000000000E-002
 radiation: perpetual sun, solin=   310.282739082713     
 longwave radiation is called
NSTEP =        715   NCYCLE=  2  CFL_adv= 0.361  CFL_sgs= 0.026
 Collecting statistics...
 name QCSTRG is missing in "lst" file.
NSTEP =        716   NCYCLE=  2  CFL_adv= 0.367  CFL_sgs= 0.026
 DAY =   0.248611111111111     
 NSTEP=         716
 div:  3.704640566622514E-016 -3.590512829455553E-016
 SST=   300.000000000000     
 surface pressure=   1014.80000000000     
 u:  -6.44242503562508        5.92031367931459     
 v:  -5.96268612715709        6.35995859099115     
 w:  -3.22746865869215        1.61134722948759     
 p:  -16.2444694329228        12.3788935764412     
 t:   299.254952209896        473.478002506704     
 tabs:   201.076090828885        300.518596402058     
 qv:  4.157208971002203E-045  2.024477059133005E-002
 tke:  0.000000000000000E+000   1.95222285297006     
 tk:  0.000000000000000E+000   34.9304921681085     
 tkh:  0.000000000000000E+000   34.9304921681085     
 qcl:  0.000000000000000E+000  0.000000000000000E+000
 qci:  0.000000000000000E+000  4.021488364931913E-003
 qpl:  0.000000000000000E+000  1.564605884279557E-004
 qpi:  0.000000000000000E+000  0.000000000000000E+000
 qrad(K/day):  -29.4968261302436        44.1946926998975     
 shf:  -1.94809243885132        2.29470991856720     
 lhf:   12.4987714282013        57.3836765889219     
 uw: -7.572237746471547E-003  8.359397698992892E-003
 vw: -7.190507787482443E-003  6.732987093643414E-003
 sst:   300.000000000000        300.000000000000     
 ===========================
 total water budget:
 before (mm):         53.24682033852
 after (mm):          53.24697192905
 evaporation (mm):     0.00018749864
 precipitation (mm):   0.00003590810
 large-scale (mm):     0.00000000000
 Imbalance (mm)      -0.00000000000
 evap (mm/day):  0.539996074814084     
 prec (mm/day):  0.103415326214433     
 ls (mm/day):  0.000000000000000E+000
 imbalance (mm/day) -9.974443146432144E-012
  imbalance (rel error): -1.334428437934141E-016
 ===========================
NSTEP =        717   NCYCLE=  2  CFL_adv= 0.383  CFL_sgs= 0.025
NSTEP =        718   NCYCLE=  2  CFL_adv= 0.374  CFL_sgs= 0.023
NSTEP =        719   NCYCLE=  2  CFL_adv= 0.372  CFL_sgs= 0.022
 Writting radiation restart file...
 Saved radiation restart file. nstep=         720
 Collecting statistics...
 name QCSTRG is missing in "lst" file.
 Writting statistics:nstatsteps=          15
 --------------- ISCCP Simulator Diagnostics: -----------------
 ISCCP PDF:
            0.0       0.3       1.3       3.6       9.4      23.0      60.0
    0.     0.059     0.019     0.011     0.009     0.007     0.018     0.044
  180.     0.002     0.004     0.007     0.009     0.009     0.005     0.000
  310.     0.000     0.000     0.000     0.000     0.000     0.000     0.000
  440.     0.000     0.000     0.000     0.000     0.000     0.000     0.000
  560.     0.000     0.000     0.000     0.000     0.000     0.000     0.000
  680.     0.000     0.000     0.000     0.000     0.000     0.000     0.000
  800.     0.000     0.000     0.000     0.000     0.000     0.000     0.000
 low cld area (tau > 0.3)=  0.000000000000000E+000
 mid cld area (tau > 0.3)=  0.000000000000000E+000
 hgh cld area (tau > 0.3)=  0.142017618815104     
 total cld area (tau > 0.3)=  0.142017618815104     
 mean albedo cld (tau > 0.3)   0.576879020168152     
 mean tau cld (tau > 0.3)    12.0785907873123     
 mean top pressure (tau > 0.3)   172.342338065920     
 mean brightness temp (tau > 0.3)   243.354316770915     
 mean clearsky brightness temp (tau > 0.3)   294.966346697081     
 --------------- MODIS Simulator Diagnostics: -----------------
 MODIS PDF:
                      0.3       1.3       3.6       9.4      23.0      60.0
    0.               0.015     0.012     0.014     0.015     0.023     0.044
  180.               0.008     0.006     0.004     0.001     0.000     0.000
  310.               0.000     0.000     0.000     0.000     0.000     0.000
  440.               0.000     0.000     0.000     0.000     0.000     0.000
  560.               0.000     0.000     0.000     0.000     0.000     0.000
  680.               0.000     0.000     0.000     0.000     0.000     0.000
  800.               0.000     0.000     0.000     0.000     0.000     0.000
 low cld area =  0.000000000000000E+000
 mid cld area =  2.034505208333333E-006
 hgh cld area =  0.142015584309896     
 total cld area =  0.142017618815104     
 mean tau cld    52.4805182441427     
 mean top pressure    158.776373839881     
 total cld area (liquid) =  0.000000000000000E+000
 total cld area (ice) =  0.142015584309896     
 mean tau (liquid) =  -1.00000000000000     
 mean tau (ice) =   52.4812504676421     
 mean lwp (g/m2) =  -1.00000000000000     
 mean iwp (g/m2) =   903.342416666155     
 mean reff (liquid)  =  -1.00000000000000     
 mean reff (ice)  =   33.1192651970263     
 --------------- MISR Simulator Diagnostics: -----------------
 MISR PDF:
            0.0       0.3       1.3       3.6       9.4      23.0      60.0
 99.00     0.000     0.000     0.000     0.000     0.000     0.000     0.000
 17.00     0.000     0.000     0.000     0.000     0.000     0.000     0.000
 15.00     0.000     0.000     0.003     0.010     0.011     0.022     0.044
 13.00     0.000     0.003     0.008     0.004     0.004     0.001     0.000
 11.00     0.000     0.008     0.004     0.003     0.001     0.000     0.000
  9.00     0.000     0.004     0.002     0.001     0.000     0.000     0.000
  7.00     0.000     0.000     0.000     0.000     0.000     0.000     0.000
  5.00     0.000     0.000     0.000     0.000     0.000     0.000     0.000
  4.00     0.000     0.000     0.000     0.000     0.000     0.000     0.000
  3.00     0.000     0.000     0.000     0.000     0.000     0.000     0.000
  2.50     0.000     0.000     0.000     0.000     0.000     0.000     0.000
  2.00     0.000     0.000     0.000     0.000     0.000     0.000     0.000
  1.50     0.000     0.000     0.000     0.000     0.000     0.000     0.000
  1.00     0.000     0.000     0.000     0.000     0.000     0.000     0.000
  0.50     0.000     0.000     0.000     0.000     0.000     0.000     0.000
  0.00     0.006     0.008     0.000     0.000     0.000     0.000     0.000
 total cld area =  0.134062703450521     
 mean top height (m)   12977.8293813787     
 Writting history file 
 rcemip300sst_160_MaxIce20_std2                                                 
  
 Writing restart file ...
 Restart file was saved. nstep=         720
 Writting 2D data. file:./OUT_2D/bubble_rcemip300sst_160_MaxIce20_std2_64.2Dbin 
                                                                 
 Writting 3D data. file:./OUT_3D/bubble_rcemip300sst_160_MaxIce20_std2_64_000000
 0720.bin3D                                                      
NSTEP =        720   NCYCLE=  2  CFL_adv= 0.368  CFL_sgs= 0.023
 DAY =   0.250000000000000     
 NSTEP=         720
 div:  3.503954706828635E-016 -3.474621123912110E-016
 SST=   300.000000000000     
 surface pressure=   1014.80000000000     
 u:  -6.41034865799885        6.02516916452689     
 v:  -6.07106108942115        6.33905382587738     
 w:  -3.06281013353519        1.41752976053901     
 p:  -15.7420811361690        12.4572368815216     
 t:   299.255476790171        473.479390159696     
 tabs:   201.053358395316        300.505693818157     
 qv:  4.239312064103902E-045  2.025402814415594E-002
 tke:  0.000000000000000E+000   1.47156317572734     
 tk:  0.000000000000000E+000   30.3270009204601     
 tkh:  0.000000000000000E+000   30.3270009204601     
 qcl:  0.000000000000000E+000  0.000000000000000E+000
 qci:  0.000000000000000E+000  4.011521128297197E-003
 qpl:  0.000000000000000E+000  1.571511069688522E-004
 qpi:  0.000000000000000E+000  0.000000000000000E+000
 qrad(K/day):  -29.4968261302436        44.1946926998975     
 shf:  -1.91569398919500        2.20893406248795     
 lhf:   12.4374415372207        57.2654628776870     
 uw: -7.289070994949369E-003  8.115151529922038E-003
 vw: -6.929877866977465E-003  6.681020996435800E-003
 sst:   300.000000000000        300.000000000000     
 ===========================
 total water budget:
 before (mm):         53.24742463271
 after (mm):          53.24757476935
 evaporation (mm):     0.00018714952
 precipitation (mm):   0.00003701288
 large-scale (mm):     0.00000000000
 Imbalance (mm)       0.00000000000
 evap (mm/day):  0.538990624358391     
 prec (mm/day):  0.106597084083574     
 ls (mm/day):  0.000000000000000E+000
 imbalance (mm/day) -2.174939915666751E-012
  imbalance (rel error):  0.000000000000000E+000
 ===========================
 Finished with SAM, exiting...
srun: error: n387: tasks 0-31: Exited with exit code 9
srun: Terminating StepId=50604863.0
srun: error: n406: tasks 32-63: Exited with exit code 9
