n652
n652
n652
n652
n652
n652
n652
n652
n652
n652
n652
n652
n652
n652
n652
n652
n652
n652
n652
n652
n652
n652
n652
n652
n652
n652
n652
n652
n652
n652
n652
n652
n665
n665
n665
n665
n665
n665
n665
n665
n665
n665
n665
n665
n665
n665
n665
n665
n665
n665
n665
n665
n665
n665
n665
n665
n665
n665
n665
n665
n665
n665
n665
n665
 number of MPI tasks:          64
 ==============================================================
  You have chosen to use            6  ice categories in MICRO_P3.
 ==============================================================
 ==============================================================
  You have chosen to use            6  ice categories in MICRO_P3.
 ==============================================================
 ==============================================================
  You have chosen to use            6  ice categories in MICRO_P3.
 ==============================================================
 ==============================================================
  You have chosen to use            6  ice categories in MICRO_P3.
 ==============================================================
 ==============================================================
  You have chosen to use            6  ice categories in MICRO_P3.
 ==============================================================
 ==============================================================
 ==============================================================
  You have chosen to use            6  ice categories in MICRO_P3.
  You have chosen to use            6  ice categories in MICRO_P3.
 ==============================================================
 ==============================================================
 ==============================================================
  You have chosen to use            6  ice categories in MICRO_P3.
 ==============================================================
 ==============================================================
  You have chosen to use            6  ice categories in MICRO_P3.
 ==============================================================
  You have chosen to use            6  ice categories in MICRO_P3.
 ==============================================================
 ==============================================================
 ==============================================================
  You have chosen to use            6  ice categories in MICRO_P3.
 ==============================================================
 ==============================================================
  You have chosen to use            6  ice categories in MICRO_P3.
 ==============================================================
 ==============================================================
  You have chosen to use            6  ice categories in MICRO_P3.
 ==============================================================
 ==============================================================
  You have chosen to use            6  ice categories in MICRO_P3.
 ==============================================================
 ==============================================================
  You have chosen to use            6  ice categories in MICRO_P3.
 ==============================================================
 ==============================================================
  You have chosen to use            6  ice categories in MICRO_P3.
 ==============================================================
 ==============================================================
  You have chosen to use            6  ice categories in MICRO_P3.
 ==============================================================
 ==============================================================
  You have chosen to use            6  ice categories in MICRO_P3.
 ==============================================================
 ==============================================================
  You have chosen to use            6  ice categories in MICRO_P3.
 ==============================================================
 ==============================================================
  You have chosen to use            6  ice categories in MICRO_P3.
 ==============================================================
 ==============================================================
  You have chosen to use            6  ice categories in MICRO_P3.
 ==============================================================
 ==============================================================
  You have chosen to use            6  ice categories in MICRO_P3.
 ==============================================================
  You have chosen to use            6  ice categories in MICRO_P3.
 ==============================================================
 ==============================================================
 ==============================================================
  You have chosen to use            6  ice categories in MICRO_P3.
 ==============================================================
 ==============================================================
  You have chosen to use            6  ice categories in MICRO_P3.
 ==============================================================
 ==============================================================
  You have chosen to use            6  ice categories in MICRO_P3.
 ==============================================================
 ==============================================================
  You have chosen to use            6  ice categories in MICRO_P3.
 ==============================================================
 ==============================================================
  You have chosen to use            6  ice categories in MICRO_P3.
 ==============================================================
 ==============================================================
  You have chosen to use            6  ice categories in MICRO_P3.
 ==============================================================
 ==============================================================
  You have chosen to use            6  ice categories in MICRO_P3.
 ==============================================================
 ==============================================================
  You have chosen to use            6  ice categories in MICRO_P3.
 ==============================================================
 ==============================================================
  You have chosen to use            6  ice categories in MICRO_P3.
 ==============================================================
 ==============================================================
  You have chosen to use            6  ice categories in MICRO_P3.
 ==============================================================
 ==============================================================
  You have chosen to use            6  ice categories in MICRO_P3.
 ==============================================================
 ==============================================================
  You have chosen to use            6  ice categories in MICRO_P3.
 ==============================================================
 ==============================================================
  You have chosen to use            6  ice categories in MICRO_P3.
 ==============================================================
 ==============================================================
  You have chosen to use            6  ice categories in MICRO_P3.
 ==============================================================
 ==============================================================
  You have chosen to use            6  ice categories in MICRO_P3.
 ==============================================================
 ==============================================================
  You have chosen to use            6  ice categories in MICRO_P3.
 ==============================================================
 ==============================================================
  You have chosen to use            6  ice categories in MICRO_P3.
 ==============================================================
 ==============================================================
  You have chosen to use            6  ice categories in MICRO_P3.
 ==============================================================
 ==============================================================
  You have chosen to use            6  ice categories in MICRO_P3.
 ==============================================================
 ==============================================================
  You have chosen to use            6  ice categories in MICRO_P3.
 ==============================================================
 ==============================================================
  You have chosen to use            6  ice categories in MICRO_P3.
 ==============================================================
 ==============================================================
  You have chosen to use            6  ice categories in MICRO_P3.
 ==============================================================
 ==============================================================
 ==============================================================
  You have chosen to use            6  ice categories in MICRO_P3.
 ==============================================================
  You have chosen to use            6  ice categories in MICRO_P3.
 ==============================================================
 ==============================================================
  You have chosen to use            6  ice categories in MICRO_P3.
 ==============================================================
 ==============================================================
  You have chosen to use            6  ice categories in MICRO_P3.
 ==============================================================
 ==============================================================
  You have chosen to use            6  ice categories in MICRO_P3.
 ==============================================================
 ==============================================================
  You have chosen to use            6  ice categories in MICRO_P3.
 ==============================================================
 ==============================================================
  You have chosen to use            6  ice categories in MICRO_P3.
 ==============================================================
 ==============================================================
  You have chosen to use            6  ice categories in MICRO_P3.
 ==============================================================
 ==============================================================
  You have chosen to use            6  ice categories in MICRO_P3.
 ==============================================================
 ==============================================================
  You have chosen to use            6  ice categories in MICRO_P3.
 ==============================================================
 ==============================================================
  You have chosen to use            6  ice categories in MICRO_P3.
 ==============================================================
 ==============================================================
  You have chosen to use            6  ice categories in MICRO_P3.
 ==============================================================
 ==============================================================
  You have chosen to use            6  ice categories in MICRO_P3.
 ==============================================================
 ==============================================================
  You have chosen to use            6  ice categories in MICRO_P3.
 ==============================================================
 ==============================================================
  You have chosen to use            6  ice categories in MICRO_P3.
 ==============================================================
 ==============================================================
  You have chosen to use            6  ice categories in MICRO_P3.
 ==============================================================
 ==============================================================
  You have chosen to use            6  ice categories in MICRO_P3.
 ==============================================================
 ==============================================================
  You have chosen to use            6  ice categories in MICRO_P3.
 ==============================================================
           **************************************************
           **************************************************
           *                                                *
           *      *****          **       ***          **   *
           *    ***   ***       ****      ****       ****   *
           *   ***     ***     *** ***    *****     *****   *
           *    ***           ***   ***   *** **   ** ***   *
           *       ***       ***     ***  ***  ** **  ***   *
           *          ***    ***     ***  ***   ***   ***   *
           *   ***     ***   ***********  ***         ***   *
           *    ***   ***    ***     ***  ***         ***   *
           *      *****      ***     ***  ***         ***   *
           *                                                *
           **************************************************
           **************************************************
           ***       System for Atmospheric Modeling      ***
           ***                    SAM                     ***
                     Version 6.10.9 (Feb 2016)  
           **************************************************
           ***     (C) Marat Khairoutdinov                ***
           *** School of Marine and Atmospheric Sciences  ***
           ***       Stony Brook University               ***
           **************************************************
           ***       The model can be used only with      ***
           ***         permission from the author!        ***
           ***       No transfer to any third party       ***
           ***                is allowed!                 ***
           **************************************************
           **************************************************
           ***       DATE 02/10/26 TIME 17:21:56          ***
           **************************************************
 
 ==============================================================
  You have chosen to use            6  ice categories in MICRO_P3.
 ==============================================================
 
 surface pressure:    1014.80000000000     
 
  P3 microphysics: v3.1.14          
    P3_INIT (reading/creating look-up tables [v4.1, v4.1]) ...
    P3_INIT DONE.
 
 Initial Sounding:
  k      z    rho     rhoi    s      h     h*      qt      u      v     adz     
 Nsq
 128 27750.0  0.026  0.027 473.15 473.15 473.58   0.00   0.00   0.00  6.667     0.4715E-03
 127 27500.0  0.027  0.028 470.72 470.72 471.14   0.00   0.00   0.00  6.667     0.4715E-03
 126 27250.0  0.028  0.029 468.30 468.30 468.69   0.00   0.00   0.00  6.667     0.4715E-03
 125 27000.0  0.030  0.030 465.87 465.87 466.25   0.00   0.00   0.00  6.667     0.4715E-03
 124 26750.0  0.031  0.031 463.44 463.44 463.81   0.00   0.00   0.00  6.667     0.4715E-03
 123 26500.0  0.032  0.033 461.01 461.01 461.36   0.00   0.00   0.00  6.667     0.4715E-03
 122 26250.0  0.034  0.034 458.58 458.58 458.92   0.00   0.00   0.00  6.667     0.4715E-03
 121 26000.0  0.035  0.036 456.15 456.15 456.48   0.00   0.00   0.00  6.667     0.4715E-03
 120 25750.0  0.037  0.037 453.73 453.73 454.04   0.00   0.00   0.00  6.667     0.4715E-03
 119 25500.0  0.038  0.039 451.30 451.30 451.60   0.00   0.00   0.00  6.667     0.4715E-03
 118 25250.0  0.040  0.041 448.87 448.87 449.15   0.00   0.00   0.00  6.667     0.4715E-03
 117 25000.0  0.041  0.042 446.44 446.44 446.71   0.00   0.00   0.00  6.667     0.4715E-03
 116 24750.0  0.043  0.044 444.01 444.01 444.27   0.00   0.00   0.00  6.667     0.4715E-03
 115 24500.0  0.045  0.046 441.58 441.58 441.83   0.00   0.00   0.00  6.667     0.4715E-03
 114 24250.0  0.047  0.048 439.15 439.15 439.39   0.00   0.00   0.00  6.667     0.4715E-03
 113 24000.0  0.049  0.050 436.72 436.72 436.95   0.00   0.00   0.00  6.667     0.4715E-03
 112 23750.0  0.051  0.052 434.29 434.29 434.52   0.00   0.00   0.00  6.667     0.4715E-03
 111 23500.0  0.053  0.055 431.86 431.86 432.08   0.00   0.00   0.00  6.667     0.4715E-03
 110 23250.0  0.056  0.057 429.43 429.43 429.64   0.00   0.00   0.00  6.667     0.4715E-03
 109 23000.0  0.058  0.059 427.00 427.00 427.20   0.00   0.00   0.00  6.667     0.4715E-03
 108 22750.0  0.061  0.062 424.57 424.57 424.76   0.00   0.00   0.00  6.667     0.4715E-03
 107 22500.0  0.063  0.065 422.14 422.14 422.32   0.00   0.00   0.00  6.667     0.4715E-03
 106 22250.0  0.066  0.067 419.71 419.71 419.88   0.00   0.00   0.00  6.667     0.4715E-03
 105 22000.0  0.069  0.070 417.28 417.28 417.45   0.00   0.00   0.00  6.667     0.4715E-03
 104 21750.0  0.072  0.073 414.85 414.85 415.01   0.00   0.00   0.00  6.667     0.4715E-03
 103 21500.0  0.075  0.076 412.41 412.41 412.57   0.00   0.00   0.00  6.667     0.4715E-03
 102 21250.0  0.078  0.080 409.98 409.98 410.13   0.00   0.00   0.00  6.667     0.4715E-03
 101 21000.0  0.081  0.083 407.55 407.55 407.69   0.00   0.00   0.00  6.667     0.4715E-03
 100 20750.0  0.085  0.087 405.12 405.12 405.26   0.00   0.00   0.00  6.667     0.4715E-03
  99 20500.0  0.089  0.090 402.69 402.69 402.82   0.00   0.00   0.00  6.667     0.4715E-03
  98 20250.0  0.092  0.094 400.26 400.26 400.38   0.00   0.00   0.00  6.667     0.4715E-03
  97 20000.0  0.096  0.098 397.82 397.82 397.95   0.00   0.00   0.00  6.667     0.4715E-03
  96 19750.0  0.100  0.103 395.39 395.39 395.51   0.00   0.00   0.00  6.667     0.4715E-03
  95 19500.0  0.105  0.107 392.96 392.96 393.07   0.00   0.00   0.00  6.667     0.4715E-03
  94 19250.0  0.109  0.112 390.53 390.53 390.63   0.00   0.00   0.00  6.667     0.4715E-03
  93 19000.0  0.114  0.116 388.09 388.09 388.20   0.00   0.00   0.00  6.667     0.4715E-03
  92 18750.0  0.119  0.121 385.66 385.66 385.76   0.00   0.00   0.00  6.667     0.4715E-03
  91 18500.0  0.124  0.127 383.23 383.23 383.32   0.00   0.00   0.00  6.667     0.4715E-03
  90 18250.0  0.129  0.132 380.80 380.80 380.89   0.00   0.00   0.00  6.667     0.4715E-03
  89 18000.0  0.135  0.138 378.36 378.36 378.45   0.00   0.00   0.00  6.667     0.4715E-03
  88 17750.0  0.141  0.144 375.93 375.93 376.01   0.00   0.00   0.00  6.667     0.4715E-03
  87 17500.0  0.147  0.150 373.50 373.50 373.58   0.00   0.00   0.00  6.667     0.4715E-03
  86 17250.0  0.153  0.156 371.06 371.06 371.14   0.00   0.00   0.00  6.667     0.4715E-03
  85 17000.0  0.160  0.163 368.63 368.63 368.70   0.00   0.00   0.00  6.667     0.4715E-03
  84 16750.0  0.167  0.170 366.20 366.20 366.27   0.00   0.00   0.00  6.667     0.4715E-03
  83 16500.0  0.174  0.177 363.76 363.76 363.83   0.00   0.00   0.00  6.667     0.4715E-03
  82 16250.0  0.181  0.185 361.33 361.33 361.39   0.00   0.00   0.00  6.667     0.4715E-03
  81 16000.0  0.189  0.193 358.89 358.89 358.96   0.00   0.00   0.00  6.667     0.4715E-03
  80 15750.0  0.197  0.201 356.46 356.46 356.52   0.00   0.00   0.00  6.667     0.4715E-03
  79 15500.0  0.206  0.210 354.03 354.03 354.08   0.00   0.00   0.00  6.667     0.4715E-03
  78 15250.0  0.215  0.219 351.59 351.59 351.65  -0.00   0.00   0.00  6.667     0.4718E-03
  77 15000.0  0.224  0.228 349.16 349.18 349.21   0.01   0.00   0.00  6.667     0.1476E-03
  76 14750.0  0.231  0.235 348.39 348.42 348.46   0.01   0.00   0.00  6.667     0.1464E-03
  75 14500.0  0.239  0.243 347.63 347.67 347.71   0.01   0.00   0.00  6.667     0.1453E-03
  74 14250.0  0.247  0.252 346.87 346.91 346.97   0.02   0.00   0.00  6.667     0.1441E-03
  73 14000.0  0.256  0.260 346.11 346.16 346.22   0.02   0.00   0.00  6.667     0.1430E-03
  72 13750.0  0.264  0.269 345.34 345.41 345.49   0.02   0.00   0.00  6.667     0.1419E-03
  71 13500.0  0.273  0.277 344.58 344.65 344.75   0.03   0.00   0.00  6.667     0.1408E-03
  70 13250.0  0.282  0.286 343.82 343.91 344.02   0.04   0.00   0.00  6.667     0.1397E-03
  69 13000.0  0.291  0.296 343.06 343.16 343.30   0.04   0.00   0.00  6.667     0.1386E-03
  68 12750.0  0.300  0.305 342.29 342.42 342.58   0.05   0.00   0.00  6.667     0.1376E-03
  67 12500.0  0.310  0.315 341.53 341.68 341.86   0.06   0.00   0.00  6.667     0.1366E-03
  66 12250.0  0.320  0.325 340.76 340.94 341.16   0.07   0.00   0.00  6.667     0.1356E-03
  65 12000.0  0.330  0.335 340.00 340.21 340.46   0.08   0.00   0.00  6.667     0.1346E-03
  64 11750.0  0.340  0.345 339.24 339.48 339.77   0.10   0.00   0.00  6.667     0.1337E-03
  63 11500.0  0.351  0.356 338.47 338.76 339.09   0.11   0.00   0.00  6.667     0.1328E-03
  62 11250.0  0.361  0.367 337.71 338.04 338.42   0.14   0.00   0.00  6.667     0.1319E-03
  61 11000.0  0.372  0.378 336.94 337.34 337.76   0.16   0.00   0.00  6.667     0.1310E-03
  60 10750.0  0.384  0.389 336.17 336.64 337.12   0.18   0.00   0.00  6.667     0.1302E-03
  59 10500.0  0.395  0.401 335.41 335.95 336.49   0.22   0.00   0.00  6.667     0.1294E-03
  58 10250.0  0.407  0.413 334.64 335.27 335.88   0.25   0.00   0.00  6.667     0.1286E-03
  57 10000.0  0.419  0.425 333.87 334.60 335.29   0.29   0.00   0.00  6.667     0.1279E-03
  56  9750.0  0.431  0.437 333.10 333.95 334.72   0.34   0.00   0.00  6.667     0.1271E-03
  55  9500.0  0.444  0.450 332.33 333.31 334.17   0.39   0.00   0.00  6.667     0.1264E-03
  54  9250.0  0.457  0.463 331.56 332.69 333.64   0.45   0.00   0.00  6.667     0.1258E-03
  53  9000.0  0.470  0.476 330.79 332.08 333.14   0.52   0.00   0.00  6.667     0.1251E-03
  52  8750.0  0.483  0.490 330.01 331.50 332.67   0.60   0.00   0.00  6.667     0.1246E-03
  51  8500.0  0.497  0.504 329.24 330.94 332.23   0.68   0.00   0.00  6.667     0.1240E-03
  50  8250.0  0.511  0.518 328.46 330.41 331.83   0.78   0.00   0.00  6.667     0.1235E-03
  49  8000.0  0.525  0.532 327.68 329.90 331.46   0.89   0.00   0.00  6.667     0.1230E-03
  48  7750.0  0.540  0.547 326.90 329.43 331.13   1.01   0.00   0.00  6.667     0.1226E-03
  47  7500.0  0.555  0.562 326.11 328.99 330.84   1.15   0.00   0.00  6.667     0.1222E-03
  46  7250.0  0.570  0.578 325.32 328.58 330.59   1.30   0.00   0.00  6.667     0.1219E-03
  45  7000.0  0.585  0.593 324.53 328.22 330.40   1.47   0.00   0.00  6.667     0.1216E-03
  44  6750.0  0.601  0.609 323.74 327.90 330.25   1.66   0.00   0.00  6.667     0.1214E-03
  43  6500.0  0.617  0.626 322.94 327.62 330.15   1.87   0.00   0.00  6.667     0.1212E-03
  42  6250.0  0.634  0.642 322.14 327.40 330.12   2.10   0.00   0.00  6.667     0.1211E-03
  41  6000.0  0.651  0.659 321.33 327.23 330.14   2.36   0.00   0.00  6.667     0.1210E-03
  40  5750.0  0.668  0.676 320.53 327.11 330.22   2.64   0.00   0.00  6.596     0.1209E-03
  39  5505.3  0.685  0.694 319.73 327.06 330.37   2.93   0.00   0.00  6.526     0.1209E-03
  38  5260.5  0.702  0.711 318.93 327.07 330.58   3.26   0.00   0.00  6.386     0.1210E-03
  37  5026.3  0.719  0.728 318.15 327.15 330.85   3.60   0.00   0.00  6.246     0.1211E-03
  36  4792.1  0.737  0.745 317.37 327.28 331.18   3.96   0.00   0.00  6.105     0.1212E-03
  35  4568.4  0.754  0.762 316.63 327.47 331.57   4.34   0.00   0.00  5.965     0.1214E-03
  34  4344.7  0.771  0.779 315.87 327.72 332.01   4.74   0.00   0.00  5.825     0.1216E-03
  33  4131.6  0.787  0.796 315.15 328.02 332.50   5.15   0.00   0.00  5.684     0.1219E-03
  32  3918.4  0.804  0.812 314.42 328.39 333.05   5.58   0.00   0.00  5.544     0.1222E-03
  31  3715.8  0.820  0.829 313.73 328.79 333.63   6.02   0.00   0.00  5.404     0.1225E-03
  30  3513.2  0.837  0.845 313.02 329.25 334.27   6.49   0.00   0.00  5.263     0.1227E-03
  29  3321.1  0.853  0.861 312.35 329.74 334.93   6.95   0.00   0.00  5.123     0.1231E-03
  28  3128.9  0.869  0.877 311.68 330.28 335.65   7.44   0.00   0.00  4.982     0.1234E-03
  27  2947.4  0.884  0.892 311.04 330.85 336.38   7.92   0.00   0.00  4.842     0.1237E-03
  26  2765.8  0.900  0.908 310.39 331.46 337.16   8.43   0.00   0.00  4.702     0.1241E-03
  25  2594.7  0.915  0.923 309.78 332.08 337.95   8.92   0.00   0.00  4.561     0.1244E-03
  24  2423.7  0.930  0.937 309.16 332.75 338.78   9.43   0.00   0.00  4.421     0.1247E-03
  23  2263.2  0.945  0.952 308.58 333.42 339.60   9.93   0.00   0.00  4.281     0.1250E-03
  22  2102.6  0.959  0.966 307.99 334.12 340.47  10.45   0.00   0.00  4.140     0.1253E-03
  21  1952.6  0.973  0.980 307.44 334.82 341.32  10.95   0.00   0.00  4.000     0.1256E-03
  20  1802.6  0.986  0.993 306.89 335.54 342.21  11.46   0.00   0.00  3.860     0.1259E-03
  19  1663.2  1.000  1.006 306.37 336.25 343.07  11.95   0.00   0.00  3.719     0.1262E-03
  18  1523.7  1.013  1.019 305.85 336.98 343.96  12.45   0.00   0.00  3.579     0.1264E-03
  17  1394.7  1.025  1.031 305.37 337.69 344.82  12.93   0.00   0.00  3.439     0.1267E-03
  16  1265.8  1.037  1.043 304.88 338.41 345.71  13.41   0.00   0.00  3.298     0.1269E-03
  15  1147.4  1.049  1.055 304.43 339.10 346.55  13.86   0.00   0.00  3.158     0.1271E-03
  14  1028.9  1.060  1.066 303.98 339.80 347.42  14.33   0.00   0.00  3.018     0.1273E-03
  13   921.1  1.071  1.077 303.57 340.46 348.24  14.75   0.00   0.00  2.877     0.1275E-03
  12   813.2  1.082  1.087 303.16 341.13 349.07  15.19   0.00   0.00  2.737     0.1276E-03
  11   715.8  1.092  1.097 302.78 341.75 349.84  15.58   0.00   0.00  2.596     0.1278E-03
  10   618.4  1.101  1.106 302.41 342.38 350.64  15.99   0.00   0.00  2.456     0.1279E-03
   9   531.6  1.110  1.115 302.07 342.96 351.36  16.35   0.00   0.00  2.316     0.1280E-03
   8   444.7  1.119  1.123 301.74 343.54 352.09  16.72   0.00   0.00  2.175     0.1281E-03
   7   368.4  1.127  1.131 301.44 344.05 352.75  17.04   0.00   0.00  2.035     0.1282E-03
   6   292.1  1.135  1.138 301.14 344.58 353.43  17.37   0.00   0.00  1.895     0.1283E-03
   5   226.3  1.142  1.145 300.89 345.03 354.01  17.66   0.00   0.00  1.754     0.1284E-03
   4   160.5  1.148  1.151 300.63 345.49 354.61  17.94   0.00   0.00  1.614     0.1284E-03
   3   105.3  1.154  1.157 300.41 345.88 355.12  18.18   0.00   0.00  1.474     0.1284E-03
   2    50.0  1.159  1.161 300.20 346.28 355.64  18.43   0.00   0.00  1.070     0.1284E-03
   1    25.0  1.163  1.166 300.10 346.45 355.87  18.54   0.00   0.00  1.000      0.000    
  k      z    rho     rhoi    s      h     h*      qt      u      v     adz     
 Nsq
 
   k      z      dz     pres   presi   Tabs     tp     tpl      qt      Qc      
 Qi      REL
 128 27750.00  250.00   15.10   15.42  202.01  669.80  669.80  0.0000  0.0000  0.0000    0.00
 127 27500.00  250.00   15.75   16.09  202.02  661.80  661.80  0.0000  0.0000  0.0000    0.00
 126 27250.00  250.00   16.43   16.78  202.04  653.90  653.90  0.0000  0.0000  0.0000    0.00
 125 27000.00  250.00   17.14   17.51  202.05  646.09  646.09  0.0000  0.0000  0.0000    0.00
 124 26750.00  250.00   17.88   18.26  202.07  638.37  638.37  0.0000  0.0000  0.0000    0.00
 123 26500.00  250.00   18.65   19.05  202.08  630.74  630.74  0.0000  0.0000  0.0000    0.00
 122 26250.00  250.00   19.46   19.87  202.10  623.21  623.21  0.0000  0.0000  0.0000    0.00
 121 26000.00  250.00   20.30   20.73  202.11  615.77  615.77  0.0000  0.0000  0.0000    0.00
 120 25750.00  250.00   21.17   21.63  202.12  608.41  608.41  0.0000  0.0000  0.0000    0.00
 119 25500.00  250.00   22.09   22.56  202.14  601.14  601.14  0.0000  0.0000  0.0000    0.00
 118 25250.00  250.00   23.04   23.53  202.15  593.96  593.96  0.0000  0.0000  0.0000    0.00
 117 25000.00  250.00   24.04   24.55  202.17  586.87  586.87  0.0000  0.0000  0.0000    0.00
 116 24750.00  250.00   25.08   25.61  202.18  579.86  579.86  0.0000  0.0000  0.0000    0.00
 115 24500.00  250.00   26.16   26.72  202.19  572.93  572.93  0.0000  0.0000  0.0000    0.00
 114 24250.00  250.00   27.29   27.87  202.21  566.09  566.09  0.0000  0.0000  0.0000    0.00
 113 24000.00  250.00   28.46   29.07  202.22  559.33  559.33  0.0000  0.0000  0.0000    0.00
 112 23750.00  250.00   29.69   30.33  202.23  552.65  552.65  0.0000  0.0000  0.0000    0.00
 111 23500.00  250.00   30.97   31.64  202.24  546.05  546.05  0.0000  0.0000  0.0000    0.00
 110 23250.00  250.00   32.31   33.00  202.26  539.53  539.53  0.0000  0.0000  0.0000    0.00
 109 23000.00  250.00   33.71   34.43  202.27  533.08  533.08  0.0000  0.0000  0.0000    0.00
 108 22750.00  250.00   35.16   35.91  202.28  526.71  526.71  0.0000  0.0000  0.0000    0.00
 107 22500.00  250.00   36.68   37.46  202.29  520.42  520.42  0.0000  0.0000  0.0000    0.00
 106 22250.00  250.00   38.26   39.08  202.30  514.21  514.21  0.0000  0.0000  0.0000    0.00
 105 22000.00  250.00   39.91   40.76  202.32  508.06  508.06  0.0000  0.0000  0.0000    0.00
 104 21750.00  250.00   41.63   42.52  202.33  502.00  502.00  0.0000  0.0000  0.0000    0.00
 103 21500.00  250.00   43.43   44.36  202.34  496.00  496.00  0.0000  0.0000  0.0000    0.00
 102 21250.00  250.00   45.30   46.27  202.35  490.08  490.08  0.0000  0.0000  0.0000    0.00
 101 21000.00  250.00   47.26   48.26  202.36  484.22  484.22  0.0000  0.0000  0.0000    0.00
 100 20750.00  250.00   49.29   50.35  202.37  478.44  478.44  0.0000  0.0000  0.0000    0.00
  99 20500.00  250.00   51.42   52.52  202.38  472.72  472.72  0.0000  0.0000  0.0000    0.00
  98 20250.00  250.00   53.64   54.78  202.39  467.08  467.08  0.0000  0.0000  0.0000    0.00
  97 20000.00  250.00   55.95   57.14  202.41  461.50  461.50  0.0000  0.0000  0.0000    0.00
  96 19750.00  250.00   58.36   59.61  202.42  455.99  455.99  0.0000  0.0000  0.0000    0.00
  95 19500.00  250.00   60.88   62.18  202.43  450.54  450.54  0.0000  0.0000  0.0000    0.00
  94 19250.00  250.00   63.50   64.86  202.44  445.16  445.16  0.0000  0.0000  0.0000    0.00
  93 19000.00  250.00   66.24   67.66  202.45  439.84  439.84  0.0000  0.0000  0.0000    0.00
  92 18750.00  250.00   69.10   70.57  202.46  434.59  434.59  0.0000  0.0000  0.0000    0.00
  91 18500.00  250.00   72.08   73.61  202.47  429.40  429.40  0.0000  0.0000  0.0000    0.00
  90 18250.00  250.00   75.18   76.79  202.48  424.27  424.27  0.0000  0.0000  0.0000    0.00
  89 18000.00  250.00   78.43   80.10  202.49  419.20  419.20  0.0000  0.0000  0.0000    0.00
  88 17750.00  250.00   81.81   83.55  202.50  414.19  414.19  0.0000  0.0000  0.0000    0.00
  87 17500.00  250.00   85.33   87.15  202.50  409.25  409.25  0.0000  0.0000  0.0000    0.00
  86 17250.00  250.00   89.01   90.91  202.51  404.36  404.36  0.0000  0.0000  0.0000    0.00
  85 17000.00  250.00   92.85   94.82  202.52  399.53  399.53  0.0000  0.0000  0.0000    0.00
  84 16750.00  250.00   96.85   98.91  202.53  394.76  394.76  0.0000  0.0000  0.0000    0.00
  83 16500.00  250.00  101.02  103.17  202.54  390.04  390.04  0.0000  0.0000  0.0000    0.00
  82 16250.00  250.00  105.37  107.62  202.55  385.38  385.38  0.0000  0.0000  0.0000    0.00
  81 16000.00  250.00  109.91  112.26  202.56  380.78  380.78  0.0000  0.0000  0.0000    0.00
  80 15750.00  250.00  114.65  117.09  202.57  376.23  376.23  0.0000  0.0000  0.0000    0.00
  79 15500.00  250.00  119.59  122.14  202.58  371.74  371.74  0.0000  0.0000  0.0000    0.00
  78 15250.00  250.00  124.74  127.40  202.59  367.30  367.30 -0.0000  0.0000  0.0000   -0.00
  77 15000.00  250.00  130.12  132.89  202.59  362.91  362.91  0.0096  0.0000  0.0000   44.65
  76 14750.00  250.00  135.70  138.57  204.27  361.55  361.55  0.0116  0.0000  0.0000   44.74
  75 14500.00  250.00  141.47  144.44  205.95  360.21  360.21  0.0141  0.0000  0.0000   44.71
  74 14250.00  250.00  147.44  150.50  207.63  358.88  358.88  0.0170  0.0000  0.0000   44.25
  73 14000.00  250.00  153.61  156.78  209.31  357.57  357.57  0.0204  0.0000  0.0000   43.71
  72 13750.00  250.00  159.98  163.26  210.99  356.28  356.28  0.0245  0.0000  0.0000   43.43
  71 13500.00  250.00  166.57  169.95  212.67  355.00  355.00  0.0294  0.0000  0.0000   43.38
  70 13250.00  250.00  173.37  176.86  214.35  353.73  353.73  0.0351  0.0000  0.0000   43.36
  69 13000.00  250.00  180.39  184.00  216.03  352.48  352.48  0.0418  0.0000  0.0000   43.48
  68 12750.00  250.00  187.64  191.36  217.71  351.24  351.24  0.0498  0.0000  0.0000   43.85
  67 12500.00  250.00  195.12  198.96  219.39  350.02  350.02  0.0591  0.0000  0.0000   44.25
  66 12250.00  250.00  202.84  206.80  221.07  348.81  348.81  0.0700  0.0000  0.0000   44.74
  65 12000.00  250.00  210.81  214.89  222.75  347.61  347.61  0.0828  0.0000  0.0000   45.35
  64 11750.00  250.00  219.02  223.23  224.43  346.42  346.42  0.0977  0.0000  0.0000   46.01
  63 11500.00  250.00  227.49  231.83  226.11  345.25  345.25  0.1149  0.0000  0.0000   46.66
  62 11250.00  250.00  236.22  240.69  227.78  344.09  344.09  0.1350  0.0000  0.0000   47.41
  61 11000.00  250.00  245.21  249.82  229.46  342.94  342.94  0.1581  0.0000  0.0000   48.14
  60 10750.00  250.00  254.48  259.23  231.14  341.80  341.80  0.1849  0.0000  0.0000   48.94
  59 10500.00  250.00  264.03  268.92  232.81  340.67  340.67  0.2156  0.0000  0.0000   49.73
  58 10250.00  250.00  273.86  278.90  234.49  339.55  339.55  0.2510  0.0000  0.0000   50.57
  57 10000.00  250.00  283.99  289.17  236.16  338.45  338.45  0.2915  0.0000  0.0000   51.42
  56  9750.00  250.00  294.41  299.75  237.84  337.35  337.35  0.3377  0.0000  0.0000   52.28
  55  9500.00  250.00  305.14  310.63  239.51  336.26  336.26  0.3904  0.0000  0.0000   53.17
  54  9250.00  250.00  316.18  321.83  241.18  335.19  335.19  0.4504  0.0000  0.0000   54.08
  53  9000.00  250.00  327.54  333.36  242.85  334.12  334.12  0.5184  0.0000  0.0000   55.00
  52  8750.00  250.00  339.23  345.21  244.52  333.06  333.06  0.5954  0.0000  0.0000   55.95
  51  8500.00  250.00  351.25  357.39  246.18  332.01  332.01  0.6822  0.0000  0.0000   56.90
  50  8250.00  250.00  363.61  369.93  247.85  330.96  330.96  0.7800  0.0000  0.0000   57.87
  49  8000.00  250.00  376.31  382.81  249.51  329.93  329.93  0.8899  0.0000  0.0000   58.85
  48  7750.00  250.00  389.37  396.05  251.17  328.90  328.90  1.0129  0.0000  0.0000   59.84
  47  7500.00  250.00  402.79  409.65  252.83  327.88  327.88  1.1504  0.0000  0.0000   60.84
  46  7250.00  250.00  416.58  423.63  254.48  326.87  326.87  1.3037  0.0000  0.0000   61.85
  45  7000.00  250.00  430.75  437.99  256.14  325.86  325.86  1.4741  0.0000  0.0000   62.87
  44  6750.00  250.00  445.30  452.73  257.79  324.86  324.86  1.6631  0.0000  0.0000   63.88
  43  6500.00  250.00  460.24  467.88  259.43  323.86  323.86  1.8722  0.0000  0.0000   64.91
  42  6250.00  250.00  475.59  483.43  261.07  322.87  322.87  2.1029  0.0000  0.0000   65.92
  41  6000.00  250.00  491.34  499.38  262.71  321.88  321.88  2.3567  0.0000  0.0000   66.94
  40  5750.00  247.37  507.51  515.59  264.34  320.90  320.90  2.6354  0.0000  0.0000   67.95
  39  5505.26  244.74  523.75  532.04  265.94  319.94  319.94  2.9337  0.0000  0.0000   68.93
  38  5260.53  239.47  540.41  548.54  267.53  318.98  318.98  3.2588  0.0000  0.0000   69.90
  37  5026.32  234.21  556.74  565.07  269.04  318.07  318.07  3.5965  0.0000  0.0000   70.82
  36  4792.10  228.95  573.47  581.61  270.55  317.16  317.16  3.9615  0.0000  0.0000   71.73
  35  4568.42  223.68  589.82  598.15  271.99  316.29  316.29  4.3366  0.0000  0.0000   72.58
  34  4344.74  218.42  606.55  614.66  273.42  315.43  315.43  4.7389  0.0000  0.0000   73.42
  33  4131.58  213.16  622.84  631.12  274.78  314.61  314.61  5.1483  0.0000  0.0000   74.20
  32  3918.42  207.89  639.48  647.52  276.14  313.78  313.78  5.5841  0.0000  0.0000   74.96
  31  3715.79  202.63  655.62  663.83  277.42  313.00  313.00  6.0235  0.0000  0.0000   75.67
  30  3513.16  197.37  672.10  680.03  278.70  312.22  312.22  6.4880  0.0000  0.0000   76.36
  29  3321.05  192.11  688.02  696.10  279.90  311.48  311.48  6.9521  0.0000  0.0000   76.99
  28  3128.95  186.84  704.24  712.03  281.11  310.74  310.74  7.4395  0.0000  0.0000   77.60
  27  2947.37  181.58  719.86  727.78  282.24  310.04  310.04  7.9221  0.0000  0.0000   78.16
  26  2765.79  176.32  735.75  743.35  283.37  309.35  309.35  8.4261  0.0000  0.0000   78.70
  25  2594.74  171.05  750.98  758.70  284.43  308.69  308.69  8.9206  0.0000  0.0000   79.18
  24  2423.68  165.79  766.47  773.82  285.48  308.03  308.03  9.4343  0.0000  0.0000   79.64
  23  2263.16  160.53  781.23  788.70  286.47  307.41  307.41  9.9338  0.0000  0.0000   80.06
  22  2102.63  155.26  796.21  803.30  287.45  306.80  306.80 10.4502  0.0000  0.0000   80.45
  21  1952.63  150.00  810.43  817.62  288.36  306.22  306.22 10.9479  0.0000  0.0000   80.80
  20  1802.63  144.74  824.84  831.62  289.28  305.64  305.64 11.4602  0.0000  0.0000   81.13
  19  1663.16  139.47  838.43  845.30  290.12  305.11  305.11 11.9494  0.0000  0.0000   81.41
  18  1523.68  134.21  852.20  858.63  290.96  304.57  304.57 12.4509  0.0000  0.0000   81.68
  17  1394.74  128.95  865.09  871.60  291.74  304.08  304.08 12.9253  0.0000  0.0000   81.91
  16  1265.79  123.68  878.14  884.19  292.51  303.58  303.58 13.4098  0.0000  0.0000   82.12
  15  1147.37  118.42  890.26  896.37  293.22  303.13  303.13 13.8635  0.0000  0.0000   82.30
  14  1028.95  113.16  902.51  908.14  293.93  302.67  302.67 14.3254  0.0000  0.0000   82.46
  13   921.05  107.89  913.80  919.48  294.57  302.26  302.26 14.7533  0.0000  0.0000   82.59
  12   813.16  102.63  925.19  930.37  295.21  301.85  301.85 15.1876  0.0000  0.0000   82.71
  11   715.79   97.37  935.57  940.80  295.79  301.48  301.48 15.5850  0.0000  0.0000   82.81
  10   618.42   92.11  946.05  950.75  296.37  301.10  301.10 15.9875  0.0000  0.0000   82.89
   9   531.58   86.84  955.47  960.21  296.88  300.77  300.77 16.3505  0.0000  0.0000   82.95
   8   444.74   81.58  964.97  969.17  297.39  300.44  300.44 16.7172  0.0000  0.0000   83.01
   7   368.42   76.32  973.38  977.60  297.84  300.15  300.15 17.0426  0.0000  0.0000   83.05
   6   292.11   71.05  981.84  985.51  298.29  299.86  299.86 17.3706  0.0000  0.0000   83.08
   5   226.32   65.79  989.19  992.88  298.68  299.61  299.61 17.6556  0.0000  0.0000   83.10
   4   160.53   60.53  996.58  999.70  299.06  299.35  299.35 17.9424  0.0000  0.0000   83.11
   3   105.26   55.26 1002.82 1005.96  299.38  299.14  299.14 18.1848  0.0000  0.0000   83.12
   2    50.00   40.13 1009.10 1010.52  299.71  298.93  298.93 18.4285  0.0000  0.0000   83.12
   1    25.00   37.50 1011.94 1014.80  299.85  298.84  298.84 18.5391  0.0000  0.0000   83.12
   k      z      dz     pres   presi   Tabs     tp     tpl      qt      Qc      
 Qi      REL
 Smagorinsky SGS Closure
 initialize with warm bubble:
 bubble_x0=   128000.000000000     
 bubble_y0=   128000.000000000     
 bubble_z0=  0.000000000000000E+000
 bubble_radius_hor=   30000.0000000000     
 bubble_radius_ver=   3000.00000000000     
 bubble_dtemp=  0.000000000000000E+000
 bubble_dq=  5.000000000000000E-003
 Initializeing forcing data...
 sounding data: nsnd=           3   nzsnd=         128
 Observed sounding interval (days):  0.000000000000000E+000
   2000.00000000000     
 
 Case: bubble
 Caseid: rcemip300sst_16_nCat6_MaxIce200
 New Run.
 Day:  0.000000000000000E+000
 Model type: CEM
 Finish at timestep:        1440
 Finish on day:  0.500000000000000     
 
 Statistics file ouput frequency:           60  steps
 Statistics file sampling: every           15  steps
 printouts frequency:           4  steps
 Adams-Bashforth scheme order:           3
 
 Global Grid:         256         256         128
 Local Grid:          32          32         128
 Grid spacing (m) dx, dy, dz:   1000.00000000000        1000.00000000000     
   37.5000000000000     
 Domain dimensions (m):   256000.000000000        256000.000000000     
   27750.0000000000     
 dowallx= F
 dowally= F
 
 Timestep (sec):   30.0000000000000     
 domain translation velocities ug, vg:  0.000000000000000E+000
  0.000000000000000E+000
 
 do column model F
 do convective parameterization F
 do spange damping at the domain top:  T
 maintain grad. of scalars at the top: T
 clouds are allowed: T
 precipitation is allowed: T
 smoke cloud F
 SGS scheme is on: T
 larger-scale subsidence is on: F
 larger-scale tendency is on: F
 coriolis force is allowed: F
 vertical coriolis force is allowed: F
 longwave radiation: T
 shortwave radiation: T
 do seasonal solar cycle: F
 do perpetual sun: T
 compute effective radius for liquid: T
 compute effective radius for ice: T
 doradsimple =  F
 doradhomo = F
 dosolarconstant =  T
 solar_constant =    423.500000000000     
 zenith_angle =    42.8900000000000     
 doradlon =  F
 doradlat =  F
 Latitude0:  0.000000000000000E+000
 Longitude0:  0.000000000000000E+000
 rundatadir = ./RUNDATA
 factor to change present CO2 concentration: nxco2=   1.00000000000000     
 surface flux parameterization is on: T
 Surface type: OCEAN
  sensible heat flux prescribed: F
  latent heat flux prescribed: F
  surface stress prescribed: F
 dosfchomo =  F
 doisccp =  T
 domodis =  T
 domisr =  T
 dosimfilesout= F
 dodynamicocean = F
 doseawater= T
 salt_factor (satur. correction for salty water)=  0.981000000000000     
 dotracers = F
 output_sep = F
 perturb_type =            2
 doSAMconditionals = F
 dosatupdnconditionals = T
 doscamiopdata = F
 iopfile:
 dozero_out_day0 = F
 nsave2D =          120
 nsave2Dstart =            0
 nsave2Dend =     99960480
 save2Dbin =  T
 nsave3D =          120
 nsave3Dstart =            0
 nsave3Dend =     99960480
 save3Dbin =  T
 qnsave3D =   0.000000000000000E+000
 docolumn =  F
 doensemble =  F
 nensemble =            0
 nstatmom =         1000
 nstatmomstart =            1
 nstatmomend =            0
 savemombin =  F
 nmovie =         1000
 nmoviestart =     99999999
 nmovieend =     99999999
 Writting 3D data. file:./OUT_3D/bubble_rcemip300sst_16_nCat6_MaxIce200_64_00000
 00000.bin3D                                                     
 Number of statistics profiles:         647
 Statistics profiles to save:
PRES       U          V          UOBS       VOBS       WOBS       RHO        MSE     
DSE        SSE        THETAE     THETA      THETAV     THETAL     TABS       TABSOBS 
TL         QT         QV         QVOBS      TTEND      QTEND      QCL        QCI     
QPL        QPI        QN         QP         QNFR       FRACT      QSAT       QCOND   
PRECIP     RELH       TLFLUX     TLFLUXS    TVFLUX     QCFLUX     QIFLUX     SW      
SWSB       UW         UWSB       VW         VWSB       RADLWUP    RADLWDN    RADSWUP 
RADSWDN    RADQRLW    RADQRSW    RADQR      RADQRS     RADQRC     Q1C        Q1CC    
Q1CS       Q1LS       Q2         Q2C        Q2S        Q2LS       U2         V2      
W2         TL2        TQ         QT2        QC2        QI2        QS2        S2      
W3         AUP        WSKEW      TKE        TKES       TK         TKH        HLADV   
HLDIFF     HLLAT      HLRAD      QTADV      QTDIFF     QTSINK     QTSRC      QPADV   
QPDIFF     QPFALL     QPSRC      QPEVP      SHEAR      SHEARS     BUOYA      BUOYAS  
ADVTR      PRESSTR    ADVTRS     DIFTR      DISSIP     DISSIPS    WUADV      WVADV   
WUPRES     WVPRES     WUANIZ     WVANIZ     WUSHEAR    WVSHEAR    WUBUOY     WVBUOY  
WUDIFF     WVDIFF     W2ADV      W2PRES     W2REDIS    W2BUOY     W2DIFF     TWGRAD  
TWADV      TWDIFF     TWBUOY     TWPRES     TWPREC     QWGRAD     QWADV      QWDIFF  
QWBUOY     QWPRES     QWPREC     T2ADVTR    T2GRAD     T2DISSIP   T2DIFTR    T2PREC  
Q2ADVTR    Q2GRAD     Q2DISSIP   Q2DIFTR    Q2PREC     HYDRO      MCUP       MCDNS   
MCDNU      MC         CORE       CORECL     COREDN     COREDNCL   MCRUP      MCRDNS  
MCRDNU     MCR        QVTEND     QHTEND     QNUDGE     THTEND     TVTEND     TNUDGE  
WSTAR3     UADV       VADV       UDIFF      VDIFF      UNUDGE     VNUDGE     ULSADVV 
VLSADVV    USTOR      VSTOR      UTENDCOR   URESID     VTENDCOR   VRESID     HLSTOR  
QTSTOR     CLDCUMU1   CLDCUMD1   CLDCUMU2   CLDCUMD2   TBIAS      QBIAS      RELHBIAS
UXGRID     VXGRID     TKEDAMP    RADQRCLW   RADQRCSW   SURFVARS   CLD        WCLD    
UCLD       VCLD       MSECLD     DSECLD     TLCLD      TACLD      TVCLD      TVCLDA  
QTCLD      QNCLD      QPCLD      SCLD       WCLDA      TLWCLD     TVWCLD     SWCLD   
QTWCLD     QCWCLD     QIWCLD     HFCLD      HFCLDA     UCLDA      VCLDA      UPGFCLD 
VPGFCLD    WPGFCLD    UWCLD      VWCLD      UWSBCLD    VWSBCLD    MFCLD      MFHCLD  
MFHCLDA    MFTLCLD    MFTLCLDA   MFTVCLD    MFTVCLDA   MFQTCLD    MFQTCLDA   RUWCLD  
RVWCLD     RWWCLD     SUP        WSUP       USUP       VSUP       MSESUP     DSESUP  
TLSUP      TASUP      TVSUP      TVSUPA     QTSUP      QNSUP      QPSUP      SSUP    
WSUPA      TLWSUP     TVWSUP     SWSUP      QTWSUP     QCWSUP     QIWSUP     HFSUP   
HFSUPA     USUPA      VSUPA      UPGFSUP    VPGFSUP    WPGFSUP    UWSUP      VWSUP   
UWSBSUP    VWSBSUP    MFSUP      MFHSUP     MFHSUPA    MFTLSUP    MFTLSUPA   MFTVSUP 
MFTVSUPA   MFQTSUP    MFQTSUPA   RUWSUP     RVWSUP     RWWSUP     SDN        WSDN    
USDN       VSDN       MSESDN     DSESDN     TLSDN      TASDN      TVSDN      TVSDNA  
QTSDN      QNSDN      QPSDN      SSDN       WSDNA      TLWSDN     TVWSDN     SWSDN   
QTWSDN     QCWSDN     QIWSDN     HFSDN      HFSDNA     USDNA      VSDNA      UPGFSDN 
VPGFSDN    WPGFSDN    UWSDN      VWSDN      UWSBSDN    VWSBSDN    MFSDN      MFHSDN  
MFHSDNA    MFTLSDN    MFTLSDNA   MFTVSDN    MFTVSDNA   MFQTSDN    MFQTSDNA   RUWSDN  
RVWSDN     RWWSDN     ENV        WENV       UENV       VENV       MSEENV     DSEENV  
TLENV      TAENV      TVENV      TVENVA     QTENV      QNENV      QPENV      SENV    
WENVA      TLWENV     TVWENV     SWENV      QTWENV     QCWENV     QIWENV     HFENV   
HFENVA     UENVA      VENVA      UPGFENV    VPGFENV    WPGFENV    UWENV      VWENV   
UWSBENV    VWSBENV    MFENV      MFHENV     MFHENVA    MFTLENV    MFTLENVA   MFTVENV 
MFTVENVA   MFQTENV    MFQTENVA   RUWENV     RVWENV     RWWENV     QTFLUX     QTO     
QTO2       QTOADV     QTODIFF    QTOMPHY    QTOSED     QTOSDFLX   QTOSTRG    QTOFLXR 
QTOFLXS    NC         NCADV      NCDIFF     NCMPHY     NCSED      NCSDFLX    NCSTRG  
NCFLXR     NCFLXS     QR         QRADV      QRDIFF     QRMPHY     QRSED      QRSDFLX 
QRSTRG     QRFLXR     QRFLXS     NR         NRADV      NRDIFF     NRMPHY     NRSED   
NRSDFLX    NRSTRG     NRFLXR     NRFLXS     QIA        QIAADV     QIADIFF    QIAMPHY 
QIASED     QIASDFLX   QIASTRG    QIAFLXR    QIAFLXS    TAUQIA     QIAOEFFR   NIA     
NIAADV     NIADIFF    NIAMPHY    NIASED     NIASDFLX   NIASTRG    NIAFLXR    NIAFLXS 
IRA        IRAADV     IRADIFF    IRAMPHY    IRASED     IRASDFLX   IRASTRG    IRAFLXR 
IRAFLXS    IBA        IBAADV     IBADIFF    IBAMPHY    IBASED     IBASDFLX   IBASTRG 
IBAFLXR    IBAFLXS    QIB        QIBADV     QIBDIFF    QIBMPHY    QIBSED     QIBSDFLX
QIBSTRG    QIBFLXR    QIBFLXS    TAUQIB     QIBOEFFR   NIB        NIBADV     NIBDIFF 
NIBMPHY    NIBSED     NIBSDFLX   NIBSTRG    NIBFLXR    NIBFLXS    IRB        IRBADV  
IRBDIFF    IRBMPHY    IRBSED     IRBSDFLX   IRBSTRG    IRBFLXR    IRBFLXS    IBB     
IBBADV     IBBDIFF    IBBMPHY    IBBSED     IBBSDFLX   IBBSTRG    IBBFLXR    IBBFLXS 
QIC        QICADV     QICDIFF    QICMPHY    QICSED     QICSDFLX   QICSTRG    QICFLXR 
QICFLXS    TAUQIC     QICOEFFR   NIC        NICADV     NICDIFF    NICMPHY    NICSED  
NICSDFLX   NICSTRG    NICFLXR    NICFLXS    IRC        IRCADV     IRCDIFF    IRCMPHY 
IRCSED     IRCSDFLX   IRCSTRG    IRCFLXR    IRCFLXS    IBC        IBCADV     IBCDIFF 
IBCMPHY    IBCSED     IBCSDFLX   IBCSTRG    IBCFLXR    IBCFLXS    QID        QIDADV  
QIDDIFF    QIDMPHY    QIDSED     QIDSDFLX   QIDSTRG    QIDFLXR    QIDFLXS    TAUQID  
QIDOEFFR   NID        NIDADV     NIDDIFF    NIDMPHY    NIDSED     NIDSDFLX   NIDSTRG 
NIDFLXR    NIDFLXS    IRD        IRDADV     IRDDIFF    IRDMPHY    IRDSED     IRDSDFLX
IRDSTRG    IRDFLXR    IRDFLXS    IBD        IBDADV     IBDDIFF    IBDMPHY    IBDSED  
IBDSDFLX   IBDSTRG    IBDFLXR    IBDFLXS    QIE        QIEADV     QIEDIFF    QIEMPHY 
QIESED     QIESDFLX   QIESTRG    QIEFLXR    QIEFLXS    TAUQIE     QIEOEFFR   NIE     
NIEADV     NIEDIFF    NIEMPHY    NIESED     NIESDFLX   NIESTRG    NIEFLXR    NIEFLXS 
IRE        IREADV     IREDIFF    IREMPHY    IRESED     IRESDFLX   IRESTRG    IREFLXR 
IREFLXS    IBE        IBEADV     IBEDIFF    IBEMPHY    IBESED     IBESDFLX   IBESTRG 
IBEFLXR    IBEFLXS    QIF        QIFADV     QIFDIFF    QIFMPHY    QIFSED     QIFSDFLX
QIFSTRG    QIFFLXR    QIFFLXS    TAUQIF     QIFOEFFR   NIF        NIFADV     NIFDIFF 
NIFMPHY    NIFSED     NIFSDFLX   NIFSTRG    NIFFLXR    NIFFLXS    IRF        IRFADV  
IRFDIFF    IRFMPHY    IRFSED     IRFSDFLX   IRFSTRG    IRFFLXR    IRFFLXS    IBF     
IBFADV     IBFDIFF    IBFMPHY    IBFSED     IBFSDFLX   IBFSTRG    IBFFLXR    IBFFLXS 
QC         TAUQC      QCOEFFR    T1         QV1        ninuc      ninuc2     ninuc3  
ncheti     nrheti     nimul      nimlt      nisub      nislf      nrchomi 
wspd, zbot, t_degC, zbot =       0.00000000     25.00000000     26.70457387     25.00000000
qbot,zbot,pmidm1,ts_degC =       0.01853910     25.00000000   1011.94494827     30.00000000
tau,shf,lhf,Le =     0.000000E+00    0.804213E-02    0.231916E-04    0.000000E+00
ssq, lhf_coef, ustar,  u10n =         0.026703       -0.002841        0.061294        1.246410
 SHF/LHF (W/m2 approx) =    9.78566396614227        69.8530456428492     
wspd, zbot, t_degC, zbot =       0.00000000     25.00000000     26.70457387     25.00000000
qbot,zbot,pmidm1,ts_degC =       0.01853910     25.00000000   1011.94494827     30.00000000
tau,shf,lhf,Le =     0.000000E+00    0.804213E-02    0.231916E-04    0.000000E+00
ssq, lhf_coef, ustar,  u10n =         0.026703       -0.002841        0.061294        1.246410
 SHF/LHF (W/m2 approx) =    9.78566396614227        69.8530456428492     
wspd, zbot, t_degC, zbot =       0.00000000     25.00000000     26.70457387     25.00000000
wspd, zbot, t_degC, zbot =       0.00000000     25.00000000     26.70457387     25.00000000
qbot,zbot,pmidm1,ts_degC =       0.01853910     25.00000000   1011.94494827     30.00000000
tau,shf,lhf,Le =     0.000000E+00    0.804213E-02    0.231916E-04    0.000000E+00
ssq, lhf_coef, ustar,  u10n =         0.026703       -0.002841        0.061294        1.246410
 SHF/LHF (W/m2 approx) =    9.78566396614227        69.8530456428492     
wspd, zbot, t_degC, zbot =       0.00000000     25.00000000     26.70457387     25.00000000
qbot,zbot,pmidm1,ts_degC =       0.01853910     25.00000000   1011.94494827     30.00000000
tau,shf,lhf,Le =     0.000000E+00    0.804213E-02    0.231916E-04    0.000000E+00
ssq, lhf_coef, ustar,  u10n =         0.026703       -0.002841        0.061294        1.246410
 SHF/LHF (W/m2 approx) =    9.78566396614227        69.8530456428492     
wspd, zbot, t_degC, zbot =       0.00000000     25.00000000     26.70457387     25.00000000
qbot,zbot,pmidm1,ts_degC =       0.01853910     25.00000000   1011.94494827     30.00000000
tau,shf,lhf,Le =     0.000000E+00    0.804213E-02    0.231916E-04    0.000000E+00
ssq, lhf_coef, ustar,  u10n =         0.026703       -0.002841        0.061294        1.246410
 SHF/LHF (W/m2 approx) =    9.78566396614227        69.8530456428492     
wspd, zbot, t_degC, zbot =       0.00000000     25.00000000     26.70457387     25.00000000
qbot,zbot,pmidm1,ts_degC =       0.01853910     25.00000000   1011.94494827     30.00000000
tau,shf,lhf,Le =     0.000000E+00    0.804213E-02    0.231916E-04    0.000000E+00
ssq, lhf_coef, ustar,  u10n =         0.026703       -0.002841        0.061294        1.246410
 SHF/LHF (W/m2 approx) =    9.78566396614227        69.8530456428492     
wspd, zbot, t_degC, zbot =       0.00000000     25.00000000     26.70457387     25.00000000
qbot,zbot,pmidm1,ts_degC =       0.01853910     25.00000000   1011.94494827     30.00000000
tau,shf,lhf,Le =     0.000000E+00    0.804213E-02    0.231916E-04    0.000000E+00
ssq, lhf_coef, ustar,  u10n =         0.026703       -0.002841        0.061294        1.246410
 SHF/LHF (W/m2 approx) =    9.78566396614227        69.8530456428492     
wspd, zbot, t_degC, zbot =       0.00000000     25.00000000     26.70457387     25.00000000
qbot,zbot,pmidm1,ts_degC =       0.01853910     25.00000000   1011.94494827     30.00000000
tau,shf,lhf,Le =     0.000000E+00    0.804213E-02    0.231916E-04    0.000000E+00
ssq, lhf_coef, ustar,  u10n =         0.026703       -0.002841        0.061294        1.246410
 SHF/LHF (W/m2 approx) =    9.78566396614227        69.8530456428492     
wspd, zbot, t_degC, zbot =       0.00000000     25.00000000     26.70457387     25.00000000
qbot,zbot,pmidm1,ts_degC =       0.01853910     25.00000000   1011.94494827     30.00000000
tau,shf,lhf,Le =     0.000000E+00    0.804213E-02    0.231916E-04    0.000000E+00
ssq, lhf_coef, ustar,  u10n =         0.026703       -0.002841        0.061294        1.246410
 SHF/LHF (W/m2 approx) =    9.78566396614227        69.8530456428492     
wspd, zbot, t_degC, zbot =       0.00000000     25.00000000     26.70457387     25.00000000
qbot,zbot,pmidm1,ts_degC =       0.01853910     25.00000000   1011.94494827     30.00000000
tau,shf,lhf,Le =     0.000000E+00    0.804213E-02    0.231916E-04    0.000000E+00
ssq, lhf_coef, ustar,  u10n =         0.026703       -0.002841        0.061294        1.246410
 SHF/LHF (W/m2 approx) =    9.78566396614227        69.8530456428492     
wspd, zbot, t_degC, zbot =       0.00000000     25.00000000     26.70457387     25.00000000
qbot,zbot,pmidm1,ts_degC =       0.01853910     25.00000000   1011.94494827     30.00000000
tau,shf,lhf,Le =     0.000000E+00    0.804213E-02    0.231916E-04    0.000000E+00
ssq, lhf_coef, ustar,  u10n =         0.026703       -0.002841        0.061294        1.246410
 SHF/LHF (W/m2 approx) =    9.78566396614227        69.8530456428492     
wspd, zbot, t_degC, zbot =       0.00000000     25.00000000     26.70457387     25.00000000
qbot,zbot,pmidm1,ts_degC =       0.01853910     25.00000000   1011.94494827     30.00000000
tau,shf,lhf,Le =     0.000000E+00    0.804213E-02    0.231916E-04    0.000000E+00
ssq, lhf_coef, ustar,  u10n =         0.026703       -0.002841        0.061294        1.246410
 SHF/LHF (W/m2 approx) =    9.78566396614227        69.8530456428492     
wspd, zbot, t_degC, zbot =       0.00000000     25.00000000     26.70457387     25.00000000
qbot,zbot,pmidm1,ts_degC =       0.01853910     25.00000000   1011.94494827     30.00000000
tau,shf,lhf,Le =     0.000000E+00    0.804213E-02    0.231916E-04    0.000000E+00
ssq, lhf_coef, ustar,  u10n =         0.026703       -0.002841        0.061294        1.246410
 SHF/LHF (W/m2 approx) =    9.78566396614227        69.8530456428492     
wspd, zbot, t_degC, zbot =       0.00000000     25.00000000     26.70457387     25.00000000
qbot,zbot,pmidm1,ts_degC =       0.01853910     25.00000000   1011.94494827     30.00000000
tau,shf,lhf,Le =     0.000000E+00    0.804213E-02    0.231916E-04    0.000000E+00
ssq, lhf_coef, ustar,  u10n =         0.026703       -0.002841        0.061294        1.246410
 SHF/LHF (W/m2 approx) =    9.78566396614227        69.8530456428492     
wspd, zbot, t_degC, zbot =       0.00000000     25.00000000     26.70457387     25.00000000
qbot,zbot,pmidm1,ts_degC =       0.01853910     25.00000000   1011.94494827     30.00000000
tau,shf,lhf,Le =     0.000000E+00    0.804213E-02    0.231916E-04    0.000000E+00
ssq, lhf_coef, ustar,  u10n =         0.026703       -0.002841        0.061294        1.246410
 SHF/LHF (W/m2 approx) =    9.78566396614227        69.8530456428492     
wspd, zbot, t_degC, zbot =       0.00000000     25.00000000     26.70457387     25.00000000
qbot,zbot,pmidm1,ts_degC =       0.01853910     25.00000000   1011.94494827     30.00000000
tau,shf,lhf,Le =     0.000000E+00    0.804213E-02    0.231916E-04    0.000000E+00
ssq, lhf_coef, ustar,  u10n =         0.026703       -0.002841        0.061294        1.246410
 SHF/LHF (W/m2 approx) =    9.78566396614227        69.8530456428492     
wspd, zbot, t_degC, zbot =       0.00000000     25.00000000     26.70457387     25.00000000
qbot,zbot,pmidm1,ts_degC =       0.01853910     25.00000000   1011.94494827     30.00000000
tau,shf,lhf,Le =     0.000000E+00    0.804213E-02    0.231916E-04    0.000000E+00
ssq, lhf_coef, ustar,  u10n =         0.026703       -0.002841        0.061294        1.246410
 SHF/LHF (W/m2 approx) =    9.78566396614227        69.8530456428492     
wspd, zbot, t_degC, zbot =       0.00000000     25.00000000     26.70457387     25.00000000
qbot,zbot,pmidm1,ts_degC =       0.01853910     25.00000000   1011.94494827     30.00000000
tau,shf,lhf,Le =     0.000000E+00    0.804213E-02    0.231916E-04    0.000000E+00
ssq, lhf_coef, ustar,  u10n =         0.026703       -0.002841        0.061294        1.246410
 SHF/LHF (W/m2 approx) =    9.78566396614227        69.8530456428492     
wspd, zbot, t_degC, zbot =       0.00000000     25.00000000     26.70457387     25.00000000
wspd, zbot, t_degC, zbot =       0.00000000     25.00000000     26.70457387     25.00000000
qbot,zbot,pmidm1,ts_degC =       0.01853910     25.00000000   1011.94494827     30.00000000
tau,shf,lhf,Le =     0.000000E+00    0.804213E-02    0.231916E-04    0.000000E+00
ssq, lhf_coef, ustar,  u10n =         0.026703       -0.002841        0.061294        1.246410
 SHF/LHF (W/m2 approx) =    9.78566396614227        69.8530456428492     
wspd, zbot, t_degC, zbot =       0.00000000     25.00000000     26.70457387     25.00000000
qbot,zbot,pmidm1,ts_degC =       0.01853910     25.00000000   1011.94494827     30.00000000
tau,shf,lhf,Le =     0.000000E+00    0.804213E-02    0.231916E-04    0.000000E+00
ssq, lhf_coef, ustar,  u10n =         0.026703       -0.002841        0.061294        1.246410
 SHF/LHF (W/m2 approx) =    9.78566396614227        69.8530456428492     
wspd, zbot, t_degC, zbot =       0.00000000     25.00000000     26.70457387     25.00000000
qbot,zbot,pmidm1,ts_degC =       0.01853910     25.00000000   1011.94494827     30.00000000
tau,shf,lhf,Le =     0.000000E+00    0.804213E-02    0.231916E-04    0.000000E+00
ssq, lhf_coef, ustar,  u10n =         0.026703       -0.002841        0.061294        1.246410
 SHF/LHF (W/m2 approx) =    9.78566396614227        69.8530456428492     
wspd, zbot, t_degC, zbot =       0.00000000     25.00000000     26.70457387     25.00000000
qbot,zbot,pmidm1,ts_degC =       0.01853910     25.00000000   1011.94494827     30.00000000
tau,shf,lhf,Le =     0.000000E+00    0.804213E-02    0.231916E-04    0.000000E+00
ssq, lhf_coef, ustar,  u10n =         0.026703       -0.002841        0.061294        1.246410
 SHF/LHF (W/m2 approx) =    9.78566396614227        69.8530456428492     
wspd, zbot, t_degC, zbot =       0.00000000     25.00000000     26.70457387     25.00000000
qbot,zbot,pmidm1,ts_degC =       0.01853910     25.00000000   1011.94494827     30.00000000
tau,shf,lhf,Le =     0.000000E+00    0.804213E-02    0.231916E-04    0.000000E+00
ssq, lhf_coef, ustar,  u10n =         0.026703       -0.002841        0.061294        1.246410
 SHF/LHF (W/m2 approx) =    9.78566396614227        69.8530456428492     
wspd, zbot, t_degC, zbot =       0.00000000     25.00000000     26.70457387     25.00000000
qbot,zbot,pmidm1,ts_degC =       0.01853910     25.00000000   1011.94494827     30.00000000
tau,shf,lhf,Le =     0.000000E+00    0.804213E-02    0.231916E-04    0.000000E+00
ssq, lhf_coef, ustar,  u10n =         0.026703       -0.002841        0.061294        1.246410
 SHF/LHF (W/m2 approx) =    9.78566396614227        69.8530456428492     
wspd, zbot, t_degC, zbot =       0.00000000     25.00000000     26.70457387     25.00000000
qbot,zbot,pmidm1,ts_degC =       0.01853910     25.00000000   1011.94494827     30.00000000
tau,shf,lhf,Le =     0.000000E+00    0.804213E-02    0.231916E-04    0.000000E+00
ssq, lhf_coef, ustar,  u10n =         0.026703       -0.002841        0.061294        1.246410
 SHF/LHF (W/m2 approx) =    9.78566396614227        69.8530456428492     
wspd, zbot, t_degC, zbot =       0.00000000     25.00000000     26.70457387     25.00000000
qbot,zbot,pmidm1,ts_degC =       0.01853910     25.00000000   1011.94494827     30.00000000
tau,shf,lhf,Le =     0.000000E+00    0.804213E-02    0.231916E-04    0.000000E+00
ssq, lhf_coef, ustar,  u10n =         0.026703       -0.002841        0.061294        1.246410
 SHF/LHF (W/m2 approx) =    9.78566396614227        69.8530456428492     
wspd, zbot, t_degC, zbot =       0.00000000     25.00000000     26.70457387     25.00000000
qbot,zbot,pmidm1,ts_degC =       0.01853910     25.00000000   1011.94494827     30.00000000
tau,shf,lhf,Le =     0.000000E+00    0.804213E-02    0.231916E-04    0.000000E+00
ssq, lhf_coef, ustar,  u10n =         0.026703       -0.002841        0.061294        1.246410
 SHF/LHF (W/m2 approx) =    9.78566396614227        69.8530456428492     
wspd, zbot, t_degC, zbot =       0.00000000     25.00000000     26.70457387     25.00000000
qbot,zbot,pmidm1,ts_degC =       0.01853910     25.00000000   1011.94494827     30.00000000
tau,shf,lhf,Le =     0.000000E+00    0.804213E-02    0.231916E-04    0.000000E+00
ssq, lhf_coef, ustar,  u10n =         0.026703       -0.002841        0.061294        1.246410
 SHF/LHF (W/m2 approx) =    9.78566396614227        69.8530456428492     
wspd, zbot, t_degC, zbot =       0.00000000     25.00000000     26.70457387     25.00000000
qbot,zbot,pmidm1,ts_degC =       0.01853910     25.00000000   1011.94494827     30.00000000
tau,shf,lhf,Le =     0.000000E+00    0.804213E-02    0.231916E-04    0.000000E+00
ssq, lhf_coef, ustar,  u10n =         0.026703       -0.002841        0.061294        1.246410
 SHF/LHF (W/m2 approx) =    9.78566396614227        69.8530456428492     
wspd, zbot, t_degC, zbot =       0.00000000     25.00000000     26.70457387     25.00000000
qbot,zbot,pmidm1,ts_degC =       0.01853910     25.00000000   1011.94494827     30.00000000
tau,shf,lhf,Le =     0.000000E+00    0.804213E-02    0.231916E-04    0.000000E+00
ssq, lhf_coef, ustar,  u10n =         0.026703       -0.002841        0.061294        1.246410
 SHF/LHF (W/m2 approx) =    9.78566396614227        69.8530456428492     
wspd, zbot, t_degC, zbot =       0.00000000     25.00000000     26.70457387     25.00000000
qbot,zbot,pmidm1,ts_degC =       0.01853910     25.00000000   1011.94494827     30.00000000
tau,shf,lhf,Le =     0.000000E+00    0.804213E-02    0.231916E-04    0.000000E+00
ssq, lhf_coef, ustar,  u10n =         0.026703       -0.002841        0.061294        1.246410
 SHF/LHF (W/m2 approx) =    9.78566396614227        69.8530456428492     
wspd, zbot, t_degC, zbot =       0.00000000     25.00000000     26.70457387     25.00000000
qbot,zbot,pmidm1,ts_degC =       0.01853910     25.00000000   1011.94494827     30.00000000
tau,shf,lhf,Le =     0.000000E+00    0.804213E-02    0.231916E-04    0.000000E+00
ssq, lhf_coef, ustar,  u10n =         0.026703       -0.002841        0.061294        1.246410
 SHF/LHF (W/m2 approx) =    9.78566396614227        69.8530456428492     
wspd, zbot, t_degC, zbot =       0.00000000     25.00000000     26.70457387     25.00000000
qbot,zbot,pmidm1,ts_degC =       0.01853910     25.00000000   1011.94494827     30.00000000
tau,shf,lhf,Le =     0.000000E+00    0.804213E-02    0.231916E-04    0.000000E+00
ssq, lhf_coef, ustar,  u10n =         0.026703       -0.002841        0.061294        1.246410
 SHF/LHF (W/m2 approx) =    9.78566396614227        69.8530456428492     
wspd, zbot, t_degC, zbot =       0.00000000     25.00000000     26.70457387     25.00000000
qbot,zbot,pmidm1,ts_degC =       0.01853910     25.00000000   1011.94494827     30.00000000
tau,shf,lhf,Le =     0.000000E+00    0.804213E-02    0.231916E-04    0.000000E+00
ssq, lhf_coef, ustar,  u10n =         0.026703       -0.002841        0.061294        1.246410
 SHF/LHF (W/m2 approx) =    9.78566396614227        69.8530456428492     
wspd, zbot, t_degC, zbot =       0.00000000     25.00000000     26.70457387     25.00000000
qbot,zbot,pmidm1,ts_degC =       0.01853910     25.00000000   1011.94494827     30.00000000
tau,shf,lhf,Le =     0.000000E+00    0.804213E-02    0.231916E-04    0.000000E+00
ssq, lhf_coef, ustar,  u10n =         0.026703       -0.002841        0.061294        1.246410
 SHF/LHF (W/m2 approx) =    9.78566396614227        69.8530456428492     
wspd, zbot, t_degC, zbot =       0.00000000     25.00000000     26.70457387     25.00000000
qbot,zbot,pmidm1,ts_degC =       0.01853910     25.00000000   1011.94494827     30.00000000
tau,shf,lhf,Le =     0.000000E+00    0.804213E-02    0.231916E-04    0.000000E+00
ssq, lhf_coef, ustar,  u10n =         0.026703       -0.002841        0.061294        1.246410
 SHF/LHF (W/m2 approx) =    9.78566396614227        69.8530456428492     
wspd, zbot, t_degC, zbot =       0.00000000     25.00000000     26.70457387     25.00000000
qbot,zbot,pmidm1,ts_degC =       0.01853910     25.00000000   1011.94494827     30.00000000
tau,shf,lhf,Le =     0.000000E+00    0.804213E-02    0.231916E-04    0.000000E+00
ssq, lhf_coef, ustar,  u10n =         0.026703       -0.002841        0.061294        1.246410
 SHF/LHF (W/m2 approx) =    9.78566396614227        69.8530456428492     
wspd, zbot, t_degC, zbot =       0.00000000     25.00000000     26.70457387     25.00000000
qbot,zbot,pmidm1,ts_degC =       0.01853910     25.00000000   1011.94494827     30.00000000
tau,shf,lhf,Le =     0.000000E+00    0.804213E-02    0.231916E-04    0.000000E+00
ssq, lhf_coef, ustar,  u10n =         0.026703       -0.002841        0.061294        1.246410
 SHF/LHF (W/m2 approx) =    9.78566396614227        69.8530456428492     
wspd, zbot, t_degC, zbot =       0.00000000     25.00000000     26.70457387     25.00000000
qbot,zbot,pmidm1,ts_degC =       0.01853910     25.00000000   1011.94494827     30.00000000
tau,shf,lhf,Le =     0.000000E+00    0.804213E-02    0.231916E-04    0.000000E+00
ssq, lhf_coef, ustar,  u10n =         0.026703       -0.002841        0.061294        1.246410
 SHF/LHF (W/m2 approx) =    9.78566396614227        69.8530456428492     
wspd, zbot, t_degC, zbot =       0.00000000     25.00000000     26.70457387     25.00000000
qbot,zbot,pmidm1,ts_degC =       0.01853910     25.00000000   1011.94494827     30.00000000
tau,shf,lhf,Le =     0.000000E+00    0.804213E-02    0.231916E-04    0.000000E+00
ssq, lhf_coef, ustar,  u10n =         0.026703       -0.002841        0.061294        1.246410
 SHF/LHF (W/m2 approx) =    9.78566396614227        69.8530456428492     
wspd, zbot, t_degC, zbot =       0.00000000     25.00000000     26.70457387     25.00000000
qbot,zbot,pmidm1,ts_degC =       0.01853910     25.00000000   1011.94494827     30.00000000
tau,shf,lhf,Le =     0.000000E+00    0.804213E-02    0.231916E-04    0.000000E+00
ssq, lhf_coef, ustar,  u10n =         0.026703       -0.002841        0.061294        1.246410
 SHF/LHF (W/m2 approx) =    9.78566396614227        69.8530456428492     
wspd, zbot, t_degC, zbot =       0.00000000     25.00000000     26.70457387     25.00000000
qbot,zbot,pmidm1,ts_degC =       0.01853910     25.00000000   1011.94494827     30.00000000
tau,shf,lhf,Le =     0.000000E+00    0.804213E-02    0.231916E-04    0.000000E+00
ssq, lhf_coef, ustar,  u10n =         0.026703       -0.002841        0.061294        1.246410
 SHF/LHF (W/m2 approx) =    9.78566396614227        69.8530456428492     
wspd, zbot, t_degC, zbot =       0.00000000     25.00000000     26.70457387     25.00000000
qbot,zbot,pmidm1,ts_degC =       0.01853910     25.00000000   1011.94494827     30.00000000
tau,shf,lhf,Le =     0.000000E+00    0.804213E-02    0.231916E-04    0.000000E+00
ssq, lhf_coef, ustar,  u10n =         0.026703       -0.002841        0.061294        1.246410
 SHF/LHF (W/m2 approx) =    9.78566396614227        69.8530456428492     
wspd, zbot, t_degC, zbot =       0.00000000     25.00000000     26.70457387     25.00000000
qbot,zbot,pmidm1,ts_degC =       0.01853910     25.00000000   1011.94494827     30.00000000
tau,shf,lhf,Le =     0.000000E+00    0.804213E-02    0.231916E-04    0.000000E+00
ssq, lhf_coef, ustar,  u10n =         0.026703       -0.002841        0.061294        1.246410
 SHF/LHF (W/m2 approx) =    9.78566396614227        69.8530456428492     
wspd, zbot, t_degC, zbot =       0.00000000     25.00000000     26.70457387     25.00000000
qbot,zbot,pmidm1,ts_degC =       0.01853910     25.00000000   1011.94494827     30.00000000
tau,shf,lhf,Le =     0.000000E+00    0.804213E-02    0.231916E-04    0.000000E+00
ssq, lhf_coef, ustar,  u10n =         0.026703       -0.002841        0.061294        1.246410
 SHF/LHF (W/m2 approx) =    9.78566396614227        69.8530456428492     
wspd, zbot, t_degC, zbot =       0.00000000     25.00000000     26.70457387     25.00000000
qbot,zbot,pmidm1,ts_degC =       0.01853910     25.00000000   1011.94494827     30.00000000
tau,shf,lhf,Le =     0.000000E+00    0.804213E-02    0.231916E-04    0.000000E+00
ssq, lhf_coef, ustar,  u10n =         0.026703       -0.002841        0.061294        1.246410
 SHF/LHF (W/m2 approx) =    9.78566396614227        69.8530456428492     
wspd, zbot, t_degC, zbot =       0.00000000     25.00000000     26.70457387     25.00000000
qbot,zbot,pmidm1,ts_degC =       0.01853910     25.00000000   1011.94494827     30.00000000
tau,shf,lhf,Le =     0.000000E+00    0.804213E-02    0.231916E-04    0.000000E+00
ssq, lhf_coef, ustar,  u10n =         0.026703       -0.002841        0.061294        1.246410
 SHF/LHF (W/m2 approx) =    9.78566396614227        69.8530456428492     
wspd, zbot, t_degC, zbot =       0.00000000     25.00000000     26.70457387     25.00000000
qbot,zbot,pmidm1,ts_degC =       0.01853910     25.00000000   1011.94494827     30.00000000
tau,shf,lhf,Le =     0.000000E+00    0.804213E-02    0.231916E-04    0.000000E+00
ssq, lhf_coef, ustar,  u10n =         0.026703       -0.002841        0.061294        1.246410
 SHF/LHF (W/m2 approx) =    9.78566396614227        69.8530456428492     
wspd, zbot, t_degC, zbot =       0.00000000     25.00000000     26.70457387     25.00000000
qbot,zbot,pmidm1,ts_degC =       0.01853910     25.00000000   1011.94494827     30.00000000
tau,shf,lhf,Le =     0.000000E+00    0.804213E-02    0.231916E-04    0.000000E+00
ssq, lhf_coef, ustar,  u10n =         0.026703       -0.002841        0.061294        1.246410
 SHF/LHF (W/m2 approx) =    9.78566396614227        69.8530456428492     
wspd, zbot, t_degC, zbot =       0.00000000     25.00000000     26.70457387     25.00000000
qbot,zbot,pmidm1,ts_degC =       0.01853910     25.00000000   1011.94494827     30.00000000
tau,shf,lhf,Le =     0.000000E+00    0.804213E-02    0.231916E-04    0.000000E+00
ssq, lhf_coef, ustar,  u10n =         0.026703       -0.002841        0.061294        1.246410
 SHF/LHF (W/m2 approx) =    9.78566396614227        69.8530456428492     
wspd, zbot, t_degC, zbot =       0.00000000     25.00000000     26.70457387     25.00000000
qbot,zbot,pmidm1,ts_degC =       0.01853910     25.00000000   1011.94494827     30.00000000
tau,shf,lhf,Le =     0.000000E+00    0.804213E-02    0.231916E-04    0.000000E+00
ssq, lhf_coef, ustar,  u10n =         0.026703       -0.002841        0.061294        1.246410
 SHF/LHF (W/m2 approx) =    9.78566396614227        69.8530456428492     
wspd, zbot, t_degC, zbot =       0.00000000     25.00000000     26.70457387     25.00000000
qbot,zbot,pmidm1,ts_degC =       0.01853910     25.00000000   1011.94494827     30.00000000
tau,shf,lhf,Le =     0.000000E+00    0.804213E-02    0.231916E-04    0.000000E+00
ssq, lhf_coef, ustar,  u10n =         0.026703       -0.002841        0.061294        1.246410
 SHF/LHF (W/m2 approx) =    9.78566396614227        69.8530456428492     
wspd, zbot, t_degC, zbot =       0.00000000     25.00000000     26.70457387     25.00000000
qbot,zbot,pmidm1,ts_degC =       0.01853910     25.00000000   1011.94494827     30.00000000
tau,shf,lhf,Le =     0.000000E+00    0.804213E-02    0.231916E-04    0.000000E+00
ssq, lhf_coef, ustar,  u10n =         0.026703       -0.002841        0.061294        1.246410
 SHF/LHF (W/m2 approx) =    9.78566396614227        69.8530456428492     
wspd, zbot, t_degC, zbot =       0.00000000     25.00000000     26.70457387     25.00000000
qbot,zbot,pmidm1,ts_degC =       0.01853910     25.00000000   1011.94494827     30.00000000
tau,shf,lhf,Le =     0.000000E+00    0.804213E-02    0.231916E-04    0.000000E+00
ssq, lhf_coef, ustar,  u10n =         0.026703       -0.002841        0.061294        1.246410
 SHF/LHF (W/m2 approx) =    9.78566396614227        69.8530456428492     
wspd, zbot, t_degC, zbot =       0.00000000     25.00000000     26.70457387     25.00000000
qbot,zbot,pmidm1,ts_degC =       0.01853910     25.00000000   1011.94494827     30.00000000
tau,shf,lhf,Le =     0.000000E+00    0.804213E-02    0.231916E-04    0.000000E+00
ssq, lhf_coef, ustar,  u10n =         0.026703       -0.002841        0.061294        1.246410
 SHF/LHF (W/m2 approx) =    9.78566396614227        69.8530456428492     
wspd, zbot, t_degC, zbot =       0.00000000     25.00000000     26.70457387     25.00000000
qbot,zbot,pmidm1,ts_degC =       0.01853910     25.00000000   1011.94494827     30.00000000
tau,shf,lhf,Le =     0.000000E+00    0.804213E-02    0.231916E-04    0.000000E+00
ssq, lhf_coef, ustar,  u10n =         0.026703       -0.002841        0.061294        1.246410
 SHF/LHF (W/m2 approx) =    9.78566396614227        69.8530456428492     
wspd, zbot, t_degC, zbot =       0.00000000     25.00000000     26.70457387     25.00000000
qbot,zbot,pmidm1,ts_degC =       0.01853910     25.00000000   1011.94494827     30.00000000
tau,shf,lhf,Le =     0.000000E+00    0.804213E-02    0.231916E-04    0.000000E+00
ssq, lhf_coef, ustar,  u10n =         0.026703       -0.002841        0.061294        1.246410
 SHF/LHF (W/m2 approx) =    9.78566396614227        69.8530456428492     
wspd, zbot, t_degC, zbot =       0.00000000     25.00000000     26.70457387     25.00000000
qbot,zbot,pmidm1,ts_degC =       0.01853910     25.00000000   1011.94494827     30.00000000
tau,shf,lhf,Le =     0.000000E+00    0.804213E-02    0.231916E-04    0.000000E+00
ssq, lhf_coef, ustar,  u10n =         0.026703       -0.002841        0.061294        1.246410
 SHF/LHF (W/m2 approx) =    9.78566396614227        69.8530456428492     
wspd, zbot, t_degC, zbot =       0.00000000     25.00000000     26.70457387     25.00000000
qbot,zbot,pmidm1,ts_degC =       0.01853910     25.00000000   1011.94494827     30.00000000
tau,shf,lhf,Le =     0.000000E+00    0.804213E-02    0.231916E-04    0.000000E+00
ssq, lhf_coef, ustar,  u10n =         0.026703       -0.002841        0.061294        1.246410
 SHF/LHF (W/m2 approx) =    9.78566396614227        69.8530456428492     
wspd, zbot, t_degC, zbot =       0.00000000     25.00000000     26.70457387     25.00000000
qbot,zbot,pmidm1,ts_degC =       0.01853910     25.00000000   1011.94494827     30.00000000
tau,shf,lhf,Le =     0.000000E+00    0.804213E-02    0.231916E-04    0.000000E+00
ssq, lhf_coef, ustar,  u10n =         0.026703       -0.002841        0.061294        1.246410
 SHF/LHF (W/m2 approx) =    9.78566396614227        69.8530456428492     
wspd, zbot, t_degC, zbot =       0.00000000     25.00000000     26.70457387     25.00000000
qbot,zbot,pmidm1,ts_degC =       0.01853910     25.00000000   1011.94494827     30.00000000
tau,shf,lhf,Le =     0.000000E+00    0.804213E-02    0.231916E-04    0.000000E+00
ssq, lhf_coef, ustar,  u10n =         0.026703       -0.002841        0.061294        1.246410
 SHF/LHF (W/m2 approx) =    9.78566396614227        69.8530456428492     
qbot,zbot,pmidm1,ts_degC =       0.01853910     25.00000000   1011.94494827     30.00000000
wspd, zbot, t_degC, zbot =       0.00000000     25.00000000     26.70457387     25.00000000
qbot,zbot,pmidm1,ts_degC =       0.01853910     25.00000000   1011.94494827     30.00000000
tau,shf,lhf,Le =     0.000000E+00    0.804213E-02    0.231916E-04    0.000000E+00
ssq, lhf_coef, ustar,  u10n =         0.026703       -0.002841        0.061294        1.246410
 SHF/LHF (W/m2 approx) =    9.78566396614227        69.8530456428492     
tau,shf,lhf,Le =     0.000000E+00    0.804213E-02    0.231916E-04    0.000000E+00
qbot,zbot,pmidm1,ts_degC =       0.01853910     25.00000000   1011.94494827     30.00000000
ssq, lhf_coef, ustar,  u10n =         0.026703       -0.002841        0.061294        1.246410
tau,shf,lhf,Le =     0.000000E+00    0.804213E-02    0.231916E-04    0.000000E+00
 SHF/LHF (W/m2 approx) =    9.78566396614227        69.8530456428492     
ssq, lhf_coef, ustar,  u10n =         0.026703       -0.002841        0.061294        1.246410
 SHF/LHF (W/m2 approx) =    9.78566396614227        69.8530456428492     
 RRTMG rrtmg_lw.nc trace gas profile: number of levels=          59
 gas traces vertical profiles (ppmv):
  p (hPa)        O3          CO2         CH4         N2O         O2          
 CFC11       CFC12       CFC22       CCL4 
 1011.94  0.1762E-07  0.3550E-03  0.1700E-05  0.3200E-06  0.2090E+00  0.0000E+00  0.0000E+00  0.0000E+00  0.0000E+00
 1009.10  0.1765E-07  0.3550E-03  0.1700E-05  0.3200E-06  0.2090E+00  0.0000E+00  0.0000E+00  0.0000E+00  0.0000E+00
 1002.82  0.1768E-07  0.3550E-03  0.1700E-05  0.3200E-06  0.2090E+00  0.0000E+00  0.0000E+00  0.0000E+00  0.0000E+00
  996.58  0.1772E-07  0.3550E-03  0.1700E-05  0.3200E-06  0.2090E+00  0.0000E+00  0.0000E+00  0.0000E+00  0.0000E+00
  989.19  0.1777E-07  0.3550E-03  0.1700E-05  0.3200E-06  0.2090E+00  0.0000E+00  0.0000E+00  0.0000E+00  0.0000E+00
  981.84  0.1782E-07  0.3550E-03  0.1700E-05  0.3200E-06  0.2090E+00  0.0000E+00  0.0000E+00  0.0000E+00  0.0000E+00
  973.38  0.1787E-07  0.3550E-03  0.1700E-05  0.3200E-06  0.2090E+00  0.0000E+00  0.0000E+00  0.0000E+00  0.0000E+00
  964.97  0.1793E-07  0.3550E-03  0.1700E-05  0.3200E-06  0.2090E+00  0.0000E+00  0.0000E+00  0.0000E+00  0.0000E+00
  955.47  0.1799E-07  0.3550E-03  0.1700E-05  0.3200E-06  0.2090E+00  0.0000E+00  0.0000E+00  0.0000E+00  0.0000E+00
  946.05  0.1805E-07  0.3550E-03  0.1700E-05  0.3200E-06  0.2090E+00  0.0000E+00  0.0000E+00  0.0000E+00  0.0000E+00
  935.57  0.1812E-07  0.3550E-03  0.1700E-05  0.3200E-06  0.2090E+00  0.0000E+00  0.0000E+00  0.0000E+00  0.0000E+00
  925.19  0.1819E-07  0.3550E-03  0.1700E-05  0.3200E-06  0.2090E+00  0.0000E+00  0.0000E+00  0.0000E+00  0.0000E+00
  913.80  0.1826E-07  0.3550E-03  0.1700E-05  0.3200E-06  0.2090E+00  0.0000E+00  0.0000E+00  0.0000E+00  0.0000E+00
  902.51  0.1834E-07  0.3550E-03  0.1700E-05  0.3200E-06  0.2090E+00  0.0000E+00  0.0000E+00  0.0000E+00  0.0000E+00
  890.26  0.1841E-07  0.3550E-03  0.1700E-05  0.3200E-06  0.2090E+00  0.0000E+00  0.0000E+00  0.0000E+00  0.0000E+00
  878.14  0.1849E-07  0.3550E-03  0.1700E-05  0.3200E-06  0.2090E+00  0.0000E+00  0.0000E+00  0.0000E+00  0.0000E+00
  865.09  0.1859E-07  0.3550E-03  0.1700E-05  0.3200E-06  0.2090E+00  0.0000E+00  0.0000E+00  0.0000E+00  0.0000E+00
  852.20  0.1891E-07  0.3550E-03  0.1700E-05  0.3200E-06  0.2090E+00  0.0000E+00  0.0000E+00  0.0000E+00  0.0000E+00
  838.43  0.1930E-07  0.3550E-03  0.1700E-05  0.3200E-06  0.2090E+00  0.0000E+00  0.0000E+00  0.0000E+00  0.0000E+00
  824.84  0.1970E-07  0.3550E-03  0.1700E-05  0.3200E-06  0.2090E+00  0.0000E+00  0.0000E+00  0.0000E+00  0.0000E+00
  810.43  0.2012E-07  0.3550E-03  0.1700E-05  0.3200E-06  0.2090E+00  0.0000E+00  0.0000E+00  0.0000E+00  0.0000E+00
  796.21  0.2054E-07  0.3550E-03  0.1700E-05  0.3200E-06  0.2090E+00  0.0000E+00  0.0000E+00  0.0000E+00  0.0000E+00
  781.23  0.2097E-07  0.3550E-03  0.1700E-05  0.3200E-06  0.2090E+00  0.0000E+00  0.0000E+00  0.0000E+00  0.0000E+00
  766.47  0.2141E-07  0.3550E-03  0.1700E-05  0.3200E-06  0.2090E+00  0.0000E+00  0.0000E+00  0.0000E+00  0.0000E+00
  750.98  0.2185E-07  0.3550E-03  0.1700E-05  0.3200E-06  0.2090E+00  0.0000E+00  0.0000E+00  0.0000E+00  0.0000E+00
  735.75  0.2230E-07  0.3550E-03  0.1700E-05  0.3200E-06  0.2090E+00  0.0000E+00  0.0000E+00  0.0000E+00  0.0000E+00
  719.86  0.2276E-07  0.3550E-03  0.1700E-05  0.3200E-06  0.2090E+00  0.0000E+00  0.0000E+00  0.0000E+00  0.0000E+00
  704.24  0.2330E-07  0.3550E-03  0.1700E-05  0.3200E-06  0.2090E+00  0.0000E+00  0.0000E+00  0.0000E+00  0.0000E+00
  688.02  0.2410E-07  0.3550E-03  0.1699E-05  0.3200E-06  0.2090E+00  0.0000E+00  0.0000E+00  0.0000E+00  0.0000E+00
  672.10  0.2493E-07  0.3550E-03  0.1697E-05  0.3200E-06  0.2090E+00  0.0000E+00  0.0000E+00  0.0000E+00  0.0000E+00
  655.62  0.2577E-07  0.3550E-03  0.1696E-05  0.3200E-06  0.2090E+00  0.0000E+00  0.0000E+00  0.0000E+00  0.0000E+00
  639.48  0.2662E-07  0.3550E-03  0.1695E-05  0.3200E-06  0.2090E+00  0.0000E+00  0.0000E+00  0.0000E+00  0.0000E+00
  622.84  0.2747E-07  0.3550E-03  0.1694E-05  0.3200E-06  0.2090E+00  0.0000E+00  0.0000E+00  0.0000E+00  0.0000E+00
  606.55  0.2832E-07  0.3550E-03  0.1692E-05  0.3200E-06  0.2090E+00  0.0000E+00  0.0000E+00  0.0000E+00  0.0000E+00
  589.82  0.2917E-07  0.3550E-03  0.1691E-05  0.3200E-06  0.2090E+00  0.0000E+00  0.0000E+00  0.0000E+00  0.0000E+00
  573.47  0.3008E-07  0.3550E-03  0.1689E-05  0.3200E-06  0.2090E+00  0.0000E+00  0.0000E+00  0.0000E+00  0.0000E+00
  556.74  0.3108E-07  0.3550E-03  0.1686E-05  0.3200E-06  0.2090E+00  0.0000E+00  0.0000E+00  0.0000E+00  0.0000E+00
  540.41  0.3209E-07  0.3550E-03  0.1682E-05  0.3200E-06  0.2090E+00  0.0000E+00  0.0000E+00  0.0000E+00  0.0000E+00
  523.75  0.3309E-07  0.3550E-03  0.1678E-05  0.3200E-06  0.2090E+00  0.0000E+00  0.0000E+00  0.0000E+00  0.0000E+00
  507.51  0.3409E-07  0.3550E-03  0.1675E-05  0.3200E-06  0.2090E+00  0.0000E+00  0.0000E+00  0.0000E+00  0.0000E+00
  491.34  0.3507E-07  0.3550E-03  0.1671E-05  0.3200E-06  0.2090E+00  0.0000E+00  0.0000E+00  0.0000E+00  0.0000E+00
  475.59  0.3601E-07  0.3550E-03  0.1667E-05  0.3200E-06  0.2090E+00  0.0000E+00  0.0000E+00  0.0000E+00  0.0000E+00
  460.24  0.3681E-07  0.3550E-03  0.1662E-05  0.3199E-06  0.2090E+00  0.0000E+00  0.0000E+00  0.0000E+00  0.0000E+00
  445.30  0.3754E-07  0.3550E-03  0.1657E-05  0.3199E-06  0.2090E+00  0.0000E+00  0.0000E+00  0.0000E+00  0.0000E+00
  430.75  0.3825E-07  0.3550E-03  0.1651E-05  0.3198E-06  0.2090E+00  0.0000E+00  0.0000E+00  0.0000E+00  0.0000E+00
  416.58  0.3895E-07  0.3550E-03  0.1646E-05  0.3198E-06  0.2090E+00  0.0000E+00  0.0000E+00  0.0000E+00  0.0000E+00
  402.79  0.3963E-07  0.3550E-03  0.1641E-05  0.3197E-06  0.2090E+00  0.0000E+00  0.0000E+00  0.0000E+00  0.0000E+00
  389.37  0.4025E-07  0.3550E-03  0.1636E-05  0.3196E-06  0.2090E+00  0.0000E+00  0.0000E+00  0.0000E+00  0.0000E+00
  376.31  0.4038E-07  0.3550E-03  0.1631E-05  0.3190E-06  0.2090E+00  0.0000E+00  0.0000E+00  0.0000E+00  0.0000E+00
  363.61  0.4039E-07  0.3550E-03  0.1626E-05  0.3182E-06  0.2090E+00  0.0000E+00  0.0000E+00  0.0000E+00  0.0000E+00
  351.25  0.4040E-07  0.3550E-03  0.1622E-05  0.3174E-06  0.2090E+00  0.0000E+00  0.0000E+00  0.0000E+00  0.0000E+00
  339.23  0.4041E-07  0.3550E-03  0.1618E-05  0.3167E-06  0.2090E+00  0.0000E+00  0.0000E+00  0.0000E+00  0.0000E+00
  327.54  0.4041E-07  0.3550E-03  0.1613E-05  0.3160E-06  0.2090E+00  0.0000E+00  0.0000E+00  0.0000E+00  0.0000E+00
  316.18  0.4039E-07  0.3550E-03  0.1608E-05  0.3150E-06  0.2090E+00  0.0000E+00  0.0000E+00  0.0000E+00  0.0000E+00
  305.14  0.4027E-07  0.3550E-03  0.1599E-05  0.3129E-06  0.2090E+00  0.0000E+00  0.0000E+00  0.0000E+00  0.0000E+00
  294.41  0.4014E-07  0.3550E-03  0.1590E-05  0.3107E-06  0.2090E+00  0.0000E+00  0.0000E+00  0.0000E+00  0.0000E+00
  283.99  0.4002E-07  0.3550E-03  0.1580E-05  0.3087E-06  0.2090E+00  0.0000E+00  0.0000E+00  0.0000E+00  0.0000E+00
  273.86  0.3989E-07  0.3550E-03  0.1571E-05  0.3066E-06  0.2090E+00  0.0000E+00  0.0000E+00  0.0000E+00  0.0000E+00
  264.03  0.3977E-07  0.3550E-03  0.1563E-05  0.3047E-06  0.2090E+00  0.0000E+00  0.0000E+00  0.0000E+00  0.0000E+00
  254.48  0.3967E-07  0.3550E-03  0.1554E-05  0.3027E-06  0.2090E+00  0.0000E+00  0.0000E+00  0.0000E+00  0.0000E+00
  245.21  0.3959E-07  0.3550E-03  0.1544E-05  0.3009E-06  0.2090E+00  0.0000E+00  0.0000E+00  0.0000E+00  0.0000E+00
  236.22  0.3950E-07  0.3550E-03  0.1535E-05  0.2990E-06  0.2090E+00  0.0000E+00  0.0000E+00  0.0000E+00  0.0000E+00
  227.49  0.3942E-07  0.3550E-03  0.1527E-05  0.2972E-06  0.2090E+00  0.0000E+00  0.0000E+00  0.0000E+00  0.0000E+00
  219.02  0.3934E-07  0.3550E-03  0.1518E-05  0.2955E-06  0.2090E+00  0.0000E+00  0.0000E+00  0.0000E+00  0.0000E+00
  210.81  0.3932E-07  0.3550E-03  0.1510E-05  0.2938E-06  0.2090E+00  0.0000E+00  0.0000E+00  0.0000E+00  0.0000E+00
  202.84  0.3945E-07  0.3550E-03  0.1502E-05  0.2919E-06  0.2090E+00  0.0000E+00  0.0000E+00  0.0000E+00  0.0000E+00
  195.12  0.3959E-07  0.3550E-03  0.1495E-05  0.2900E-06  0.2090E+00  0.0000E+00  0.0000E+00  0.0000E+00  0.0000E+00
  187.64  0.3972E-07  0.3550E-03  0.1487E-05  0.2882E-06  0.2090E+00  0.0000E+00  0.0000E+00  0.0000E+00  0.0000E+00
  180.39  0.3985E-07  0.3550E-03  0.1480E-05  0.2865E-06  0.2090E+00  0.0000E+00  0.0000E+00  0.0000E+00  0.0000E+00
  173.37  0.4009E-07  0.3550E-03  0.1473E-05  0.2847E-06  0.2090E+00  0.0000E+00  0.0000E+00  0.0000E+00  0.0000E+00
  166.57  0.4075E-07  0.3550E-03  0.1466E-05  0.2830E-06  0.2090E+00  0.0000E+00  0.0000E+00  0.0000E+00  0.0000E+00
  159.98  0.4143E-07  0.3550E-03  0.1458E-05  0.2813E-06  0.2090E+00  0.0000E+00  0.0000E+00  0.0000E+00  0.0000E+00
  153.61  0.4210E-07  0.3550E-03  0.1451E-05  0.2796E-06  0.2090E+00  0.0000E+00  0.0000E+00  0.0000E+00  0.0000E+00
  147.44  0.4274E-07  0.3550E-03  0.1444E-05  0.2780E-06  0.2090E+00  0.0000E+00  0.0000E+00  0.0000E+00  0.0000E+00
  141.47  0.4423E-07  0.3550E-03  0.1437E-05  0.2761E-06  0.2090E+00  0.0000E+00  0.0000E+00  0.0000E+00  0.0000E+00
  135.70  0.4829E-07  0.3550E-03  0.1428E-05  0.2735E-06  0.2090E+00  0.0000E+00  0.0000E+00  0.0000E+00  0.0000E+00
  130.12  0.5239E-07  0.3550E-03  0.1420E-05  0.2709E-06  0.2090E+00  0.0000E+00  0.0000E+00  0.0000E+00  0.0000E+00
  124.74  0.5634E-07  0.3550E-03  0.1412E-05  0.2684E-06  0.2090E+00  0.0000E+00  0.0000E+00  0.0000E+00  0.0000E+00
  119.59  0.6012E-07  0.3550E-03  0.1404E-05  0.2660E-06  0.2090E+00  0.0000E+00  0.0000E+00  0.0000E+00  0.0000E+00
  114.65  0.7020E-07  0.3550E-03  0.1396E-05  0.2626E-06  0.2090E+00  0.0000E+00  0.0000E+00  0.0000E+00  0.0000E+00
  109.91  0.8830E-07  0.3550E-03  0.1386E-05  0.2577E-06  0.2090E+00  0.0000E+00  0.0000E+00  0.0000E+00  0.0000E+00
  105.37  0.1057E-06  0.3550E-03  0.1377E-05  0.2530E-06  0.2090E+00  0.0000E+00  0.0000E+00  0.0000E+00  0.0000E+00
  101.02  0.1224E-06  0.3550E-03  0.1368E-05  0.2485E-06  0.2090E+00  0.0000E+00  0.0000E+00  0.0000E+00  0.0000E+00
   96.85  0.1391E-06  0.3550E-03  0.1360E-05  0.2441E-06  0.2090E+00  0.0000E+00  0.0000E+00  0.0000E+00  0.0000E+00
   92.85  0.1809E-06  0.3550E-03  0.1350E-05  0.2376E-06  0.2090E+00  0.0000E+00  0.0000E+00  0.0000E+00  0.0000E+00
   89.01  0.2341E-06  0.3550E-03  0.1341E-05  0.2303E-06  0.2090E+00  0.0000E+00  0.0000E+00  0.0000E+00  0.0000E+00
   85.33  0.2850E-06  0.3550E-03  0.1331E-05  0.2232E-06  0.2090E+00  0.0000E+00  0.0000E+00  0.0000E+00  0.0000E+00
   81.81  0.3339E-06  0.3550E-03  0.1322E-05  0.2164E-06  0.2090E+00  0.0000E+00  0.0000E+00  0.0000E+00  0.0000E+00
   78.43  0.3873E-06  0.3550E-03  0.1313E-05  0.2097E-06  0.2090E+00  0.0000E+00  0.0000E+00  0.0000E+00  0.0000E+00
   75.18  0.4868E-06  0.3550E-03  0.1300E-05  0.2014E-06  0.2090E+00  0.0000E+00  0.0000E+00  0.0000E+00  0.0000E+00
   72.08  0.5920E-06  0.3550E-03  0.1286E-05  0.1932E-06  0.2090E+00  0.0000E+00  0.0000E+00  0.0000E+00  0.0000E+00
   69.10  0.6929E-06  0.3550E-03  0.1273E-05  0.1853E-06  0.2090E+00  0.0000E+00  0.0000E+00  0.0000E+00  0.0000E+00
   66.24  0.7896E-06  0.3550E-03  0.1261E-05  0.1777E-06  0.2090E+00  0.0000E+00  0.0000E+00  0.0000E+00  0.0000E+00
   63.50  0.8956E-06  0.3550E-03  0.1247E-05  0.1703E-06  0.2090E+00  0.0000E+00  0.0000E+00  0.0000E+00  0.0000E+00
   60.88  0.1034E-05  0.3550E-03  0.1228E-05  0.1625E-06  0.2090E+00  0.0000E+00  0.0000E+00  0.0000E+00  0.0000E+00
   58.36  0.1169E-05  0.3550E-03  0.1210E-05  0.1551E-06  0.2090E+00  0.0000E+00  0.0000E+00  0.0000E+00  0.0000E+00
   55.95  0.1299E-05  0.3550E-03  0.1192E-05  0.1479E-06  0.2090E+00  0.0000E+00  0.0000E+00  0.0000E+00  0.0000E+00
   53.64  0.1423E-05  0.3550E-03  0.1175E-05  0.1410E-06  0.2090E+00  0.0000E+00  0.0000E+00  0.0000E+00  0.0000E+00
   51.42  0.1566E-05  0.3550E-03  0.1155E-05  0.1349E-06  0.2090E+00  0.0000E+00  0.0000E+00  0.0000E+00  0.0000E+00
   49.29  0.1731E-05  0.3550E-03  0.1130E-05  0.1295E-06  0.2090E+00  0.0000E+00  0.0000E+00  0.0000E+00  0.0000E+00
   47.26  0.1888E-05  0.3550E-03  0.1106E-05  0.1243E-06  0.2090E+00  0.0000E+00  0.0000E+00  0.0000E+00  0.0000E+00
   45.30  0.2040E-05  0.3550E-03  0.1083E-05  0.1193E-06  0.2090E+00  0.0000E+00  0.0000E+00  0.0000E+00  0.0000E+00
   43.43  0.2187E-05  0.3550E-03  0.1061E-05  0.1146E-06  0.2090E+00  0.0000E+00  0.0000E+00  0.0000E+00  0.0000E+00
   41.63  0.2396E-05  0.3550E-03  0.1035E-05  0.1111E-06  0.2090E+00  0.0000E+00  0.0000E+00  0.0000E+00  0.0000E+00
   39.91  0.2625E-05  0.3550E-03  0.1008E-05  0.1083E-06  0.2090E+00  0.0000E+00  0.0000E+00  0.0000E+00  0.0000E+00
   38.26  0.2845E-05  0.3550E-03  0.9817E-06  0.1055E-06  0.2090E+00  0.0000E+00  0.0000E+00  0.0000E+00  0.0000E+00
   36.68  0.3056E-05  0.3550E-03  0.9568E-06  0.1029E-06  0.2090E+00  0.0000E+00  0.0000E+00  0.0000E+00  0.0000E+00
   35.16  0.3273E-05  0.3550E-03  0.9323E-06  0.1004E-06  0.2090E+00  0.0000E+00  0.0000E+00  0.0000E+00  0.0000E+00
   33.71  0.3576E-05  0.3550E-03  0.9054E-06  0.9829E-07  0.2090E+00  0.0000E+00  0.0000E+00  0.0000E+00  0.0000E+00
   32.31  0.3882E-05  0.3550E-03  0.8790E-06  0.9630E-07  0.2090E+00  0.0000E+00  0.0000E+00  0.0000E+00  0.0000E+00
   30.97  0.4175E-05  0.3550E-03  0.8537E-06  0.9440E-07  0.2090E+00  0.0000E+00  0.0000E+00  0.0000E+00  0.0000E+00
   29.69  0.4456E-05  0.3550E-03  0.8294E-06  0.9258E-07  0.2090E+00  0.0000E+00  0.0000E+00  0.0000E+00  0.0000E+00
   28.46  0.4757E-05  0.3550E-03  0.8088E-06  0.9094E-07  0.2090E+00  0.0000E+00  0.0000E+00  0.0000E+00  0.0000E+00
   27.29  0.5117E-05  0.3550E-03  0.7950E-06  0.8961E-07  0.2090E+00  0.0000E+00  0.0000E+00  0.0000E+00  0.0000E+00
   26.16  0.5465E-05  0.3550E-03  0.7821E-06  0.8835E-07  0.2090E+00  0.0000E+00  0.0000E+00  0.0000E+00  0.0000E+00
   25.08  0.5798E-05  0.3550E-03  0.7697E-06  0.8715E-07  0.2090E+00  0.0000E+00  0.0000E+00  0.0000E+00  0.0000E+00
   24.04  0.6118E-05  0.3550E-03  0.7578E-06  0.8599E-07  0.2090E+00  0.0000E+00  0.0000E+00  0.0000E+00  0.0000E+00
   23.04  0.6439E-05  0.3550E-03  0.7469E-06  0.8484E-07  0.2090E+00  0.0000E+00  0.0000E+00  0.0000E+00  0.0000E+00
   22.09  0.6758E-05  0.3550E-03  0.7368E-06  0.8370E-07  0.2090E+00  0.0000E+00  0.0000E+00  0.0000E+00  0.0000E+00
   21.17  0.7064E-05  0.3550E-03  0.7271E-06  0.8261E-07  0.2090E+00  0.0000E+00  0.0000E+00  0.0000E+00  0.0000E+00
   20.30  0.7358E-05  0.3550E-03  0.7179E-06  0.8156E-07  0.2090E+00  0.0000E+00  0.0000E+00  0.0000E+00  0.0000E+00
   19.46  0.7637E-05  0.3550E-03  0.7090E-06  0.8053E-07  0.2090E+00  0.0000E+00  0.0000E+00  0.0000E+00  0.0000E+00
   18.65  0.7864E-05  0.3550E-03  0.6999E-06  0.7908E-07  0.2090E+00  0.0000E+00  0.0000E+00  0.0000E+00  0.0000E+00
   17.88  0.8068E-05  0.3550E-03  0.6911E-06  0.7754E-07  0.2090E+00  0.0000E+00  0.0000E+00  0.0000E+00  0.0000E+00
   17.14  0.8263E-05  0.3550E-03  0.6826E-06  0.7606E-07  0.2090E+00  0.0000E+00  0.0000E+00  0.0000E+00  0.0000E+00
   16.43  0.8450E-05  0.3550E-03  0.6745E-06  0.7464E-07  0.2090E+00  0.0000E+00  0.0000E+00  0.0000E+00  0.0000E+00
   15.75  0.8628E-05  0.3550E-03  0.6664E-06  0.7321E-07  0.2090E+00  0.0000E+00  0.0000E+00  0.0000E+00  0.0000E+00
   15.10  0.8792E-05  0.3550E-03  0.6575E-06  0.7157E-07  0.2090E+00  0.0000E+00  0.0000E+00  0.0000E+00  0.0000E+00
    7.39  0.8208E-05  0.3550E-03  0.4841E-06  0.3870E-07  0.2090E+00  0.0000E+00  0.0000E+00  0.0000E+00  0.0000E+00
 done...
 Initializing P3 Cloud Optics
 Let's do some shortwave
 Range of zenith angles  0.732661695834013       0.732661695834013     
 Range of surface albedo (asdir)  3.383449086658900E-002  3.383449086658900E-002
 Range of surface albedo (aldir)  3.383449086658900E-002  3.383449086658900E-002
 Range of surface albedo (asdif)  6.000000000000000E-002  6.000000000000000E-002
 Range of surface albedo (aldif)  6.000000000000000E-002  6.000000000000000E-002
 radiation: perpetual sun, solin=   310.282739299309     
 longwave radiation is called
NSTEP =          1   NCYCLE=  3  CFL_adv= 0.000  CFL_sgs= 0.000
NSTEP =          2   NCYCLE=  1  CFL_adv= 0.005  CFL_sgs= 0.012
NSTEP =          3   NCYCLE=  1  CFL_adv= 0.015  CFL_sgs= 0.013
 Collecting statistics...
 name QCSTRG is missing in "lst" file.
NSTEP =          4   NCYCLE=  1  CFL_adv= 0.025  CFL_sgs= 0.013
 DAY =   1.388888888888889E-003
 NSTEP=           4
 div:  2.606250889132393E-016 -2.184400414542581E-016
 SST=   303.150000000000     
 surface pressure=   1014.80000000000     
 u: -0.402294679840887       0.402294679841029     
 v: -0.402294453469332       0.402294453469191     
 w: -3.913711026991432E-002  8.346582463323636E-002
 p:  -63.6574335440636        6.62126273604823     
 t:   300.129061223003        473.152527303354     
 tabs:   202.009388472527        300.559496048572     
 qv:  0.000000000000000E+000  2.330058524587538E-002
 tke:  0.000000000000000E+000  2.334731202617008E-002
 tk:  0.000000000000000E+000  0.572993521226913     
 tkh:  0.000000000000000E+000  0.572993521226913     
 qcl:  0.000000000000000E+000  3.121747640289389E-004
 qci:  0.000000000000000E+000  0.000000000000000E+000
 qpl:  0.000000000000000E+000  2.103701251735097E-006
 qpi:  0.000000000000000E+000  0.000000000000000E+000
 qrad(K/day):  -2.21914741091807        4.61086980607817     
 shf:   9.32989362135558        9.33896050935107     
 lhf:   28.3435835916673        67.4272596790911     
 uw: -1.090463845268408E-003  1.090463845267992E-003
 vw: -1.090463407455007E-003  1.090463407455447E-003
 sst:   303.150000000000        303.150000000000     
 ===========================
 total water budget:
 before (mm):         53.32229946890
 after (mm):          53.32309779020
 evaporation (mm):     0.00079906886
 precipitation (mm):   0.00000074755
 large-scale (mm):     0.00000000000
 Imbalance (mm)      -0.00000000000
 evap (mm/day):   2.30131831109681     
 prec (mm/day):  2.152945193996366E-003
 ls (mm/day):  0.000000000000000E+000
 imbalance (mm/day) -1.819186281107853E-011
  imbalance (rel error): -1.332523362681746E-016
 ===========================
NSTEP =          5   NCYCLE=  1  CFL_adv= 0.036  CFL_sgs= 0.013
NSTEP =          6   NCYCLE=  1  CFL_adv= 0.046  CFL_sgs= 0.013
 Let's do some shortwave
 Range of zenith angles  0.732661695834013       0.732661695834013     
 Range of surface albedo (asdir)  3.383449086658900E-002  3.383449086658900E-002
 Range of surface albedo (aldir)  3.383449086658900E-002  3.383449086658900E-002
 Range of surface albedo (asdif)  6.000000000000000E-002  6.000000000000000E-002
 Range of surface albedo (aldif)  6.000000000000000E-002  6.000000000000000E-002
 radiation: perpetual sun, solin=   310.282739299309     
 longwave radiation is called
NSTEP =          7   NCYCLE=  1  CFL_adv= 0.056  CFL_sgs= 0.013
 Collecting statistics...
 name QCSTRG is missing in "lst" file.
NSTEP =          8   NCYCLE=  1  CFL_adv= 0.066  CFL_sgs= 0.013
 DAY =   2.777777777777778E-003
 NSTEP=           8
 div:  2.668723870153075E-016 -2.165398760021919E-016
 SST=   303.150000000000     
 surface pressure=   1014.80000000000     
 u: -0.846759083929900       0.846759083930670     
 v: -0.846761177023295       0.846761177022055     
 w: -5.921328923217470E-002  0.174475633419385     
 p:  -61.3926191061511        8.21364222649161     
 t:   300.156557092415        473.154464851099     
 tabs:   202.011104529373        300.584452199742     
 qv:  0.000000000000000E+000  2.333169725543866E-002
 tke:  0.000000000000000E+000  2.456182473630349E-002
 tk:  0.000000000000000E+000  0.587707972001629     
 tkh:  0.000000000000000E+000  0.587707972001629     
 qcl:  0.000000000000000E+000  3.279653118122850E-004
 qci:  0.000000000000000E+000  0.000000000000000E+000
 qpl:  0.000000000000000E+000  5.009649426374302E-006
 qpi:  0.000000000000000E+000  0.000000000000000E+000
 qrad(K/day):  -24.9727048648571        11.0870683217427     
 shf:   9.22347646921395        9.25543113339717     
 lhf:   28.0860443230734        66.8970379780445     
 uw: -2.795627453052217E-003  2.795627453051692E-003
 vw: -2.795630856005007E-003  2.795630856004737E-003
 sst:   303.150000000000        303.150000000000     
 ===========================
 total water budget:
 before (mm):         53.32548278791
 after (mm):          53.32627453147
 evaporation (mm):     0.00079249838
 precipitation (mm):   0.00000075483
 large-scale (mm):     0.00000000000
 Imbalance (mm)       0.00000000000
 evap (mm/day):   2.28239534682800     
 prec (mm/day):  2.173917122660473E-003
 ls (mm/day):  0.000000000000000E+000
 imbalance (mm/day) -6.850509539518303E-012
  imbalance (rel error):  0.000000000000000E+000
 ===========================
NSTEP =          9   NCYCLE=  1  CFL_adv= 0.076  CFL_sgs= 0.013
NSTEP =         10   NCYCLE=  1  CFL_adv= 0.086  CFL_sgs= 0.013
NSTEP =         11   NCYCLE=  1  CFL_adv= 0.095  CFL_sgs= 0.013
 Collecting statistics...
 name QCSTRG is missing in "lst" file.
NSTEP =         12   NCYCLE=  1  CFL_adv= 0.105  CFL_sgs= 0.013
 DAY =   4.166666666666667E-003
 NSTEP=          12
 div:  2.506360887201334E-016 -1.993570201845469E-016
 SST=   303.150000000000     
 surface pressure=   1014.80000000000     
 u:  -1.27065191366665        1.27065191366898     
 v:  -1.27063052401754        1.27063052400284     
 w: -7.744399909770859E-002  0.265888758086219     
 p:  -58.8145056835456        10.7095767554618     
 t:   300.170232317697        473.157187847255     
 tabs:   202.012721981752        300.607280507972     
 qv:  0.000000000000000E+000  2.336407524964657E-002
 tke:  0.000000000000000E+000  2.575014387370317E-002
 tk:  0.000000000000000E+000  0.601756926195246     
 tkh:  0.000000000000000E+000  0.601756926195246     
 qcl:  0.000000000000000E+000  3.608311090728920E-004
 qci:  0.000000000000000E+000  0.000000000000000E+000
 qpl:  0.000000000000000E+000  8.865103099169192E-006
 qpi:  0.000000000000000E+000  0.000000000000000E+000
 qrad(K/day):  -24.9727048648571        11.0870683217427     
 shf:   9.11583399768735        9.81766567502125     
 lhf:   27.8169488785191        66.4112976044166     
 uw: -4.447255695183483E-003  4.447255695170909E-003
 vw: -4.447251466001946E-003  4.447251466002256E-003
 sst:   303.150000000000        303.150000000000     
 ===========================
 total water budget:
 before (mm):         53.32864028215
 after (mm):          53.32942581548
 evaporation (mm):     0.00078629269
 precipitation (mm):   0.00000075936
 large-scale (mm):     0.00000000000
 Imbalance (mm)       0.00000000000
 evap (mm/day):   2.26452294641621     
 prec (mm/day):  2.186963721617348E-003
 ls (mm/day):  0.000000000000000E+000
 imbalance (mm/day)  1.932424862217518E-011
  imbalance (rel error):  1.332365246568765E-016
 ===========================
 Let's do some shortwave
 Range of zenith angles  0.732661695834013       0.732661695834013     
 Range of surface albedo (asdir)  3.383449086658900E-002  3.383449086658900E-002
 Range of surface albedo (aldir)  3.383449086658900E-002  3.383449086658900E-002
 Range of surface albedo (asdif)  6.000000000000000E-002  6.000000000000000E-002
 Range of surface albedo (aldif)  6.000000000000000E-002  6.000000000000000E-002
 radiation: perpetual sun, solin=   310.282739299309     
 longwave radiation is called
NSTEP =         13   NCYCLE=  1  CFL_adv= 0.115  CFL_sgs= 0.013
NSTEP =         14   NCYCLE=  1  CFL_adv= 0.125  CFL_sgs= 0.013
NSTEP =         15   NCYCLE=  1  CFL_adv= 0.135  CFL_sgs= 0.014
 Collecting statistics...
 name QCSTRG is missing in "lst" file.
NSTEP =         16   NCYCLE=  1  CFL_adv= 0.145  CFL_sgs= 0.014
 DAY =   5.555555555555556E-003
 NSTEP=          16
 div:  1.645800978640329E-016 -1.314584654632250E-016
 SST=   303.150000000000     
 surface pressure=   1014.80000000000     
 u:  -1.68153100426930        1.68153100435340     
 v:  -1.68154325370383        1.68154325358493     
 w: -0.104474166192125       0.366053764335986     
 p:  -57.3192611890030        13.8353837212822     
 t:   300.163238549250        473.159300921849     
 tabs:   202.014338666347        300.629257786779     
 qv:  0.000000000000000E+000  2.339568174076926E-002
 tke:  0.000000000000000E+000  2.716261172967033E-002
 tk:  0.000000000000000E+000  0.618040635758272     
 tkh:  0.000000000000000E+000  0.618040635758272     
 qcl:  0.000000000000000E+000  4.177883591843949E-004
 qci:  0.000000000000000E+000  0.000000000000000E+000
 qpl:  0.000000000000000E+000  1.450942947296413E-005
 qpi:  0.000000000000000E+000  0.000000000000000E+000
 qrad(K/day):  -26.6891076647310        10.6677074410501     
 shf:   9.03286819154064        11.2233983400909     
 lhf:   27.5526836626421        65.9563463232810     
 uw: -6.113837902482607E-003  6.113837902276244E-003
 vw: -6.113963099747510E-003  6.113963100488285E-003
 sst:   303.150000000000        303.150000000000     
 ===========================
 total water budget:
 before (mm):         53.33177371930
 after (mm):          53.33255352686
 evaporation (mm):     0.00078058675
 precipitation (mm):   0.00000077919
 large-scale (mm):     0.00000000000
 Imbalance (mm)       0.00000000000
 evap (mm/day):   2.24808984418779     
 prec (mm/day):  2.244069364031726E-003
 ls (mm/day):  0.000000000000000E+000
 imbalance (mm/day)  2.471952147370480E-011
  imbalance (rel error):  1.332287109414898E-016
 ===========================
NSTEP =         17   NCYCLE=  1  CFL_adv= 0.155  CFL_sgs= 0.014
NSTEP =         18   NCYCLE=  1  CFL_adv= 0.165  CFL_sgs= 0.014
 Let's do some shortwave
 Range of zenith angles  0.732661695834013       0.732661695834013     
 Range of surface albedo (asdir)  3.383449086658900E-002  3.383449086658900E-002
 Range of surface albedo (aldir)  3.383449086658900E-002  3.383449086658900E-002
 Range of surface albedo (asdif)  6.000000000000000E-002  6.000000000000000E-002
 Range of surface albedo (aldif)  6.000000000000000E-002  6.000000000000000E-002
 radiation: perpetual sun, solin=   310.282739299304     
 longwave radiation is called
NSTEP =         19   NCYCLE=  1  CFL_adv= 0.176  CFL_sgs= 0.014
 Collecting statistics...
 name QCSTRG is missing in "lst" file.
NSTEP =         20   NCYCLE=  1  CFL_adv= 0.187  CFL_sgs= 0.014
 DAY =   6.944444444444444E-003
 NSTEP=          20
 div:  1.326140053963189E-016 -1.333378949219566E-016
 SST=   303.150000000000     
 surface pressure=   1014.80000000000     
 u:  -2.12498917106611        2.12498917105345     
 v:  -2.12499689026077        2.12499688989697     
 w: -0.146656880019206       0.491104775830948     
 p:  -57.7881551202909        17.9764204486871     
 t:   300.150667757720        473.161117195623     
 tabs:   202.015954077231        300.650256150693     
 qv:  0.000000000000000E+000  2.342550226011995E-002
 tke:  0.000000000000000E+000  2.990352900973818E-002
 tk:  0.000000000000000E+000  0.648473882819843     
 tkh:  0.000000000000000E+000  0.648473882819843     
 qcl:  0.000000000000000E+000  5.027299330925712E-004
 qci:  0.000000000000000E+000  0.000000000000000E+000
 qpl:  0.000000000000000E+000  2.385834853595712E-005
 qpi:  0.000000000000000E+000  0.000000000000000E+000
 qrad(K/day):  -30.2740444275155        10.3764646715631     
 shf:   8.94694535247652        12.2597968461491     
 lhf:   27.3009445068927        65.5396701227022     
 uw: -7.872874721503723E-003  7.872874721551249E-003
 vw: -7.872886406074059E-003  7.872886407119677E-003
 sst:   303.150000000000        303.150000000000     
 ===========================
 total water budget:
 before (mm):         53.33488500633
 after (mm):          53.33565963857
 evaporation (mm):     0.00077544859
 precipitation (mm):   0.00000081635
 large-scale (mm):     0.00000000000
 Imbalance (mm)       0.00000000000
 evap (mm/day):   2.23329195193351     
 prec (mm/day):  2.351095815152350E-003
 ls (mm/day):  0.000000000000000E+000
 imbalance (mm/day)  2.030208368363233E-011
  imbalance (rel error):  1.332209520937983E-016
 ===========================
NSTEP =         21   NCYCLE=  1  CFL_adv= 0.199  CFL_sgs= 0.014
NSTEP =         22   NCYCLE=  1  CFL_adv= 0.211  CFL_sgs= 0.015
NSTEP =         23   NCYCLE=  1  CFL_adv= 0.225  CFL_sgs= 0.015
 Collecting statistics...
 name QCSTRG is missing in "lst" file.
NSTEP =         24   NCYCLE=  1  CFL_adv= 0.239  CFL_sgs= 0.015
 DAY =   8.333333333333333E-003
 NSTEP=          24
 div:  2.567521201865417E-016 -1.626004846987089E-016
 SST=   303.150000000000     
 surface pressure=   1014.80000000000     
 u:  -2.65096260922822        2.65096260855191     
 v:  -2.65087272509778        2.65087272068779     
 w: -0.221276962886990       0.664723440504204     
 p:  -60.5885898169391        22.4071764691671     
 t:   300.129880087727        473.163271342277     
 tabs:   202.017580364845        300.671614690876     
 qv:  0.000000000000000E+000  2.345625165880385E-002
 tke:  0.000000000000000E+000  3.272455730468819E-002
 tk:  0.000000000000000E+000  0.678372380847848     
 tkh:  0.000000000000000E+000  0.678372380847848     
 qcl:  0.000000000000000E+000  6.254692349101943E-004
 qci:  0.000000000000000E+000  0.000000000000000E+000
 qpl:  0.000000000000000E+000  4.127149483375996E-005
 qpi:  0.000000000000000E+000  0.000000000000000E+000
 qrad(K/day):  -30.2740444275155        10.3764646715631     
 shf:   8.86534138854112        13.3395963826374     
 lhf:   27.0464045240489        65.1674179277258     
 uw: -1.023275826339189E-002  1.023275826590163E-002
 vw: -1.023262677119181E-002  1.023262677856462E-002
 sst:   303.150000000000        303.150000000000     
 ===========================
 total water budget:
 before (mm):         53.33797643437
 after (mm):          53.33874645544
 evaporation (mm):     0.00077090068
 precipitation (mm):   0.00000087962
 large-scale (mm):     0.00000000000
 Imbalance (mm)      -0.00000000000
 evap (mm/day):   2.22019397102372     
 prec (mm/day):  2.533296391453149E-003
 ls (mm/day):  0.000000000000000E+000
 imbalance (mm/day) -2.023105590524690E-011
  imbalance (rel error): -1.332132423385169E-016
 ===========================
 Let's do some shortwave
 Range of zenith angles  0.732661695834013       0.732661695834013     
 Range of surface albedo (asdir)  3.383449086658900E-002  3.383449086658900E-002
 Range of surface albedo (aldir)  3.383449086658900E-002  3.383449086658900E-002
 Range of surface albedo (asdif)  6.000000000000000E-002  6.000000000000000E-002
 Range of surface albedo (aldif)  6.000000000000000E-002  6.000000000000000E-002
 radiation: perpetual sun, solin=   310.282739299297     
 longwave radiation is called
NSTEP =         25   NCYCLE=  1  CFL_adv= 0.255  CFL_sgs= 0.016
NSTEP =         26   NCYCLE=  1  CFL_adv= 0.273  CFL_sgs= 0.017
NSTEP =         27   NCYCLE=  1  CFL_adv= 0.292  CFL_sgs= 0.017
 Collecting statistics...
 name QCSTRG is missing in "lst" file.
NSTEP =         28   NCYCLE=  1  CFL_adv= 0.312  CFL_sgs= 0.018
 DAY =   9.722222222222222E-003
 NSTEP=          28
 div:  2.330766852076959E-016 -1.784388378837004E-016
 SST=   303.150000000000     
 surface pressure=   1014.80000000000     
 u:  -3.25068160787568        3.25068161483964     
 v:  -3.25064805176014        3.25064801013456     
 w: -0.329307559408088       0.926014729332664     
 p:  -65.9249660825288        27.3443035548434     
 t:   300.098734689137        473.165920748052     
 tabs:   202.019162965224        300.693072945004     
 qv:  0.000000000000000E+000  2.348710166027907E-002
 tke:  0.000000000000000E+000  3.589989121023473E-002
 tk:  0.000000000000000E+000  0.710522497985761     
 tkh:  0.000000000000000E+000  0.710522497985761     
 qcl:  0.000000000000000E+000  7.953167550870839E-004
 qci:  0.000000000000000E+000  0.000000000000000E+000
 qpl:  0.000000000000000E+000  7.698852069397691E-005
 qpi:  0.000000000000000E+000  0.000000000000000E+000
 qrad(K/day):  -34.1219707882881        10.2317537845795     
 shf:   8.78955515553429        14.6884295529493     
 lhf:   26.7920756776811        64.8347867703836     
 uw: -1.334796395711773E-002  1.334796396586967E-002
 vw: -1.334876146627239E-002  1.334876154661075E-002
 sst:   303.150000000000        303.150000000000     
 ===========================
 total water budget:
 before (mm):         53.34105025228
 after (mm):          53.34181618372
 evaporation (mm):     0.00076690907
 precipitation (mm):   0.00000097762
 large-scale (mm):     0.00000000000
 Imbalance (mm)       0.00000000000
 evap (mm/day):   2.20869810748166     
 prec (mm/day):  2.815559687676124E-003
 ls (mm/day):  0.000000000000000E+000
 imbalance (mm/day) -1.204407667348972E-013
  imbalance (rel error):  0.000000000000000E+000
 ===========================
NSTEP =         29   NCYCLE=  1  CFL_adv= 0.335  CFL_sgs= 0.019
NSTEP =         30   NCYCLE=  1  CFL_adv= 0.359  CFL_sgs= 0.020
 Let's do some shortwave
 Range of zenith angles  0.732661695834013       0.732661695834013     
 Range of surface albedo (asdir)  3.383449086658900E-002  3.383449086658900E-002
 Range of surface albedo (aldir)  3.383449086658900E-002  3.383449086658900E-002
 Range of surface albedo (asdif)  6.000000000000000E-002  6.000000000000000E-002
 Range of surface albedo (aldif)  6.000000000000000E-002  6.000000000000000E-002
 radiation: perpetual sun, solin=   310.282739299295     
 longwave radiation is called
NSTEP =         31   NCYCLE=  1  CFL_adv= 0.385  CFL_sgs= 0.021
 Collecting statistics...
 name QCSTRG is missing in "lst" file.
NSTEP =         32   NCYCLE=  1  CFL_adv= 0.413  CFL_sgs= 0.022
 DAY =   1.111111111111111E-002
 NSTEP=          32
 div:  2.696329120001144E-016 -1.722915354565470E-016
 SST=   303.150000000000     
 surface pressure=   1014.80000000000     
 u:  -4.01529788979882        4.01529788791931     
 v:  -4.01531953850894        4.01532032866433     
 w: -0.567705473043133        1.33337748680662     
 p:  -74.2584708597607        33.4709607710060     
 t:   300.055367598867        473.168534411881     
 tabs:   202.020740829747        300.715172652777     
 qv:  0.000000000000000E+000  2.351903718325820E-002
 tke:  0.000000000000000E+000  3.972469627842417E-002
 tk:  0.000000000000000E+000  0.747414571315906     
 tkh:  0.000000000000000E+000  0.747414571315906     
 qcl:  0.000000000000000E+000  1.027997853906672E-003
 qci:  0.000000000000000E+000  0.000000000000000E+000
 qpl:  0.000000000000000E+000  1.526908584124818E-004
 qpi:  0.000000000000000E+000  0.000000000000000E+000
 qrad(K/day):  -37.6687913264340        10.1877486489185     
 shf:   8.71901619573603        16.2601712584788     
 lhf:   26.5292803458457        64.5378687337638     
 uw: -1.763169440989093E-002  1.763169418920491E-002
 vw: -1.763179213806729E-002  1.763178858983270E-002
 sst:   303.150000000000        303.150000000000     
 ===========================
 total water budget:
 before (mm):         53.34410827441
 after (mm):          53.34487046471
 evaporation (mm):     0.00076332432
 precipitation (mm):   0.00000113402
 large-scale (mm):     0.00000000000
 Imbalance (mm)       0.00000000000
 evap (mm/day):   2.19837404150162     
 prec (mm/day):  3.265969492936293E-003
 ls (mm/day):  0.000000000000000E+000
 imbalance (mm/day)  3.773676805611005E-011
  imbalance (rel error):  1.331979494129799E-016
 ===========================
NSTEP =         33   NCYCLE=  1  CFL_adv= 0.444  CFL_sgs= 0.023
NSTEP =         34   NCYCLE=  1  CFL_adv= 0.477  CFL_sgs= 0.024
NSTEP =         35   NCYCLE=  2  CFL_adv= 0.257  CFL_sgs= 0.013
 Collecting statistics...
 name QCSTRG is missing in "lst" file.
NSTEP =         36   NCYCLE=  2  CFL_adv= 0.277  CFL_sgs= 0.013
 DAY =   1.250000000000000E-002
 NSTEP=          36
 div:  1.287940010130637E-016 -1.134235371585765E-016
 SST=   303.150000000000     
 surface pressure=   1014.80000000000     
 u:  -5.02003193957241        5.02003162726107     
 v:  -5.01977655292349        5.01977887625020     
 w: -0.790489381926735        2.00728191274241     
 p:  -88.1793440534873        43.9776751560384     
 t:   299.980801609821        473.170727563733     
 tabs:   202.022339284531        300.737177999819     
 qv:  0.000000000000000E+000  2.355342677725321E-002
 tke:  0.000000000000000E+000  4.557419310298455E-002
 tk:  0.000000000000000E+000  0.800554239580755     
 tkh:  0.000000000000000E+000  0.800554239580755     
 qcl:  0.000000000000000E+000  1.321895455753584E-003
 qci:  0.000000000000000E+000  0.000000000000000E+000
 qpl:  0.000000000000000E+000  3.549290648975442E-004
 qpi:  0.000000000000000E+000  0.000000000000000E+000
 qrad(K/day):  -37.6687913264340        10.1877486489185     
 shf:   8.64525599795277        18.4732615712198     
 lhf:   26.2316317202771        69.2100252187383     
 uw: -2.610442101434104E-002  2.610442249695499E-002
 vw: -2.610152624691097E-002  2.610150928763811E-002
 sst:   303.150000000000        303.150000000000     
 ===========================
 total water budget:
 before (mm):         53.34715149877
 after (mm):          53.34790996649
 evaporation (mm):     0.00075989021
 precipitation (mm):   0.00000142249
 large-scale (mm):     0.00000000000
 Imbalance (mm)       0.00000000000
 evap (mm/day):   2.18848381734357     
 prec (mm/day):  4.096782843415853E-003
 ls (mm/day):  0.000000000000000E+000
 imbalance (mm/day) -7.783667509359340E-012
  imbalance (rel error):  0.000000000000000E+000
 ===========================
 Let's do some shortwave
 Range of zenith angles  0.732661695834013       0.732661695834013     
 Range of surface albedo (asdir)  3.383449086658900E-002  3.383449086658900E-002
 Range of surface albedo (aldir)  3.383449086658900E-002  3.383449086658900E-002
 Range of surface albedo (asdif)  6.000000000000000E-002  6.000000000000000E-002
 Range of surface albedo (aldif)  6.000000000000000E-002  6.000000000000000E-002
 radiation: perpetual sun, solin=   310.282739299281     
 longwave radiation is called
NSTEP =         37   NCYCLE=  2  CFL_adv= 0.305  CFL_sgs= 0.014
NSTEP =         38   NCYCLE=  2  CFL_adv= 0.342  CFL_sgs= 0.015
NSTEP =         39   NCYCLE=  2  CFL_adv= 0.387  CFL_sgs= 0.015
 Collecting statistics...
 name QCSTRG is missing in "lst" file.
NSTEP =         40   NCYCLE=  2  CFL_adv= 0.436  CFL_sgs= 0.016
 DAY =   1.388888888888889E-002
 NSTEP=          40
 div:  1.090727345549140E-016 -1.301756353717863E-016
 SST=   303.150000000000     
 surface pressure=   1014.80000000000     
 u:  -6.19724550127588        6.19724406642909     
 v:  -6.19728903154807        6.19729417993432     
 w:  -1.80572654407640        3.65323791572259     
 p:  -105.810836002135        58.8169871938249     
 t:   299.807338489842        473.172619749325     
 tabs:   202.023919148938        300.762686451381     
 qv:  0.000000000000000E+000  2.359015223567224E-002
 tke:  0.000000000000000E+000  5.338438654473413E-002
 tk:  0.000000000000000E+000  0.891704429847524     
 tkh:  0.000000000000000E+000  0.891704429847524     
 qcl:  0.000000000000000E+000  1.723494702383496E-003
 qci:  0.000000000000000E+000  0.000000000000000E+000
 qpl:  0.000000000000000E+000  9.965984704448589E-004
 qpi:  0.000000000000000E+000  0.000000000000000E+000
 qrad(K/day):  -40.7831449548059        10.1367402907353     
 shf:   8.58389686351301        21.2196856552267     
 lhf:   25.9383704889508        79.1710409219249     
 uw: -3.786165042664619E-002  3.786166345559119E-002
 vw: -3.786229987439665E-002  3.786224492923140E-002
 sst:   303.150000000000        303.150000000000     
 ===========================
 total water budget:
 before (mm):         53.35018034033
 after (mm):          53.35093547367
 evaporation (mm):     0.00075698977
 precipitation (mm):   0.00000185644
 large-scale (mm):     0.00000000000
 Imbalance (mm)       0.00000000000
 evap (mm/day):   2.18013055138368     
 prec (mm/day):  5.346537971673871E-003
 ls (mm/day):  0.000000000000000E+000
 imbalance (mm/day)  1.786851855443538E-011
  imbalance (rel error):  1.331828072838252E-016
 ===========================
NSTEP =         41   NCYCLE=  3  CFL_adv= 0.335  CFL_sgs= 0.011
NSTEP =         42   NCYCLE=  3  CFL_adv= 0.387  CFL_sgs= 0.012
 Let's do some shortwave
 Range of zenith angles  0.732661695834013       0.732661695834013     
 Range of surface albedo (asdir)  3.383449086658900E-002  3.383449086658900E-002
 Range of surface albedo (aldir)  3.383449086658900E-002  3.383449086658900E-002
 Range of surface albedo (asdif)  6.000000000000000E-002  6.000000000000000E-002
 Range of surface albedo (aldif)  6.000000000000000E-002  6.000000000000000E-002
 radiation: perpetual sun, solin=   310.282739299236     
 longwave radiation is called
NSTEP =         43   NCYCLE=  3  CFL_adv= 0.438  CFL_sgs= 0.013
 Collecting statistics...
 name QCSTRG is missing in "lst" file.
NSTEP =         44   NCYCLE=  4  CFL_adv= 0.372  CFL_sgs= 0.010
 DAY =   1.527777777777778E-002
 NSTEP=          44
 div:  8.969128008601797E-017 -5.474794671475006E-017
 SST=   303.150000000000     
 surface pressure=   1014.80000000000     
 u:  -7.53060449718352        7.53061579225248     
 v:  -7.53097473995183        7.53096402421954     
 w:  -2.96069524565550        7.20743850158401     
 p:  -129.731338659088        86.3661582557873     
 t:   299.244135623531        473.174557902258     
 tabs:   202.025502009374        300.790878107671     
 qv:  0.000000000000000E+000  2.363213506020594E-002
 tke:  0.000000000000000E+000   1.56090092304696     
 tk:  0.000000000000000E+000   21.3706327101571     
 tkh:  0.000000000000000E+000   21.3706327101571     
 qcl:  0.000000000000000E+000  1.984629622516097E-003
 qci:  0.000000000000000E+000  0.000000000000000E+000
 qpl:  0.000000000000000E+000  2.353812861013297E-003
 qpi:  0.000000000000000E+000  0.000000000000000E+000
 qrad(K/day):  -41.5304748942866        9.95067773731369     
 shf:   8.52230077014137        24.8506330409791     
 lhf:   25.5728370596561        94.8794119631895     
 uw: -5.513766238458163E-002  5.513767443394933E-002
 vw: -5.514436672655915E-002  5.514449777336881E-002
 sst:   303.150000000000        303.150000000000     
 ===========================
 total water budget:
 before (mm):         53.35319565906
 after (mm):          53.35394733727
 evaporation (mm):     0.00075434890
 precipitation (mm):   0.00000267070
 large-scale (mm):     0.00000000000
 Imbalance (mm)       0.00000000000
 evap (mm/day):   2.17252484533279     
 prec (mm/day):  7.691604031256794E-003
 ls (mm/day):  0.000000000000000E+000
 imbalance (mm/day)  2.684409091497849E-012
  imbalance (rel error):  0.000000000000000E+000
 ===========================
NSTEP =         45   NCYCLE=  4  CFL_adv= 0.435  CFL_sgs= 0.011
NSTEP =         46   NCYCLE=  5  CFL_adv= 0.401  CFL_sgs= 0.011
NSTEP =         47   NCYCLE=  5  CFL_adv= 0.449  CFL_sgs= 0.013
 Collecting statistics...
 name QCSTRG is missing in "lst" file.
NSTEP =         48   NCYCLE=  6  CFL_adv= 0.400  CFL_sgs= 0.012
 DAY =   1.666666666666667E-002
 NSTEP=          48
 div:  5.522949139095986E-017 -5.399013362701896E-017
 SST=   303.150000000000     
 surface pressure=   1014.80000000000     
 u:  -9.74422867309979        9.74422102511029     
 v:  -9.74456007165271        9.74455439055972     
 w:  -5.49951561766091        11.5014026239677     
 p:  -154.558189932503        131.983258753982     
 t:   296.628461185152        473.176767585835     
 tabs:   202.027101066857        300.822259876630     
 qv:  0.000000000000000E+000  2.367721432635335E-002
 tke:  0.000000000000000E+000   6.86687936024680     
 tk:  0.000000000000000E+000   43.5992732468034     
 tkh:  0.000000000000000E+000   43.5992732468034     
 qcl:  0.000000000000000E+000  2.098202033425699E-003
 qci:  0.000000000000000E+000  0.000000000000000E+000
 qpl:  0.000000000000000E+000  3.916780986838384E-003
 qpi:  0.000000000000000E+000  0.000000000000000E+000
 qrad(K/day):  -41.5304748942866        9.95067773731369     
 shf:   8.46655950253548        29.6236832191329     
 lhf:   25.2050198668172        114.495288646151     
 uw: -9.277860816278871E-002  9.277875186833009E-002
 vw: -9.278797598304857E-002  9.278808263636684E-002
 sst:   303.150000000000        303.150000000000     
 ===========================
 total water budget:
 before (mm):         53.35619706632
 after (mm):          53.35694508170
 evaporation (mm):     0.00075216641
 precipitation (mm):   0.00000415103
 large-scale (mm):     0.00000000000
 Imbalance (mm)       0.00000000000
 evap (mm/day):   2.16623926817356     
 prec (mm/day):  1.195495613915834E-002
 ls (mm/day):  0.000000000000000E+000
 imbalance (mm/day) -2.037452238173865E-012
  imbalance (rel error):  0.000000000000000E+000
 ===========================
 Let's do some shortwave
 Range of zenith angles  0.732661695834013       0.732661695834013     
 Range of surface albedo (asdir)  3.383449086658900E-002  3.383449086658900E-002
 Range of surface albedo (aldir)  3.383449086658900E-002  3.383449086658900E-002
 Range of surface albedo (asdif)  6.000000000000000E-002  6.000000000000000E-002
 Range of surface albedo (aldif)  6.000000000000000E-002  6.000000000000000E-002
 radiation: perpetual sun, solin=   310.282739299174     
 longwave radiation is called
NSTEP =         49   NCYCLE=  6  CFL_adv= 0.431  CFL_sgs= 0.015
NSTEP =         50   NCYCLE=  6  CFL_adv= 0.439  CFL_sgs= 0.018
NSTEP =         51   NCYCLE=  7  CFL_adv= 0.438  CFL_sgs= 0.018
 Collecting statistics...
 name QCSTRG is missing in "lst" file.
NSTEP =         52   NCYCLE=  8  CFL_adv= 0.430  CFL_sgs= 0.018
 DAY =   1.805555555555555E-002
 NSTEP=          52
 div:  5.752027241999704E-017 -4.831314706496997E-017
 SST=   303.150000000000     
 surface pressure=   1014.80000000000     
 u:  -14.1226090166164        14.1225940868003     
 v:  -14.1467348564251        14.1470390001067     
 w:  -8.40115763431388        22.6967466004218     
 p:  -192.206666006371        200.869011692395     
 t:   290.370533549631        473.178954399462     
 tabs:   202.028712285832        300.855727853658     
 qv:  0.000000000000000E+000  2.372315594975598E-002
 tke:  0.000000000000000E+000   18.9770934675133     
 tk:  0.000000000000000E+000   81.3904319135964     
 tkh:  0.000000000000000E+000   81.3904319135964     
 qcl:  0.000000000000000E+000  1.698926760765948E-003
 qci:  0.000000000000000E+000  5.275359057190206E-011
 qpl:  0.000000000000000E+000  6.935140216570337E-003
 qpi:  0.000000000000000E+000  0.000000000000000E+000
 qrad(K/day):  -42.9518115079488        9.20012046133213     
 shf:   8.41468465292333        33.5338217124100     
 lhf:   24.7790202283401        136.901077662184     
 uw: -0.134843662501888       0.134843829173026     
 vw: -0.134902244397755       0.134902516794829     
 sst:   303.150000000000        303.150000000000     
 ===========================
 total water budget:
 before (mm):         53.35918242604
 after (mm):          53.35992514822
 evaporation (mm):     0.00075050694
 precipitation (mm):   0.00000778476
 large-scale (mm):     0.00000000000
 Imbalance (mm)       0.00000000000
 evap (mm/day):   2.16145999372920     
 prec (mm/day):  2.242011943464845E-002
 ls (mm/day):  0.000000000000000E+000
 imbalance (mm/day) -7.610621117690175E-012
  imbalance (rel error):  0.000000000000000E+000
 ===========================
NSTEP =         53   NCYCLE=  8  CFL_adv= 0.470  CFL_sgs= 0.018
NSTEP =         54   NCYCLE=  9  CFL_adv= 0.442  CFL_sgs= 0.018
 Let's do some shortwave
 Range of zenith angles  0.732661695834013       0.732661695834013     
 Range of surface albedo (asdir)  3.383449086658900E-002  3.383449086658900E-002
 Range of surface albedo (aldir)  3.383449086658900E-002  3.383449086658900E-002
 Range of surface albedo (asdif)  6.000000000000000E-002  6.000000000000000E-002
 Range of surface albedo (aldif)  6.000000000000000E-002  6.000000000000000E-002
 radiation: perpetual sun, solin=   310.282739299104     
 longwave radiation is called
NSTEP =         55   NCYCLE=  9  CFL_adv= 0.479  CFL_sgs= 0.020
 Collecting statistics...
 name QCSTRG is missing in "lst" file.
NSTEP =         56   NCYCLE= 10  CFL_adv= 0.460  CFL_sgs= 0.023
 DAY =   1.944444444444444E-002
 NSTEP=          56
 div:  1.057946069126881E-016 -7.492406959081030E-017
 SST=   303.150000000000     
 surface pressure=   1014.80000000000     
 u:  -13.7511280507452        13.7511150639433     
 v:  -13.7420829054141        13.7421321251922     
 w:  -7.29228561662852        35.9708513476256     
 p:  -242.346286561737        351.844112633227     
 t:   283.214202918319        473.180545378848     
 tabs:   202.030346075279        300.918352807547     
 qv:  0.000000000000000E+000  2.378022974803840E-002
 tke:  0.000000000000000E+000   65.7877217517963     
 tk:  0.000000000000000E+000   202.774076486302     
 tkh:  0.000000000000000E+000   202.774076486302     
 qcl:  0.000000000000000E+000  1.746316584279597E-003
 qci:  0.000000000000000E+000  6.803839632287440E-004
 qpl:  0.000000000000000E+000  1.116079173400457E-002
 qpi:  0.000000000000000E+000  0.000000000000000E+000
 qrad(K/day):  -48.0173097566260        11.6349067821013     
 shf:   8.36565511350302        59.0164105219996     
 lhf:   24.3025670724469        149.511109303415     
 uw: -0.132135632474084       0.132135683304208     
 vw: -0.132114451295716       0.132114522569717     
 sst:   303.150000000000        303.150000000000     
 ===========================
 total water budget:
 before (mm):         53.36212497231
 after (mm):          53.36283579245
 evaporation (mm):     0.00074956229
 precipitation (mm):   0.00003874216
 large-scale (mm):     0.00000000000
 Imbalance (mm)       0.00000000000
 evap (mm/day):   2.15873940690841     
 prec (mm/day):  0.111577406950723     
 ls (mm/day):  0.000000000000000E+000
 imbalance (mm/day)  2.987867765702479E-011
  imbalance (rel error):  1.331531065035045E-016
 ===========================
NSTEP =         57   NCYCLE= 11  CFL_adv= 0.465  CFL_sgs= 0.027
NSTEP =         58   NCYCLE= 12  CFL_adv= 0.461  CFL_sgs= 0.025
NSTEP =         59   NCYCLE= 13  CFL_adv= 0.463  CFL_sgs= 0.025
 Collecting statistics...
 name QCSTRG is missing in "lst" file.
 Writting statistics:nstatsteps=          15
 --------------- ISCCP Simulator Diagnostics: -----------------
 ISCCP PDF:
            0.0       0.3       1.3       3.6       9.4      23.0      60.0
    0.     0.000     0.000     0.000     0.000     0.000     0.000     0.000
  180.     0.000     0.000     0.000     0.000     0.000     0.000     0.000
  310.     0.000     0.000     0.000     0.000     0.000     0.000     0.000
  440.     0.000     0.000     0.000     0.000     0.000     0.000     0.000
  560.     0.000     0.000     0.000     0.000     0.000     0.000     0.000
  680.     0.000     0.000     0.000     0.000     0.000     0.000     0.000
  800.     0.000     0.000     0.000     0.000     0.000     0.000     0.000
 low cld area (tau > 0.3)=  0.000000000000000E+000
 mid cld area (tau > 0.3)=  0.000000000000000E+000
 hgh cld area (tau > 0.3)=  0.000000000000000E+000
 total cld area (tau > 0.3)=  0.000000000000000E+000
 mean albedo cld (tau > 0.3)   -1.00000000000000     
 mean tau cld (tau > 0.3)   -1.00000000000000     
 mean top pressure (tau > 0.3)  -1.00000000000000     
 mean brightness temp (tau > 0.3)  -1.00000000000000     
 mean clearsky brightness temp (tau > 0.3)  -1.00000000000000     
 --------------- MODIS Simulator Diagnostics: -----------------
 MODIS PDF:
                      0.3       1.3       3.6       9.4      23.0      60.0
    0.               0.000     0.000     0.000     0.000     0.000     0.000
  180.               0.000     0.000     0.000     0.000     0.000     0.000
  310.               0.000     0.000     0.000     0.000     0.000     0.000
  440.               0.000     0.000     0.000     0.000     0.000     0.000
  560.               0.000     0.000     0.000     0.000     0.000     0.000
  680.               0.000     0.000     0.000     0.000     0.000     0.000
  800.               0.000     0.000     0.000     0.000     0.000     0.000
 low cld area =  0.000000000000000E+000
 mid cld area =  0.000000000000000E+000
 hgh cld area =  0.000000000000000E+000
 total cld area =  0.000000000000000E+000
 mean tau cld   -1.00000000000000     
 mean top pressure   -1.00000000000000     
 total cld area (liquid) =  0.000000000000000E+000
 total cld area (ice) =  0.000000000000000E+000
 mean tau (liquid) =  0.000000000000000E+000
 mean tau (ice) =  -1.00000000000000     
 mean lwp (g/m2) =  0.000000000000000E+000
 mean iwp (g/m2) =  -1.00000000000000     
 mean reff (liquid)  =  0.000000000000000E+000
 mean reff (ice)  =  -1.00000000000000     
 --------------- MISR Simulator Diagnostics: -----------------
 MISR PDF:
            0.0       0.3       1.3       3.6       9.4      23.0      60.0
 99.00     0.000     0.000     0.000     0.000     0.000     0.000     0.000
 17.00     0.000     0.000     0.000     0.000     0.000     0.000     0.000
 15.00     0.000     0.000     0.000     0.000     0.000     0.000     0.000
 13.00     0.000     0.000     0.000     0.000     0.000     0.000     0.000
 11.00     0.000     0.000     0.000     0.000     0.000     0.000     0.000
  9.00     0.000     0.000     0.000     0.000     0.000     0.000     0.000
  7.00     0.000     0.000     0.000     0.000     0.000     0.000     0.000
  5.00     0.000     0.000     0.000     0.000     0.000     0.000     0.000
  4.00     0.000     0.000     0.000     0.000     0.000     0.000     0.000
  3.00     0.000     0.000     0.000     0.000     0.000     0.000     0.000
  2.50     0.000     0.000     0.000     0.000     0.000     0.000     0.000
  2.00     0.000     0.000     0.000     0.000     0.000     0.000     0.000
  1.50     0.000     0.000     0.000     0.000     0.000     0.000     0.000
  1.00     0.000     0.000     0.000     0.000     0.000     0.000     0.000
  0.50     0.000     0.000     0.000     0.000     0.000     0.000     0.000
  0.00     0.000     0.000     0.000     0.000     0.000     0.000     0.000
 total cld area =  0.000000000000000E+000
 mean top height (m)  0.000000000000000E+000
 Writting history file 
 rcemip300sst_16_nCat6_MaxIce200                                                
  
NSTEP =         60   NCYCLE= 14  CFL_adv= 0.458  CFL_sgs= 0.021
 DAY =   2.083333333333333E-002
 NSTEP=          60
 div:  7.055333350795198E-017 -5.285082077074386E-017
 SST=   303.150000000000     
 surface pressure=   1014.80000000000     
 u:  -22.3653251141525        22.3700978089132     
 v:  -22.2995166892893        22.3060131620824     
 w:  -7.59148946009031        50.4129996560285     
 p:  -281.087287489723        430.366045937825     
 t:   279.757325479670        473.179029599247     
 tabs:   201.507248495499        301.077005772919     
 qv:  0.000000000000000E+000  2.381942561803378E-002
 tke:  0.000000000000000E+000   76.9891081287300     
 tk:  0.000000000000000E+000   219.358593586976     
 tkh:  0.000000000000000E+000   219.358593586976     
 qcl:  0.000000000000000E+000  2.572776679781691E-003
 qci:  0.000000000000000E+000  8.748926970656271E-003
 qpl:  0.000000000000000E+000  1.630485994258322E-002
 qpi:  0.000000000000000E+000  0.000000000000000E+000
 qrad(K/day):  -48.0173097566260        11.6349067821013     
 shf:   8.31881273194751        67.6298243345333     
 lhf:   23.9702072481192        173.837016627193     
 uw: -0.177181963541693       0.177181231343692     
 vw: -0.177248333476381       0.177248098314182     
 sst:   303.150000000000        303.150000000000     
 ===========================
 total water budget:
 before (mm):         53.36486800690
 after (mm):          53.36552724635
 evaporation (mm):     0.00074964547
 precipitation (mm):   0.00009041814
 large-scale (mm):     0.00000000000
 Imbalance (mm)       0.00000001211
 evap (mm/day):   2.15897896562847     
 prec (mm/day):  0.260404231231248     
 ls (mm/day):  0.000000000000000E+000
 imbalance (mm/day)  3.486370226068146E-005
  imbalance (rel error):  2.268401749127295E-010
 ===========================
CPU TIME =     131.7621 OVER     0.50 MODEL HOURS
 Let's do some shortwave
 Range of zenith angles  0.732661695834013       0.732661695834013     
 Range of surface albedo (asdir)  3.383449086658900E-002  3.383449086658900E-002
 Range of surface albedo (aldir)  3.383449086658900E-002  3.383449086658900E-002
 Range of surface albedo (asdif)  6.000000000000000E-002  6.000000000000000E-002
 Range of surface albedo (aldif)  6.000000000000000E-002  6.000000000000000E-002
 radiation: perpetual sun, solin=   310.282739299052     
 longwave radiation is called
NSTEP =         61   NCYCLE= 15  CFL_adv= 0.476  CFL_sgs= 0.021
NSTEP =         62   NCYCLE= 18  CFL_adv= 0.478  CFL_sgs= 0.019
NSTEP =         63   NCYCLE= 21  CFL_adv= 0.463  CFL_sgs= 0.018
 Collecting statistics...
 name QCSTRG is missing in "lst" file.
NSTEP =         64   NCYCLE= 23  CFL_adv= 0.475  CFL_sgs= 0.018
 DAY =   2.222222222222222E-002
 NSTEP=          64
 div:  5.878215538734941E-017 -5.179322572870690E-017
 SST=   303.150000000000     
 surface pressure=   1014.80000000000     
 u:  -41.6589132538485        41.4848141013608     
 v:  -41.7387273158625        41.8515352444168     
 w:  -16.8716666737535        87.5233568422267     
 p:  -330.198094643245        581.402149328964     
 t:   276.566072191273        473.178498770464     
 tabs:   193.670523273778        301.379585758969     
 qv:  0.000000000000000E+000  2.386669604589386E-002
 tke:  0.000000000000000E+000   257.319616208786     
 tk:  0.000000000000000E+000   401.029625003554     
 tkh:  0.000000000000000E+000   401.029625003554     
 qcl:  0.000000000000000E+000  4.088650026586859E-003
 qci:  0.000000000000000E+000  2.297535767144020E-002
 qpl:  0.000000000000000E+000  2.248255205324756E-002
 qpi:  0.000000000000000E+000  0.000000000000000E+000
 qrad(K/day):  -49.1130062460202        13.9436763549321     
 shf:   8.27429665702497        75.4289215433152     
 lhf:   23.5772318945872        173.860476352502     
 uw: -0.164464936539494       0.164464564514196     
 vw: -0.164441031927623       0.164439868430241     
 sst:   303.150000000000        303.150000000000     
 ===========================
 total water budget:
 before (mm):         53.36748873482
 after (mm):          53.36814324830
 evaporation (mm):     0.00075121251
 precipitation (mm):   0.00009676264
 large-scale (mm):     0.00000000000
 Imbalance (mm)       0.00000006360
 evap (mm/day):   2.16349204089877     
 prec (mm/day):  0.278676396010325     
 ls (mm/day):  0.000000000000000E+000
 imbalance (mm/day)  1.831675067828255E-004
  imbalance (rel error):  1.191718949836793E-009
 ===========================
NSTEP =         65   NCYCLE= 26  CFL_adv= 0.475  CFL_sgs= 0.022
NSTEP =         66   NCYCLE= 29  CFL_adv= 0.475  CFL_sgs= 0.023
 Let's do some shortwave
 Range of zenith angles  0.732661695834013       0.732661695834013     
 Range of surface albedo (asdir)  3.383449086658900E-002  3.383449086658900E-002
 Range of surface albedo (aldir)  3.383449086658900E-002  3.383449086658900E-002
 Range of surface albedo (asdif)  6.000000000000000E-002  6.000000000000000E-002
 Range of surface albedo (aldif)  6.000000000000000E-002  6.000000000000000E-002
 radiation: perpetual sun, solin=   310.282739299007     
 longwave radiation is called
NSTEP =         67   NCYCLE= 26  CFL_adv= 0.472  CFL_sgs= 0.028
 Collecting statistics...
 name QCSTRG is missing in "lst" file.
NSTEP =         68   NCYCLE= 27  CFL_adv= 0.472  CFL_sgs= 0.027
 DAY =   2.361111111111111E-002
 NSTEP=          68
 div:  4.900219202490938E-017 -4.352384543871084E-017
 SST=   303.150000000000     
 surface pressure=   1014.80000000000     
 u:  -76.3859887623511        76.6804218006726     
 v:  -76.6676781677435        76.0122312474580     
 w:  -30.9606790493879        86.9581083746672     
 p:  -284.547116455976        888.992956150777     
 t:   274.352767137380        473.185739663737     
 tabs:   172.639434278754        302.172142666525     
 qv:  2.739594006189712E-320  2.388985137866664E-002
 tke:  0.000000000000000E+000   317.677076556962     
 tk:  0.000000000000000E+000   445.587446914858     
 tkh:  0.000000000000000E+000   445.587446914858     
 qcl:  0.000000000000000E+000  3.309524405667402E-003
 qci:  0.000000000000000E+000  2.632237114033863E-002
 qpl:  0.000000000000000E+000  2.537270309969482E-002
 qpi:  0.000000000000000E+000  0.000000000000000E+000
 qrad(K/day):  -91.8526396124008        80.6186908548891     
 shf:   8.24461777411706        79.1761797619888     
 lhf:   23.3694637280150        162.507191097335     
 uw: -0.119698266702480       0.119692072803261     
 vw: -0.119677031282021       0.119669584231457     
 sst:   303.150000000000        303.150000000000     
 ===========================
 total water budget:
 before (mm):         53.37011827452
 after (mm):          53.37078084449
 evaporation (mm):     0.00075426886
 precipitation (mm):   0.00009171284
 large-scale (mm):     0.00000000000
 Imbalance (mm)       0.00000001394
 evap (mm/day):   2.17229432554937     
 prec (mm/day):  0.264132969296691     
 ls (mm/day):  0.000000000000000E+000
 imbalance (mm/day)  4.014923420413152E-005
  imbalance (rel error):  2.612048417969828E-010
 ===========================
NSTEP =         69   NCYCLE= 27  CFL_adv= 0.468  CFL_sgs= 0.024
NSTEP =         70   NCYCLE= 27  CFL_adv= 0.470  CFL_sgs= 0.019
NSTEP =         71   NCYCLE= 29  CFL_adv= 0.464  CFL_sgs= 0.016
 Collecting statistics...
 name QCSTRG is missing in "lst" file.
NSTEP =         72   NCYCLE= 30  CFL_adv= 0.466  CFL_sgs= 0.018
 DAY =   2.500000000000000E-002
 NSTEP=          72
 div:  4.865007151046073E-017 -5.566854634904036E-017
 SST=   303.150000000000     
 surface pressure=   1014.80000000000     
 u:  -79.1746281347663        80.2784897666946     
 v:  -79.8552905887019        79.6690679531628     
 w:  -50.5158493929747        92.8722751450019     
 p:  -302.009717735353        302.259952934417     
 t:   272.935896847232        473.410966022766     
 tabs:   166.546822891370        302.565121378227     
 qv:  9.932671874198873E-314  2.365815348019020E-002
 tke:  0.000000000000000E+000   227.913321938311     
 tk:  0.000000000000000E+000   377.419960006680     
 tkh:  0.000000000000000E+000   377.419960006680     
 qcl:  0.000000000000000E+000  5.278258202864340E-003
 qci:  0.000000000000000E+000  2.760362648548508E-002
 qpl:  0.000000000000000E+000  2.733803273190067E-002
 qpi:  0.000000000000000E+000  0.000000000000000E+000
 qrad(K/day):  -91.8526396124008        80.6186908548891     
 shf:   8.20327705813544        77.7183619215601     
 lhf:   27.0074210258276        148.617286666223     
 uw: -8.708312941781753E-002  8.708574080827289E-002
 vw: -8.710247396518113E-002  8.707200290043343E-002
 sst:   303.150000000000        303.150000000000     
 ===========================
 total water budget:
 before (mm):         53.37278528902
 after (mm):          53.37345958575
 evaporation (mm):     0.00075737451
 precipitation (mm):   0.00008313606
 large-scale (mm):     0.00000000000
 Imbalance (mm)       0.00000005828
 evap (mm/day):   2.18123858495417     
 prec (mm/day):  0.239431846604369     
 ls (mm/day):  0.000000000000000E+000
 imbalance (mm/day)  1.678473159715107E-004
  imbalance (rel error):  1.091934350153248E-009
 ===========================
 Let's do some shortwave
 Range of zenith angles  0.732661695834013       0.732661695834013     
 Range of surface albedo (asdir)  3.383449086658900E-002  3.383449086658900E-002
 Range of surface albedo (aldir)  3.383449086658900E-002  3.383449086658900E-002
 Range of surface albedo (asdif)  6.000000000000000E-002  6.000000000000000E-002
 Range of surface albedo (aldif)  6.000000000000000E-002  6.000000000000000E-002
 radiation: perpetual sun, solin=   310.282739298925     
 longwave radiation is called
NSTEP =         73   NCYCLE= 32  CFL_adv= 0.471  CFL_sgs= 0.017
NSTEP =         74   NCYCLE= 33  CFL_adv= 0.468  CFL_sgs= 0.018
NSTEP =         75   NCYCLE= 33  CFL_adv= 0.478  CFL_sgs= 0.017
 Collecting statistics...
 name QCSTRG is missing in "lst" file.
NSTEP =         76   NCYCLE= 34  CFL_adv= 0.468  CFL_sgs= 0.019
 DAY =   2.638888888888889E-002
 NSTEP=          76
 div:  3.352271183589094E-017 -3.677274670337751E-017
 SST=   303.150000000000     
 surface pressure=   1014.80000000000     
 u:  -71.5067938932645        73.0207785327533     
 v:  -73.2747510242209        72.3380459327295     
 w:  -59.2490875494131        95.6112499590871     
 p:  -266.938076900724        155.808258731492     
 t:   275.600398570049        473.362721477600     
 tabs:   162.476912452416        301.703711981335     
 qv:  6.499073915632637E-274  2.342568544267532E-002
 tke:  0.000000000000000E+000   292.653875197614     
 tk:  0.000000000000000E+000   427.678234188401     
 tkh:  0.000000000000000E+000   427.678234188401     
 qcl:  0.000000000000000E+000  4.424376550427312E-003
 qci:  0.000000000000000E+000  2.933322820654952E-002
 qpl:  0.000000000000000E+000  2.596663333056096E-002
 qpi:  0.000000000000000E+000  0.000000000000000E+000
 qrad(K/day):  -176.946613711026        183.394190835897     
 shf:   7.43721870569428        74.4394931623310     
 lhf:   27.2288108394857        132.929202820972     
 uw: -8.791276279642425E-002  8.787261460137542E-002
 vw: -8.748723643193537E-002  8.750917467885561E-002
 sst:   303.150000000000        303.150000000000     
 ===========================
 total water budget:
 before (mm):         53.37547549474
 after (mm):          53.37614300586
 evaporation (mm):     0.00075875628
 precipitation (mm):   0.00009129410
 large-scale (mm):     0.00000000000
 Imbalance (mm)       0.00000004894
 evap (mm/day):   2.18521808486681     
 prec (mm/day):  0.262927011682388     
 ls (mm/day):  0.000000000000000E+000
 imbalance (mm/day)  1.409531307403761E-004
  imbalance (rel error):  9.169276776239899E-010
 ===========================
NSTEP =         77   NCYCLE= 32  CFL_adv= 0.478  CFL_sgs= 0.019
NSTEP =         78   NCYCLE= 33  CFL_adv= 0.468  CFL_sgs= 0.019
 Let's do some shortwave
 Range of zenith angles  0.732661695834013       0.732661695834013     
 Range of surface albedo (asdir)  3.383449086658900E-002  3.383449086658900E-002
 Range of surface albedo (aldir)  3.383449086658900E-002  3.383449086658900E-002
 Range of surface albedo (asdif)  6.000000000000000E-002  6.000000000000000E-002
 Range of surface albedo (aldif)  6.000000000000000E-002  6.000000000000000E-002
 radiation: perpetual sun, solin=   310.282739298740     
 longwave radiation is called
NSTEP =         79   NCYCLE= 32  CFL_adv= 0.475  CFL_sgs= 0.021
 Collecting statistics...
 name QCSTRG is missing in "lst" file.
NSTEP =         80   NCYCLE= 32  CFL_adv= 0.470  CFL_sgs= 0.023
 DAY =   2.777777777777778E-002
 NSTEP=          80
 div:  3.756994671760384E-017 -2.788239620500409E-017
 SST=   303.150000000000     
 surface pressure=   1014.80000000000     
 u:  -73.1584278874383        73.3655504823688     
 v:  -73.7494930766320        74.5955746504359     
 w:  -66.5519960456329        97.6689661872471     
 p:  -265.048186875138        216.944362271989     
 t:   275.701108378987        473.430755721430     
 tabs:   161.441113704037        301.845624263195     
 qv:  6.006203749261944E-225  2.316839906896317E-002
 tke:  0.000000000000000E+000   313.961322219632     
 tk:  0.000000000000000E+000   442.973843908723     
 tkh:  0.000000000000000E+000   442.973843908723     
 qcl:  0.000000000000000E+000  4.243622598611471E-003
 qci:  0.000000000000000E+000  2.797310313459217E-002
 qpl:  0.000000000000000E+000  2.526900709406302E-002
 qpi:  0.000000000000000E+000  0.000000000000000E+000
 qrad(K/day):  -307.134039089158        218.992808200225     
 shf:   8.12247267740980        70.9826822189253     
 lhf:   37.5651393075098        121.033862883898     
 uw: -8.206609157073155E-002  8.216033295230916E-002
 vw: -8.180875581547177E-002  8.182414888863998E-002
 sst:   303.150000000000        303.150000000000     
 ===========================
 total water budget:
 before (mm):         53.37820629364
 after (mm):          53.37890411442
 evaporation (mm):     0.00075820540
 precipitation (mm):   0.00006050263
 large-scale (mm):     0.00000000000
 Imbalance (mm)       0.00000011802
 evap (mm/day):   2.18363154168166     
 prec (mm/day):  0.174247584617322     
 ls (mm/day):  0.000000000000000E+000
 imbalance (mm/day)  3.399054946445550E-004
  imbalance (rel error):  2.211037150041200E-009
 ===========================
NSTEP =         81   NCYCLE= 33  CFL_adv= 0.468  CFL_sgs= 0.019
NSTEP =         82   NCYCLE= 34  CFL_adv= 0.467  CFL_sgs= 0.015
NSTEP =         83   NCYCLE= 34  CFL_adv= 0.471  CFL_sgs= 0.015
 Collecting statistics...
 name QCSTRG is missing in "lst" file.
NSTEP =         84   NCYCLE= 33  CFL_adv= 0.468  CFL_sgs= 0.016
 DAY =   2.916666666666667E-002
 NSTEP=          84
 div:  3.925401062528063E-017 -3.161924338068863E-017
 SST=   303.150000000000     
 surface pressure=   1014.80000000000     
 u:  -72.7192999604920        69.1829056645509     
 v:  -61.3582109179767        68.7776578676244     
 w:  -56.5492237427604        92.0210587625271     
 p:  -221.004332148252        264.381883026804     
 t:   274.482049873972        473.457669573440     
 tabs:   151.992442822145        301.792847592754     
 qv: -1.502252568336140E-007  2.301762922081293E-002
 tke:  0.000000000000000E+000   212.705729279201     
 tk:  0.000000000000000E+000   364.610862152378     
 tkh:  0.000000000000000E+000   364.610862152378     
 qcl:  0.000000000000000E+000  4.188577047674055E-003
 qci:  0.000000000000000E+000  2.681659479698136E-002
 qpl:  0.000000000000000E+000  2.690252318626268E-002
 qpi:  0.000000000000000E+000  0.000000000000000E+000
 qrad(K/day):  -307.134039089158        218.992808200225     
 shf:   8.08355644404608        80.3205495421345     
 lhf:   34.2892446328553        110.805295758803     
 uw: -5.669472646599769E-002  5.672918976636527E-002
 vw: -5.696644399677371E-002  5.696216529463169E-002
 sst:   303.150000000000        303.150000000000     
 ===========================
 total water budget:
 before (mm):         53.38099116914
 after (mm):          53.38167310424
 evaporation (mm):     0.00075693344
 precipitation (mm):   0.00007507910
 large-scale (mm):     0.00000000000
 Imbalance (mm)       0.00000008076
 evap (mm/day):   2.17996831718800     
 prec (mm/day):  0.216227799884966     
 ls (mm/day):  0.000000000000000E+000
 imbalance (mm/day)  2.325806148821769E-004
  imbalance (rel error):  1.512825454071577E-009
 ===========================
 Let's do some shortwave
 Range of zenith angles  0.732661695834013       0.732661695834013     
 Range of surface albedo (asdir)  3.383449086658900E-002  3.383449086658900E-002
 Range of surface albedo (aldir)  3.383449086658900E-002  3.383449086658900E-002
 Range of surface albedo (asdif)  6.000000000000000E-002  6.000000000000000E-002
 Range of surface albedo (aldif)  6.000000000000000E-002  6.000000000000000E-002
 radiation: perpetual sun, solin=   310.282739298356     
 longwave radiation is called
NSTEP =         85   NCYCLE= 32  CFL_adv= 0.477  CFL_sgs= 0.016
NSTEP =         86   NCYCLE= 29  CFL_adv= 0.473  CFL_sgs= 0.021
NSTEP =         87   NCYCLE= 27  CFL_adv= 0.471  CFL_sgs= 0.026
 Collecting statistics...
 name QCSTRG is missing in "lst" file.
NSTEP =         88   NCYCLE= 27  CFL_adv= 0.464  CFL_sgs= 0.029
 DAY =   3.055555555555555E-002
 NSTEP=          88
 div:  4.427064217785432E-017 -3.391405431078866E-017
 SST=   303.150000000000     
 surface pressure=   1014.80000000000     
 u:  -64.1607507562180        64.3623151343073     
 v:  -66.4541248377179        65.0798307064789     
 w:  -47.3848468457029        85.5442422875923     
 p:  -184.908598560522        287.103361946319     
 t:   272.722657473320        473.707072110058     
 tabs:   156.638318246324        302.041556051180     
 qv: -3.937219709031121E-008  2.298161275562916E-002
 tke:  0.000000000000000E+000   247.417384687390     
 tk:  0.000000000000000E+000   393.237670410171     
 tkh:  0.000000000000000E+000   393.237670410171     
 qcl:  0.000000000000000E+000  4.169834616593562E-003
 qci:  0.000000000000000E+000  3.014530693445692E-002
 qpl:  0.000000000000000E+000  2.582938584425935E-002
 qpi:  0.000000000000000E+000  0.000000000000000E+000
 qrad(K/day):  -342.053295617062        234.320373342538     
 shf:   8.04573510225028        106.310578827616     
 lhf:   32.7041369842132        108.936916886088     
 uw: -9.824955360857986E-002  9.841629879406127E-002
 vw: -9.600577177463654E-002  9.629414765682871E-002
 sst:   303.150000000000        303.150000000000     
 ===========================
 total water budget:
 before (mm):         53.38364042041
 after (mm):          53.38427129913
 evaporation (mm):     0.00075577423
 precipitation (mm):   0.00012492855
 large-scale (mm):     0.00000000000
 Imbalance (mm)       0.00000003304
 evap (mm/day):   2.17662978618499     
 prec (mm/day):  0.359794235942554     
 ls (mm/day):  0.000000000000000E+000
 imbalance (mm/day)  9.514486613250960E-005
  imbalance (rel error):  6.188415910444164E-010
 ===========================
NSTEP =         89   NCYCLE= 28  CFL_adv= 0.465  CFL_sgs= 0.020
NSTEP =         90   NCYCLE= 31  CFL_adv= 0.471  CFL_sgs= 0.026
 Let's do some shortwave
 Range of zenith angles  0.732661695834013       0.732661695834013     
 Range of surface albedo (asdir)  3.383449086658900E-002  3.383449086658900E-002
 Range of surface albedo (aldir)  3.383449086658900E-002  3.383449086658900E-002
 Range of surface albedo (asdif)  6.000000000000000E-002  6.000000000000000E-002
 Range of surface albedo (aldif)  6.000000000000000E-002  6.000000000000000E-002
 radiation: perpetual sun, solin=   310.282739297459     
 longwave radiation is called
NSTEP =         91   NCYCLE= 29  CFL_adv= 0.475  CFL_sgs= 0.028
 Collecting statistics...
 name QCSTRG is missing in "lst" file.
NSTEP =         92   NCYCLE= 29  CFL_adv= 0.465  CFL_sgs= 0.026
 DAY =   3.194444444444444E-002
 NSTEP=          92
 div:  3.474841340379170E-017 -2.317373808207494E-017
 SST=   303.150000000000     
 surface pressure=   1014.80000000000     
 u:  -78.4531231857262        77.0894480872829     
 v:  -79.0141641646432        79.9561822139927     
 w:  -52.6153816977192        97.3534868202499     
 p:  -206.292784323600        175.900460074291     
 t:   271.429285243268        473.461145622619     
 tabs:   162.814758246732        302.781239177515     
 qv: -9.273178316810607E-008  2.352804149720319E-002
 tke:  0.000000000000000E+000   282.499134107403     
 tk:  0.000000000000000E+000   420.192763880016     
 tkh:  0.000000000000000E+000   420.192763880016     
 qcl:  0.000000000000000E+000  3.304068669417346E-003
 qci:  0.000000000000000E+000  2.825871939914952E-002
 qpl:  0.000000000000000E+000  2.580188737117152E-002
 qpi:  0.000000000000000E+000  0.000000000000000E+000
 qrad(K/day):  -190.124790999659        227.495018841967     
 shf:   7.01778186341856        106.778770336124     
 lhf:   26.4408290292602        182.132520588133     
 uw: -0.151547388436027       0.151587337014737     
 vw: -0.146055888703489       0.146631112705984     
 sst:   303.150000000000        303.150000000000     
 ===========================
 total water budget:
 before (mm):         53.38611453023
 after (mm):          53.38672049856
 evaporation (mm):     0.00075407118
 precipitation (mm):   0.00014812592
 large-scale (mm):     0.00000000000
 Imbalance (mm)       0.00000002309
 evap (mm/day):   2.17172498551697     
 prec (mm/day):  0.426602661501223     
 ls (mm/day):  0.000000000000000E+000
 imbalance (mm/day)  6.648739891310269E-005
  imbalance (rel error):  4.324278163460038E-010
 ===========================
NSTEP =         93   NCYCLE= 29  CFL_adv= 0.471  CFL_sgs= 0.021
NSTEP =         94   NCYCLE= 30  CFL_adv= 0.476  CFL_sgs= 0.020
NSTEP =         95   NCYCLE= 31  CFL_adv= 0.478  CFL_sgs= 0.021
 Collecting statistics...
 name QCSTRG is missing in "lst" file.
NSTEP =         96   NCYCLE= 32  CFL_adv= 0.470  CFL_sgs= 0.021
 DAY =   3.333333333333333E-002
 NSTEP=          96
 div:  4.330671741530506E-017 -2.418407791618902E-017
 SST=   303.150000000000     
 surface pressure=   1014.80000000000     
 u:  -57.8585909561025        59.7924186096024     
 v:  -67.7077898277563        60.9978643128562     
 w:  -62.2278982053487        95.9338615231061     
 p:  -219.023983557839        153.177276585227     
 t:   271.548126667212        473.486874884812     
 tabs:   160.826284766410        302.092994916321     
 qv: -2.304252228363546E-008  2.400179057067206E-002
 tke:  0.000000000000000E+000   216.004484931744     
 tk:  0.000000000000000E+000   367.427275909588     
 tkh:  0.000000000000000E+000   367.427275909588     
 qcl:  0.000000000000000E+000  4.893709050573166E-003
 qci:  0.000000000000000E+000  2.696046514142192E-002
 qpl:  0.000000000000000E+000  2.401058410629351E-002
 qpi:  0.000000000000000E+000  0.000000000000000E+000
 qrad(K/day):  -190.124790999659        227.495018841967     
 shf:   7.97230042197396        118.532078362226     
 lhf:   22.4565574903760        218.434928547550     
 uw: -0.135221108273180       0.134741687307549     
 vw: -0.131054529003812       0.130827455462785     
 sst:   303.150000000000        303.150000000000     
 ===========================
 total water budget:
 before (mm):         53.38854460593
 after (mm):          53.38916060712
 evaporation (mm):     0.00075106321
 precipitation (mm):   0.00013507459
 large-scale (mm):     0.00000000000
 Imbalance (mm)       0.00000001257
 evap (mm/day):   2.16306204880787     
 prec (mm/day):  0.389014811176196     
 ls (mm/day):  0.000000000000000E+000
 imbalance (mm/day)  3.619070419316056E-005
  imbalance (rel error):  2.353702164495479E-010
 ===========================
 Let's do some shortwave
 Range of zenith angles  0.732661695834013       0.732661695834013     
 Range of surface albedo (asdir)  3.383449086658900E-002  3.383449086658900E-002
 Range of surface albedo (aldir)  3.383449086658900E-002  3.383449086658900E-002
 Range of surface albedo (asdif)  6.000000000000000E-002  6.000000000000000E-002
 Range of surface albedo (aldif)  6.000000000000000E-002  6.000000000000000E-002
 radiation: perpetual sun, solin=   310.282739295099     
 longwave radiation is called
NSTEP =         97   NCYCLE= 32  CFL_adv= 0.465  CFL_sgs= 0.017
NSTEP =         98   NCYCLE= 30  CFL_adv= 0.479  CFL_sgs= 0.019
NSTEP =         99   NCYCLE= 30  CFL_adv= 0.479  CFL_sgs= 0.021
 Collecting statistics...
 name QCSTRG is missing in "lst" file.
NSTEP =        100   NCYCLE= 31  CFL_adv= 0.467  CFL_sgs= 0.020
 DAY =   3.472222222222222E-002
 NSTEP=         100
 div:  3.485774225101000E-017 -3.499700917289038E-017
 SST=   303.150000000000     
 surface pressure=   1014.80000000000     
 u:  -62.9736275989461        67.1475724539726     
 v:  -70.3505180017739        66.8824397420223     
 w:  -59.3502497798967        94.8450992535028     
 p:  -184.252051365408        137.410870402207     
 t:   272.787571285680        473.560378583373     
 tabs:   162.569435193300        301.297288607669     
 qv: -1.435005445004246E-007  2.342831900373864E-002
 tke:  0.000000000000000E+000   224.934578991027     
 tk:  0.000000000000000E+000   374.945478529069     
 tkh:  0.000000000000000E+000   374.945478529069     
 qcl:  0.000000000000000E+000  3.071014038026184E-003
 qci:  0.000000000000000E+000  2.530391869526606E-002
 qpl:  0.000000000000000E+000  2.445793504490059E-002
 qpi:  0.000000000000000E+000  0.000000000000000E+000
 qrad(K/day):  -284.214321178893        249.015206264560     
 shf:   7.93685861922260        91.6563131935893     
 lhf:   27.1330625103822        178.078603775844     
 uw: -9.553792611786946E-002  9.477791663826356E-002
 vw: -9.792045264813079E-002  9.776152279054108E-002
 sst:   303.150000000000        303.150000000000     
 ===========================
 total water budget:
 before (mm):         53.39105030012
 after (mm):          53.39169581727
 evaporation (mm):     0.00074648812
 precipitation (mm):   0.00010101469
 large-scale (mm):     0.00000000000
 Imbalance (mm)       0.00000004372
 evap (mm/day):   2.14988577439232     
 prec (mm/day):  0.290922296699123     
 ls (mm/day):  0.000000000000000E+000
 imbalance (mm/day)  1.259160812099123E-004
  imbalance (rel error):  8.188700349776129E-010
 ===========================
NSTEP =        101   NCYCLE= 30  CFL_adv= 0.465  CFL_sgs= 0.018
NSTEP =        102   NCYCLE= 29  CFL_adv= 0.470  CFL_sgs= 0.021
 Let's do some shortwave
 Range of zenith angles  0.732661695834013       0.732661695834013     
 Range of surface albedo (asdir)  3.383449086658900E-002  3.383449086658900E-002
 Range of surface albedo (aldir)  3.383449086658900E-002  3.383449086658900E-002
 Range of surface albedo (asdif)  6.000000000000000E-002  6.000000000000000E-002
 Range of surface albedo (aldif)  6.000000000000000E-002  6.000000000000000E-002
 radiation: perpetual sun, solin=   310.282739289337     
 longwave radiation is called
NSTEP =        103   NCYCLE= 30  CFL_adv= 0.466  CFL_sgs= 0.023
 Collecting statistics...
 name QCSTRG is missing in "lst" file.
NSTEP =        104   NCYCLE= 29  CFL_adv= 0.468  CFL_sgs= 0.023
 DAY =   3.611111111111111E-002
 NSTEP=         104
 div:  4.234474750410223E-017 -3.202810433905349E-017
 SST=   303.150000000000     
 surface pressure=   1014.80000000000     
 u:  -55.8813895222342        65.9264432323930     
 v:  -61.8244982112805        60.2172713897941     
 w:  -50.5628886784162        92.7935004464546     
 p:  -118.422925525727        129.877372844844     
 t:   273.518850382479        473.487770948476     
 tabs:   159.523339677012        300.788533071317     
 qv: -2.957599126577736E-009  2.288627632066218E-002
 tke:  0.000000000000000E+000   309.439693005757     
 tk:  0.000000000000000E+000   439.772450397473     
 tkh:  0.000000000000000E+000   439.772450397473     
 qcl:  0.000000000000000E+000  3.850057748877718E-003
 qci:  0.000000000000000E+000  2.476304016991894E-002
 qpl:  0.000000000000000E+000  2.540942785406437E-002
 qpi:  0.000000000000000E+000  0.000000000000000E+000
 qrad(K/day):  -176.210882512136        261.309993503158     
 shf:   7.67754256804339        88.9010172137326     
 lhf:   34.2412054277475        308.424509147350     
 uw: -0.225379859689607       0.229578141960060     
 vw: -0.231947577168529       0.246940722808000     
 sst:   303.150000000000        303.150000000000     
 ===========================
 total water budget:
 before (mm):         53.39366323615
 after (mm):          53.39429866787
 evaporation (mm):     0.00073988813
 precipitation (mm):   0.00010447095
 large-scale (mm):     0.00000000000
 Imbalance (mm)       0.00000001454
 evap (mm/day):   2.13087781201160     
 prec (mm/day):  0.300876333196734     
 ls (mm/day):  0.000000000000000E+000
 imbalance (mm/day)  4.187318679578934E-005
  imbalance (rel error):  2.723006661300550E-010
 ===========================
NSTEP =        105   NCYCLE= 30  CFL_adv= 0.468  CFL_sgs= 0.021
NSTEP =        106   NCYCLE= 27  CFL_adv= 0.478  CFL_sgs= 0.021
NSTEP =        107   NCYCLE= 28  CFL_adv= 0.463  CFL_sgs= 0.019
 Collecting statistics...
 name QCSTRG is missing in "lst" file.
NSTEP =        108   NCYCLE= 29  CFL_adv= 0.465  CFL_sgs= 0.018
 DAY =   3.750000000000000E-002
 NSTEP=         108
 div:  2.802100838716386E-017 -2.441092991789790E-017
 SST=   303.150000000000     
 surface pressure=   1014.80000000000     
 u:  -54.1862432949122        55.5639369167552     
 v:  -67.3633269813728        61.1057323261871     
 w:  -42.1967858764218        89.8215428472005     
 p:  -168.757231809703        167.581428423310     
 t:   278.510800078108        473.624837637265     
 tabs:   163.341300385912        301.220812816929     
 qv: -3.080839896628752E-008  2.292077270515311E-002
 tke:  0.000000000000000E+000   276.404361531069     
 tk:  0.000000000000000E+000   415.635328090525     
 tkh:  0.000000000000000E+000   415.635328090525     
 qcl:  0.000000000000000E+000  2.809499759293053E-003
 qci:  0.000000000000000E+000  2.603237096343058E-002
 qpl:  0.000000000000000E+000  2.215489384633228E-002
 qpi:  0.000000000000000E+000  0.000000000000000E+000
 qrad(K/day):  -176.210882512136        261.309993503158     
 shf:   6.82341622001145        99.5462401903606     
 lhf:   31.4797847691290        578.949599649345     
 uw: -0.489436106348788       0.499152565133893     
 vw: -0.489868148751009       0.521103507100156     
 sst:   303.150000000000        303.150000000000     
 ===========================
 total water budget:
 before (mm):         53.39614497963
 after (mm):          53.39675756849
 evaporation (mm):     0.00073192581
 precipitation (mm):   0.00011934665
 large-scale (mm):     0.00000000000
 Imbalance (mm)       0.00000000969
 evap (mm/day):   2.10794633468083     
 prec (mm/day):  0.343718344334176     
 ls (mm/day):  0.000000000000000E+000
 imbalance (mm/day)  2.791186576933408E-005
  imbalance (rel error):  1.815019977987534E-010
 ===========================
 Let's do some shortwave
 Range of zenith angles  0.732661695834013       0.732661695834013     
 Range of surface albedo (asdir)  3.383449086658900E-002  3.383449086658900E-002
 Range of surface albedo (aldir)  3.383449086658900E-002  3.383449086658900E-002
 Range of surface albedo (asdif)  6.000000000000000E-002  6.000000000000000E-002
 Range of surface albedo (aldif)  6.000000000000000E-002  6.000000000000000E-002
 radiation: perpetual sun, solin=   310.282739278201     
 longwave radiation is called
NSTEP =        109   NCYCLE= 29  CFL_adv= 0.474  CFL_sgs= 0.021
NSTEP =        110   NCYCLE= 28  CFL_adv= 0.479  CFL_sgs= 0.022
NSTEP =        111   NCYCLE= 27  CFL_adv= 0.475  CFL_sgs= 0.024
 Collecting statistics...
 name QCSTRG is missing in "lst" file.
NSTEP =        112   NCYCLE= 27  CFL_adv= 0.468  CFL_sgs= 0.023
 DAY =   3.888888888888889E-002
 NSTEP=         112
 div:  4.087257385922902E-017 -3.217856942829846E-017
 SST=   303.150000000000     
 surface pressure=   1014.80000000000     
 u:  -55.2020897957346        52.7213744617024     
 v:  -59.7798455979649        58.9502789013510     
 w:  -38.7207925154214        83.7026670159891     
 p:  -164.519530667578        137.789252022535     
 t:   277.755390358835        473.532550788882     
 tabs:   164.039147832400        300.759013317671     
 qv:  9.596866056064735E-123  2.245876673282555E-002
 tke:  0.000000000000000E+000   313.391216851070     
 tk:  0.000000000000000E+000   442.571475054504     
 tkh:  0.000000000000000E+000   442.571475054504     
 qcl:  0.000000000000000E+000  2.667818129920096E-003
 qci:  0.000000000000000E+000  2.334841643363860E-002
 qpl:  0.000000000000000E+000  1.987242196791303E-002
 qpi:  0.000000000000000E+000  0.000000000000000E+000
 qrad(K/day):  -183.659328977722        254.201928086143     
 shf:   6.92494716611090        173.541482124152     
 lhf:   38.4522734214278        616.696821741684     
 uw: -0.637240837462560       0.650003853165519     
 vw: -0.575964683583404       0.525521927888256     
 sst:   303.150000000000        303.150000000000     
 ===========================
 total water budget:
 before (mm):         53.39855529430
 after (mm):          53.39908197442
 evaporation (mm):     0.00072522551
 precipitation (mm):   0.00019854691
 large-scale (mm):     0.00000000000
 Imbalance (mm)       0.00000000151
 evap (mm/day):   2.08864947525942     
 prec (mm/day):  0.571815104344001     
 ls (mm/day):  0.000000000000000E+000
 imbalance (mm/day)  4.360350157189830E-006
  imbalance (rel error):  2.835273930792126E-011
 ===========================
NSTEP =        113   NCYCLE= 28  CFL_adv= 0.468  CFL_sgs= 0.023
NSTEP =        114   NCYCLE= 26  CFL_adv= 0.474  CFL_sgs= 0.023
 Let's do some shortwave
 Range of zenith angles  0.732661695834013       0.732661695834013     
 Range of surface albedo (asdir)  3.383449086658900E-002  3.383449086658900E-002
 Range of surface albedo (aldir)  3.383449086658900E-002  3.383449086658900E-002
 Range of surface albedo (asdif)  6.000000000000000E-002  6.000000000000000E-002
 Range of surface albedo (aldif)  6.000000000000000E-002  6.000000000000000E-002
 radiation: perpetual sun, solin=   310.282739262419     
 longwave radiation is called
NSTEP =        115   NCYCLE= 27  CFL_adv= 0.464  CFL_sgs= 0.022
 Collecting statistics...
 name QCSTRG is missing in "lst" file.
NSTEP =        116   NCYCLE= 27  CFL_adv= 0.476  CFL_sgs= 0.021
 DAY =   4.027777777777778E-002
 NSTEP=         116
 div:  2.835919324225644E-017 -2.156824901223446E-017
 SST=   303.150000000000     
 surface pressure=   1014.80000000000     
 u:  -68.2392895851881        59.9247143090770     
 v:  -66.5411151922731        67.6006884433033     
 w:  -42.7753591318258        80.7482898351213     
 p:  -205.858945259416        158.520750548876     
 t:   273.760672761129        473.528827128921     
 tabs:   167.669116351536        300.726073418225     
 qv: -1.247251977698613E-007  2.225763184896223E-002
 tke:  0.000000000000000E+000   280.662926947016     
 tk:  0.000000000000000E+000   418.824938777390     
 tkh:  0.000000000000000E+000   418.824938777390     
 qcl:  0.000000000000000E+000  3.492462217490644E-003
 qci:  0.000000000000000E+000  2.147835727778841E-002
 qpl:  0.000000000000000E+000  1.912547341508526E-002
 qpi:  0.000000000000000E+000  0.000000000000000E+000
 qrad(K/day):  -154.029478489108        260.783391048156     
 shf:   7.20109798411011        216.115955811745     
 lhf:   42.0064116452695        411.817690446224     
 uw: -0.295369202012760       0.278108290777441     
 vw: -0.229056078334794       0.203617329278009     
 sst:   303.150000000000        303.150000000000     
 ===========================
 total water budget:
 before (mm):         53.40030294238
 after (mm):          53.40060421713
 evaporation (mm):     0.00072284701
 precipitation (mm):   0.00042157552
 large-scale (mm):     0.00000000000
 Imbalance (mm)       0.00000000326
 evap (mm/day):   2.08179938598281     
 prec (mm/day):   1.21413749628581     
 ls (mm/day):  0.000000000000000E+000
 imbalance (mm/day)  9.394520976771514E-006
  imbalance (rel error):  6.108522667222177E-011
 ===========================
NSTEP =        117   NCYCLE= 29  CFL_adv= 0.464  CFL_sgs= 0.021
NSTEP =        118   NCYCLE= 28  CFL_adv= 0.472  CFL_sgs= 0.024
NSTEP =        119   NCYCLE= 27  CFL_adv= 0.475  CFL_sgs= 0.024
 Collecting statistics...
 name QCSTRG is missing in "lst" file.
 Writting statistics:nstatsteps=          15
 --------------- ISCCP Simulator Diagnostics: -----------------
 ISCCP PDF:
            0.0       0.3       1.3       3.6       9.4      23.0      60.0
    0.     0.010     0.001     0.001     0.001     0.001     0.004     0.018
  180.     0.000     0.000     0.000     0.000     0.000     0.000     0.000
  310.     0.000     0.000     0.000     0.000     0.000     0.000     0.000
  440.     0.000     0.000     0.000     0.000     0.000     0.000     0.000
  560.     0.000     0.000     0.000     0.000     0.000     0.000     0.000
  680.     0.000     0.000     0.000     0.000     0.000     0.000     0.000
  800.     0.000     0.000     0.000     0.000     0.000     0.000     0.000
 low cld area (tau > 0.3)=  2.441406250000000E-005
 mid cld area (tau > 0.3)=  2.441406250000000E-005
 hgh cld area (tau > 0.3)=  2.549031575520833E-002
 total cld area (tau > 0.3)=  2.553914388020833E-002
 mean albedo cld (tau > 0.3)   0.829695528310210     
 mean tau cld (tau > 0.3)    50.1157671704296     
 mean top pressure (tau > 0.3)   97.3432329380587     
 mean brightness temp (tau > 0.3)   244.227986113889     
 mean clearsky brightness temp (tau > 0.3)   296.794281968772     
 --------------- MODIS Simulator Diagnostics: -----------------
 MODIS PDF:
                      0.3       1.3       3.6       9.4      23.0      60.0
    0.               0.001     0.001     0.001     0.001     0.004     0.018
  180.               0.000     0.000     0.000     0.000     0.000     0.000
  310.               0.000     0.000     0.000     0.000     0.000     0.000
  440.               0.000     0.000     0.000     0.000     0.000     0.000
  560.               0.000     0.000     0.000     0.000     0.000     0.000
  680.               0.000     0.000     0.000     0.000     0.000     0.000
  800.               0.000     0.000     0.000     0.000     0.000     0.000
 low cld area =  2.441406250000000E-005
 mid cld area =  2.441406250000000E-005
 hgh cld area =  2.546895345052083E-002
 total cld area =  2.551778157552084E-002
 mean tau cld    319.579142923591     
 mean top pressure    101.116256752146     
 total cld area (liquid) =  4.475911458333333E-005
 total cld area (ice) =  2.546895345052083E-002
 mean tau (liquid) =  0.000000000000000E+000
 mean tau (ice) =   320.115447691220     
 mean lwp (g/m2) =  0.000000000000000E+000
 mean iwp (g/m2) =   7656.39492880892     
 mean reff (liquid)  =  0.000000000000000E+000
 mean reff (ice)  =   36.3693834090350     
 --------------- MISR Simulator Diagnostics: -----------------
 MISR PDF:
            0.0       0.3       1.3       3.6       9.4      23.0      60.0
 99.00     0.000     0.000     0.000     0.000     0.000     0.000     0.007
 17.00     0.000     0.000     0.001     0.001     0.001     0.004     0.011
 15.00     0.000     0.000     0.000     0.000     0.000     0.000     0.000
 13.00     0.000     0.000     0.000     0.000     0.000     0.000     0.000
 11.00     0.000     0.000     0.000     0.000     0.000     0.000     0.000
  9.00     0.000     0.000     0.000     0.000     0.000     0.000     0.000
  7.00     0.000     0.000     0.000     0.000     0.000     0.000     0.000
  5.00     0.000     0.000     0.000     0.000     0.000     0.000     0.000
  4.00     0.000     0.000     0.000     0.000     0.000     0.000     0.000
  3.00     0.000     0.000     0.000     0.000     0.000     0.000     0.000
  2.50     0.000     0.000     0.000     0.000     0.000     0.000     0.000
  2.00     0.000     0.000     0.000     0.000     0.000     0.000     0.000
  1.50     0.000     0.000     0.000     0.000     0.000     0.000     0.000
  1.00     0.000     0.000     0.000     0.000     0.000     0.000     0.000
  0.50     0.000     0.000     0.000     0.000     0.000     0.000     0.000
  0.00     0.000     0.000     0.000     0.000     0.000     0.000     0.000
 total cld area =  2.517801920572917E-002
 mean top height (m)   16546.9194126806     
 Writting history file 
 rcemip300sst_16_nCat6_MaxIce200                                                
  
 Writting 2D data. file:./OUT_2D/bubble_rcemip300sst_16_nCat6_MaxIce200_64.2Dbin
                                                                 
 Writting 3D data. file:./OUT_3D/bubble_rcemip300sst_16_nCat6_MaxIce200_64_00000
 00120.bin3D                                                     
NSTEP =        120   NCYCLE= 27  CFL_adv= 0.465  CFL_sgs= 0.022
 DAY =   4.166666666666666E-002
 NSTEP=         120
 div:  3.055673356809828E-017 -2.551177276975738E-017
 SST=   303.150000000000     
 surface pressure=   1014.80000000000     
 u:  -56.0989790854337        52.4444458608561     
 v:  -59.1887814934002        54.8253169182049     
 w:  -39.1387112711050        75.3774439660075     
 p:  -163.138006386414        171.220068945600     
 t:   271.472297184494        473.579118175209     
 tabs:   168.277816015698        300.750127447678     
 qv:  4.037239002903123E-117  2.229135330724330E-002
 tke:  0.000000000000000E+000   270.743603941978     
 tk:  0.000000000000000E+000   411.357207866516     
 tkh:  0.000000000000000E+000   411.357207866516     
 qcl:  0.000000000000000E+000  3.622928533880036E-003
 qci:  0.000000000000000E+000  2.244299953087250E-002
 qpl:  0.000000000000000E+000  1.902749640559227E-002
 qpi:  0.000000000000000E+000  0.000000000000000E+000
 qrad(K/day):  -154.029478489108        260.783391048156     
 shf:   7.50655878694781        267.890213726087     
 lhf:   45.9753238857294        391.102655585790     
 uw: -0.165174844163715       0.143188412438659     
 vw: -0.165433194625909       0.137445852960894     
 sst:   303.150000000000        303.150000000000     
 ===========================
 total water budget:
 before (mm):         53.40115227126
 after (mm):          53.40122499244
 evaporation (mm):     0.00072182947
 precipitation (mm):   0.00064911185
 large-scale (mm):     0.00000000000
 Imbalance (mm)       0.00000000355
 evap (mm/day):   2.07886888233539     
 prec (mm/day):   1.86944212945901     
 ls (mm/day):  0.000000000000000E+000
 imbalance (mm/day)  1.023714508600893E-005
  imbalance (rel error):  6.656328746047748E-011
 ===========================
CPU TIME =    1361.0635 OVER     0.50 MODEL HOURS
 Let's do some shortwave
 Range of zenith angles  0.732661695834013       0.732661695834013     
 Range of surface albedo (asdir)  3.383449086658900E-002  3.383449086658900E-002
 Range of surface albedo (aldir)  3.383449086658900E-002  3.383449086658900E-002
 Range of surface albedo (asdif)  6.000000000000000E-002  6.000000000000000E-002
 Range of surface albedo (aldif)  6.000000000000000E-002  6.000000000000000E-002
 radiation: perpetual sun, solin=   310.282739246450     
 longwave radiation is called
NSTEP =        121   NCYCLE= 26  CFL_adv= 0.474  CFL_sgs= 0.023
NSTEP =        122   NCYCLE= 25  CFL_adv= 0.476  CFL_sgs= 0.022
NSTEP =        123   NCYCLE= 26  CFL_adv= 0.464  CFL_sgs= 0.024
 Collecting statistics...
 name QCSTRG is missing in "lst" file.
NSTEP =        124   NCYCLE= 25  CFL_adv= 0.461  CFL_sgs= 0.024
 DAY =   4.305555555555556E-002
 NSTEP=         124
 div:  3.524106089981669E-017 -2.749536095459934E-017
 SST=   303.150000000000     
 surface pressure=   1014.80000000000     
 u:  -62.0132247226698        57.2762232652702     
 v:  -62.0757210705209        62.8546218764825     
 w:  -37.9525867333941        67.9101394650735     
 p:  -143.487594136711        234.255380505849     
 t:   272.673220479054        473.559266692160     
 tabs:   166.660700256802        300.751553451718     
 qv:  1.115718801819985E-115  2.224683563227063E-002
 tke:  0.000000000000000E+000   265.996370738871     
 tk:  0.000000000000000E+000   407.734879194550     
 tkh:  0.000000000000000E+000   407.734879194550     
 qcl:  0.000000000000000E+000  5.513250848165493E-003
 qci:  0.000000000000000E+000  2.120147097944403E-002
 qpl:  0.000000000000000E+000  1.891155758988520E-002
 qpi:  0.000000000000000E+000  0.000000000000000E+000
 qrad(K/day):  -142.012822312829        250.965643607539     
 shf:   6.77428084313270        483.759032124316     
 lhf:   38.9962654118089        521.235352135600     
 uw: -0.259649811484280       0.257721059373685     
 vw: -0.257184365534675       0.262670951013473     
 sst:   303.150000000000        303.150000000000     
 ===========================
 total water budget:
 before (mm):         53.40123904312
 after (mm):          53.40121369378
 evaporation (mm):     0.00072174300
 precipitation (mm):   0.00074710208
 large-scale (mm):     0.00000000000
 Imbalance (mm)       0.00000000975
 evap (mm/day):   2.07861983284268     
 prec (mm/day):   2.15165398059950     
 ls (mm/day):  0.000000000000000E+000
 imbalance (mm/day)  2.806621826851457E-005
  imbalance (rel error):  1.824905042251821E-010
 ===========================
NSTEP =        125   NCYCLE= 23  CFL_adv= 0.474  CFL_sgs= 0.026
NSTEP =        126   NCYCLE= 23  CFL_adv= 0.472  CFL_sgs= 0.027
 Let's do some shortwave
 Range of zenith angles  0.732661695834013       0.732661695834013     
 Range of surface albedo (asdir)  3.383449086658900E-002  3.383449086658900E-002
 Range of surface albedo (aldir)  3.383449086658900E-002  3.383449086658900E-002
 Range of surface albedo (asdif)  6.000000000000000E-002  6.000000000000000E-002
 Range of surface albedo (aldif)  6.000000000000000E-002  6.000000000000000E-002
 radiation: perpetual sun, solin=   310.282739233849     
 longwave radiation is called
NSTEP =        127   NCYCLE= 22  CFL_adv= 0.470  CFL_sgs= 0.024
 Collecting statistics...
 name QCSTRG is missing in "lst" file.
NSTEP =        128   NCYCLE= 22  CFL_adv= 0.478  CFL_sgs= 0.024
 DAY =   4.444444444444445E-002
 NSTEP=         128
 div:  4.345850741296233E-017 -3.294905970799557E-017
 SST=   303.150000000000     
 surface pressure=   1014.80000000000     
 u:  -58.5744055693826        53.5962252688586     
 v:  -70.6803578322385        57.0741927561497     
 w:  -30.4796212121242        68.2454352964547     
 p:  -175.178919743069        250.066205829517     
 t:   273.485393757175        473.569381561187     
 tabs:   166.991283995675        300.764577306845     
 qv:  1.125023831963055E-114  2.200777889547055E-002
 tke:  0.000000000000000E+000   209.224180412972     
 tk:  0.000000000000000E+000   361.614591461832     
 tkh:  0.000000000000000E+000   361.614591461832     
 qcl:  0.000000000000000E+000  3.927432657175003E-003
 qci:  0.000000000000000E+000  2.055147534188077E-002
 qpl:  0.000000000000000E+000  1.944597761618135E-002
 qpi:  0.000000000000000E+000  0.000000000000000E+000
 qrad(K/day):  -143.292631303738        242.589616633338     
 shf:   7.46535421789368        543.891789064626     
 lhf:   45.4864186051623        682.436448016676     
 uw: -0.413801562890053       0.382684529256879     
 vw: -0.389403698708682       0.407693540588629     
 sst:   303.150000000000        303.150000000000     
 ===========================
 total water budget:
 before (mm):         53.40111587748
 after (mm):          53.40107003126
 evaporation (mm):     0.00072161716
 precipitation (mm):   0.00076748093
 large-scale (mm):     0.00000000000
 Imbalance (mm)       0.00000001754
 evap (mm/day):   2.07825742940454     
 prec (mm/day):   2.21034507272404     
 ls (mm/day):  0.000000000000000E+000
 imbalance (mm/day)  5.050369766203266E-005
  imbalance (rel error):  3.283829867408417E-010
 ===========================
NSTEP =        129   NCYCLE= 23  CFL_adv= 0.469  CFL_sgs= 0.023
NSTEP =        130   NCYCLE= 24  CFL_adv= 0.466  CFL_sgs= 0.020
NSTEP =        131   NCYCLE= 24  CFL_adv= 0.461  CFL_sgs= 0.021
 Collecting statistics...
 name QCSTRG is missing in "lst" file.
NSTEP =        132   NCYCLE= 24  CFL_adv= 0.461  CFL_sgs= 0.019
 DAY =   4.583333333333333E-002
 NSTEP=         132
 div:  3.149418354865096E-017 -2.831914955798600E-017
 SST=   303.150000000000     
 surface pressure=   1014.80000000000     
 u:  -61.0926424505310        66.9542221733399     
 v:  -66.1382138226368        61.6420861213768     
 w:  -43.0986745807885        74.7231631784413     
 p:  -244.115957788870        185.410270040806     
 t:   270.901217284967        473.510944703443     
 tabs:   171.571961060144        300.742386709678     
 qv:  2.726404503272329E-113  2.199719066873773E-002
 tke:  0.000000000000000E+000   139.165899410628     
 tk:  0.000000000000000E+000   294.921493166644     
 tkh:  0.000000000000000E+000   294.921493166644     
 qcl:  0.000000000000000E+000  3.734496346242269E-003
 qci:  0.000000000000000E+000  2.204056158156170E-002
 qpl:  0.000000000000000E+000  1.957606046414466E-002
 qpi:  0.000000000000000E+000  0.000000000000000E+000
 qrad(K/day):  -143.292631303738        242.589616633338     
 shf:   6.77581821627630        630.271043633856     
 lhf:   39.2117518383526        733.602005189442     
 uw: -0.577868142653912       0.499208421734122     
 vw: -0.509320633169777       0.508172963574575     
 sst:   303.150000000000        303.150000000000     
 ===========================
 total water budget:
 before (mm):         53.40090200756
 after (mm):          53.40085493343
 evaporation (mm):     0.00072105775
 precipitation (mm):   0.00076813684
 large-scale (mm):     0.00000000000
 Imbalance (mm)       0.00000000495
 evap (mm/day):   2.07664633080473     
 prec (mm/day):   2.21223408641086     
 ls (mm/day):  0.000000000000000E+000
 imbalance (mm/day)  1.424169840308354E-005
  imbalance (rel error):  9.260219497500706E-011
 ===========================
 Let's do some shortwave
 Range of zenith angles  0.732661695834013       0.732661695834013     
 Range of surface albedo (asdir)  3.383449086658900E-002  3.383449086658900E-002
 Range of surface albedo (aldir)  3.383449086658900E-002  3.383449086658900E-002
 Range of surface albedo (asdif)  6.000000000000000E-002  6.000000000000000E-002
 Range of surface albedo (aldif)  6.000000000000000E-002  6.000000000000000E-002
 radiation: perpetual sun, solin=   310.282739222251     
 longwave radiation is called
NSTEP =        133   NCYCLE= 24  CFL_adv= 0.463  CFL_sgs= 0.018
NSTEP =        134   NCYCLE= 25  CFL_adv= 0.475  CFL_sgs= 0.021
NSTEP =        135   NCYCLE= 26  CFL_adv= 0.463  CFL_sgs= 0.018
 Collecting statistics...
 name QCSTRG is missing in "lst" file.
NSTEP =        136   NCYCLE= 26  CFL_adv= 0.461  CFL_sgs= 0.020
 DAY =   4.722222222222222E-002
 NSTEP=         136
 div:  2.661829005760877E-017 -3.124377801291479E-017
 SST=   303.150000000000     
 surface pressure=   1014.80000000000     
 u:  -68.7980276011941        68.4016604462032     
 v:  -70.3034323741102        59.8220367087932     
 w:  -45.9136888505016        70.1087548725288     
 p:  -287.783774570432        217.356646410211     
 t:   267.782834293617        473.528306824452     
 tabs:   173.991290514561        301.319198814444     
 qv:  1.061691384081857E-110  2.195947294174792E-002
 tke:  0.000000000000000E+000   206.985337198966     
 tk:  0.000000000000000E+000   359.674624833826     
 tkh:  0.000000000000000E+000   359.674624833826     
 qcl:  0.000000000000000E+000  3.630114788037290E-003
 qci:  0.000000000000000E+000  2.586611051098977E-002
 qpl:  0.000000000000000E+000  1.965136760147721E-002
 qpi:  0.000000000000000E+000  0.000000000000000E+000
 qrad(K/day):  -150.284532758541        227.344239843482     
 shf:   6.74437983519841        509.184574127848     
 lhf:   39.5985205062824        731.823798459691     
 uw: -0.878350619862245       0.898038566745875     
 vw: -0.872443012528362       0.889349734811106     
 sst:   303.150000000000        303.150000000000     
 ===========================
 total water budget:
 before (mm):         53.40076184822
 after (mm):          53.40072472675
 evaporation (mm):     0.00072034519
 precipitation (mm):   0.00075746869
 large-scale (mm):     0.00000000000
 Imbalance (mm)       0.00000000203
 evap (mm/day):   2.07459415120503     
 prec (mm/day):   2.18150983301591     
 ls (mm/day):  0.000000000000000E+000
 imbalance (mm/day)  5.843787819273527E-006
  imbalance (rel error):  3.799755342072336E-011
 ===========================
NSTEP =        137   NCYCLE= 25  CFL_adv= 0.463  CFL_sgs= 0.021
NSTEP =        138   NCYCLE= 23  CFL_adv= 0.475  CFL_sgs= 0.027
 Let's do some shortwave
 Range of zenith angles  0.732661695834013       0.732661695834013     
 Range of surface albedo (asdir)  3.383449086658900E-002  3.383449086658900E-002
 Range of surface albedo (aldir)  3.383449086658900E-002  3.383449086658900E-002
 Range of surface albedo (asdif)  6.000000000000000E-002  6.000000000000000E-002
 Range of surface albedo (aldif)  6.000000000000000E-002  6.000000000000000E-002
 radiation: perpetual sun, solin=   310.282739205921     
 longwave radiation is called
NSTEP =        139   NCYCLE= 23  CFL_adv= 0.478  CFL_sgs= 0.023
 Collecting statistics...
 name QCSTRG is missing in "lst" file.
NSTEP =        140   NCYCLE= 23  CFL_adv= 0.478  CFL_sgs= 0.022
 DAY =   4.861111111111111E-002
 NSTEP=         140
 div:  4.113620072401765E-017 -3.474164706560826E-017
 SST=   303.150000000000     
 surface pressure=   1014.80000000000     
 u:  -71.0158762033631        62.9611075428313     
 v:  -62.1560137675553        73.0384893663895     
 w:  -52.2388950522393        64.9809044812400     
 p:  -240.686247230742        278.006438531783     
 t:   268.674166096934        473.455503304591     
 tabs:   175.027444093896        301.340733682659     
 qv:  2.375604480810729E-103  2.176981495355722E-002
 tke:  0.000000000000000E+000   191.298413481233     
 tk:  0.000000000000000E+000   345.776674207169     
 tkh:  0.000000000000000E+000   345.776674207169     
 qcl:  0.000000000000000E+000  4.152455959486585E-003
 qci:  0.000000000000000E+000  2.645291187993938E-002
 qpl:  0.000000000000000E+000  2.022639799231205E-002
 qpi:  0.000000000000000E+000  0.000000000000000E+000
 qrad(K/day):  -146.208939993629        225.538290312376     
 shf:   6.76480657730382        546.521610568023     
 lhf:   41.0565554994084        636.951577215460     
 uw: -0.759384940367536       0.859527057788733     
 vw: -0.804437338500880       0.685431770990188     
 sst:   303.150000000000        303.150000000000     
 ===========================
 total water budget:
 before (mm):         53.40042393745
 after (mm):          53.40023400257
 evaporation (mm):     0.00071919696
 precipitation (mm):   0.00090913736
 large-scale (mm):     0.00000000000
 Imbalance (mm)       0.00000000552
 evap (mm/day):   2.07128724800832     
 prec (mm/day):   2.61831560139057     
 ls (mm/day):  0.000000000000000E+000
 imbalance (mm/day)  1.590422648172635E-005
  imbalance (rel error):  1.034134534864630E-010
 ===========================
NSTEP =        141   NCYCLE= 23  CFL_adv= 0.473  CFL_sgs= 0.022
NSTEP =        142   NCYCLE= 22  CFL_adv= 0.468  CFL_sgs= 0.024
NSTEP =        143   NCYCLE= 21  CFL_adv= 0.469  CFL_sgs= 0.025
 Collecting statistics...
 name QCSTRG is missing in "lst" file.
NSTEP =        144   NCYCLE= 20  CFL_adv= 0.479  CFL_sgs= 0.024
 DAY =   5.000000000000000E-002
 NSTEP=         144
 div:  3.158503900083602E-017 -3.271002698985129E-017
 SST=   303.150000000000     
 surface pressure=   1014.80000000000     
 u:  -76.5129288573537        66.9686562268867     
 v:  -57.8022282811896        62.6262787754337     
 w:  -44.6495272194510        62.7654030923996     
 p:  -169.984469046852        239.613787871296     
 t:   267.096287735947        473.471282766430     
 tabs:   174.490856611291        301.367344871407     
 qv:  6.294933525532402E-093  2.169562868068931E-002
 tke:  0.000000000000000E+000   188.261815647818     
 tk:  0.000000000000000E+000   343.021332834980     
 tkh:  0.000000000000000E+000   343.021332834980     
 qcl:  0.000000000000000E+000  4.011847019114822E-003
 qci:  0.000000000000000E+000  2.297751765270428E-002
 qpl:  0.000000000000000E+000  2.006869330520356E-002
 qpi:  0.000000000000000E+000  0.000000000000000E+000
 qrad(K/day):  -146.208939993629        225.538290312376     
 shf:   6.75957978087508        617.993081194644     
 lhf:   41.7401387619192        726.166189139118     
 uw: -0.659730018746801       0.694409555952708     
 vw: -0.797737914011549       0.680049588673323     
 sst:   303.150000000000        303.150000000000     
 ===========================
 total water budget:
 before (mm):         53.39949462410
 after (mm):          53.39925388385
 evaporation (mm):     0.00071779091
 precipitation (mm):   0.00095853996
 large-scale (mm):     0.00000000000
 Imbalance (mm)       0.00000000881
 evap (mm/day):   2.06723780822003     
 prec (mm/day):   2.76059507743305     
 ls (mm/day):  0.000000000000000E+000
 imbalance (mm/day)  2.536325176383248E-005
  imbalance (rel error):  1.649215353160942E-010
 ===========================
 Let's do some shortwave
 Range of zenith angles  0.732661695834013       0.732661695834013     
 Range of surface albedo (asdir)  3.383449086658900E-002  3.383449086658900E-002
 Range of surface albedo (aldir)  3.383449086658900E-002  3.383449086658900E-002
 Range of surface albedo (asdif)  6.000000000000000E-002  6.000000000000000E-002
 Range of surface albedo (aldif)  6.000000000000000E-002  6.000000000000000E-002
 radiation: perpetual sun, solin=   310.282739181430     
 longwave radiation is called
NSTEP =        145   NCYCLE= 21  CFL_adv= 0.472  CFL_sgs= 0.024
NSTEP =        146   NCYCLE= 22  CFL_adv= 0.458  CFL_sgs= 0.022
NSTEP =        147   NCYCLE= 20  CFL_adv= 0.463  CFL_sgs= 0.031
 Collecting statistics...
 name QCSTRG is missing in "lst" file.
NSTEP =        148   NCYCLE= 20  CFL_adv= 0.473  CFL_sgs= 0.024
 DAY =   5.138888888888889E-002
 NSTEP=         148
 div:  3.736931080374471E-017 -4.250177817179732E-017
 SST=   303.150000000000     
 surface pressure=   1014.80000000000     
 u:  -51.1229143318848        68.6018546730761     
 v:  -56.9652306160729        50.6721167377577     
 w:  -44.0265968750354        59.1622816142666     
 p:  -150.896094489933        269.525367709078     
 t:   267.007845040286        473.435880413395     
 tabs:   172.832013551992        300.764588181784     
 qv:  2.415686456633646E-088  2.163400765574909E-002
 tke:  0.000000000000000E+000   195.168388947715     
 tk:  0.000000000000000E+000   349.256700855290     
 tkh:  0.000000000000000E+000   349.256700855290     
 qcl:  0.000000000000000E+000  4.286296149655160E-003
 qci:  0.000000000000000E+000  2.462667162709480E-002
 qpl:  0.000000000000000E+000  2.025171981591871E-002
 qpi:  0.000000000000000E+000  0.000000000000000E+000
 qrad(K/day):  -144.740425261695        241.683750672516     
 shf:   6.83281651647524        578.491074963699     
 lhf:   42.0989752513804        704.951300708946     
 uw: -0.754895416543937       0.994990211968294     
 vw: -0.799443299867549       0.766056589983026     
 sst:   303.150000000000        303.150000000000     
 ===========================
 total water budget:
 before (mm):         53.39869778459
 after (mm):          53.39856494118
 evaporation (mm):     0.00071673047
 precipitation (mm):   0.00084958060
 large-scale (mm):     0.00000000000
 Imbalance (mm)       0.00000000671
 evap (mm/day):   2.06418375529587     
 prec (mm/day):   2.44679212843056     
 ls (mm/day):  0.000000000000000E+000
 imbalance (mm/day)  1.933676098617165E-005
  imbalance (rel error):  1.257365773161865E-010
 ===========================
NSTEP =        149   NCYCLE= 20  CFL_adv= 0.470  CFL_sgs= 0.025
NSTEP =        150   NCYCLE= 21  CFL_adv= 0.459  CFL_sgs= 0.025
 Let's do some shortwave
 Range of zenith angles  0.732661695834013       0.732661695834013     
 Range of surface albedo (asdir)  3.383449086658900E-002  3.383449086658900E-002
 Range of surface albedo (aldir)  3.383449086658900E-002  3.383449086658900E-002
 Range of surface albedo (asdif)  6.000000000000000E-002  6.000000000000000E-002
 Range of surface albedo (aldif)  6.000000000000000E-002  6.000000000000000E-002
 radiation: perpetual sun, solin=   310.282739147937     
 longwave radiation is called
NSTEP =        151   NCYCLE= 20  CFL_adv= 0.462  CFL_sgs= 0.025
 Collecting statistics...
 name QCSTRG is missing in "lst" file.
NSTEP =        152   NCYCLE= 20  CFL_adv= 0.466  CFL_sgs= 0.027
 DAY =   5.277777777777778E-002
 NSTEP=         152
 div:  2.744840497821467E-017 -3.922781225095985E-017
 SST=   303.150000000000     
 surface pressure=   1014.80000000000     
 u:  -57.7955361878022        58.4565102130402     
 v:  -71.6955082526230        57.1315741276912     
 w:  -36.2551465112334        60.0207261186121     
 p:  -141.810527999924        236.494428763614     
 t:   267.271421811014        473.470273920315     
 tabs:   173.854661825098        300.735462016170     
 qv:  6.843322233107708E-085  2.159305286893747E-002
 tke:  0.000000000000000E+000   232.732828503862     
 tk:  0.000000000000000E+000   381.389587973916     
 tkh:  0.000000000000000E+000   381.389587973916     
 qcl:  0.000000000000000E+000  4.141490384317822E-003
 qci:  0.000000000000000E+000  2.487418300823810E-002
 qpl:  0.000000000000000E+000  2.010841446932082E-002
 qpi:  0.000000000000000E+000  0.000000000000000E+000
 qrad(K/day):  -135.966283173822        234.916130436333     
 shf:   6.69715104172325        619.718857454694     
 lhf:   42.4697886878209        777.097885559384     
 uw: -0.695734659218475       0.725867871690582     
 vw: -0.770292213403486       0.689354168728045     
 sst:   303.150000000000        303.150000000000     
 ===========================
 total water budget:
 before (mm):         53.39830678931
 after (mm):          53.39827180694
 evaporation (mm):     0.00071612940
 precipitation (mm):   0.00075113127
 large-scale (mm):     0.00000000000
 Imbalance (mm)       0.00000001949
 evap (mm/day):   2.06245268496975     
 prec (mm/day):   2.16325805545691     
 ls (mm/day):  0.000000000000000E+000
 imbalance (mm/day)  5.613996599970750E-005
  imbalance (rel error):  3.650500842831489E-010
 ===========================
NSTEP =        153   NCYCLE= 22  CFL_adv= 0.458  CFL_sgs= 0.025
NSTEP =        154   NCYCLE= 20  CFL_adv= 0.477  CFL_sgs= 0.025
NSTEP =        155   NCYCLE= 21  CFL_adv= 0.459  CFL_sgs= 0.027
 Collecting statistics...
 name QCSTRG is missing in "lst" file.
NSTEP =        156   NCYCLE= 22  CFL_adv= 0.462  CFL_sgs= 0.020
 DAY =   5.416666666666667E-002
 NSTEP=         156
 div:  3.328850250150098E-017 -3.636186516029202E-017
 SST=   303.150000000000     
 surface pressure=   1014.80000000000     
 u:  -63.3950844393060        56.6058994608325     
 v:  -63.9808699048613        66.4875750015171     
 w:  -41.9588107186775        64.4039654005935     
 p:  -208.301145318732        263.388975770684     
 t:   268.738213948866        473.490028625300     
 tabs:   175.882545448968        300.737643040442     
 qv:  8.020639102416537E-082  2.152359051789805E-002
 tke:  0.000000000000000E+000   225.182870679016     
 tk:  0.000000000000000E+000   375.152361280567     
 tkh:  0.000000000000000E+000   375.152361280567     
 qcl:  0.000000000000000E+000  5.162413289668741E-003
 qci:  0.000000000000000E+000  2.446955477230751E-002
 qpl:  0.000000000000000E+000  2.016859413785987E-002
 qpi:  0.000000000000000E+000  0.000000000000000E+000
 qrad(K/day):  -135.966283173822        234.916130436333     
 shf:   6.68720696248551        589.870325312241     
 lhf:   43.0692885753655        833.818207644714     
 uw: -0.762011377506863       0.728895279023008     
 vw: -0.606198811322194       0.704220086168696     
 sst:   303.150000000000        303.150000000000     
 ===========================
 total water budget:
 before (mm):         53.39835463628
 after (mm):          53.39843972533
 evaporation (mm):     0.00071496028
 precipitation (mm):   0.00062988397
 large-scale (mm):     0.00000000000
 Imbalance (mm)       0.00000001273
 evap (mm/day):   2.05908561315638     
 prec (mm/day):   1.81406582814417     
 ls (mm/day):  0.000000000000000E+000
 imbalance (mm/day)  3.667615273452579E-005
  imbalance (rel error):  2.384858677788844E-010
 ===========================
 Let's do some shortwave
 Range of zenith angles  0.732661695834013       0.732661695834013     
 Range of surface albedo (asdir)  3.383449086658900E-002  3.383449086658900E-002
 Range of surface albedo (aldir)  3.383449086658900E-002  3.383449086658900E-002
 Range of surface albedo (asdif)  6.000000000000000E-002  6.000000000000000E-002
 Range of surface albedo (aldif)  6.000000000000000E-002  6.000000000000000E-002
 radiation: perpetual sun, solin=   310.282739105651     
 longwave radiation is called
NSTEP =        157   NCYCLE= 22  CFL_adv= 0.470  CFL_sgs= 0.025
NSTEP =        158   NCYCLE= 22  CFL_adv= 0.461  CFL_sgs= 0.020
NSTEP =        159   NCYCLE= 22  CFL_adv= 0.458  CFL_sgs= 0.021
 Collecting statistics...
 name QCSTRG is missing in "lst" file.
NSTEP =        160   NCYCLE= 22  CFL_adv= 0.477  CFL_sgs= 0.022
 DAY =   5.555555555555555E-002
 NSTEP=         160
 div:  3.015756260552334E-017 -4.233342352981681E-017
 SST=   303.150000000000     
 surface pressure=   1014.80000000000     
 u:  -60.2964460654342        56.9198339218735     
 v:  -62.4229777309481        62.9350706521233     
 w:  -43.2645640537602        65.8831573771427     
 p:  -221.200098482872        251.233233915636     
 t:   270.532924539497        473.515541554890     
 tabs:   175.297106234490        300.744051921142     
 qv:  5.269876479006310E-079  2.142295156254525E-002
 tke:  0.000000000000000E+000   194.428483131877     
 tk:  0.000000000000000E+000   348.594036032493     
 tkh:  0.000000000000000E+000   348.594036032493     
 qcl:  0.000000000000000E+000  3.635884951656693E-003
 qci:  0.000000000000000E+000  2.181136873176496E-002
 qpl:  0.000000000000000E+000  1.950413821774051E-002
 qpi:  0.000000000000000E+000  0.000000000000000E+000
 qrad(K/day):  -133.885029034334        227.509254475737     
 shf:   6.68732226932632        487.450568239654     
 lhf:   44.0095852965647        804.582703440739     
 uw: -0.754099366646183       0.694061610769520     
 vw: -0.590760468552823       0.693939137567484     
 sst:   303.150000000000        303.150000000000     
 ===========================
 total water budget:
 before (mm):         53.39873804278
 after (mm):          53.39874712755
 evaporation (mm):     0.00071247852
 precipitation (mm):   0.00070339780
 large-scale (mm):     0.00000000000
 Imbalance (mm)       0.00000000405
 evap (mm/day):   2.05193813938610     
 prec (mm/day):   2.02578565081596     
 ls (mm/day):  0.000000000000000E+000
 imbalance (mm/day)  1.166120395777043E-005
  imbalance (rel error):  7.582626929536913E-011
 ===========================
NSTEP =        161   NCYCLE= 23  CFL_adv= 0.476  CFL_sgs= 0.022
NSTEP =        162   NCYCLE= 22  CFL_adv= 0.464  CFL_sgs= 0.021
 Let's do some shortwave
 Range of zenith angles  0.732661695834013       0.732661695834013     
 Range of surface albedo (asdir)  3.383449086658900E-002  3.383449086658900E-002
 Range of surface albedo (aldir)  3.383449086658900E-002  3.383449086658900E-002
 Range of surface albedo (asdif)  6.000000000000000E-002  6.000000000000000E-002
 Range of surface albedo (aldif)  6.000000000000000E-002  6.000000000000000E-002
 radiation: perpetual sun, solin=   310.282739056576     
 longwave radiation is called
NSTEP =        163   NCYCLE= 21  CFL_adv= 0.479  CFL_sgs= 0.021
 Collecting statistics...
 name QCSTRG is missing in "lst" file.
NSTEP =        164   NCYCLE= 21  CFL_adv= 0.464  CFL_sgs= 0.024
 DAY =   5.694444444444444E-002
 NSTEP=         164
 div:  3.497876858141290E-017 -4.161461717708394E-017
 SST=   303.150000000000     
 surface pressure=   1014.80000000000     
 u:  -57.6159380246303        58.8175349683000     
 v:  -50.9904161684883        65.6746146747412     
 w:  -41.9897253036066        57.9008736855267     
 p:  -213.158650507408        253.084626605393     
 t:   270.692413141845        473.500363602908     
 tabs:   177.607227623784        300.756430631990     
 qv:  1.806075987711835E-076  2.139886567046971E-002
 tke:  0.000000000000000E+000   251.201973867754     
 tk:  0.000000000000000E+000   396.233811867875     
 tkh:  0.000000000000000E+000   396.233811867875     
 qcl:  0.000000000000000E+000  3.324040271767331E-003
 qci:  0.000000000000000E+000  2.238497239138543E-002
 qpl:  0.000000000000000E+000  1.898501958776279E-002
 qpi:  0.000000000000000E+000  0.000000000000000E+000
 qrad(K/day):  -121.884701260612        203.442812447004     
 shf:   6.65679272910479        608.395252884574     
 lhf:   44.2501797343898        835.801932336796     
 uw: -0.792955984617287       0.497137752947290     
 vw: -0.772270057604049       0.661020274125703     
 sst:   303.150000000000        303.150000000000     
 ===========================
 total water budget:
 before (mm):         53.39827897940
 after (mm):          53.39799001086
 evaporation (mm):     0.00070855210
 precipitation (mm):   0.00099752248
 large-scale (mm):     0.00000000000
 Imbalance (mm)       0.00000000184
 evap (mm/day):   2.04063004237149     
 prec (mm/day):   2.87286474348700     
 ls (mm/day):  0.000000000000000E+000
 imbalance (mm/day)  5.292149747176956E-006
  imbalance (rel error):  3.441232112726018E-011
 ===========================
NSTEP =        165   NCYCLE= 20  CFL_adv= 0.465  CFL_sgs= 0.029
NSTEP =        166   NCYCLE= 19  CFL_adv= 0.460  CFL_sgs= 0.030
NSTEP =        167   NCYCLE= 18  CFL_adv= 0.478  CFL_sgs= 0.030
 Collecting statistics...
 name QCSTRG is missing in "lst" file.
NSTEP =        168   NCYCLE= 18  CFL_adv= 0.475  CFL_sgs= 0.029
 DAY =   5.833333333333333E-002
 NSTEP=         168
 div:  5.480058805756692E-017 -5.685333307644239E-017
 SST=   303.150000000000     
 surface pressure=   1014.80000000000     
 u:  -46.1963576320696        42.8954197566587     
 v:  -33.1374847154777        42.6726222930036     
 w:  -41.8619029602115        53.3046825797729     
 p:  -194.871786740778        241.419914625727     
 t:   267.914815350555        473.525365234279     
 tabs:   181.863070671836        300.770971841662     
 qv:  9.714299055584499E-073  2.140828313922183E-002
 tke:  0.000000000000000E+000   182.252802203713     
 tk:  0.000000000000000E+000   337.502594623094     
 tkh:  0.000000000000000E+000   337.502594623094     
 qcl:  0.000000000000000E+000  2.899116822704798E-003
 qci:  0.000000000000000E+000  1.787766948019682E-002
 qpl:  0.000000000000000E+000  1.840135844583511E-002
 qpi:  0.000000000000000E+000  0.000000000000000E+000
 qrad(K/day):  -121.884701260612        203.442812447004     
 shf:   6.67812149556504        601.741977591813     
 lhf:   45.3639166788054        678.801497907261     
 uw: -0.587636261398998       0.593232012499627     
 vw: -0.537741831940975       0.459812515110649     
 sst:   303.150000000000        303.150000000000     
 ===========================
 total water budget:
 before (mm):         53.39686398589
 after (mm):          53.39648387787
 evaporation (mm):     0.00070348261
 precipitation (mm):   0.00108359946
 large-scale (mm):     0.00000000000
 Imbalance (mm)       0.00000000883
 evap (mm/day):   2.02602990807922     
 prec (mm/day):   3.12076643473166     
 ls (mm/day):  0.000000000000000E+000
 imbalance (mm/day)  2.543350362878282E-005
  imbalance (rel error):  1.653869173778485E-010
 ===========================
 Let's do some shortwave
 Range of zenith angles  0.732661695834013       0.732661695834013     
 Range of surface albedo (asdir)  3.383449086658900E-002  3.383449086658900E-002
 Range of surface albedo (aldir)  3.383449086658900E-002  3.383449086658900E-002
 Range of surface albedo (asdif)  6.000000000000000E-002  6.000000000000000E-002
 Range of surface albedo (aldif)  6.000000000000000E-002  6.000000000000000E-002
 radiation: perpetual sun, solin=   310.282739006085     
 longwave radiation is called
NSTEP =        169   NCYCLE= 18  CFL_adv= 0.459  CFL_sgs= 0.027
NSTEP =        170   NCYCLE= 18  CFL_adv= 0.469  CFL_sgs= 0.022
NSTEP =        171   NCYCLE= 18  CFL_adv= 0.463  CFL_sgs= 0.022
 Collecting statistics...
 name QCSTRG is missing in "lst" file.
NSTEP =        172   NCYCLE= 17  CFL_adv= 0.467  CFL_sgs= 0.024
 DAY =   5.972222222222223E-002
 NSTEP=         172
 div:  5.277076775591560E-017 -7.475150337745193E-017
 SST=   303.150000000000     
 surface pressure=   1014.80000000000     
 u:  -31.9688649416335        37.4687802771080     
 v:  -35.0304169530871        40.1640113240361     
 w:  -27.9179667746964        48.8267739226936     
 p:  -138.722208749088        200.517010914574     
 t:   268.146764960866        473.626340127197     
 tabs:   183.754846923336        300.793216615287     
 qv:  1.667857740494919E-070  2.144307298218118E-002
 tke:  0.000000000000000E+000   112.243170985734     
 tk:  0.000000000000000E+000   264.862194104941     
 tkh:  0.000000000000000E+000   264.862194104941     
 qcl:  0.000000000000000E+000  3.155529743118980E-003
 qci:  0.000000000000000E+000  1.554998399980711E-002
 qpl:  0.000000000000000E+000  1.558384213926242E-002
 qpi:  0.000000000000000E+000  0.000000000000000E+000
 qrad(K/day):  -120.179432563815        211.222562152214     
 shf:   6.77034294075528        564.470963273091     
 lhf:   45.7356597976034        614.121438134422     
 uw: -0.464809733932419       0.587697309958591     
 vw: -0.441576810453515       0.427873912618302     
 sst:   303.150000000000        303.150000000000     
 ===========================
 total water budget:
 before (mm):         53.39550463427
 after (mm):          53.39523733149
 evaporation (mm):     0.00069854239
 precipitation (mm):   0.00096584874
 large-scale (mm):     0.00000000000
 Imbalance (mm)       0.00000000357
 evap (mm/day):   2.01180208207418     
 prec (mm/day):   2.78164437078311     
 ls (mm/day):  0.000000000000000E+000
 imbalance (mm/day)  1.028710962820006E-005
  imbalance (rel error):  6.689571433769089E-011
 ===========================
NSTEP =        173   NCYCLE= 17  CFL_adv= 0.458  CFL_sgs= 0.024
NSTEP =        174   NCYCLE= 17  CFL_adv= 0.457  CFL_sgs= 0.025
 Let's do some shortwave
 Range of zenith angles  0.732661695834013       0.732661695834013     
 Range of surface albedo (asdir)  3.383449086658900E-002  3.383449086658900E-002
 Range of surface albedo (aldir)  3.383449086658900E-002  3.383449086658900E-002
 Range of surface albedo (asdif)  6.000000000000000E-002  6.000000000000000E-002
 Range of surface albedo (aldif)  6.000000000000000E-002  6.000000000000000E-002
 radiation: perpetual sun, solin=   310.282738962230     
 longwave radiation is called
NSTEP =        175   NCYCLE= 16  CFL_adv= 0.457  CFL_sgs= 0.026
 Collecting statistics...
 name QCSTRG is missing in "lst" file.
NSTEP =        176   NCYCLE= 15  CFL_adv= 0.468  CFL_sgs= 0.029
 DAY =   6.111111111111111E-002
 NSTEP=         176
 div:  5.922621833154043E-017 -7.188834734016540E-017
 SST=   303.150000000000     
 surface pressure=   1014.80000000000     
 u:  -34.7543703661912        34.1447071890263     
 v:  -32.8162660314044        39.0926246881126     
 w:  -24.0326786987456        41.4539038848176     
 p:  -107.672173768508        200.399696055577     
 t:   269.906500587242        473.517710570368     
 tabs:   186.625115668109        300.782179009464     
 qv:  3.285865454431842E-070  2.138113188321429E-002
 tke:  0.000000000000000E+000   74.9609359833311     
 tk:  0.000000000000000E+000   216.449959550890     
 tkh:  0.000000000000000E+000   216.449959550890     
 qcl:  0.000000000000000E+000  2.598424665915731E-003
 qci:  0.000000000000000E+000  1.551602657262475E-002
 qpl:  0.000000000000000E+000  1.277967439107578E-002
 qpi:  0.000000000000000E+000  0.000000000000000E+000
 qrad(K/day):  -120.232474858947        202.259581280456     
 shf:   6.65886729664341        617.453166558076     
 lhf:   44.7819083256921        511.798019083052     
 uw: -0.366831007421127       0.580694571199439     
 vw: -0.498322039667806       0.350832411803491     
 sst:   303.150000000000        303.150000000000     
 ===========================
 total water budget:
 before (mm):         53.39463496843
 after (mm):          53.39449206266
 evaporation (mm):     0.00069499759
 precipitation (mm):   0.00083791924
 large-scale (mm):     0.00000000000
 Imbalance (mm)       0.00000001588
 evap (mm/day):   2.00159306324579     
 prec (mm/day):   2.41320741692336     
 ls (mm/day):  0.000000000000000E+000
 imbalance (mm/day)  4.573907107594671E-005
  imbalance (rel error):  2.974393854225852E-010
 ===========================
NSTEP =        177   NCYCLE= 15  CFL_adv= 0.455  CFL_sgs= 0.030
NSTEP =        178   NCYCLE= 14  CFL_adv= 0.470  CFL_sgs= 0.033
NSTEP =        179   NCYCLE= 14  CFL_adv= 0.476  CFL_sgs= 0.033
 Collecting statistics...
 name QCSTRG is missing in "lst" file.
 Writting statistics:nstatsteps=          15
 --------------- ISCCP Simulator Diagnostics: -----------------
 ISCCP PDF:
            0.0       0.3       1.3       3.6       9.4      23.0      60.0
    0.     0.011     0.003     0.004     0.007     0.011     0.016     0.035
  180.     0.000     0.000     0.000     0.000     0.000     0.000     0.000
  310.     0.000     0.000     0.000     0.000     0.000     0.000     0.000
  440.     0.000     0.000     0.000     0.000     0.000     0.000     0.000
  560.     0.000     0.000     0.000     0.000     0.000     0.000     0.000
  680.     0.000     0.000     0.000     0.000     0.000     0.000     0.000
  800.     0.000     0.000     0.000     0.000     0.000     0.000     0.000
 low cld area (tau > 0.3)=  0.000000000000000E+000
 mid cld area (tau > 0.3)=  0.000000000000000E+000
 hgh cld area (tau > 0.3)=  7.670326232910157E-002
 total cld area (tau > 0.3)=  7.670326232910157E-002
 mean albedo cld (tau > 0.3)   0.748887876556988     
 mean tau cld (tau > 0.3)    28.9617721921995     
 mean top pressure (tau > 0.3)   101.281438588381     
 mean brightness temp (tau > 0.3)   221.161447909654     
 mean clearsky brightness temp (tau > 0.3)   296.833412361023     
 --------------- MODIS Simulator Diagnostics: -----------------
 MODIS PDF:
                      0.3       1.3       3.6       9.4      23.0      60.0
    0.               0.003     0.004     0.007     0.011     0.016     0.035
  180.               0.000     0.000     0.000     0.000     0.000     0.000
  310.               0.000     0.000     0.000     0.000     0.000     0.000
  440.               0.000     0.000     0.000     0.000     0.000     0.000
  560.               0.000     0.000     0.000     0.000     0.000     0.000
  680.               0.000     0.000     0.000     0.000     0.000     0.000
  800.               0.000     0.000     0.000     0.000     0.000     0.000
 low cld area =  0.000000000000000E+000
 mid cld area =  0.000000000000000E+000
 hgh cld area =  7.666867574055991E-002
 total cld area =  7.666867574055991E-002
 mean tau cld    252.508400179009     
 mean top pressure    107.714380381784     
 total cld area (liquid) =  0.000000000000000E+000
 total cld area (ice) =  7.666867574055991E-002
 mean tau (liquid) =  -1.00000000000000     
 mean tau (ice) =   252.508400179010     
 mean lwp (g/m2) =  -1.00000000000000     
 mean iwp (g/m2) =   5504.59403148404     
 mean reff (liquid)  =  -1.00000000000000     
 mean reff (ice)  =   32.6622847083536     
 --------------- MISR Simulator Diagnostics: -----------------
 MISR PDF:
            0.0       0.3       1.3       3.6       9.4      23.0      60.0
 99.00     0.000     0.000     0.000     0.000     0.000     0.000     0.010
 17.00     0.000     0.000     0.003     0.007     0.011     0.016     0.025
 15.00     0.000     0.001     0.000     0.000     0.000     0.000     0.000
 13.00     0.000     0.001     0.000     0.000     0.000     0.000     0.000
 11.00     0.000     0.000     0.000     0.000     0.000     0.000     0.000
  9.00     0.000     0.000     0.000     0.000     0.000     0.000     0.000
  7.00     0.000     0.000     0.000     0.000     0.000     0.000     0.000
  5.00     0.000     0.000     0.000     0.000     0.000     0.000     0.000
  4.00     0.000     0.000     0.000     0.000     0.000     0.000     0.000
  3.00     0.000     0.000     0.000     0.000     0.000     0.000     0.000
  2.50     0.000     0.000     0.000     0.000     0.000     0.000     0.000
  2.00     0.000     0.000     0.000     0.000     0.000     0.000     0.000
  1.50     0.000     0.000     0.000     0.000     0.000     0.000     0.000
  1.00     0.000     0.000     0.000     0.000     0.000     0.000     0.000
  0.50     0.000     0.000     0.000     0.000     0.000     0.000     0.000
  0.00     0.001     0.001     0.000     0.000     0.000     0.000     0.000
 total cld area =  7.581100463867188E-002
 mean top height (m)   16063.8088519734     
 Writting history file 
 rcemip300sst_16_nCat6_MaxIce200                                                
  
NSTEP =        180   NCYCLE= 15  CFL_adv= 0.467  CFL_sgs= 0.034
 DAY =   6.250000000000000E-002
 NSTEP=         180
 div:  7.661532180356186E-017 -9.671557736407907E-017
 SST=   303.150000000000     
 surface pressure=   1014.80000000000     
 u:  -39.1686739384275        41.4570782266857     
 v:  -33.0016659467507        43.0503691660000     
 w:  -24.6695710917377        46.1887287881867     
 p:  -113.559358012035        202.684038923040     
 t:   271.799675644461        473.549734383904     
 tabs:   186.366785274555        300.804466149449     
 qv:  1.524750088025896E-069  2.138192121265851E-002
 tke:  0.000000000000000E+000   93.4387562449074     
 tk:  0.000000000000000E+000   241.659311124292     
 tkh:  0.000000000000000E+000   241.659311124292     
 qcl:  0.000000000000000E+000  2.492468992727960E-003
 qci:  0.000000000000000E+000  1.518131449931648E-002
 qpl:  0.000000000000000E+000  1.056995254481930E-002
 qpi:  0.000000000000000E+000  0.000000000000000E+000
 qrad(K/day):  -120.232474858947        202.259581280456     
 shf:   6.67766362133260        549.201329324302     
 lhf:   46.0492100806269        849.591260521853     
 uw: -0.532956362148017       0.651323116976159     
 vw:  -1.10703961016440       0.380791595405124     
 sst:   303.150000000000        303.150000000000     
 ===========================
 total water budget:
 before (mm):         53.39411218481
 after (mm):          53.39395530299
 evaporation (mm):     0.00069338207
 precipitation (mm):   0.00085027842
 large-scale (mm):     0.00000000000
 Imbalance (mm)       0.00000001453
 evap (mm/day):   1.99694035241126     
 prec (mm/day):   2.44880184132681     
 ls (mm/day):  0.000000000000000E+000
 imbalance (mm/day)  4.184409073862416E-005
  imbalance (rel error):  2.721131838736572E-010
 ===========================
CPU TIME =    1312.0649 OVER     0.50 MODEL HOURS
 Let's do some shortwave
 Range of zenith angles  0.732661695834013       0.732661695834013     
 Range of surface albedo (asdir)  3.383449086658900E-002  3.383449086658900E-002
 Range of surface albedo (aldir)  3.383449086658900E-002  3.383449086658900E-002
 Range of surface albedo (asdif)  6.000000000000000E-002  6.000000000000000E-002
 Range of surface albedo (aldif)  6.000000000000000E-002  6.000000000000000E-002
 radiation: perpetual sun, solin=   310.282738932193     
 longwave radiation is called
NSTEP =        181   NCYCLE= 16  CFL_adv= 0.465  CFL_sgs= 0.033
NSTEP =        182   NCYCLE= 16  CFL_adv= 0.457  CFL_sgs= 0.033
NSTEP =        183   NCYCLE= 16  CFL_adv= 0.461  CFL_sgs= 0.026
 Collecting statistics...
 name QCSTRG is missing in "lst" file.
NSTEP =        184   NCYCLE= 15  CFL_adv= 0.470  CFL_sgs= 0.027
 DAY =   6.388888888888888E-002
 NSTEP=         184
 div:  6.704644118706639E-017 -8.873916118936152E-017
 SST=   303.150000000000     
 surface pressure=   1014.80000000000     
 u:  -36.7631787047575        34.8085563131076     
 v:  -32.4391673066799        40.4392437356772     
 w:  -21.7233042600955        44.9362275525879     
 p:  -153.860474660090        185.407037870210     
 t:   274.953237289973        473.696203738980     
 tabs:   184.230790583257        300.821115262150     
 qv:  1.002798957130774E-068  2.135998271644007E-002
 tke:  0.000000000000000E+000   88.6014900529252     
 tk:  0.000000000000000E+000   235.320911274536     
 tkh:  0.000000000000000E+000   235.320911274536     
 qcl:  0.000000000000000E+000  2.931163385260373E-003
 qci:  0.000000000000000E+000  1.554377164375640E-002
 qpl:  0.000000000000000E+000  1.031119890882491E-002
 qpi:  0.000000000000000E+000  0.000000000000000E+000
 qrad(K/day):  -120.264903015085        236.874579206203     
 shf:   6.58476819034921        486.649008840411     
 lhf:   46.1402054546100        690.264151239475     
 uw: -0.650233207288588       0.517454256513879     
 vw: -0.433144277651513       0.430283716633586     
 sst:   303.150000000000        303.150000000000     
 ===========================
 total water budget:
 before (mm):         53.39339720657
 after (mm):          53.39317357172
 evaporation (mm):     0.00069201736
 precipitation (mm):   0.00091565423
 large-scale (mm):     0.00000000000
 Imbalance (mm)       0.00000000203
 evap (mm/day):   1.99301000950509     
 prec (mm/day):   2.63708419257537     
 ls (mm/day):  0.000000000000000E+000
 imbalance (mm/day)  5.834811961091812E-006
  imbalance (rel error):  3.794437316506948E-011
 ===========================
NSTEP =        185   NCYCLE= 15  CFL_adv= 0.458  CFL_sgs= 0.026
NSTEP =        186   NCYCLE= 15  CFL_adv= 0.465  CFL_sgs= 0.027
 Let's do some shortwave
 Range of zenith angles  0.732661695834013       0.732661695834013     
 Range of surface albedo (asdir)  3.383449086658900E-002  3.383449086658900E-002
 Range of surface albedo (aldir)  3.383449086658900E-002  3.383449086658900E-002
 Range of surface albedo (asdif)  6.000000000000000E-002  6.000000000000000E-002
 Range of surface albedo (aldif)  6.000000000000000E-002  6.000000000000000E-002
 radiation: perpetual sun, solin=   310.282738919146     
 longwave radiation is called
NSTEP =        187   NCYCLE= 16  CFL_adv= 0.455  CFL_sgs= 0.025
 Collecting statistics...
 name QCSTRG is missing in "lst" file.
NSTEP =        188   NCYCLE= 15  CFL_adv= 0.464  CFL_sgs= 0.026
 DAY =   6.527777777777778E-002
 NSTEP=         188
 div:  7.304662590478307E-017 -1.002283131540541E-016
 SST=   303.150000000000     
 surface pressure=   1014.80000000000     
 u:  -36.1995458950557        41.1386281946207     
 v:  -40.2571645179535        45.7019072861913     
 w:  -28.4284731092082        37.5988474855376     
 p:  -207.441762843926        156.103892927672     
 t:   277.482889938144        473.560658220303     
 tabs:   185.968102179304        300.834727650831     
 qv:  2.845693754075627E-067  2.138319644645718E-002
 tke:  0.000000000000000E+000   102.887450978261     
 tk:  0.000000000000000E+000   253.583628930207     
 tkh:  0.000000000000000E+000   253.583628930207     
 qcl:  0.000000000000000E+000  3.187629600672046E-003
 qci:  0.000000000000000E+000  1.463302292502392E-002
 qpl:  0.000000000000000E+000  9.967517038915656E-003
 qpi:  0.000000000000000E+000  0.000000000000000E+000
 qrad(K/day):  -115.208339922940        250.212594925032     
 shf:   6.54379339461212        388.176984396434     
 lhf:   45.3479369679039        666.767626208731     
 uw: -0.465651610092842       0.472460195908249     
 vw: -0.407415861703589       0.389463053071491     
 sst:   303.150000000000        303.150000000000     
 ===========================
 total water budget:
 before (mm):         53.39237242776
 after (mm):          53.39207517913
 evaporation (mm):     0.00069089975
 precipitation (mm):   0.00098815062
 large-scale (mm):     0.00000000000
 Imbalance (mm)       0.00000000224
 evap (mm/day):   1.98979126657115     
 prec (mm/day):   2.84587378663842     
 ls (mm/day):  0.000000000000000E+000
 imbalance (mm/day)  6.447112127910825E-006
  imbalance (rel error):  4.192717912455530E-011
 ===========================
NSTEP =        189   NCYCLE= 14  CFL_adv= 0.447  CFL_sgs= 0.028
NSTEP =        190   NCYCLE= 13  CFL_adv= 0.462  CFL_sgs= 0.029
NSTEP =        191   NCYCLE= 12  CFL_adv= 0.479  CFL_sgs= 0.030
 Collecting statistics...
 name QCSTRG is missing in "lst" file.
NSTEP =        192   NCYCLE= 12  CFL_adv= 0.461  CFL_sgs= 0.029
 DAY =   6.666666666666667E-002
 NSTEP=         192
 div:  8.310552363792253E-017 -1.097148809155103E-016
 SST=   303.150000000000     
 surface pressure=   1014.80000000000     
 u:  -34.2797517912523        37.8609079983011     
 v:  -34.6602367529557        36.5030677580229     
 w:  -26.6926198994471        33.9285118334973     
 p:  -143.369296063736        171.186083091721     
 t:   281.023749553436        473.532294660179     
 tabs:   192.454926035145        300.813553140346     
 qv:  1.452135497041876E-066  2.131422616963155E-002
 tke:  0.000000000000000E+000   90.9427332435795     
 tk:  0.000000000000000E+000   238.409748704278     
 tkh:  0.000000000000000E+000   238.409748704278     
 qcl:  0.000000000000000E+000  2.650545657154551E-003
 qci:  0.000000000000000E+000  1.253499065345124E-002
 qpl:  0.000000000000000E+000  1.141203093726780E-002
 qpi:  0.000000000000000E+000  0.000000000000000E+000
 qrad(K/day):  -115.208339922940        250.212594925032     
 shf:   6.50322965307609        343.668859316456     
 lhf:   45.6645983902496        615.684662753376     
 uw: -0.368987963877494       0.463217198920537     
 vw: -0.379535104375963       0.418617482863685     
 sst:   303.150000000000        303.150000000000     
 ===========================
 total water budget:
 before (mm):         53.39114785692
 after (mm):          53.39083125415
 evaporation (mm):     0.00068980835
 precipitation (mm):   0.00100641401
 large-scale (mm):     0.00000000000
 Imbalance (mm)       0.00000000289
 evap (mm/day):   1.98664804541483     
 prec (mm/day):   2.89847234096963     
 ls (mm/day):  0.000000000000000E+000
 imbalance (mm/day)  8.324894827244078E-006
  imbalance (rel error):  5.414014461200927E-011
 ===========================
 Let's do some shortwave
 Range of zenith angles  0.732661695834013       0.732661695834013     
 Range of surface albedo (asdir)  3.383449086658900E-002  3.383449086658900E-002
 Range of surface albedo (aldir)  3.383449086658900E-002  3.383449086658900E-002
 Range of surface albedo (asdif)  6.000000000000000E-002  6.000000000000000E-002
 Range of surface albedo (aldif)  6.000000000000000E-002  6.000000000000000E-002
 radiation: perpetual sun, solin=   310.282738922014     
 longwave radiation is called
NSTEP =        193   NCYCLE= 12  CFL_adv= 0.472  CFL_sgs= 0.029
NSTEP =        194   NCYCLE= 12  CFL_adv= 0.462  CFL_sgs= 0.031
NSTEP =        195   NCYCLE= 13  CFL_adv= 0.456  CFL_sgs= 0.029
 Collecting statistics...
 name QCSTRG is missing in "lst" file.
NSTEP =        196   NCYCLE= 14  CFL_adv= 0.447  CFL_sgs= 0.026
 DAY =   6.805555555555555E-002
 NSTEP=         196
 div:  8.052578128819213E-017 -1.006375343472390E-016
 SST=   303.150000000000     
 surface pressure=   1014.80000000000     
 u:  -30.6263578834895        31.6547843759360     
 v:  -30.7143383048091        29.6007419517121     
 w:  -22.3502180257334        35.4005910840993     
 p:  -109.024785416014        194.249422783156     
 t:   284.777896223281        473.589709236291     
 tabs:   194.029382303359        300.812027603989     
 qv:  3.326802555982435E-066  2.132275514877517E-002
 tke:  0.000000000000000E+000   68.9071794054668     
 tk:  0.000000000000000E+000   207.525870985804     
 tkh:  0.000000000000000E+000   207.525870985804     
 qcl:  0.000000000000000E+000  2.406622153007291E-003
 qci:  0.000000000000000E+000  1.237957171305541E-002
 qpl:  0.000000000000000E+000  1.039920925148526E-002
 qpi:  0.000000000000000E+000  0.000000000000000E+000
 qrad(K/day):  -116.306408689086        229.668338020366     
 shf:   6.52669473588807        339.995574140339     
 lhf:   45.4061353798311        581.716536613866     
 uw: -0.344823316381241       0.368848487376829     
 vw: -0.397353086290203       0.426397279422976     
 sst:   303.150000000000        303.150000000000     
 ===========================
 total water budget:
 before (mm):         53.38991198688
 after (mm):          53.38961979180
 evaporation (mm):     0.00068805502
 precipitation (mm):   0.00098025570
 large-scale (mm):     0.00000000000
 Imbalance (mm)       0.00000000560
 evap (mm/day):   1.98159846057081     
 prec (mm/day):   2.82313641230599     
 ls (mm/day):  0.000000000000000E+000
 imbalance (mm/day)  1.611711935287086E-005
  imbalance (rel error):  1.048185096244305E-010
 ===========================
NSTEP =        197   NCYCLE= 13  CFL_adv= 0.461  CFL_sgs= 0.030
NSTEP =        198   NCYCLE= 12  CFL_adv= 0.474  CFL_sgs= 0.031
 Let's do some shortwave
 Range of zenith angles  0.732661695834013       0.732661695834013     
 Range of surface albedo (asdir)  3.383449086658900E-002  3.383449086658900E-002
 Range of surface albedo (aldir)  3.383449086658900E-002  3.383449086658900E-002
 Range of surface albedo (asdif)  6.000000000000000E-002  6.000000000000000E-002
 Range of surface albedo (aldif)  6.000000000000000E-002  6.000000000000000E-002
 radiation: perpetual sun, solin=   310.282738936296     
 longwave radiation is called
NSTEP =        199   NCYCLE= 13  CFL_adv= 0.455  CFL_sgs= 0.027
 Collecting statistics...
 name QCSTRG is missing in "lst" file.
NSTEP =        200   NCYCLE= 12  CFL_adv= 0.468  CFL_sgs= 0.030
 DAY =   6.944444444444445E-002
 NSTEP=         200
 div:  8.281513766985774E-017 -8.990026452240684E-017
 SST=   303.150000000000     
 surface pressure=   1014.80000000000     
 u:  -34.2740538304714        30.2785722734688     
 v:  -31.0820093414703        30.4019754041790     
 w:  -23.6109825850105        36.1843771915120     
 p:  -115.384348543251        213.607204224084     
 t:   284.631422647984        473.499275940780     
 tabs:   197.220641967031        300.822600923505     
 qv:  4.573598983468821E-066  2.126958160036035E-002
 tke:  0.000000000000000E+000   81.1988486340746     
 tk:  0.000000000000000E+000   225.276009366947     
 tkh:  0.000000000000000E+000   225.276009366947     
 qcl:  0.000000000000000E+000  2.447915353845655E-003
 qci:  0.000000000000000E+000  1.297081148598896E-002
 qpl:  0.000000000000000E+000  9.662532503844492E-003
 qpi:  0.000000000000000E+000  0.000000000000000E+000
 qrad(K/day):  -114.705950783191        202.552216105781     
 shf:   6.57144398184676        294.459546240105     
 lhf:   46.3086029290340        545.970218322500     
 uw: -0.424447562838341       0.312879300568725     
 vw: -0.353242498575493       0.314284728192598     
 sst:   303.150000000000        303.150000000000     
 ===========================
 total water budget:
 before (mm):         53.38878461507
 after (mm):          53.38852317082
 evaporation (mm):     0.00068610867
 precipitation (mm):   0.00094755428
 large-scale (mm):     0.00000000000
 Imbalance (mm)       0.00000000135
 evap (mm/day):   1.97599298118487     
 prec (mm/day):   2.72895632328170     
 ls (mm/day):  0.000000000000000E+000
 imbalance (mm/day)  3.890103972385706E-006
  imbalance (rel error):  2.529996054589351E-011
 ===========================
NSTEP =        201   NCYCLE= 13  CFL_adv= 0.467  CFL_sgs= 0.025
NSTEP =        202   NCYCLE= 14  CFL_adv= 0.447  CFL_sgs= 0.023
NSTEP =        203   NCYCLE= 14  CFL_adv= 0.446  CFL_sgs= 0.023
 Collecting statistics...
 name QCSTRG is missing in "lst" file.
NSTEP =        204   NCYCLE= 12  CFL_adv= 0.461  CFL_sgs= 0.026
 DAY =   7.083333333333333E-002
 NSTEP=         204
 div:  4.590990989247574E-017 -7.614892388873082E-017
 SST=   303.150000000000     
 surface pressure=   1014.80000000000     
 u:  -30.6736080480278        31.5103070153113     
 v:  -28.7985856806554        29.0749177129054     
 w:  -20.1044182907016        33.0043901970086     
 p:  -97.2053057264628        188.775999526049     
 t:   285.252086997161        473.518993590297     
 tabs:   197.678836513005        300.811191289682     
 qv:  6.660532883340141E-066  2.127614096208906E-002
 tke:  0.000000000000000E+000   60.3333777915017     
 tk:  0.000000000000000E+000   194.186408174436     
 tkh:  0.000000000000000E+000   194.186408174436     
 qcl:  0.000000000000000E+000  2.332610851987491E-003
 qci:  0.000000000000000E+000  1.378792187024886E-002
 qpl:  0.000000000000000E+000  9.449809831918043E-003
 qpi:  0.000000000000000E+000  0.000000000000000E+000
 qrad(K/day):  -114.705950783191        202.552216105781     
 shf:   6.47198710096058        337.345000013338     
 lhf:   45.1011567141081        632.786427643469     
 uw: -0.654875819346731       0.365409387832067     
 vw: -0.450960856831375       0.312417500086979     
 sst:   303.150000000000        303.150000000000     
 ===========================
 total water budget:
 before (mm):         53.38783680633
 after (mm):          53.38764102125
 evaporation (mm):     0.00068462945
 precipitation (mm):   0.00088041783
 large-scale (mm):     0.00000000000
 Imbalance (mm)       0.00000000331
 evap (mm/day):   1.97173280718090     
 prec (mm/day):   2.53560336441442     
 ls (mm/day):  0.000000000000000E+000
 imbalance (mm/day)  9.521035084711360E-006
  imbalance (rel error):  6.192282898669098E-011
 ===========================
 Let's do some shortwave
 Range of zenith angles  0.732661695834013       0.732661695834013     
 Range of surface albedo (asdir)  3.383449086658900E-002  3.383449086658900E-002
 Range of surface albedo (aldir)  3.383449086658900E-002  3.383449086658900E-002
 Range of surface albedo (asdif)  6.000000000000000E-002  6.000000000000000E-002
 Range of surface albedo (aldif)  6.000000000000000E-002  6.000000000000000E-002
 radiation: perpetual sun, solin=   310.282738956397     
 longwave radiation is called
NSTEP =        205   NCYCLE= 12  CFL_adv= 0.449  CFL_sgs= 0.023
NSTEP =        206   NCYCLE= 12  CFL_adv= 0.466  CFL_sgs= 0.023
NSTEP =        207   NCYCLE= 13  CFL_adv= 0.461  CFL_sgs= 0.021
 Collecting statistics...
 name QCSTRG is missing in "lst" file.
NSTEP =        208   NCYCLE= 14  CFL_adv= 0.468  CFL_sgs= 0.020
 DAY =   7.222222222222222E-002
 NSTEP=         208
 div:  5.620989960056808E-017 -7.281588201889474E-017
 SST=   303.150000000000     
 surface pressure=   1014.80000000000     
 u:  -33.4950617180647        31.6561705352581     
 v:  -34.5566609476506        34.0054664924836     
 w:  -16.4623052178652        42.9783828994940     
 p:  -110.552702846746        171.629477532003     
 t:   284.184937871448        473.497859107838     
 tabs:   196.825409479112        300.809646182247     
 qv:  1.185262640343189E-065  2.121162255207470E-002
 tke:  0.000000000000000E+000   51.0273620061916     
 tk:  0.000000000000000E+000   178.583597381926     
 tkh:  0.000000000000000E+000   178.583597381926     
 qcl:  0.000000000000000E+000  2.380194671068909E-003
 qci:  0.000000000000000E+000  1.376100072623247E-002
 qpl:  0.000000000000000E+000  9.680326873053058E-003
 qpi:  0.000000000000000E+000  0.000000000000000E+000
 qrad(K/day):  -110.323911572308        183.773145614571     
 shf:   6.47804267486101        290.159406950336     
 lhf:   45.6208279559558        635.996193848469     
 uw: -0.705693716579061       0.511006576786216     
 vw: -0.454967981709293       0.300833473042771     
 sst:   303.150000000000        303.150000000000     
 ===========================
 total water budget:
 before (mm):         53.38708014955
 after (mm):          53.38687957410
 evaporation (mm):     0.00068390812
 precipitation (mm):   0.00088448840
 large-scale (mm):     0.00000000000
 Imbalance (mm)       0.00000000483
 evap (mm/day):   1.96965539070781     
 prec (mm/day):   2.54732660137872     
 ls (mm/day):  0.000000000000000E+000
 imbalance (mm/day)  1.391466557851273E-005
  imbalance (rel error):  9.049947448359614E-011
 ===========================
NSTEP =        209   NCYCLE= 15  CFL_adv= 0.471  CFL_sgs= 0.020
NSTEP =        210   NCYCLE= 15  CFL_adv= 0.468  CFL_sgs= 0.019
 Let's do some shortwave
 Range of zenith angles  0.732661695834013       0.732661695834013     
 Range of surface albedo (asdir)  3.383449086658900E-002  3.383449086658900E-002
 Range of surface albedo (aldir)  3.383449086658900E-002  3.383449086658900E-002
 Range of surface albedo (asdif)  6.000000000000000E-002  6.000000000000000E-002
 Range of surface albedo (aldif)  6.000000000000000E-002  6.000000000000000E-002
 radiation: perpetual sun, solin=   310.282738977293     
 longwave radiation is called
NSTEP =        211   NCYCLE= 15  CFL_adv= 0.467  CFL_sgs= 0.019
 Collecting statistics...
 name QCSTRG is missing in "lst" file.
NSTEP =        212   NCYCLE= 15  CFL_adv= 0.472  CFL_sgs= 0.020
 DAY =   7.361111111111111E-002
 NSTEP=         212
 div:  4.336667040355757E-017 -5.986567960452113E-017
 SST=   303.150000000000     
 surface pressure=   1014.80000000000     
 u:  -31.2028353319570        31.2146600956954     
 v:  -32.0401607822400        32.0245299884872     
 w:  -20.4795093452784        41.5412694477446     
 p:  -102.670293618278        181.411728968239     
 t:   284.948336641644        473.512806820524     
 tabs:   195.795109027760        300.796975358521     
 qv:  2.839471770719551E-065  2.106421733359377E-002
 tke:  0.000000000000000E+000   65.7717364046697     
 tk:  0.000000000000000E+000   202.749439587187     
 tkh:  0.000000000000000E+000   202.749439587187     
 qcl:  0.000000000000000E+000  1.959361378846387E-003
 qci:  0.000000000000000E+000  1.489220360670018E-002
 qpl:  0.000000000000000E+000  8.265895426742019E-003
 qpi:  0.000000000000000E+000  0.000000000000000E+000
 qrad(K/day):  -111.615971430216        169.536980639944     
 shf:   6.55671281397247        273.508090733514     
 lhf:   46.8543464982975        645.857454343108     
 uw: -0.670732647754309       0.490332538729950     
 vw: -0.338761894069102       0.350633501947466     
 sst:   303.150000000000        303.150000000000     
 ===========================
 total water budget:
 before (mm):         53.38623113111
 after (mm):          53.38600039256
 evaporation (mm):     0.00068417139
 precipitation (mm):   0.00091491489
 large-scale (mm):     0.00000000000
 Imbalance (mm)       0.00000000495
 evap (mm/day):   1.97041360855152     
 prec (mm/day):   2.63495488528889     
 ls (mm/day):  0.000000000000000E+000
 imbalance (mm/day)  1.426404864036945E-005
  imbalance (rel error):  9.277330143918185E-011
 ===========================
NSTEP =        213   NCYCLE= 15  CFL_adv= 0.453  CFL_sgs= 0.019
NSTEP =        214   NCYCLE= 13  CFL_adv= 0.479  CFL_sgs= 0.021
NSTEP =        215   NCYCLE= 13  CFL_adv= 0.459  CFL_sgs= 0.025
 Collecting statistics...
 name QCSTRG is missing in "lst" file.
NSTEP =        216   NCYCLE= 12  CFL_adv= 0.476  CFL_sgs= 0.029
 DAY =   7.500000000000000E-002
 NSTEP=         216
 div:  5.346082587393548E-017 -7.154177105468809E-017
 SST=   303.150000000000     
 surface pressure=   1014.80000000000     
 u:  -30.0305062861755        28.7532117655618     
 v:  -33.1136980800619        28.1166635518686     
 w:  -19.0771470171036        33.2522167315267     
 p:  -86.8909903479971        167.582369512492     
 t:   285.460081183985        473.484396014085     
 tabs:   190.167877893692        300.786728341234     
 qv:  9.806616991512171E-065  2.102379964371608E-002
 tke:  0.000000000000000E+000   45.3085083006928     
 tk:  0.000000000000000E+000   168.278987660174     
 tkh:  0.000000000000000E+000   168.278987660174     
 qcl:  0.000000000000000E+000  1.964519623765828E-003
 qci:  0.000000000000000E+000  1.427816736682954E-002
 qpl:  0.000000000000000E+000  7.627277401662616E-003
 qpi:  0.000000000000000E+000  0.000000000000000E+000
 qrad(K/day):  -111.615971430216        169.536980639944     
 shf:   6.58389138684197        264.466952470914     
 lhf:   48.5056237301931        578.017921921342     
 uw: -0.606142647651378       0.379291771854905     
 vw: -0.396437073878099       0.311855592284575     
 sst:   303.150000000000        303.150000000000     
 ===========================
 total water budget:
 before (mm):         53.38528147840
 after (mm):          53.38503671757
 evaporation (mm):     0.00068526491
 precipitation (mm):   0.00093002790
 large-scale (mm):     0.00000000000
 Imbalance (mm)       0.00000000216
 evap (mm/day):   1.97356295282617     
 prec (mm/day):   2.67848036528579     
 ls (mm/day):  0.000000000000000E+000
 imbalance (mm/day)  6.219439567106688E-006
  imbalance (rel error):  4.045199466544183E-011
 ===========================
 Let's do some shortwave
 Range of zenith angles  0.732661695834013       0.732661695834013     
 Range of surface albedo (asdir)  3.383449086658900E-002  3.383449086658900E-002
 Range of surface albedo (aldir)  3.383449086658900E-002  3.383449086658900E-002
 Range of surface albedo (asdif)  6.000000000000000E-002  6.000000000000000E-002
 Range of surface albedo (aldif)  6.000000000000000E-002  6.000000000000000E-002
 radiation: perpetual sun, solin=   310.282738995570     
 longwave radiation is called
NSTEP =        217   NCYCLE= 12  CFL_adv= 0.458  CFL_sgs= 0.027
NSTEP =        218   NCYCLE= 12  CFL_adv= 0.448  CFL_sgs= 0.024
NSTEP =        219   NCYCLE= 11  CFL_adv= 0.476  CFL_sgs= 0.027
 Collecting statistics...
 name QCSTRG is missing in "lst" file.
NSTEP =        220   NCYCLE= 12  CFL_adv= 0.443  CFL_sgs= 0.027
 DAY =   7.638888888888890E-002
 NSTEP=         220
 div:  7.847792447058318E-017 -8.498280574154130E-017
 SST=   303.150000000000     
 surface pressure=   1014.80000000000     
 u:  -29.4656888630455        27.0405283479472     
 v:  -31.7485991291774        29.7992419904461     
 w:  -23.4866635243041        31.8712568963437     
 p:  -117.255582801879        147.934345360720     
 t:   286.134376797463        473.448201373342     
 tabs:   196.665941747602        300.780083465009     
 qv:  1.925945463775616E-064  2.107621485273389E-002
 tke:  0.000000000000000E+000   61.3332674270567     
 tk:  0.000000000000000E+000   195.788896881081     
 tkh:  0.000000000000000E+000   195.788896881081     
 qcl:  0.000000000000000E+000  2.150996280299397E-003
 qci:  0.000000000000000E+000  1.238545965998622E-002
 qpl:  0.000000000000000E+000  7.837360739485119E-003
 qpi:  0.000000000000000E+000  0.000000000000000E+000
 qrad(K/day):  -107.198539695794        187.612620685596     
 shf:   6.65565883834509        298.018531768722     
 lhf:   49.4191068050782        689.910698960314     
 uw: -0.601271654249165       0.343913768745785     
 vw: -0.386387319266528       0.372903807535986     
 sst:   303.150000000000        303.150000000000     
 ===========================
 total water budget:
 before (mm):         53.38427050908
 after (mm):          53.38399728731
 evaporation (mm):     0.00068649590
 precipitation (mm):   0.00095971930
 large-scale (mm):     0.00000000000
 Imbalance (mm)       0.00000000163
 evap (mm/day):   1.97710819758601     
 prec (mm/day):   2.76399158796000     
 ls (mm/day):  0.000000000000000E+000
 imbalance (mm/day)  4.690559764035374E-006
  imbalance (rel error):  3.050859086117453E-011
 ===========================
NSTEP =        221   NCYCLE= 11  CFL_adv= 0.476  CFL_sgs= 0.030
NSTEP =        222   NCYCLE= 11  CFL_adv= 0.470  CFL_sgs= 0.030
 Let's do some shortwave
 Range of zenith angles  0.732661695834013       0.732661695834013     
 Range of surface albedo (asdir)  3.383449086658900E-002  3.383449086658900E-002
 Range of surface albedo (aldir)  3.383449086658900E-002  3.383449086658900E-002
 Range of surface albedo (asdif)  6.000000000000000E-002  6.000000000000000E-002
 Range of surface albedo (aldif)  6.000000000000000E-002  6.000000000000000E-002
 radiation: perpetual sun, solin=   310.282739008937     
 longwave radiation is called
NSTEP =        223   NCYCLE= 11  CFL_adv= 0.456  CFL_sgs= 0.027
 Collecting statistics...
 name QCSTRG is missing in "lst" file.
NSTEP =        224   NCYCLE= 11  CFL_adv= 0.466  CFL_sgs= 0.024
 DAY =   7.777777777777778E-002
 NSTEP=         224
 div:  4.423384958666521E-017 -6.051722045303762E-017
 SST=   303.150000000000     
 surface pressure=   1014.80000000000     
 u:  -26.5977095557174        28.2501007124037     
 v:  -32.8231486049723        35.1300233311342     
 w:  -26.3904245967745        29.8425582555490     
 p:  -101.264237185887        124.811726185043     
 t:   287.209256992522        473.463141840454     
 tabs:   197.609335743992        300.807793810779     
 qv:  2.548714277974713E-064  2.107322758332530E-002
 tke:  0.000000000000000E+000   49.7333647477273     
 tk:  0.000000000000000E+000   175.717088519607     
 tkh:  0.000000000000000E+000   175.717088519607     
 qcl:  0.000000000000000E+000  2.025131063947407E-003
 qci:  0.000000000000000E+000  1.258786465792655E-002
 qpl:  0.000000000000000E+000  6.684250308839059E-003
 qpi:  0.000000000000000E+000  0.000000000000000E+000
 qrad(K/day):  -104.450852647489        215.307851365562     
 shf:   6.69656184273829        229.581463012890     
 lhf:   50.0605426438851        657.865329154359     
 uw: -0.528514463451980       0.320847317931674     
 vw: -0.353081964792754       0.328478120808509     
 sst:   303.150000000000        303.150000000000     
 ===========================
 total water budget:
 before (mm):         53.38313842058
 after (mm):          53.38284726260
 evaporation (mm):     0.00068735247
 precipitation (mm):   0.00097851203
 large-scale (mm):     0.00000000000
 Imbalance (mm)       0.00000000159
 evap (mm/day):   1.97957510218373     
 prec (mm/day):   2.81811465886526     
 ls (mm/day):  0.000000000000000E+000
 imbalance (mm/day)  4.586003320844467E-006
  imbalance (rel error):  2.982909079656251E-011
 ===========================
NSTEP =        225   NCYCLE= 10  CFL_adv= 0.476  CFL_sgs= 0.025
NSTEP =        226   NCYCLE= 10  CFL_adv= 0.446  CFL_sgs= 0.027
NSTEP =        227   NCYCLE= 11  CFL_adv= 0.442  CFL_sgs= 0.025
 Collecting statistics...
 name QCSTRG is missing in "lst" file.
NSTEP =        228   NCYCLE= 11  CFL_adv= 0.442  CFL_sgs= 0.023
 DAY =   7.916666666666666E-002
 NSTEP=         228
 div:  6.362900289834956E-017 -6.255601592254691E-017
 SST=   303.150000000000     
 surface pressure=   1014.80000000000     
 u:  -30.1369847218064        29.5625457156871     
 v:  -31.6747372960914        30.7622494348331     
 w:  -22.2317877880561        30.6344578223783     
 p:  -91.1520234987261        141.873396292110     
 t:   288.926932786797        473.458571683220     
 tabs:   194.864717677366        301.204543908175     
 qv:  2.996907579222039E-064  2.103681852949376E-002
 tke:  0.000000000000000E+000   45.5713760771238     
 tk:  0.000000000000000E+000   168.766436379401     
 tkh:  0.000000000000000E+000   168.766436379401     
 qcl:  0.000000000000000E+000  1.691320637334845E-003
 qci:  0.000000000000000E+000  1.278266628271947E-002
 qpl:  0.000000000000000E+000  7.261020879785898E-003
 qpi:  0.000000000000000E+000  0.000000000000000E+000
 qrad(K/day):  -104.450852647489        215.307851365562     
 shf:   6.69313244179819        185.045677514995     
 lhf:   50.8747569889333        596.124020160473     
 uw: -0.364995872801931       0.304805835340079     
 vw: -0.316022406349667       0.263042093058057     
 sst:   303.150000000000        303.150000000000     
 ===========================
 total water budget:
 before (mm):         53.38196455832
 after (mm):          53.38165793964
 evaporation (mm):     0.00068787526
 precipitation (mm):   0.00099449539
 large-scale (mm):     0.00000000000
 Imbalance (mm)       0.00000000146
 evap (mm/day):   1.98108073787058     
 prec (mm/day):   2.86414673724079     
 ls (mm/day):  0.000000000000000E+000
 imbalance (mm/day)  4.204019831005601E-006
  imbalance (rel error):  2.734519584552374E-011
 ===========================
 Let's do some shortwave
 Range of zenith angles  0.732661695834013       0.732661695834013     
 Range of surface albedo (asdir)  3.383449086658900E-002  3.383449086658900E-002
 Range of surface albedo (aldir)  3.383449086658900E-002  3.383449086658900E-002
 Range of surface albedo (asdif)  6.000000000000000E-002  6.000000000000000E-002
 Range of surface albedo (aldif)  6.000000000000000E-002  6.000000000000000E-002
 radiation: perpetual sun, solin=   310.282739016989     
 longwave radiation is called
NSTEP =        229   NCYCLE= 11  CFL_adv= 0.471  CFL_sgs= 0.033
NSTEP =        230   NCYCLE= 11  CFL_adv= 0.470  CFL_sgs= 0.040
NSTEP =        231   NCYCLE= 11  CFL_adv= 0.446  CFL_sgs= 0.035
 Collecting statistics...
 name QCSTRG is missing in "lst" file.
NSTEP =        232   NCYCLE= 11  CFL_adv= 0.439  CFL_sgs= 0.033
 DAY =   8.055555555555556E-002
 NSTEP=         232
 div:  5.805648250394732E-017 -7.348383152795408E-017
 SST=   303.150000000000     
 surface pressure=   1014.80000000000     
 u:  -26.8094224876159        28.4451477785456     
 v:  -28.8976018992388        33.2044251700462     
 w:  -17.4487814773739        25.8652969935535     
 p:  -76.1454293503919        155.908606057432     
 t:   290.147789191404        473.434149625559     
 tabs:   197.640399431545        301.574322209684     
 qv:  3.543486509992956E-064  2.099371522972216E-002
 tke:  0.000000000000000E+000   36.2551409443610     
 tk:  0.000000000000000E+000   150.530605161295     
 tkh:  0.000000000000000E+000   150.530605161295     
 qcl:  0.000000000000000E+000  1.428734006067899E-003
 qci:  0.000000000000000E+000  1.338553031251424E-002
 qpl:  0.000000000000000E+000  7.340322444968764E-003
 qpi:  0.000000000000000E+000  0.000000000000000E+000
 qrad(K/day):  -106.274404959025        190.205362811569     
 shf:   6.67879270586648        227.884722717926     
 lhf:   51.4619657892424        792.522632480242     
 uw: -0.287531814629958       0.276200143318513     
 vw: -0.292483583038919       0.202428281832071     
 sst:   303.150000000000        303.150000000000     
 ===========================
 total water budget:
 before (mm):         53.38070242546
 after (mm):          53.38038251607
 evaporation (mm):     0.00068862353
 precipitation (mm):   0.00100853464
 large-scale (mm):     0.00000000000
 Imbalance (mm)       0.00000000172
 evap (mm/day):   1.98323577284345     
 prec (mm/day):   2.90457976007764     
 ls (mm/day):  0.000000000000000E+000
 imbalance (mm/day)  4.941392030555214E-006
  imbalance (rel error):  3.214217796918327E-011
 ===========================
NSTEP =        233   NCYCLE= 11  CFL_adv= 0.440  CFL_sgs= 0.031
NSTEP =        234   NCYCLE= 11  CFL_adv= 0.467  CFL_sgs= 0.030
 Let's do some shortwave
 Range of zenith angles  0.732661695834013       0.732661695834013     
 Range of surface albedo (asdir)  3.383449086658900E-002  3.383449086658900E-002
 Range of surface albedo (aldir)  3.383449086658900E-002  3.383449086658900E-002
 Range of surface albedo (asdif)  6.000000000000000E-002  6.000000000000000E-002
 Range of surface albedo (aldif)  6.000000000000000E-002  6.000000000000000E-002
 radiation: perpetual sun, solin=   310.282739020948     
 longwave radiation is called
NSTEP =        235   NCYCLE= 12  CFL_adv= 0.449  CFL_sgs= 0.025
 Collecting statistics...
 name QCSTRG is missing in "lst" file.
NSTEP =        236   NCYCLE= 12  CFL_adv= 0.474  CFL_sgs= 0.039
 DAY =   8.194444444444444E-002
 NSTEP=         236
 div:  5.814078574820415E-017 -7.946406973064118E-017
 SST=   303.150000000000     
 surface pressure=   1014.80000000000     
 u:  -24.2947887089756        26.0818759456460     
 v:  -20.9465150250961        29.9586171472463     
 w:  -15.8334458293333        21.2260600999430     
 p:  -79.0073614838399        265.863657301047     
 t:   291.176061780669        473.430982120077     
 tabs:   198.031517690795        302.992178644018     
 qv:  4.555002970028696E-064  2.101489036370673E-002
 tke:  0.000000000000000E+000   29.6910167004079     
 tk:  0.000000000000000E+000   136.223659610785     
 tkh:  0.000000000000000E+000   136.223659610785     
 qcl:  0.000000000000000E+000  1.416207847158689E-003
 qci:  0.000000000000000E+000  1.275759171090828E-002
 qpl:  0.000000000000000E+000  7.631926887600221E-003
 qpi:  0.000000000000000E+000  0.000000000000000E+000
 qrad(K/day):  -104.954229593500        198.718928388204     
 shf:   6.57141219111250        300.933823361310     
 lhf:   48.2727538115267        1076.78084022615     
 uw: -0.671127615899924       0.414116760508778     
 vw: -0.754698952609105       0.620555984416228     
 sst:   303.150000000000        303.150000000000     
 ===========================
 total water budget:
 before (mm):         53.37942167422
 after (mm):          53.37910572559
 evaporation (mm):     0.00069002081
 precipitation (mm):   0.00100596974
 large-scale (mm):     0.00000000000
 Imbalance (mm)       0.00000000030
 evap (mm/day):   1.98725992999911     
 prec (mm/day):   2.89719285196446     
 ls (mm/day):  0.000000000000000E+000
 imbalance (mm/day)  8.604953068841460E-007
  imbalance (rel error):  5.597381528328715E-012
 ===========================
NSTEP =        237   NCYCLE= 16  CFL_adv= 0.455  CFL_sgs= 0.041
NSTEP =        238   NCYCLE= 14  CFL_adv= 0.453  CFL_sgs= 0.056
NSTEP =        239   NCYCLE= 12  CFL_adv= 0.435  CFL_sgs= 0.051
 Collecting statistics...
 name QCSTRG is missing in "lst" file.
 Writting statistics:nstatsteps=          15
 --------------- ISCCP Simulator Diagnostics: -----------------
 ISCCP PDF:
            0.0       0.3       1.3       3.6       9.4      23.0      60.0
    0.     0.009     0.006     0.014     0.018     0.013     0.013     0.046
  180.     0.000     0.000     0.000     0.000     0.000     0.000     0.000
  310.     0.000     0.000     0.000     0.000     0.000     0.000     0.000
  440.     0.000     0.000     0.000     0.000     0.000     0.000     0.000
  560.     0.000     0.000     0.000     0.000     0.000     0.000     0.000
  680.     0.000     0.000     0.000     0.000     0.000     0.000     0.000
  800.     0.000     0.000     0.000     0.000     0.000     0.000     0.000
 low cld area (tau > 0.3)=  0.000000000000000E+000
 mid cld area (tau > 0.3)=  0.000000000000000E+000
 hgh cld area (tau > 0.3)=  0.109592692057292     
 total cld area (tau > 0.3)=  0.109592692057292     
 mean albedo cld (tau > 0.3)   0.668427136471778     
 mean tau cld (tau > 0.3)    18.6981348587381     
 mean top pressure (tau > 0.3)   100.146002041937     
 mean brightness temp (tau > 0.3)   233.551623550184     
 mean clearsky brightness temp (tau > 0.3)   296.842660885081     
 --------------- MODIS Simulator Diagnostics: -----------------
 MODIS PDF:
                      0.3       1.3       3.6       9.4      23.0      60.0
    0.               0.006     0.013     0.018     0.013     0.013     0.046
  180.               0.000     0.000     0.000     0.000     0.000     0.000
  310.               0.000     0.000     0.000     0.000     0.000     0.000
  440.               0.000     0.000     0.000     0.000     0.000     0.000
  560.               0.000     0.000     0.000     0.000     0.000     0.000
  680.               0.000     0.000     0.000     0.000     0.000     0.000
  800.               0.000     0.000     0.000     0.000     0.000     0.000
 low cld area =  0.000000000000000E+000
 mid cld area =  0.000000000000000E+000
 hgh cld area =  0.109515380859375     
 total cld area =  0.109515380859375     
 mean tau cld    211.164575107750     
 mean top pressure    112.167266752308     
 total cld area (liquid) =  0.000000000000000E+000
 total cld area (ice) =  0.109515380859375     
 mean tau (liquid) =  -1.00000000000000     
 mean tau (ice) =   211.164575107750     
 mean lwp (g/m2) =  -1.00000000000000     
 mean iwp (g/m2) =   4083.22311105410     
 mean reff (liquid)  =  -1.00000000000000     
 mean reff (ice)  =   29.4587203407504     
 --------------- MISR Simulator Diagnostics: -----------------
 MISR PDF:
            0.0       0.3       1.3       3.6       9.4      23.0      60.0
 99.00     0.000     0.000     0.000     0.000     0.000     0.000     0.006
 17.00     0.000     0.001     0.013     0.018     0.013     0.013     0.039
 15.00     0.000     0.003     0.000     0.000     0.000     0.000     0.000
 13.00     0.000     0.000     0.000     0.000     0.000     0.000     0.000
 11.00     0.000     0.000     0.000     0.000     0.000     0.000     0.000
  9.00     0.000     0.000     0.000     0.000     0.000     0.000     0.000
  7.00     0.000     0.000     0.000     0.000     0.000     0.000     0.000
  5.00     0.000     0.000     0.000     0.000     0.000     0.000     0.000
  4.00     0.000     0.000     0.000     0.000     0.000     0.000     0.000
  3.00     0.000     0.000     0.000     0.000     0.000     0.000     0.000
  2.50     0.000     0.000     0.000     0.000     0.000     0.000     0.000
  2.00     0.000     0.000     0.000     0.000     0.000     0.000     0.000
  1.50     0.000     0.000     0.000     0.000     0.000     0.000     0.000
  1.00     0.000     0.000     0.000     0.000     0.000     0.000     0.000
  0.50     0.000     0.000     0.000     0.000     0.000     0.000     0.000
  0.00     0.001     0.002     0.000     0.000     0.000     0.000     0.000
 total cld area =  0.107926432291667     
 mean top height (m)   15757.8679577768     
 Writting history file 
 rcemip300sst_16_nCat6_MaxIce200                                                
  
 Writting 2D data. file:./OUT_2D/bubble_rcemip300sst_16_nCat6_MaxIce200_64.2Dbin
                                                                 
 Writting 3D data. file:./OUT_3D/bubble_rcemip300sst_16_nCat6_MaxIce200_64_00000
 00240.bin3D                                                     
NSTEP =        240   NCYCLE= 10  CFL_adv= 0.473  CFL_sgs= 0.045
 DAY =   8.333333333333333E-002
 NSTEP=         240
 div:  7.366189885326897E-017 -7.716805236733143E-017
 SST=   303.150000000000     
 surface pressure=   1014.80000000000     
 u:  -20.2672594076924        27.6327334854889     
 v:  -21.0188639598020        26.1855468577519     
 w:  -12.9451902306328        25.2498926296893     
 p:  -71.2276507949302        191.964082297354     
 t:   291.534157998072        473.450895979004     
 tabs:   198.055094360498        302.958884992239     
 qv:  7.192974468121461E-064  2.102143982625146E-002
 tke:  0.000000000000000E+000   34.0615542510982     
 tk:  0.000000000000000E+000   145.905693538451     
 tkh:  0.000000000000000E+000   145.905693538451     
 qcl:  0.000000000000000E+000  1.499143511426951E-003
 qci:  0.000000000000000E+000  1.281667331065500E-002
 qpl:  0.000000000000000E+000  7.332341364831006E-003
 qpi:  0.000000000000000E+000  0.000000000000000E+000
 qrad(K/day):  -104.954229593500        198.718928388204     
 shf:   6.51125489002278        234.125869920516     
 lhf:   48.1594244283332        1227.58604185902     
 uw: -0.454298179704823       0.422370923151752     
 vw: -0.362127459389469       0.497983777208682     
 sst:   303.150000000000        303.150000000000     
 ===========================
 total water budget:
 before (mm):         53.37817803325
 after (mm):          53.37787780364
 evaporation (mm):     0.00069257491
 precipitation (mm):   0.00099280452
 large-scale (mm):     0.00000000000
 Imbalance (mm)       0.00000000000
 evap (mm/day):   1.99461575120054     
 prec (mm/day):   2.85927703099048     
 ls (mm/day):  0.000000000000000E+000
 imbalance (mm/day)  4.930930663782362E-011
  imbalance (rel error):  2.662311672914353E-016
 ===========================
CPU TIME =     920.9013 OVER     0.50 MODEL HOURS
 Let's do some shortwave
 Range of zenith angles  0.732661695834013       0.732661695834013     
 Range of surface albedo (asdir)  3.383449086658900E-002  3.383449086658900E-002
 Range of surface albedo (aldir)  3.383449086658900E-002  3.383449086658900E-002
 Range of surface albedo (asdif)  6.000000000000000E-002  6.000000000000000E-002
 Range of surface albedo (aldif)  6.000000000000000E-002  6.000000000000000E-002
 radiation: perpetual sun, solin=   310.282739023405     
 longwave radiation is called
NSTEP =        241   NCYCLE= 10  CFL_adv= 0.449  CFL_sgs= 0.048
NSTEP =        242   NCYCLE= 10  CFL_adv= 0.429  CFL_sgs= 0.046
NSTEP =        243   NCYCLE= 10  CFL_adv= 0.431  CFL_sgs= 0.042
 Collecting statistics...
 name QCSTRG is missing in "lst" file.
NSTEP =        244   NCYCLE= 10  CFL_adv= 0.447  CFL_sgs= 0.040
 DAY =   8.472222222222223E-002
 NSTEP=         244
 div:  6.395436673335880E-017 -7.155239172090101E-017
 SST=   303.150000000000     
 surface pressure=   1014.80000000000     
 u:  -21.9887064944325        24.7504885790475     
 v:  -20.3039809862019        20.5776663690755     
 w:  -12.3063582211670        23.0641282079800     
 p:  -59.8380607258048        143.312620187473     
 t:   291.293063220257        473.432367311452     
 tabs:   197.972820457976        301.422242791524     
 qv:  1.108914391952696E-063  2.103825086870701E-002
 tke:  0.000000000000000E+000   21.0983113585550     
 tk:  0.000000000000000E+000   114.832245467451     
 tkh:  0.000000000000000E+000   114.832245467451     
 qcl:  0.000000000000000E+000  1.779049666987850E-003
 qci:  0.000000000000000E+000  1.375674633658321E-002
 qpl:  0.000000000000000E+000  6.301731906451071E-003
 qpi:  0.000000000000000E+000  0.000000000000000E+000
 qrad(K/day):  -105.633478667268        178.018752655670     
 shf:   6.41404198891941        189.041045466066     
 lhf:   48.0893773484737        995.631687869137     
 uw: -0.280816458263284       0.338567878507676     
 vw: -0.364010455414018       0.465588771278804     
 sst:   303.150000000000        303.150000000000     
 ===========================
 total water budget:
 before (mm):         53.37701970277
 after (mm):          53.37675060189
 evaporation (mm):     0.00069427975
 precipitation (mm):   0.00096338092
 large-scale (mm):     0.00000000000
 Imbalance (mm)       0.00000000029
 evap (mm/day):   1.99952567452158     
 prec (mm/day):   2.77453704798794     
 ls (mm/day):  0.000000000000000E+000
 imbalance (mm/day)  8.376013432842555E-007
  imbalance (rel error):  5.448669015900289E-012
 ===========================
NSTEP =        245   NCYCLE= 10  CFL_adv= 0.465  CFL_sgs= 0.040
NSTEP =        246   NCYCLE= 10  CFL_adv= 0.453  CFL_sgs= 0.042
 Let's do some shortwave
 Range of zenith angles  0.732661695834013       0.732661695834013     
 Range of surface albedo (asdir)  3.383449086658900E-002  3.383449086658900E-002
 Range of surface albedo (aldir)  3.383449086658900E-002  3.383449086658900E-002
 Range of surface albedo (asdif)  6.000000000000000E-002  6.000000000000000E-002
 Range of surface albedo (aldif)  6.000000000000000E-002  6.000000000000000E-002
 radiation: perpetual sun, solin=   310.282739027673     
 longwave radiation is called
NSTEP =        247   NCYCLE= 10  CFL_adv= 0.437  CFL_sgs= 0.043
 Collecting statistics...
 name QCSTRG is missing in "lst" file.
NSTEP =        248   NCYCLE=  9  CFL_adv= 0.450  CFL_sgs= 0.049
 DAY =   8.611111111111111E-002
 NSTEP=         248
 div:  6.531231177217705E-017 -6.224365041843711E-017
 SST=   303.150000000000     
 surface pressure=   1014.80000000000     
 u:  -19.2032214742071        22.0860677442893     
 v:  -17.4813913320128        20.7214573874051     
 w:  -10.4424168726078        20.2862451458884     
 p:  -61.8504388997262        99.6636368463279     
 t:   290.590226308624        473.429038074175     
 tabs:   198.447345987024        301.976202421801     
 qv:  1.594742780421740E-063  2.107092004914452E-002
 tke:  0.000000000000000E+000   17.8673384751655     
 tk:  0.000000000000000E+000   105.674436582262     
 tkh:  0.000000000000000E+000   105.674436582262     
 qcl:  0.000000000000000E+000  2.249812973687338E-003
 qci:  0.000000000000000E+000  1.441994993571542E-002
 qpl:  0.000000000000000E+000  4.959119602828848E-003
 qpi:  0.000000000000000E+000  0.000000000000000E+000
 qrad(K/day):  -102.675328133964        152.287103112422     
 shf:   6.41421644605704        152.407526893341     
 lhf:   47.4078481075161        833.838952468181     
 uw: -0.299316630589997       0.291704750099923     
 vw: -0.344767852004374       0.273306534046301     
 sst:   303.150000000000        303.150000000000     
 ===========================
 total water budget:
 before (mm):         53.37599428233
 after (mm):          53.37576024765
 evaporation (mm):     0.00069521153
 precipitation (mm):   0.00092924621
 large-scale (mm):     0.00000000000
 Imbalance (mm)       0.00000000000
 evap (mm/day):   2.00220920609517     
 prec (mm/day):   2.67622907091808     
 ls (mm/day):  0.000000000000000E+000
 imbalance (mm/day)  3.619292365808491E-011
  imbalance (rel error):  2.662417293780411E-016
 ===========================
NSTEP =        249   NCYCLE=  8  CFL_adv= 0.477  CFL_sgs= 0.052
NSTEP =        250   NCYCLE=  7  CFL_adv= 0.467  CFL_sgs= 0.052
NSTEP =        251   NCYCLE=  7  CFL_adv= 0.451  CFL_sgs= 0.044
 Collecting statistics...
 name QCSTRG is missing in "lst" file.
NSTEP =        252   NCYCLE=  7  CFL_adv= 0.464  CFL_sgs= 0.040
 DAY =   8.749999999999999E-002
 NSTEP=         252
 div:  9.942558929383938E-017 -1.002317926221505E-016
 SST=   303.150000000000     
 surface pressure=   1014.80000000000     
 u:  -17.2107218731434        21.7464232556722     
 v:  -18.2155164804733        20.3254580412070     
 w:  -9.75078378376416        22.1739215521332     
 p:  -55.6112688193867        73.4065444075595     
 t:   291.281987032330        473.447313532448     
 tabs:   198.526104859477        302.335385759436     
 qv:  2.278231665803020E-063  2.109614686918928E-002
 tke:  0.000000000000000E+000   19.4308532775362     
 tk:  0.000000000000000E+000   110.201103889481     
 tkh:  0.000000000000000E+000   110.201103889481     
 qcl:  0.000000000000000E+000  3.621356830544625E-003
 qci:  0.000000000000000E+000  1.116104958041625E-002
 qpl:  0.000000000000000E+000  4.065590663504160E-003
 qpi:  0.000000000000000E+000  0.000000000000000E+000
 qrad(K/day):  -102.675328133964        152.287103112422     
 shf:   6.38889880347855        123.295410881244     
 lhf:   47.0047953859053        693.504260983784     
 uw: -0.264815192914001       0.211643750846114     
 vw: -0.344821041685036       0.295308692135439     
 sst:   303.150000000000        303.150000000000     
 ===========================
 total water budget:
 before (mm):         53.37519382660
 after (mm):          53.37506394400
 evaporation (mm):     0.00069596637
 precipitation (mm):   0.00082584925
 large-scale (mm):     0.00000000000
 Imbalance (mm)       0.00000000028
 evap (mm/day):   2.00438313721925     
 prec (mm/day):   2.37844583753606     
 ls (mm/day):  0.000000000000000E+000
 imbalance (mm/day)  7.982595131780790E-007
  imbalance (rel error):  5.192979554712658E-012
 ===========================
 Let's do some shortwave
 Range of zenith angles  0.732661695834013       0.732661695834013     
 Range of surface albedo (asdir)  3.383449086658900E-002  3.383449086658900E-002
 Range of surface albedo (aldir)  3.383449086658900E-002  3.383449086658900E-002
 Range of surface albedo (asdif)  6.000000000000000E-002  6.000000000000000E-002
 Range of surface albedo (aldif)  6.000000000000000E-002  6.000000000000000E-002
 radiation: perpetual sun, solin=   310.282739036221     
 longwave radiation is called
NSTEP =        253   NCYCLE=  7  CFL_adv= 0.453  CFL_sgs= 0.037
NSTEP =        254   NCYCLE=  7  CFL_adv= 0.441  CFL_sgs= 0.034
NSTEP =        255   NCYCLE=  7  CFL_adv= 0.425  CFL_sgs= 0.031
 Collecting statistics...
 name QCSTRG is missing in "lst" file.
NSTEP =        256   NCYCLE=  7  CFL_adv= 0.439  CFL_sgs= 0.029
 DAY =   8.888888888888889E-002
 NSTEP=         256
 div:  9.130366531016245E-017 -8.146300881229518E-017
 SST=   303.150000000000     
 surface pressure=   1014.80000000000     
 u:  -17.0334404382277        19.1427103927196     
 v:  -17.0078231480376        20.1895966292378     
 w:  -9.70971244490852        16.9288014705992     
 p:  -50.4646618325210        63.5053515597649     
 t:   292.036440612474        473.449178538136     
 tabs:   198.906927222022        302.279859819126     
 qv:  2.790110411005028E-063  2.108191192737095E-002
 tke:  0.000000000000000E+000   16.4389908483321     
 tk:  0.000000000000000E+000   101.362563504519     
 tkh:  0.000000000000000E+000   101.362563504519     
 qcl:  0.000000000000000E+000  2.348906947523936E-003
 qci:  0.000000000000000E+000  1.111741874254433E-002
 qpl:  0.000000000000000E+000  4.023461764612640E-003
 qpi:  0.000000000000000E+000  0.000000000000000E+000
 qrad(K/day):  -103.280707117933        190.666963745337     
 shf:   6.44321209144830        123.609499370477     
 lhf:   48.2093269039166        620.660514390267     
 uw: -0.271793417520840       0.206644287115918     
 vw: -0.345418731835764       0.248238875677989     
 sst:   303.150000000000        303.150000000000     
 ===========================
 total water budget:
 before (mm):         53.37482917119
 after (mm):          53.37479224039
 evaporation (mm):     0.00069665111
 precipitation (mm):   0.00073358219
 large-scale (mm):     0.00000000000
 Imbalance (mm)       0.00000000029
 evap (mm/day):   2.00635518386715     
 prec (mm/day):   2.11271670508877     
 ls (mm/day):  0.000000000000000E+000
 imbalance (mm/day)  8.226025907318024E-007
  imbalance (rel error):  5.351422691479100E-012
 ===========================
NSTEP =        257   NCYCLE=  7  CFL_adv= 0.426  CFL_sgs= 0.027
NSTEP =        258   NCYCLE=  6  CFL_adv= 0.446  CFL_sgs= 0.030
 Let's do some shortwave
 Range of zenith angles  0.732661695834013       0.732661695834013     
 Range of surface albedo (asdir)  3.383449086658900E-002  3.383449086658900E-002
 Range of surface albedo (aldir)  3.383449086658900E-002  3.383449086658900E-002
 Range of surface albedo (asdif)  6.000000000000000E-002  6.000000000000000E-002
 Range of surface albedo (aldif)  6.000000000000000E-002  6.000000000000000E-002
 radiation: perpetual sun, solin=   310.282739048820     
 longwave radiation is called
NSTEP =        259   NCYCLE=  6  CFL_adv= 0.445  CFL_sgs= 0.030
 Collecting statistics...
 name QCSTRG is missing in "lst" file.
NSTEP =        260   NCYCLE=  6  CFL_adv= 0.451  CFL_sgs= 0.029
 DAY =   9.027777777777778E-002
 NSTEP=         260
 div:  9.558900475391013E-017 -1.213317604786767E-016
 SST=   303.150000000000     
 surface pressure=   1014.80000000000     
 u:  -15.5402700757212        17.3810415823232     
 v:  -18.0746242383809        17.6165063124044     
 w:  -9.78512292271136        16.1865484199369     
 p:  -49.0207328828591        62.5001115222539     
 t:   292.861678500326        473.459623487742     
 tabs:   199.261189449133        302.323627252842     
 qv:  3.171462917939136E-063  2.105622103259654E-002
 tke:  0.000000000000000E+000   11.0831023530240     
 tk:  0.000000000000000E+000   83.2282342155595     
 tkh:  0.000000000000000E+000   83.2282342155595     
 qcl:  0.000000000000000E+000  9.689873834488319E-004
 qci:  0.000000000000000E+000  1.108126720444427E-002
 qpl:  0.000000000000000E+000  3.876042269059125E-003
 qpi:  0.000000000000000E+000  0.000000000000000E+000
 qrad(K/day):  -105.127057499787        145.178993650341     
 shf:   6.41154191933433        105.039238550708     
 lhf:   48.7951737525943        555.743042897644     
 uw: -0.313824787558377       0.200461839010869     
 vw: -0.296880886358447       0.264026991602980     
 sst:   303.150000000000        303.150000000000     
 ===========================
 total water budget:
 before (mm):         53.37478561423
 after (mm):          53.37481725173
 evaporation (mm):     0.00069723966
 precipitation (mm):   0.00066560216
 large-scale (mm):     0.00000000000
 Imbalance (mm)       0.00000000000
 evap (mm/day):   2.00805021687263     
 prec (mm/day):   1.91693422570165     
 ls (mm/day):  0.000000000000000E+000
 imbalance (mm/day) -8.023581798966006E-012
  imbalance (rel error):  0.000000000000000E+000
 ===========================
NSTEP =        261   NCYCLE=  7  CFL_adv= 0.415  CFL_sgs= 0.025
NSTEP =        262   NCYCLE=  6  CFL_adv= 0.456  CFL_sgs= 0.029
NSTEP =        263   NCYCLE=  6  CFL_adv= 0.434  CFL_sgs= 0.029
 Collecting statistics...
 name QCSTRG is missing in "lst" file.
NSTEP =        264   NCYCLE=  6  CFL_adv= 0.406  CFL_sgs= 0.031
 DAY =   9.166666666666666E-002
 NSTEP=         264
 div:  9.841337493949781E-017 -8.451363120138259E-017
 SST=   303.150000000000     
 surface pressure=   1014.80000000000     
 u:  -15.7622078809623        15.1024747761371     
 v:  -13.8050348867614        16.1000087552163     
 w:  -8.68757212722463        15.3054038094835     
 p:  -50.5149071643743        64.3767621908102     
 t:   293.616038448306        473.450319597187     
 tabs:   199.681085720180        302.068971025634     
 qv:  3.969202159758136E-063  2.097725812435473E-002
 tke:  0.000000000000000E+000   13.4791739366289     
 tk:  0.000000000000000E+000   91.7849863016445     
 tkh:  0.000000000000000E+000   91.7849863016445     
 qcl:  0.000000000000000E+000  1.274939440529151E-003
 qci:  0.000000000000000E+000  1.104782431776587E-002
 qpl:  0.000000000000000E+000  3.558937778355772E-003
 qpi:  0.000000000000000E+000  0.000000000000000E+000
 qrad(K/day):  -105.127057499787        145.178993650341     
 shf:   6.45067976399054        101.192425129966     
 lhf:   50.3373974579763        522.180609084793     
 uw: -0.244520846334730       0.205158661862254     
 vw: -0.254337061433701       0.211413049073159     
 sst:   303.150000000000        303.150000000000     
 ===========================
 total water budget:
 before (mm):         53.37500530085
 after (mm):          53.37509852288
 evaporation (mm):     0.00069768306
 precipitation (mm):   0.00060446103
 large-scale (mm):     0.00000000000
 Imbalance (mm)      -0.00000000000
 evap (mm/day):   2.00932719870107     
 prec (mm/day):   1.74084776197481     
 ls (mm/day):  0.000000000000000E+000
 imbalance (mm/day) -3.798773795526955E-011
  imbalance (rel error): -1.331225150723685E-016
 ===========================
 Let's do some shortwave
 Range of zenith angles  0.732661695834013       0.732661695834013     
 Range of surface albedo (asdir)  3.383449086658900E-002  3.383449086658900E-002
 Range of surface albedo (aldir)  3.383449086658900E-002  3.383449086658900E-002
 Range of surface albedo (asdif)  6.000000000000000E-002  6.000000000000000E-002
 Range of surface albedo (aldif)  6.000000000000000E-002  6.000000000000000E-002
 radiation: perpetual sun, solin=   310.282739063176     
 longwave radiation is called
NSTEP =        265   NCYCLE=  6  CFL_adv= 0.406  CFL_sgs= 0.030
NSTEP =        266   NCYCLE=  5  CFL_adv= 0.451  CFL_sgs= 0.036
NSTEP =        267   NCYCLE=  5  CFL_adv= 0.455  CFL_sgs= 0.034
 Collecting statistics...
 name QCSTRG is missing in "lst" file.
NSTEP =        268   NCYCLE=  5  CFL_adv= 0.446  CFL_sgs= 0.032
 DAY =   9.305555555555556E-002
 NSTEP=         268
 div:  1.614617839369761E-016 -1.669480481373583E-016
 SST=   303.150000000000     
 surface pressure=   1014.80000000000     
 u:  -16.6156622235573        15.6706047126870     
 v:  -14.2842652278809        15.0522638225261     
 w:  -8.56917272925598        15.1314074145503     
 p:  -48.0722381184126        58.6138817988150     
 t:   293.822036861648        473.429277089237     
 tabs:   199.527517392656        301.994479472082     
 qv:  8.112623370175278E-063  2.098521608238261E-002
 tke:  0.000000000000000E+000   14.3083535137795     
 tk:  0.000000000000000E+000   94.5659608215991     
 tkh:  0.000000000000000E+000   94.5659608215991     
 qcl:  0.000000000000000E+000  1.289338845601604E-003
 qci:  0.000000000000000E+000  1.101665351329862E-002
 qpl:  0.000000000000000E+000  3.159691349480787E-003
 qpi:  0.000000000000000E+000  0.000000000000000E+000
 qrad(K/day):  -105.436414356445        124.437958272670     
 shf:   6.49290968260002        99.5531913587836     
 lhf:   50.5421266620111        481.109766166377     
 uw: -0.221726095344940       0.153411798855110     
 vw: -0.253152550214387       0.194915804089184     
 sst:   303.150000000000        303.150000000000     
 ===========================
 total water budget:
 before (mm):         53.37546909682
 after (mm):          53.37562143017
 evaporation (mm):     0.00069784794
 precipitation (mm):   0.00054551459
 large-scale (mm):     0.00000000000
 Imbalance (mm)       0.00000000000
 evap (mm/day):   2.00980207496258     
 prec (mm/day):   1.57108202809855     
 ls (mm/day):  0.000000000000000E+000
 imbalance (mm/day)  1.918637124176392E-009
  imbalance (rel error):  1.251339382508656E-014
 ===========================
NSTEP =        269   NCYCLE=  5  CFL_adv= 0.449  CFL_sgs= 0.034
NSTEP =        270   NCYCLE=  5  CFL_adv= 0.446  CFL_sgs= 0.034
 Let's do some shortwave
 Range of zenith angles  0.732661695834013       0.732661695834013     
 Range of surface albedo (asdir)  3.383449086658900E-002  3.383449086658900E-002
 Range of surface albedo (aldir)  3.383449086658900E-002  3.383449086658900E-002
 Range of surface albedo (asdif)  6.000000000000000E-002  6.000000000000000E-002
 Range of surface albedo (aldif)  6.000000000000000E-002  6.000000000000000E-002
 radiation: perpetual sun, solin=   310.282739077038     
 longwave radiation is called
NSTEP =        271   NCYCLE=  5  CFL_adv= 0.430  CFL_sgs= 0.034
 Collecting statistics...
 name QCSTRG is missing in "lst" file.
NSTEP =        272   NCYCLE=  5  CFL_adv= 0.412  CFL_sgs= 0.034
 DAY =   9.444444444444444E-002
 NSTEP=         272
 div:  1.179069308441079E-016 -1.285235065204844E-016
 SST=   303.150000000000     
 surface pressure=   1014.80000000000     
 u:  -15.6836001139142        13.9976849985589     
 v:  -12.9498776062826        14.8934371333095     
 w:  -8.51342463388418        11.2391139473221     
 p:  -39.1367031485678        51.3374309588763     
 t:   293.193841800558        473.410797527875     
 tabs:   199.712922672760        300.848141910753     
 qv:  2.532727877179622E-062  2.101266620738815E-002
 tke:  0.000000000000000E+000   9.03948240614499     
 tk:  0.000000000000000E+000   75.1643299966189     
 tkh:  0.000000000000000E+000   75.1643299966189     
 qcl:  0.000000000000000E+000  9.038018679317851E-004
 qci:  0.000000000000000E+000  1.097996708549026E-002
 qpl:  0.000000000000000E+000  3.450262815344969E-003
 qpi:  0.000000000000000E+000  0.000000000000000E+000
 qrad(K/day):  -106.869585739251        123.751637552292     
 shf:   6.53857939486857        89.7647440967826     
 lhf:   50.7768009417142        471.164528835324     
 uw: -0.143510347289826       0.155592166417517     
 vw: -0.254925040968246       0.151268373676089     
 sst:   303.150000000000        303.150000000000     
 ===========================
 total water budget:
 before (mm):         53.37614770939
 after (mm):          53.37634221389
 evaporation (mm):     0.00069771788
 precipitation (mm):   0.00050321339
 large-scale (mm):     0.00000000000
 Imbalance (mm)       0.00000000000
 evap (mm/day):   2.00942749421472     
 prec (mm/day):   1.44925455545252     
 ls (mm/day):  0.000000000000000E+000
 imbalance (mm/day)  4.302014994239656E-010
  imbalance (rel error):  2.795507678508557E-015
 ===========================
NSTEP =        273   NCYCLE=  5  CFL_adv= 0.385  CFL_sgs= 0.036
NSTEP =        274   NCYCLE=  4  CFL_adv= 0.461  CFL_sgs= 0.047
NSTEP =        275   NCYCLE=  4  CFL_adv= 0.460  CFL_sgs= 0.048
 Collecting statistics...
 name QCSTRG is missing in "lst" file.
NSTEP =        276   NCYCLE=  5  CFL_adv= 0.392  CFL_sgs= 0.038
 DAY =   9.583333333333334E-002
 NSTEP=         276
 div:  1.535040989898783E-016 -1.589426819961079E-016
 SST=   303.150000000000     
 surface pressure=   1014.80000000000     
 u:  -13.5518138675658        12.8511689193063     
 v:  -12.3473735151751        15.5496371318176     
 w:  -8.09870202460610        7.08368083896599     
 p:  -36.9085798151543        48.2423271221301     
 t:   293.075904767244        473.395286838897     
 tabs:   199.739543869631        300.817237491639     
 qv:  9.482925843321985E-062  2.103559889614595E-002
 tke:  0.000000000000000E+000   5.28254115441512     
 tk:  0.000000000000000E+000   57.4594484963914     
 tkh:  0.000000000000000E+000   57.4594484963914     
 qcl:  0.000000000000000E+000  1.137251133237213E-003
 qci:  0.000000000000000E+000  1.094606331695627E-002
 qpl:  0.000000000000000E+000  3.301626286016815E-003
 qpi:  0.000000000000000E+000  0.000000000000000E+000
 qrad(K/day):  -106.869585739251        123.751637552292     
 shf:   6.54147916228109        86.6239003710707     
 lhf:   50.8903205283406        435.849283244837     
 uw: -0.117938089480845       0.144438615831188     
 vw: -0.266134144469934       0.121123888209242     
 sst:   303.150000000000        303.150000000000     
 ===========================
 total water budget:
 before (mm):         53.37696897273
 after (mm):          53.37718934971
 evaporation (mm):     0.00069733217
 precipitation (mm):   0.00047695519
 large-scale (mm):     0.00000000000
 Imbalance (mm)       0.00000000000
 evap (mm/day):   2.00831664079011     
 prec (mm/day):   1.37363093524902     
 ls (mm/day):  0.000000000000000E+000
 imbalance (mm/day) -5.907774269786614E-013
  imbalance (rel error):  0.000000000000000E+000
 ===========================
 Let's do some shortwave
 Range of zenith angles  0.732661695834013       0.732661695834013     
 Range of surface albedo (asdir)  3.383449086658900E-002  3.383449086658900E-002
 Range of surface albedo (aldir)  3.383449086658900E-002  3.383449086658900E-002
 Range of surface albedo (asdif)  6.000000000000000E-002  6.000000000000000E-002
 Range of surface albedo (aldif)  6.000000000000000E-002  6.000000000000000E-002
 radiation: perpetual sun, solin=   310.282739088586     
 longwave radiation is called
NSTEP =        277   NCYCLE=  5  CFL_adv= 0.400  CFL_sgs= 0.036
NSTEP =        278   NCYCLE=  5  CFL_adv= 0.403  CFL_sgs= 0.036
NSTEP =        279   NCYCLE=  5  CFL_adv= 0.394  CFL_sgs= 0.039
 Collecting statistics...
 name QCSTRG is missing in "lst" file.
NSTEP =        280   NCYCLE=  5  CFL_adv= 0.385  CFL_sgs= 0.040
 DAY =   9.722222222222222E-002
 NSTEP=         280
 div:  1.567289443528944E-016 -1.382091728737008E-016
 SST=   303.150000000000     
 surface pressure=   1014.80000000000     
 u:  -12.7682866211628        13.1885093016255     
 v:  -11.6511560029028        14.0276499970824     
 w:  -7.05446908240803        6.04100088836084     
 p:  -36.3983248687297        55.0629357489119     
 t:   293.265987822201        473.381225290091     
 tabs:   199.862737627824        300.829958061103     
 qv:  1.212137175776005E-060  2.104697791070620E-002
 tke:  0.000000000000000E+000   6.55821889958940     
 tk:  0.000000000000000E+000   64.0225492482405     
 tkh:  0.000000000000000E+000   64.0225492482405     
 qcl:  0.000000000000000E+000  1.119175151818595E-003
 qci:  0.000000000000000E+000  1.089478247115958E-002
 qpl:  0.000000000000000E+000  3.068411374738344E-003
 qpi:  0.000000000000000E+000  0.000000000000000E+000
 qrad(K/day):  -108.280396675404        132.338265781761     
 shf:   6.52595316924541        90.2635696726675     
 lhf:   50.6484781775354        407.494688446719     
 uw: -0.106210525242644       0.133646683901060     
 vw: -0.174776727430995       0.117698654622722     
 sst:   303.150000000000        303.150000000000     
 ===========================
 total water budget:
 before (mm):         53.37788513078
 after (mm):          53.37813197541
 evaporation (mm):     0.00069701136
 precipitation (mm):   0.00045016673
 large-scale (mm):     0.00000000000
 Imbalance (mm)       0.00000000000
 evap (mm/day):   2.00739270348553     
 prec (mm/day):   1.29648017269331     
 ls (mm/day):  0.000000000000000E+000
 imbalance (mm/day)  1.393606792465807E-009
  imbalance (rel error):  9.051816585477990E-015
 ===========================
NSTEP =        281   NCYCLE=  4  CFL_adv= 0.464  CFL_sgs= 0.050
NSTEP =        282   NCYCLE=  5  CFL_adv= 0.396  CFL_sgs= 0.035
 Let's do some shortwave
 Range of zenith angles  0.732661695834013       0.732661695834013     
 Range of surface albedo (asdir)  3.383449086658900E-002  3.383449086658900E-002
 Range of surface albedo (aldir)  3.383449086658900E-002  3.383449086658900E-002
 Range of surface albedo (asdif)  6.000000000000000E-002  6.000000000000000E-002
 Range of surface albedo (aldif)  6.000000000000000E-002  6.000000000000000E-002
 radiation: perpetual sun, solin=   310.282739095920     
 longwave radiation is called
NSTEP =        283   NCYCLE=  5  CFL_adv= 0.417  CFL_sgs= 0.042
 Collecting statistics...
 name QCSTRG is missing in "lst" file.
NSTEP =        284   NCYCLE=  5  CFL_adv= 0.422  CFL_sgs= 0.049
 DAY =   9.861111111111111E-002
 NSTEP=         284
 div:  9.670018990162674E-017 -1.216810118853474E-016
 SST=   303.150000000000     
 surface pressure=   1014.80000000000     
 u:  -11.9236431793048        11.6121779925901     
 v:  -11.9767679632800        13.9696919830609     
 w:  -6.57772354776021        5.30455371762913     
 p:  -37.5458744942598        53.5302784695082     
 t:   293.669303276697        473.378742922836     
 tabs:   199.714913688656        300.837955056943     
 qv:  3.120581965495232E-059  2.095022572484595E-002
 tke:  0.000000000000000E+000   4.95785469134988     
 tk:  0.000000000000000E+000   51.0133861739626     
 tkh:  0.000000000000000E+000   51.0133861739626     
 qcl:  0.000000000000000E+000  9.544359578595954E-004
 qci:  0.000000000000000E+000  1.077436390536283E-002
 qpl:  0.000000000000000E+000  2.730079559041027E-003
 qpi:  0.000000000000000E+000  0.000000000000000E+000
 qrad(K/day):  -103.625670579629        121.525063212276     
 shf:   6.57508461048529        85.4682711482156     
 lhf:   50.9668621604229        396.529419614371     
 uw: -0.133657862850432       0.125676895027240     
 vw: -0.208925800986023       9.557069535671145E-002
 sst:   303.150000000000        303.150000000000     
 ===========================
 total water budget:
 before (mm):         53.37892074181
 after (mm):          53.37919688840
 evaporation (mm):     0.00069676803
 precipitation (mm):   0.00042062144
 large-scale (mm):     0.00000000000
 Imbalance (mm)       0.00000000000
 evap (mm/day):   2.00669193506496     
 prec (mm/day):   1.21138974874577     
 ls (mm/day):  0.000000000000000E+000
 imbalance (mm/day)  9.448161003566824E-011
  imbalance (rel error):  6.655614707407453E-016
 ===========================
NSTEP =        285   NCYCLE=  5  CFL_adv= 0.411  CFL_sgs= 0.047
NSTEP =        286   NCYCLE=  5  CFL_adv= 0.388  CFL_sgs= 0.045
NSTEP =        287   NCYCLE=  4  CFL_adv= 0.449  CFL_sgs= 0.054
 Collecting statistics...
 name QCSTRG is missing in "lst" file.
NSTEP =        288   NCYCLE=  4  CFL_adv= 0.426  CFL_sgs= 0.051
 DAY =   0.100000000000000     
 NSTEP=         288
 div:  1.786969038271397E-016 -1.871153709514209E-016
 SST=   303.150000000000     
 surface pressure=   1014.80000000000     
 u:  -12.5116906106494        11.7731845315089     
 v:  -11.9318063714112        13.5474755895822     
 w:  -6.60888307557136        4.33483289675244     
 p:  -38.1495258524361        58.2778734048007     
 t:   293.746763434676        473.372253087838     
 tabs:   199.715319027060        300.838477721542     
 qv:  2.744374551048362E-058  2.093658714926024E-002
 tke:  0.000000000000000E+000   6.24415862394344     
 tk:  0.000000000000000E+000   62.4707862921914     
 tkh:  0.000000000000000E+000   62.4707862921914     
 qcl:  0.000000000000000E+000  1.122289624226573E-003
 qci:  0.000000000000000E+000  1.069439599384749E-002
 qpl:  0.000000000000000E+000  2.869431171599133E-003
 qpi:  0.000000000000000E+000  0.000000000000000E+000
 qrad(K/day):  -103.625670579629        121.525063212276     
 shf:   6.57351568224997        84.9062584790184     
 lhf:   50.9404916526039        391.986996203312     
 uw: -0.138575334573039       0.120142255589579     
 vw: -0.229826271458385       0.101280332770093     
 sst:   303.150000000000        303.150000000000     
 ===========================
 total water budget:
 before (mm):         53.38004604473
 after (mm):          53.38033112272
 evaporation (mm):     0.00069646100
 precipitation (mm):   0.00041138301
 large-scale (mm):     0.00000000000
 Imbalance (mm)       0.00000000000
 evap (mm/day):   2.00580769279291     
 prec (mm/day):   1.18478308234750     
 ls (mm/day):  0.000000000000000E+000
 imbalance (mm/day)  1.174385620000829E-008
  imbalance (rel error):  7.627172387793932E-014
 ===========================
 Let's do some shortwave
 Range of zenith angles  0.732661695834013       0.732661695834013     
 Range of surface albedo (asdir)  3.383449086658900E-002  3.383449086658900E-002
 Range of surface albedo (aldir)  3.383449086658900E-002  3.383449086658900E-002
 Range of surface albedo (asdif)  6.000000000000000E-002  6.000000000000000E-002
 Range of surface albedo (aldif)  6.000000000000000E-002  6.000000000000000E-002
 radiation: perpetual sun, solin=   310.282739096509     
 longwave radiation is called
NSTEP =        289   NCYCLE=  4  CFL_adv= 0.425  CFL_sgs= 0.049
NSTEP =        290   NCYCLE=  4  CFL_adv= 0.419  CFL_sgs= 0.046
NSTEP =        291   NCYCLE=  4  CFL_adv= 0.401  CFL_sgs= 0.043
 Collecting statistics...
 name QCSTRG is missing in "lst" file.
NSTEP =        292   NCYCLE=  4  CFL_adv= 0.418  CFL_sgs= 0.040
 DAY =   0.101388888888889     
 NSTEP=         292
 div:  1.276053990231346E-016 -1.495780597316177E-016
 SST=   303.150000000000     
 surface pressure=   1014.80000000000     
 u:  -12.7601066258725        11.1770742796464     
 v:  -11.7073651949241        13.3898236913600     
 w:  -7.25368388546020        4.70573609148165     
 p:  -42.6332802546381        46.9594600683719     
 t:   293.553016774815        473.366055252305     
 tabs:   199.997955416356        300.847210351745     
 qv:  8.342657445300408E-058  2.100500726323392E-002
 tke:  0.000000000000000E+000   4.98751895687943     
 tk:  0.000000000000000E+000   55.8318846901091     
 tkh:  0.000000000000000E+000   55.8318846901091     
 qcl:  0.000000000000000E+000  1.218484591407082E-003
 qci:  0.000000000000000E+000  1.067614172994726E-002
 qpl:  0.000000000000000E+000  2.790786806265682E-003
 qpi:  0.000000000000000E+000  0.000000000000000E+000
 qrad(K/day):  -100.997680552352        120.882616561558     
 shf:   6.53170738142244        90.7272614421506     
 lhf:   50.6588384473921        418.536111338936     
 uw: -0.138083804430355       0.102324493128507     
 vw: -0.203452329861168       9.573721717116093E-002
 sst:   303.150000000000        303.150000000000     
 ===========================
 total water budget:
 before (mm):         53.38117531641
 after (mm):          53.38145044475
 evaporation (mm):     0.00069610190
 precipitation (mm):   0.00042097356
 large-scale (mm):     0.00000000000
 Imbalance (mm)       0.00000000000
 evap (mm/day):   2.00477346457816     
 prec (mm/day):   1.21240384308227     
 ls (mm/day):  0.000000000000000E+000
 imbalance (mm/day)  7.848534322452139E-011
  imbalance (rel error):  5.324266986679170E-016
 ===========================
NSTEP =        293   NCYCLE=  4  CFL_adv= 0.453  CFL_sgs= 0.037
NSTEP =        294   NCYCLE=  4  CFL_adv= 0.446  CFL_sgs= 0.034
 Let's do some shortwave
 Range of zenith angles  0.732661695834013       0.732661695834013     
 Range of surface albedo (asdir)  3.383449086658900E-002  3.383449086658900E-002
 Range of surface albedo (aldir)  3.383449086658900E-002  3.383449086658900E-002
 Range of surface albedo (asdif)  6.000000000000000E-002  6.000000000000000E-002
 Range of surface albedo (aldif)  6.000000000000000E-002  6.000000000000000E-002
 radiation: perpetual sun, solin=   310.282739089961     
 longwave radiation is called
NSTEP =        295   NCYCLE=  4  CFL_adv= 0.429  CFL_sgs= 0.031
 Collecting statistics...
 name QCSTRG is missing in "lst" file.
NSTEP =        296   NCYCLE=  4  CFL_adv= 0.423  CFL_sgs= 0.031
 DAY =   0.102777777777778     
 NSTEP=         296
 div:  1.180685173313492E-016 -1.015992896772278E-016
 SST=   303.150000000000     
 surface pressure=   1014.80000000000     
 u:  -12.0844265262129        11.3801801463939     
 v:  -11.4254466356790        13.2048142061724     
 w:  -7.30365065778232        5.35318080747049     
 p:  -47.2388017518810        40.7123012656839     
 t:   292.814766752811        473.363245252870     
 tabs:   200.121718735456        300.852497177622     
 qv:  9.508008797174065E-058  2.101922296042949E-002
 tke:  0.000000000000000E+000   7.26617273928052     
 tk:  0.000000000000000E+000   51.7597104626143     
 tkh:  0.000000000000000E+000   51.7597104626143     
 qcl:  0.000000000000000E+000  1.183153690556401E-003
 qci:  0.000000000000000E+000  1.064864898854754E-002
 qpl:  0.000000000000000E+000  2.767528556539792E-003
 qpi:  0.000000000000000E+000  0.000000000000000E+000
 qrad(K/day):  -104.031754794669        129.834364962546     
 shf:   6.46863947549840        92.5913412645766     
 lhf:   50.3928280877918        446.056776639406     
 uw: -0.154228513150492       0.100980964278374     
 vw: -0.221963677236240       8.568359365761127E-002
 sst:   303.150000000000        303.150000000000     
 ===========================
 total water budget:
 before (mm):         53.38224610478
 after (mm):          53.38250009760
 evaporation (mm):     0.00069550065
 precipitation (mm):   0.00044150783
 large-scale (mm):     0.00000000000
 Imbalance (mm)       0.00000000000
 evap (mm/day):   2.00304186947982     
 prec (mm/day):   1.27154254652194     
 ls (mm/day):  0.000000000000000E+000
 imbalance (mm/day)  1.140493949280952E-011
  imbalance (rel error):  1.331040574085082E-016
 ===========================
NSTEP =        297   NCYCLE=  4  CFL_adv= 0.429  CFL_sgs= 0.029
NSTEP =        298   NCYCLE=  4  CFL_adv= 0.427  CFL_sgs= 0.029
NSTEP =        299   NCYCLE=  4  CFL_adv= 0.428  CFL_sgs= 0.033
 Collecting statistics...
 name QCSTRG is missing in "lst" file.
 Writting statistics:nstatsteps=          15
 --------------- ISCCP Simulator Diagnostics: -----------------
 ISCCP PDF:
            0.0       0.3       1.3       3.6       9.4      23.0      60.0
    0.     0.011     0.017     0.029     0.011     0.008     0.010     0.058
  180.     0.000     0.000     0.000     0.000     0.000     0.000     0.000
  310.     0.000     0.000     0.000     0.000     0.000     0.000     0.000
  440.     0.000     0.000     0.000     0.000     0.000     0.000     0.000
  560.     0.000     0.000     0.000     0.000     0.000     0.000     0.000
  680.     0.000     0.000     0.000     0.000     0.000     0.000     0.000
  800.     0.000     0.000     0.000     0.000     0.000     0.000     0.000
 low cld area (tau > 0.3)=  0.000000000000000E+000
 mid cld area (tau > 0.3)=  0.000000000000000E+000
 hgh cld area (tau > 0.3)=  0.133808390299479     
 total cld area (tau > 0.3)=  0.133808390299479     
 mean albedo cld (tau > 0.3)   0.603525972754296     
 mean tau cld (tau > 0.3)    13.6613081413364     
 mean top pressure (tau > 0.3)   103.854683572910     
 mean brightness temp (tau > 0.3)   240.133348669479     
 mean clearsky brightness temp (tau > 0.3)   296.816240103419     
 --------------- MODIS Simulator Diagnostics: -----------------
 MODIS PDF:
                      0.3       1.3       3.6       9.4      23.0      60.0
    0.               0.018     0.029     0.011     0.008     0.010     0.058
  180.               0.000     0.000     0.000     0.000     0.000     0.000
  310.               0.000     0.000     0.000     0.000     0.000     0.000
  440.               0.000     0.000     0.000     0.000     0.000     0.000
  560.               0.000     0.000     0.000     0.000     0.000     0.000
  680.               0.000     0.000     0.000     0.000     0.000     0.000
  800.               0.000     0.000     0.000     0.000     0.000     0.000
 low cld area =  0.000000000000000E+000
 mid cld area =  0.000000000000000E+000
 hgh cld area =  0.133648681640625     
 total cld area =  0.133648681640625     
 mean tau cld    165.231963011001     
 mean top pressure    115.174573541569     
 total cld area (liquid) =  0.000000000000000E+000
 total cld area (ice) =  0.133648681640625     
 mean tau (liquid) =  -1.00000000000000     
 mean tau (ice) =   165.231963011001     
 mean lwp (g/m2) =  -1.00000000000000     
 mean iwp (g/m2) =   2923.74021822957     
 mean reff (liquid)  =  -1.00000000000000     
 mean reff (ice)  =   27.9077631861085     
 --------------- MISR Simulator Diagnostics: -----------------
 MISR PDF:
            0.0       0.3       1.3       3.6       9.4      23.0      60.0
 99.00     0.000     0.000     0.000     0.000     0.000     0.000     0.006
 17.00     0.000     0.001     0.016     0.008     0.006     0.009     0.052
 15.00     0.000     0.009     0.012     0.003     0.001     0.001     0.000
 13.00     0.000     0.003     0.001     0.001     0.000     0.000     0.000
 11.00     0.000     0.001     0.001     0.000     0.000     0.000     0.000
  9.00     0.000     0.000     0.000     0.000     0.000     0.000     0.000
  7.00     0.000     0.000     0.000     0.000     0.000     0.000     0.000
  5.00     0.000     0.000     0.000     0.000     0.000     0.000     0.000
  4.00     0.000     0.000     0.000     0.000     0.000     0.000     0.000
  3.00     0.000     0.000     0.000     0.000     0.000     0.000     0.000
  2.50     0.000     0.000     0.000     0.000     0.000     0.000     0.000
  2.00     0.000     0.000     0.000     0.000     0.000     0.000     0.000
  1.50     0.000     0.000     0.000     0.000     0.000     0.000     0.000
  1.00     0.000     0.000     0.000     0.000     0.000     0.000     0.000
  0.50     0.000     0.000     0.000     0.000     0.000     0.000     0.000
  0.00     0.002     0.003     0.000     0.000     0.000     0.000     0.000
 total cld area =  0.130509440104167     
 mean top height (m)   15426.5963809592     
 Writting history file 
 rcemip300sst_16_nCat6_MaxIce200                                                
  
NSTEP =        300   NCYCLE=  4  CFL_adv= 0.428  CFL_sgs= 0.033
 DAY =   0.104166666666667     
 NSTEP=         300
 div:  6.839930625079107E-017 -9.328714403388620E-017
 SST=   303.150000000000     
 surface pressure=   1014.80000000000     
 u:  -11.8632616007899        11.4210427210133     
 v:  -11.2148441790825        11.9762659677706     
 w:  -6.74383960795949        4.19675604448040     
 p:  -56.0421821239424        27.4082455329700     
 t:   293.008735425083        473.358985406479     
 tabs:   200.107991325755        300.858215327409     
 qv:  1.463692435888418E-057  2.087590412142858E-002
 tke:  0.000000000000000E+000   4.19586113805203     
 tk:  0.000000000000000E+000   46.3581571071118     
 tkh:  0.000000000000000E+000   46.3581571071118     
 qcl:  0.000000000000000E+000  1.257668813340160E-003
 qci:  0.000000000000000E+000  1.059895448006763E-002
 qpl:  0.000000000000000E+000  2.310526435471179E-003
 qpi:  0.000000000000000E+000  0.000000000000000E+000
 qrad(K/day):  -104.031754794669        129.834364962546     
 shf:   6.42039335136759        98.9176431454636     
 lhf:   50.2893552391928        448.111523189288     
 uw: -0.112528832875850       0.109032908652881     
 vw: -0.172700325859545       8.663479603958692E-002
 sst:   303.150000000000        303.150000000000     
 ===========================
 total water budget:
 before (mm):         53.38324209507
 after (mm):          53.38348901557
 evaporation (mm):     0.00069450560
 precipitation (mm):   0.00044758510
 large-scale (mm):     0.00000000000
 Imbalance (mm)       0.00000000000
 evap (mm/day):   2.00017613526700     
 prec (mm/day):   1.28904509995180     
 ls (mm/day):  0.000000000000000E+000
 imbalance (mm/day)  1.299258513276502E-009
  imbalance (rel error):  8.385400276071756E-015
 ===========================
CPU TIME =     472.3249 OVER     0.50 MODEL HOURS
 Let's do some shortwave
 Range of zenith angles  0.732661695834013       0.732661695834013     
 Range of surface albedo (asdir)  3.383449086658900E-002  3.383449086658900E-002
 Range of surface albedo (aldir)  3.383449086658900E-002  3.383449086658900E-002
 Range of surface albedo (asdif)  6.000000000000000E-002  6.000000000000000E-002
 Range of surface albedo (aldif)  6.000000000000000E-002  6.000000000000000E-002
 radiation: perpetual sun, solin=   310.282739079924     
 longwave radiation is called
NSTEP =        301   NCYCLE=  4  CFL_adv= 0.418  CFL_sgs= 0.033
NSTEP =        302   NCYCLE=  4  CFL_adv= 0.407  CFL_sgs= 0.033
NSTEP =        303   NCYCLE=  4  CFL_adv= 0.435  CFL_sgs= 0.033
 Collecting statistics...
 name QCSTRG is missing in "lst" file.
NSTEP =        304   NCYCLE=  4  CFL_adv= 0.446  CFL_sgs= 0.032
 DAY =   0.105555555555556     
 NSTEP=         304
 div:  8.843966676030407E-017 -7.152380335320212E-017
 SST=   303.150000000000     
 surface pressure=   1014.80000000000     
 u:  -12.1475285516413        10.7745710793022     
 v:  -11.4483018141875        11.8578526140011     
 w:  -5.33135508946877        3.62259759917005     
 p:  -57.5870995761644        26.9717394979051     
 t:   294.142362152082        473.360768895410     
 tabs:   200.108781813798        300.851445539820     
 qv:  2.225227042001767E-056  2.088544955523107E-002
 tke:  0.000000000000000E+000   4.47145171552912     
 tk:  0.000000000000000E+000   52.8645185564543     
 tkh:  0.000000000000000E+000   52.8645185564543     
 qcl:  0.000000000000000E+000  1.211925228839630E-003
 qci:  0.000000000000000E+000  1.048337626594890E-002
 qpl:  0.000000000000000E+000  1.950772135264940E-003
 qpi:  0.000000000000000E+000  0.000000000000000E+000
 qrad(K/day):  -102.035584705992        121.641466307440     
 shf:   6.39419874237978        79.1333912378251     
 lhf:   49.6824380243415        442.056937927676     
 uw: -0.111657746304924       0.104859818005113     
 vw: -0.150451884870720       9.426799763537984E-002
 sst:   303.150000000000        303.150000000000     
 ===========================
 total water budget:
 before (mm):         53.38424831494
 after (mm):          53.38450973154
 evaporation (mm):     0.00069321690
 precipitation (mm):   0.00043180030
 large-scale (mm):     0.00000000000
 Imbalance (mm)      -0.00000000000
 evap (mm/day):   1.99646467036615     
 prec (mm/day):   1.24358485592075     
 ls (mm/day):  0.000000000000000E+000
 imbalance (mm/day) -2.778808433356872E-011
  imbalance (rel error): -2.661980935418331E-016
 ===========================
NSTEP =        305   NCYCLE=  4  CFL_adv= 0.462  CFL_sgs= 0.031
NSTEP =        306   NCYCLE=  4  CFL_adv= 0.421  CFL_sgs= 0.031
 Let's do some shortwave
 Range of zenith angles  0.732661695834013       0.732661695834013     
 Range of surface albedo (asdir)  3.383449086658900E-002  3.383449086658900E-002
 Range of surface albedo (aldir)  3.383449086658900E-002  3.383449086658900E-002
 Range of surface albedo (asdif)  6.000000000000000E-002  6.000000000000000E-002
 Range of surface albedo (aldif)  6.000000000000000E-002  6.000000000000000E-002
 radiation: perpetual sun, solin=   310.282739071706     
 longwave radiation is called
NSTEP =        307   NCYCLE=  4  CFL_adv= 0.396  CFL_sgs= 0.033
 Collecting statistics...
 name QCSTRG is missing in "lst" file.
NSTEP =        308   NCYCLE=  4  CFL_adv= 0.390  CFL_sgs= 0.035
 DAY =   0.106944444444444     
 NSTEP=         308
 div:  8.602146346664677E-017 -8.670114068217745E-017
 SST=   303.150000000000     
 surface pressure=   1014.80000000000     
 u:  -12.0522349771051        12.1897379209305     
 v:  -11.8027262973807        11.3466107379749     
 w:  -4.45666241718388        3.78810233992920     
 p:  -61.3323356314812        27.0667127856158     
 t:   294.941794247996        473.365101031611     
 tabs:   200.101286346739        300.863075093755     
 qv:  7.004597486572534E-056  2.086412985011431E-002
 tke:  0.000000000000000E+000   4.71042192382826     
 tk:  0.000000000000000E+000   53.6686540859894     
 tkh:  0.000000000000000E+000   53.6686540859894     
 qcl:  0.000000000000000E+000  1.389561274837155E-003
 qci:  0.000000000000000E+000  1.040332959351527E-002
 qpl:  0.000000000000000E+000  1.784717254142893E-003
 qpi:  0.000000000000000E+000  0.000000000000000E+000
 qrad(K/day):  -98.8843951508777        130.546488100818     
 shf:   6.37974920161199        73.9905732795443     
 lhf:   49.5009787203767        423.264853135600     
 uw: -0.109100910259291       8.256068230556574E-002
 vw: -0.121093276357669       8.390869519843766E-002
 sst:   303.150000000000        303.150000000000     
 ===========================
 total water budget:
 before (mm):         53.38532417707
 after (mm):          53.38560691307
 evaporation (mm):     0.00069163858
 precipitation (mm):   0.00040890259
 large-scale (mm):     0.00000000000
 Imbalance (mm)      -0.00000000000
 evap (mm/day):   1.99191910813138     
 prec (mm/day):   1.17763945350920     
 ls (mm/day):  0.000000000000000E+000
 imbalance (mm/day) -1.000949323426426E-011
  imbalance (rel error): -1.330963113179867E-016
 ===========================
NSTEP =        309   NCYCLE=  4  CFL_adv= 0.406  CFL_sgs= 0.036
NSTEP =        310   NCYCLE=  4  CFL_adv= 0.374  CFL_sgs= 0.040
NSTEP =        311   NCYCLE=  3  CFL_adv= 0.474  CFL_sgs= 0.051
 Collecting statistics...
 name QCSTRG is missing in "lst" file.
NSTEP =        312   NCYCLE=  3  CFL_adv= 0.442  CFL_sgs= 0.047
 DAY =   0.108333333333333     
 NSTEP=         312
 div:  1.488530763861768E-016 -1.399508014263221E-016
 SST=   303.150000000000     
 surface pressure=   1014.80000000000     
 u:  -11.4780411151678        12.5435708071492     
 v:  -11.8761534098225        11.5160265671777     
 w:  -4.14808934830772        3.35909020090362     
 p:  -61.7715554011882        28.6138654249545     
 t:   295.400211306129        473.366037957715     
 tabs:   200.006781910436        300.848021792857     
 qv:  3.829031570053900E-055  2.085927614152963E-002
 tke:  0.000000000000000E+000   4.39758808008718     
 tk:  0.000000000000000E+000   51.8868173483837     
 tkh:  0.000000000000000E+000   51.8868173483837     
 qcl:  0.000000000000000E+000  1.523481205166163E-003
 qci:  0.000000000000000E+000  1.033543993492039E-002
 qpl:  0.000000000000000E+000  1.564376470732735E-003
 qpi:  0.000000000000000E+000  0.000000000000000E+000
 qrad(K/day):  -98.8843951508777        130.546488100818     
 shf:   6.37542142978486        76.8428655274688     
 lhf:   49.4552830147301        410.517275616673     
 uw: -9.221373488855245E-002  8.068394816003462E-002
 vw: -0.119294384377794       7.134014474514448E-002
 sst:   303.150000000000        303.150000000000     
 ===========================
 total water budget:
 before (mm):         53.38649342430
 after (mm):          53.38680290206
 evaporation (mm):     0.00068994921
 precipitation (mm):   0.00038047145
 large-scale (mm):     0.00000000000
 Imbalance (mm)       0.00000000000
 evap (mm/day):   1.98705373285687     
 prec (mm/day):   1.09575779025414     
 ls (mm/day):  0.000000000000000E+000
 imbalance (mm/day)  5.341508485523505E-011
  imbalance (rel error):  2.661866592999062E-016
 ===========================
 Let's do some shortwave
 Range of zenith angles  0.732661695834013       0.732661695834013     
 Range of surface albedo (asdir)  3.383449086658900E-002  3.383449086658900E-002
 Range of surface albedo (aldir)  3.383449086658900E-002  3.383449086658900E-002
 Range of surface albedo (asdif)  6.000000000000000E-002  6.000000000000000E-002
 Range of surface albedo (aldif)  6.000000000000000E-002  6.000000000000000E-002
 radiation: perpetual sun, solin=   310.282739068222     
 longwave radiation is called
NSTEP =        313   NCYCLE=  4  CFL_adv= 0.357  CFL_sgs= 0.035
NSTEP =        314   NCYCLE=  3  CFL_adv= 0.470  CFL_sgs= 0.045
NSTEP =        315   NCYCLE=  4  CFL_adv= 0.374  CFL_sgs= 0.034
 Collecting statistics...
 name QCSTRG is missing in "lst" file.
NSTEP =        316   NCYCLE=  4  CFL_adv= 0.394  CFL_sgs= 0.031
 DAY =   0.109722222222222     
 NSTEP=         316
 div:  1.279952133547123E-016 -1.129461362725125E-016
 SST=   303.150000000000     
 surface pressure=   1014.80000000000     
 u:  -12.2169684544654        9.35349483318725     
 v:  -11.6282018887472        12.3916517601349     
 w:  -4.52594752819250        3.27023765165945     
 p:  -55.3533260727376        28.4805561849850     
 t:   295.808104192657        473.372475562521     
 tabs:   200.170935911827        300.851769982246     
 qv:  5.912773267094698E-055  2.076239373100951E-002
 tke:  0.000000000000000E+000   5.85287159494130     
 tk:  0.000000000000000E+000   57.0015565277335     
 tkh:  0.000000000000000E+000   57.0015565277335     
 qcl:  0.000000000000000E+000  1.512166460672176E-003
 qci:  0.000000000000000E+000  1.028851397805528E-002
 qpl:  0.000000000000000E+000  1.366425224904774E-003
 qpi:  0.000000000000000E+000  0.000000000000000E+000
 qrad(K/day):  -98.7962410891824        129.245568535864     
 shf:   6.36667469549412        73.3179625993138     
 lhf:   49.4119868182156        415.046325954924     
 uw: -8.132316859432090E-002  7.457140065892716E-002
 vw: -0.132586167183607       7.698636744025816E-002
 sst:   303.150000000000        303.150000000000     
 ===========================
 total water budget:
 before (mm):         53.38777526208
 after (mm):          53.38811488917
 evaporation (mm):     0.00068837430
 precipitation (mm):   0.00034874721
 large-scale (mm):     0.00000000000
 Imbalance (mm)      -0.00000000000
 evap (mm/day):   1.98251797210204     
 prec (mm/day):   1.00439195125309     
 ls (mm/day):  0.000000000000000E+000
 imbalance (mm/day) -1.245269512506475E-011
  imbalance (rel error): -1.330900589457241E-016
 ===========================
NSTEP =        317   NCYCLE=  4  CFL_adv= 0.434  CFL_sgs= 0.031
NSTEP =        318   NCYCLE=  4  CFL_adv= 0.419  CFL_sgs= 0.030
 Let's do some shortwave
 Range of zenith angles  0.732661695834013       0.732661695834013     
 Range of surface albedo (asdir)  3.383449086658900E-002  3.383449086658900E-002
 Range of surface albedo (aldir)  3.383449086658900E-002  3.383449086658900E-002
 Range of surface albedo (asdif)  6.000000000000000E-002  6.000000000000000E-002
 Range of surface albedo (aldif)  6.000000000000000E-002  6.000000000000000E-002
 radiation: perpetual sun, solin=   310.282739068935     
 longwave radiation is called
NSTEP =        319   NCYCLE=  4  CFL_adv= 0.417  CFL_sgs= 0.029
 Collecting statistics...
 name QCSTRG is missing in "lst" file.
NSTEP =        320   NCYCLE=  4  CFL_adv= 0.405  CFL_sgs= 0.030
 DAY =   0.111111111111111     
 NSTEP=         320
 div:  1.634388039375955E-016 -1.421788996152207E-016
 SST=   303.150000000000     
 surface pressure=   1014.80000000000     
 u:  -12.4121008404730        9.68382596233258     
 v:  -11.1206100492550        13.7538276668418     
 w:  -4.47021382404548        3.51544817588020     
 p:  -51.8851053410162        26.5489650541249     
 t:   296.163089581917        473.374548820010     
 tabs:   200.253512743177        300.836634353857     
 qv:  1.090722431663724E-054  2.080620192393666E-002
 tke:  0.000000000000000E+000   3.82169274799858     
 tk:  0.000000000000000E+000   44.4890846713743     
 tkh:  0.000000000000000E+000   44.4890846713743     
 qcl:  0.000000000000000E+000  1.374162210674621E-003
 qci:  0.000000000000000E+000  1.023936100760814E-002
 qpl:  0.000000000000000E+000  1.259415721006035E-003
 qpi:  0.000000000000000E+000  0.000000000000000E+000
 qrad(K/day):  -98.9044956396421        125.281236149703     
 shf:   6.45449883954362        76.2548273978993     
 lhf:   50.6213536797032        419.463124800173     
 uw: -7.739973790156009E-002  7.087694365024184E-002
 vw: -9.860680589557089E-002  5.867191777286501E-002
 sst:   303.150000000000        303.150000000000     
 ===========================
 total water budget:
 before (mm):         53.38918346845
 after (mm):          53.38955649142
 evaporation (mm):     0.00068698076
 precipitation (mm):   0.00031395779
 large-scale (mm):     0.00000000000
 Imbalance (mm)      -0.00000000000
 evap (mm/day):   1.97850459820707     
 prec (mm/day):  0.904198440226155     
 ls (mm/day):  0.000000000000000E+000
 imbalance (mm/day) -5.581863096737472E-011
  imbalance (rel error): -3.992593959125070E-016
 ===========================
NSTEP =        321   NCYCLE=  4  CFL_adv= 0.396  CFL_sgs= 0.031
NSTEP =        322   NCYCLE=  3  CFL_adv= 0.472  CFL_sgs= 0.043
NSTEP =        323   NCYCLE=  3  CFL_adv= 0.454  CFL_sgs= 0.044
 Collecting statistics...
 name QCSTRG is missing in "lst" file.
NSTEP =        324   NCYCLE=  3  CFL_adv= 0.456  CFL_sgs= 0.042
 DAY =   0.112500000000000     
 NSTEP=         324
 div:  2.213330657060645E-016 -1.910532381083880E-016
 SST=   303.150000000000     
 surface pressure=   1014.80000000000     
 u:  -11.3935198441251        9.71363435731993     
 v:  -10.5279159716024        14.3395360336664     
 w:  -3.68665595720120        2.97918879859482     
 p:  -53.2749579577394        26.1198012589535     
 t:   296.483991822840        473.367875014673     
 tabs:   200.182165346776        300.805398176621     
 qv:  1.356759052407104E-054  2.079156918067655E-002
 tke:  0.000000000000000E+000   3.55366871098769     
 tk:  0.000000000000000E+000   46.4327150745455     
 tkh:  0.000000000000000E+000   46.4327150745455     
 qcl:  0.000000000000000E+000  1.469681854085697E-003
 qci:  0.000000000000000E+000  1.018262201350184E-002
 qpl:  0.000000000000000E+000  1.007888493164202E-003
 qpi:  0.000000000000000E+000  0.000000000000000E+000
 qrad(K/day):  -98.9044956396421        125.281236149703     
 shf:   6.48769183752267        65.1990195565197     
 lhf:   50.7114243460144        421.888502059168     
 uw: -8.468622241809903E-002  6.596925430352713E-002
 vw: -8.465335670639935E-002  4.965544196155135E-002
 sst:   303.150000000000        303.150000000000     
 ===========================
 total water budget:
 before (mm):         53.39072645952
 after (mm):          53.39113420512
 evaporation (mm):     0.00068567098
 precipitation (mm):   0.00027792538
 large-scale (mm):     0.00000000000
 Imbalance (mm)       0.00000000000
 evap (mm/day):   1.97473243059743     
 prec (mm/day):  0.800425099557844     
 ls (mm/day):  0.000000000000000E+000
 imbalance (mm/day)  1.079495867695180E-011
  imbalance (rel error):  0.000000000000000E+000
 ===========================
 Let's do some shortwave
 Range of zenith angles  0.732661695834013       0.732661695834013     
 Range of surface albedo (asdir)  3.383449086658900E-002  3.383449086658900E-002
 Range of surface albedo (aldir)  3.383449086658900E-002  3.383449086658900E-002
 Range of surface albedo (asdif)  6.000000000000000E-002  6.000000000000000E-002
 Range of surface albedo (aldif)  6.000000000000000E-002  6.000000000000000E-002
 radiation: perpetual sun, solin=   310.282739072301     
 longwave radiation is called
NSTEP =        325   NCYCLE=  3  CFL_adv= 0.471  CFL_sgs= 0.041
NSTEP =        326   NCYCLE=  3  CFL_adv= 0.454  CFL_sgs= 0.040
NSTEP =        327   NCYCLE=  3  CFL_adv= 0.443  CFL_sgs= 0.042
 Collecting statistics...
 name QCSTRG is missing in "lst" file.
NSTEP =        328   NCYCLE=  3  CFL_adv= 0.447  CFL_sgs= 0.043
 DAY =   0.113888888888889     
 NSTEP=         328
 div:  1.782272679292144E-016 -1.707402284070404E-016
 SST=   303.150000000000     
 surface pressure=   1014.80000000000     
 u:  -11.5942613967282        10.4110585538284     
 v:  -10.2592378341988        14.1305897133982     
 w:  -3.94623786490400        2.66827799031770     
 p:  -52.1398091268973        25.9692957984245     
 t:   296.653764089291        473.376068680310     
 tabs:   199.982453542399        301.047128821365     
 qv:  2.283413465603599E-054  2.073965512198924E-002
 tke:  0.000000000000000E+000   3.14381061781032     
 tk:  0.000000000000000E+000   44.3269854166900     
 tkh:  0.000000000000000E+000   44.3269854166900     
 qcl:  0.000000000000000E+000  1.471578882836019E-003
 qci:  0.000000000000000E+000  1.013058002783602E-002
 qpl:  0.000000000000000E+000  9.407061281342489E-004
 qpi:  0.000000000000000E+000  0.000000000000000E+000
 qrad(K/day):  -98.6361970452017        121.889527642730     
 shf:   6.50031564860054        62.6013593298003     
 lhf:   50.8305903274521        396.237645009014     
 uw: -9.073236561598334E-002  6.834221824174086E-002
 vw: -6.847183985197587E-002  5.581497615093918E-002
 sst:   303.150000000000        303.150000000000     
 ===========================
 total water budget:
 before (mm):         53.39241063291
 after (mm):          53.39285268375
 evaporation (mm):     0.00068437527
 precipitation (mm):   0.00024232442
 large-scale (mm):     0.00000000000
 Imbalance (mm)      -0.00000000000
 evap (mm/day):   1.97100077406549     
 prec (mm/day):  0.697894342606116     
 ls (mm/day):  0.000000000000000E+000
 imbalance (mm/day) -2.136946869457645E-011
  imbalance (rel error): -1.330782492496989E-016
 ===========================
NSTEP =        329   NCYCLE=  3  CFL_adv= 0.458  CFL_sgs= 0.043
NSTEP =        330   NCYCLE=  3  CFL_adv= 0.453  CFL_sgs= 0.042
 Let's do some shortwave
 Range of zenith angles  0.732661695834013       0.732661695834013     
 Range of surface albedo (asdir)  3.383449086658900E-002  3.383449086658900E-002
 Range of surface albedo (aldir)  3.383449086658900E-002  3.383449086658900E-002
 Range of surface albedo (asdif)  6.000000000000000E-002  6.000000000000000E-002
 Range of surface albedo (aldif)  6.000000000000000E-002  6.000000000000000E-002
 radiation: perpetual sun, solin=   310.282739077651     
 longwave radiation is called
NSTEP =        331   NCYCLE=  3  CFL_adv= 0.456  CFL_sgs= 0.042
 Collecting statistics...
 name QCSTRG is missing in "lst" file.
NSTEP =        332   NCYCLE=  3  CFL_adv= 0.460  CFL_sgs= 0.214
 DAY =   0.115277777777778     
 NSTEP=         332
 div:  1.577180861642260E-016 -1.614439547034019E-016
 SST=   303.150000000000     
 surface pressure=   1014.80000000000     
 u:  -11.5955295770270        9.42182072723833     
 v:  -11.0956709907868        13.6984888505220     
 w:  -3.81310926549110        2.39484908280769     
 p:  -49.2283015348793        25.4180068184050     
 t:   296.656627074007        473.369220823294     
 tabs:   199.953721826022        301.203549010478     
 qv:  3.775875154302937E-054  2.077267157563155E-002
 tke:  0.000000000000000E+000   3.07753045761125     
 tk:  0.000000000000000E+000   39.2069578274098     
 tkh:  0.000000000000000E+000   39.2069578274098     
 qcl:  0.000000000000000E+000  1.148214246326820E-003
 qci:  0.000000000000000E+000  1.007631436689308E-002
 qpl:  0.000000000000000E+000  9.524621262225983E-004
 qpi:  0.000000000000000E+000  0.000000000000000E+000
 qrad(K/day):  -98.6978020332147        125.431081397623     
 shf:   6.51623792512353        59.9337410638069     
 lhf:   50.9009584679056        410.932654864531     
 uw: -7.564402721542195E-002  7.893643405319170E-002
 vw: -7.138255798497180E-002  6.505897777456264E-002
 sst:   303.150000000000        303.150000000000     
 ===========================
 total water budget:
 before (mm):         53.39422200724
 after (mm):          53.39469159957
 evaporation (mm):     0.00068313662
 precipitation (mm):   0.00021354429
 large-scale (mm):     0.00000000000
 Imbalance (mm)       0.00000000000
 evap (mm/day):   1.96743346542789     
 prec (mm/day):  0.615007555456881     
 ls (mm/day):  0.000000000000000E+000
 imbalance (mm/day)  1.713543369696868E-011
  imbalance (rel error):  1.330736660282128E-016
 ===========================
NSTEP =        333   NCYCLE=  4  CFL_adv= 0.358  CFL_sgs= 0.031
NSTEP =        334   NCYCLE=  3  CFL_adv= 0.459  CFL_sgs= 0.041
NSTEP =        335   NCYCLE=  3  CFL_adv= 0.450  CFL_sgs= 0.041
 Collecting statistics...
 name QCSTRG is missing in "lst" file.
NSTEP =        336   NCYCLE=  3  CFL_adv= 0.435  CFL_sgs= 0.040
 DAY =   0.116666666666667     
 NSTEP=         336
 div:  2.015392264960935E-016 -1.699220816765399E-016
 SST=   303.150000000000     
 surface pressure=   1014.80000000000     
 u:  -10.3520283654529        10.2957575701370     
 v:  -10.2484073243503        13.3782360832862     
 w:  -3.15285167744867        2.61591705579438     
 p:  -48.9457297837031        25.1458724787090     
 t:   296.870680950479        473.369534400784     
 tabs:   199.968126658821        301.234904394148     
 qv:  5.697819775250896E-054  2.083454089408754E-002
 tke:  0.000000000000000E+000   3.04120783779718     
 tk:  0.000000000000000E+000   39.8344237928778     
 tkh:  0.000000000000000E+000   39.8344237928778     
 qcl:  0.000000000000000E+000  1.334666151413242E-003
 qci:  0.000000000000000E+000  1.003733020594891E-002
 qpl:  0.000000000000000E+000  8.564457839228852E-004
 qpi:  0.000000000000000E+000  0.000000000000000E+000
 qrad(K/day):  -98.6978020332147        125.431081397623     
 shf:   6.51585774106157        57.3536679955848     
 lhf:   50.9309543633768        398.203235527327     
 uw: -6.783589874971833E-002  7.219600346163801E-002
 vw: -6.747039948320052E-002  6.006843162253132E-002
 sst:   303.150000000000        303.150000000000     
 ===========================
 total water budget:
 before (mm):         53.39613771700
 after (mm):          53.39663252414
 evaporation (mm):     0.00068200623
 precipitation (mm):   0.00018719909
 large-scale (mm):     0.00000000000
 Imbalance (mm)       0.00000000000
 evap (mm/day):   1.96417795594542     
 prec (mm/day):  0.539133380110194     
 ls (mm/day):  0.000000000000000E+000
 imbalance (mm/day)  3.415611543600150E-011
  imbalance (rel error):  1.330688289076802E-016
 ===========================
 Let's do some shortwave
 Range of zenith angles  0.732661695834013       0.732661695834013     
 Range of surface albedo (asdir)  3.383449086658900E-002  3.383449086658900E-002
 Range of surface albedo (aldir)  3.383449086658900E-002  3.383449086658900E-002
 Range of surface albedo (asdif)  6.000000000000000E-002  6.000000000000000E-002
 Range of surface albedo (aldif)  6.000000000000000E-002  6.000000000000000E-002
 radiation: perpetual sun, solin=   310.282739084686     
 longwave radiation is called
NSTEP =        337   NCYCLE=  3  CFL_adv= 0.432  CFL_sgs= 0.039
NSTEP =        338   NCYCLE=  3  CFL_adv= 0.389  CFL_sgs= 0.038
NSTEP =        339   NCYCLE=  3  CFL_adv= 0.359  CFL_sgs= 0.040
 Collecting statistics...
 name QCSTRG is missing in "lst" file.
NSTEP =        340   NCYCLE=  3  CFL_adv= 0.354  CFL_sgs= 0.046
 DAY =   0.118055555555556     
 NSTEP=         340
 div:  1.778165526200173E-016 -1.465922224331838E-016
 SST=   303.150000000000     
 surface pressure=   1014.80000000000     
 u:  -8.58153232294247        9.79990448438404     
 v:  -9.76189362551904        12.7260124001177     
 w:  -2.63272249664722        2.46834632526711     
 p:  -46.0713846974574        24.5316005452434     
 t:   297.201492453204        473.372641313856     
 tabs:   199.815060981044        301.103101438038     
 qv:  6.488164696876572E-054  2.085572211291961E-002
 tke:  0.000000000000000E+000   2.83957739042186     
 tk:  0.000000000000000E+000   41.4983765212133     
 tkh:  0.000000000000000E+000   41.4983765212133     
 qcl:  0.000000000000000E+000  1.291825532610005E-003
 qci:  0.000000000000000E+000  1.000282151550229E-002
 qpl:  0.000000000000000E+000  7.041824033702809E-004
 qpi:  0.000000000000000E+000  0.000000000000000E+000
 qrad(K/day):  -97.5274959308475        127.682259910360     
 shf:   6.50210822264601        54.7871204443211     
 lhf:   50.7363186250583        368.869797585246     
 uw: -5.758640340379170E-002  7.949838865681631E-002
 vw: -6.112516587784618E-002  5.325631595337862E-002
 sst:   303.150000000000        303.150000000000     
 ===========================
 total water budget:
 before (mm):         53.39815343087
 after (mm):          53.39867165137
 evaporation (mm):     0.00068098099
 precipitation (mm):   0.00016276049
 large-scale (mm):     0.00000000000
 Imbalance (mm)       0.00000000000
 evap (mm/day):   1.96122524449375     
 prec (mm/day):  0.468750213447305     
 ls (mm/day):  0.000000000000000E+000
 imbalance (mm/day)  2.645071661699916E-011
  imbalance (rel error):  1.330637474278652E-016
 ===========================
NSTEP =        341   NCYCLE=  3  CFL_adv= 0.355  CFL_sgs= 0.047
NSTEP =        342   NCYCLE=  3  CFL_adv= 0.344  CFL_sgs= 0.048
 Let's do some shortwave
 Range of zenith angles  0.732661695834013       0.732661695834013     
 Range of surface albedo (asdir)  3.383449086658900E-002  3.383449086658900E-002
 Range of surface albedo (aldir)  3.383449086658900E-002  3.383449086658900E-002
 Range of surface albedo (asdif)  6.000000000000000E-002  6.000000000000000E-002
 Range of surface albedo (aldif)  6.000000000000000E-002  6.000000000000000E-002
 radiation: perpetual sun, solin=   310.282739091495     
 longwave radiation is called
NSTEP =        343   NCYCLE=  3  CFL_adv= 0.343  CFL_sgs= 0.048
 Collecting statistics...
 name QCSTRG is missing in "lst" file.
NSTEP =        344   NCYCLE=  3  CFL_adv= 0.340  CFL_sgs= 0.048
 DAY =   0.119444444444444     
 NSTEP=         344
 div:  1.378992289002820E-016 -1.079417298805061E-016
 SST=   303.150000000000     
 surface pressure=   1014.80000000000     
 u:  -8.56876072312014        10.1378470668394     
 v:  -8.64858484261110        11.9652646851624     
 w:  -2.65069384230127        2.19679853288548     
 p:  -44.3867135261536        24.3332527595692     
 t:   297.324523857237        473.369432536418     
 tabs:   199.751387916353        300.919612397177     
 qv:  6.788332407746864E-054  2.089942174893269E-002
 tke:  0.000000000000000E+000   2.81180492866970     
 tk:  0.000000000000000E+000   41.9210935021805     
 tkh:  0.000000000000000E+000   41.9210935021805     
 qcl:  0.000000000000000E+000  1.325304921275413E-003
 qci:  0.000000000000000E+000  9.960372924747553E-003
 qpl:  0.000000000000000E+000  6.360353694723229E-004
 qpi:  0.000000000000000E+000  0.000000000000000E+000
 qrad(K/day):  -96.9683991329688        123.295821946446     
 shf:   6.48024311953462        53.3131975538094     
 lhf:   50.4551187231256        362.687195195299     
 uw: -5.940035631613483E-002  6.787773943498723E-002
 vw: -6.687656192929024E-002  4.997898077116757E-002
 sst:   303.150000000000        303.150000000000     
 ===========================
 total water budget:
 before (mm):         53.40025694126
 after (mm):          53.40079505569
 evaporation (mm):     0.00068013965
 precipitation (mm):   0.00014202521
 large-scale (mm):     0.00000000000
 Imbalance (mm)       0.00000000000
 evap (mm/day):   1.95880218551469     
 prec (mm/day):  0.409032617596147     
 ls (mm/day):  0.000000000000000E+000
 imbalance (mm/day)  3.880981473691757E-011
  imbalance (rel error):  2.661169126860658E-016
 ===========================
NSTEP =        345   NCYCLE=  3  CFL_adv= 0.344  CFL_sgs= 0.047
NSTEP =        346   NCYCLE=  3  CFL_adv= 0.351  CFL_sgs= 0.046
NSTEP =        347   NCYCLE=  3  CFL_adv= 0.355  CFL_sgs= 0.044
 Collecting statistics...
 name QCSTRG is missing in "lst" file.
NSTEP =        348   NCYCLE=  3  CFL_adv= 0.353  CFL_sgs= 0.041
 DAY =   0.120833333333333     
 NSTEP=         348
 div:  1.681872986673376E-016 -1.816203026119723E-016
 SST=   303.150000000000     
 surface pressure=   1014.80000000000     
 u:  -8.76703325868831        9.28875793228649     
 v:  -8.38724529053016        11.6143384436314     
 w:  -2.73837228828531        2.17977943976310     
 p:  -43.6251447311169        23.7536444073567     
 t:   297.466006697735        473.372083957818     
 tabs:   199.749447813428        301.102634856830     
 qv:  7.437362480094436E-054  2.076822384242006E-002
 tke:  0.000000000000000E+000   4.42233751751482     
 tk:  0.000000000000000E+000   52.5733863132932     
 tkh:  0.000000000000000E+000   52.5733863132932     
 qcl:  0.000000000000000E+000  1.139623870940831E-003
 qci:  0.000000000000000E+000  9.892838574096528E-003
 qpl:  0.000000000000000E+000  6.148524621672725E-004
 qpi:  0.000000000000000E+000  0.000000000000000E+000
 qrad(K/day):  -96.9683991329688        123.295821946446     
 shf:   6.46247801146353        52.2651135936718     
 lhf:   50.4583204256174        350.070435445727     
 uw: -5.791966974482964E-002  6.350248625135245E-002
 vw: -6.105330710958445E-002  5.097386633622055E-002
 sst:   303.150000000000        303.150000000000     
 ===========================
 total water budget:
 before (mm):         53.40243520366
 after (mm):          53.40299005465
 evaporation (mm):     0.00067950312
 precipitation (mm):   0.00012465213
 large-scale (mm):     0.00000000000
 Imbalance (mm)       0.00000000000
 evap (mm/day):   1.95696898176269     
 prec (mm/day):  0.358998122949339     
 ls (mm/day):  0.000000000000000E+000
 imbalance (mm/day)  1.820559328291615E-011
  imbalance (rel error):  1.330529873014527E-016
 ===========================
 Let's do some shortwave
 Range of zenith angles  0.732661695834013       0.732661695834013     
 Range of surface albedo (asdir)  3.383449086658900E-002  3.383449086658900E-002
 Range of surface albedo (aldir)  3.383449086658900E-002  3.383449086658900E-002
 Range of surface albedo (asdif)  6.000000000000000E-002  6.000000000000000E-002
 Range of surface albedo (aldif)  6.000000000000000E-002  6.000000000000000E-002
 radiation: perpetual sun, solin=   310.282739094875     
 longwave radiation is called
NSTEP =        349   NCYCLE=  3  CFL_adv= 0.352  CFL_sgs= 0.041
NSTEP =        350   NCYCLE=  3  CFL_adv= 0.360  CFL_sgs= 0.041
NSTEP =        351   NCYCLE=  3  CFL_adv= 0.372  CFL_sgs= 0.041
 Collecting statistics...
 name QCSTRG is missing in "lst" file.
NSTEP =        352   NCYCLE=  3  CFL_adv= 0.384  CFL_sgs= 0.041
 DAY =   0.122222222222222     
 NSTEP=         352
 div:  1.617206539216172E-016 -1.631202088103184E-016
 SST=   303.150000000000     
 surface pressure=   1014.80000000000     
 u:  -8.61682668240726        8.86889917511895     
 v:  -8.31599770648302        11.6475106940773     
 w:  -3.07816443219505        2.08310187960130     
 p:  -42.5600224208195        22.6244483916013     
 t:   297.575038713763        473.368821012389     
 tabs:   199.830098347711        301.157450537251     
 qv:  1.011865306930345E-053  2.082939044882066E-002
 tke:  0.000000000000000E+000   2.95757573970982     
 tk:  0.000000000000000E+000   42.9940093189579     
 tkh:  0.000000000000000E+000   42.9940093189579     
 qcl:  0.000000000000000E+000  1.230517141250545E-003
 qci:  0.000000000000000E+000  9.841443134990868E-003
 qpl:  0.000000000000000E+000  5.477578901621812E-004
 qpi:  0.000000000000000E+000  0.000000000000000E+000
 qrad(K/day):  -97.8087748023781        117.127896543578     
 shf:   6.45351920738578        51.6134660512999     
 lhf:   50.5238445623641        350.982582135806     
 uw: -6.075535006983858E-002  6.350004577600228E-002
 vw: -5.743262671166228E-002  4.481449363200139E-002
 sst:   303.150000000000        303.150000000000     
 ===========================
 total water budget:
 before (mm):         53.40467840169
 after (mm):          53.40524884045
 evaporation (mm):     0.00067902482
 precipitation (mm):   0.00010858605
 large-scale (mm):     0.00000000000
 Imbalance (mm)       0.00000000000
 evap (mm/day):   1.95559147256638     
 prec (mm/day):  0.312727834225898     
 ls (mm/day):  0.000000000000000E+000
 imbalance (mm/day)  1.750950946732832E-011
  imbalance (rel error):  1.330473597984452E-016
 ===========================
NSTEP =        353   NCYCLE=  3  CFL_adv= 0.396  CFL_sgs= 0.040
NSTEP =        354   NCYCLE=  3  CFL_adv= 0.397  CFL_sgs= 0.040
 Let's do some shortwave
 Range of zenith angles  0.732661695834013       0.732661695834013     
 Range of surface albedo (asdir)  3.383449086658900E-002  3.383449086658900E-002
 Range of surface albedo (aldir)  3.383449086658900E-002  3.383449086658900E-002
 Range of surface albedo (asdif)  6.000000000000000E-002  6.000000000000000E-002
 Range of surface albedo (aldif)  6.000000000000000E-002  6.000000000000000E-002
 radiation: perpetual sun, solin=   310.282739092388     
 longwave radiation is called
NSTEP =        355   NCYCLE=  3  CFL_adv= 0.396  CFL_sgs= 0.039
 Collecting statistics...
 name QCSTRG is missing in "lst" file.
NSTEP =        356   NCYCLE=  3  CFL_adv= 0.389  CFL_sgs= 0.039
 DAY =   0.123611111111111     
 NSTEP=         356
 div:  1.662625313819767E-016 -1.525304109224256E-016
 SST=   303.150000000000     
 surface pressure=   1014.80000000000     
 u:  -8.44816401651265        9.41071978787400     
 v:  -8.40062205843495        11.8021108780372     
 w:  -3.13877269640672        1.96833938097623     
 p:  -42.0208129417329        21.6562548744380     
 t:   297.722663856378        473.373081000795     
 tabs:   199.904862982577        300.899456042800     
 qv:  1.551929426575353E-053  2.088731369944607E-002
 tke:  0.000000000000000E+000   3.38132032506493     
 tk:  0.000000000000000E+000   45.9709169276139     
 tkh:  0.000000000000000E+000   45.9709169276139     
 qcl:  0.000000000000000E+000  1.118607863564150E-003
 qci:  0.000000000000000E+000  9.774284435219603E-003
 qpl:  0.000000000000000E+000  4.853227351152901E-004
 qpi:  0.000000000000000E+000  0.000000000000000E+000
 qrad(K/day):  -92.3315591871154        116.418014889005     
 shf:   6.46014874524057        48.5130474251766     
 lhf:   50.3961841882149        356.745863588428     
 uw: -6.264452578797576E-002  6.268929861352246E-002
 vw: -6.136764939466029E-002  4.954246292726207E-002
 sst:   303.150000000000        303.150000000000     
 ===========================
 total water budget:
 before (mm):         53.40698140274
 after (mm):          53.40756558712
 evaporation (mm):     0.00067867693
 precipitation (mm):   0.00009449255
 large-scale (mm):     0.00000000000
 Imbalance (mm)      -0.00000000000
 evap (mm/day):   1.95458956773081     
 prec (mm/day):  0.272138546468922     
 ls (mm/day):  3.197442310920451E-013
 imbalance (mm/day) -1.946314203554733E-011
  imbalance (rel error): -1.330415883871337E-016
 ===========================
NSTEP =        357   NCYCLE=  3  CFL_adv= 0.381  CFL_sgs= 0.040
NSTEP =        358   NCYCLE=  3  CFL_adv= 0.365  CFL_sgs= 0.040
NSTEP =        359   NCYCLE=  3  CFL_adv= 0.354  CFL_sgs= 0.041
 Writting radiation restart file...
mv: cannot stat './RESTART/bubble_rcemip300sst_16_nCat6_MaxIce200_64_restart_rad.bin': No such file or directory
 Saved radiation restart file. nstep=         360
 Collecting statistics...
 name QCSTRG is missing in "lst" file.
 Writting statistics:nstatsteps=          15
 --------------- ISCCP Simulator Diagnostics: -----------------
 ISCCP PDF:
            0.0       0.3       1.3       3.6       9.4      23.0      60.0
    0.     0.014     0.034     0.020     0.007     0.010     0.014     0.065
  180.     0.002     0.000     0.001     0.002     0.002     0.000     0.000
  310.     0.000     0.000     0.000     0.000     0.000     0.000     0.000
  440.     0.000     0.000     0.000     0.000     0.000     0.000     0.000
  560.     0.000     0.000     0.000     0.000     0.000     0.000     0.000
  680.     0.000     0.000     0.000     0.000     0.000     0.000     0.000
  800.     0.000     0.000     0.000     0.000     0.000     0.000     0.000
 low cld area (tau > 0.3)=  0.000000000000000E+000
 mid cld area (tau > 0.3)=  0.000000000000000E+000
 hgh cld area (tau > 0.3)=  0.154974873860677     
 total cld area (tau > 0.3)=  0.154974873860677     
 mean albedo cld (tau > 0.3)   0.590138904392692     
 mean tau cld (tau > 0.3)    12.8378935402790     
 mean top pressure (tau > 0.3)   111.476461201977     
 mean brightness temp (tau > 0.3)   240.772310813876     
 mean clearsky brightness temp (tau > 0.3)   296.787863762775     
 --------------- MODIS Simulator Diagnostics: -----------------
 MODIS PDF:
                      0.3       1.3       3.6       9.4      23.0      60.0
    0.               0.034     0.019     0.009     0.012     0.014     0.065
  180.               0.001     0.001     0.001     0.000     0.000     0.000
  310.               0.000     0.000     0.000     0.000     0.000     0.000
  440.               0.000     0.000     0.000     0.000     0.000     0.000
  560.               0.000     0.000     0.000     0.000     0.000     0.000
  680.               0.000     0.000     0.000     0.000     0.000     0.000
  800.               0.000     0.000     0.000     0.000     0.000     0.000
 low cld area =  0.000000000000000E+000
 mid cld area =  0.000000000000000E+000
 hgh cld area =  0.154768371582031     
 total cld area =  0.154768371582031     
 mean tau cld    134.442583315792     
 mean top pressure    117.706575981003     
 total cld area (liquid) =  0.000000000000000E+000
 total cld area (ice) =  0.154768371582031     
 mean tau (liquid) =  -1.00000000000000     
 mean tau (ice) =   134.442583315792     
 mean lwp (g/m2) =  -1.00000000000000     
 mean iwp (g/m2) =   2205.60577417406     
 mean reff (liquid)  =  -1.00000000000000     
 mean reff (ice)  =   26.4105919342433     
 --------------- MISR Simulator Diagnostics: -----------------
 MISR PDF:
            0.0       0.3       1.3       3.6       9.4      23.0      60.0
 99.00     0.000     0.000     0.000     0.000     0.000     0.000     0.003
 17.00     0.000     0.000     0.004     0.005     0.008     0.013     0.061
 15.00     0.000     0.021     0.012     0.001     0.002     0.001     0.000
 13.00     0.000     0.003     0.002     0.003     0.003     0.001     0.000
 11.00     0.000     0.003     0.002     0.000     0.000     0.000     0.000
  9.00     0.000     0.000     0.000     0.000     0.000     0.000     0.000
  7.00     0.000     0.000     0.000     0.000     0.000     0.000     0.000
  5.00     0.000     0.000     0.000     0.000     0.000     0.000     0.000
  4.00     0.000     0.000     0.000     0.000     0.000     0.000     0.000
  3.00     0.000     0.000     0.000     0.000     0.000     0.000     0.000
  2.50     0.000     0.000     0.000     0.000     0.000     0.000     0.000
  2.00     0.000     0.000     0.000     0.000     0.000     0.000     0.000
  1.50     0.000     0.000     0.000     0.000     0.000     0.000     0.000
  1.00     0.000     0.000     0.000     0.000     0.000     0.000     0.000
  0.50     0.000     0.000     0.000     0.000     0.000     0.000     0.000
  0.00     0.003     0.007     0.000     0.000     0.000     0.000     0.000
 total cld area =  0.147561136881510     
 mean top height (m)   15031.1564840628     
 Writting history file 
 rcemip300sst_16_nCat6_MaxIce200                                                
  
 Writing restart file ...
mv: cannot stat './RESTART/bubble_rcemip300sst_16_nCat6_MaxIce200_misc_restart.bin': No such file or directory
mv: cannot stat './RESTART/bubble_rcemip300sst_16_nCat6_MaxIce200_64_restart.bin': No such file or directory
 Restart file was saved. nstep=         360
 Writting 2D data. file:./OUT_2D/bubble_rcemip300sst_16_nCat6_MaxIce200_64.2Dbin
                                                                 
 Writting 3D data. file:./OUT_3D/bubble_rcemip300sst_16_nCat6_MaxIce200_64_00000
 00360.bin3D                                                     
NSTEP =        360   NCYCLE=  3  CFL_adv= 0.347  CFL_sgs= 0.041
 DAY =   0.125000000000000     
 NSTEP=         360
 div:  1.614388186971527E-016 -1.597289454744176E-016
 SST=   303.150000000000     
 surface pressure=   1014.80000000000     
 u:  -8.36796276682038        8.91524804432948     
 v:  -8.56196381958627        11.9542450165599     
 w:  -2.85047329308344        2.02301448695647     
 p:  -40.1624801263808        20.7206350559005     
 t:   297.793905799941        473.369373750579     
 tabs:   199.997324469121        300.922838616643     
 qv:  1.907691870328488E-053  2.083558123035030E-002
 tke:  0.000000000000000E+000   3.04405028786008     
 tk:  0.000000000000000E+000   37.3602787719558     
 tkh:  0.000000000000000E+000   37.3602787719558     
 qcl:  0.000000000000000E+000  9.250406083931832E-004
 qci:  0.000000000000000E+000  9.687658694426445E-003
 qpl:  0.000000000000000E+000  4.325202079227952E-004
 qpi:  0.000000000000000E+000  0.000000000000000E+000
 qrad(K/day):  -92.3315591871154        116.418014889005     
 shf:   6.43468848728927        46.4069499617866     
 lhf:   50.1806088435325        350.175848713397     
 uw: -5.847839270609829E-002  6.065867177829258E-002
 vw: -5.676682547784028E-002  5.262102460231945E-002
 sst:   303.150000000000        303.150000000000     
 ===========================
 total water budget:
 before (mm):         53.40933683391
 after (mm):          53.40993330888
 evaporation (mm):     0.00067850146
 precipitation (mm):   0.00008202649
 large-scale (mm):     0.00000000000
 Imbalance (mm)       0.00000000000
 evap (mm/day):   1.95408419867061     
 prec (mm/day):  0.236236304509136     
 ls (mm/day):  0.000000000000000E+000
 imbalance (mm/day) -1.459957155169889E-011
  imbalance (rel error):  0.000000000000000E+000
 ===========================
CPU TIME =     299.6204 OVER     0.50 MODEL HOURS
 Let's do some shortwave
 Range of zenith angles  0.732661695834013       0.732661695834013     
 Range of surface albedo (asdir)  3.383449086658900E-002  3.383449086658900E-002
 Range of surface albedo (aldir)  3.383449086658900E-002  3.383449086658900E-002
 Range of surface albedo (asdif)  6.000000000000000E-002  6.000000000000000E-002
 Range of surface albedo (aldif)  6.000000000000000E-002  6.000000000000000E-002
 radiation: perpetual sun, solin=   310.282739084164     
 longwave radiation is called
NSTEP =        361   NCYCLE=  3  CFL_adv= 0.353  CFL_sgs= 0.042
NSTEP =        362   NCYCLE=  3  CFL_adv= 0.350  CFL_sgs= 0.042
NSTEP =        363   NCYCLE=  3  CFL_adv= 0.351  CFL_sgs= 0.042
 Collecting statistics...
 name QCSTRG is missing in "lst" file.
NSTEP =        364   NCYCLE=  3  CFL_adv= 0.344  CFL_sgs= 0.042
 DAY =   0.126388888888889     
 NSTEP=         364
 div:  1.291254870289953E-016 -9.977938047732198E-017
 SST=   303.150000000000     
 surface pressure=   1014.80000000000     
 u:  -7.99175330163488        9.57484219731497     
 v:  -8.32422041060430        12.0042600640120     
 w:  -3.37349584817946        1.94759506932697     
 p:  -39.0753326782756        19.8607325826227     
 t:   298.002246861805        473.370818212547     
 tabs:   200.066996833799        300.974106980830     
 qv:  2.439889675300842E-053  2.089117426062627E-002
 tke:  0.000000000000000E+000   2.47279726832157     
 tk:  0.000000000000000E+000   39.3128260584378     
 tkh:  0.000000000000000E+000   39.3128260584378     
 qcl:  0.000000000000000E+000  8.991534555639516E-004
 qci:  0.000000000000000E+000  9.603463767154931E-003
 qpl:  0.000000000000000E+000  3.991349623625406E-004
 qpi:  0.000000000000000E+000  0.000000000000000E+000
 qrad(K/day):  -92.4827003066302        103.138243903689     
 shf:   6.39877587598178        45.4632090753682     
 lhf:   49.9341572036867        337.594629626997     
 uw: -5.156831219694218E-002  5.930268641803157E-002
 vw: -5.851200394090994E-002  5.334193173914886E-002
 sst:   303.150000000000        303.150000000000     
 ===========================
 total water budget:
 before (mm):         53.41174032357
 after (mm):          53.41234837488
 evaporation (mm):     0.00067865492
 precipitation (mm):   0.00007060361
 large-scale (mm):     0.00000000000
 Imbalance (mm)       0.00000000000
 evap (mm/day):   1.95452617801589     
 prec (mm/day):  0.203338390578053     
 ls (mm/day):  0.000000000000000E+000
 imbalance (mm/day)  2.521186384663032E-012
  imbalance (rel error):  0.000000000000000E+000
 ===========================
NSTEP =        365   NCYCLE=  3  CFL_adv= 0.331  CFL_sgs= 0.041
NSTEP =        366   NCYCLE=  3  CFL_adv= 0.340  CFL_sgs= 0.041
 Let's do some shortwave
 Range of zenith angles  0.732661695834013       0.732661695834013     
 Range of surface albedo (asdir)  3.383449086658900E-002  3.383449086658900E-002
 Range of surface albedo (aldir)  3.383449086658900E-002  3.383449086658900E-002
 Range of surface albedo (asdif)  6.000000000000000E-002  6.000000000000000E-002
 Range of surface albedo (aldif)  6.000000000000000E-002  6.000000000000000E-002
 radiation: perpetual sun, solin=   310.282739072429     
 longwave radiation is called
NSTEP =        367   NCYCLE=  3  CFL_adv= 0.358  CFL_sgs= 0.040
 Collecting statistics...
 name QCSTRG is missing in "lst" file.
NSTEP =        368   NCYCLE=  3  CFL_adv= 0.369  CFL_sgs= 0.039
 DAY =   0.127777777777778     
 NSTEP=         368
 div:  1.214454207584753E-016 -1.007659652977029E-016
 SST=   303.150000000000     
 surface pressure=   1014.80000000000     
 u:  -7.59820536608348        8.10727926678857     
 v:  -8.70444568379268        11.8964954483692     
 w:  -3.82366996860921        1.87023917294332     
 p:  -36.5150046151401        19.0203453597658     
 t:   298.188167571737        473.371888226896     
 tabs:   200.139936986572        300.956862312964     
 qv:  4.895992093689500E-053  2.089308973887096E-002
 tke:  0.000000000000000E+000   2.06850595594507     
 tk:  0.000000000000000E+000   35.9557536767854     
 tkh:  0.000000000000000E+000   35.9557536767854     
 qcl:  0.000000000000000E+000  8.217518426835487E-004
 qci:  0.000000000000000E+000  9.539795140496781E-003
 qpl:  0.000000000000000E+000  3.776017905368943E-004
 qpi:  0.000000000000000E+000  0.000000000000000E+000
 qrad(K/day):  -87.9426862086777        104.841708427242     
 shf:   6.36409485944569        43.3991719239399     
 lhf:   49.6822634209335        312.321577016919     
 uw: -4.947528751220246E-002  5.457851261377839E-002
 vw: -5.174261130380704E-002  4.353763363829512E-002
 sst:   303.150000000000        303.150000000000     
 ===========================
 total water budget:
 before (mm):         53.41418895063
 after (mm):          53.41480776343
 evaporation (mm):     0.00067934440
 precipitation (mm):   0.00006053161
 large-scale (mm):     0.00000000000
 Imbalance (mm)      -0.00000000000
 evap (mm/day):   1.95651186966092     
 prec (mm/day):  0.174331024884750     
 ls (mm/day):  0.000000000000000E+000
 imbalance (mm/day) -1.460187439711325E-011
  imbalance (rel error): -1.330235501187405E-016
 ===========================
NSTEP =        369   NCYCLE=  3  CFL_adv= 0.381  CFL_sgs= 0.038
NSTEP =        370   NCYCLE=  3  CFL_adv= 0.367  CFL_sgs= 0.036
NSTEP =        371   NCYCLE=  3  CFL_adv= 0.365  CFL_sgs= 0.037
 Collecting statistics...
 name QCSTRG is missing in "lst" file.
NSTEP =        372   NCYCLE=  3  CFL_adv= 0.357  CFL_sgs= 0.042
 DAY =   0.129166666666667     
 NSTEP=         372
 div:  1.937584882647386E-016 -1.373454723359321E-016
 SST=   303.150000000000     
 surface pressure=   1014.80000000000     
 u:  -7.81221907367441        9.11878967705850     
 v:  -8.29556498481808        11.6059650489838     
 w:  -3.38443213649651        1.80431960274989     
 p:  -35.0827566745604        18.2039743297104     
 t:   298.270119378776        473.369699413286     
 tabs:   200.190520897137        300.948270607714     
 qv:  9.868266579545569E-053  2.074128768836953E-002
 tke:  0.000000000000000E+000   2.36821658181281     
 tk:  0.000000000000000E+000   32.4910205396536     
 tkh:  0.000000000000000E+000   32.4910205396536     
 qcl:  0.000000000000000E+000  8.439996780010734E-004
 qci:  0.000000000000000E+000  9.486151082849441E-003
 qpl:  0.000000000000000E+000  3.642724092838439E-004
 qpi:  0.000000000000000E+000  0.000000000000000E+000
 qrad(K/day):  -87.9426862086777        104.841708427242     
 shf:   6.34278330759827        41.2057968500088     
 lhf:   49.5532061736814        289.804769718211     
 uw: -4.632636997824818E-002  5.189858471381725E-002
 vw: -5.255723982424444E-002  3.646298600380766E-002
 sst:   303.150000000000        303.150000000000     
 ===========================
 total water budget:
 before (mm):         53.41667937912
 after (mm):          53.41730821113
 evaporation (mm):     0.00068080233
 precipitation (mm):   0.00005197032
 large-scale (mm):     0.00000000000
 Imbalance (mm)       0.00000000000
 evap (mm/day):   1.96071071562560     
 prec (mm/day):  0.149674514613931     
 ls (mm/day):  0.000000000000000E+000
 imbalance (mm/day)  8.543790674941931E-012
  imbalance (rel error):  0.000000000000000E+000
 ===========================
 Let's do some shortwave
 Range of zenith angles  0.732661695834013       0.732661695834013     
 Range of surface albedo (asdir)  3.383449086658900E-002  3.383449086658900E-002
 Range of surface albedo (aldir)  3.383449086658900E-002  3.383449086658900E-002
 Range of surface albedo (asdif)  6.000000000000000E-002  6.000000000000000E-002
 Range of surface albedo (aldif)  6.000000000000000E-002  6.000000000000000E-002
 radiation: perpetual sun, solin=   310.282739059114     
 longwave radiation is called
NSTEP =        373   NCYCLE=  3  CFL_adv= 0.355  CFL_sgs= 0.042
NSTEP =        374   NCYCLE=  3  CFL_adv= 0.339  CFL_sgs= 0.040
NSTEP =        375   NCYCLE=  3  CFL_adv= 0.321  CFL_sgs= 0.039
 Collecting statistics...
 name QCSTRG is missing in "lst" file.
NSTEP =        376   NCYCLE=  2  CFL_adv= 0.461  CFL_sgs= 0.055
 DAY =   0.130555555555556     
 NSTEP=         376
 div:  2.469527461146066E-016 -1.653920209694678E-016
 SST=   303.150000000000     
 surface pressure=   1014.80000000000     
 u:  -7.75931920961862        8.43991335514183     
 v:  -8.15468229711895        11.1203282088297     
 w:  -2.85625716577421        1.93336500638031     
 p:  -33.4225150123385        20.3855340514506     
 t:   298.402130478421        473.364937119095     
 tabs:   200.339888010869        300.996768237732     
 qv:  1.074115331929574E-052  2.073093408768964E-002
 tke:  0.000000000000000E+000   1.69924476512968     
 tk:  0.000000000000000E+000   32.5887707378792     
 tkh:  0.000000000000000E+000   32.5887707378792     
 qcl:  0.000000000000000E+000  7.800497831588542E-004
 qci:  0.000000000000000E+000  9.420223090117207E-003
 qpl:  0.000000000000000E+000  3.563574762018621E-004
 qpi:  0.000000000000000E+000  0.000000000000000E+000
 qrad(K/day):  -84.7549310353566        107.116297700211     
 shf:   6.34456403133296        39.8519629236631     
 lhf:   49.6104147634308        279.184209597138     
 uw: -4.757803260238137E-002  5.369638743085929E-002
 vw: -5.299394047322249E-002  4.814893685405891E-002
 sst:   303.150000000000        303.150000000000     
 ===========================
 total water budget:
 before (mm):         53.41920942889
 after (mm):          53.41984818249
 evaporation (mm):     0.00068330535
 precipitation (mm):   0.00004455175
 large-scale (mm):     0.00000000000
 Imbalance (mm)      -0.00000000000
 evap (mm/day):   1.96791942210695     
 prec (mm/day):  0.128309035050920     
 ls (mm/day):  0.000000000000000E+000
 imbalance (mm/day) -2.328992467631741E-011
  imbalance (rel error): -1.330109987083316E-016
 ===========================
NSTEP =        377   NCYCLE=  2  CFL_adv= 0.442  CFL_sgs= 0.052
NSTEP =        378   NCYCLE=  2  CFL_adv= 0.443  CFL_sgs= 0.053
 Let's do some shortwave
 Range of zenith angles  0.732661695834013       0.732661695834013     
 Range of surface albedo (asdir)  3.383449086658900E-002  3.383449086658900E-002
 Range of surface albedo (aldir)  3.383449086658900E-002  3.383449086658900E-002
 Range of surface albedo (asdif)  6.000000000000000E-002  6.000000000000000E-002
 Range of surface albedo (aldif)  6.000000000000000E-002  6.000000000000000E-002
 radiation: perpetual sun, solin=   310.282739044228     
 longwave radiation is called
NSTEP =        379   NCYCLE=  2  CFL_adv= 0.449  CFL_sgs= 0.053
 Collecting statistics...
 name QCSTRG is missing in "lst" file.
NSTEP =        380   NCYCLE=  2  CFL_adv= 0.452  CFL_sgs= 0.053
 DAY =   0.131944444444444     
 NSTEP=         380
 div:  2.400110924975620E-016 -1.975613098222837E-016
 SST=   303.150000000000     
 surface pressure=   1014.80000000000     
 u:  -8.45776563797317        9.10381052832555     
 v:  -7.96115412067840        10.4302498695441     
 w:  -3.11696544878545        1.75758521779364     
 p:  -31.9172938861449        19.5833216409932     
 t:   298.525265093939        473.368283195587     
 tabs:   200.530514039733        300.996749423494     
 qv:  1.217990934032162E-052  2.071830286087124E-002
 tke:  0.000000000000000E+000   1.59767220186359     
 tk:  0.000000000000000E+000   27.7564984966831     
 tkh:  0.000000000000000E+000   27.7564984966831     
 qcl:  0.000000000000000E+000  6.890989562052537E-004
 qci:  0.000000000000000E+000  9.343739669201712E-003
 qpl:  0.000000000000000E+000  3.263327013838765E-004
 qpi:  0.000000000000000E+000  0.000000000000000E+000
 qrad(K/day):  -85.7458735297066        102.321715968993     
 shf:   6.37915401985377        39.3006214892040     
 lhf:   49.7746436484665        270.699921679508     
 uw: -4.720164030969106E-002  5.323315505992829E-002
 vw: -5.218397005654602E-002  5.123591630426603E-002
 sst:   303.150000000000        303.150000000000     
 ===========================
 total water budget:
 before (mm):         53.42177950080
 after (mm):          53.42242841428
 evaporation (mm):     0.00068740050
 precipitation (mm):   0.00003848702
 large-scale (mm):     0.00000000000
 Imbalance (mm)       0.00000000000
 evap (mm/day):   1.97971343841420     
 prec (mm/day):  0.110842610620982     
 ls (mm/day):  3.197442310920451E-013
 imbalance (mm/day)  2.696282650274662E-011
  imbalance (rel error):  1.330045744551205E-016
 ===========================
NSTEP =        381   NCYCLE=  3  CFL_adv= 0.322  CFL_sgs= 0.035
NSTEP =        382   NCYCLE=  2  CFL_adv= 0.469  CFL_sgs= 0.051
NSTEP =        383   NCYCLE=  2  CFL_adv= 0.461  CFL_sgs= 0.051
 Collecting statistics...
 name QCSTRG is missing in "lst" file.
NSTEP =        384   NCYCLE=  2  CFL_adv= 0.442  CFL_sgs= 0.051
 DAY =   0.133333333333333     
 NSTEP=         384
 div:  2.141803311255645E-016 -2.177489948072601E-016
 SST=   303.150000000000     
 surface pressure=   1014.80000000000     
 u:  -8.18900978400716        8.76702750547963     
 v:  -8.44297447475977        10.1163870321265     
 w:  -2.63359269509777        1.82321582979127     
 p:  -31.1837532155598        19.4611192274233     
 t:   298.585566248155        473.367044858235     
 tabs:   200.725166639856        301.053637064879     
 qv:  1.803804282032808E-052  2.074455018386291E-002
 tke:  0.000000000000000E+000   2.14003840521595     
 tk:  0.000000000000000E+000   32.2460690261340     
 tkh:  0.000000000000000E+000   32.2460690261340     
 qcl:  0.000000000000000E+000  5.339522210227698E-004
 qci:  0.000000000000000E+000  9.276459999139529E-003
 qpl:  0.000000000000000E+000  3.153496828738003E-004
 qpi:  0.000000000000000E+000  0.000000000000000E+000
 qrad(K/day):  -85.7458735297066        102.321715968993     
 shf:   6.35323985025370        38.9579488953727     
 lhf:   49.5444819215054        269.434184381347     
 uw: -4.581502115041360E-002  6.507148639162101E-002
 vw: -4.987416086999052E-002  4.204241327629585E-002
 sst:   303.150000000000        303.150000000000     
 ===========================
 total water budget:
 before (mm):         53.42439143174
 after (mm):          53.42505150019
 evaporation (mm):     0.00069352532
 precipitation (mm):   0.00003345687
 large-scale (mm):     0.00000000000
 Imbalance (mm)      -0.00000000000
 evap (mm/day):   1.99735293439328     
 prec (mm/day):  9.635578644587224E-002
 ls (mm/day):  0.000000000000000E+000
 imbalance (mm/day) -2.927851320763675E-011
  imbalance (rel error): -2.659960882798677E-016
 ===========================
 Let's do some shortwave
 Range of zenith angles  0.732661695834013       0.732661695834013     
 Range of surface albedo (asdir)  3.383449086658900E-002  3.383449086658900E-002
 Range of surface albedo (aldir)  3.383449086658900E-002  3.383449086658900E-002
 Range of surface albedo (asdif)  6.000000000000000E-002  6.000000000000000E-002
 Range of surface albedo (aldif)  6.000000000000000E-002  6.000000000000000E-002
 radiation: perpetual sun, solin=   310.282739028712     
 longwave radiation is called
NSTEP =        385   NCYCLE=  2  CFL_adv= 0.434  CFL_sgs= 0.054
NSTEP =        386   NCYCLE=  2  CFL_adv= 0.423  CFL_sgs= 0.054
NSTEP =        387   NCYCLE=  2  CFL_adv= 0.416  CFL_sgs= 0.053
 Collecting statistics...
 name QCSTRG is missing in "lst" file.
NSTEP =        388   NCYCLE=  2  CFL_adv= 0.413  CFL_sgs= 0.052
 DAY =   0.134722222222222     
 NSTEP=         388
 div:  2.339017004520074E-016 -1.539826683191650E-016
 SST=   303.150000000000     
 surface pressure=   1014.80000000000     
 u:  -7.41626799863997        9.15059086528259     
 v:  -8.41327083139576        9.61961355922414     
 w:  -2.34557824895455        2.02766264186109     
 p:  -30.8147923316750        21.1682549082354     
 t:   298.661261557001        473.367058469153     
 tabs:   200.745136958974        301.095191657918     
 qv:  5.561830803431892E-052  2.076570422103080E-002
 tke:  0.000000000000000E+000   2.44342691818193     
 tk:  0.000000000000000E+000   26.7380289137613     
 tkh:  0.000000000000000E+000   26.7380289137613     
 qcl:  0.000000000000000E+000  4.411507598274078E-004
 qci:  0.000000000000000E+000  9.236967621936721E-003
 qpl:  0.000000000000000E+000  2.811975729630406E-004
 qpi:  0.000000000000000E+000  0.000000000000000E+000
 qrad(K/day):  -84.9512198651224        112.365366473775     
 shf:   6.33290471303418        38.8923336995566     
 lhf:   49.3643877681182        276.507695991615     
 uw: -4.591752111527583E-002  5.745122470466629E-002
 vw: -5.011245824629054E-002  4.987494101114759E-002
 sst:   303.150000000000        303.150000000000     
 ===========================
 total water budget:
 before (mm):         53.42704993580
 after (mm):          53.42772246844
 evaporation (mm):     0.00070212614
 precipitation (mm):   0.00002959350
 large-scale (mm):     0.00000000000
 Imbalance (mm)      -0.00000000000
 evap (mm/day):   2.02212329478140     
 prec (mm/day):  8.522929187623793E-002
 ls (mm/day):  0.000000000000000E+000
 imbalance (mm/day) -2.394609900993605E-011
  imbalance (rel error): -1.329913952779494E-016
 ===========================
NSTEP =        389   NCYCLE=  2  CFL_adv= 0.419  CFL_sgs= 0.052
NSTEP =        390   NCYCLE=  2  CFL_adv= 0.425  CFL_sgs= 0.051
 Let's do some shortwave
 Range of zenith angles  0.732661695834013       0.732661695834013     
 Range of surface albedo (asdir)  3.383449086658900E-002  3.383449086658900E-002
 Range of surface albedo (aldir)  3.383449086658900E-002  3.383449086658900E-002
 Range of surface albedo (asdif)  6.000000000000000E-002  6.000000000000000E-002
 Range of surface albedo (aldif)  6.000000000000000E-002  6.000000000000000E-002
 radiation: perpetual sun, solin=   310.282739013586     
 longwave radiation is called
NSTEP =        391   NCYCLE=  2  CFL_adv= 0.429  CFL_sgs= 0.050
 Collecting statistics...
 name QCSTRG is missing in "lst" file.
NSTEP =        392   NCYCLE=  2  CFL_adv= 0.430  CFL_sgs= 0.049
 DAY =   0.136111111111111     
 NSTEP=         392
 div:  2.222443530831489E-016 -1.567226235695244E-016
 SST=   303.150000000000     
 surface pressure=   1014.80000000000     
 u:  -8.68119952040594        9.04300352429635     
 v:  -8.46799104321082        8.84840572976405     
 w:  -2.50219938317125        1.92276094879482     
 p:  -29.5242154404802        21.0926537617223     
 t:   298.736555822851        473.362384626737     
 tabs:   200.676730029018        301.112574804888     
 qv:  1.006105443615164E-051  2.077134531729229E-002
 tke:  0.000000000000000E+000   2.60418211122189     
 tk:  0.000000000000000E+000   40.3436961558269     
 tkh:  0.000000000000000E+000   40.3436961558269     
 qcl:  0.000000000000000E+000  5.887242512439127E-004
 qci:  0.000000000000000E+000  9.211797933714143E-003
 qpl:  0.000000000000000E+000  2.320412337706540E-004
 qpi:  0.000000000000000E+000  0.000000000000000E+000
 qrad(K/day):  -89.2322541460228        107.041943876726     
 shf:   5.96974302974524        37.1375479502732     
 lhf:   49.2951362420286        263.062069064502     
 uw: -4.775503691677110E-002  6.044707423093900E-002
 vw: -5.626826335580216E-002  4.829231667998843E-002
 sst:   303.150000000000        303.150000000000     
 ===========================
 total water budget:
 before (mm):         53.42976143975
 after (mm):          53.43044878474
 evaporation (mm):     0.00071337882
 precipitation (mm):   0.00002603383
 large-scale (mm):     0.00000000000
 Imbalance (mm)       0.00000000000
 evap (mm/day):   2.05453101198401     
 prec (mm/day):  7.497743071536857E-002
 ls (mm/day):  6.394884621840902E-013
 imbalance (mm/day) -5.637482668185978E-012
  imbalance (rel error):  0.000000000000000E+000
 ===========================
NSTEP =        393   NCYCLE=  2  CFL_adv= 0.430  CFL_sgs= 0.048
NSTEP =        394   NCYCLE=  2  CFL_adv= 0.426  CFL_sgs= 0.047
NSTEP =        395   NCYCLE=  2  CFL_adv= 0.422  CFL_sgs= 0.047
 Collecting statistics...
 name QCSTRG is missing in "lst" file.
NSTEP =        396   NCYCLE=  2  CFL_adv= 0.425  CFL_sgs= 0.046
 DAY =   0.137500000000000     
 NSTEP=         396
 div:  2.262650275848652E-016 -1.573557709939361E-016
 SST=   303.150000000000     
 surface pressure=   1014.80000000000     
 u:  -8.32778283543066        9.07960562163018     
 v:  -8.42146963632659        7.83402747576522     
 w:  -2.35845173471275        1.75823770733344     
 p:  -27.5687330147172        20.4739296510911     
 t:   298.808160692810        473.360822304623     
 tabs:   200.753988505551        301.122825809629     
 qv:  1.499371599412836E-051  2.075668336230511E-002
 tke:  0.000000000000000E+000   1.81234117884912     
 tk:  0.000000000000000E+000   26.5733516956766     
 tkh:  0.000000000000000E+000   26.5733516956766     
 qcl:  0.000000000000000E+000  5.023428837923587E-004
 qci:  0.000000000000000E+000  9.189549202930225E-003
 qpl:  0.000000000000000E+000  2.119251663742213E-004
 qpi:  0.000000000000000E+000  0.000000000000000E+000
 qrad(K/day):  -89.2322541460228        107.041943876726     
 shf:   5.57934140995089        35.6761383389325     
 lhf:   49.4793922839065        257.816871825324     
 uw: -5.337348678928965E-002  5.647575372692646E-002
 vw: -5.276288878865078E-002  3.794129660790381E-002
 sst:   303.150000000000        303.150000000000     
 ===========================
 total water budget:
 before (mm):         53.43253535504
 after (mm):          53.43323934682
 evaporation (mm):     0.00072699222
 precipitation (mm):   0.00002300044
 large-scale (mm):     0.00000000000
 Imbalance (mm)       0.00000000000
 evap (mm/day):   2.09373758886155     
 prec (mm/day):  6.624125978012098E-002
 ls (mm/day):  6.394884621840902E-013
 imbalance (mm/day) -1.264525593611121E-012
  imbalance (rel error):  0.000000000000000E+000
 ===========================
 Let's do some shortwave
 Range of zenith angles  0.732661695834013       0.732661695834013     
 Range of surface albedo (asdir)  3.383449086658900E-002  3.383449086658900E-002
 Range of surface albedo (aldir)  3.383449086658900E-002  3.383449086658900E-002
 Range of surface albedo (asdif)  6.000000000000000E-002  6.000000000000000E-002
 Range of surface albedo (aldif)  6.000000000000000E-002  6.000000000000000E-002
 radiation: perpetual sun, solin=   310.282739000671     
 longwave radiation is called
NSTEP =        397   NCYCLE=  2  CFL_adv= 0.427  CFL_sgs= 0.044
NSTEP =        398   NCYCLE=  2  CFL_adv= 0.427  CFL_sgs= 0.044
NSTEP =        399   NCYCLE=  2  CFL_adv= 0.426  CFL_sgs= 0.044
 Collecting statistics...
 name QCSTRG is missing in "lst" file.
NSTEP =        400   NCYCLE=  2  CFL_adv= 0.424  CFL_sgs= 0.045
 DAY =   0.138888888888889     
 NSTEP=         400
 div:  2.256899211285565E-016 -1.985736489280162E-016
 SST=   303.150000000000     
 surface pressure=   1014.80000000000     
 u:  -7.10240285625818        9.55655243175309     
 v:  -8.05963948495424        7.20513009430879     
 w:  -2.58235803618917        1.55230660406343     
 p:  -26.1653567539243        20.4068158999947     
 t:   298.882906853450        473.359313445898     
 tabs:   200.894728686475        301.126178038679     
 qv:  1.603303642946838E-051  2.080716847241675E-002
 tke:  0.000000000000000E+000   1.72470894536125     
 tk:  0.000000000000000E+000   19.8109774968550     
 tkh:  0.000000000000000E+000   19.8109774968550     
 qcl:  0.000000000000000E+000  5.993063328777761E-004
 qci:  0.000000000000000E+000  9.165822093421599E-003
 qpl:  0.000000000000000E+000  2.724471738417574E-004
 qpi:  0.000000000000000E+000  0.000000000000000E+000
 qrad(K/day):  -81.0130453852044        113.794178989168     
 shf:   5.49213659814684        34.7535786847661     
 lhf:   49.4795880351390        263.942713555488     
 uw: -4.920310447479980E-002  4.925515221047547E-002
 vw: -5.167252111197916E-002  4.164770959854937E-002
 sst:   303.150000000000        303.150000000000     
 ===========================
 total water budget:
 before (mm):         53.43537806757
 after (mm):          53.43610012157
 evaporation (mm):     0.00074232717
 precipitation (mm):   0.00002027317
 large-scale (mm):     0.00000000000
 Imbalance (mm)       0.00000000000
 evap (mm/day):   2.13790226220688     
 prec (mm/day):  5.838672950013662E-002
 ls (mm/day):  0.000000000000000E+000
 imbalance (mm/day)  4.377769631178086E-011
  imbalance (rel error):  2.659410900659214E-016
 ===========================
NSTEP =        401   NCYCLE=  2  CFL_adv= 0.433  CFL_sgs= 0.046
NSTEP =        402   NCYCLE=  2  CFL_adv= 0.439  CFL_sgs= 0.046
 Let's do some shortwave
 Range of zenith angles  0.732661695834013       0.732661695834013     
 Range of surface albedo (asdir)  3.383449086658900E-002  3.383449086658900E-002
 Range of surface albedo (aldir)  3.383449086658900E-002  3.383449086658900E-002
 Range of surface albedo (asdif)  6.000000000000000E-002  6.000000000000000E-002
 Range of surface albedo (aldif)  6.000000000000000E-002  6.000000000000000E-002
 radiation: perpetual sun, solin=   310.282738990113     
 longwave radiation is called
NSTEP =        403   NCYCLE=  2  CFL_adv= 0.443  CFL_sgs= 0.047
 Collecting statistics...
 name QCSTRG is missing in "lst" file.
NSTEP =        404   NCYCLE=  2  CFL_adv= 0.443  CFL_sgs= 0.048
 DAY =   0.140277777777778     
 NSTEP=         404
 div:  2.438502995202484E-016 -1.572440943245254E-016
 SST=   303.150000000000     
 surface pressure=   1014.80000000000     
 u:  -7.87052241847046        8.90568940460336     
 v:  -7.91036234865357        7.64012622139782     
 w:  -2.78954142713941        1.66718674703003     
 p:  -26.1383231921621        19.7181486612726     
 t:   298.954860593179        473.362258887349     
 tabs:   200.931376537723        301.124777982202     
 qv:  1.807758397678733E-051  2.080595886416545E-002
 tke:  0.000000000000000E+000   1.93313403661994     
 tk:  0.000000000000000E+000   22.5469288631698     
 tkh:  0.000000000000000E+000   22.5469288631698     
 qcl:  0.000000000000000E+000  6.394525961292071E-004
 qci:  0.000000000000000E+000  9.140799256403322E-003
 qpl:  0.000000000000000E+000  2.781780969654933E-004
 qpi:  0.000000000000000E+000  0.000000000000000E+000
 qrad(K/day):  -81.9150471161166        103.501902110986     
 shf:   5.49381718460610        34.0140010104035     
 lhf:   49.4543052909636        255.515475941996     
 uw: -5.653904598270212E-002  5.336144723013536E-002
 vw: -5.083656407857129E-002  4.120978190391033E-002
 sst:   303.150000000000        303.150000000000     
 ===========================
 total water budget:
 before (mm):         53.43829415278
 after (mm):          53.43903477245
 evaporation (mm):     0.00075838006
 precipitation (mm):   0.00001776040
 large-scale (mm):     0.00000000000
 Imbalance (mm)       0.00000000000
 evap (mm/day):   2.18413458605902     
 prec (mm/day):  5.114994218725082E-002
 ls (mm/day):  0.000000000000000E+000
 imbalance (mm/day)  1.168070523117903E-011
  imbalance (rel error):  1.329632428403034E-016
 ===========================
NSTEP =        405   NCYCLE=  2  CFL_adv= 0.441  CFL_sgs= 0.049
NSTEP =        406   NCYCLE=  2  CFL_adv= 0.439  CFL_sgs= 0.050
NSTEP =        407   NCYCLE=  2  CFL_adv= 0.434  CFL_sgs= 0.051
 Collecting statistics...
 name QCSTRG is missing in "lst" file.
NSTEP =        408   NCYCLE=  2  CFL_adv= 0.434  CFL_sgs= 0.051
 DAY =   0.141666666666667     
 NSTEP=         408
 div:  2.264358631954427E-016 -1.591029834492011E-016
 SST=   303.150000000000     
 surface pressure=   1014.80000000000     
 u:  -7.51665315923996        9.95901789660396     
 v:  -7.71948646082371        7.31911409997604     
 w:  -2.76829533066878        2.08578731651142     
 p:  -24.9387053801352        18.6749988499545     
 t:   299.013711135545        473.364384779302     
 tabs:   200.955133669391        301.119352277941     
 qv:  2.722982712830983E-051  2.084346689896679E-002
 tke:  0.000000000000000E+000   2.25566536037961     
 tk:  0.000000000000000E+000   35.2344589166337     
 tkh:  0.000000000000000E+000   35.2344589166337     
 qcl:  0.000000000000000E+000  7.428364975056676E-004
 qci:  0.000000000000000E+000  9.106589008609424E-003
 qpl:  0.000000000000000E+000  2.487248803781106E-004
 qpi:  0.000000000000000E+000  0.000000000000000E+000
 qrad(K/day):  -81.9150471161166        103.501902110986     
 shf:   5.50850564057842        33.5818242018901     
 lhf:   49.2351177216758        240.398821389619     
 uw: -5.116440960110635E-002  5.125524992922540E-002
 vw: -4.978674359782646E-002  4.244079269905008E-002
 sst:   303.150000000000        303.150000000000     
 ===========================
 total water budget:
 before (mm):         53.44128385901
 after (mm):          53.44204237336
 evaporation (mm):     0.00077406649
 precipitation (mm):   0.00001555215
 large-scale (mm):     0.00000000000
 Imbalance (mm)       0.00000000000
 evap (mm/day):   2.22931150434373     
 prec (mm/day):  4.479019338804243E-002
 ls (mm/day):  0.000000000000000E+000
 imbalance (mm/day)  2.932772189163935E-011
  imbalance (rel error):  1.329557599606871E-016
 ===========================
 Let's do some shortwave
 Range of zenith angles  0.732661695834013       0.732661695834013     
 Range of surface albedo (asdir)  3.383449086658900E-002  3.383449086658900E-002
 Range of surface albedo (aldir)  3.383449086658900E-002  3.383449086658900E-002
 Range of surface albedo (asdif)  6.000000000000000E-002  6.000000000000000E-002
 Range of surface albedo (aldif)  6.000000000000000E-002  6.000000000000000E-002
 radiation: perpetual sun, solin=   310.282738980368     
 longwave radiation is called
NSTEP =        409   NCYCLE=  2  CFL_adv= 0.434  CFL_sgs= 0.051
NSTEP =        410   NCYCLE=  2  CFL_adv= 0.427  CFL_sgs= 0.050
NSTEP =        411   NCYCLE=  2  CFL_adv= 0.425  CFL_sgs= 0.050
 Collecting statistics...
 name QCSTRG is missing in "lst" file.
NSTEP =        412   NCYCLE=  2  CFL_adv= 0.427  CFL_sgs= 0.049
 DAY =   0.143055555555556     
 NSTEP=         412
 div:  2.119311106997085E-016 -1.986282163153128E-016
 SST=   303.150000000000     
 surface pressure=   1014.80000000000     
 u:  -7.33040321025329        9.20749464058786     
 v:  -7.61401018170489        7.17326320815105     
 w:  -2.86793605062194        2.00708373851287     
 p:  -23.5840260446000        17.4479566229471     
 t:   299.086241869708        473.365683253786     
 tabs:   201.039034929854        301.120281570629     
 qv:  5.322855201349308E-051  2.082343720324285E-002
 tke:  0.000000000000000E+000   2.72295452044998     
 tk:  0.000000000000000E+000   40.3505663569834     
 tkh:  0.000000000000000E+000   40.3505663569834     
 qcl:  0.000000000000000E+000  9.503706296277066E-004
 qci:  0.000000000000000E+000  9.083454076538735E-003
 qpl:  0.000000000000000E+000  2.847211409992656E-004
 qpi:  0.000000000000000E+000  0.000000000000000E+000
 qrad(K/day):  -83.9487140777228        93.0127833911719     
 shf:   5.51236607682230        33.2393834972240     
 lhf:   49.1632194025361        238.189356386694     
 uw: -5.401550439989056E-002  4.516484569050230E-002
 vw: -4.970463938330559E-002  3.612009735263844E-002
 sst:   303.150000000000        303.150000000000     
 ===========================
 total water budget:
 before (mm):         53.44434292676
 after (mm):          53.44511766856
 evaporation (mm):     0.00078844602
 precipitation (mm):   0.00001370422
 large-scale (mm):     0.00000000000
 Imbalance (mm)      -0.00000000000
 evap (mm/day):   2.27072453661663     
 prec (mm/day):  3.946815375611918E-002
 ls (mm/day):  0.000000000000000E+000
 imbalance (mm/day) -2.459815066479382E-011
  imbalance (rel error): -2.658962190583950E-016
 ===========================
NSTEP =        413   NCYCLE=  2  CFL_adv= 0.440  CFL_sgs= 0.048
NSTEP =        414   NCYCLE=  2  CFL_adv= 0.433  CFL_sgs= 0.047
 Let's do some shortwave
 Range of zenith angles  0.732661695834013       0.732661695834013     
 Range of surface albedo (asdir)  3.383449086658900E-002  3.383449086658900E-002
 Range of surface albedo (aldir)  3.383449086658900E-002  3.383449086658900E-002
 Range of surface albedo (asdif)  6.000000000000000E-002  6.000000000000000E-002
 Range of surface albedo (aldif)  6.000000000000000E-002  6.000000000000000E-002
 radiation: perpetual sun, solin=   310.282738970042     
 longwave radiation is called
NSTEP =        415   NCYCLE=  2  CFL_adv= 0.436  CFL_sgs= 0.046
 Collecting statistics...
 name QCSTRG is missing in "lst" file.
NSTEP =        416   NCYCLE=  2  CFL_adv= 0.452  CFL_sgs= 0.045
 DAY =   0.144444444444444     
 NSTEP=         416
 div:  1.932713758685608E-016 -1.712035080852141E-016
 SST=   303.150000000000     
 surface pressure=   1014.80000000000     
 u:  -7.15980566323357        9.42280032239315     
 v:  -7.46332932027557        7.48881618223534     
 w:  -2.88628794196664        1.69097406170414     
 p:  -22.9453158586891        14.7019222818258     
 t:   299.143319154994        473.370719442108     
 tabs:   201.147013880712        301.132808627534     
 qv:  1.531110805234806E-050  2.088114336195321E-002
 tke:  0.000000000000000E+000   1.64894618464866     
 tk:  0.000000000000000E+000   32.0200598323483     
 tkh:  0.000000000000000E+000   32.0200598323483     
 qcl:  0.000000000000000E+000  1.117164042873911E-003
 qci:  0.000000000000000E+000  9.057199419533479E-003
 qpl:  0.000000000000000E+000  2.786614419407623E-004
 qpi:  0.000000000000000E+000  0.000000000000000E+000
 qrad(K/day):  -83.6242045949551        103.012214091712     
 shf:   5.47331124755259        32.2915864550916     
 lhf:   49.1371822347506        227.356365682510     
 uw: -5.631407981624287E-002  4.666136159244113E-002
 vw: -4.699971026097546E-002  3.784395052185549E-002
 sst:   303.150000000000        303.150000000000     
 ===========================
 total water budget:
 before (mm):         53.44746346660
 after (mm):          53.44825205353
 evaporation (mm):     0.00080080341
 precipitation (mm):   0.00001221648
 large-scale (mm):     0.00000000000
 Imbalance (mm)      -0.00000000000
 evap (mm/day):   2.30631382039935     
 prec (mm/day):  3.518346028911406E-002
 ls (mm/day):  0.000000000000000E+000
 imbalance (mm/day) -5.347306581901523E-011
  imbalance (rel error): -2.658806260112914E-016
 ===========================
NSTEP =        417   NCYCLE=  2  CFL_adv= 0.457  CFL_sgs= 0.044
NSTEP =        418   NCYCLE=  2  CFL_adv= 0.451  CFL_sgs= 0.042
NSTEP =        419   NCYCLE=  2  CFL_adv= 0.435  CFL_sgs= 0.041
 Collecting statistics...
 name QCSTRG is missing in "lst" file.
 Writting statistics:nstatsteps=          15
 --------------- ISCCP Simulator Diagnostics: -----------------
 ISCCP PDF:
            0.0       0.3       1.3       3.6       9.4      23.0      60.0
    0.     0.028     0.052     0.015     0.008     0.015     0.018     0.066
  180.     0.001     0.001     0.002     0.005     0.003     0.000     0.000
  310.     0.000     0.000     0.000     0.000     0.000     0.000     0.000
  440.     0.000     0.000     0.000     0.000     0.000     0.000     0.000
  560.     0.000     0.000     0.000     0.000     0.000     0.000     0.000
  680.     0.000     0.000     0.000     0.000     0.000     0.000     0.000
  800.     0.000     0.000     0.000     0.000     0.000     0.000     0.000
 low cld area (tau > 0.3)=  0.000000000000000E+000
 mid cld area (tau > 0.3)=  2.034505208333333E-006
 hgh cld area (tau > 0.3)=  0.186063824277936     
 total cld area (tau > 0.3)=  0.186065858783144     
 mean albedo cld (tau > 0.3)   0.544707002033921     
 mean tau cld (tau > 0.3)    10.4378357782809     
 mean top pressure (tau > 0.3)   116.790222151474     
 mean brightness temp (tau > 0.3)   241.180404505372     
 mean clearsky brightness temp (tau > 0.3)   296.765666976676     
 --------------- MODIS Simulator Diagnostics: -----------------
 MODIS PDF:
                      0.3       1.3       3.6       9.4      23.0      60.0
    0.               0.050     0.015     0.013     0.017     0.018     0.066
  180.               0.002     0.002     0.001     0.000     0.000     0.000
  310.               0.000     0.000     0.000     0.000     0.000     0.000
  440.               0.000     0.000     0.000     0.000     0.000     0.000
  560.               0.000     0.000     0.000     0.000     0.000     0.000
  680.               0.000     0.000     0.000     0.000     0.000     0.000
  800.               0.000     0.000     0.000     0.000     0.000     0.000
 low cld area =  0.000000000000000E+000
 mid cld area =  0.000000000000000E+000
 hgh cld area =  0.185077089251894     
 total cld area =  0.185077089251894     
 mean tau cld    109.864491684345     
 mean top pressure    121.770854267514     
 total cld area (liquid) =  0.000000000000000E+000
 total cld area (ice) =  0.185075054746686     
 mean tau (liquid) =  -1.00000000000000     
 mean tau (ice) =   109.865688093611     
 mean lwp (g/m2) =  -1.00000000000000     
 mean iwp (g/m2) =   1684.08987191964     
 mean reff (liquid)  =  -1.00000000000000     
 mean reff (ice)  =   25.6601871278956     
 --------------- MISR Simulator Diagnostics: -----------------
 MISR PDF:
            0.0       0.3       1.3       3.6       9.4      23.0      60.0
 99.00     0.000     0.000     0.000     0.000     0.000     0.000     0.002
 17.00     0.000     0.000     0.004     0.004     0.010     0.016     0.064
 15.00     0.000     0.019     0.005     0.003     0.003     0.001     0.000
 13.00     0.000     0.005     0.005     0.007     0.004     0.000     0.000
 11.00     0.000     0.005     0.003     0.000     0.000     0.000     0.000
  9.00     0.000     0.000     0.000     0.000     0.000     0.000     0.000
  7.00     0.000     0.000     0.000     0.000     0.000     0.000     0.000
  5.00     0.000     0.000     0.000     0.000     0.000     0.000     0.000
  4.00     0.000     0.000     0.000     0.000     0.000     0.000     0.000
  3.00     0.000     0.000     0.000     0.000     0.000     0.000     0.000
  2.50     0.000     0.000     0.000     0.000     0.000     0.000     0.000
  2.00     0.000     0.000     0.000     0.000     0.000     0.000     0.000
  1.50     0.000     0.000     0.000     0.000     0.000     0.000     0.000
  1.00     0.000     0.000     0.000     0.000     0.000     0.000     0.000
  0.50     0.000     0.000     0.000     0.000     0.000     0.000     0.000
  0.00     0.009     0.024     0.000     0.000     0.000     0.000     0.000
 total cld area =  0.161534781407828     
 mean top height (m)   14674.8387884344     
 Writting history file 
 rcemip300sst_16_nCat6_MaxIce200                                                
  
NSTEP =        420   NCYCLE=  2  CFL_adv= 0.424  CFL_sgs= 0.041
 DAY =   0.145833333333333     
 NSTEP=         420
 div:  2.262225505374241E-016 -1.865574459388284E-016
 SST=   303.150000000000     
 surface pressure=   1014.80000000000     
 u:  -6.91471076892802        9.42562930763155     
 v:  -8.20649368752643        7.09640462944442     
 w:  -2.63049310949688        1.92625504045790     
 p:  -21.9001222970357        12.6485703844181     
 t:   299.178264279469        473.377046220308     
 tabs:   201.066260855257        301.144610960489     
 qv:  4.971434097366733E-050  2.085606072999280E-002
 tke:  0.000000000000000E+000   1.64495936637452     
 tk:  0.000000000000000E+000   32.0639923275951     
 tkh:  0.000000000000000E+000   32.0639923275951     
 qcl:  0.000000000000000E+000  1.202297281202863E-003
 qci:  0.000000000000000E+000  9.022491007235048E-003
 qpl:  0.000000000000000E+000  2.194029112640306E-004
 qpi:  0.000000000000000E+000  0.000000000000000E+000
 qrad(K/day):  -83.6242045949551        103.012214091712     
 shf:   5.43657611803920        31.8889151401301     
 lhf:   48.9993901950750        223.701026524484     
 uw: -5.377740785690679E-002  4.561804273708928E-002
 vw: -4.810935375611886E-002  3.785130821856529E-002
 sst:   303.150000000000        303.150000000000     
 ===========================
 total water budget:
 before (mm):         53.45063549270
 after (mm):          53.45143532666
 evaporation (mm):     0.00081071971
 precipitation (mm):   0.00001088575
 large-scale (mm):     0.00000000000
 Imbalance (mm)      -0.00000000000
 evap (mm/day):   2.33487275141268     
 prec (mm/day):  3.135094576906654E-002
 ls (mm/day):  0.000000000000000E+000
 imbalance (mm/day) -1.884699427773251E-011
  imbalance (rel error): -1.329323958127101E-016
 ===========================
CPU TIME =     207.4773 OVER     0.50 MODEL HOURS
 Let's do some shortwave
 Range of zenith angles  0.732661695834013       0.732661695834013     
 Range of surface albedo (asdir)  3.383449086658900E-002  3.383449086658900E-002
 Range of surface albedo (aldir)  3.383449086658900E-002  3.383449086658900E-002
 Range of surface albedo (asdif)  6.000000000000000E-002  6.000000000000000E-002
 Range of surface albedo (aldif)  6.000000000000000E-002  6.000000000000000E-002
 radiation: perpetual sun, solin=   310.282738959038     
 longwave radiation is called
NSTEP =        421   NCYCLE=  2  CFL_adv= 0.422  CFL_sgs= 0.041
NSTEP =        422   NCYCLE=  2  CFL_adv= 0.426  CFL_sgs= 0.040
NSTEP =        423   NCYCLE=  2  CFL_adv= 0.426  CFL_sgs= 0.041
 Collecting statistics...
 name QCSTRG is missing in "lst" file.
NSTEP =        424   NCYCLE=  2  CFL_adv= 0.427  CFL_sgs= 0.042
 DAY =   0.147222222222222     
 NSTEP=         424
 div:  2.162751976660210E-016 -1.546020844493875E-016
 SST=   303.150000000000     
 surface pressure=   1014.80000000000     
 u:  -6.83715544552274        8.26932961707385     
 v:  -8.35633169999548        8.32259563670670     
 w:  -2.40203283604184        2.21872740482959     
 p:  -20.9228185187356        12.5898023148665     
 t:   299.228898098391        473.384990429802     
 tabs:   201.043228291887        301.155298814470     
 qv:  8.618827098384102E-050  2.084754365932569E-002
 tke:  0.000000000000000E+000   1.29696487172420     
 tk:  0.000000000000000E+000   23.5991419787311     
 tkh:  0.000000000000000E+000   23.5991419787311     
 qcl:  0.000000000000000E+000  1.200733135883480E-003
 qci:  0.000000000000000E+000  8.982489691808234E-003
 qpl:  0.000000000000000E+000  1.722243615131206E-004
 qpi:  0.000000000000000E+000  0.000000000000000E+000
 qrad(K/day):  -78.0757615608109        88.6738148947523     
 shf:   5.40285401654630        31.0022630467373     
 lhf:   49.0260738168369        218.406514097887     
 uw: -5.299260073577259E-002  4.271769023756958E-002
 vw: -4.584370108799598E-002  3.280506739349751E-002
 sst:   303.150000000000        303.150000000000     
 ===========================
 total water budget:
 before (mm):         53.45384854199
 after (mm):          53.45465696424
 evaporation (mm):     0.00081809410
 precipitation (mm):   0.00000967185
 large-scale (mm):     0.00000000000
 Imbalance (mm)       0.00000000000
 evap (mm/day):   2.35611099779025     
 prec (mm/day):  2.785492022154958E-002
 ls (mm/day):  0.000000000000000E+000
 imbalance (mm/day)  2.553636501475415E-011
  imbalance (rel error):  2.658487683254506E-016
 ===========================
NSTEP =        425   NCYCLE=  2  CFL_adv= 0.430  CFL_sgs= 0.043
NSTEP =        426   NCYCLE=  2  CFL_adv= 0.428  CFL_sgs= 0.045
 Let's do some shortwave
 Range of zenith angles  0.732661695834013       0.732661695834013     
 Range of surface albedo (asdir)  3.383449086658900E-002  3.383449086658900E-002
 Range of surface albedo (aldir)  3.383449086658900E-002  3.383449086658900E-002
 Range of surface albedo (asdif)  6.000000000000000E-002  6.000000000000000E-002
 Range of surface albedo (aldif)  6.000000000000000E-002  6.000000000000000E-002
 radiation: perpetual sun, solin=   310.282738947875     
 longwave radiation is called
NSTEP =        427   NCYCLE=  2  CFL_adv= 0.431  CFL_sgs= 0.046
 Collecting statistics...
 name QCSTRG is missing in "lst" file.
NSTEP =        428   NCYCLE=  2  CFL_adv= 0.441  CFL_sgs= 0.046
 DAY =   0.148611111111111     
 NSTEP=         428
 div:  1.952992954738916E-016 -1.593358946607044E-016
 SST=   303.150000000000     
 surface pressure=   1014.80000000000     
 u:  -7.08912551799849        9.08039303194621     
 v:  -7.69718203733146        8.34308597534179     
 w:  -2.09962990172751        2.28931521817263     
 p:  -19.6809918762130        13.5222884824981     
 t:   299.252252952298        473.387511991253     
 tabs:   201.011863951627        301.163346434034     
 qv:  1.072566245564049E-049  2.088209818462129E-002
 tke:  0.000000000000000E+000   2.51221256911470     
 tk:  0.000000000000000E+000   39.6249019645057     
 tkh:  0.000000000000000E+000   39.6249019645057     
 qcl:  0.000000000000000E+000  1.216455359008080E-003
 qci:  0.000000000000000E+000  8.939220532982167E-003
 qpl:  0.000000000000000E+000  2.497637951900197E-004
 qpi:  0.000000000000000E+000  0.000000000000000E+000
 qrad(K/day):  -76.4172761632214        95.8448338009057     
 shf:   5.37698608496256        30.2742044753880     
 lhf:   49.0970117514068        219.754929961995     
 uw: -5.548738939394458E-002  4.493970368684011E-002
 vw: -4.351188808908546E-002  2.872668711758442E-002
 sst:   303.150000000000        303.150000000000     
 ===========================
 total water budget:
 before (mm):         53.45709208953
 after (mm):          53.45790660185
 evaporation (mm):     0.00082315769
 precipitation (mm):   0.00000864536
 large-scale (mm):     0.00000000000
 Imbalance (mm)       0.00000000000
 evap (mm/day):   2.37069414465410     
 prec (mm/day):  2.489864544653656E-002
 ls (mm/day):  0.000000000000000E+000
 imbalance (mm/day)  6.077838427855087E-012
  imbalance (rel error):  0.000000000000000E+000
 ===========================
NSTEP =        429   NCYCLE=  2  CFL_adv= 0.471  CFL_sgs= 0.046
NSTEP =        430   NCYCLE=  2  CFL_adv= 0.468  CFL_sgs= 0.045
NSTEP =        431   NCYCLE=  2  CFL_adv= 0.468  CFL_sgs= 0.044
 Collecting statistics...
 name QCSTRG is missing in "lst" file.
NSTEP =        432   NCYCLE=  2  CFL_adv= 0.460  CFL_sgs= 0.043
 DAY =   0.150000000000000     
 NSTEP=         432
 div:  1.957576814486241E-016 -1.744570824087377E-016
 SST=   303.150000000000     
 surface pressure=   1014.80000000000     
 u:  -7.04999296456190        8.43921786592335     
 v:  -6.87553662726516        6.99579898377331     
 w:  -1.73687599593581        2.08639223528309     
 p:  -18.9279315023159        16.0969545268832     
 t:   299.323860347923        473.387865688116     
 tabs:   200.983479685494        301.169670286263     
 qv:  1.463561513264400E-049  2.094299761731078E-002
 tke:  0.000000000000000E+000   1.58661358412742     
 tk:  0.000000000000000E+000   31.4902126077236     
 tkh:  0.000000000000000E+000   31.4902126077236     
 qcl:  0.000000000000000E+000  1.207776646531964E-003
 qci:  0.000000000000000E+000  8.905934999033449E-003
 qpl:  0.000000000000000E+000  2.992208480181315E-004
 qpi:  0.000000000000000E+000  0.000000000000000E+000
 qrad(K/day):  -76.4172761632214        95.8448338009057     
 shf:   5.35707755765320        28.9886750667393     
 lhf:   49.0635266933050        212.327700247918     
 uw: -4.508283039702700E-002  4.437951308089991E-002
 vw: -4.400239437845613E-002  2.943204440918423E-002
 sst:   303.150000000000        303.150000000000     
 ===========================
 total water budget:
 before (mm):         53.46035662221
 after (mm):          53.46117504022
 evaporation (mm):     0.00082620987
 precipitation (mm):   0.00000779186
 large-scale (mm):     0.00000000000
 Imbalance (mm)      -0.00000000000
 evap (mm/day):   2.37948441416798     
 prec (mm/day):  2.244054605581687E-002
 ls (mm/day):  0.000000000000000E+000
 imbalance (mm/day) -3.177740297462261E-011
  imbalance (rel error): -2.658163555984579E-016
 ===========================
 Let's do some shortwave
 Range of zenith angles  0.732661695834013       0.732661695834013     
 Range of surface albedo (asdir)  3.383449086658900E-002  3.383449086658900E-002
 Range of surface albedo (aldir)  3.383449086658900E-002  3.383449086658900E-002
 Range of surface albedo (asdif)  6.000000000000000E-002  6.000000000000000E-002
 Range of surface albedo (aldif)  6.000000000000000E-002  6.000000000000000E-002
 radiation: perpetual sun, solin=   310.282738936671     
 longwave radiation is called
NSTEP =        433   NCYCLE=  2  CFL_adv= 0.450  CFL_sgs= 0.041
NSTEP =        434   NCYCLE=  2  CFL_adv= 0.438  CFL_sgs= 0.041
NSTEP =        435   NCYCLE=  2  CFL_adv= 0.437  CFL_sgs= 0.041
 Collecting statistics...
 name QCSTRG is missing in "lst" file.
NSTEP =        436   NCYCLE=  2  CFL_adv= 0.439  CFL_sgs= 0.041
 DAY =   0.151388888888889     
 NSTEP=         436
 div:  2.420050434661082E-016 -1.459388345692199E-016
 SST=   303.150000000000     
 surface pressure=   1014.80000000000     
 u:  -7.40097704469565        8.42154061763685     
 v:  -7.26886898664927        6.27297691175493     
 w:  -1.73723926618780        2.00424587553665     
 p:  -18.2388388923790        18.4311065365765     
 t:   299.348546491894        473.389191393259     
 tabs:   200.937540129095        301.175323782816     
 qv:  4.022399578941788E-049  2.087912423562023E-002
 tke:  0.000000000000000E+000   1.13749281740902     
 tk:  0.000000000000000E+000   26.5894517761940     
 tkh:  0.000000000000000E+000   26.5894517761940     
 qcl:  0.000000000000000E+000  1.118130709421069E-003
 qci:  0.000000000000000E+000  8.879261620339869E-003
 qpl:  0.000000000000000E+000  3.256424656191888E-004
 qpi:  0.000000000000000E+000  0.000000000000000E+000
 qrad(K/day):  -81.0571543099924        88.6464007370769     
 shf:   5.33948938415069        28.5819649157036     
 lhf:   49.1255804242266        206.721940418451     
 uw: -4.545804508567078E-002  4.019837169272759E-002
 vw: -4.381486441324533E-002  2.864272449817545E-002
 sst:   303.150000000000        303.150000000000     
 ===========================
 total water budget:
 before (mm):         53.46363394264
 after (mm):          53.46445443309
 evaporation (mm):     0.00082755306
 precipitation (mm):   0.00000706261
 large-scale (mm):     0.00000000000
 Imbalance (mm)       0.00000000000
 evap (mm/day):   2.38335281199149     
 prec (mm/day):  2.034031685990835E-002
 ls (mm/day):  0.000000000000000E+000
 imbalance (mm/day)  3.897350459936347E-011
  imbalance (rel error):  2.658000510037169E-016
 ===========================
NSTEP =        437   NCYCLE=  2  CFL_adv= 0.440  CFL_sgs= 0.041
NSTEP =        438   NCYCLE=  2  CFL_adv= 0.438  CFL_sgs= 0.042
 Let's do some shortwave
 Range of zenith angles  0.732661695834013       0.732661695834013     
 Range of surface albedo (asdir)  3.383449086658900E-002  3.383449086658900E-002
 Range of surface albedo (aldir)  3.383449086658900E-002  3.383449086658900E-002
 Range of surface albedo (asdif)  6.000000000000000E-002  6.000000000000000E-002
 Range of surface albedo (aldif)  6.000000000000000E-002  6.000000000000000E-002
 radiation: perpetual sun, solin=   310.282738925200     
 longwave radiation is called
NSTEP =        439   NCYCLE=  2  CFL_adv= 0.436  CFL_sgs= 0.042
 Collecting statistics...
 name QCSTRG is missing in "lst" file.
NSTEP =        440   NCYCLE=  2  CFL_adv= 0.434  CFL_sgs= 0.042
 DAY =   0.152777777777778     
 NSTEP=         440
 div:  2.425584869052812E-016 -2.217640251593501E-016
 SST=   303.150000000000     
 surface pressure=   1014.80000000000     
 u:  -6.99777831232787        8.12959727781588     
 v:  -6.92630833553421        6.12813489587066     
 w:  -1.79162722678098        2.11988615624564     
 p:  -17.6738605602380        19.8361868613493     
 t:   299.383064587373        473.389746829637     
 tabs:   200.897783439844        301.180008646661     
 qv:  1.429949517354483E-048  2.090792775932462E-002
 tke:  0.000000000000000E+000  0.792442744719627     
 tk:  0.000000000000000E+000   22.2548133097037     
 tkh:  0.000000000000000E+000   22.2548133097037     
 qcl:  0.000000000000000E+000  1.199494763790760E-003
 qci:  0.000000000000000E+000  8.846820136210350E-003
 qpl:  0.000000000000000E+000  2.719702762365002E-004
 qpi:  0.000000000000000E+000  0.000000000000000E+000
 qrad(K/day):  -79.7189226633549        88.8184597997575     
 shf:   5.32435801100019        27.9543019232208     
 lhf:   49.5858785893688        207.989466911529     
 uw: -4.412098598159204E-002  4.041632003861800E-002
 vw: -4.045657690286605E-002  2.848770185879726E-002
 sst:   303.150000000000        303.150000000000     
 ===========================
 total water budget:
 before (mm):         53.46691717587
 after (mm):          53.46773824174
 evaporation (mm):     0.00082752712
 precipitation (mm):   0.00000646126
 large-scale (mm):     0.00000000000
 Imbalance (mm)      -0.00000000000
 evap (mm/day):   2.38327811756804     
 prec (mm/day):  1.860843331170262E-002
 ls (mm/day):  0.000000000000000E+000
 imbalance (mm/day) -1.587033727091375E-012
  imbalance (rel error): -1.328918632293026E-016
 ===========================
NSTEP =        441   NCYCLE=  2  CFL_adv= 0.433  CFL_sgs= 0.042
NSTEP =        442   NCYCLE=  2  CFL_adv= 0.431  CFL_sgs= 0.042
NSTEP =        443   NCYCLE=  2  CFL_adv= 0.435  CFL_sgs= 0.042
 Collecting statistics...
 name QCSTRG is missing in "lst" file.
NSTEP =        444   NCYCLE=  2  CFL_adv= 0.439  CFL_sgs= 0.041
 DAY =   0.154166666666667     
 NSTEP=         444
 div:  2.625547150011861E-016 -2.494179914628424E-016
 SST=   303.150000000000     
 surface pressure=   1014.80000000000     
 u:  -7.43132359009313        7.73532443484308     
 v:  -6.86040099490806        6.15298814250311     
 w:  -1.63930891022316        2.22626373889959     
 p:  -17.2932061874705        20.1945083521930     
 t:   299.388060387187        473.390160340343     
 tabs:   200.925456485857        301.181343370287     
 qv:  3.697185580144046E-048  2.090980436925212E-002
 tke:  0.000000000000000E+000   1.70600132147107     
 tk:  0.000000000000000E+000   21.7659923270347     
 tkh:  0.000000000000000E+000   21.7659923270347     
 qcl:  0.000000000000000E+000  1.326769587844524E-003
 qci:  0.000000000000000E+000  8.824404826301471E-003
 qpl:  0.000000000000000E+000  2.396595218721714E-004
 qpi:  0.000000000000000E+000  0.000000000000000E+000
 qrad(K/day):  -79.7189226633549        88.8184597997575     
 shf:   5.31852835848387        27.5819592123657     
 lhf:   49.8796281530653        198.866747897056     
 uw: -3.996218238715407E-002  4.243361976162566E-002
 vw: -3.982564692606484E-002  2.725790676692213E-002
 sst:   303.150000000000        303.150000000000     
 ===========================
 total water budget:
 before (mm):         53.47020092869
 after (mm):          53.47102146358
 evaporation (mm):     0.00082651318
 precipitation (mm):   0.00000597829
 large-scale (mm):     0.00000000000
 Imbalance (mm)       0.00000000000
 evap (mm/day):   2.38035794674289     
 prec (mm/day):  1.721746526504117E-002
 ls (mm/day):  0.000000000000000E+000
 imbalance (mm/day)  1.312369646549322E-011
  imbalance (rel error):  1.328837034175613E-016
 ===========================
 Let's do some shortwave
 Range of zenith angles  0.732661695834013       0.732661695834013     
 Range of surface albedo (asdir)  3.383449086658900E-002  3.383449086658900E-002
 Range of surface albedo (aldir)  3.383449086658900E-002  3.383449086658900E-002
 Range of surface albedo (asdif)  6.000000000000000E-002  6.000000000000000E-002
 Range of surface albedo (aldif)  6.000000000000000E-002  6.000000000000000E-002
 radiation: perpetual sun, solin=   310.282738913504     
 longwave radiation is called
NSTEP =        445   NCYCLE=  2  CFL_adv= 0.443  CFL_sgs= 0.041
NSTEP =        446   NCYCLE=  2  CFL_adv= 0.445  CFL_sgs= 0.042
NSTEP =        447   NCYCLE=  2  CFL_adv= 0.449  CFL_sgs= 0.042
 Collecting statistics...
 name QCSTRG is missing in "lst" file.
NSTEP =        448   NCYCLE=  2  CFL_adv= 0.452  CFL_sgs= 0.043
 DAY =   0.155555555555556     
 NSTEP=         448
 div:  2.406186231691799E-016 -2.292890316395283E-016
 SST=   303.150000000000     
 surface pressure=   1014.80000000000     
 u:  -7.16940939594739        8.01389291103893     
 v:  -6.40362983686716        6.42785711778696     
 w:  -1.53853739807729        2.19694845403265     
 p:  -17.2550884358355        19.8617053645169     
 t:   299.402073598611        473.390342739890     
 tabs:   200.911173657226        301.176052096220     
 qv:  6.460183225939764E-048  2.086373242463288E-002
 tke:  0.000000000000000E+000   1.78797107644750     
 tk:  0.000000000000000E+000   33.4287589177296     
 tkh:  0.000000000000000E+000   33.4287589177296     
 qcl:  0.000000000000000E+000  1.184730245552840E-003
 qci:  0.000000000000000E+000  8.788670671008756E-003
 qpl:  0.000000000000000E+000  1.770583272128695E-004
 qpi:  0.000000000000000E+000  0.000000000000000E+000
 qrad(K/day):  -80.0006958264233        98.3779411344118     
 shf:   5.33165778039400        26.6878787963550     
 lhf:   50.0770471084125        188.685838330370     
 uw: -4.001335363809945E-002  4.449794727186068E-002
 vw: -3.782772158209252E-002  2.673671866086323E-002
 sst:   303.150000000000        303.150000000000     
 ===========================
 total water budget:
 before (mm):         53.47348129505
 after (mm):          53.47430053422
 evaporation (mm):     0.00082475843
 precipitation (mm):   0.00000551925
 large-scale (mm):     0.00000000000
 Imbalance (mm)       0.00000000000
 evap (mm/day):   2.37530427340836     
 prec (mm/day):  1.589545246757521E-002
 ls (mm/day):  0.000000000000000E+000
 imbalance (mm/day) -6.053575609538121E-012
  imbalance (rel error):  0.000000000000000E+000
 ===========================
NSTEP =        449   NCYCLE=  2  CFL_adv= 0.459  CFL_sgs= 0.043
NSTEP =        450   NCYCLE=  2  CFL_adv= 0.468  CFL_sgs= 0.043
 Let's do some shortwave
 Range of zenith angles  0.732661695834013       0.732661695834013     
 Range of surface albedo (asdir)  3.383449086658900E-002  3.383449086658900E-002
 Range of surface albedo (aldir)  3.383449086658900E-002  3.383449086658900E-002
 Range of surface albedo (asdif)  6.000000000000000E-002  6.000000000000000E-002
 Range of surface albedo (aldif)  6.000000000000000E-002  6.000000000000000E-002
 radiation: perpetual sun, solin=   310.282738902156     
 longwave radiation is called
NSTEP =        451   NCYCLE=  2  CFL_adv= 0.474  CFL_sgs= 0.043
 Collecting statistics...
 name QCSTRG is missing in "lst" file.
NSTEP =        452   NCYCLE=  2  CFL_adv= 0.475  CFL_sgs= 0.043
 DAY =   0.156944444444444     
 NSTEP=         452
 div:  2.118400698774147E-016 -1.688062172466734E-016
 SST=   303.150000000000     
 surface pressure=   1014.80000000000     
 u:  -7.27627956557139        7.29356338063249     
 v:  -6.30644177810058        6.60433024455797     
 w:  -1.57961178041442        2.07816522967050     
 p:  -17.3334488828639        19.2808443558384     
 t:   299.426310621314        473.389249333011     
 tabs:   200.821877408478        301.159858864499     
 qv:  8.013981626764299E-048  2.090727667023880E-002
 tke:  0.000000000000000E+000   1.16667120788327     
 tk:  0.000000000000000E+000   26.0956695937102     
 tkh:  0.000000000000000E+000   26.0956695937102     
 qcl:  0.000000000000000E+000  1.209120324828414E-003
 qci:  0.000000000000000E+000  8.769058294813550E-003
 qpl:  0.000000000000000E+000  1.895451961557562E-004
 qpi:  0.000000000000000E+000  0.000000000000000E+000
 qrad(K/day):  -78.0569837754667        89.8006642010582     
 shf:   5.37650760350439        25.2600087036233     
 lhf:   50.4412794351179        183.448840737606     
 uw: -3.784386315259081E-002  4.084835554998462E-002
 vw: -3.861967923543207E-002  2.679740047554429E-002
 sst:   303.150000000000        303.150000000000     
 ===========================
 total water budget:
 before (mm):         53.47675573839
 after (mm):          53.47757322573
 evaporation (mm):     0.00082253102
 precipitation (mm):   0.00000504368
 large-scale (mm):     0.00000000000
 Imbalance (mm)       0.00000000000
 evap (mm/day):   2.36888934383234     
 prec (mm/day):  1.452581209829754E-002
 ls (mm/day):  0.000000000000000E+000
 imbalance (mm/day)  4.015158323010526E-011
  imbalance (rel error):  2.657348465536827E-016
 ===========================
NSTEP =        453   NCYCLE=  2  CFL_adv= 0.474  CFL_sgs= 0.043
NSTEP =        454   NCYCLE=  2  CFL_adv= 0.469  CFL_sgs= 0.043
NSTEP =        455   NCYCLE=  2  CFL_adv= 0.469  CFL_sgs= 0.042
 Collecting statistics...
 name QCSTRG is missing in "lst" file.
NSTEP =        456   NCYCLE=  2  CFL_adv= 0.467  CFL_sgs= 0.042
 DAY =   0.158333333333333     
 NSTEP=         456
 div:  2.936972678536286E-016 -2.537786224422105E-016
 SST=   303.150000000000     
 surface pressure=   1014.80000000000     
 u:  -7.29499622493760        8.00441801396991     
 v:  -6.32299149319219        6.59261103395150     
 w:  -1.44922091927323        2.22474406628657     
 p:  -17.1908146242796        18.8736100235978     
 t:   299.435679038051        473.385563082003     
 tabs:   200.865116646555        301.127368629196     
 qv:  8.116498373871558E-048  2.093045902610121E-002
 tke:  0.000000000000000E+000   1.38666091008162     
 tk:  0.000000000000000E+000   25.3740065922950     
 tkh:  0.000000000000000E+000   25.3740065922950     
 qcl:  0.000000000000000E+000  1.259463097863616E-003
 qci:  0.000000000000000E+000  8.750119928432632E-003
 qpl:  0.000000000000000E+000  1.821453531637103E-004
 qpi:  0.000000000000000E+000  0.000000000000000E+000
 qrad(K/day):  -78.0569837754667        89.8006642010582     
 shf:   5.46993625797775        25.0421735050930     
 lhf:   50.9315905620713        178.340132829841     
 uw: -3.750457313385677E-002  4.014591194880872E-002
 vw: -3.687047110622901E-002  2.666954278899708E-002
 sst:   303.150000000000        303.150000000000     
 ===========================
 total water budget:
 before (mm):         53.48002271382
 after (mm):          53.48083818146
 evaporation (mm):     0.00082006844
 precipitation (mm):   0.00000460081
 large-scale (mm):     0.00000000000
 Imbalance (mm)       0.00000000000
 evap (mm/day):   2.36179712086471     
 prec (mm/day):  1.325033101744901E-002
 ls (mm/day):  0.000000000000000E+000
 imbalance (mm/day) -2.789084881018450E-012
  imbalance (rel error):  0.000000000000000E+000
 ===========================
 Let's do some shortwave
 Range of zenith angles  0.732661695834013       0.732661695834013     
 Range of surface albedo (asdir)  3.383449086658900E-002  3.383449086658900E-002
 Range of surface albedo (aldir)  3.383449086658900E-002  3.383449086658900E-002
 Range of surface albedo (asdif)  6.000000000000000E-002  6.000000000000000E-002
 Range of surface albedo (aldif)  6.000000000000000E-002  6.000000000000000E-002
 radiation: perpetual sun, solin=   310.282738891970     
 longwave radiation is called
NSTEP =        457   NCYCLE=  2  CFL_adv= 0.464  CFL_sgs= 0.042
NSTEP =        458   NCYCLE=  2  CFL_adv= 0.461  CFL_sgs= 0.042
NSTEP =        459   NCYCLE=  2  CFL_adv= 0.458  CFL_sgs= 0.042
 Collecting statistics...
 name QCSTRG is missing in "lst" file.
NSTEP =        460   NCYCLE=  2  CFL_adv= 0.453  CFL_sgs= 0.042
 DAY =   0.159722222222222     
 NSTEP=         460
 div:  2.377738815872688E-016 -1.969120477353258E-016
 SST=   303.150000000000     
 surface pressure=   1014.80000000000     
 u:  -7.14622444914955        7.21490397575368     
 v:  -6.55120768198205        6.18266844693051     
 w:  -1.46059967860553        2.16992505243757     
 p:  -16.9194776289384        18.5699651503310     
 t:   299.501348476805        473.380223864996     
 tabs:   200.977508345960        301.108019126639     
 qv:  8.228654274149600E-048  2.094711590416663E-002
 tke:  0.000000000000000E+000   2.52187805347871     
 tk:  0.000000000000000E+000   31.4046196653395     
 tkh:  0.000000000000000E+000   31.4046196653395     
 qcl:  0.000000000000000E+000  1.289569916594259E-003
 qci:  0.000000000000000E+000  8.724726347430446E-003
 qpl:  0.000000000000000E+000  2.216650506131774E-004
 qpi:  0.000000000000000E+000  0.000000000000000E+000
 qrad(K/day):  -78.5744178360832        83.8749667092094     
 shf:   5.54763931680247        24.7264575436167     
 lhf:   51.2428121553979        174.663391871109     
 uw: -3.716446136371808E-002  3.974432269079171E-002
 vw: -3.924530069111110E-002  2.739715372079448E-002
 sst:   303.150000000000        303.150000000000     
 ===========================
 total water budget:
 before (mm):         53.48328139182
 after (mm):          53.48409471421
 evaporation (mm):     0.00081752667
 precipitation (mm):   0.00000420427
 large-scale (mm):     0.00000000000
 Imbalance (mm)       0.00000000000
 evap (mm/day):   2.35447680389260     
 prec (mm/day):  1.210830360328412E-002
 ls (mm/day):  0.000000000000000E+000
 imbalance (mm/day) -1.758610591135953E-011
  imbalance (rel error):  0.000000000000000E+000
 ===========================
NSTEP =        461   NCYCLE=  2  CFL_adv= 0.450  CFL_sgs= 0.043
NSTEP =        462   NCYCLE=  2  CFL_adv= 0.440  CFL_sgs= 0.044
 Let's do some shortwave
 Range of zenith angles  0.732661695834013       0.732661695834013     
 Range of surface albedo (asdir)  3.383449086658900E-002  3.383449086658900E-002
 Range of surface albedo (aldir)  3.383449086658900E-002  3.383449086658900E-002
 Range of surface albedo (asdif)  6.000000000000000E-002  6.000000000000000E-002
 Range of surface albedo (aldif)  6.000000000000000E-002  6.000000000000000E-002
 radiation: perpetual sun, solin=   310.282738883561     
 longwave radiation is called
NSTEP =        463   NCYCLE=  2  CFL_adv= 0.431  CFL_sgs= 0.044
 Collecting statistics...
 name QCSTRG is missing in "lst" file.
NSTEP =        464   NCYCLE=  2  CFL_adv= 0.427  CFL_sgs= 0.044
 DAY =   0.161111111111111     
 NSTEP=         464
 div:  2.724276557192021E-016 -2.251131626593999E-016
 SST=   303.150000000000     
 surface pressure=   1014.80000000000     
 u:  -6.43828366308811        8.03943346930963     
 v:  -6.42228575759667        5.76372088962478     
 w:  -1.69203737459034        2.10914169834825     
 p:  -17.0257501810979        18.1241932337370     
 t:   299.530203833124        473.376415764334     
 tabs:   200.979093743916        301.115492932937     
 qv:  8.399146054236971E-048  2.093241399400876E-002
 tke:  0.000000000000000E+000   1.46280918983671     
 tk:  0.000000000000000E+000   30.2366622438381     
 tkh:  0.000000000000000E+000   30.2366622438381     
 qcl:  0.000000000000000E+000  1.266489123855118E-003
 qci:  0.000000000000000E+000  8.686338354321751E-003
 qpl:  0.000000000000000E+000  1.872336132148787E-004
 qpi:  0.000000000000000E+000  0.000000000000000E+000
 qrad(K/day):  -76.6178173064590        82.8782599188579     
 shf:   5.52520767365347        24.3242364118514     
 lhf:   51.8252624639849        169.768639067722     
 uw: -3.951902594344354E-002  3.859046342964448E-002
 vw: -3.760617113688076E-002  2.736823759608618E-002
 sst:   303.150000000000        303.150000000000     
 ===========================
 total water budget:
 before (mm):         53.48653139525
 after (mm):          53.48734250952
 evaporation (mm):     0.00081496189
 precipitation (mm):   0.00000384762
 large-scale (mm):     0.00000000000
 Imbalance (mm)      -0.00000000000
 evap (mm/day):   2.34709023820070     
 prec (mm/day):  1.108113414383332E-002
 ls (mm/day):  0.000000000000000E+000
 imbalance (mm/day) -1.011408486259121E-011
  imbalance (rel error): -1.328431554874115E-016
 ===========================
NSTEP =        465   NCYCLE=  2  CFL_adv= 0.436  CFL_sgs= 0.044
NSTEP =        466   NCYCLE=  2  CFL_adv= 0.456  CFL_sgs= 0.043
NSTEP =        467   NCYCLE=  2  CFL_adv= 0.466  CFL_sgs= 0.042
 Collecting statistics...
 name QCSTRG is missing in "lst" file.
NSTEP =        468   NCYCLE=  2  CFL_adv= 0.467  CFL_sgs= 0.042
 DAY =   0.162500000000000     
 NSTEP=         468
 div:  2.725679349085658E-016 -2.800140097379520E-016
 SST=   303.150000000000     
 surface pressure=   1014.80000000000     
 u:  -6.42274750111231        7.09448367453268     
 v:  -6.62489444083527        6.37284179242158     
 w:  -1.76116790841419        2.32528468900898     
 p:  -16.8848108482044        17.3634903660395     
 t:   299.598552102239        473.377881889966     
 tabs:   200.992988541142        301.124448432535     
 qv:  8.665864104415382E-048  2.099880537300719E-002
 tke:  0.000000000000000E+000   1.06623388475995     
 tk:  0.000000000000000E+000   23.9107162953443     
 tkh:  0.000000000000000E+000   23.9107162953443     
 qcl:  0.000000000000000E+000  1.360095750067101E-003
 qci:  0.000000000000000E+000  8.632649656547585E-003
 qpl:  0.000000000000000E+000  1.707209830901996E-004
 qpi:  0.000000000000000E+000  0.000000000000000E+000
 qrad(K/day):  -76.6178173064590        82.8782599188579     
 shf:   5.64338358506380        23.6514061326370     
 lhf:   52.7510519362314        169.186062044879     
 uw: -4.291042134710256E-002  3.457948558017329E-002
 vw: -3.648526148142976E-002  2.575819479786788E-002
 sst:   303.150000000000        303.150000000000     
 ===========================
 total water budget:
 before (mm):         53.48977245693
 after (mm):          53.49058131420
 evaporation (mm):     0.00081237593
 precipitation (mm):   0.00000351866
 large-scale (mm):     0.00000000000
 Imbalance (mm)      -0.00000000000
 evap (mm/day):   2.33964268816322     
 prec (mm/day):  1.013373731479092E-002
 ls (mm/day):  0.000000000000000E+000
 imbalance (mm/day) -3.294499682825539E-012
  imbalance (rel error): -1.328351119585668E-016
 ===========================
 Let's do some shortwave
 Range of zenith angles  0.732661695834013       0.732661695834013     
 Range of surface albedo (asdir)  3.383449086658900E-002  3.383449086658900E-002
 Range of surface albedo (aldir)  3.383449086658900E-002  3.383449086658900E-002
 Range of surface albedo (asdif)  6.000000000000000E-002  6.000000000000000E-002
 Range of surface albedo (aldif)  6.000000000000000E-002  6.000000000000000E-002
 radiation: perpetual sun, solin=   310.282738877218     
 longwave radiation is called
NSTEP =        469   NCYCLE=  2  CFL_adv= 0.461  CFL_sgs= 0.042
NSTEP =        470   NCYCLE=  2  CFL_adv= 0.473  CFL_sgs= 0.042
NSTEP =        471   NCYCLE=  3  CFL_adv= 0.320  CFL_sgs= 0.028
 Collecting statistics...
 name QCSTRG is missing in "lst" file.
NSTEP =        472   NCYCLE=  2  CFL_adv= 0.479  CFL_sgs= 0.043
 DAY =   0.163888888888889     
 NSTEP=         472
 div:  2.794920496229586E-016 -2.753172900668649E-016
 SST=   303.150000000000     
 surface pressure=   1014.80000000000     
 u:  -6.42093955115785        7.77610350697859     
 v:  -6.44806693635061        6.90104860019397     
 w:  -1.53735418579354        2.47922941220214     
 p:  -16.2855473846919        16.3677765049114     
 t:   299.619558912533        473.386707502952     
 tabs:   200.892864088118        301.134779821821     
 qv:  8.979268593119177E-048  2.103216295974792E-002
 tke:  0.000000000000000E+000   1.14085443187657     
 tk:  0.000000000000000E+000   21.1245305109573     
 tkh:  0.000000000000000E+000   21.1245305109573     
 qcl:  0.000000000000000E+000  1.434364987125136E-003
 qci:  0.000000000000000E+000  8.582050239633238E-003
 qpl:  0.000000000000000E+000  2.054767546511804E-004
 qpi:  0.000000000000000E+000  0.000000000000000E+000
 qrad(K/day):  -76.4364078162213        88.2532556887056     
 shf:   5.66090902712545        24.5616738372914     
 lhf:   53.4945641137665        167.066760484970     
 uw: -3.908350141420075E-002  3.412454560938715E-002
 vw: -3.736944430774208E-002  2.802737350064048E-002
 sst:   303.150000000000        303.150000000000     
 ===========================
 total water budget:
 before (mm):         53.49300449571
 after (mm):          53.49381115265
 evaporation (mm):     0.00080987599
 precipitation (mm):   0.00000321905
 large-scale (mm):     0.00000000000
 Imbalance (mm)       0.00000000000
 evap (mm/day):   2.33244286535967     
 prec (mm/day):  9.270870659851263E-003
 ls (mm/day):  0.000000000000000E+000
 imbalance (mm/day)  3.090554667652817E-011
  imbalance (rel error):  1.328270916671972E-016
 ===========================
NSTEP =        473   NCYCLE=  3  CFL_adv= 0.322  CFL_sgs= 0.029
NSTEP =        474   NCYCLE=  3  CFL_adv= 0.332  CFL_sgs= 0.028
 Let's do some shortwave
 Range of zenith angles  0.732661695834013       0.732661695834013     
 Range of surface albedo (asdir)  3.383449086658900E-002  3.383449086658900E-002
 Range of surface albedo (aldir)  3.383449086658900E-002  3.383449086658900E-002
 Range of surface albedo (asdif)  6.000000000000000E-002  6.000000000000000E-002
 Range of surface albedo (aldif)  6.000000000000000E-002  6.000000000000000E-002
 radiation: perpetual sun, solin=   310.282738873165     
 longwave radiation is called
NSTEP =        475   NCYCLE=  3  CFL_adv= 0.335  CFL_sgs= 0.029
 Collecting statistics...
 name QCSTRG is missing in "lst" file.
NSTEP =        476   NCYCLE=  3  CFL_adv= 0.332  CFL_sgs= 0.029
 DAY =   0.165277777777778     
 NSTEP=         476
 div:  1.832393614599039E-016 -1.731986911220070E-016
 SST=   303.150000000000     
 surface pressure=   1014.80000000000     
 u:  -6.23481931333970        6.90161858817761     
 v:  -6.26141109605980        6.80290439729212     
 w:  -1.19513086204900        2.77323594782308     
 p:  -15.9013269834939        15.5668901985308     
 t:   299.652136372075        473.389399376858     
 tabs:   200.870837625114        301.138827028292     
 qv:  9.140889991571842E-048  2.103082831746690E-002
 tke:  0.000000000000000E+000  0.990510677484225     
 tk:  0.000000000000000E+000   18.4194589949845     
 tkh:  0.000000000000000E+000   18.4194589949845     
 qcl:  0.000000000000000E+000  1.439080479914892E-003
 qci:  0.000000000000000E+000  8.555934506994996E-003
 qpl:  0.000000000000000E+000  2.205440114295689E-004
 qpi:  0.000000000000000E+000  0.000000000000000E+000
 qrad(K/day):  -75.6475176446533        87.9421530275578     
 shf:   5.79771471791958        23.8282895941969     
 lhf:   53.8256569166125        165.871929560517     
 uw: -4.140569321227937E-002  3.590781444772257E-002
 vw: -3.549703593627403E-002  2.924005601815691E-002
 sst:   303.150000000000        303.150000000000     
 ===========================
 total water budget:
 before (mm):         53.49622779155
 after (mm):          53.49703231400
 evaporation (mm):     0.00080749404
 precipitation (mm):   0.00000297160
 large-scale (mm):     0.00000000000
 Imbalance (mm)       0.00000000000
 evap (mm/day):   2.32558283838376     
 prec (mm/day):  8.558203230610576E-003
 ls (mm/day):  0.000000000000000E+000
 imbalance (mm/day)  2.561923329730265E-011
  imbalance (rel error):  1.328190938872302E-016
 ===========================
NSTEP =        477   NCYCLE=  3  CFL_adv= 0.337  CFL_sgs= 0.029
NSTEP =        478   NCYCLE=  3  CFL_adv= 0.349  CFL_sgs= 0.030
NSTEP =        479   NCYCLE=  3  CFL_adv= 0.351  CFL_sgs= 0.030
 Collecting statistics...
 name QCSTRG is missing in "lst" file.
 Writting statistics:nstatsteps=          15
 --------------- ISCCP Simulator Diagnostics: -----------------
 ISCCP PDF:
            0.0       0.3       1.3       3.6       9.4      23.0      60.0
    0.     0.066     0.047     0.012     0.010     0.015     0.020     0.065
  180.     0.001     0.001     0.004     0.011     0.004     0.000     0.000
  310.     0.000     0.000     0.000     0.000     0.000     0.000     0.000
  440.     0.000     0.000     0.000     0.000     0.000     0.000     0.000
  560.     0.000     0.000     0.000     0.000     0.000     0.000     0.000
  680.     0.000     0.000     0.000     0.000     0.000     0.000     0.000
  800.     0.001     0.001     0.000     0.000     0.000     0.000     0.000
 low cld area (tau > 0.3)=  8.874114285643826E-004
 mid cld area (tau > 0.3)=  1.342773437500000E-004
 hgh cld area (tau > 0.3)=  0.190065002441406     
 total cld area (tau > 0.3)=  0.191086691213721     
 mean albedo cld (tau > 0.3)   0.550967227688714     
 mean tau cld (tau > 0.3)    10.7367751482188     
 mean top pressure (tau > 0.3)   130.878869149416     
 mean brightness temp (tau > 0.3)   239.170996316423     
 mean clearsky brightness temp (tau > 0.3)   296.740770314973     
 --------------- MODIS Simulator Diagnostics: -----------------
 MODIS PDF:
                      0.3       1.3       3.6       9.4      23.0      60.0
    0.               0.042     0.013     0.020     0.019     0.020     0.065
  180.               0.004     0.004     0.001     0.000     0.000     0.000
  310.               0.000     0.000     0.000     0.000     0.000     0.000
  440.               0.000     0.000     0.000     0.000     0.000     0.000
  560.               0.000     0.000     0.000     0.000     0.000     0.000
  680.               0.000     0.000     0.000     0.000     0.000     0.000
  800.               0.001     0.000     0.000     0.000     0.000     0.000
 low cld area =  8.822998443207184E-004
 mid cld area =  1.129150390625000E-004
 hgh cld area =  0.188328552246094     
 total cld area =  0.189323767129477     
 mean tau cld    104.881313136621     
 mean top pressure    129.959970478233     
 total cld area (liquid) =  8.965413807790517E-004
 total cld area (ice) =  0.188305155436198     
 mean tau (liquid) =  0.000000000000000E+000
 mean tau (ice) =   105.428823892619     
 mean lwp (g/m2) =  0.000000000000000E+000
 mean iwp (g/m2) =   1526.92198732232     
 mean reff (liquid)  =  0.000000000000000E+000
 mean reff (ice)  =   25.6135965800452     
 --------------- MISR Simulator Diagnostics: -----------------
 MISR PDF:
            0.0       0.3       1.3       3.6       9.4      23.0      60.0
 99.00     0.000     0.000     0.000     0.000     0.000     0.000     0.001
 17.00     0.000     0.000     0.001     0.002     0.009     0.016     0.064
 15.00     0.000     0.004     0.005     0.008     0.008     0.004     0.000
 13.00     0.000     0.012     0.007     0.009     0.002     0.000     0.000
 11.00     0.000     0.007     0.004     0.002     0.000     0.000     0.000
  9.00     0.000     0.000     0.000     0.000     0.000     0.000     0.000
  7.00     0.000     0.000     0.000     0.000     0.000     0.000     0.000
  5.00     0.000     0.000     0.000     0.000     0.000     0.000     0.000
  4.00     0.000     0.000     0.000     0.000     0.000     0.000     0.000
  3.00     0.000     0.000     0.000     0.000     0.000     0.000     0.000
  2.50     0.000     0.000     0.000     0.000     0.000     0.000     0.000
  2.00     0.000     0.000     0.000     0.000     0.000     0.000     0.000
  1.50     0.000     0.000     0.000     0.000     0.000     0.000     0.000
  1.00     0.000     0.000     0.000     0.000     0.000     0.000     0.000
  0.50     0.000     0.001     0.000     0.000     0.000     0.000     0.000
  0.00     0.025     0.024     0.000     0.000     0.000     0.000     0.000
 total cld area =  0.165920005457054     
 mean top height (m)   14327.6112330050     
 Writting history file 
 rcemip300sst_16_nCat6_MaxIce200                                                
  
 Writting 2D data. file:./OUT_2D/bubble_rcemip300sst_16_nCat6_MaxIce200_64.2Dbin
                                                                 
 Writting 3D data. file:./OUT_3D/bubble_rcemip300sst_16_nCat6_MaxIce200_64_00000
 00480.bin3D                                                     
NSTEP =        480   NCYCLE=  3  CFL_adv= 0.345  CFL_sgs= 0.030
 DAY =   0.166666666666667     
 NSTEP=         480
 div:  1.745208934974779E-016 -1.847025853167449E-016
 SST=   303.150000000000     
 surface pressure=   1014.80000000000     
 u:  -6.15261973366321        7.32289035549599     
 v:  -6.37398566908919        7.02383650694928     
 w:  -1.32259895529660        2.94866939969326     
 p:  -15.3559775472982        14.8571531278718     
 t:   299.696483911986        473.386928024123     
 tabs:   200.837597627332        301.125073433123     
 qv:  9.586884186993510E-048  2.104231076997208E-002
 tke:  0.000000000000000E+000   1.22136483265837     
 tk:  0.000000000000000E+000   27.6288439933972     
 tkh:  0.000000000000000E+000   27.6288439933972     
 qcl:  0.000000000000000E+000  1.429008314806741E-003
 qci:  0.000000000000000E+000  8.525668317422613E-003
 qpl:  0.000000000000000E+000  2.604671173044212E-004
 qpi:  0.000000000000000E+000  0.000000000000000E+000
 qrad(K/day):  -75.6475176446533        87.9421530275578     
 shf:   5.75650051654628        22.9273462125776     
 lhf:   51.9390630258911        162.261071027649     
 uw: -4.164271406462623E-002  3.580188270545993E-002
 vw: -3.429928040964168E-002  2.798238083209090E-002
 sst:   303.150000000000        303.150000000000     
 ===========================
 total water budget:
 before (mm):         53.49944295276
 after (mm):          53.50024555605
 evaporation (mm):     0.00080533207
 precipitation (mm):   0.00000272878
 large-scale (mm):     0.00000000000
 Imbalance (mm)      -0.00000000000
 evap (mm/day):   2.31935636024108     
 prec (mm/day):  7.858875055159947E-003
 ls (mm/day):  0.000000000000000E+000
 imbalance (mm/day) -2.674091539021407E-011
  imbalance (rel error): -1.328111167294867E-016
 ===========================
CPU TIME =     196.3087 OVER     0.50 MODEL HOURS
 Let's do some shortwave
 Range of zenith angles  0.732661695834013       0.732661695834013     
 Range of surface albedo (asdir)  3.383449086658900E-002  3.383449086658900E-002
 Range of surface albedo (aldir)  3.383449086658900E-002  3.383449086658900E-002
 Range of surface albedo (asdif)  6.000000000000000E-002  6.000000000000000E-002
 Range of surface albedo (aldif)  6.000000000000000E-002  6.000000000000000E-002
 radiation: perpetual sun, solin=   310.282738871340     
 longwave radiation is called
NSTEP =        481   NCYCLE=  3  CFL_adv= 0.346  CFL_sgs= 0.029
NSTEP =        482   NCYCLE=  3  CFL_adv= 0.338  CFL_sgs= 0.029
NSTEP =        483   NCYCLE=  3  CFL_adv= 0.324  CFL_sgs= 0.028
 Collecting statistics...
 name QCSTRG is missing in "lst" file.
NSTEP =        484   NCYCLE=  3  CFL_adv= 0.327  CFL_sgs= 0.028
 DAY =   0.168055555555556     
 NSTEP=         484
 div:  1.807564289785900E-016 -1.846222633857468E-016
 SST=   303.150000000000     
 surface pressure=   1014.80000000000     
 u:  -6.11504226862571        6.65916842124548     
 v:  -6.65587878479403        7.33233665299392     
 w:  -1.35395537445271        2.96360704257926     
 p:  -15.4872821613823        14.5620657916211     
 t:   299.720022693714        473.388843888732     
 tabs:   200.818817461814        301.084066677054     
 qv:  1.314188109103797E-047  2.108079973166892E-002
 tke:  0.000000000000000E+000   1.39978963199828     
 tk:  0.000000000000000E+000   18.9011739122130     
 tkh:  0.000000000000000E+000   18.9011739122130     
 qcl:  0.000000000000000E+000  1.516739497815699E-003
 qci:  0.000000000000000E+000  8.503470434279861E-003
 qpl:  0.000000000000000E+000  3.783602266014778E-004
 qpi:  0.000000000000000E+000  0.000000000000000E+000
 qrad(K/day):  -75.7330291163483        78.5253252452045     
 shf:   6.02578625536304        23.1173054081276     
 lhf:   51.4708899619075        166.098280628912     
 uw: -3.649173728685153E-002  3.198033985245069E-002
 vw: -3.664645760242892E-002  2.716554696851562E-002
 sst:   303.150000000000        303.150000000000     
 ===========================
 total water budget:
 before (mm):         53.50265065711
 after (mm):          53.50345148548
 evaporation (mm):     0.00080332735
 precipitation (mm):   0.00000249898
 large-scale (mm):     0.00000000000
 Imbalance (mm)       0.00000000000
 evap (mm/day):   2.31358277789319     
 prec (mm/day):  7.197052118546118E-003
 ls (mm/day):  0.000000000000000E+000
 imbalance (mm/day)  1.290752782976724E-011
  imbalance (rel error):  0.000000000000000E+000
 ===========================
NSTEP =        485   NCYCLE=  3  CFL_adv= 0.332  CFL_sgs= 0.028
NSTEP =        486   NCYCLE=  3  CFL_adv= 0.327  CFL_sgs= 0.028
 Let's do some shortwave
 Range of zenith angles  0.732661695834013       0.732661695834013     
 Range of surface albedo (asdir)  3.383449086658900E-002  3.383449086658900E-002
 Range of surface albedo (aldir)  3.383449086658900E-002  3.383449086658900E-002
 Range of surface albedo (asdif)  6.000000000000000E-002  6.000000000000000E-002
 Range of surface albedo (aldif)  6.000000000000000E-002  6.000000000000000E-002
 radiation: perpetual sun, solin=   310.282738872020     
 longwave radiation is called
NSTEP =        487   NCYCLE=  3  CFL_adv= 0.322  CFL_sgs= 0.028
 Collecting statistics...
 name QCSTRG is missing in "lst" file.
NSTEP =        488   NCYCLE=  2  CFL_adv= 0.476  CFL_sgs= 0.043
 DAY =   0.169444444444444     
 NSTEP=         488
 div:  3.121091829621351E-016 -2.930809267645176E-016
 SST=   303.150000000000     
 surface pressure=   1014.80000000000     
 u:  -6.43848750468393        7.08118123540857     
 v:  -6.89739483372535        6.65373214886666     
 w:  -1.45374466523480        2.67243004661369     
 p:  -16.4222238435383        14.5927462158872     
 t:   299.753694047512        473.392982436938     
 tabs:   200.862703489568        301.047367466898     
 qv:  1.461368650051834E-047  2.111841009138021E-002
 tke:  0.000000000000000E+000   1.50774630549703     
 tk:  0.000000000000000E+000   23.3699090595083     
 tkh:  0.000000000000000E+000   23.3699090595083     
 qcl:  0.000000000000000E+000  1.425968346822291E-003
 qci:  0.000000000000000E+000  8.482410280470150E-003
 qpl:  0.000000000000000E+000  4.464768811652943E-004
 qpi:  0.000000000000000E+000  0.000000000000000E+000
 qrad(K/day):  -77.4382740813790        78.3641067454073     
 shf:   6.19941429735114        23.0291155440599     
 lhf:   51.2780916546559        164.970899929676     
 uw: -3.419535121956228E-002  3.127485479319896E-002
 vw: -3.415553868712247E-002  2.733794470454945E-002
 sst:   303.150000000000        303.150000000000     
 ===========================
 total water budget:
 before (mm):         53.50585149009
 after (mm):          53.50665073395
 evaporation (mm):     0.00080153506
 precipitation (mm):   0.00000229121
 large-scale (mm):     0.00000000000
 Imbalance (mm)      -0.00000000000
 evap (mm/day):   2.30842098463349     
 prec (mm/day):  6.598676545055073E-003
 ls (mm/day):  0.000000000000000E+000
 imbalance (mm/day) -2.266443624573608E-011
  imbalance (rel error): -1.327952181670087E-016
 ===========================
NSTEP =        489   NCYCLE=  2  CFL_adv= 0.455  CFL_sgs= 0.043
NSTEP =        490   NCYCLE=  2  CFL_adv= 0.423  CFL_sgs= 0.043
NSTEP =        491   NCYCLE=  2  CFL_adv= 0.426  CFL_sgs= 0.043
 Collecting statistics...
 name QCSTRG is missing in "lst" file.
NSTEP =        492   NCYCLE=  2  CFL_adv= 0.429  CFL_sgs= 0.043
 DAY =   0.170833333333333     
 NSTEP=         492
 div:  2.820601908844056E-016 -2.653833850824185E-016
 SST=   303.150000000000     
 surface pressure=   1014.80000000000     
 u:  -6.51309590644948        6.97079077226359     
 v:  -6.32596218765573        5.99434878825140     
 w:  -1.30160899403185        2.30815533140166     
 p:  -16.7426951733436        14.6683743839727     
 t:   299.785790921846        473.396422349991     
 tabs:   200.779296759226        301.048628466965     
 qv:  1.683498649729041E-047  2.106859485895288E-002
 tke:  0.000000000000000E+000  0.981685916055599     
 tk:  0.000000000000000E+000   23.0495886473614     
 tkh:  0.000000000000000E+000   23.0495886473614     
 qcl:  0.000000000000000E+000  1.366652990044987E-003
 qci:  0.000000000000000E+000  8.456618371183595E-003
 qpl:  0.000000000000000E+000  4.602238675756376E-004
 qpi:  0.000000000000000E+000  0.000000000000000E+000
 qrad(K/day):  -77.4382740813790        78.3641067454073     
 shf:   6.15478563818155        22.3107846651931     
 lhf:   51.0541884115178        159.880146952591     
 uw: -3.428518295084769E-002  3.098976974973830E-002
 vw: -3.431379078878247E-002  2.523401172758110E-002
 sst:   303.150000000000        303.150000000000     
 ===========================
 total water budget:
 before (mm):         53.50904611025
 after (mm):          53.50984379823
 evaporation (mm):     0.00079983044
 precipitation (mm):   0.00000214246
 large-scale (mm):     0.00000000000
 Imbalance (mm)       0.00000000000
 evap (mm/day):   2.30351165698380     
 prec (mm/day):  6.170271734130015E-003
 ls (mm/day):  0.000000000000000E+000
 imbalance (mm/day)  6.333299363463565E-012
  imbalance (rel error):  1.327872939489955E-016
 ===========================
 Let's do some shortwave
 Range of zenith angles  0.732661695834013       0.732661695834013     
 Range of surface albedo (asdir)  3.383449086658900E-002  3.383449086658900E-002
 Range of surface albedo (aldir)  3.383449086658900E-002  3.383449086658900E-002
 Range of surface albedo (asdif)  6.000000000000000E-002  6.000000000000000E-002
 Range of surface albedo (aldif)  6.000000000000000E-002  6.000000000000000E-002
 radiation: perpetual sun, solin=   310.282738875189     
 longwave radiation is called
NSTEP =        493   NCYCLE=  2  CFL_adv= 0.437  CFL_sgs= 0.043
NSTEP =        494   NCYCLE=  2  CFL_adv= 0.440  CFL_sgs= 0.042
NSTEP =        495   NCYCLE=  2  CFL_adv= 0.441  CFL_sgs= 0.042
 Collecting statistics...
 name QCSTRG is missing in "lst" file.
NSTEP =        496   NCYCLE=  2  CFL_adv= 0.448  CFL_sgs= 0.042
 DAY =   0.172222222222222     
 NSTEP=         496
 div:  3.233660274056802E-016 -3.578827093292882E-016
 SST=   303.150000000000     
 surface pressure=   1014.80000000000     
 u:  -6.35441583188880        6.65073083561767     
 v:  -5.90592817623460        6.71941353137886     
 w:  -1.46315424388569        2.57711335379485     
 p:  -16.5175503485590        14.3638949558963     
 t:   299.823478305890        473.398633740781     
 tabs:   200.752103424896        301.058370089766     
 qv:  2.187129913398492E-047  2.111382983934175E-002
 tke:  0.000000000000000E+000  0.971582701623446     
 tk:  0.000000000000000E+000   24.6358034185085     
 tkh:  0.000000000000000E+000   24.6358034185085     
 qcl:  0.000000000000000E+000  1.507099344374281E-003
 qci:  0.000000000000000E+000  8.420312898269045E-003
 qpl:  0.000000000000000E+000  4.658945606470027E-004
 qpi:  0.000000000000000E+000  0.000000000000000E+000
 qrad(K/day):  -76.2234229909684        75.8342378718260     
 shf:   6.09750510764453        21.4318456235254     
 lhf:   50.8188223638158        160.288691238620     
 uw: -3.182969755856218E-002  3.227332208097120E-002
 vw: -3.310072455966189E-002  2.448313526287777E-002
 sst:   303.150000000000        303.150000000000     
 ===========================
 total water budget:
 before (mm):         53.51223460528
 after (mm):          53.51303080303
 evaporation (mm):     0.00079823475
 precipitation (mm):   0.00000203700
 large-scale (mm):     0.00000000000
 Imbalance (mm)      -0.00000000000
 evap (mm/day):   2.29891608764593     
 prec (mm/day):  5.866564736521731E-003
 ls (mm/day):  0.000000000000000E+000
 imbalance (mm/day) -6.913544443962888E-012
  imbalance (rel error): -1.327793857117576E-016
 ===========================
NSTEP =        497   NCYCLE=  2  CFL_adv= 0.472  CFL_sgs= 0.042
NSTEP =        498   NCYCLE=  3  CFL_adv= 0.329  CFL_sgs= 0.028
 Let's do some shortwave
 Range of zenith angles  0.732661695834013       0.732661695834013     
 Range of surface albedo (asdir)  3.383449086658900E-002  3.383449086658900E-002
 Range of surface albedo (aldir)  3.383449086658900E-002  3.383449086658900E-002
 Range of surface albedo (asdif)  6.000000000000000E-002  6.000000000000000E-002
 Range of surface albedo (aldif)  6.000000000000000E-002  6.000000000000000E-002
 radiation: perpetual sun, solin=   310.282738880134     
 longwave radiation is called
NSTEP =        499   NCYCLE=  3  CFL_adv= 0.333  CFL_sgs= 0.028
 Collecting statistics...
 name QCSTRG is missing in "lst" file.
NSTEP =        500   NCYCLE=  3  CFL_adv= 0.328  CFL_sgs= 0.028
 DAY =   0.173611111111111     
 NSTEP=         500
 div:  1.957318677778248E-016 -2.096814362529898E-016
 SST=   303.150000000000     
 surface pressure=   1014.80000000000     
 u:  -6.50518563680298        6.98168602030871     
 v:  -6.12679558535455        7.10637497868702     
 w:  -1.24714900392632        2.97891451683947     
 p:  -16.1963910023886        13.4927941924908     
 t:   299.854248585469        473.403693500658     
 tabs:   200.839679529862        301.073549806770     
 qv:  2.969695226219951E-047  2.107181545752291E-002
 tke:  0.000000000000000E+000  0.745169320832964     
 tk:  0.000000000000000E+000   18.8051719373891     
 tkh:  0.000000000000000E+000   18.8051719373891     
 qcl:  0.000000000000000E+000  1.469485230037607E-003
 qci:  0.000000000000000E+000  8.372397182788802E-003
 qpl:  0.000000000000000E+000  4.432435114033389E-004
 qpi:  0.000000000000000E+000  0.000000000000000E+000
 qrad(K/day):  -75.0686653224363        73.5467189737515     
 shf:   6.03828707544313        20.8570140085071     
 lhf:   50.5893020573050        162.516191849446     
 uw: -2.917355310534817E-002  3.502512279624440E-002
 vw: -2.897942388619341E-002  2.601431537271595E-002
 sst:   303.150000000000        303.150000000000     
 ===========================
 total water budget:
 before (mm):         53.51541717752
 after (mm):          53.51621190875
 evaporation (mm):     0.00079675345
 precipitation (mm):   0.00000202222
 large-scale (mm):     0.00000000000
 Imbalance (mm)       0.00000000000
 evap (mm/day):   2.29464992720310     
 prec (mm/day):  5.824007546412098E-003
 ls (mm/day):  0.000000000000000E+000
 imbalance (mm/day)  3.399602376951555E-011
  imbalance (rel error):  1.327714930518071E-016
 ===========================
NSTEP =        501   NCYCLE=  3  CFL_adv= 0.339  CFL_sgs= 0.028
NSTEP =        502   NCYCLE=  3  CFL_adv= 0.344  CFL_sgs= 0.029
NSTEP =        503   NCYCLE=  3  CFL_adv= 0.337  CFL_sgs= 0.030
 Collecting statistics...
 name QCSTRG is missing in "lst" file.
NSTEP =        504   NCYCLE=  3  CFL_adv= 0.322  CFL_sgs= 0.030
 DAY =   0.175000000000000     
 NSTEP=         504
 div:  1.632319855802648E-016 -2.319493065489130E-016
 SST=   303.150000000000     
 surface pressure=   1014.80000000000     
 u:  -6.28814113389038        6.58394136387799     
 v:  -5.91657985605630        6.83393579370543     
 w:  -1.38124347215410        2.95274852383375     
 p:  -16.1599725985877        13.1222791768152     
 t:   299.883745384632        473.410470481938     
 tabs:   200.939935128983        301.065930905378     
 qv:  4.352089311467748E-047  2.109709793044797E-002
 tke:  0.000000000000000E+000  0.721497899303229     
 tk:  0.000000000000000E+000   16.1699171456583     
 tkh:  0.000000000000000E+000   16.1699171456583     
 qcl:  0.000000000000000E+000  1.313426623893248E-003
 qci:  0.000000000000000E+000  8.336986235586390E-003
 qpl:  0.000000000000000E+000  5.979595020337172E-004
 qpi:  0.000000000000000E+000  0.000000000000000E+000
 qrad(K/day):  -75.0686653224363        73.5467189737515     
 shf:   6.01836143904849        20.4606559128861     
 lhf:   50.4445812218207        161.197640939230     
 uw: -3.083238570666443E-002  3.508922455607836E-002
 vw: -2.985028245031245E-002  2.551617618991749E-002
 sst:   303.150000000000        303.150000000000     
 ===========================
 total water budget:
 before (mm):         53.51859400271
 after (mm):          53.51938737777
 evaporation (mm):     0.00079545430
 precipitation (mm):   0.00000207924
 large-scale (mm):     0.00000000000
 Imbalance (mm)       0.00000000000
 evap (mm/day):   2.29090838201135     
 prec (mm/day):  5.988197506648853E-003
 ls (mm/day):  0.000000000000000E+000
 imbalance (mm/day)  1.773796807678051E-011
  imbalance (rel error):  1.327636153128305E-016
 ===========================
 Let's do some shortwave
 Range of zenith angles  0.732661695834013       0.732661695834013     
 Range of surface albedo (asdir)  3.383449086658900E-002  3.383449086658900E-002
 Range of surface albedo (aldir)  3.383449086658900E-002  3.383449086658900E-002
 Range of surface albedo (asdif)  6.000000000000000E-002  6.000000000000000E-002
 Range of surface albedo (aldif)  6.000000000000000E-002  6.000000000000000E-002
 radiation: perpetual sun, solin=   310.282738886840     
 longwave radiation is called
NSTEP =        505   NCYCLE=  3  CFL_adv= 0.332  CFL_sgs= 0.031
NSTEP =        506   NCYCLE=  3  CFL_adv= 0.328  CFL_sgs= 0.031
NSTEP =        507   NCYCLE=  2  CFL_adv= 0.467  CFL_sgs= 0.047
 Collecting statistics...
 name QCSTRG is missing in "lst" file.
NSTEP =        508   NCYCLE=  2  CFL_adv= 0.467  CFL_sgs= 0.047
 DAY =   0.176388888888889     
 NSTEP=         508
 div:  3.006353520946962E-016 -3.307974484841958E-016
 SST=   303.150000000000     
 surface pressure=   1014.80000000000     
 u:  -6.17264929585444        6.48896753874225     
 v:  -6.11579224498084        6.47661297075456     
 w:  -1.33164624890766        2.73781457594902     
 p:  -16.6515801092775        14.3931809667514     
 t:   299.913554068165        473.416447750750     
 tabs:   200.915049909252        301.040553268982     
 qv:  5.699349405842406E-047  2.102682382765758E-002
 tke:  0.000000000000000E+000  0.719373279646868     
 tk:  0.000000000000000E+000   16.0393328404099     
 tkh:  0.000000000000000E+000   16.0393328404099     
 qcl:  0.000000000000000E+000  1.455217127841325E-003
 qci:  0.000000000000000E+000  8.310784967344447E-003
 qpl:  0.000000000000000E+000  6.782580089077365E-004
 qpi:  0.000000000000000E+000  0.000000000000000E+000
 qrad(K/day):  -73.8580717871774        69.2447644500664     
 shf:   6.03239308571077        20.5696087847976     
 lhf:   50.4010186852861        156.269715200179     
 uw: -3.171563750950156E-002  3.286315620368240E-002
 vw: -3.021365316775081E-002  2.353225513201923E-002
 sst:   303.150000000000        303.150000000000     
 ===========================
 total water budget:
 before (mm):         53.52176586792
 after (mm):          53.52255820811
 evaporation (mm):     0.00079435603
 precipitation (mm):   0.00000201584
 large-scale (mm):     0.00000000000
 Imbalance (mm)       0.00000000000
 evap (mm/day):   2.28774536196610     
 prec (mm/day):  5.805609494148010E-003
 ls (mm/day):  0.000000000000000E+000
 imbalance (mm/day) -4.275782608835141E-012
  imbalance (rel error):  0.000000000000000E+000
 ===========================
NSTEP =        509   NCYCLE=  3  CFL_adv= 0.337  CFL_sgs= 0.031
NSTEP =        510   NCYCLE=  3  CFL_adv= 0.349  CFL_sgs= 0.031
 Let's do some shortwave
 Range of zenith angles  0.732661695834013       0.732661695834013     
 Range of surface albedo (asdir)  3.383449086658900E-002  3.383449086658900E-002
 Range of surface albedo (aldir)  3.383449086658900E-002  3.383449086658900E-002
 Range of surface albedo (asdif)  6.000000000000000E-002  6.000000000000000E-002
 Range of surface albedo (aldif)  6.000000000000000E-002  6.000000000000000E-002
 radiation: perpetual sun, solin=   310.282738894839     
 longwave radiation is called
NSTEP =        511   NCYCLE=  3  CFL_adv= 0.360  CFL_sgs= 0.030
 Collecting statistics...
 name QCSTRG is missing in "lst" file.
NSTEP =        512   NCYCLE=  3  CFL_adv= 0.360  CFL_sgs= 0.030
 DAY =   0.177777777777778     
 NSTEP=         512
 div:  2.269293447378884E-016 -2.871322029458316E-016
 SST=   303.150000000000     
 surface pressure=   1014.80000000000     
 u:  -6.46565018214239        6.39738917594715     
 v:  -5.89194027256335        7.12731482847939     
 w:  -1.54106869511602        3.24823960466120     
 p:  -17.0613223168372        15.6445094450138     
 t:   299.934562419165        473.421112143526     
 tabs:   200.904913416375        301.033255896692     
 qv:  7.592483593389876E-047  2.093989601059095E-002
 tke:  0.000000000000000E+000  0.679748296195066     
 tk:  0.000000000000000E+000   19.8077483685307     
 tkh:  0.000000000000000E+000   19.8077483685307     
 qcl:  0.000000000000000E+000  1.469280114934253E-003
 qci:  0.000000000000000E+000  8.275904022885082E-003
 qpl:  0.000000000000000E+000  6.346853390586059E-004
 qpi:  0.000000000000000E+000  0.000000000000000E+000
 qrad(K/day):  -73.0064106281536        69.0259218585848     
 shf:   5.96404746617762        19.7521994086684     
 lhf:   50.4717544241443        153.880152100868     
 uw: -3.052087320612100E-002  3.467458714854328E-002
 vw: -3.331786718210003E-002  2.115762429563436E-002
 sst:   303.150000000000        303.150000000000     
 ===========================
 total water budget:
 before (mm):         53.52493375324
 after (mm):          53.52572519193
 evaporation (mm):     0.00079336590
 precipitation (mm):   0.00000192720
 large-scale (mm):     0.00000000000
 Imbalance (mm)       0.00000000000
 evap (mm/day):   2.28489378542513     
 prec (mm/day):  5.550344554425057E-003
 ls (mm/day):  0.000000000000000E+000
 imbalance (mm/day)  2.461707595581564E-012
  imbalance (rel error):  1.327478951872653E-016
 ===========================
NSTEP =        513   NCYCLE=  3  CFL_adv= 0.362  CFL_sgs= 0.030
NSTEP =        514   NCYCLE=  3  CFL_adv= 0.364  CFL_sgs= 0.031
NSTEP =        515   NCYCLE=  3  CFL_adv= 0.368  CFL_sgs= 0.033
 Collecting statistics...
 name QCSTRG is missing in "lst" file.
NSTEP =        516   NCYCLE=  3  CFL_adv= 0.384  CFL_sgs= 0.033
 DAY =   0.179166666666667     
 NSTEP=         516
 div:  1.553769149563949E-016 -2.030867547454030E-016
 SST=   303.150000000000     
 surface pressure=   1014.80000000000     
 u:  -6.17222495840637        6.23592400553640     
 v:  -6.53722256496852        7.56701636685848     
 w:  -1.76954577965627        3.52366520785152     
 p:  -18.1363002944084        16.5760686643968     
 t:   299.952631276248        473.424549303366     
 tabs:   200.841678923472        301.036035292962     
 qv:  9.368596051701150E-047  2.093009616046972E-002
 tke:  0.000000000000000E+000   1.24895442032474     
 tk:  0.000000000000000E+000   25.8493755358708     
 tkh:  0.000000000000000E+000   25.8493755358708     
 qcl:  0.000000000000000E+000  1.457462910300099E-003
 qci:  0.000000000000000E+000  8.207339129855013E-003
 qpl:  0.000000000000000E+000  5.354941987618381E-004
 qpi:  0.000000000000000E+000  0.000000000000000E+000
 qrad(K/day):  -73.0064106281536        69.0259218585848     
 shf:   5.92684852784687        19.3853884307165     
 lhf:   50.6485050713572        154.371610940033     
 uw: -2.718937291035976E-002  3.252894868635879E-002
 vw: -3.153022498342074E-002  2.120787145800610E-002
 sst:   303.150000000000        303.150000000000     
 ===========================
 total water budget:
 before (mm):         53.52809831314
 after (mm):          53.52888892367
 evaporation (mm):     0.00079255060
 precipitation (mm):   0.00000194007
 large-scale (mm):     0.00000000000
 Imbalance (mm)       0.00000000000
 evap (mm/day):   2.28254571397105     
 prec (mm/day):  5.587390931626100E-003
 ls (mm/day):  0.000000000000000E+000
 imbalance (mm/day)  1.528657083728346E-011
  imbalance (rel error):  1.327400493541561E-016
 ===========================
 Let's do some shortwave
 Range of zenith angles  0.732661695834013       0.732661695834013     
 Range of surface albedo (asdir)  3.383449086658900E-002  3.383449086658900E-002
 Range of surface albedo (aldir)  3.383449086658900E-002  3.383449086658900E-002
 Range of surface albedo (asdif)  6.000000000000000E-002  6.000000000000000E-002
 Range of surface albedo (aldif)  6.000000000000000E-002  6.000000000000000E-002
 radiation: perpetual sun, solin=   310.282738903496     
 longwave radiation is called
NSTEP =        517   NCYCLE=  3  CFL_adv= 0.391  CFL_sgs= 0.034
NSTEP =        518   NCYCLE=  3  CFL_adv= 0.388  CFL_sgs= 0.035
NSTEP =        519   NCYCLE=  3  CFL_adv= 0.402  CFL_sgs= 0.035
 Collecting statistics...
 name QCSTRG is missing in "lst" file.
NSTEP =        520   NCYCLE=  3  CFL_adv= 0.413  CFL_sgs= 0.035
 DAY =   0.180555555555556     
 NSTEP=         520
 div:  2.434158529225612E-016 -2.280380879692080E-016
 SST=   303.150000000000     
 surface pressure=   1014.80000000000     
 u:  -6.11922089691226        6.33913114514225     
 v:  -6.60984080725947        7.04749095455294     
 w:  -1.87813355107399        3.54891111599284     
 p:  -18.8687406260571        17.1250816963423     
 t:   299.964337417416        473.426177159638     
 tabs:   200.898213421866        301.026538627940     
 qv:  9.845561037673924E-047  2.091815682065509E-002
 tke:  0.000000000000000E+000   1.46018404982963     
 tk:  0.000000000000000E+000   24.3427522443229     
 tkh:  0.000000000000000E+000   24.3427522443229     
 qcl:  0.000000000000000E+000  1.617264278649573E-003
 qci:  0.000000000000000E+000  8.114736301198357E-003
 qpl:  0.000000000000000E+000  7.322636978705599E-004
 qpi:  0.000000000000000E+000  0.000000000000000E+000
 qrad(K/day):  -73.3903921523060        68.2829274205117     
 shf:   5.89487489140773        18.9481696363851     
 lhf:   50.9059732242012        154.395919883767     
 uw: -2.608744524411944E-002  2.716586468008418E-002
 vw: -2.633205387899077E-002  1.992545807746828E-002
 sst:   303.150000000000        303.150000000000     
 ===========================
 total water budget:
 before (mm):         53.53125950602
 after (mm):          53.53204938464
 evaporation (mm):     0.00079187370
 precipitation (mm):   0.00000199507
 large-scale (mm):     0.00000000000
 Imbalance (mm)       0.00000000000
 evap (mm/day):   2.28059624736147     
 prec (mm/day):  5.745814309014005E-003
 ls (mm/day):  0.000000000000000E+000
 imbalance (mm/day) -1.132082464881320E-011
  imbalance (rel error):  0.000000000000000E+000
 ===========================
NSTEP =        521   NCYCLE=  3  CFL_adv= 0.427  CFL_sgs= 0.035
NSTEP =        522   NCYCLE=  3  CFL_adv= 0.435  CFL_sgs= 0.035
 Let's do some shortwave
 Range of zenith angles  0.732661695834013       0.732661695834013     
 Range of surface albedo (asdir)  3.383449086658900E-002  3.383449086658900E-002
 Range of surface albedo (aldir)  3.383449086658900E-002  3.383449086658900E-002
 Range of surface albedo (asdif)  6.000000000000000E-002  6.000000000000000E-002
 Range of surface albedo (aldif)  6.000000000000000E-002  6.000000000000000E-002
 radiation: perpetual sun, solin=   310.282738911989     
 longwave radiation is called
NSTEP =        523   NCYCLE=  3  CFL_adv= 0.424  CFL_sgs= 0.035
 Collecting statistics...
 name QCSTRG is missing in "lst" file.
NSTEP =        524   NCYCLE=  3  CFL_adv= 0.420  CFL_sgs= 0.035
 DAY =   0.181944444444444     
 NSTEP=         524
 div:  1.951105483149055E-016 -2.154808582219644E-016
 SST=   303.150000000000     
 surface pressure=   1014.80000000000     
 u:  -5.97970167395569        5.94041550214171     
 v:  -6.19617642869487        7.52791650910642     
 w:  -1.77763598236979        4.06950698657554     
 p:  -19.0934914476501        16.8049819734527     
 t:   299.982924163202        473.426565522405     
 tabs:   200.830490546785        301.030201055684     
 qv:  1.006471446354286E-046  2.094907961576319E-002
 tke:  0.000000000000000E+000   1.07949063127203     
 tk:  0.000000000000000E+000   21.8627153123287     
 tkh:  0.000000000000000E+000   21.8627153123287     
 qcl:  0.000000000000000E+000  1.768805791923735E-003
 qci:  0.000000000000000E+000  8.077702327006244E-003
 qpl:  0.000000000000000E+000  8.827764590999839E-004
 qpi:  0.000000000000000E+000  0.000000000000000E+000
 qrad(K/day):  -72.3141768041976        65.4176173195705     
 shf:   5.87289358258024        18.5637898602027     
 lhf:   51.2126450017049        150.796453589651     
 uw: -2.860416377176160E-002  2.878940734057327E-002
 vw: -2.495165432841007E-002  1.986765077168389E-002
 sst:   303.150000000000        303.150000000000     
 ===========================
 total water budget:
 before (mm):         53.53441843862
 after (mm):          53.53520793804
 evaporation (mm):     0.00079130509
 precipitation (mm):   0.00000180567
 large-scale (mm):     0.00000000000
 Imbalance (mm)       0.00000000000
 evap (mm/day):   2.27895865542934     
 prec (mm/day):  5.200326650524871E-003
 ls (mm/day):  0.000000000000000E+000
 imbalance (mm/day)  2.744219707430471E-011
  imbalance (rel error):  1.327243814168860E-016
 ===========================
NSTEP =        525   NCYCLE=  3  CFL_adv= 0.432  CFL_sgs= 0.035
NSTEP =        526   NCYCLE=  3  CFL_adv= 0.444  CFL_sgs= 0.035
NSTEP =        527   NCYCLE=  3  CFL_adv= 0.443  CFL_sgs= 0.034
 Collecting statistics...
 name QCSTRG is missing in "lst" file.
NSTEP =        528   NCYCLE=  3  CFL_adv= 0.423  CFL_sgs= 0.034
 DAY =   0.183333333333333     
 NSTEP=         528
 div:  1.985115015956986E-016 -2.042557199998291E-016
 SST=   303.150000000000     
 surface pressure=   1014.80000000000     
 u:  -5.72740243527570        5.99612138338345     
 v:  -5.72831167167016        7.87850532283319     
 w:  -1.67223258849798        4.34810379001908     
 p:  -19.0453923873763        17.0094712227885     
 t:   299.995930417291        473.426190892513     
 tabs:   200.705035303578        301.048486494044     
 qv:  1.019081449028781E-046  2.097124061176883E-002
 tke:  0.000000000000000E+000   1.07507321412404     
 tk:  0.000000000000000E+000   19.9278896358388     
 tkh:  0.000000000000000E+000   19.9278896358388     
 qcl:  0.000000000000000E+000  1.688666547358791E-003
 qci:  0.000000000000000E+000  8.036178430044730E-003
 qpl:  0.000000000000000E+000  7.803817169486363E-004
 qpi:  0.000000000000000E+000  0.000000000000000E+000
 qrad(K/day):  -72.3141768041976        65.4176173195705     
 shf:   5.86505310273154        18.2709594352181     
 lhf:   49.2964001854401        150.198605500530     
 uw: -2.807616648236200E-002  2.757228630470621E-002
 vw: -2.555986150629434E-002  1.840021164374527E-002
 sst:   303.150000000000        303.150000000000     
 ===========================
 total water budget:
 before (mm):         53.53757590566
 after (mm):          53.53836506092
 evaporation (mm):     0.00079086315
 precipitation (mm):   0.00000170788
 large-scale (mm):     0.00000000000
 Imbalance (mm)       0.00000000000
 evap (mm/day):   2.27768587244984     
 prec (mm/day):  4.918706788909168E-003
 ls (mm/day):  0.000000000000000E+000
 imbalance (mm/day)  2.573853544846853E-011
  imbalance (rel error):  1.327165547456533E-016
 ===========================
 Let's do some shortwave
 Range of zenith angles  0.732661695834013       0.732661695834013     
 Range of surface albedo (asdir)  3.383449086658900E-002  3.383449086658900E-002
 Range of surface albedo (aldir)  3.383449086658900E-002  3.383449086658900E-002
 Range of surface albedo (asdif)  6.000000000000000E-002  6.000000000000000E-002
 Range of surface albedo (aldif)  6.000000000000000E-002  6.000000000000000E-002
 radiation: perpetual sun, solin=   310.282738919901     
 longwave radiation is called
NSTEP =        529   NCYCLE=  3  CFL_adv= 0.427  CFL_sgs= 0.033
NSTEP =        530   NCYCLE=  3  CFL_adv= 0.417  CFL_sgs= 0.032
NSTEP =        531   NCYCLE=  3  CFL_adv= 0.433  CFL_sgs= 0.031
 Collecting statistics...
 name QCSTRG is missing in "lst" file.
NSTEP =        532   NCYCLE=  3  CFL_adv= 0.441  CFL_sgs= 0.031
 DAY =   0.184722222222222     
 NSTEP=         532
 div:  1.377442561860497E-016 -1.807989950438016E-016
 SST=   303.150000000000     
 surface pressure=   1014.80000000000     
 u:  -5.86002513532201        6.28384717664811     
 v:  -6.48956243045669        7.78344874012891     
 w:  -2.20723108593226        4.47927774097663     
 p:  -18.5221802030105        17.3723185833345     
 t:   300.002257139999        473.424866939691     
 tabs:   200.606608105601        301.065833314376     
 qv:  1.107604216638018E-046  2.097106358405721E-002
 tke:  0.000000000000000E+000   1.08621953273331     
 tk:  0.000000000000000E+000   19.1303239756364     
 tkh:  0.000000000000000E+000   19.1303239756364     
 qcl:  0.000000000000000E+000  1.691410486493990E-003
 qci:  0.000000000000000E+000  8.015840379304756E-003
 qpl:  0.000000000000000E+000  8.741471258645245E-004
 qpi:  0.000000000000000E+000  0.000000000000000E+000
 qrad(K/day):  -71.5401853077834        60.1266378759768     
 shf:   5.86469842170453        17.7653314757308     
 lhf:   49.3097322544743        145.488428575899     
 uw: -2.427529945788458E-002  2.379007249416822E-002
 vw: -2.776123052551187E-002  1.746375665931655E-002
 sst:   303.150000000000        303.150000000000     
 ===========================
 total water budget:
 before (mm):         53.54073202888
 after (mm):          53.54152086509
 evaporation (mm):     0.00079054288
 precipitation (mm):   0.00000170667
 large-scale (mm):     0.00000000000
 Imbalance (mm)       0.00000000000
 evap (mm/day):   2.27676348741142     
 prec (mm/day):  4.915199129056390E-003
 ls (mm/day):  0.000000000000000E+000
 imbalance (mm/day)  1.413761197954083E-011
  imbalance (rel error):  1.327087322660308E-016
 ===========================
NSTEP =        533   NCYCLE=  3  CFL_adv= 0.445  CFL_sgs= 0.030
NSTEP =        534   NCYCLE=  3  CFL_adv= 0.437  CFL_sgs= 0.030
 Let's do some shortwave
 Range of zenith angles  0.732661695834013       0.732661695834013     
 Range of surface albedo (asdir)  3.383449086658900E-002  3.383449086658900E-002
 Range of surface albedo (aldir)  3.383449086658900E-002  3.383449086658900E-002
 Range of surface albedo (asdif)  6.000000000000000E-002  6.000000000000000E-002
 Range of surface albedo (aldif)  6.000000000000000E-002  6.000000000000000E-002
 radiation: perpetual sun, solin=   310.282738927490     
 longwave radiation is called
NSTEP =        535   NCYCLE=  3  CFL_adv= 0.440  CFL_sgs= 0.030
 Collecting statistics...
 name QCSTRG is missing in "lst" file.
NSTEP =        536   NCYCLE=  3  CFL_adv= 0.457  CFL_sgs= 0.029
 DAY =   0.186111111111111     
 NSTEP=         536
 div:  1.493645057285071E-016 -1.810643724825255E-016
 SST=   303.150000000000     
 surface pressure=   1014.80000000000     
 u:  -6.31688808925866        5.62625447701403     
 v:  -6.57723508417649        8.77978193111566     
 w:  -2.38877623597861        4.54951949463031     
 p:  -17.4664517071378        17.0044850324679     
 t:   300.014876851921        473.423912170494     
 tabs:   200.538005723462        301.075029893186     
 qv:  1.385999261496923E-046  2.098827984975219E-002
 tke:  0.000000000000000E+000   1.04376990953785     
 tk:  0.000000000000000E+000   23.3042411660154     
 tkh:  0.000000000000000E+000   23.3042411660154     
 qcl:  0.000000000000000E+000  1.881904945281353E-003
 qci:  0.000000000000000E+000  7.990915879992738E-003
 qpl:  0.000000000000000E+000  1.031054830257963E-003
 qpi:  0.000000000000000E+000  0.000000000000000E+000
 qrad(K/day):  -70.4098173934607        58.8033636145823     
 shf:   5.87207531137237        17.8167761443647     
 lhf:   49.5254748215244        142.049933634062     
 uw: -2.368450117901603E-002  2.112623448127565E-002
 vw: -2.907597690786450E-002  1.732335416759220E-002
 sst:   303.150000000000        303.150000000000     
 ===========================
 total water budget:
 before (mm):         53.54388696645
 after (mm):          53.54467553101
 evaporation (mm):     0.00079032423
 precipitation (mm):   0.00000175967
 large-scale (mm):     0.00000000000
 Imbalance (mm)      -0.00000000000
 evap (mm/day):   2.27613378879273     
 prec (mm/day):  5.067852797329972E-003
 ls (mm/day):  0.000000000000000E+000
 imbalance (mm/day) -1.175419990832004E-011
  imbalance (rel error): -1.327009135294173E-016
 ===========================
NSTEP =        537   NCYCLE=  3  CFL_adv= 0.465  CFL_sgs= 0.029
NSTEP =        538   NCYCLE=  3  CFL_adv= 0.453  CFL_sgs= 0.029
NSTEP =        539   NCYCLE=  3  CFL_adv= 0.456  CFL_sgs= 0.028
 Collecting statistics...
 name QCSTRG is missing in "lst" file.
 Writting statistics:nstatsteps=          15
 --------------- ISCCP Simulator Diagnostics: -----------------
 ISCCP PDF:
            0.0       0.3       1.3       3.6       9.4      23.0      60.0
    0.     0.093     0.037     0.012     0.013     0.015     0.020     0.064
  180.     0.001     0.001     0.008     0.012     0.003     0.000     0.000
  310.     0.000     0.000     0.000     0.000     0.000     0.000     0.000
  440.     0.000     0.000     0.000     0.000     0.000     0.000     0.000
  560.     0.000     0.000     0.000     0.000     0.000     0.000     0.000
  680.     0.000     0.000     0.000     0.000     0.000     0.000     0.000
  800.     0.000     0.000     0.000     0.000     0.000     0.000     0.000
 low cld area (tau > 0.3)=  2.187093098958333E-004
 mid cld area (tau > 0.3)=  1.230875651041667E-004
 hgh cld area (tau > 0.3)=  0.183862304687500     
 total cld area (tau > 0.3)=  0.184204101562500     
 mean albedo cld (tau > 0.3)   0.568630712660918     
 mean tau cld (tau > 0.3)    11.6321431799480     
 mean top pressure (tau > 0.3)   136.219390031919     
 mean brightness temp (tau > 0.3)   236.968250481132     
 mean clearsky brightness temp (tau > 0.3)   296.719625451155     
 --------------- MODIS Simulator Diagnostics: -----------------
 MODIS PDF:
                      0.3       1.3       3.6       9.4      23.0      60.0
    0.               0.032     0.014     0.023     0.018     0.020     0.064
  180.               0.005     0.006     0.001     0.000     0.000     0.000
  310.               0.000     0.000     0.000     0.000     0.000     0.000
  440.               0.000     0.000     0.000     0.000     0.000     0.000
  560.               0.000     0.000     0.000     0.000     0.000     0.000
  680.               0.000     0.000     0.000     0.000     0.000     0.000
  800.               0.000     0.000     0.000     0.000     0.000     0.000
 low cld area =  2.227783203125000E-004
 mid cld area =  1.057942708333333E-004
 hgh cld area =  0.183074951171875     
 total cld area =  0.183403523763021     
 mean tau cld    104.992009650068     
 mean top pressure    130.153914633186     
 total cld area (liquid) =  2.461751302083333E-004
 total cld area (ice) =  0.183059692382812     
 mean tau (liquid) =  0.000000000000000E+000
 mean tau (ice) =   105.187345407259     
 mean lwp (g/m2) =  0.000000000000000E+000
 mean iwp (g/m2) =   1463.76051762863     
 mean reff (liquid)  =  0.000000000000000E+000
 mean reff (ice)  =   25.5458550975479     
 --------------- MISR Simulator Diagnostics: -----------------
 MISR PDF:
            0.0       0.3       1.3       3.6       9.4      23.0      60.0
 99.00     0.000     0.000     0.000     0.000     0.000     0.000     0.001
 17.00     0.000     0.000     0.000     0.001     0.006     0.014     0.061
 15.00     0.000     0.002     0.004     0.013     0.012     0.006     0.002
 13.00     0.000     0.012     0.007     0.004     0.000     0.000     0.000
 11.00     0.000     0.008     0.008     0.005     0.000     0.000     0.000
  9.00     0.000     0.000     0.000     0.000     0.000     0.000     0.000
  7.00     0.000     0.000     0.000     0.000     0.000     0.000     0.000
  5.00     0.000     0.000     0.000     0.000     0.000     0.000     0.000
  4.00     0.000     0.000     0.000     0.000     0.000     0.000     0.000
  3.00     0.000     0.000     0.000     0.000     0.000     0.000     0.000
  2.50     0.000     0.000     0.000     0.000     0.000     0.000     0.000
  2.00     0.000     0.000     0.000     0.000     0.000     0.000     0.000
  1.50     0.000     0.000     0.000     0.000     0.000     0.000     0.000
  1.00     0.000     0.000     0.000     0.000     0.000     0.000     0.000
  0.50     0.000     0.000     0.000     0.000     0.000     0.000     0.000
  0.00     0.028     0.015     0.000     0.000     0.000     0.000     0.000
 total cld area =  0.168549274262928     
 mean top height (m)   14180.1190664827     
 Writting history file 
 rcemip300sst_16_nCat6_MaxIce200                                                
  
NSTEP =        540   NCYCLE=  3  CFL_adv= 0.460  CFL_sgs= 0.028
 DAY =   0.187500000000000     
 NSTEP=         540
 div:  1.394949889117801E-016 -1.718049530007514E-016
 SST=   303.150000000000     
 surface pressure=   1014.80000000000     
 u:  -6.15838744508179        6.18325397274994     
 v:  -6.54639099394348        8.20461050623464     
 w:  -2.20390086474527        4.98763225609679     
 p:  -16.0005309451869        16.3528324504298     
 t:   300.028051951703        473.422567213500     
 tabs:   200.510525380293        301.073078578186     
 qv:  1.834824681163525E-046  2.099912571491250E-002
 tke:  0.000000000000000E+000   1.51449330627805     
 tk:  0.000000000000000E+000   25.3024217693560     
 tkh:  0.000000000000000E+000   25.3024217693560     
 qcl:  0.000000000000000E+000  1.727825221984975E-003
 qci:  0.000000000000000E+000  7.962828596653572E-003
 qpl:  0.000000000000000E+000  1.026474868653574E-003
 qpi:  0.000000000000000E+000  0.000000000000000E+000
 qrad(K/day):  -70.4098173934607        58.8033636145823     
 shf:   5.88756730495822        17.0369195339892     
 lhf:   49.9105290008894        139.725637445128     
 uw: -2.397277082350049E-002  2.149887607546102E-002
 vw: -2.921145922963038E-002  1.715442701838178E-002
 sst:   303.150000000000        303.150000000000     
 ===========================
 total water budget:
 before (mm):         53.54704079294
 after (mm):          53.54782910354
 evaporation (mm):     0.00079016110
 precipitation (mm):   0.00000185050
 large-scale (mm):     0.00000000000
 Imbalance (mm)       0.00000000000
 evap (mm/day):   2.27566397771660     
 prec (mm/day):  5.329442532764724E-003
 ls (mm/day):  0.000000000000000E+000
 imbalance (mm/day)  2.178072907579529E-011
  imbalance (rel error):  1.326930984235061E-016
 ===========================
CPU TIME =     239.7725 OVER     0.50 MODEL HOURS
 Let's do some shortwave
 Range of zenith angles  0.732661695834013       0.732661695834013     
 Range of surface albedo (asdir)  3.383449086658900E-002  3.383449086658900E-002
 Range of surface albedo (aldir)  3.383449086658900E-002  3.383449086658900E-002
 Range of surface albedo (asdif)  6.000000000000000E-002  6.000000000000000E-002
 Range of surface albedo (aldif)  6.000000000000000E-002  6.000000000000000E-002
 radiation: perpetual sun, solin=   310.282738935266     
 longwave radiation is called
NSTEP =        541   NCYCLE=  3  CFL_adv= 0.474  CFL_sgs= 0.028
NSTEP =        542   NCYCLE=  3  CFL_adv= 0.466  CFL_sgs= 0.028
NSTEP =        543   NCYCLE=  3  CFL_adv= 0.445  CFL_sgs= 0.029
 Collecting statistics...
 name QCSTRG is missing in "lst" file.
NSTEP =        544   NCYCLE=  3  CFL_adv= 0.436  CFL_sgs= 0.031
 DAY =   0.188888888888889     
 NSTEP=         544
 div:  9.736993113627870E-017 -1.840625386493382E-016
 SST=   303.150000000000     
 surface pressure=   1014.80000000000     
 u:  -5.61938420103300        6.03663604422942     
 v:  -5.91245835706831        9.59549296168285     
 w:  -1.97915146988771        5.17736311284850     
 p:  -14.9729908500228        15.7109327944079     
 t:   300.040738491330        473.421415306998     
 tabs:   200.520795117648        301.062684335183     
 qv:  2.754351160566785E-046  2.100588950477067E-002
 tke:  0.000000000000000E+000   1.25880898169539     
 tk:  0.000000000000000E+000   28.0491642221229     
 tkh:  0.000000000000000E+000   28.0491642221229     
 qcl:  0.000000000000000E+000  1.493263475125938E-003
 qci:  0.000000000000000E+000  7.933854795658626E-003
 qpl:  0.000000000000000E+000  8.980993580834167E-004
 qpi:  0.000000000000000E+000  0.000000000000000E+000
 qrad(K/day):  -70.2271511633289        60.3832814108318     
 shf:   5.88514384375686        16.7659752062032     
 lhf:   48.4824802385863        139.025190295093     
 uw: -2.281506643518650E-002  2.037698336680468E-002
 vw: -2.842226436093235E-002  1.582999043118193E-002
 sst:   303.150000000000        303.150000000000     
 ===========================
 total water budget:
 before (mm):         53.55019379444
 after (mm):          53.55098198401
 evaporation (mm):     0.00079003016
 precipitation (mm):   0.00000184058
 large-scale (mm):     0.00000000000
 Imbalance (mm)       0.00000000000
 evap (mm/day):   2.27528684904559     
 prec (mm/day):  5.300878892791078E-003
 ls (mm/day):  0.000000000000000E+000
 imbalance (mm/day)  7.831518636716717E-012
  imbalance (rel error):  0.000000000000000E+000
 ===========================
NSTEP =        545   NCYCLE=  3  CFL_adv= 0.448  CFL_sgs= 0.031
NSTEP =        546   NCYCLE=  3  CFL_adv= 0.444  CFL_sgs= 0.032
 Let's do some shortwave
 Range of zenith angles  0.732661695834013       0.732661695834013     
 Range of surface albedo (asdir)  3.383449086658900E-002  3.383449086658900E-002
 Range of surface albedo (aldir)  3.383449086658900E-002  3.383449086658900E-002
 Range of surface albedo (asdif)  6.000000000000000E-002  6.000000000000000E-002
 Range of surface albedo (aldif)  6.000000000000000E-002  6.000000000000000E-002
 radiation: perpetual sun, solin=   310.282738943565     
 longwave radiation is called
NSTEP =        547   NCYCLE=  3  CFL_adv= 0.414  CFL_sgs= 0.033
 Collecting statistics...
 name QCSTRG is missing in "lst" file.
NSTEP =        548   NCYCLE=  3  CFL_adv= 0.402  CFL_sgs= 0.034
 DAY =   0.190277777777778     
 NSTEP=         548
 div:  1.070767113719543E-016 -1.327697688822995E-016
 SST=   303.150000000000     
 surface pressure=   1014.80000000000     
 u:  -5.56488492983088        6.03252124016115     
 v:  -5.68985953651765        8.67912708429395     
 w:  -1.77988302313006        4.60918095810091     
 p:  -14.8070737944727        15.1626796642904     
 t:   300.053453766395        473.420116756325     
 tabs:   200.575222423016        301.056339991256     
 qv:  4.140734296846594E-046  2.103463582320721E-002
 tke:  0.000000000000000E+000   1.00855550307966     
 tk:  0.000000000000000E+000   22.0857911993047     
 tkh:  0.000000000000000E+000   22.0857911993047     
 qcl:  0.000000000000000E+000  1.762610687239725E-003
 qci:  0.000000000000000E+000  7.902643485135896E-003
 qpl:  0.000000000000000E+000  1.060713435157069E-003
 qpi:  0.000000000000000E+000  0.000000000000000E+000
 qrad(K/day):  -70.7332154648660        58.0634325318719     
 shf:   5.83561894797950        16.7508491292618     
 lhf:   48.6923020036203        139.787538724514     
 uw: -1.976242724221278E-002  1.849894477035723E-002
 vw: -2.288029680342979E-002  1.682191663381243E-002
 sst:   303.150000000000        303.150000000000     
 ===========================
 total water budget:
 before (mm):         53.55334649339
 after (mm):          53.55413461332
 evaporation (mm):     0.00078994948
 precipitation (mm):   0.00000182955
 large-scale (mm):     0.00000000000
 Imbalance (mm)       0.00000000000
 evap (mm/day):   2.27505451063692     
 prec (mm/day):  5.269108586468917E-003
 ls (mm/day):  0.000000000000000E+000
 imbalance (mm/day)  1.301094730002048E-011
  imbalance (rel error):  1.326774750241932E-016
 ===========================
NSTEP =        549   NCYCLE=  3  CFL_adv= 0.386  CFL_sgs= 0.034
NSTEP =        550   NCYCLE=  3  CFL_adv= 0.379  CFL_sgs= 0.034
NSTEP =        551   NCYCLE=  3  CFL_adv= 0.367  CFL_sgs= 0.034
 Collecting statistics...
 name QCSTRG is missing in "lst" file.
NSTEP =        552   NCYCLE=  3  CFL_adv= 0.357  CFL_sgs= 0.034
 DAY =   0.191666666666667     
 NSTEP=         552
 div:  9.729917629596212E-017 -1.570454177972747E-016
 SST=   303.150000000000     
 surface pressure=   1014.80000000000     
 u:  -5.64955148490239        6.28598920004990     
 v:  -5.83803933378159        10.1134163162962     
 w:  -2.25325234893949        4.11992707462405     
 p:  -14.2604577059842        14.6077694202556     
 t:   300.066433611540        473.418850596320     
 tabs:   200.622532972852        301.065676788362     
 qv:  6.017011785968010E-046  2.106437726125592E-002
 tke:  0.000000000000000E+000   1.23677780785182     
 tk:  0.000000000000000E+000   21.7423335254426     
 tkh:  0.000000000000000E+000   21.7423335254426     
 qcl:  0.000000000000000E+000  1.663083304169846E-003
 qci:  0.000000000000000E+000  7.866560116294753E-003
 qpl:  0.000000000000000E+000  1.102229493049615E-003
 qpi:  0.000000000000000E+000  0.000000000000000E+000
 qrad(K/day):  -70.7332154648660        58.0634325318719     
 shf:   5.79220366929030        16.8683581440901     
 lhf:   48.6458379783133        138.168185745293     
 uw: -2.233996121399718E-002  1.727011680208144E-002
 vw: -2.507205887086195E-002  1.780655395789376E-002
 sst:   303.150000000000        303.150000000000     
 ===========================
 total water budget:
 before (mm):         53.55649866220
 after (mm):          53.55728654338
 evaporation (mm):     0.00078990007
 precipitation (mm):   0.00000201889
 large-scale (mm):     0.00000000000
 Imbalance (mm)       0.00000000000
 evap (mm/day):   2.27491219635720     
 prec (mm/day):  5.814400181159859E-003
 ls (mm/day):  0.000000000000000E+000
 imbalance (mm/day)  9.535670592985407E-013
  imbalance (rel error):  0.000000000000000E+000
 ===========================
 Let's do some shortwave
 Range of zenith angles  0.732661695834013       0.732661695834013     
 Range of surface albedo (asdir)  3.383449086658900E-002  3.383449086658900E-002
 Range of surface albedo (aldir)  3.383449086658900E-002  3.383449086658900E-002
 Range of surface albedo (asdif)  6.000000000000000E-002  6.000000000000000E-002
 Range of surface albedo (aldif)  6.000000000000000E-002  6.000000000000000E-002
 radiation: perpetual sun, solin=   310.282738952551     
 longwave radiation is called
NSTEP =        553   NCYCLE=  3  CFL_adv= 0.376  CFL_sgs= 0.033
NSTEP =        554   NCYCLE=  3  CFL_adv= 0.380  CFL_sgs= 0.033
NSTEP =        555   NCYCLE=  3  CFL_adv= 0.383  CFL_sgs= 0.032
 Collecting statistics...
 name QCSTRG is missing in "lst" file.
NSTEP =        556   NCYCLE=  3  CFL_adv= 0.405  CFL_sgs= 0.031
 DAY =   0.193055555555556     
 NSTEP=         556
 div:  1.055484019406270E-016 -1.708506416624574E-016
 SST=   303.150000000000     
 surface pressure=   1014.80000000000     
 u:  -6.05135131585017        6.01356981431815     
 v:  -6.09945501999129        9.14548761205154     
 w:  -2.13192574441235        4.94011571291825     
 p:  -13.6008398869663        13.8525300131897     
 t:   300.079745829247        473.418418479359     
 tabs:   200.513207937404        301.075103084191     
 qv:  6.653656585650382E-046  2.109388595038552E-002
 tke:  0.000000000000000E+000   1.26979293545679     
 tk:  0.000000000000000E+000   20.5751385294126     
 tkh:  0.000000000000000E+000   20.5751385294126     
 qcl:  0.000000000000000E+000  1.313816169160041E-003
 qci:  0.000000000000000E+000  7.824988449232654E-003
 qpl:  0.000000000000000E+000  1.721338753689485E-003
 qpi:  0.000000000000000E+000  0.000000000000000E+000
 qrad(K/day):  -70.4520509201981        56.7538540915693     
 shf:   5.67122996209568        17.1498368909852     
 lhf:   48.6759063352545        134.759995713938     
 uw: -2.309759226865122E-002  1.627530741447698E-002
 vw: -2.554540394978939E-002  1.759637966707855E-002
 sst:   303.150000000000        303.150000000000     
 ===========================
 total water budget:
 before (mm):         53.55964987282
 after (mm):          53.56043759915
 evaporation (mm):     0.00078990836
 precipitation (mm):   0.00000218203
 large-scale (mm):     0.00000000000
 Imbalance (mm)       0.00000000000
 evap (mm/day):   2.27493607599850     
 prec (mm/day):  6.284248359232512E-003
 ls (mm/day):  0.000000000000000E+000
 imbalance (mm/day)  7.137222941561855E-012
  imbalance (rel error):  0.000000000000000E+000
 ===========================
NSTEP =        557   NCYCLE=  3  CFL_adv= 0.403  CFL_sgs= 0.031
NSTEP =        558   NCYCLE=  3  CFL_adv= 0.389  CFL_sgs= 0.030
 Let's do some shortwave
 Range of zenith angles  0.732661695834013       0.732661695834013     
 Range of surface albedo (asdir)  3.383449086658900E-002  3.383449086658900E-002
 Range of surface albedo (aldir)  3.383449086658900E-002  3.383449086658900E-002
 Range of surface albedo (asdif)  6.000000000000000E-002  6.000000000000000E-002
 Range of surface albedo (aldif)  6.000000000000000E-002  6.000000000000000E-002
 radiation: perpetual sun, solin=   310.282738962322     
 longwave radiation is called
NSTEP =        559   NCYCLE=  3  CFL_adv= 0.387  CFL_sgs= 0.030
 Collecting statistics...
 name QCSTRG is missing in "lst" file.
NSTEP =        560   NCYCLE=  3  CFL_adv= 0.395  CFL_sgs= 0.030
 DAY =   0.194444444444444     
 NSTEP=         560
 div:  1.121445845085018E-016 -1.426343637267893E-016
 SST=   303.150000000000     
 surface pressure=   1014.80000000000     
 u:  -6.37457175328973        5.88146179349573     
 v:  -5.81600856041441        10.0452494969788     
 w:  -1.53718111383969        4.90261369378355     
 p:  -14.2868272718870        13.0958235950624     
 t:   300.093255145655        473.418969958138     
 tabs:   200.448552114592        301.084024605462     
 qv:  7.228508401934598E-046  2.111833544064543E-002
 tke:  0.000000000000000E+000  0.839040325177272     
 tk:  0.000000000000000E+000   17.5667056271050     
 tkh:  0.000000000000000E+000   17.5667056271050     
 qcl:  0.000000000000000E+000  1.363750332181272E-003
 qci:  0.000000000000000E+000  7.801178152917588E-003
 qpl:  0.000000000000000E+000  1.868362592526425E-003
 qpi:  0.000000000000000E+000  0.000000000000000E+000
 qrad(K/day):  -68.9262528740532        52.3182126141405     
 shf:   5.66690372629137        16.6744610106464     
 lhf:   48.8435333140155        134.660460066307     
 uw: -2.156185095693208E-002  1.737379978419189E-002
 vw: -2.399881303303573E-002  1.616201587483818E-002
 sst:   303.150000000000        303.150000000000     
 ===========================
 total water budget:
 before (mm):         53.56280095400
 after (mm):          53.56358886849
 evaporation (mm):     0.00078999674
 precipitation (mm):   0.00000208224
 large-scale (mm):     0.00000000000
 Imbalance (mm)      -0.00000000000
 evap (mm/day):   2.27519061115913     
 prec (mm/day):  5.996863528318279E-003
 ls (mm/day):  0.000000000000000E+000
 imbalance (mm/day) -2.653745753418250E-011
  imbalance (rel error): -2.653081135039607E-016
 ===========================
NSTEP =        561   NCYCLE=  3  CFL_adv= 0.388  CFL_sgs= 0.029
NSTEP =        562   NCYCLE=  3  CFL_adv= 0.362  CFL_sgs= 0.029
NSTEP =        563   NCYCLE=  3  CFL_adv= 0.359  CFL_sgs= 0.028
 Collecting statistics...
 name QCSTRG is missing in "lst" file.
NSTEP =        564   NCYCLE=  3  CFL_adv= 0.364  CFL_sgs= 0.029
 DAY =   0.195833333333333     
 NSTEP=         564
 div:  9.366637435494144E-017 -1.631835875259426E-016
 SST=   303.150000000000     
 surface pressure=   1014.80000000000     
 u:  -6.26451778755443        6.59707973174254     
 v:  -6.28582590653949        9.42244889205524     
 w:  -2.43577716499820        3.97332194740978     
 p:  -15.3438351480670        13.7473918611470     
 t:   300.106931047072        473.421346334173     
 tabs:   200.416590371262        301.092027144151     
 qv:  8.213029417569586E-046  2.111969117993643E-002
 tke:  0.000000000000000E+000  0.685761533909749     
 tk:  0.000000000000000E+000   16.9668646683954     
 tkh:  0.000000000000000E+000   16.9668646683954     
 qcl:  0.000000000000000E+000  1.519295367079666E-003
 qci:  0.000000000000000E+000  7.780023082642414E-003
 qpl:  0.000000000000000E+000  1.364271175576798E-003
 qpi:  0.000000000000000E+000  0.000000000000000E+000
 qrad(K/day):  -68.9262528740532        52.3182126141405     
 shf:   5.66644167829366        15.9328791123529     
 lhf:   48.1747182840095        132.590144137270     
 uw: -1.865345594761566E-002  1.806244723115027E-002
 vw: -2.073694923184294E-002  1.412895836246480E-002
 sst:   303.150000000000        303.150000000000     
 ===========================
 total water budget:
 before (mm):         53.56595305455
 after (mm):          53.56674124095
 evaporation (mm):     0.00079014936
 precipitation (mm):   0.00000196296
 large-scale (mm):     0.00000000000
 Imbalance (mm)       0.00000000000
 evap (mm/day):   2.27563014965721     
 prec (mm/day):  5.653329029605488E-003
 ls (mm/day):  0.000000000000000E+000
 imbalance (mm/day) -1.862048113355358E-012
  imbalance (rel error):  0.000000000000000E+000
 ===========================
 Let's do some shortwave
 Range of zenith angles  0.732661695834013       0.732661695834013     
 Range of surface albedo (asdir)  3.383449086658900E-002  3.383449086658900E-002
 Range of surface albedo (aldir)  3.383449086658900E-002  3.383449086658900E-002
 Range of surface albedo (asdif)  6.000000000000000E-002  6.000000000000000E-002
 Range of surface albedo (aldif)  6.000000000000000E-002  6.000000000000000E-002
 radiation: perpetual sun, solin=   310.282738972797     
 longwave radiation is called
NSTEP =        565   NCYCLE=  3  CFL_adv= 0.357  CFL_sgs= 0.029
NSTEP =        566   NCYCLE=  3  CFL_adv= 0.352  CFL_sgs= 0.029
NSTEP =        567   NCYCLE=  3  CFL_adv= 0.365  CFL_sgs= 0.029
 Collecting statistics...
 name QCSTRG is missing in "lst" file.
NSTEP =        568   NCYCLE=  3  CFL_adv= 0.369  CFL_sgs= 0.029
 DAY =   0.197222222222222     
 NSTEP=         568
 div:  1.078623318493087E-016 -1.416596235342996E-016
 SST=   303.150000000000     
 surface pressure=   1014.80000000000     
 u:  -5.75115130999321        6.61330575137277     
 v:  -6.37042077977921        9.41918358135464     
 w:  -3.37382973501683        3.33288911486468     
 p:  -16.2220428004904        14.3209142720836     
 t:   300.120675863288        473.424425203402     
 tabs:   200.420794394311        301.114690794443     
 qv:  8.918444641880768E-046  2.109319165328724E-002
 tke:  0.000000000000000E+000  0.646202072643541     
 tk:  0.000000000000000E+000   16.7090446716287     
 tkh:  0.000000000000000E+000   16.7090446716287     
 qcl:  0.000000000000000E+000  1.580329137386491E-003
 qci:  0.000000000000000E+000  7.756117291321664E-003
 qpl:  0.000000000000000E+000  9.040122461869388E-004
 qpi:  0.000000000000000E+000  0.000000000000000E+000
 qrad(K/day):  -67.2730963547475        49.8991045863869     
 shf:   5.53443467496333        15.4396256714149     
 lhf:   48.6948884523875        131.260022966953     
 uw: -1.843975425182021E-002  1.792931541761014E-002
 vw: -1.729248908300475E-002  1.392678025550714E-002
 sst:   303.150000000000        303.150000000000     
 ===========================
 total water budget:
 before (mm):         53.56910595905
 after (mm):          53.56989411425
 evaporation (mm):     0.00079032577
 precipitation (mm):   0.00000217056
 large-scale (mm):     0.00000000000
 Imbalance (mm)      -0.00000000000
 evap (mm/day):   2.27613820804841     
 prec (mm/day):  6.251217702528472E-003
 ls (mm/day):  0.000000000000000E+000
 imbalance (mm/day) -4.787487545071176E-012
  imbalance (rel error): -1.326384431980886E-016
 ===========================
NSTEP =        569   NCYCLE=  3  CFL_adv= 0.371  CFL_sgs= 0.029
NSTEP =        570   NCYCLE=  3  CFL_adv= 0.383  CFL_sgs= 0.029
 Let's do some shortwave
 Range of zenith angles  0.732661695834013       0.732661695834013     
 Range of surface albedo (asdir)  3.383449086658900E-002  3.383449086658900E-002
 Range of surface albedo (aldir)  3.383449086658900E-002  3.383449086658900E-002
 Range of surface albedo (asdif)  6.000000000000000E-002  6.000000000000000E-002
 Range of surface albedo (aldif)  6.000000000000000E-002  6.000000000000000E-002
 radiation: perpetual sun, solin=   310.282738983584     
 longwave radiation is called
NSTEP =        571   NCYCLE=  3  CFL_adv= 0.387  CFL_sgs= 0.028
 Collecting statistics...
 name QCSTRG is missing in "lst" file.
NSTEP =        572   NCYCLE=  3  CFL_adv= 0.379  CFL_sgs= 0.028
 DAY =   0.198611111111111     
 NSTEP=         572
 div:  1.224491507915801E-016 -1.388953664026265E-016
 SST=   303.150000000000     
 surface pressure=   1014.80000000000     
 u:  -5.83588287622165        5.94281183633794     
 v:  -6.02922654468093        9.27334870511214     
 w:  -3.19710529301633        3.34427357262386     
 p:  -16.9500464345064        14.7322253877121     
 t:   299.713083967331        473.428753517017     
 tabs:   200.440166279512        301.150970489465     
 qv:  9.131784476874157E-046  2.103781232527013E-002
 tke:  0.000000000000000E+000  0.729984302889803     
 tk:  0.000000000000000E+000   17.0541649638297     
 tkh:  0.000000000000000E+000   17.0541649638297     
 qcl:  0.000000000000000E+000  1.494647112512941E-003
 qci:  0.000000000000000E+000  7.727393330784012E-003
 qpl:  0.000000000000000E+000  7.483283147284728E-004
 qpi:  0.000000000000000E+000  0.000000000000000E+000
 qrad(K/day):  -67.6790574843308        46.4794352347689     
 shf:   5.42016760847635        14.6905558279326     
 lhf:   49.6030975504466        129.763785061111     
 uw: -1.699313947034437E-002  1.669780174620383E-002
 vw: -1.777501083173683E-002  1.333617450307687E-002
 sst:   303.150000000000        303.150000000000     
 ===========================
 total water budget:
 before (mm):         53.57225707607
 after (mm):          53.57304417605
 evaporation (mm):     0.00079050790
 precipitation (mm):   0.00000340793
 large-scale (mm):     0.00000000000
 Imbalance (mm)       0.00000000000
 evap (mm/day):   2.27666276520388     
 prec (mm/day):  9.814838088333474E-003
 ls (mm/day):  0.000000000000000E+000
 imbalance (mm/day)  2.413189155339550E-011
  imbalance (rel error):  1.326306441398319E-016
 ===========================
NSTEP =        573   NCYCLE=  3  CFL_adv= 0.362  CFL_sgs= 0.028
NSTEP =        574   NCYCLE=  3  CFL_adv= 0.333  CFL_sgs= 0.028
NSTEP =        575   NCYCLE=  3  CFL_adv= 0.324  CFL_sgs= 0.028
 Collecting statistics...
 name QCSTRG is missing in "lst" file.
NSTEP =        576   NCYCLE=  3  CFL_adv= 0.330  CFL_sgs= 0.029
 DAY =   0.200000000000000     
 NSTEP=         576
 div:  1.212084331458601E-016 -1.626077595095894E-016
 SST=   303.150000000000     
 surface pressure=   1014.80000000000     
 u:  -5.98398164744930        6.47372153975814     
 v:  -5.94260453372036        8.80931768346312     
 w:  -1.86690593965557        2.97173987644639     
 p:  -17.5760251034703        14.9661391910828     
 t:   299.980745702752        473.432307080304     
 tabs:   200.419409095289        301.175304691572     
 qv:  9.331161429711474E-046  2.095611710071092E-002
 tke:  0.000000000000000E+000  0.869738766197968     
 tk:  0.000000000000000E+000   16.6806342058162     
 tkh:  0.000000000000000E+000   16.6806342058162     
 qcl:  0.000000000000000E+000  1.409868098701638E-003
 qci:  0.000000000000000E+000  7.687992765748330E-003
 qpl:  0.000000000000000E+000  6.201500997695597E-004
 qpi:  0.000000000000000E+000  0.000000000000000E+000
 qrad(K/day):  -67.6790574843308        46.4794352347689     
 shf:   5.34118052512784        14.3989856459845     
 lhf:   50.3126469007015        127.030895350912     
 uw: -1.476673175374766E-002  1.464013068548932E-002
 vw: -1.618622783421880E-002  1.356889819475291E-002
 sst:   303.150000000000        303.150000000000     
 ===========================
 total water budget:
 before (mm):         53.57540585320
 after (mm):          53.57619345812
 evaporation (mm):     0.00079066724
 precipitation (mm):   0.00000306232
 large-scale (mm):     0.00000000000
 Imbalance (mm)       0.00000000000
 evap (mm/day):   2.27712166072227     
 prec (mm/day):  8.819487333676360E-003
 ls (mm/day):  0.000000000000000E+000
 imbalance (mm/day) -4.844198772582103E-012
  imbalance (rel error):  0.000000000000000E+000
 ===========================
 Let's do some shortwave
 Range of zenith angles  0.732661695834013       0.732661695834013     
 Range of surface albedo (asdir)  3.383449086658900E-002  3.383449086658900E-002
 Range of surface albedo (aldir)  3.383449086658900E-002  3.383449086658900E-002
 Range of surface albedo (asdif)  6.000000000000000E-002  6.000000000000000E-002
 Range of surface albedo (aldif)  6.000000000000000E-002  6.000000000000000E-002
 radiation: perpetual sun, solin=   310.282738994026     
 longwave radiation is called
NSTEP =        577   NCYCLE=  3  CFL_adv= 0.332  CFL_sgs= 0.029
NSTEP =        578   NCYCLE=  3  CFL_adv= 0.327  CFL_sgs= 0.030
NSTEP =        579   NCYCLE=  3  CFL_adv= 0.348  CFL_sgs= 0.030
 Collecting statistics...
 name QCSTRG is missing in "lst" file.
NSTEP =        580   NCYCLE=  3  CFL_adv= 0.358  CFL_sgs= 0.030
 DAY =   0.201388888888889     
 NSTEP=         580
 div:  1.153771268669633E-016 -1.715455940523736E-016
 SST=   303.150000000000     
 surface pressure=   1014.80000000000     
 u:  -6.09147830551407        6.55721574937476     
 v:  -5.55891847503791        8.77297601255693     
 w:  -1.48341085107581        3.27681053767039     
 p:  -18.2500903053312        15.3946184609846     
 t:   300.162446683461        473.434803638342     
 tabs:   200.367286460319        301.189076541163     
 qv:  9.599916746677402E-046  2.087062978927293E-002
 tke:  0.000000000000000E+000   1.03823251976351     
 tk:  0.000000000000000E+000   17.3975344510848     
 tkh:  0.000000000000000E+000   17.3975344510848     
 qcl:  0.000000000000000E+000  1.487962609832401E-003
 qci:  0.000000000000000E+000  7.645350214775099E-003
 qpl:  0.000000000000000E+000  5.545702558796754E-004
 qpi:  0.000000000000000E+000  0.000000000000000E+000
 qrad(K/day):  -67.4971218254838        46.8823330184421     
 shf:   5.29811728999177        14.5159083892875     
 lhf:   50.6108383233295        123.782186875716     
 uw: -1.522212431681601E-002  1.516978772302472E-002
 vw: -1.480211953162079E-002  1.439108262687926E-002
 sst:   303.150000000000        303.150000000000     
 ===========================
 total water budget:
 before (mm):         53.57855751985
 after (mm):          53.57934585772
 evaporation (mm):     0.00079080417
 precipitation (mm):   0.00000246630
 large-scale (mm):     0.00000000000
 Imbalance (mm)      -0.00000000000
 evap (mm/day):   2.27751600424618     
 prec (mm/day):  7.102938341048047E-003
 ls (mm/day):  0.000000000000000E+000
 imbalance (mm/day) -2.251097135845364E-011
  imbalance (rel error): -1.326150449180534E-016
 ===========================
NSTEP =        581   NCYCLE=  3  CFL_adv= 0.352  CFL_sgs= 0.030
NSTEP =        582   NCYCLE=  3  CFL_adv= 0.347  CFL_sgs= 0.030
 Let's do some shortwave
 Range of zenith angles  0.732661695834013       0.732661695834013     
 Range of surface albedo (asdir)  3.383449086658900E-002  3.383449086658900E-002
 Range of surface albedo (aldir)  3.383449086658900E-002  3.383449086658900E-002
 Range of surface albedo (asdif)  6.000000000000000E-002  6.000000000000000E-002
 Range of surface albedo (aldif)  6.000000000000000E-002  6.000000000000000E-002
 radiation: perpetual sun, solin=   310.282739003429     
 longwave radiation is called
NSTEP =        583   NCYCLE=  3  CFL_adv= 0.352  CFL_sgs= 0.029
 Collecting statistics...
 name QCSTRG is missing in "lst" file.
NSTEP =        584   NCYCLE=  3  CFL_adv= 0.347  CFL_sgs= 0.029
 DAY =   0.202777777777778     
 NSTEP=         584
 div:  1.141339696868409E-016 -1.551620087735633E-016
 SST=   303.150000000000     
 surface pressure=   1014.80000000000     
 u:  -6.54357182102876        6.93555008196537     
 v:  -5.55508655451077        8.56322354783941     
 w:  -1.65527045124441        3.59232016825344     
 p:  -18.7402978243343        15.8136581659556     
 t:   300.176668937546        473.436501209391     
 tabs:   200.315884272350        301.200704355974     
 qv:  1.002283459777076E-045  2.083057189733052E-002
 tke:  0.000000000000000E+000   1.42981733158350     
 tk:  0.000000000000000E+000   18.5265281150503     
 tkh:  0.000000000000000E+000   18.5265281150503     
 qcl:  0.000000000000000E+000  1.341198144200229E-003
 qci:  0.000000000000000E+000  7.606697389963070E-003
 qpl:  0.000000000000000E+000  6.745256737614799E-004
 qpi:  0.000000000000000E+000  0.000000000000000E+000
 qrad(K/day):  -67.8579715680294        46.9893971902874     
 shf:   5.26180842276980        15.0082521086994     
 lhf:   50.9599474753724        123.568742111873     
 uw: -1.569465168915413E-002  1.586512642687093E-002
 vw: -1.416253415829916E-002  1.415659423141218E-002
 sst:   303.150000000000        303.150000000000     
 ===========================
 total water budget:
 before (mm):         53.58171147142
 after (mm):          53.58250014995
 evaporation (mm):     0.00079092434
 precipitation (mm):   0.00000224581
 large-scale (mm):     0.00000000000
 Imbalance (mm)      -0.00000000000
 evap (mm/day):   2.27786209758673     
 prec (mm/day):  6.467922376223851E-003
 ls (mm/day):  0.000000000000000E+000
 imbalance (mm/day) -5.150035427411645E-011
  imbalance (rel error): -3.978217144244739E-016
 ===========================
NSTEP =        585   NCYCLE=  3  CFL_adv= 0.359  CFL_sgs= 0.029
NSTEP =        586   NCYCLE=  3  CFL_adv= 0.363  CFL_sgs= 0.030
NSTEP =        587   NCYCLE=  3  CFL_adv= 0.355  CFL_sgs= 0.030
 Collecting statistics...
 name QCSTRG is missing in "lst" file.
NSTEP =        588   NCYCLE=  3  CFL_adv= 0.364  CFL_sgs= 0.029
 DAY =   0.204166666666667     
 NSTEP=         588
 div:  1.203481061347617E-016 -1.858719008741756E-016
 SST=   303.150000000000     
 surface pressure=   1014.80000000000     
 u:  -6.29627773193177        7.40075917282040     
 v:  -5.46348396745405        8.09006662810150     
 w:  -1.32939743453042        3.48612659036606     
 p:  -19.0165003308412        16.4933989616357     
 t:   300.192528636336        473.438751644022     
 tabs:   200.275306553386        301.208926474692     
 qv:  1.056433796351762E-045  2.073342664834271E-002
 tke:  0.000000000000000E+000  0.852823414279461     
 tk:  0.000000000000000E+000   13.2491395658357     
 tkh:  0.000000000000000E+000   13.2491395658357     
 qcl:  0.000000000000000E+000  1.492681118399404E-003
 qci:  0.000000000000000E+000  7.574689342302715E-003
 qpl:  0.000000000000000E+000  9.335368482073460E-004
 qpi:  0.000000000000000E+000  0.000000000000000E+000
 qrad(K/day):  -67.8579715680294        46.9893971902874     
 shf:   5.23534247645441        15.1962512346120     
 lhf:   51.3526742371803        124.951418936675     
 uw: -1.580573366513535E-002  1.767689938065961E-002
 vw: -1.447468785246765E-002  1.352321433199600E-002
 sst:   303.150000000000        303.150000000000     
 ===========================
 total water budget:
 before (mm):         53.58486645444
 after (mm):          53.58565530519
 evaporation (mm):     0.00079102547
 precipitation (mm):   0.00000217472
 large-scale (mm):     0.00000000000
 Imbalance (mm)      -0.00000000000
 evap (mm/day):   2.27815334052018     
 prec (mm/day):  6.263179736650024E-003
 ls (mm/day):  0.000000000000000E+000
 imbalance (mm/day) -3.080835879378657E-011
  imbalance (rel error): -2.651988602969730E-016
 ===========================
 Let's do some shortwave
 Range of zenith angles  0.732661695834013       0.732661695834013     
 Range of surface albedo (asdir)  3.383449086658900E-002  3.383449086658900E-002
 Range of surface albedo (aldir)  3.383449086658900E-002  3.383449086658900E-002
 Range of surface albedo (asdif)  6.000000000000000E-002  6.000000000000000E-002
 Range of surface albedo (aldif)  6.000000000000000E-002  6.000000000000000E-002
 radiation: perpetual sun, solin=   310.282739011301     
 longwave radiation is called
NSTEP =        589   NCYCLE=  3  CFL_adv= 0.366  CFL_sgs= 0.029
NSTEP =        590   NCYCLE=  3  CFL_adv= 0.363  CFL_sgs= 0.029
NSTEP =        591   NCYCLE=  3  CFL_adv= 0.352  CFL_sgs= 0.029
 Collecting statistics...
 name QCSTRG is missing in "lst" file.
NSTEP =        592   NCYCLE=  3  CFL_adv= 0.350  CFL_sgs= 0.029
 DAY =   0.205555555555556     
 NSTEP=         592
 div:  1.323872748203345E-016 -1.720247779104474E-016
 SST=   303.150000000000     
 surface pressure=   1014.80000000000     
 u:  -5.74610847031831        7.27406281059230     
 v:  -5.27477737995692        8.44759404872042     
 w:  -1.27503437612924        3.22813389814529     
 p:  -19.1955954037016        16.9633840406218     
 t:   300.212824963093        473.441488219300     
 tabs:   200.238825226053        301.212714298372     
 qv:  1.106406156896942E-045  2.063782698886531E-002
 tke:  0.000000000000000E+000   1.05327310796621     
 tk:  0.000000000000000E+000   13.3667729816718     
 tkh:  0.000000000000000E+000   13.3667729816718     
 qcl:  0.000000000000000E+000  1.550212425920102E-003
 qci:  0.000000000000000E+000  7.546078746043485E-003
 qpl:  0.000000000000000E+000  1.055418443944381E-003
 qpi:  0.000000000000000E+000  0.000000000000000E+000
 qrad(K/day):  -68.6290239441053        53.8434486108497     
 shf:   5.22269189940870        15.0428121248373     
 lhf:   51.2421104308903        122.408434954053     
 uw: -1.529340562701061E-002  1.825429220058453E-002
 vw: -1.500594588719252E-002  1.433960929233496E-002
 sst:   303.150000000000        303.150000000000     
 ===========================
 total water budget:
 before (mm):         53.58802204656
 after (mm):          53.58881098839
 evaporation (mm):     0.00079110808
 precipitation (mm):   0.00000216624
 large-scale (mm):     0.00000000000
 Imbalance (mm)      -0.00000000000
 evap (mm/day):   2.27839125675793     
 prec (mm/day):  6.238767157214027E-003
 ls (mm/day):  0.000000000000000E+000
 imbalance (mm/day) -1.925562370685453E-011
  imbalance (rel error): -1.325916217685785E-016
 ===========================
NSTEP =        593   NCYCLE=  3  CFL_adv= 0.349  CFL_sgs= 0.029
NSTEP =        594   NCYCLE=  3  CFL_adv= 0.368  CFL_sgs= 0.028
 Let's do some shortwave
 Range of zenith angles  0.732661695834013       0.732661695834013     
 Range of surface albedo (asdir)  3.383449086658900E-002  3.383449086658900E-002
 Range of surface albedo (aldir)  3.383449086658900E-002  3.383449086658900E-002
 Range of surface albedo (asdif)  6.000000000000000E-002  6.000000000000000E-002
 Range of surface albedo (aldif)  6.000000000000000E-002  6.000000000000000E-002
 radiation: perpetual sun, solin=   310.282739017443     
 longwave radiation is called
NSTEP =        595   NCYCLE=  3  CFL_adv= 0.379  CFL_sgs= 0.028
 Collecting statistics...
 name QCSTRG is missing in "lst" file.
NSTEP =        596   NCYCLE=  3  CFL_adv= 0.377  CFL_sgs= 0.028
 DAY =   0.206944444444444     
 NSTEP=         596
 div:  1.635860999476206E-016 -2.198867452932520E-016
 SST=   303.150000000000     
 surface pressure=   1014.80000000000     
 u:  -5.88153267168804        8.13933885596707     
 v:  -5.35897909060947        7.53164461321806     
 w:  -1.35895782500759        3.68591813740305     
 p:  -19.2273655027066        17.0618768738886     
 t:   300.235767368457        473.444182337534     
 tabs:   200.217748420778        301.212806941452     
 qv:  1.142928627930529E-045  2.064897676612928E-002
 tke:  0.000000000000000E+000   1.42737905456895     
 tk:  0.000000000000000E+000   17.4268329897683     
 tkh:  0.000000000000000E+000   17.4268329897683     
 qcl:  0.000000000000000E+000  1.429322448155014E-003
 qci:  0.000000000000000E+000  7.521334861932944E-003
 qpl:  0.000000000000000E+000  9.873769241128373E-004
 qpi:  0.000000000000000E+000  0.000000000000000E+000
 qrad(K/day):  -68.5282421398828        55.3452521708288     
 shf:   5.22159740342029        14.6223360717757     
 lhf:   51.2152178479338        124.740409862780     
 uw: -1.413048685281170E-002  1.761203076708746E-002
 vw: -1.453340634245684E-002  1.524103276480879E-002
 sst:   303.150000000000        303.150000000000     
 ===========================
 total water budget:
 before (mm):         53.59117775788
 after (mm):          53.59196665394
 evaporation (mm):     0.00079117730
 precipitation (mm):   0.00000228123
 large-scale (mm):     0.00000000000
 Imbalance (mm)       0.00000000000
 evap (mm/day):   2.27859061093334     
 prec (mm/day):  6.569949716976818E-003
 ls (mm/day):  0.000000000000000E+000
 imbalance (mm/day) -2.002909556958477E-012
  imbalance (rel error):  0.000000000000000E+000
 ===========================
NSTEP =        597   NCYCLE=  3  CFL_adv= 0.385  CFL_sgs= 0.028
NSTEP =        598   NCYCLE=  3  CFL_adv= 0.387  CFL_sgs= 0.028
NSTEP =        599   NCYCLE=  3  CFL_adv= 0.396  CFL_sgs= 0.028
 Collecting statistics...
 name QCSTRG is missing in "lst" file.
 Writting statistics:nstatsteps=          15
 --------------- ISCCP Simulator Diagnostics: -----------------
 ISCCP PDF:
            0.0       0.3       1.3       3.6       9.4      23.0      60.0
    0.     0.117     0.037     0.016     0.015     0.017     0.019     0.062
  180.     0.001     0.002     0.006     0.009     0.002     0.000     0.000
  310.     0.000     0.000     0.001     0.000     0.000     0.000     0.000
  440.     0.000     0.000     0.001     0.000     0.000     0.000     0.000
  560.     0.000     0.000     0.000     0.000     0.000     0.000     0.000
  680.     0.000     0.000     0.001     0.000     0.000     0.000     0.000
  800.     0.001     0.001     0.001     0.000     0.000     0.000     0.000
 low cld area (tau > 0.3)=  2.934636698140726E-003
 mid cld area (tau > 0.3)=  1.619030180431548E-003
 hgh cld area (tau > 0.3)=  0.185092163085938     
 total cld area (tau > 0.3)=  0.189645829964510     
 mean albedo cld (tau > 0.3)   0.546055844453092     
 mean tau cld (tau > 0.3)    10.5014745775251     
 mean top pressure (tau > 0.3)   152.903649107597     
 mean brightness temp (tau > 0.3)   238.111971186832     
 mean clearsky brightness temp (tau > 0.3)   296.696882067055     
 --------------- MODIS Simulator Diagnostics: -----------------
 MODIS PDF:
                      0.3       1.3       3.6       9.4      23.0      60.0
    0.               0.032     0.020     0.025     0.018     0.019     0.062
  180.               0.005     0.004     0.000     0.000     0.000     0.000
  310.               0.000     0.000     0.000     0.000     0.000     0.000
  440.               0.000     0.000     0.000     0.000     0.000     0.000
  560.               0.000     0.001     0.000     0.000     0.000     0.000
  680.               0.000     0.001     0.000     0.000     0.000     0.000
  800.               0.001     0.001     0.000     0.000     0.000     0.000
 low cld area =  2.976525707162304E-003
 mid cld area =  1.293509347098214E-003
 hgh cld area =  0.184778849283854     
 total cld area =  0.189048884338115     
 mean tau cld    97.6587968796307     
 mean top pressure    143.574553373948     
 total cld area (liquid) =  3.277196512593851E-003
 total cld area (ice) =  0.184583536783854     
 mean tau (liquid) =  0.000000000000000E+000
 mean tau (ice) =   99.9869744096333     
 mean lwp (g/m2) =  0.000000000000000E+000
 mean iwp (g/m2) =   1347.00053508469     
 mean reff (liquid)  =  0.000000000000000E+000
 mean reff (ice)  =   24.6665420511288     
 --------------- MISR Simulator Diagnostics: -----------------
 MISR PDF:
            0.0       0.3       1.3       3.6       9.4      23.0      60.0
 99.00     0.000     0.000     0.000     0.000     0.000     0.000     0.000
 17.00     0.000     0.000     0.000     0.001     0.006     0.013     0.059
 15.00     0.000     0.002     0.007     0.016     0.012     0.006     0.002
 13.00     0.000     0.011     0.004     0.001     0.000     0.000     0.000
 11.00     0.000     0.011     0.012     0.006     0.000     0.000     0.000
  9.00     0.000     0.000     0.000     0.000     0.000     0.000     0.000
  7.00     0.000     0.000     0.000     0.000     0.000     0.000     0.000
  5.00     0.000     0.000     0.000     0.000     0.000     0.000     0.000
  4.00     0.000     0.000     0.000     0.000     0.000     0.000     0.000
  3.00     0.000     0.000     0.000     0.000     0.000     0.000     0.000
  2.50     0.000     0.000     0.000     0.000     0.000     0.000     0.000
  2.00     0.000     0.000     0.000     0.000     0.000     0.000     0.000
  1.50     0.000     0.000     0.000     0.000     0.000     0.000     0.000
  1.00     0.000     0.000     0.002     0.001     0.000     0.000     0.000
  0.50     0.000     0.002     0.001     0.000     0.000     0.000     0.000
  0.00     0.017     0.014     0.000     0.000     0.000     0.000     0.000
 total cld area =  0.174961233546591     
 mean top height (m)   13672.7413506284     
 Writting history file 
 rcemip300sst_16_nCat6_MaxIce200                                                
  
 Writting 2D data. file:./OUT_2D/bubble_rcemip300sst_16_nCat6_MaxIce200_64.2Dbin
                                                                 
 Writting 3D data. file:./OUT_3D/bubble_rcemip300sst_16_nCat6_MaxIce200_64_00000
 00600.bin3D                                                     
NSTEP =        600   NCYCLE=  3  CFL_adv= 0.390  CFL_sgs= 0.028
 DAY =   0.208333333333333     
 NSTEP=         600
 div:  1.515254986467553E-016 -1.955280440660421E-016
 SST=   303.150000000000     
 surface pressure=   1014.80000000000     
 u:  -6.06098477358909        7.41182408438969     
 v:  -5.32365032553327        8.06505902001309     
 w:  -1.23755012776540        3.97719661712294     
 p:  -19.1212609010221        17.2106276089619     
 t:   300.252872302863        473.446912203539     
 tabs:   200.222141330461        301.209808991217     
 qv:  1.188204840499423E-045  2.060992011293155E-002
 tke:  0.000000000000000E+000   1.64054423913632     
 tk:  0.000000000000000E+000   27.1764674184395     
 tkh:  0.000000000000000E+000   27.1764674184395     
 qcl:  0.000000000000000E+000  1.472280955005764E-003
 qci:  0.000000000000000E+000  7.494661375220799E-003
 qpl:  0.000000000000000E+000  8.107683106512432E-004
 qpi:  0.000000000000000E+000  0.000000000000000E+000
 qrad(K/day):  -68.5282421398828        55.3452521708288     
 shf:   5.23019739640782        14.0001016400659     
 lhf:   51.2405603527678        127.924617028837     
 uw: -1.323546960994745E-002  1.634632720020907E-002
 vw: -1.396797752666683E-002  1.577912450044442E-002
 sst:   303.150000000000        303.150000000000     
 ===========================
 total water budget:
 before (mm):         53.59433321097
 after (mm):          53.59512199039
 evaporation (mm):     0.00079122002
 precipitation (mm):   0.00000244060
 large-scale (mm):     0.00000000000
 Imbalance (mm)       0.00000000000
 evap (mm/day):   2.27871365098572     
 prec (mm/day):  7.028934932229442E-003
 ls (mm/day):  0.000000000000000E+000
 imbalance (mm/day)  1.652011291436092E-011
  imbalance (rel error):  1.325760086687598E-016
 ===========================
CPU TIME =     257.1386 OVER     0.50 MODEL HOURS
 Let's do some shortwave
 Range of zenith angles  0.732661695834013       0.732661695834013     
 Range of surface albedo (asdir)  3.383449086658900E-002  3.383449086658900E-002
 Range of surface albedo (aldir)  3.383449086658900E-002  3.383449086658900E-002
 Range of surface albedo (asdif)  6.000000000000000E-002  6.000000000000000E-002
 Range of surface albedo (aldif)  6.000000000000000E-002  6.000000000000000E-002
 radiation: perpetual sun, solin=   310.282739021842     
 longwave radiation is called
NSTEP =        601   NCYCLE=  3  CFL_adv= 0.394  CFL_sgs= 0.027
NSTEP =        602   NCYCLE=  3  CFL_adv= 0.394  CFL_sgs= 0.027
NSTEP =        603   NCYCLE=  3  CFL_adv= 0.375  CFL_sgs= 0.026
 Collecting statistics...
 name QCSTRG is missing in "lst" file.
NSTEP =        604   NCYCLE=  3  CFL_adv= 0.392  CFL_sgs= 0.026
 DAY =   0.209722222222222     
 NSTEP=         604
 div:  1.839840868376238E-016 -2.268985031610021E-016
 SST=   303.150000000000     
 surface pressure=   1014.80000000000     
 u:  -6.52667118565288        8.71900009792468     
 v:  -5.28339013891188        7.03596530557814     
 w:  -1.36087886772575        3.80090191965075     
 p:  -19.0875168038098        16.9561258924515     
 t:   300.242048237194        473.448490030009     
 tabs:   200.269519725778        301.203848156180     
 qv:  1.301814846316539E-045  2.053930899383865E-002
 tke:  0.000000000000000E+000  0.795915069342150     
 tk:  0.000000000000000E+000   14.3042053092571     
 tkh:  0.000000000000000E+000   14.3042053092571     
 qcl:  0.000000000000000E+000  1.486335173818944E-003
 qci:  0.000000000000000E+000  7.459662494527060E-003
 qpl:  0.000000000000000E+000  8.708324036526366E-004
 qpi:  0.000000000000000E+000  0.000000000000000E+000
 qrad(K/day):  -66.5976311382296        54.8181123431309     
 shf:   5.24795157130216        13.2438807822506     
 lhf:   51.2420395648814        129.909088255224     
 uw: -1.363561601189942E-002  1.495518234911763E-002
 vw: -1.376811983258117E-002  1.564424626919984E-002
 sst:   303.150000000000        303.150000000000     
 ===========================
 total water budget:
 before (mm):         53.59748788291
 after (mm):          53.59827634959
 evaporation (mm):     0.00079124278
 precipitation (mm):   0.00000277610
 large-scale (mm):     0.00000000000
 Imbalance (mm)      -0.00000000000
 evap (mm/day):   2.27877919843511     
 prec (mm/day):  7.995169353476975E-003
 ls (mm/day):  0.000000000000000E+000
 imbalance (mm/day) -3.482482978747238E-011
  imbalance (rel error): -1.325682063217255E-016
 ===========================
NSTEP =        605   NCYCLE=  3  CFL_adv= 0.390  CFL_sgs= 0.026
NSTEP =        606   NCYCLE=  3  CFL_adv= 0.367  CFL_sgs= 0.026
 Let's do some shortwave
 Range of zenith angles  0.732661695834013       0.732661695834013     
 Range of surface albedo (asdir)  3.383449086658900E-002  3.383449086658900E-002
 Range of surface albedo (aldir)  3.383449086658900E-002  3.383449086658900E-002
 Range of surface albedo (asdif)  6.000000000000000E-002  6.000000000000000E-002
 Range of surface albedo (aldif)  6.000000000000000E-002  6.000000000000000E-002
 radiation: perpetual sun, solin=   310.282739024545     
 longwave radiation is called
NSTEP =        607   NCYCLE=  3  CFL_adv= 0.330  CFL_sgs= 0.028
 Collecting statistics...
 name QCSTRG is missing in "lst" file.
NSTEP =        608   NCYCLE=  3  CFL_adv= 0.326  CFL_sgs= 0.028
 DAY =   0.211111111111111     
 NSTEP=         608
 div:  1.485396245055565E-016 -2.082659074250238E-016
 SST=   303.150000000000     
 surface pressure=   1014.80000000000     
 u:  -6.49769775730009        7.82671107406961     
 v:  -5.45801527466828        7.22140445262303     
 w:  -1.69343334647722        3.10040552580337     
 p:  -19.0158369342551        16.5184202386365     
 t:   300.238920588998        473.450146741302     
 tabs:   200.343865873746        301.194726884901     
 qv:  1.531353597422647E-045  2.055889669718786E-002
 tke:  0.000000000000000E+000  0.741732220021171     
 tk:  0.000000000000000E+000   13.1938328873919     
 tkh:  0.000000000000000E+000   13.1938328873919     
 qcl:  0.000000000000000E+000  1.336484186506714E-003
 qci:  0.000000000000000E+000  7.429497608579860E-003
 qpl:  0.000000000000000E+000  8.347051977715928E-004
 qpi:  0.000000000000000E+000  0.000000000000000E+000
 qrad(K/day):  -65.6469219630948        53.1868585241294     
 shf:   5.27543001415739        13.0426594733111     
 lhf:   51.0809397224301        131.804538681218     
 uw: -1.351679347659121E-002  1.552421935849417E-002
 vw: -1.369079902146071E-002  1.480821196180753E-002
 sst:   303.150000000000        303.150000000000     
 ===========================
 total water budget:
 before (mm):         53.60064161539
 after (mm):          53.60143003235
 evaporation (mm):     0.00079123152
 precipitation (mm):   0.00000281456
 large-scale (mm):     0.00000000000
 Imbalance (mm)      -0.00000000000
 evap (mm/day):   2.27874676407399     
 prec (mm/day):  8.105918843499543E-003
 ls (mm/day):  0.000000000000000E+000
 imbalance (mm/day) -2.414956662378717E-011
  imbalance (rel error): -1.325604065658872E-016
 ===========================
NSTEP =        609   NCYCLE=  2  CFL_adv= 0.476  CFL_sgs= 0.043
NSTEP =        610   NCYCLE=  2  CFL_adv= 0.442  CFL_sgs= 0.043
NSTEP =        611   NCYCLE=  2  CFL_adv= 0.392  CFL_sgs= 0.044
 Collecting statistics...
 name QCSTRG is missing in "lst" file.
NSTEP =        612   NCYCLE=  2  CFL_adv= 0.399  CFL_sgs= 0.044
 DAY =   0.212500000000000     
 NSTEP=         612
 div:  2.855669623528174E-016 -3.400210225563251E-016
 SST=   303.150000000000     
 surface pressure=   1014.80000000000     
 u:  -5.94141642538487        9.13259968668756     
 v:  -5.74080533973353        7.04977639655655     
 w:  -1.67456383257464        2.23705072769536     
 p:  -19.2832952738691        15.9096731260137     
 t:   300.279659392190        473.451182595462     
 tabs:   200.373423219334        301.182012363301     
 qv:  1.881187981805526E-045  2.058091629965028E-002
 tke:  0.000000000000000E+000  0.546333126560092     
 tk:  0.000000000000000E+000   16.3954341724401     
 tkh:  0.000000000000000E+000   16.3954341724401     
 qcl:  0.000000000000000E+000  1.157669208050471E-003
 qci:  0.000000000000000E+000  7.383108002541381E-003
 qpl:  0.000000000000000E+000  7.105722327800353E-004
 qpi:  0.000000000000000E+000  0.000000000000000E+000
 qrad(K/day):  -65.6469219630948        53.1868585241294     
 shf:   5.31221967047338        13.0593243082597     
 lhf:   50.9074480406542        131.569591265226     
 uw: -1.289041898725396E-002  1.620989642254506E-002
 vw: -1.323078559472490E-002  1.349913244598904E-002
 sst:   303.150000000000        303.150000000000     
 ===========================
 total water budget:
 before (mm):         53.60379532933
 after (mm):          53.60458375541
 evaporation (mm):     0.00079122251
 precipitation (mm):   0.00000279643
 large-scale (mm):     0.00000000000
 Imbalance (mm)       0.00000000000
 evap (mm/day):   2.27872083026401     
 prec (mm/day):  8.053724547336903E-003
 ls (mm/day):  0.000000000000000E+000
 imbalance (mm/day) -3.603540805596078E-012
  imbalance (rel error):  0.000000000000000E+000
 ===========================
 Let's do some shortwave
 Range of zenith angles  0.732661695834013       0.732661695834013     
 Range of surface albedo (asdir)  3.383449086658900E-002  3.383449086658900E-002
 Range of surface albedo (aldir)  3.383449086658900E-002  3.383449086658900E-002
 Range of surface albedo (asdif)  6.000000000000000E-002  6.000000000000000E-002
 Range of surface albedo (aldif)  6.000000000000000E-002  6.000000000000000E-002
 radiation: perpetual sun, solin=   310.282739025684     
 longwave radiation is called
NSTEP =        613   NCYCLE=  2  CFL_adv= 0.416  CFL_sgs= 0.044
NSTEP =        614   NCYCLE=  2  CFL_adv= 0.407  CFL_sgs= 0.043
NSTEP =        615   NCYCLE=  2  CFL_adv= 0.401  CFL_sgs= 0.043
 Collecting statistics...
 name QCSTRG is missing in "lst" file.
NSTEP =        616   NCYCLE=  2  CFL_adv= 0.400  CFL_sgs= 0.042
 DAY =   0.213888888888889     
 NSTEP=         616
 div:  2.464933813594807E-016 -3.398497640583819E-016
 SST=   303.150000000000     
 surface pressure=   1014.80000000000     
 u:  -6.35107797196690        8.08612988118914     
 v:  -6.00423046808043        6.99704253920946     
 w:  -1.93967974680737        2.92937175428711     
 p:  -19.4017991465721        15.3117880646057     
 t:   300.193343709884        473.451880950419     
 tabs:   200.385467763466        301.186696133886     
 qv:  2.377097528868800E-045  2.060476823859463E-002
 tke:  0.000000000000000E+000  0.664790191638799     
 tk:  0.000000000000000E+000   15.7164745614406     
 tkh:  0.000000000000000E+000   15.7164745614406     
 qcl:  0.000000000000000E+000  1.278915943955815E-003
 qci:  0.000000000000000E+000  7.342713520557432E-003
 qpl:  0.000000000000000E+000  6.722645261963354E-004
 qpi:  0.000000000000000E+000  0.000000000000000E+000
 qrad(K/day):  -66.3646735742293        53.2846953158256     
 shf:   5.30605927494057        12.8325532819268     
 lhf:   50.7108279419119        128.725774749105     
 uw: -1.190135119196569E-002  1.620831184947407E-002
 vw: -1.197391548298368E-002  1.313266267343235E-002
 sst:   303.150000000000        303.150000000000     
 ===========================
 total water budget:
 before (mm):         53.60694893387
 after (mm):          53.60773724308
 evaporation (mm):     0.00079122292
 precipitation (mm):   0.00000291372
 large-scale (mm):     0.00000000000
 Imbalance (mm)       0.00000000000
 evap (mm/day):   2.27872201970936     
 prec (mm/day):  8.391510469450124E-003
 ls (mm/day):  0.000000000000000E+000
 imbalance (mm/day)  1.238369270410017E-011
  imbalance (rel error):  1.325448101900370E-016
 ===========================
NSTEP =        617   NCYCLE=  2  CFL_adv= 0.417  CFL_sgs= 0.041
NSTEP =        618   NCYCLE=  2  CFL_adv= 0.400  CFL_sgs= 0.040
 Let's do some shortwave
 Range of zenith angles  0.732661695834013       0.732661695834013     
 Range of surface albedo (asdir)  3.383449086658900E-002  3.383449086658900E-002
 Range of surface albedo (aldir)  3.383449086658900E-002  3.383449086658900E-002
 Range of surface albedo (asdif)  6.000000000000000E-002  6.000000000000000E-002
 Range of surface albedo (aldif)  6.000000000000000E-002  6.000000000000000E-002
 radiation: perpetual sun, solin=   310.282739025400     
 longwave radiation is called
NSTEP =        619   NCYCLE=  2  CFL_adv= 0.402  CFL_sgs= 0.039
 Collecting statistics...
 name QCSTRG is missing in "lst" file.
NSTEP =        620   NCYCLE=  2  CFL_adv= 0.395  CFL_sgs= 0.038
 DAY =   0.215277777777778     
 NSTEP=         620
 div:  3.063194263978543E-016 -4.352340996683567E-016
 SST=   303.150000000000     
 surface pressure=   1014.80000000000     
 u:  -6.05004271200687        9.34746086186091     
 v:  -5.86331689416420        6.84999402018807     
 w:  -1.81920703204152        3.54768923518805     
 p:  -19.4833755771162        14.4777800909434     
 t:   300.168625520598        473.452028078010     
 tabs:   200.400097223897        301.191749270419     
 qv:  2.857406360896405E-045  2.062971882494054E-002
 tke:  0.000000000000000E+000   1.01495586167706     
 tk:  0.000000000000000E+000   17.1389232876915     
 tkh:  0.000000000000000E+000   17.1389232876915     
 qcl:  0.000000000000000E+000  1.156570157815273E-003
 qci:  0.000000000000000E+000  7.295337802910926E-003
 qpl:  0.000000000000000E+000  7.695770291136136E-004
 qpi:  0.000000000000000E+000  0.000000000000000E+000
 qrad(K/day):  -64.2464920710664        53.5314682609684     
 shf:   5.28903500621221        12.7721213441256     
 lhf:   50.5038100955003        123.951524283293     
 uw: -1.214917696476506E-002  1.563931790972392E-002
 vw: -1.388800377978624E-002  1.368773902950643E-002
 sst:   303.150000000000        303.150000000000     
 ===========================
 total water budget:
 before (mm):         53.61010168872
 after (mm):          53.61088972418
 evaporation (mm):     0.00079124728
 precipitation (mm):   0.00000321182
 large-scale (mm):     0.00000000000
 Imbalance (mm)       0.00000000000
 evap (mm/day):   2.27879216097527     
 prec (mm/day):  9.250038444676381E-003
 ls (mm/day):  0.000000000000000E+000
 imbalance (mm/day) -8.924570067334048E-012
  imbalance (rel error):  0.000000000000000E+000
 ===========================
NSTEP =        621   NCYCLE=  2  CFL_adv= 0.398  CFL_sgs= 0.038
NSTEP =        622   NCYCLE=  2  CFL_adv= 0.403  CFL_sgs= 0.038
NSTEP =        623   NCYCLE=  2  CFL_adv= 0.411  CFL_sgs= 0.039
 Collecting statistics...
 name QCSTRG is missing in "lst" file.
NSTEP =        624   NCYCLE=  2  CFL_adv= 0.398  CFL_sgs= 0.039
 DAY =   0.216666666666667     
 NSTEP=         624
 div:  3.421898938897413E-016 -3.447647897085075E-016
 SST=   303.150000000000     
 surface pressure=   1014.80000000000     
 u:  -6.05942430401117        8.02488374637375     
 v:  -5.34734458070996        5.93668519853321     
 w:  -1.18447961807716        3.75934979234580     
 p:  -19.4542706797843        14.0409684115496     
 t:   300.300493273950        473.452373731207     
 tabs:   200.443894624358        301.192685334145     
 qv:  2.875367764542903E-045  2.065430097573050E-002
 tke:  0.000000000000000E+000  0.909571976241683     
 tk:  0.000000000000000E+000   18.7809848480001     
 tkh:  0.000000000000000E+000   18.7809848480001     
 qcl:  0.000000000000000E+000  1.131744358840981E-003
 qci:  0.000000000000000E+000  7.265620546445946E-003
 qpl:  0.000000000000000E+000  8.586680076775762E-004
 qpi:  0.000000000000000E+000  0.000000000000000E+000
 qrad(K/day):  -64.2464920710664        53.5314682609684     
 shf:   5.28478427072930        12.7876160276574     
 lhf:   50.5012217729910        119.573650256858     
 uw: -1.299732840908822E-002  1.476100817152041E-002
 vw: -1.506995396240663E-002  1.404714711309813E-002
 sst:   303.150000000000        303.150000000000     
 ===========================
 total water budget:
 before (mm):         53.61325380129
 after (mm):          53.61404188357
 evaporation (mm):     0.00079127565
 precipitation (mm):   0.00000319337
 large-scale (mm):     0.00000000000
 Imbalance (mm)       0.00000000000
 evap (mm/day):   2.27887388341721     
 prec (mm/day):  9.196917186756278E-003
 ls (mm/day):  0.000000000000000E+000
 imbalance (mm/day)  1.524844337711002E-011
  imbalance (rel error):  0.000000000000000E+000
 ===========================
 Let's do some shortwave
 Range of zenith angles  0.732661695834013       0.732661695834013     
 Range of surface albedo (asdir)  3.383449086658900E-002  3.383449086658900E-002
 Range of surface albedo (aldir)  3.383449086658900E-002  3.383449086658900E-002
 Range of surface albedo (asdif)  6.000000000000000E-002  6.000000000000000E-002
 Range of surface albedo (aldif)  6.000000000000000E-002  6.000000000000000E-002
 radiation: perpetual sun, solin=   310.282739023920     
 longwave radiation is called
NSTEP =        625   NCYCLE=  2  CFL_adv= 0.388  CFL_sgs= 0.039
NSTEP =        626   NCYCLE=  2  CFL_adv= 0.387  CFL_sgs= 0.039
NSTEP =        627   NCYCLE=  2  CFL_adv= 0.376  CFL_sgs= 0.041
 Collecting statistics...
 name QCSTRG is missing in "lst" file.
NSTEP =        628   NCYCLE=  2  CFL_adv= 0.372  CFL_sgs= 0.041
 DAY =   0.218055555555556     
 NSTEP=         628
 div:  2.787307086143587E-016 -3.657102564425127E-016
 SST=   303.150000000000     
 surface pressure=   1014.80000000000     
 u:  -6.26508655488967        9.24685727653244     
 v:  -5.36212867393514        6.64056132522549     
 w:  -1.47377074003500        3.39378673720520     
 p:  -19.4172526781049        13.8418352364748     
 t:   300.326318382461        473.453396809331     
 tabs:   200.539850759904        301.189336816613     
 qv:  2.899550359396910E-045  2.067691741299519E-002
 tke:  0.000000000000000E+000  0.707633266075153     
 tk:  0.000000000000000E+000   14.5397800625944     
 tkh:  0.000000000000000E+000   14.5397800625944     
 qcl:  0.000000000000000E+000  1.016125330852679E-003
 qci:  0.000000000000000E+000  7.235629737088810E-003
 qpl:  0.000000000000000E+000  8.263442378285739E-004
 qpi:  0.000000000000000E+000  0.000000000000000E+000
 qrad(K/day):  -64.3570030830506        55.7188721549708     
 shf:   5.29353172408959        12.6952174877918     
 lhf:   52.2549665569070        114.574636086041     
 uw: -1.380386853227673E-002  1.450719229235996E-002
 vw: -1.538941829935389E-002  1.331119140573576E-002
 sst:   303.150000000000        303.150000000000     
 ===========================
 total water budget:
 before (mm):         53.61640640360
 after (mm):          53.61719466249
 evaporation (mm):     0.00079133068
 precipitation (mm):   0.00000307179
 large-scale (mm):     0.00000000000
 Imbalance (mm)       0.00000000000
 evap (mm/day):   2.27903236014942     
 prec (mm/day):  8.846756843234880E-003
 ls (mm/day):  0.000000000000000E+000
 imbalance (mm/day)  9.252597467498611E-012
  imbalance (rel error):  1.325214309015771E-016
 ===========================
NSTEP =        629   NCYCLE=  2  CFL_adv= 0.368  CFL_sgs= 0.042
NSTEP =        630   NCYCLE=  2  CFL_adv= 0.364  CFL_sgs= 0.043
 Let's do some shortwave
 Range of zenith angles  0.732661695834013       0.732661695834013     
 Range of surface albedo (asdir)  3.383449086658900E-002  3.383449086658900E-002
 Range of surface albedo (aldir)  3.383449086658900E-002  3.383449086658900E-002
 Range of surface albedo (asdif)  6.000000000000000E-002  6.000000000000000E-002
 Range of surface albedo (aldif)  6.000000000000000E-002  6.000000000000000E-002
 radiation: perpetual sun, solin=   310.282739021370     
 longwave radiation is called
NSTEP =        631   NCYCLE=  2  CFL_adv= 0.359  CFL_sgs= 0.044
 Collecting statistics...
 name QCSTRG is missing in "lst" file.
NSTEP =        632   NCYCLE=  2  CFL_adv= 0.354  CFL_sgs= 0.044
 DAY =   0.219444444444444     
 NSTEP=         632
 div:  2.998111878504836E-016 -3.909127704125483E-016
 SST=   303.150000000000     
 surface pressure=   1014.80000000000     
 u:  -6.37718682043126        7.85006188578719     
 v:  -5.47523297962115        6.45341670682006     
 w:  -1.74164489062727        2.61590671819805     
 p:  -19.2103671505241        13.0950243981014     
 t:   300.334541497299        473.454933596339     
 tabs:   200.572596799958        301.184214852652     
 qv:  2.929178764427796E-045  2.069261132862864E-002
 tke:  0.000000000000000E+000   1.23672098648299     
 tk:  0.000000000000000E+000   27.8019894351441     
 tkh:  0.000000000000000E+000   27.8019894351441     
 qcl:  0.000000000000000E+000  9.474855637369180E-004
 qci:  0.000000000000000E+000  7.197844964836975E-003
 qpl:  0.000000000000000E+000  7.922610269737209E-004
 qpi:  0.000000000000000E+000  0.000000000000000E+000
 qrad(K/day):  -63.4157666737315        56.5326144974525     
 shf:   5.31506163919808        12.6024851853988     
 lhf:   53.2040325106117        113.318899437022     
 uw: -1.437417669048840E-002  1.542650475890065E-002
 vw: -1.496899832490897E-002  1.250030352542225E-002
 sst:   303.150000000000        303.150000000000     
 ===========================
 total water budget:
 before (mm):         53.61955967305
 after (mm):          53.62034808041
 evaporation (mm):     0.00079140927
 precipitation (mm):   0.00000300191
 large-scale (mm):     0.00000000000
 Imbalance (mm)      -0.00000000000
 evap (mm/day):   2.27925868863817     
 prec (mm/day):  8.645500507306666E-003
 ls (mm/day):  0.000000000000000E+000
 imbalance (mm/day) -5.358874720926347E-011
  imbalance (rel error): -3.975409119097182E-016
 ===========================
NSTEP =        633   NCYCLE=  2  CFL_adv= 0.348  CFL_sgs= 0.045
NSTEP =        634   NCYCLE=  2  CFL_adv= 0.341  CFL_sgs= 0.045
NSTEP =        635   NCYCLE=  2  CFL_adv= 0.335  CFL_sgs= 0.045
 Collecting statistics...
 name QCSTRG is missing in "lst" file.
NSTEP =        636   NCYCLE=  2  CFL_adv= 0.330  CFL_sgs= 0.045
 DAY =   0.220833333333333     
 NSTEP=         636
 div:  3.179377807316412E-016 -3.625431972780773E-016
 SST=   303.150000000000     
 surface pressure=   1014.80000000000     
 u:  -6.60460777716172        8.93212784057380     
 v:  -5.32110826323007        6.47471713333858     
 w:  -1.63872006126404        1.44847848627034     
 p:  -18.8573298740237        12.6144723155781     
 t:   300.351867512192        473.456918169555     
 tabs:   200.568705309168        301.187042699799     
 qv:  2.960798837645937E-045  2.069426257859765E-002
 tke:  0.000000000000000E+000  0.783074674728473     
 tk:  0.000000000000000E+000   22.1228766598129     
 tkh:  0.000000000000000E+000   22.1228766598129     
 qcl:  0.000000000000000E+000  7.646577015051042E-004
 qci:  0.000000000000000E+000  7.159024383301653E-003
 qpl:  0.000000000000000E+000  5.852267158110850E-004
 qpi:  0.000000000000000E+000  0.000000000000000E+000
 qrad(K/day):  -63.4157666737315        56.5326144974525     
 shf:   5.30577516486857        12.6479270770272     
 lhf:   53.0588479896617        113.508910782147     
 uw: -1.450821380774268E-002  1.586209948417722E-002
 vw: -1.364819083511810E-002  1.243843409842114E-002
 sst:   303.150000000000        303.150000000000     
 ===========================
 total water budget:
 before (mm):         53.62271347098
 after (mm):          53.62350199264
 evaporation (mm):     0.00079151094
 precipitation (mm):   0.00000298929
 large-scale (mm):     0.00000000000
 Imbalance (mm)       0.00000000000
 evap (mm/day):   2.27955151952603     
 prec (mm/day):  8.609165595660740E-003
 ls (mm/day):  0.000000000000000E+000
 imbalance (mm/day) -2.675947842218501E-012
  imbalance (rel error):  0.000000000000000E+000
 ===========================
 Let's do some shortwave
 Range of zenith angles  0.732661695834013       0.732661695834013     
 Range of surface albedo (asdir)  3.383449086658900E-002  3.383449086658900E-002
 Range of surface albedo (aldir)  3.383449086658900E-002  3.383449086658900E-002
 Range of surface albedo (asdif)  6.000000000000000E-002  6.000000000000000E-002
 Range of surface albedo (aldif)  6.000000000000000E-002  6.000000000000000E-002
 radiation: perpetual sun, solin=   310.282739017927     
 longwave radiation is called
NSTEP =        637   NCYCLE=  2  CFL_adv= 0.327  CFL_sgs= 0.045
NSTEP =        638   NCYCLE=  2  CFL_adv= 0.326  CFL_sgs= 0.044
NSTEP =        639   NCYCLE=  2  CFL_adv= 0.321  CFL_sgs= 0.044
 Collecting statistics...
 name QCSTRG is missing in "lst" file.
NSTEP =        640   NCYCLE=  2  CFL_adv= 0.316  CFL_sgs= 0.043
 DAY =   0.222222222222222     
 NSTEP=         640
 div:  3.424873953258501E-016 -3.619100347984303E-016
 SST=   303.150000000000     
 surface pressure=   1014.80000000000     
 u:  -6.59775503508389        7.73288295930549     
 v:  -5.43558112461386        6.64737272977592     
 w:  -1.34816194837043        1.26985698651842     
 p:  -18.3498424592002        13.3664569477640     
 t:   300.366330808137        473.458794115518     
 tabs:   200.587985758563        301.187846031182     
 qv:  3.012962227617592E-045  2.067576647438894E-002
 tke:  0.000000000000000E+000  0.537490430909021     
 tk:  0.000000000000000E+000   18.3284347208958     
 tkh:  0.000000000000000E+000   18.3284347208958     
 qcl:  0.000000000000000E+000  5.754532346226731E-004
 qci:  0.000000000000000E+000  7.121808348840325E-003
 qpl:  0.000000000000000E+000  4.206837456831514E-004
 qpi:  0.000000000000000E+000  0.000000000000000E+000
 qrad(K/day):  -63.4993422464438        56.0459703577719     
 shf:   5.30263927186337        12.6242666490528     
 lhf:   52.9809839737806        115.041996443366     
 uw: -1.406279064795090E-002  1.560838642310104E-002
 vw: -1.437817132250225E-002  1.243335772441840E-002
 sst:   303.150000000000        303.150000000000     
 ===========================
 total water budget:
 before (mm):         53.62586773730
 after (mm):          53.62665638552
 evaporation (mm):     0.00079163904
 precipitation (mm):   0.00000299083
 large-scale (mm):     0.00000000000
 Imbalance (mm)       0.00000000000
 evap (mm/day):   2.27992044356295     
 prec (mm/day):  8.613593304583349E-003
 ls (mm/day):  0.000000000000000E+000
 imbalance (mm/day)  3.969326454436768E-011
  imbalance (rel error):  2.649960984522701E-016
 ===========================
NSTEP =        641   NCYCLE=  2  CFL_adv= 0.316  CFL_sgs= 0.042
NSTEP =        642   NCYCLE=  2  CFL_adv= 0.316  CFL_sgs= 0.041
 Let's do some shortwave
 Range of zenith angles  0.732661695834013       0.732661695834013     
 Range of surface albedo (asdir)  3.383449086658900E-002  3.383449086658900E-002
 Range of surface albedo (aldir)  3.383449086658900E-002  3.383449086658900E-002
 Range of surface albedo (asdif)  6.000000000000000E-002  6.000000000000000E-002
 Range of surface albedo (aldif)  6.000000000000000E-002  6.000000000000000E-002
 radiation: perpetual sun, solin=   310.282739013830     
 longwave radiation is called
NSTEP =        643   NCYCLE=  2  CFL_adv= 0.316  CFL_sgs= 0.040
 Collecting statistics...
 name QCSTRG is missing in "lst" file.
NSTEP =        644   NCYCLE=  2  CFL_adv= 0.316  CFL_sgs= 0.039
 DAY =   0.223611111111111     
 NSTEP=         644
 div:  3.180532768388932E-016 -2.966465803468865E-016
 SST=   303.150000000000     
 surface pressure=   1014.80000000000     
 u:  -6.55754448049288        8.41064349102208     
 v:  -5.62085105055649        6.46319078531784     
 w:  -1.29042520528842        1.19965919498631     
 p:  -17.7944452240059        13.8237559783165     
 t:   300.380177691036        473.460473945223     
 tabs:   200.547496029051        301.186802958394     
 qv:  3.475814393126502E-045  2.063358287333466E-002
 tke:  0.000000000000000E+000  0.612952505544309     
 tk:  0.000000000000000E+000   16.2745466156076     
 tkh:  0.000000000000000E+000   16.2745466156076     
 qcl:  0.000000000000000E+000  7.478856402189212E-004
 qci:  0.000000000000000E+000  7.084693321263190E-003
 qpl:  0.000000000000000E+000  2.286272405304117E-004
 qpi:  0.000000000000000E+000  0.000000000000000E+000
 qrad(K/day):  -60.4342422570168        54.7706495456128     
 shf:   5.30522255522589        12.4845920320661     
 lhf:   52.9146347540805        116.370208431172     
 uw: -1.316343084710277E-002  1.471337440628202E-002
 vw: -1.501212706888799E-002  1.260097027467403E-002
 sst:   303.150000000000        303.150000000000     
 ===========================
 total water budget:
 before (mm):         53.62902259767
 after (mm):          53.62981142658
 evaporation (mm):     0.00079179180
 precipitation (mm):   0.00000296289
 large-scale (mm):     0.00000000000
 Imbalance (mm)       0.00000000000
 evap (mm/day):   2.28036038681566     
 prec (mm/day):  8.533119118738141E-003
 ls (mm/day):  0.000000000000000E+000
 imbalance (mm/day)  3.061043606089608E-011
  imbalance (rel error):  1.324902543677215E-016
 ===========================
NSTEP =        645   NCYCLE=  2  CFL_adv= 0.315  CFL_sgs= 0.038
NSTEP =        646   NCYCLE=  2  CFL_adv= 0.316  CFL_sgs= 0.037
NSTEP =        647   NCYCLE=  2  CFL_adv= 0.318  CFL_sgs= 0.036
 Collecting statistics...
 name QCSTRG is missing in "lst" file.
NSTEP =        648   NCYCLE=  2  CFL_adv= 0.319  CFL_sgs= 0.036
 DAY =   0.225000000000000     
 NSTEP=         648
 div:  2.650137349836026E-016 -3.199922453085524E-016
 SST=   303.150000000000     
 surface pressure=   1014.80000000000     
 u:  -6.09482985983196        7.71017073781697     
 v:  -5.59292339398528        6.95489202352932     
 w:  -1.43858354509379        1.28974918749295     
 p:  -17.4215133398450        14.1654501448540     
 t:   300.392365408606        473.462017117103     
 tabs:   200.516483246853        301.184133853414     
 qv:  4.362757191804707E-045  2.056667593647358E-002
 tke:  0.000000000000000E+000  0.524037395401183     
 tk:  0.000000000000000E+000   18.0976068065847     
 tkh:  0.000000000000000E+000   18.0976068065847     
 qcl:  0.000000000000000E+000  9.002933507190539E-004
 qci:  0.000000000000000E+000  7.044025846465921E-003
 qpl:  0.000000000000000E+000  1.151751892092880E-004
 qpi:  0.000000000000000E+000  0.000000000000000E+000
 qrad(K/day):  -60.4342422570168        54.7706495456128     
 shf:   5.31292488968459        12.8097975387104     
 lhf:   52.6992321571977        117.943442990333     
 uw: -1.361204332546916E-002  1.389612477405441E-002
 vw: -1.493261020582304E-002  1.243298839647059E-002
 sst:   303.150000000000        303.150000000000     
 ===========================
 total water budget:
 before (mm):         53.63217817066
 after (mm):          53.63296717290
 evaporation (mm):     0.00079194743
 precipitation (mm):   0.00000294518
 large-scale (mm):     0.00000000000
 Imbalance (mm)       0.00000000000
 evap (mm/day):   2.28080858613172     
 prec (mm/day):  8.482122711916115E-003
 ls (mm/day):  0.000000000000000E+000
 imbalance (mm/day) -9.721948587967584E-012
  imbalance (rel error):  0.000000000000000E+000
 ===========================
 Let's do some shortwave
 Range of zenith angles  0.732661695834013       0.732661695834013     
 Range of surface albedo (asdir)  3.383449086658900E-002  3.383449086658900E-002
 Range of surface albedo (aldir)  3.383449086658900E-002  3.383449086658900E-002
 Range of surface albedo (asdif)  6.000000000000000E-002  6.000000000000000E-002
 Range of surface albedo (aldif)  6.000000000000000E-002  6.000000000000000E-002
 radiation: perpetual sun, solin=   310.282739009314     
 longwave radiation is called
NSTEP =        649   NCYCLE=  2  CFL_adv= 0.320  CFL_sgs= 0.036
NSTEP =        650   NCYCLE=  2  CFL_adv= 0.320  CFL_sgs= 0.037
NSTEP =        651   NCYCLE=  2  CFL_adv= 0.320  CFL_sgs= 0.037
 Collecting statistics...
 name QCSTRG is missing in "lst" file.
NSTEP =        652   NCYCLE=  2  CFL_adv= 0.319  CFL_sgs= 0.038
 DAY =   0.226388888888889     
 NSTEP=         652
 div:  2.239277619218286E-016 -2.836104411411096E-016
 SST=   303.150000000000     
 surface pressure=   1014.80000000000     
 u:  -6.67898534110974        7.45050998143496     
 v:  -5.74017290225651        6.12403272804669     
 w: -0.994473524511220        1.22537801550854     
 p:  -17.1434590928129        14.5281907917770     
 t:   300.403701832843        473.462955565238     
 tabs:   200.515047506320        301.184509180470     
 qv:  4.491022116525855E-045  2.058726410123195E-002
 tke:  0.000000000000000E+000  0.410052136026164     
 tk:  0.000000000000000E+000   15.3694815477736     
 tkh:  0.000000000000000E+000   15.3694815477736     
 qcl:  0.000000000000000E+000  8.511885814354207E-004
 qci:  0.000000000000000E+000  6.997845634869215E-003
 qpl:  0.000000000000000E+000  6.724877107958147E-005
 qpi:  0.000000000000000E+000  0.000000000000000E+000
 qrad(K/day):  -59.6983762775833        62.3585022870484     
 shf:   5.31001640987726        12.9270492556740     
 lhf:   52.5961703858639        118.066019117084     
 uw: -1.424374667940199E-002  1.455497977624283E-002
 vw: -1.423443385869728E-002  1.208140282204509E-002
 sst:   303.150000000000        303.150000000000     
 ===========================
 total water budget:
 before (mm):         53.63533443243
 after (mm):          53.63612358924
 evaporation (mm):     0.00079208013
 precipitation (mm):   0.00000292332
 large-scale (mm):     0.00000000000
 Imbalance (mm)       0.00000000000
 evap (mm/day):   2.28119077600923     
 prec (mm/day):  8.419167913061236E-003
 ls (mm/day):  0.000000000000000E+000
 imbalance (mm/day)  1.965366102285246E-011
  imbalance (rel error):  1.324746622633633E-016
 ===========================
NSTEP =        653   NCYCLE=  2  CFL_adv= 0.317  CFL_sgs= 0.038
NSTEP =        654   NCYCLE=  2  CFL_adv= 0.315  CFL_sgs= 0.038
 Let's do some shortwave
 Range of zenith angles  0.732661695834013       0.732661695834013     
 Range of surface albedo (asdir)  3.383449086658900E-002  3.383449086658900E-002
 Range of surface albedo (aldir)  3.383449086658900E-002  3.383449086658900E-002
 Range of surface albedo (asdif)  6.000000000000000E-002  6.000000000000000E-002
 Range of surface albedo (aldif)  6.000000000000000E-002  6.000000000000000E-002
 radiation: perpetual sun, solin=   310.282739004654     
 longwave radiation is called
NSTEP =        655   NCYCLE=  2  CFL_adv= 0.315  CFL_sgs= 0.038
 Collecting statistics...
 name QCSTRG is missing in "lst" file.
NSTEP =        656   NCYCLE=  2  CFL_adv= 0.317  CFL_sgs= 0.038
 DAY =   0.227777777777778     
 NSTEP=         656
 div:  2.961755995373615E-016 -3.616279085295504E-016
 SST=   303.150000000000     
 surface pressure=   1014.80000000000     
 u:  -6.39230029454965        7.51616971243596     
 v:  -5.45635866621663        6.91174548545509     
 w: -0.924128031822436        1.23018584377291     
 p:  -16.5529984515197        14.6279599128834     
 t:   300.411959121739        473.463318759414     
 tabs:   200.544092821184        301.185749092054     
 qv:  4.657696712106405E-045  2.058746562790358E-002
 tke:  0.000000000000000E+000  0.448437279317069     
 tk:  0.000000000000000E+000   16.3001380422412     
 tkh:  0.000000000000000E+000   16.3001380422412     
 qcl:  0.000000000000000E+000  7.401461943229366E-004
 qci:  0.000000000000000E+000  6.949227321636736E-003
 qpl:  0.000000000000000E+000  6.385060220182114E-005
 qpi:  0.000000000000000E+000  0.000000000000000E+000
 qrad(K/day):  -60.3764488389865        66.7624795038733     
 shf:   5.30501900155439        12.7613313782610     
 lhf:   52.5890916687996        116.251596482011     
 uw: -1.393324675616153E-002  1.507083866848317E-002
 vw: -1.350916391246141E-002  1.226143387332186E-002
 sst:   303.150000000000        303.150000000000     
 ===========================
 total water budget:
 before (mm):         53.63849124437
 after (mm):          53.63928052163
 evaporation (mm):     0.00079219970
 precipitation (mm):   0.00000292244
 large-scale (mm):     0.00000000000
 Imbalance (mm)       0.00000000000
 evap (mm/day):   2.28153512771893     
 prec (mm/day):  8.416619213251013E-003
 ls (mm/day):  0.000000000000000E+000
 imbalance (mm/day)  1.502387081929457E-013
  imbalance (rel error):  0.000000000000000E+000
 ===========================
NSTEP =        657   NCYCLE=  2  CFL_adv= 0.318  CFL_sgs= 0.038
NSTEP =        658   NCYCLE=  2  CFL_adv= 0.318  CFL_sgs= 0.038
NSTEP =        659   NCYCLE=  2  CFL_adv= 0.317  CFL_sgs= 0.038
 Collecting statistics...
 name QCSTRG is missing in "lst" file.
 Writting statistics:nstatsteps=          15
 --------------- ISCCP Simulator Diagnostics: -----------------
 ISCCP PDF:
            0.0       0.3       1.3       3.6       9.4      23.0      60.0
    0.     0.124     0.048     0.022     0.022     0.017     0.017     0.060
  180.     0.000     0.001     0.003     0.005     0.000     0.000     0.000
  310.     0.000     0.000     0.001     0.000     0.000     0.000     0.000
  440.     0.000     0.000     0.000     0.000     0.000     0.000     0.000
  560.     0.000     0.000     0.000     0.000     0.000     0.000     0.000
  680.     0.000     0.001     0.001     0.000     0.000     0.000     0.000
  800.     0.001     0.007     0.004     0.000     0.000     0.000     0.000
 low cld area (tau > 0.3)=  1.249382382347470E-002
 mid cld area (tau > 0.3)=  1.659138997395834E-003
 hgh cld area (tau > 0.3)=  0.195030721028646     
 total cld area (tau > 0.3)=  0.209183683849516     
 mean albedo cld (tau > 0.3)   0.495521086860583     
 mean tau cld (tau > 0.3)    8.37353684710753     
 mean top pressure (tau > 0.3)   177.784632354659     
 mean brightness temp (tau > 0.3)   241.749472873571     
 mean clearsky brightness temp (tau > 0.3)   296.673587691389     
 --------------- MODIS Simulator Diagnostics: -----------------
 MODIS PDF:
                      0.3       1.3       3.6       9.4      23.0      60.0
    0.               0.044     0.024     0.027     0.017     0.017     0.060
  180.               0.003     0.001     0.000     0.000     0.000     0.000
  310.               0.000     0.000     0.000     0.000     0.000     0.000
  440.               0.000     0.000     0.000     0.000     0.000     0.000
  560.               0.001     0.000     0.000     0.000     0.000     0.000
  680.               0.001     0.001     0.000     0.000     0.000     0.000
  800.               0.007     0.004     0.000     0.000     0.000     0.000
 low cld area =  1.245415097191220E-002
 mid cld area =  1.517740885416666E-003
 hgh cld area =  0.194643147786458     
 total cld area =  0.208615039643787     
 mean tau cld    84.6917419437632     
 mean top pressure    175.503193052328     
 total cld area (liquid) =  1.295057024274554E-002
 total cld area (ice) =  0.194510904947917     
 mean tau (liquid) =   1.26651322534876     
 mean tau (ice) =   90.7376842130668     
 mean lwp (g/m2) =   11.3110785501186     
 mean iwp (g/m2) =   1185.90878257848     
 mean reff (liquid)  =   12.4418036737915     
 mean reff (ice)  =   23.3732869319192     
 --------------- MISR Simulator Diagnostics: -----------------
 MISR PDF:
            0.0       0.3       1.3       3.6       9.4      23.0      60.0
 99.00     0.000     0.000     0.000     0.000     0.000     0.000     0.000
 17.00     0.000     0.000     0.000     0.001     0.005     0.012     0.058
 15.00     0.000     0.004     0.013     0.024     0.012     0.005     0.001
 13.00     0.000     0.015     0.001     0.000     0.000     0.000     0.000
 11.00     0.000     0.012     0.010     0.003     0.000     0.000     0.000
  9.00     0.000     0.000     0.001     0.000     0.000     0.000     0.000
  7.00     0.000     0.000     0.000     0.000     0.000     0.000     0.000
  5.00     0.000     0.000     0.000     0.000     0.000     0.000     0.000
  4.00     0.000     0.000     0.000     0.000     0.000     0.000     0.000
  3.00     0.000     0.000     0.000     0.000     0.000     0.000     0.000
  2.50     0.000     0.000     0.000     0.000     0.000     0.000     0.000
  2.00     0.000     0.000     0.000     0.000     0.000     0.000     0.000
  1.50     0.000     0.000     0.000     0.000     0.000     0.000     0.000
  1.00     0.000     0.002     0.005     0.001     0.000     0.000     0.000
  0.50     0.000     0.006     0.001     0.000     0.000     0.000     0.000
  0.00     0.014     0.018     0.000     0.000     0.000     0.000     0.000
 total cld area =  0.191182018461682     
 mean top height (m)   13073.9978619692     
 Writting history file 
 rcemip300sst_16_nCat6_MaxIce200                                                
  
NSTEP =        660   NCYCLE=  2  CFL_adv= 0.315  CFL_sgs= 0.038
 DAY =   0.229166666666667     
 NSTEP=         660
 div:  3.762850707373437E-016 -4.498859563992986E-016
 SST=   303.150000000000     
 surface pressure=   1014.80000000000     
 u:  -6.19512411813427        6.95107210929296     
 v:  -5.72685257589967        6.48443372959978     
 w: -0.878580390550380        1.17421245106387     
 p:  -15.7219546035121        14.4909182952349     
 t:   300.420359912682        473.462701494683     
 tabs:   200.595310905480        301.184159981779     
 qv:  5.099982554386750E-045  2.055745199690371E-002
 tke:  0.000000000000000E+000  0.419831242901782     
 tk:  0.000000000000000E+000   16.1985964457917     
 tkh:  0.000000000000000E+000   16.1985964457917     
 qcl:  0.000000000000000E+000  6.935246677971419E-004
 qci:  0.000000000000000E+000  6.899691133786589E-003
 qpl:  0.000000000000000E+000  5.650776541286183E-005
 qpi:  0.000000000000000E+000  0.000000000000000E+000
 qrad(K/day):  -60.3764488389865        66.7624795038733     
 shf:   5.30888297606596        12.3770976780108     
 lhf:   52.6888223117083        112.996671347045     
 uw: -1.322044757037512E-002  1.486470496451717E-002
 vw: -1.416074210599386E-002  1.351388844269695E-002
 sst:   303.150000000000        303.150000000000     
 ===========================
 total water budget:
 before (mm):         53.64164851809
 after (mm):          53.64243790318
 evaporation (mm):     0.00079232086
 precipitation (mm):   0.00000293576
 large-scale (mm):     0.00000000000
 Imbalance (mm)       0.00000000000
 evap (mm/day):   2.28188406332478     
 prec (mm/day):  8.454994710918526E-003
 ls (mm/day):  0.000000000000000E+000
 imbalance (mm/day)  4.634555678681776E-012
  imbalance (rel error):  1.324590685163324E-016
 ===========================
CPU TIME =     192.8962 OVER     0.50 MODEL HOURS
 Let's do some shortwave
 Range of zenith angles  0.732661695834013       0.732661695834013     
 Range of surface albedo (asdir)  3.383449086658900E-002  3.383449086658900E-002
 Range of surface albedo (aldir)  3.383449086658900E-002  3.383449086658900E-002
 Range of surface albedo (asdif)  6.000000000000000E-002  6.000000000000000E-002
 Range of surface albedo (aldif)  6.000000000000000E-002  6.000000000000000E-002
 radiation: perpetual sun, solin=   310.282739000223     
 longwave radiation is called
NSTEP =        661   NCYCLE=  2  CFL_adv= 0.313  CFL_sgs= 0.038
NSTEP =        662   NCYCLE=  2  CFL_adv= 0.310  CFL_sgs= 0.038
NSTEP =        663   NCYCLE=  2  CFL_adv= 0.306  CFL_sgs= 0.038
 Collecting statistics...
 name QCSTRG is missing in "lst" file.
NSTEP =        664   NCYCLE=  2  CFL_adv= 0.302  CFL_sgs= 0.038
 DAY =   0.230555555555556     
 NSTEP=         664
 div:  2.482717175835007E-016 -2.912326827328567E-016
 SST=   303.150000000000     
 surface pressure=   1014.80000000000     
 u:  -6.08625790102868        6.71481184913254     
 v:  -5.70322025741726        6.63943667692632     
 w: -0.848330931776043        1.28463426783996     
 p:  -14.6383978242871        14.1988407984361     
 t:   300.429954089367        473.461768972895     
 tabs:   200.652373556229        301.179990460204     
 qv:  5.633377067193424E-045  2.049769635923199E-002
 tke:  0.000000000000000E+000  0.450242760254440     
 tk:  0.000000000000000E+000   15.3103035888789     
 tkh:  0.000000000000000E+000   15.3103035888789     
 qcl:  0.000000000000000E+000  7.510251597916303E-004
 qci:  0.000000000000000E+000  6.849287266635495E-003
 qpl:  0.000000000000000E+000  5.060892228000232E-005
 qpi:  0.000000000000000E+000  0.000000000000000E+000
 qrad(K/day):  -61.8308133929811        63.9167364917799     
 shf:   5.32078527910253        12.1708042150694     
 lhf:   52.9132499752625        110.935623904991     
 uw: -1.307017615719857E-002  1.417899170105155E-002
 vw: -1.406577685135707E-002  1.415070031252193E-002
 sst:   303.150000000000        303.150000000000     
 ===========================
 total water budget:
 before (mm):         53.64480617846
 after (mm):          53.64559563136
 evaporation (mm):     0.00079243540
 precipitation (mm):   0.00000298250
 large-scale (mm):     0.00000000000
 Imbalance (mm)      -0.00000000000
 evap (mm/day):   2.28221395361874     
 prec (mm/day):  8.589598144940902E-003
 ls (mm/day):  0.000000000000000E+000
 imbalance (mm/day) -1.196861457598147E-011
  imbalance (rel error): -1.324512716090920E-016
 ===========================
NSTEP =        665   NCYCLE=  2  CFL_adv= 0.303  CFL_sgs= 0.038
NSTEP =        666   NCYCLE=  2  CFL_adv= 0.304  CFL_sgs= 0.038
 Let's do some shortwave
 Range of zenith angles  0.732661695834013       0.732661695834013     
 Range of surface albedo (asdir)  3.383449086658900E-002  3.383449086658900E-002
 Range of surface albedo (aldir)  3.383449086658900E-002  3.383449086658900E-002
 Range of surface albedo (asdif)  6.000000000000000E-002  6.000000000000000E-002
 Range of surface albedo (aldif)  6.000000000000000E-002  6.000000000000000E-002
 radiation: perpetual sun, solin=   310.282738996360     
 longwave radiation is called
NSTEP =        667   NCYCLE=  2  CFL_adv= 0.308  CFL_sgs= 0.038
 Collecting statistics...
 name QCSTRG is missing in "lst" file.
NSTEP =        668   NCYCLE=  2  CFL_adv= 0.318  CFL_sgs= 0.038
 DAY =   0.231944444444444     
 NSTEP=         668
 div:  3.821601455156320E-016 -3.299910909523064E-016
 SST=   303.150000000000     
 surface pressure=   1014.80000000000     
 u:  -6.27534120553396        6.74540884598256     
 v:  -5.67918911528455        6.70230504430161     
 w: -0.824611150267053        1.32338872419967     
 p:  -14.1797459096620        13.8821070601960     
 t:   300.440456464986        473.460837823401     
 tabs:   200.713532991353        301.173468560478     
 qv:  5.827201284850607E-045  2.042548681863872E-002
 tke:  0.000000000000000E+000  0.414926892589037     
 tk:  0.000000000000000E+000   14.6532579116730     
 tkh:  0.000000000000000E+000   14.6532579116730     
 qcl:  0.000000000000000E+000  6.822868782983047E-004
 qci:  0.000000000000000E+000  6.797098545559700E-003
 qpl:  0.000000000000000E+000  5.248294719894561E-005
 qpi:  0.000000000000000E+000  0.000000000000000E+000
 qrad(K/day):  -64.0955162987632        63.2159197945690     
 shf:   5.34024263035351        11.8738556098305     
 lhf:   53.2515251427232        112.781746877728     
 uw: -1.248000652403941E-002  1.324286739582464E-002
 vw: -1.319106892537374E-002  1.403814504233373E-002
 sst:   303.150000000000        303.150000000000     
 ===========================
 total water budget:
 before (mm):         53.64796404713
 after (mm):          53.64875352717
 evaporation (mm):     0.00079255686
 precipitation (mm):   0.00000307682
 large-scale (mm):     0.00000000000
 Imbalance (mm)       0.00000000000
 evap (mm/day):   2.28256376684641     
 prec (mm/day):  8.861253461097680E-003
 ls (mm/day):  0.000000000000000E+000
 imbalance (mm/day)  8.489881161369978E-012
  imbalance (rel error):  1.324434752058498E-016
 ===========================
NSTEP =        669   NCYCLE=  2  CFL_adv= 0.330  CFL_sgs= 0.037
NSTEP =        670   NCYCLE=  2  CFL_adv= 0.337  CFL_sgs= 0.037
NSTEP =        671   NCYCLE=  2  CFL_adv= 0.346  CFL_sgs= 0.037
 Collecting statistics...
 name QCSTRG is missing in "lst" file.
NSTEP =        672   NCYCLE=  2  CFL_adv= 0.354  CFL_sgs= 0.037
 DAY =   0.233333333333333     
 NSTEP=         672
 div:  2.537729726186139E-016 -3.045998903202646E-016
 SST=   303.150000000000     
 surface pressure=   1014.80000000000     
 u:  -6.36197580082216        6.70732854166349     
 v:  -5.73867502383829        6.62746511380535     
 w: -0.836678619994274        1.41293988921788     
 p:  -14.2867702929011        13.7084654242266     
 t:   300.448621974145        473.460416249806     
 tabs:   200.738974026682        301.165548946573     
 qv:  5.993165819542442E-045  2.042213677529510E-002
 tke:  0.000000000000000E+000  0.434292018694652     
 tk:  0.000000000000000E+000   14.1432036052078     
 tkh:  0.000000000000000E+000   14.1432036052078     
 qcl:  0.000000000000000E+000  7.836076032075121E-004
 qci:  0.000000000000000E+000  6.741526291895453E-003
 qpl:  0.000000000000000E+000  3.775842984112737E-005
 qpi:  0.000000000000000E+000  0.000000000000000E+000
 qrad(K/day):  -64.0955162987632        63.2159197945690     
 shf:   5.36678779083830        11.8065329476557     
 lhf:   53.4829577913113        114.909771968887     
 uw: -1.238146481759674E-002  1.342660589241484E-002
 vw: -1.268553503604184E-002  1.351879348929877E-002
 sst:   303.150000000000        303.150000000000     
 ===========================
 total water budget:
 before (mm):         53.65112192658
 after (mm):          53.65191136706
 evaporation (mm):     0.00079267845
 precipitation (mm):   0.00000323796
 large-scale (mm):     0.00000000000
 Imbalance (mm)      -0.00000000000
 evap (mm/day):   2.28291393095915     
 prec (mm/day):  9.325327768671871E-003
 ls (mm/day):  0.000000000000000E+000
 imbalance (mm/day) -2.449188069150385E-011
  imbalance (rel error): -1.324356798584236E-016
 ===========================
 Let's do some shortwave
 Range of zenith angles  0.732661695834013       0.732661695834013     
 Range of surface albedo (asdir)  3.383449086658900E-002  3.383449086658900E-002
 Range of surface albedo (aldir)  3.383449086658900E-002  3.383449086658900E-002
 Range of surface albedo (asdif)  6.000000000000000E-002  6.000000000000000E-002
 Range of surface albedo (aldif)  6.000000000000000E-002  6.000000000000000E-002
 radiation: perpetual sun, solin=   310.282738993221     
 longwave radiation is called
NSTEP =        673   NCYCLE=  2  CFL_adv= 0.364  CFL_sgs= 0.037
NSTEP =        674   NCYCLE=  2  CFL_adv= 0.364  CFL_sgs= 0.037
NSTEP =        675   NCYCLE=  2  CFL_adv= 0.366  CFL_sgs= 0.037
 Collecting statistics...
 name QCSTRG is missing in "lst" file.
NSTEP =        676   NCYCLE=  2  CFL_adv= 0.365  CFL_sgs= 0.037
 DAY =   0.234722222222222     
 NSTEP=         676
 div:  3.124542456776328E-016 -3.838231066537984E-016
 SST=   303.150000000000     
 surface pressure=   1014.80000000000     
 u:  -6.22406071272859        6.65729929754685     
 v:  -5.71011000206320        6.45200773158323     
 w: -0.912634265318892        1.48994085358580     
 p:  -14.2111389771310        13.4913694051090     
 t:   300.451798651533        473.460894296632     
 tabs:   200.779357403808        301.168665886371     
 qv:  6.136422475639576E-045  2.040291337233322E-002
 tke:  0.000000000000000E+000  0.411159273178788     
 tk:  0.000000000000000E+000   14.3494009441070     
 tkh:  0.000000000000000E+000   14.3494009441070     
 qcl:  0.000000000000000E+000  8.312974719290821E-004
 qci:  0.000000000000000E+000  6.676636590140683E-003
 qpl:  0.000000000000000E+000  4.314853683332580E-005
 qpi:  0.000000000000000E+000  0.000000000000000E+000
 qrad(K/day):  -64.9311253037054        57.2310255255997     
 shf:   5.35887886751527        11.8603779387783     
 lhf:   53.4693378934962        117.127093526298     
 uw: -1.256797668187930E-002  1.388830944511770E-002
 vw: -1.315258258358704E-002  1.343504126733764E-002
 sst:   303.150000000000        303.150000000000     
 ===========================
 total water budget:
 before (mm):         53.65427955293
 after (mm):          53.65506889444
 evaporation (mm):     0.00079281288
 precipitation (mm):   0.00000347137
 large-scale (mm):     0.00000000000
 Imbalance (mm)      -0.00000000000
 evap (mm/day):   2.28330110681341     
 prec (mm/day):  9.997549429922986E-003
 ls (mm/day):  0.000000000000000E+000
 imbalance (mm/day) -2.973193468768648E-011
  imbalance (rel error): -2.648557723998160E-016
 ===========================
NSTEP =        677   NCYCLE=  2  CFL_adv= 0.367  CFL_sgs= 0.037
NSTEP =        678   NCYCLE=  2  CFL_adv= 0.373  CFL_sgs= 0.037
 Let's do some shortwave
 Range of zenith angles  0.732661695834013       0.732661695834013     
 Range of surface albedo (asdir)  3.383449086658900E-002  3.383449086658900E-002
 Range of surface albedo (aldir)  3.383449086658900E-002  3.383449086658900E-002
 Range of surface albedo (asdif)  6.000000000000000E-002  6.000000000000000E-002
 Range of surface albedo (aldif)  6.000000000000000E-002  6.000000000000000E-002
 radiation: perpetual sun, solin=   310.282738990816     
 longwave radiation is called
NSTEP =        679   NCYCLE=  2  CFL_adv= 0.381  CFL_sgs= 0.037
 Collecting statistics...
 name QCSTRG is missing in "lst" file.
NSTEP =        680   NCYCLE=  2  CFL_adv= 0.385  CFL_sgs= 0.037
 DAY =   0.236111111111111     
 NSTEP=         680
 div:  3.474973957184583E-016 -3.364394861155485E-016
 SST=   303.150000000000     
 surface pressure=   1014.80000000000     
 u:  -5.98690250249295        6.22311470690698     
 v:  -6.30313269890557        6.38382002034993     
 w: -0.960901345211321        1.63490488200278     
 p:  -13.9697386999656        13.0963804101609     
 t:   300.457387643550        473.462249202455     
 tabs:   200.757772525606        301.171110189569     
 qv:  6.282555518249940E-045  2.036844066302236E-002
 tke:  0.000000000000000E+000  0.474838515992350     
 tk:  0.000000000000000E+000   14.4386574729494     
 tkh:  0.000000000000000E+000   14.4386574729494     
 qcl:  0.000000000000000E+000  8.054945790037675E-004
 qci:  0.000000000000000E+000  6.631828810856319E-003
 qpl:  0.000000000000000E+000  5.473474243335098E-005
 qpi:  0.000000000000000E+000  0.000000000000000E+000
 qrad(K/day):  -64.4277116117419        55.2215759853174     
 shf:   5.35106776201161        11.9620369048463     
 lhf:   53.1359455225219        119.075315463355     
 uw: -1.240660611402796E-002  1.397652561744760E-002
 vw: -1.356536389203419E-002  1.343587689594975E-002
 sst:   303.150000000000        303.150000000000     
 ===========================
 total water budget:
 before (mm):         53.65743672178
 after (mm):          53.65822591457
 evaporation (mm):     0.00079297371
 precipitation (mm):   0.00000378092
 large-scale (mm):     0.00000000000
 Imbalance (mm)      -0.00000000000
 evap (mm/day):   2.28376427255213     
 prec (mm/day):  1.088904762619546E-002
 ls (mm/day):  0.000000000000000E+000
 imbalance (mm/day) -1.369716108113109E-011
  imbalance (rel error): -1.324200947104278E-016
 ===========================
NSTEP =        681   NCYCLE=  2  CFL_adv= 0.385  CFL_sgs= 0.038
NSTEP =        682   NCYCLE=  2  CFL_adv= 0.383  CFL_sgs= 0.038
NSTEP =        683   NCYCLE=  2  CFL_adv= 0.379  CFL_sgs= 0.038
 Collecting statistics...
 name QCSTRG is missing in "lst" file.
NSTEP =        684   NCYCLE=  2  CFL_adv= 0.376  CFL_sgs= 0.038
 DAY =   0.237500000000000     
 NSTEP=         684
 div:  2.157252436951321E-016 -2.387814829997702E-016
 SST=   303.150000000000     
 surface pressure=   1014.80000000000     
 u:  -6.38436802830342        6.58312976513395     
 v:  -6.34122331652516        6.55382303048538     
 w: -0.974310076817898        1.82395822451210     
 p:  -13.5135790126049        12.5861484221782     
 t:   300.462818541596        473.464241551000     
 tabs:   200.690083147526        301.172795180322     
 qv:  6.422971998235445E-045  2.036576869543875E-002
 tke:  0.000000000000000E+000  0.435227494898266     
 tk:  0.000000000000000E+000   15.7495755854677     
 tkh:  0.000000000000000E+000   15.7495755854677     
 qcl:  0.000000000000000E+000  9.270340167980496E-004
 qci:  0.000000000000000E+000  6.604324951023016E-003
 qpl:  0.000000000000000E+000  6.180282988299109E-005
 qpi:  0.000000000000000E+000  0.000000000000000E+000
 qrad(K/day):  -64.4277116117419        55.2215759853174     
 shf:   5.34556469965375        11.9184293919114     
 lhf:   52.8714163489402        120.337928603436     
 uw: -1.257669453436380E-002  1.492209373652972E-002
 vw: -1.382090899781760E-002  1.346275827132645E-002
 sst:   303.150000000000        303.150000000000     
 ===========================
 total water budget:
 before (mm):         53.66059318592
 after (mm):          53.66138216617
 evaporation (mm):     0.00079315167
 precipitation (mm):   0.00000417143
 large-scale (mm):     0.00000000000
 Imbalance (mm)      -0.00000000000
 evap (mm/day):   2.28427681814114     
 prec (mm/day):  1.201370489874197E-002
 ls (mm/day):  0.000000000000000E+000
 imbalance (mm/day) -3.548418882944743E-011
  imbalance (rel error): -2.648246120682628E-016
 ===========================
 Let's do some shortwave
 Range of zenith angles  0.732661695834013       0.732661695834013     
 Range of surface albedo (asdir)  3.383449086658900E-002  3.383449086658900E-002
 Range of surface albedo (aldir)  3.383449086658900E-002  3.383449086658900E-002
 Range of surface albedo (asdif)  6.000000000000000E-002  6.000000000000000E-002
 Range of surface albedo (aldif)  6.000000000000000E-002  6.000000000000000E-002
 radiation: perpetual sun, solin=   310.282738989116     
 longwave radiation is called
NSTEP =        685   NCYCLE=  2  CFL_adv= 0.380  CFL_sgs= 0.038
NSTEP =        686   NCYCLE=  2  CFL_adv= 0.378  CFL_sgs= 0.038
NSTEP =        687   NCYCLE=  2  CFL_adv= 0.380  CFL_sgs= 0.038
 Collecting statistics...
 name QCSTRG is missing in "lst" file.
NSTEP =        688   NCYCLE=  2  CFL_adv= 0.392  CFL_sgs= 0.038
 DAY =   0.238888888888889     
 NSTEP=         688
 div:  2.679634349342460E-016 -2.438733463387651E-016
 SST=   303.150000000000     
 surface pressure=   1014.80000000000     
 u:  -6.60484053603427        6.55106284081254     
 v:  -6.17608326209739        6.32384929575765     
 w: -0.982487698866865        1.97006173494384     
 p:  -12.8412326176846        12.2577480811893     
 t:   300.468131952021        473.466736906284     
 tabs:   200.633773862471        301.178443448930     
 qv:  6.541020514634475E-045  2.037681954280214E-002
 tke:  0.000000000000000E+000  0.498978965591103     
 tk:  0.000000000000000E+000   15.8810830360979     
 tkh:  0.000000000000000E+000   15.8810830360979     
 qcl:  0.000000000000000E+000  9.312655010015692E-004
 qci:  0.000000000000000E+000  6.570078795892392E-003
 qpl:  0.000000000000000E+000  8.225341807315341E-005
 qpi:  0.000000000000000E+000  0.000000000000000E+000
 qrad(K/day):  -63.5322519217009        54.1503521456053     
 shf:   5.33059389140294        12.1396604864440     
 lhf:   52.6931434281938        120.529347123542     
 uw: -1.249365505467720E-002  1.588789931664865E-002
 vw: -1.374969313252872E-002  1.312741926311433E-002
 sst:   303.150000000000        303.150000000000     
 ===========================
 total water budget:
 before (mm):         53.66374875205
 after (mm):          53.66453749280
 evaporation (mm):     0.00079337977
 precipitation (mm):   0.00000463902
 large-scale (mm):     0.00000000000
 Imbalance (mm)      -0.00000000000
 evap (mm/day):   2.28493372597871     
 prec (mm/day):  1.336038442537124E-002
 ls (mm/day):  0.000000000000000E+000
 imbalance (mm/day) -4.218214644767515E-011
  imbalance (rel error): -2.648090411122858E-016
 ===========================
NSTEP =        689   NCYCLE=  2  CFL_adv= 0.401  CFL_sgs= 0.038
NSTEP =        690   NCYCLE=  2  CFL_adv= 0.404  CFL_sgs= 0.038
 Let's do some shortwave
 Range of zenith angles  0.732661695834013       0.732661695834013     
 Range of surface albedo (asdir)  3.383449086658900E-002  3.383449086658900E-002
 Range of surface albedo (aldir)  3.383449086658900E-002  3.383449086658900E-002
 Range of surface albedo (asdif)  6.000000000000000E-002  6.000000000000000E-002
 Range of surface albedo (aldif)  6.000000000000000E-002  6.000000000000000E-002
 radiation: perpetual sun, solin=   310.282738988061     
 longwave radiation is called
NSTEP =        691   NCYCLE=  2  CFL_adv= 0.402  CFL_sgs= 0.038
 Collecting statistics...
 name QCSTRG is missing in "lst" file.
NSTEP =        692   NCYCLE=  2  CFL_adv= 0.394  CFL_sgs= 0.038
 DAY =   0.240277777777778     
 NSTEP=         692
 div:  2.361104891356021E-016 -3.042804165475659E-016
 SST=   303.150000000000     
 surface pressure=   1014.80000000000     
 u:  -6.93378163532548        6.50564831363463     
 v:  -6.78926581648345        6.54406718329957     
 w: -0.972054279255423        2.09225005704307     
 p:  -11.9941683206961        11.7260966519866     
 t:   300.475517572781        473.469579713206     
 tabs:   200.585885455178        301.184000415758     
 qv:  6.621887021957741E-045  2.037935615755118E-002
 tke:  0.000000000000000E+000  0.549652225678020     
 tk:  0.000000000000000E+000   17.6962478076545     
 tkh:  0.000000000000000E+000   17.6962478076545     
 qcl:  0.000000000000000E+000  1.104641393612598E-003
 qci:  0.000000000000000E+000  6.535920206563714E-003
 qpl:  0.000000000000000E+000  9.644990608265025E-005
 qpi:  0.000000000000000E+000  0.000000000000000E+000
 qrad(K/day):  -62.8058044552140        54.6920957780556     
 shf:   5.31194946517978        12.2144111847640     
 lhf:   52.6099012789154        119.546582957478     
 uw: -1.209536065266396E-002  1.633860887359483E-002
 vw: -1.332742841028453E-002  1.404119011110529E-002
 sst:   303.150000000000        303.150000000000     
 ===========================
 total water budget:
 before (mm):         53.66690334695
 after (mm):          53.66769183770
 evaporation (mm):     0.00079366756
 precipitation (mm):   0.00000517680
 large-scale (mm):     0.00000000000
 Imbalance (mm)      -0.00000000000
 evap (mm/day):   2.28576256049013     
 prec (mm/day):  1.490917831955697E-002
 ls (mm/day):  0.000000000000000E+000
 imbalance (mm/day) -1.683163374302521E-011
  imbalance (rel error): -1.323967384155136E-016
 ===========================
NSTEP =        693   NCYCLE=  2  CFL_adv= 0.383  CFL_sgs= 0.037
NSTEP =        694   NCYCLE=  2  CFL_adv= 0.382  CFL_sgs= 0.037
NSTEP =        695   NCYCLE=  2  CFL_adv= 0.383  CFL_sgs= 0.038
 Collecting statistics...
 name QCSTRG is missing in "lst" file.
NSTEP =        696   NCYCLE=  2  CFL_adv= 0.382  CFL_sgs= 0.038
 DAY =   0.241666666666667     
 NSTEP=         696
 div:  2.387229080747659E-016 -2.702278674356051E-016
 SST=   303.150000000000     
 surface pressure=   1014.80000000000     
 u:  -6.42404191211202        6.91494032632636     
 v:  -6.65434061862914        5.96531944192472     
 w:  -1.00839510503892        2.22145287915893     
 p:  -11.5025984699393        11.2465472521812     
 t:   300.480868531761        473.472447255881     
 tabs:   200.553678847954        301.185584941593     
 qv:  6.707821650035256E-045  2.037160426091203E-002
 tke:  0.000000000000000E+000  0.471426846548832     
 tk:  0.000000000000000E+000   16.7994057994479     
 tkh:  0.000000000000000E+000   16.7994057994479     
 qcl:  0.000000000000000E+000  1.211903033425290E-003
 qci:  0.000000000000000E+000  6.517890281523508E-003
 qpl:  0.000000000000000E+000  9.406927954583828E-005
 qpi:  0.000000000000000E+000  0.000000000000000E+000
 qrad(K/day):  -62.8058044552140        54.6920957780556     
 shf:   5.30546993516770        12.3449694604150     
 lhf:   52.6188142387563        117.593349448605     
 uw: -1.252400379568426E-002  1.602078066912432E-002
 vw: -1.327255506689134E-002  1.508224761048504E-002
 sst:   303.150000000000        303.150000000000     
 ===========================
 total water budget:
 before (mm):         53.67005691174
 after (mm):          53.67084513629
 evaporation (mm):     0.00079399543
 precipitation (mm):   0.00000577088
 large-scale (mm):     0.00000000000
 Imbalance (mm)      -0.00000000000
 evap (mm/day):   2.28670683053565     
 prec (mm/day):  1.662014559359637E-002
 ls (mm/day):  0.000000000000000E+000
 imbalance (mm/day) -1.433430766662261E-011
  imbalance (rel error): -1.323889597705820E-016
 ===========================
 Let's do some shortwave
 Range of zenith angles  0.732661695834013       0.732661695834013     
 Range of surface albedo (asdir)  3.383449086658900E-002  3.383449086658900E-002
 Range of surface albedo (aldir)  3.383449086658900E-002  3.383449086658900E-002
 Range of surface albedo (asdif)  6.000000000000000E-002  6.000000000000000E-002
 Range of surface albedo (aldif)  6.000000000000000E-002  6.000000000000000E-002
 radiation: perpetual sun, solin=   310.282738987518     
 longwave radiation is called
NSTEP =        697   NCYCLE=  2  CFL_adv= 0.397  CFL_sgs= 0.039
NSTEP =        698   NCYCLE=  2  CFL_adv= 0.400  CFL_sgs= 0.039
NSTEP =        699   NCYCLE=  2  CFL_adv= 0.405  CFL_sgs= 0.039
 Collecting statistics...
 name QCSTRG is missing in "lst" file.
NSTEP =        700   NCYCLE=  2  CFL_adv= 0.406  CFL_sgs= 0.039
 DAY =   0.243055555555556     
 NSTEP=         700
 div:  2.099156276885109E-016 -2.160951084605065E-016
 SST=   303.150000000000     
 surface pressure=   1014.80000000000     
 u:  -6.11863728436832        6.97382012353323     
 v:  -6.25935326485453        6.44927941693133     
 w:  -1.08238900191593        2.21463082508982     
 p:  -11.1006041965265        10.9969498518571     
 t:   300.489273090436        473.474758275014     
 tabs:   200.493752769141        301.182899206737     
 qv:  7.300192691969794E-045  2.039535331577303E-002
 tke:  0.000000000000000E+000  0.460842453525082     
 tk:  0.000000000000000E+000   16.9713444798335     
 tkh:  0.000000000000000E+000   16.9713444798335     
 qcl:  0.000000000000000E+000  1.221310317993688E-003
 qci:  0.000000000000000E+000  6.497873484348800E-003
 qpl:  0.000000000000000E+000  1.005942029613806E-004
 qpi:  0.000000000000000E+000  0.000000000000000E+000
 qrad(K/day):  -62.9981582528851        54.1022556751327     
 shf:   5.31220044540497        12.5080758976347     
 lhf:   52.7099486700431        116.329720749030     
 uw: -1.274127695258792E-002  1.627441419263534E-002
 vw: -1.327483652625333E-002  1.573107079384251E-002
 sst:   303.150000000000        303.150000000000     
 ===========================
 total water budget:
 before (mm):         53.67320940533
 after (mm):          53.67399735524
 evaporation (mm):     0.00079437022
 precipitation (mm):   0.00000642031
 large-scale (mm):     0.00000000000
 Imbalance (mm)       0.00000000000
 evap (mm/day):   2.28778622642512     
 prec (mm/day):  1.849048076275163E-002
 ls (mm/day):  0.000000000000000E+000
 imbalance (mm/day)  2.420942596783118E-011
  imbalance (rel error):  2.647623694048306E-016
 ===========================
NSTEP =        701   NCYCLE=  2  CFL_adv= 0.395  CFL_sgs= 0.039
NSTEP =        702   NCYCLE=  2  CFL_adv= 0.390  CFL_sgs= 0.039
 Let's do some shortwave
 Range of zenith angles  0.732661695834013       0.732661695834013     
 Range of surface albedo (asdir)  3.383449086658900E-002  3.383449086658900E-002
 Range of surface albedo (aldir)  3.383449086658900E-002  3.383449086658900E-002
 Range of surface albedo (asdif)  6.000000000000000E-002  6.000000000000000E-002
 Range of surface albedo (aldif)  6.000000000000000E-002  6.000000000000000E-002
 radiation: perpetual sun, solin=   310.282738987341     
 longwave radiation is called
NSTEP =        703   NCYCLE=  2  CFL_adv= 0.388  CFL_sgs= 0.039
 Collecting statistics...
 name QCSTRG is missing in "lst" file.
NSTEP =        704   NCYCLE=  2  CFL_adv= 0.379  CFL_sgs= 0.039
 DAY =   0.244444444444444     
 NSTEP=         704
 div:  1.823124322757737E-016 -1.800025993568457E-016
 SST=   303.150000000000     
 surface pressure=   1014.80000000000     
 u:  -6.38544253681322        6.73354838389273     
 v:  -6.37968615169059        6.85246703664773     
 w:  -1.10881221239707        2.19159016977374     
 p:  -11.0517878515171        10.8149019510951     
 t:   300.499825863709        473.476352021748     
 tabs:   200.423171763586        301.176131330895     
 qv:  8.863746007939476E-045  2.043126139732096E-002
 tke:  0.000000000000000E+000  0.540819443396664     
 tk:  0.000000000000000E+000   17.0899097684199     
 tkh:  0.000000000000000E+000   17.0899097684199     
 qcl:  0.000000000000000E+000  1.123896910139540E-003
 qci:  0.000000000000000E+000  6.485143674130891E-003
 qpl:  0.000000000000000E+000  1.431817976981149E-004
 qpi:  0.000000000000000E+000  0.000000000000000E+000
 qrad(K/day):  -62.3635504106871        53.9711153704809     
 shf:   5.33150431718547        12.4370692923045     
 lhf:   53.1219617897323        118.604936343009     
 uw: -1.258644408442194E-002  1.610106060999167E-002
 vw: -1.284950209531167E-002  1.593388677803965E-002
 sst:   303.150000000000        303.150000000000     
 ===========================
 total water budget:
 before (mm):         53.67636077780
 after (mm):          53.67714843508
 evaporation (mm):     0.00079479492
 precipitation (mm):   0.00000713763
 large-scale (mm):     0.00000000000
 Imbalance (mm)       0.00000000000
 evap (mm/day):   2.28900935760706     
 prec (mm/day):  2.055638074771619E-002
 ls (mm/day):  0.000000000000000E+000
 imbalance (mm/day) -2.206969958347405E-012
  imbalance (rel error):  0.000000000000000E+000
 ===========================
NSTEP =        705   NCYCLE=  2  CFL_adv= 0.387  CFL_sgs= 0.038
NSTEP =        706   NCYCLE=  2  CFL_adv= 0.392  CFL_sgs= 0.038
NSTEP =        707   NCYCLE=  2  CFL_adv= 0.391  CFL_sgs= 0.037
 Collecting statistics...
 name QCSTRG is missing in "lst" file.
NSTEP =        708   NCYCLE=  2  CFL_adv= 0.383  CFL_sgs= 0.037
 DAY =   0.245833333333333     
 NSTEP=         708
 div:  1.400155455091124E-016 -1.688412996812179E-016
 SST=   303.150000000000     
 surface pressure=   1014.80000000000     
 u:  -6.17470497131212        7.06460233251181     
 v:  -6.35668383588910        6.13964521546975     
 w:  -1.07833626465454        2.04048372969053     
 p:  -10.9176837390690        10.4875437225527     
 t:   300.506642621540        473.477502006348     
 tabs:   200.339736368741        301.167233177123     
 qv:  1.042501559694947E-044  2.042737587906791E-002
 tke:  0.000000000000000E+000  0.471835144024454     
 tk:  0.000000000000000E+000   17.0553327845260     
 tkh:  0.000000000000000E+000   17.0553327845260     
 qcl:  0.000000000000000E+000  1.181365619886905E-003
 qci:  0.000000000000000E+000  6.470161818607181E-003
 qpl:  0.000000000000000E+000  1.986225386444024E-004
 qpi:  0.000000000000000E+000  0.000000000000000E+000
 qrad(K/day):  -62.3635504106871        53.9711153704809     
 shf:   5.36025609549246        12.1383710053132     
 lhf:   52.8013491697404        119.890544924620     
 uw: -1.215414195450859E-002  1.593397750647644E-002
 vw: -1.262126179669949E-002  1.566871705534111E-002
 sst:   303.150000000000        303.150000000000     
 ===========================
 total water budget:
 before (mm):         53.67951091867
 after (mm):          53.68029823826
 evaporation (mm):     0.00079525546
 precipitation (mm):   0.00000793587
 large-scale (mm):     0.00000000000
 Imbalance (mm)      -0.00000000000
 evap (mm/day):   2.29033573464310     
 prec (mm/day):  2.285531752101780E-002
 ls (mm/day):  0.000000000000000E+000
 imbalance (mm/day) -2.055908178075216E-011
  imbalance (rel error): -1.323656460711909E-016
 ===========================
 Let's do some shortwave
 Range of zenith angles  0.732661695834013       0.732661695834013     
 Range of surface albedo (asdir)  3.383449086658900E-002  3.383449086658900E-002
 Range of surface albedo (aldir)  3.383449086658900E-002  3.383449086658900E-002
 Range of surface albedo (asdif)  6.000000000000000E-002  6.000000000000000E-002
 Range of surface albedo (aldif)  6.000000000000000E-002  6.000000000000000E-002
 radiation: perpetual sun, solin=   310.282738987405     
 longwave radiation is called
NSTEP =        709   NCYCLE=  2  CFL_adv= 0.367  CFL_sgs= 0.037
NSTEP =        710   NCYCLE=  2  CFL_adv= 0.356  CFL_sgs= 0.037
NSTEP =        711   NCYCLE=  2  CFL_adv= 0.361  CFL_sgs= 0.037
 Collecting statistics...
 name QCSTRG is missing in "lst" file.
NSTEP =        712   NCYCLE=  2  CFL_adv= 0.359  CFL_sgs= 0.038
 DAY =   0.247222222222222     
 NSTEP=         712
 div:  1.627358679789891E-016 -1.963721518673045E-016
 SST=   303.150000000000     
 surface pressure=   1014.80000000000     
 u:  -6.24612535599323        6.80124381086216     
 v:  -6.17762722511568        6.27610134307466     
 w:  -1.00012658632602        1.95643019202284     
 p:  -10.6396482251139        10.3393609486156     
 t:   300.511698089008        473.478649808254     
 tabs:   200.251560676297        301.169006764430     
 qv:  1.075544035133173E-044  2.037957544862957E-002
 tke:  0.000000000000000E+000  0.447878626721159     
 tk:  0.000000000000000E+000   16.7309336768970     
 tkh:  0.000000000000000E+000   16.7309336768970     
 qcl:  0.000000000000000E+000  1.163567932824379E-003
 qci:  0.000000000000000E+000  6.451310978955533E-003
 qpl:  0.000000000000000E+000  1.981461010529015E-004
 qpi:  0.000000000000000E+000  0.000000000000000E+000
 qrad(K/day):  -60.6915842993801        51.5250098806472     
 shf:   5.35719670478469        12.3132054323741     
 lhf:   52.5769823319315        120.624966266929     
 uw: -1.160294181583548E-002  1.676323757637619E-002
 vw: -1.271296578862712E-002  1.498402685796889E-002
 sst:   303.150000000000        303.150000000000     
 ===========================
 total water budget:
 before (mm):         53.68265958645
 after (mm):          53.68344647724
 evaporation (mm):     0.00079570413
 precipitation (mm):   0.00000881334
 large-scale (mm):     0.00000000000
 Imbalance (mm)      -0.00000000000
 evap (mm/day):   2.29162788212555     
 prec (mm/day):  2.538240901311394E-002
 ls (mm/day):  0.000000000000000E+000
 imbalance (mm/day) -3.124046919593393E-011
  imbalance (rel error): -1.323578835537950E-016
 ===========================
NSTEP =        713   NCYCLE=  2  CFL_adv= 0.359  CFL_sgs= 0.038
NSTEP =        714   NCYCLE=  2  CFL_adv= 0.378  CFL_sgs= 0.039
 Let's do some shortwave
 Range of zenith angles  0.732661695834013       0.732661695834013     
 Range of surface albedo (asdir)  3.383449086658900E-002  3.383449086658900E-002
 Range of surface albedo (aldir)  3.383449086658900E-002  3.383449086658900E-002
 Range of surface albedo (asdif)  6.000000000000000E-002  6.000000000000000E-002
 Range of surface albedo (aldif)  6.000000000000000E-002  6.000000000000000E-002
 radiation: perpetual sun, solin=   310.282738987598     
 longwave radiation is called
NSTEP =        715   NCYCLE=  2  CFL_adv= 0.395  CFL_sgs= 0.039
 Collecting statistics...
 name QCSTRG is missing in "lst" file.
NSTEP =        716   NCYCLE=  2  CFL_adv= 0.409  CFL_sgs= 0.040
 DAY =   0.248611111111111     
 NSTEP=         716
 div:  1.245620831475714E-016 -1.658661579333931E-016
 SST=   303.150000000000     
 surface pressure=   1014.80000000000     
 u:  -6.05927535688350        6.81770228943281     
 v:  -5.97194965615083        6.62350032627707     
 w: -0.928146732524474        2.06104366775180     
 p:  -10.1860275146257        10.6950033892942     
 t:   300.515493337482        473.480172529018     
 tabs:   200.175317840647        301.169741499136     
 qv:  1.114579872795664E-044  2.038859200722272E-002
 tke:  0.000000000000000E+000  0.448366599009768     
 tk:  0.000000000000000E+000   15.9623573540825     
 tkh:  0.000000000000000E+000   15.9623573540825     
 qcl:  0.000000000000000E+000  1.059642392355317E-003
 qci:  0.000000000000000E+000  6.425039842602062E-003
 qpl:  0.000000000000000E+000  2.464228801435867E-004
 qpi:  0.000000000000000E+000  0.000000000000000E+000
 qrad(K/day):  -60.7403701503702        52.5443070441937     
 shf:   5.35460535832301        12.4463597135433     
 lhf:   52.4828687248278        120.536286630971     
 uw: -1.181872390721023E-002  1.678570837753637E-002
 vw: -1.256578089269203E-002  1.410952221394299E-002
 sst:   303.150000000000        303.150000000000     
 ===========================
 total water budget:
 before (mm):         53.68580640573
 after (mm):          53.68659277818
 evaporation (mm):     0.00079615880
 precipitation (mm):   0.00000978634
 large-scale (mm):     0.00000000000
 Imbalance (mm)       0.00000000000
 evap (mm/day):   2.29293733124781     
 prec (mm/day):  2.818467342415507E-002
 ls (mm/day):  0.000000000000000E+000
 imbalance (mm/day)  2.164132642621524E-011
  imbalance (rel error):  1.323501267245386E-016
 ===========================
NSTEP =        717   NCYCLE=  2  CFL_adv= 0.418  CFL_sgs= 0.040
NSTEP =        718   NCYCLE=  2  CFL_adv= 0.424  CFL_sgs= 0.040
NSTEP =        719   NCYCLE=  2  CFL_adv= 0.427  CFL_sgs= 0.040
 Writting radiation restart file...
 Saved radiation restart file. nstep=         720
 Collecting statistics...
 name QCSTRG is missing in "lst" file.
 Writting statistics:nstatsteps=          15
 --------------- ISCCP Simulator Diagnostics: -----------------
 ISCCP PDF:
            0.0       0.3       1.3       3.6       9.4      23.0      60.0
    0.     0.132     0.059     0.026     0.023     0.017     0.016     0.059
  180.     0.000     0.000     0.003     0.002     0.000     0.000     0.000
  310.     0.000     0.000     0.001     0.000     0.000     0.000     0.000
  440.     0.000     0.000     0.001     0.000     0.000     0.000     0.000
  560.     0.000     0.001     0.001     0.000     0.000     0.000     0.000
  680.     0.000     0.001     0.001     0.000     0.000     0.000     0.000
  800.     0.002     0.017     0.012     0.002     0.000     0.000     0.000
 low cld area (tau > 0.3)=  3.414306640625000E-002
 mid cld area (tau > 0.3)=  2.661132812500000E-003
 hgh cld area (tau > 0.3)=  0.205946858723958     
 total cld area (tau > 0.3)=  0.242751057942708     
 mean albedo cld (tau > 0.3)   0.443448490176074     
 mean tau cld (tau > 0.3)    6.62774171355683     
 mean top pressure (tau > 0.3)   237.348704614531     
 mean brightness temp (tau > 0.3)   248.136630662429     
 mean clearsky brightness temp (tau > 0.3)   296.650325990119     
 --------------- MODIS Simulator Diagnostics: -----------------
 MODIS PDF:
                      0.3       1.3       3.6       9.4      23.0      60.0
    0.               0.057     0.029     0.026     0.017     0.016     0.059
  180.               0.001     0.000     0.000     0.000     0.000     0.000
  310.               0.000     0.000     0.000     0.000     0.000     0.000
  440.               0.000     0.000     0.000     0.000     0.000     0.000
  560.               0.001     0.001     0.000     0.000     0.000     0.000
  680.               0.001     0.001     0.000     0.000     0.000     0.000
  800.               0.017     0.012     0.002     0.000     0.000     0.000
 low cld area =  3.409729003906249E-002
 mid cld area =  2.316284179687500E-003
 hgh cld area =  0.205566406250000     
 total cld area =  0.241979980468750     
 mean tau cld    70.4183602698307     
 mean top pressure    237.634421324832     
 total cld area (liquid) =  3.478088378906249E-002
 total cld area (ice) =  0.205321248372396     
 mean tau (liquid) =   1.67203985792918     
 mean tau (ice) =   82.6925985649807     
 mean lwp (g/m2) =   16.6029145382862     
 mean iwp (g/m2) =   1050.48585284375     
 mean reff (liquid)  =   12.9618482769564     
 mean reff (ice)  =   22.4491808624230     
 --------------- MISR Simulator Diagnostics: -----------------
 MISR PDF:
            0.0       0.3       1.3       3.6       9.4      23.0      60.0
 99.00     0.000     0.000     0.000     0.000     0.000     0.000     0.000
 17.00     0.000     0.000     0.000     0.000     0.001     0.006     0.051
 15.00     0.000     0.006     0.020     0.025     0.015     0.011     0.008
 13.00     0.000     0.020     0.001     0.000     0.000     0.000     0.000
 11.00     0.000     0.011     0.005     0.001     0.000     0.000     0.000
  9.00     0.000     0.001     0.003     0.000     0.000     0.000     0.000
  7.00     0.000     0.000     0.000     0.000     0.000     0.000     0.000
  5.00     0.000     0.000     0.000     0.000     0.000     0.000     0.000
  4.00     0.000     0.000     0.000     0.000     0.000     0.000     0.000
  3.00     0.000     0.000     0.000     0.000     0.000     0.000     0.000
  2.50     0.000     0.000     0.000     0.000     0.000     0.000     0.000
  2.00     0.000     0.000     0.000     0.000     0.000     0.000     0.000
  1.50     0.000     0.000     0.000     0.000     0.000     0.000     0.000
  1.00     0.000     0.004     0.014     0.002     0.000     0.000     0.000
  0.50     0.000     0.014     0.001     0.000     0.000     0.000     0.000
  0.00     0.016     0.022     0.000     0.000     0.000     0.000     0.000
 total cld area =  0.221026611328125     
 mean top height (m)   11814.9067756601     
 Writting history file 
 rcemip300sst_16_nCat6_MaxIce200                                                
  
 Writing restart file ...
 Restart file was saved. nstep=         720
 Writting 2D data. file:./OUT_2D/bubble_rcemip300sst_16_nCat6_MaxIce200_64.2Dbin
                                                                 
 Writting 3D data. file:./OUT_3D/bubble_rcemip300sst_16_nCat6_MaxIce200_64_00000
 00720.bin3D                                                     
NSTEP =        720   NCYCLE=  2  CFL_adv= 0.427  CFL_sgs= 0.040
 DAY =   0.250000000000000     
 NSTEP=         720
 div:  1.530829440877386E-016 -1.315059903267676E-016
 SST=   303.150000000000     
 surface pressure=   1014.80000000000     
 u:  -6.13622642739712        6.41082053688878     
 v:  -6.52779008134121        6.21796070994147     
 w:  -1.11993613736062        2.13183562188380     
 p:  -9.71262765240570        11.0340822151366     
 t:   300.524143402330        473.482111036170     
 tabs:   200.108330257154        301.171587909696     
 qv:  1.154068492442257E-044  2.037649353679322E-002
 tke:  0.000000000000000E+000  0.477558676705002     
 tk:  0.000000000000000E+000   14.2867253298270     
 tkh:  0.000000000000000E+000   14.2867253298270     
 qcl:  0.000000000000000E+000  1.175919672887534E-003
 qci:  0.000000000000000E+000  6.391617608440840E-003
 qpl:  0.000000000000000E+000  2.093895873988622E-004
 qpi:  0.000000000000000E+000  0.000000000000000E+000
 qrad(K/day):  -60.7403701503702        52.5443070441937     
 shf:   5.35432214627825        12.3990622612224     
 lhf:   52.5594760257642        119.603026460081     
 uw: -1.261819339450056E-002  1.593790129915600E-002
 vw: -1.269382003624707E-002  1.327820532077342E-002
 sst:   303.150000000000        303.150000000000     
 ===========================
 total water budget:
 before (mm):         53.68895096730
 after (mm):          53.68973668708
 evaporation (mm):     0.00079662561
 precipitation (mm):   0.00001090583
 large-scale (mm):     0.00000000000
 Imbalance (mm)       0.00000000000
 evap (mm/day):   2.29428176790645     
 prec (mm/day):  3.140878230784650E-002
 ls (mm/day):  0.000000000000000E+000
 imbalance (mm/day)  1.059120076796899E-011
  imbalance (rel error):  0.000000000000000E+000
 ===========================
CPU TIME =     190.4033 OVER     0.50 MODEL HOURS
 Let's do some shortwave
 Range of zenith angles  0.732661695834013       0.732661695834013     
 Range of surface albedo (asdir)  3.383449086658900E-002  3.383449086658900E-002
 Range of surface albedo (aldir)  3.383449086658900E-002  3.383449086658900E-002
 Range of surface albedo (asdif)  6.000000000000000E-002  6.000000000000000E-002
 Range of surface albedo (aldif)  6.000000000000000E-002  6.000000000000000E-002
 radiation: perpetual sun, solin=   310.282738987813     
 longwave radiation is called
NSTEP =        721   NCYCLE=  2  CFL_adv= 0.433  CFL_sgs= 0.041
NSTEP =        722   NCYCLE=  2  CFL_adv= 0.439  CFL_sgs= 0.041
NSTEP =        723   NCYCLE=  2  CFL_adv= 0.467  CFL_sgs= 0.041
 Collecting statistics...
 name QCSTRG is missing in "lst" file.
NSTEP =        724   NCYCLE=  3  CFL_adv= 0.325  CFL_sgs= 0.027
 DAY =   0.251388888888889     
 NSTEP=         724
 div:  7.724430792155715E-017 -8.814735081024118E-017
 SST=   303.150000000000     
 surface pressure=   1014.80000000000     
 u:  -6.18572014719436        5.72358065398773     
 v:  -6.99769794955527        6.65951307164395     
 w: -0.805605343731001        2.50290223246366     
 p:  -9.55361201353300        11.3880275980910     
 t:   300.530561447100        473.484253204684     
 tabs:   200.048485737115        301.179187948245     
 qv:  1.193842914322574E-044  2.039496044796688E-002
 tke:  0.000000000000000E+000  0.598300622405498     
 tk:  0.000000000000000E+000   19.3374736975500     
 tkh:  0.000000000000000E+000   19.3374736975500     
 qcl:  0.000000000000000E+000  1.149518750025875E-003
 qci:  0.000000000000000E+000  6.353032172795004E-003
 qpl:  0.000000000000000E+000  1.604472971865746E-004
 qpi:  0.000000000000000E+000  0.000000000000000E+000
 qrad(K/day):  -58.4565650092654        49.2112485886176     
 shf:   5.35621987474270        12.1855062520509     
 lhf:   52.8639331234390        117.910794529875     
 uw: -1.294697101252361E-002  1.419809416119349E-002
 vw: -1.319747311761830E-002  1.350848784137518E-002
 sst:   303.150000000000        303.150000000000     
 ===========================
 total water budget:
 before (mm):         53.69209260570
 after (mm):          53.69287741337
 evaporation (mm):     0.00079712005
 precipitation (mm):   0.00001231238
 large-scale (mm):     0.00000000000
 Imbalance (mm)       0.00000000000
 evap (mm/day):   2.29570573633634     
 prec (mm/day):  3.545965389269146E-002
 ls (mm/day):  0.000000000000000E+000
 imbalance (mm/day) -1.764804123151331E-012
  imbalance (rel error):  0.000000000000000E+000
 ===========================
NSTEP =        725   NCYCLE=  3  CFL_adv= 0.333  CFL_sgs= 0.027
NSTEP =        726   NCYCLE=  3  CFL_adv= 0.334  CFL_sgs= 0.027
 Let's do some shortwave
 Range of zenith angles  0.732661695834013       0.732661695834013     
 Range of surface albedo (asdir)  3.383449086658900E-002  3.383449086658900E-002
 Range of surface albedo (aldir)  3.383449086658900E-002  3.383449086658900E-002
 Range of surface albedo (asdif)  6.000000000000000E-002  6.000000000000000E-002
 Range of surface albedo (aldif)  6.000000000000000E-002  6.000000000000000E-002
 radiation: perpetual sun, solin=   310.282738987956     
 longwave radiation is called
NSTEP =        727   NCYCLE=  3  CFL_adv= 0.330  CFL_sgs= 0.027
 Collecting statistics...
 name QCSTRG is missing in "lst" file.
NSTEP =        728   NCYCLE=  3  CFL_adv= 0.332  CFL_sgs= 0.027
 DAY =   0.252777777777778     
 NSTEP=         728
 div:  6.819918814650144E-017 -6.960757579806382E-017
 SST=   303.150000000000     
 surface pressure=   1014.80000000000     
 u:  -6.35673023201703        5.64170993949032     
 v:  -6.98305814364401        6.83931716926306     
 w: -0.833598991629559        3.08233226662759     
 p:  -9.53429815237245        11.7182048065653     
 t:   300.534617872359        473.486244704730     
 tabs:   199.998221050725        301.186515827798     
 qv:  1.248481213540541E-044  2.042331328390724E-002
 tke:  0.000000000000000E+000  0.499060520149528     
 tk:  0.000000000000000E+000   17.6542519016741     
 tkh:  0.000000000000000E+000   17.6542519016741     
 qcl:  0.000000000000000E+000  1.354206030054986E-003
 qci:  0.000000000000000E+000  6.310669276512648E-003
 qpl:  0.000000000000000E+000  1.749386644675832E-004
 qpi:  0.000000000000000E+000  0.000000000000000E+000
 qrad(K/day):  -55.3097629383456        49.2361870691079     
 shf:   5.36004029235593        12.5040958603005     
 lhf:   53.0746211310643        115.920789669277     
 uw: -1.278173613721622E-002  1.393427399140094E-002
 vw: -1.338803774610358E-002  1.340754283175681E-002
 sst:   303.150000000000        303.150000000000     
 ===========================
 total water budget:
 before (mm):         53.69523015490
 after (mm):          53.69601376845
 evaporation (mm):     0.00079760526
 precipitation (mm):   0.00001399172
 large-scale (mm):     0.00000000000
 Imbalance (mm)      -0.00000000000
 evap (mm/day):   2.29710316046411     
 prec (mm/day):  4.029615084790557E-002
 ls (mm/day):  0.000000000000000E+000
 imbalance (mm/day) -2.674020672856908E-011
  imbalance (rel error): -1.323269058340483E-016
 ===========================
NSTEP =        729   NCYCLE=  3  CFL_adv= 0.341  CFL_sgs= 0.026
NSTEP =        730   NCYCLE=  3  CFL_adv= 0.368  CFL_sgs= 0.026
NSTEP =        731   NCYCLE=  3  CFL_adv= 0.381  CFL_sgs= 0.026
 Collecting statistics...
 name QCSTRG is missing in "lst" file.
NSTEP =        732   NCYCLE=  3  CFL_adv= 0.384  CFL_sgs= 0.025
 DAY =   0.254166666666667     
 NSTEP=         732
 div:  6.151497129405442E-017 -7.226849861507681E-017
 SST=   303.150000000000     
 surface pressure=   1014.80000000000     
 u:  -6.53381220896652        6.06620053803975     
 v:  -7.99388942900819        6.34566564223709     
 w: -0.886330945339726        3.82785871367847     
 p:  -9.53332607470207        12.0217259559950     
 t:   300.543743767723        473.487772843413     
 tabs:   199.951271345978        301.188428769469     
 qv:  1.344849230695639E-044  2.044732576042529E-002
 tke:  0.000000000000000E+000  0.726066094651404     
 tk:  0.000000000000000E+000   21.3023780164828     
 tkh:  0.000000000000000E+000   21.3023780164828     
 qcl:  0.000000000000000E+000  1.491866728435066E-003
 qci:  0.000000000000000E+000  6.265367165754882E-003
 qpl:  0.000000000000000E+000  1.808314090860472E-004
 qpi:  0.000000000000000E+000  0.000000000000000E+000
 qrad(K/day):  -55.3097629383456        49.2361870691079     
 shf:   5.36585775082308        12.8747579611848     
 lhf:   53.5016954414916        113.614924519696     
 uw: -1.227609939108687E-002  1.670392927660418E-002
 vw: -1.316251103107150E-002  1.294742311977830E-002
 sst:   303.150000000000        303.150000000000     
 ===========================
 total water budget:
 before (mm):         53.69836237652
 after (mm):          53.69914444955
 evaporation (mm):     0.00079809537
 precipitation (mm):   0.00001602234
 large-scale (mm):     0.00000000000
 Imbalance (mm)       0.00000000000
 evap (mm/day):   2.29851466993214     
 prec (mm/day):  4.614434303861637E-002
 ls (mm/day):  0.000000000000000E+000
 imbalance (mm/day)  2.541278710903316E-011
  imbalance (rel error):  1.323191911237292E-016
 ===========================
 Let's do some shortwave
 Range of zenith angles  0.732661695834013       0.732661695834013     
 Range of surface albedo (asdir)  3.383449086658900E-002  3.383449086658900E-002
 Range of surface albedo (aldir)  3.383449086658900E-002  3.383449086658900E-002
 Range of surface albedo (asdif)  6.000000000000000E-002  6.000000000000000E-002
 Range of surface albedo (aldif)  6.000000000000000E-002  6.000000000000000E-002
 radiation: perpetual sun, solin=   310.282738987936     
 longwave radiation is called
NSTEP =        733   NCYCLE=  3  CFL_adv= 0.390  CFL_sgs= 0.025
NSTEP =        734   NCYCLE=  3  CFL_adv= 0.406  CFL_sgs= 0.024
NSTEP =        735   NCYCLE=  3  CFL_adv= 0.406  CFL_sgs= 0.024
 Collecting statistics...
 name QCSTRG is missing in "lst" file.
NSTEP =        736   NCYCLE=  3  CFL_adv= 0.435  CFL_sgs= 0.024
 DAY =   0.255555555555556     
 NSTEP=         736
 div:  5.529727501452993E-017 -7.999330491317874E-017
 SST=   303.150000000000     
 surface pressure=   1014.80000000000     
 u:  -6.11244713849808        6.67656635886564     
 v:  -7.71455276993663        6.06008269264533     
 w: -0.982408771603956        4.47882610783716     
 p:  -9.58392201128185        12.2827052348706     
 t:   300.556490915329        473.488809340613     
 tabs:   199.903712374064        301.184306495045     
 qv:  1.439749133748695E-044  2.045826773302013E-002
 tke:  0.000000000000000E+000  0.901738278638642     
 tk:  0.000000000000000E+000   18.5800447176018     
 tkh:  0.000000000000000E+000   18.5800447176018     
 qcl:  0.000000000000000E+000  1.797636599608308E-003
 qci:  0.000000000000000E+000  6.218509870586846E-003
 qpl:  0.000000000000000E+000  2.356086977790131E-004
 qpi:  0.000000000000000E+000  0.000000000000000E+000
 qrad(K/day):  -55.5479455241002        45.7859331499722     
 shf:   5.37318922570829        13.0252315226407     
 lhf:   53.2821369796754        110.416931374256     
 uw: -1.290495893056147E-002  1.898638597950000E-002
 vw: -1.264668842384539E-002  1.333055314539987E-002
 sst:   303.150000000000        303.150000000000     
 ===========================
 total water budget:
 before (mm):         53.70148820070
 after (mm):          53.70226855005
 evaporation (mm):     0.00079860128
 precipitation (mm):   0.00001825193
 large-scale (mm):     0.00000000000
 Imbalance (mm)       0.00000000000
 evap (mm/day):   2.29997169314558     
 prec (mm/day):  5.256556443177899E-002
 ls (mm/day):  0.000000000000000E+000
 imbalance (mm/day)  8.304392330044097E-012
  imbalance (rel error):  1.323114935261725E-016
 ===========================
NSTEP =        737   NCYCLE=  3  CFL_adv= 0.441  CFL_sgs= 0.024
NSTEP =        738   NCYCLE=  3  CFL_adv= 0.430  CFL_sgs= 0.024
 Let's do some shortwave
 Range of zenith angles  0.732661695834013       0.732661695834013     
 Range of surface albedo (asdir)  3.383449086658900E-002  3.383449086658900E-002
 Range of surface albedo (aldir)  3.383449086658900E-002  3.383449086658900E-002
 Range of surface albedo (asdif)  6.000000000000000E-002  6.000000000000000E-002
 Range of surface albedo (aldif)  6.000000000000000E-002  6.000000000000000E-002
 radiation: perpetual sun, solin=   310.282738987629     
 longwave radiation is called
NSTEP =        739   NCYCLE=  3  CFL_adv= 0.437  CFL_sgs= 0.025
 Collecting statistics...
 name QCSTRG is missing in "lst" file.
NSTEP =        740   NCYCLE=  3  CFL_adv= 0.469  CFL_sgs= 0.025
 DAY =   0.256944444444444     
 NSTEP=         740
 div:  8.659271208888538E-017 -7.642611331573914E-017
 SST=   303.150000000000     
 surface pressure=   1014.80000000000     
 u:  -5.95898184019510        6.40280089785853     
 v:  -6.40403577558658        6.72392982736040     
 w:  -1.25337517151798        5.08321065577462     
 p:  -10.0696095393483        12.5034763375729     
 t:   300.567050723070        473.489653906291     
 tabs:   199.866186827375        301.180973450102     
 qv:  1.520033964584246E-044  2.045282942245914E-002
 tke:  0.000000000000000E+000  0.801816835593816     
 tk:  0.000000000000000E+000   19.1399656336493     
 tkh:  0.000000000000000E+000   19.1399656336493     
 qcl:  0.000000000000000E+000  1.933177607551829E-003
 qci:  0.000000000000000E+000  6.172087751474524E-003
 qpl:  0.000000000000000E+000  3.852415425837673E-004
 qpi:  0.000000000000000E+000  0.000000000000000E+000
 qrad(K/day):  -55.0182119518481        44.6149354845335     
 shf:   5.37323718065971        12.9414814789838     
 lhf:   53.0704653775585        111.104481604562     
 uw: -1.317445272712439E-002  2.026377732360039E-002
 vw: -1.308195425744799E-002  1.390675294074956E-002
 sst:   303.150000000000        303.150000000000     
 ===========================
 total water budget:
 before (mm):         53.70460633650
 after (mm):          53.70538445362
 evaporation (mm):     0.00079911342
 precipitation (mm):   0.00002099630
 large-scale (mm):     0.00000000000
 Imbalance (mm)      -0.00000000000
 evap (mm/day):   2.30144665575331     
 prec (mm/day):  6.046933727324587E-002
 ls (mm/day):  0.000000000000000E+000
 imbalance (mm/day) -1.010504180332106E-011
  imbalance (rel error): -1.323038170173909E-016
 ===========================
NSTEP =        741   NCYCLE=  4  CFL_adv= 0.361  CFL_sgs= 0.019
NSTEP =        742   NCYCLE=  3  CFL_adv= 0.467  CFL_sgs= 0.025
NSTEP =        743   NCYCLE=  3  CFL_adv= 0.476  CFL_sgs= 0.025
 Collecting statistics...
 name QCSTRG is missing in "lst" file.
NSTEP =        744   NCYCLE=  3  CFL_adv= 0.463  CFL_sgs= 0.025
 DAY =   0.258333333333333     
 NSTEP=         744
 div:  6.175944049745000E-017 -5.680907730941994E-017
 SST=   303.150000000000     
 surface pressure=   1014.80000000000     
 u:  -6.12625956392996        6.06109608361181     
 v:  -7.05909723937101        6.59454793676125     
 w:  -1.39301587627801        5.65865938333289     
 p:  -10.6073858294339        12.6596135462442     
 t:   300.571709596099        473.490488103455     
 tabs:   199.815304070143        301.177128756342     
 qv:  1.637766381397041E-044  2.042844079920690E-002
 tke:  0.000000000000000E+000   1.25028096530661     
 tk:  0.000000000000000E+000   17.7037992540233     
 tkh:  0.000000000000000E+000   17.7037992540233     
 qcl:  0.000000000000000E+000  1.675836832007649E-003
 qci:  0.000000000000000E+000  6.127450461950342E-003
 qpl:  0.000000000000000E+000  6.078162552052031E-004
 qpi:  0.000000000000000E+000  0.000000000000000E+000
 qrad(K/day):  -55.0182119518481        44.6149354845335     
 shf:   5.37680034956432        12.6704610723234     
 lhf:   52.8830156418478        110.102311741199     
 uw: -1.291466786872172E-002  2.026050575149738E-002
 vw: -1.329102099453993E-002  1.430493886167020E-002
 sst:   303.150000000000        303.150000000000     
 ===========================
 total water budget:
 before (mm):         53.70771525463
 after (mm):          53.70849095495
 evaporation (mm):     0.00079960491
 precipitation (mm):   0.00002390459
 large-scale (mm):     0.00000000000
 Imbalance (mm)       0.00000000000
 evap (mm/day):   2.30286213977227     
 prec (mm/day):  6.884521266106394E-002
 ls (mm/day):  0.000000000000000E+000
 imbalance (mm/day)  9.390291278929541E-012
  imbalance (rel error):  0.000000000000000E+000
 ===========================
 Let's do some shortwave
 Range of zenith angles  0.732661695834013       0.732661695834013     
 Range of surface albedo (asdir)  3.383449086658900E-002  3.383449086658900E-002
 Range of surface albedo (aldir)  3.383449086658900E-002  3.383449086658900E-002
 Range of surface albedo (asdif)  6.000000000000000E-002  6.000000000000000E-002
 Range of surface albedo (aldif)  6.000000000000000E-002  6.000000000000000E-002
 radiation: perpetual sun, solin=   310.282738986919     
 longwave radiation is called
NSTEP =        745   NCYCLE=  4  CFL_adv= 0.363  CFL_sgs= 0.019
NSTEP =        746   NCYCLE=  3  CFL_adv= 0.479  CFL_sgs= 0.025
NSTEP =        747   NCYCLE=  3  CFL_adv= 0.451  CFL_sgs= 0.025
 Collecting statistics...
 name QCSTRG is missing in "lst" file.
NSTEP =        748   NCYCLE=  3  CFL_adv= 0.452  CFL_sgs= 0.025
 DAY =   0.259722222222222     
 NSTEP=         748
 div:  6.261804010412169E-017 -5.917987465374304E-017
 SST=   303.150000000000     
 surface pressure=   1014.80000000000     
 u:  -5.81666137462043        5.81918682838985     
 v:  -6.72393793424727        6.00704538981407     
 w:  -1.48514112965366        5.78873127956862     
 p:  -10.9278865931949        12.7412763452910     
 t:   300.559542612288        473.491422058209     
 tabs:   199.739343119926        301.172008095627     
 qv:  1.816378554432455E-044  2.038411995013260E-002
 tke:  0.000000000000000E+000   1.41348031586988     
 tk:  0.000000000000000E+000   17.8145160152494     
 tkh:  0.000000000000000E+000   17.8145160152494     
 qcl:  0.000000000000000E+000  1.769579062607440E-003
 qci:  0.000000000000000E+000  6.083858799690060E-003
 qpl:  0.000000000000000E+000  1.049302949535383E-003
 qpi:  0.000000000000000E+000  0.000000000000000E+000
 qrad(K/day):  -54.3715821706493        41.3484215666977     
 shf:   5.36064902566928        12.3039238424774     
 lhf:   52.7638644012054        107.704893686939     
 uw: -1.212886881875930E-002  1.913673223240760E-002
 vw: -1.341380073272629E-002  1.448206112423801E-002
 sst:   303.150000000000        303.150000000000     
 ===========================
 total water budget:
 before (mm):         53.71081409773
 after (mm):          53.71158710905
 evaporation (mm):     0.00080005358
 precipitation (mm):   0.00002704226
 large-scale (mm):     0.00000000000
 Imbalance (mm)       0.00000000000
 evap (mm/day):   2.30415430068430     
 prec (mm/day):  7.788170714966754E-002
 ls (mm/day):  0.000000000000000E+000
 imbalance (mm/day)  1.949729440398063E-012
  imbalance (rel error):  0.000000000000000E+000
 ===========================
NSTEP =        749   NCYCLE=  3  CFL_adv= 0.447  CFL_sgs= 0.025
NSTEP =        750   NCYCLE=  3  CFL_adv= 0.455  CFL_sgs= 0.025
 Let's do some shortwave
 Range of zenith angles  0.732661695834013       0.732661695834013     
 Range of surface albedo (asdir)  3.383449086658900E-002  3.383449086658900E-002
 Range of surface albedo (aldir)  3.383449086658900E-002  3.383449086658900E-002
 Range of surface albedo (asdif)  6.000000000000000E-002  6.000000000000000E-002
 Range of surface albedo (aldif)  6.000000000000000E-002  6.000000000000000E-002
 radiation: perpetual sun, solin=   310.282738985684     
 longwave radiation is called
NSTEP =        751   NCYCLE=  3  CFL_adv= 0.468  CFL_sgs= 0.025
 Collecting statistics...
 name QCSTRG is missing in "lst" file.
NSTEP =        752   NCYCLE=  3  CFL_adv= 0.464  CFL_sgs= 0.025
 DAY =   0.261111111111111     
 NSTEP=         752
 div:  5.097165027663158E-017 -5.101429381944788E-017
 SST=   303.150000000000     
 surface pressure=   1014.80000000000     
 u:  -5.74850832604313        5.96019951367521     
 v:  -5.97454487822350        6.16204889127620     
 w:  -1.49219208264422        5.42780591856946     
 p:  -11.1563762214240        12.9413165214944     
 t:   300.552651156702        473.492764888935     
 tabs:   199.661004570375        301.174348035715     
 qv:  2.089591120129666E-044  2.036137223057122E-002
 tke:  0.000000000000000E+000   1.34714467087491     
 tk:  0.000000000000000E+000   17.4099913117262     
 tkh:  0.000000000000000E+000   17.4099913117262     
 qcl:  0.000000000000000E+000  1.655986583711612E-003
 qci:  0.000000000000000E+000  6.038997040647707E-003
 qpl:  0.000000000000000E+000  1.138697360370579E-003
 qpi:  0.000000000000000E+000  0.000000000000000E+000
 qrad(K/day):  -55.6570373883214        39.1448345723712     
 shf:   5.34157137247823        12.3420898391800     
 lhf:   52.7101108443279        107.822912376176     
 uw: -1.240929480649652E-002  1.734393138844852E-002
 vw: -1.416704016592074E-002  1.437293718659218E-002
 sst:   303.150000000000        303.150000000000     
 ===========================
 total water budget:
 before (mm):         53.71390183322
 after (mm):          53.71467190180
 evaporation (mm):     0.00080046759
 precipitation (mm):   0.00003039901
 large-scale (mm):     0.00000000000
 Imbalance (mm)       0.00000000000
 evap (mm/day):   2.30534665927376     
 prec (mm/day):  8.754916189524574E-002
 ls (mm/day):  0.000000000000000E+000
 imbalance (mm/day)  1.574472973872587E-011
  imbalance (rel error):  1.322809412406249E-016
 ===========================
NSTEP =        753   NCYCLE=  3  CFL_adv= 0.466  CFL_sgs= 0.025
NSTEP =        754   NCYCLE=  3  CFL_adv= 0.460  CFL_sgs= 0.026
NSTEP =        755   NCYCLE=  4  CFL_adv= 0.361  CFL_sgs= 0.019
 Collecting statistics...
 name QCSTRG is missing in "lst" file.
NSTEP =        756   NCYCLE=  4  CFL_adv= 0.366  CFL_sgs= 0.019
 DAY =   0.262500000000000     
 NSTEP=         756
 div:  3.091964151018644E-017 -4.308004419929602E-017
 SST=   303.150000000000     
 surface pressure=   1014.80000000000     
 u:  -6.13566368917731        6.50233382356673     
 v:  -6.33238206989123        6.22386148111533     
 w:  -1.47033520673345        5.85148048930477     
 p:  -11.3822963975769        13.0418768544648     
 t:   300.466907527542        473.494307320376     
 tabs:   199.596462418051        301.178366984286     
 qv:  2.483024927867970E-044  2.035991521850423E-002
 tke:  0.000000000000000E+000   1.56741115880913     
 tk:  0.000000000000000E+000   18.7044538018298     
 tkh:  0.000000000000000E+000   18.7044538018298     
 qcl:  0.000000000000000E+000  1.733729623121573E-003
 qci:  0.000000000000000E+000  5.991425899259663E-003
 qpl:  0.000000000000000E+000  1.175025671672262E-003
 qpi:  0.000000000000000E+000  0.000000000000000E+000
 qrad(K/day):  -55.6570373883214        39.1448345723712     
 shf:   5.32843340055361        12.1615213775437     
 lhf:   52.7179655049534        107.421430985955     
 uw: -1.242673356388475E-002  1.536696648072222E-002
 vw: -1.535802207960494E-002  1.386889090355935E-002
 sst:   303.150000000000        303.150000000000     
 ===========================
 total water budget:
 before (mm):         53.71697727872
 after (mm):          53.71774407948
 evaporation (mm):     0.00080085671
 precipitation (mm):   0.00003405595
 large-scale (mm):     0.00000000000
 Imbalance (mm)       0.00000000000
 evap (mm/day):   2.30646732994266     
 prec (mm/day):  9.808113281676553E-002
 ls (mm/day):  0.000000000000000E+000
 imbalance (mm/day)  3.642894579741762E-011
  imbalance (rel error):  2.645467518921766E-016
 ===========================
 Let's do some shortwave
 Range of zenith angles  0.732661695834013       0.732661695834013     
 Range of surface albedo (asdir)  3.383449086658900E-002  3.383449086658900E-002
 Range of surface albedo (aldir)  3.383449086658900E-002  3.383449086658900E-002
 Range of surface albedo (asdif)  6.000000000000000E-002  6.000000000000000E-002
 Range of surface albedo (aldif)  6.000000000000000E-002  6.000000000000000E-002
 radiation: perpetual sun, solin=   310.282738983941     
 longwave radiation is called
NSTEP =        757   NCYCLE=  3  CFL_adv= 0.467  CFL_sgs= 0.026
NSTEP =        758   NCYCLE=  3  CFL_adv= 0.469  CFL_sgs= 0.026
NSTEP =        759   NCYCLE=  3  CFL_adv= 0.449  CFL_sgs= 0.026
 Collecting statistics...
 name QCSTRG is missing in "lst" file.
NSTEP =        760   NCYCLE=  3  CFL_adv= 0.468  CFL_sgs= 0.026
 DAY =   0.263888888888889     
 NSTEP=         760
 div:  5.618484231854711E-017 -5.039672148289310E-017
 SST=   303.150000000000     
 surface pressure=   1014.80000000000     
 u:  -6.56876025353412        7.24870660175797     
 v:  -6.21783572472794        5.95799768303870     
 w:  -2.12181971555652        5.67549700119918     
 p:  -11.5064313876789        13.0137253381943     
 t:   300.356741136368        473.496062639134     
 tabs:   199.550829457731        301.180358845393     
 qv:  2.916411993025764E-044  2.036366556228940E-002
 tke:  0.000000000000000E+000   1.31582924418944     
 tk:  0.000000000000000E+000   17.4440579788653     
 tkh:  0.000000000000000E+000   17.4440579788653     
 qcl:  0.000000000000000E+000  1.839932521055395E-003
 qci:  0.000000000000000E+000  5.942279369112839E-003
 qpl:  0.000000000000000E+000  1.119475686160424E-003
 qpi:  0.000000000000000E+000  0.000000000000000E+000
 qrad(K/day):  -54.6891379821420        37.5314838922464     
 shf:   5.32211625438885        11.8393666469894     
 lhf:   52.7894662156713        106.740572905710     
 uw: -1.282546052677285E-002  1.373460963637009E-002
 vw: -1.583739316379294E-002  1.393644377352299E-002
 sst:   303.150000000000        303.150000000000     
 ===========================
 total water budget:
 before (mm):         53.72003927457
 after (mm):          53.72080254013
 evaporation (mm):     0.00080121647
 precipitation (mm):   0.00003795091
 large-scale (mm):     0.00000000000
 Imbalance (mm)       0.00000000000
 evap (mm/day):   2.30750342016876     
 prec (mm/day):  0.109298614974906     
 ls (mm/day):  0.000000000000000E+000
 imbalance (mm/day)  2.390470633939490E-011
  imbalance (rel error):  2.645316905790044E-016
 ===========================
NSTEP =        761   NCYCLE=  3  CFL_adv= 0.458  CFL_sgs= 0.026
NSTEP =        762   NCYCLE=  3  CFL_adv= 0.432  CFL_sgs= 0.026
 Let's do some shortwave
 Range of zenith angles  0.732661695834013       0.732661695834013     
 Range of surface albedo (asdir)  3.383449086658900E-002  3.383449086658900E-002
 Range of surface albedo (aldir)  3.383449086658900E-002  3.383449086658900E-002
 Range of surface albedo (asdif)  6.000000000000000E-002  6.000000000000000E-002
 Range of surface albedo (aldif)  6.000000000000000E-002  6.000000000000000E-002
 radiation: perpetual sun, solin=   310.282738981685     
 longwave radiation is called
NSTEP =        763   NCYCLE=  3  CFL_adv= 0.457  CFL_sgs= 0.026
 Collecting statistics...
 name QCSTRG is missing in "lst" file.
NSTEP =        764   NCYCLE=  3  CFL_adv= 0.457  CFL_sgs= 0.026
 DAY =   0.265277777777778     
 NSTEP=         764
 div:  5.644034611505347E-017 -4.998445104748029E-017
 SST=   303.150000000000     
 surface pressure=   1014.80000000000     
 u:  -6.33913456918658        7.11245805252154     
 v:  -5.76096802592564        6.06457451730817     
 w:  -1.87594692374142        5.41971327844682     
 p:  -11.5671100051761        12.8491278026423     
 t:   300.291151339339        473.497824950766     
 tabs:   199.511597210546        301.180594737120     
 qv:  3.198768012683903E-044  2.036863395200839E-002
 tke:  0.000000000000000E+000   1.66508367210822     
 tk:  0.000000000000000E+000   19.3557260503119     
 tkh:  0.000000000000000E+000   19.3557260503119     
 qcl:  0.000000000000000E+000  1.643838186671903E-003
 qci:  0.000000000000000E+000  5.902678525765395E-003
 qpl:  0.000000000000000E+000  1.292825389755607E-003
 qpi:  0.000000000000000E+000  0.000000000000000E+000
 qrad(K/day):  -52.0483059705975        37.7034963406320     
 shf:   5.32320434640396        11.4449495998998     
 lhf:   52.7385441417483        107.301370723661     
 uw: -1.336630917711236E-002  1.302911493608732E-002
 vw: -1.551101757272581E-002  1.408637203868787E-002
 sst:   303.150000000000        303.150000000000     
 ===========================
 total water budget:
 before (mm):         53.72308673782
 after (mm):          53.72384621407
 evaporation (mm):     0.00080153871
 precipitation (mm):   0.00004206246
 large-scale (mm):     0.00000000000
 Imbalance (mm)       0.00000000000
 evap (mm/day):   2.30843148213555     
 prec (mm/day):  0.121139878291454     
 ls (mm/day):  0.000000000000000E+000
 imbalance (mm/day)  3.328427377463639E-011
  imbalance (rel error):  1.322583518925442E-016
 ===========================
NSTEP =        765   NCYCLE=  3  CFL_adv= 0.445  CFL_sgs= 0.026
NSTEP =        766   NCYCLE=  3  CFL_adv= 0.446  CFL_sgs= 0.026
NSTEP =        767   NCYCLE=  3  CFL_adv= 0.426  CFL_sgs= 0.026
 Collecting statistics...
 name QCSTRG is missing in "lst" file.
NSTEP =        768   NCYCLE=  3  CFL_adv= 0.439  CFL_sgs= 0.026
 DAY =   0.266666666666667     
 NSTEP=         768
 div:  5.485272143907395E-017 -4.605994173751897E-017
 SST=   303.150000000000     
 surface pressure=   1014.80000000000     
 u:  -6.41369175675880        6.07693615209652     
 v:  -5.78153728033339        5.61099600807928     
 w:  -1.39280445294221        4.86787831116500     
 p:  -11.9258165540602        12.5670411736593     
 t:   300.304400763676        473.499487683567     
 tabs:   199.481647550054        301.179402286187     
 qv:  3.356044445699136E-044  2.036324728287513E-002
 tke:  0.000000000000000E+000   1.25905557648204     
 tk:  0.000000000000000E+000   17.0146115409055     
 tkh:  0.000000000000000E+000   17.0146115409055     
 qcl:  0.000000000000000E+000  1.738933514622709E-003
 qci:  0.000000000000000E+000  5.880369784530682E-003
 qpl:  0.000000000000000E+000  1.224822960070243E-003
 qpi:  0.000000000000000E+000  0.000000000000000E+000
 qrad(K/day):  -52.0483059705975        37.7034963406320     
 shf:   5.33008383942637        11.0662007064207     
 lhf:   52.6857576008847        106.861566674289     
 uw: -1.363647173220628E-002  1.345944210748321E-002
 vw: -1.438768639349792E-002  1.380445292310540E-002
 sst:   303.150000000000        303.150000000000     
 ===========================
 total water budget:
 before (mm):         53.72611848040
 after (mm):          53.72687367164
 evaporation (mm):     0.00080181434
 precipitation (mm):   0.00004662310
 large-scale (mm):     0.00000000000
 Imbalance (mm)      -0.00000000000
 evap (mm/day):   2.30922530518701     
 prec (mm/day):  0.134274526184599     
 ls (mm/day):  0.000000000000000E+000
 imbalance (mm/day) -5.785809331637636E-011
  imbalance (rel error): -2.645017985236541E-016
 ===========================
 Let's do some shortwave
 Range of zenith angles  0.732661695834013       0.732661695834013     
 Range of surface albedo (asdir)  3.383449086658900E-002  3.383449086658900E-002
 Range of surface albedo (aldir)  3.383449086658900E-002  3.383449086658900E-002
 Range of surface albedo (asdif)  6.000000000000000E-002  6.000000000000000E-002
 Range of surface albedo (aldif)  6.000000000000000E-002  6.000000000000000E-002
 radiation: perpetual sun, solin=   310.282738978980     
 longwave radiation is called
NSTEP =        769   NCYCLE=  3  CFL_adv= 0.435  CFL_sgs= 0.027
NSTEP =        770   NCYCLE=  3  CFL_adv= 0.424  CFL_sgs= 0.027
NSTEP =        771   NCYCLE=  3  CFL_adv= 0.433  CFL_sgs= 0.027
 Collecting statistics...
 name QCSTRG is missing in "lst" file.
NSTEP =        772   NCYCLE=  3  CFL_adv= 0.460  CFL_sgs= 0.027
 DAY =   0.268055555555556     
 NSTEP=         772
 div:  4.960426716289186E-017 -4.456767154567309E-017
 SST=   303.150000000000     
 surface pressure=   1014.80000000000     
 u:  -5.78836440975740        6.44014455976472     
 v:  -5.46609697276169        5.75566538962702     
 w:  -2.47206008532264        5.06663993207481     
 p:  -11.9465975145920        12.1929646205664     
 t:   299.995153997679        473.501068147867     
 tabs:   199.463602220362        301.177020040971     
 qv:  3.523941557519112E-044  2.034829416175572E-002
 tke:  0.000000000000000E+000   3.30623578586468     
 tk:  0.000000000000000E+000   16.9180661183176     
 tkh:  0.000000000000000E+000   16.9180661183176     
 qcl:  0.000000000000000E+000  1.692573934468832E-003
 qci:  0.000000000000000E+000  5.856277163113014E-003
 qpl:  0.000000000000000E+000  1.002210839696016E-003
 qpi:  0.000000000000000E+000  0.000000000000000E+000
 qrad(K/day):  -52.2392368422554        38.8070827276879     
 shf:   5.34073640852800        10.9666729569896     
 lhf:   52.8035722440027        105.346202700914     
 uw: -1.365525353881069E-002  1.427706107699614E-002
 vw: -1.330359579672021E-002  1.364188988712492E-002
 sst:   303.150000000000        303.150000000000     
 ===========================
 total water budget:
 before (mm):         53.72913225472
 after (mm):          53.72988277390
 evaporation (mm):     0.00080203762
 precipitation (mm):   0.00005151845
 large-scale (mm):     0.00000000000
 Imbalance (mm)       0.00000000000
 evap (mm/day):   2.30986833869888     
 prec (mm/day):  0.148373122321256     
 ls (mm/day):  0.000000000000000E+000
 imbalance (mm/day)  9.638305778492118E-012
  imbalance (rel error):  1.322434926482504E-016
 ===========================
NSTEP =        773   NCYCLE=  4  CFL_adv= 0.365  CFL_sgs= 0.020
NSTEP =        774   NCYCLE=  4  CFL_adv= 0.363  CFL_sgs= 0.020
 Let's do some shortwave
 Range of zenith angles  0.732661695834013       0.732661695834013     
 Range of surface albedo (asdir)  3.383449086658900E-002  3.383449086658900E-002
 Range of surface albedo (aldir)  3.383449086658900E-002  3.383449086658900E-002
 Range of surface albedo (asdif)  6.000000000000000E-002  6.000000000000000E-002
 Range of surface albedo (aldif)  6.000000000000000E-002  6.000000000000000E-002
 radiation: perpetual sun, solin=   310.282738976044     
 longwave radiation is called
NSTEP =        775   NCYCLE=  4  CFL_adv= 0.365  CFL_sgs= 0.020
 Collecting statistics...
 name QCSTRG is missing in "lst" file.
NSTEP =        776   NCYCLE=  4  CFL_adv= 0.373  CFL_sgs= 0.020
 DAY =   0.269444444444444     
 NSTEP=         776
 div:  4.164535005889672E-017 -3.899343538984740E-017
 SST=   303.150000000000     
 surface pressure=   1014.80000000000     
 u:  -5.95283681491708        6.17277419024274     
 v:  -6.04542619157949        5.60716033843510     
 w:  -2.35389043030412        6.11534278369391     
 p:  -12.4346813902899        11.6943501234284     
 t:   299.535667205901        473.502555755846     
 tabs:   199.453121728265        301.173296262267     
 qv:  3.688832675989653E-044  2.035156487887377E-002
 tke:  0.000000000000000E+000   3.57004821259140     
 tk:  0.000000000000000E+000   22.3751555732170     
 tkh:  0.000000000000000E+000   22.3751555732170     
 qcl:  0.000000000000000E+000  1.521306395662502E-003
 qci:  0.000000000000000E+000  5.828560199825927E-003
 qpl:  0.000000000000000E+000  1.367682742065571E-003
 qpi:  0.000000000000000E+000  0.000000000000000E+000
 qrad(K/day):  -51.5705435635357        39.8528873189247     
 shf:   5.35503760820373        11.4329905413543     
 lhf:   52.7937191060115        102.899729701796     
 uw: -1.342479968448360E-002  1.483266424799076E-002
 vw: -1.314273526863395E-002  1.354146590999933E-002
 sst:   303.150000000000        303.150000000000     
 ===========================
 total water budget:
 before (mm):         53.73212706072
 after (mm):          53.73287275131
 evaporation (mm):     0.00080218735
 precipitation (mm):   0.00005649676
 large-scale (mm):     0.00000000000
 Imbalance (mm)      -0.00000000000
 evap (mm/day):   2.31029956266870     
 prec (mm/day):  0.162710669895020     
 ls (mm/day):  0.000000000000000E+000
 imbalance (mm/day) -3.614550065506039E-011
  imbalance (rel error): -2.644722678605599E-016
 ===========================
NSTEP =        777   NCYCLE=  4  CFL_adv= 0.391  CFL_sgs= 0.020
NSTEP =        778   NCYCLE=  4  CFL_adv= 0.407  CFL_sgs= 0.019
NSTEP =        779   NCYCLE=  4  CFL_adv= 0.395  CFL_sgs= 0.019
 Collecting statistics...
 name QCSTRG is missing in "lst" file.
 Writting statistics:nstatsteps=          15
 --------------- ISCCP Simulator Diagnostics: -----------------
 ISCCP PDF:
            0.0       0.3       1.3       3.6       9.4      23.0      60.0
    0.     0.146     0.067     0.029     0.021     0.017     0.017     0.058
  180.     0.000     0.000     0.002     0.003     0.000     0.000     0.000
  310.     0.000     0.000     0.001     0.000     0.000     0.000     0.000
  440.     0.000     0.000     0.001     0.000     0.000     0.000     0.000
  560.     0.000     0.001     0.001     0.000     0.000     0.000     0.000
  680.     0.000     0.001     0.001     0.000     0.000     0.000     0.000
  800.     0.003     0.025     0.018     0.004     0.001     0.000     0.000
 low cld area (tau > 0.3)=  5.094909667968750E-002
 mid cld area (tau > 0.3)=  3.502400716145833E-003
 hgh cld area (tau > 0.3)=  0.214989217122396     
 total cld area (tau > 0.3)=  0.269440714518229     
 mean albedo cld (tau > 0.3)   0.413302934942827     
 mean tau cld (tau > 0.3)    5.77574171018687     
 mean top pressure (tau > 0.3)   275.601999641679     
 mean brightness temp (tau > 0.3)   252.251353251861     
 mean clearsky brightness temp (tau > 0.3)   296.626370153867     
 --------------- MODIS Simulator Diagnostics: -----------------
 MODIS PDF:
                      0.3       1.3       3.6       9.4      23.0      60.0
    0.               0.066     0.031     0.024     0.017     0.017     0.058
  180.               0.000     0.000     0.000     0.000     0.000     0.000
  310.               0.000     0.000     0.000     0.000     0.000     0.000
  440.               0.000     0.000     0.000     0.000     0.000     0.000
  560.               0.001     0.001     0.000     0.000     0.000     0.000
  680.               0.001     0.001     0.000     0.000     0.000     0.000
  800.               0.025     0.018     0.004     0.001     0.000     0.000
 low cld area =  5.062052408854167E-002
 mid cld area =  3.159586588541667E-003
 hgh cld area =  0.214605712890625     
 total cld area =  0.268385823567708     
 mean tau cld    60.5296593668026     
 mean top pressure    275.053871901975     
 total cld area (liquid) =  5.141296386718749E-002
 total cld area (ice) =  0.214253743489583     
 mean tau (liquid) =   1.95206113755258     
 mean tau (ice) =   75.3285900052820     
 mean lwp (g/m2) =   20.5756884543579     
 mean iwp (g/m2) =   934.528923804526     
 mean reff (liquid)  =   13.0710589002141     
 mean reff (ice)  =   21.8245852703331     
 --------------- MISR Simulator Diagnostics: -----------------
 MISR PDF:
            0.0       0.3       1.3       3.6       9.4      23.0      60.0
 99.00     0.000     0.000     0.000     0.000     0.000     0.000     0.000
 17.00     0.000     0.000     0.000     0.000     0.000     0.001     0.038
 15.00     0.000     0.007     0.023     0.023     0.017     0.016     0.020
 13.00     0.000     0.025     0.001     0.000     0.000     0.000     0.000
 11.00     0.000     0.009     0.002     0.000     0.000     0.000     0.000
  9.00     0.000     0.002     0.005     0.000     0.000     0.000     0.000
  7.00     0.000     0.000     0.000     0.000     0.000     0.000     0.000
  5.00     0.000     0.000     0.000     0.000     0.000     0.000     0.000
  4.00     0.000     0.000     0.000     0.000     0.000     0.000     0.000
  3.00     0.000     0.000     0.000     0.000     0.000     0.000     0.000
  2.50     0.000     0.000     0.000     0.000     0.000     0.000     0.000
  2.00     0.000     0.000     0.000     0.000     0.000     0.000     0.000
  1.50     0.000     0.000     0.000     0.000     0.000     0.000     0.000
  1.00     0.000     0.005     0.020     0.005     0.001     0.000     0.000
  0.50     0.000     0.020     0.001     0.000     0.000     0.000     0.000
  0.00     0.019     0.027     0.000     0.000     0.000     0.000     0.000
 total cld area =  0.243493652343750     
 mean top height (m)   10976.5403934242     
 Writting history file 
 rcemip300sst_16_nCat6_MaxIce200                                                
  
NSTEP =        780   NCYCLE=  4  CFL_adv= 0.410  CFL_sgs= 0.019
 DAY =   0.270833333333333     
 NSTEP=         780
 div:  4.723739736907119E-017 -4.831708445088310E-017
 SST=   303.150000000000     
 surface pressure=   1014.80000000000     
 u:  -6.16425817331907        5.77347533467337     
 v:  -6.01583707931572        5.88482631072595     
 w:  -2.21192289321124        6.98818880219426     
 p:  -13.0610473421263        15.1574362726673     
 t:   299.185164729734        473.504266772908     
 tabs:   199.460075580716        301.168024131245     
 qv:  3.780661986731831E-044  2.035759362127352E-002
 tke:  0.000000000000000E+000   2.17954985093350     
 tk:  0.000000000000000E+000   19.8199746645616     
 tkh:  0.000000000000000E+000   19.8199746645616     
 qcl:  0.000000000000000E+000  1.492105115509590E-003
 qci:  0.000000000000000E+000  5.796222396439987E-003
 qpl:  0.000000000000000E+000  1.674920478231217E-003
 qpi:  0.000000000000000E+000  0.000000000000000E+000
 qrad(K/day):  -51.5705435635357        39.8528873189247     
 shf:   5.37208080719452        11.6300974759384     
 lhf:   52.7422977536199        103.506734084793     
 uw: -1.293473820586341E-002  1.513282296184076E-002
 vw: -1.294599235746528E-002  1.372128080530591E-002
 sst:   303.150000000000        303.150000000000     
 ===========================
 total water budget:
 before (mm):         53.73510275686
 after (mm):          53.73584383015
 evaporation (mm):     0.00080228890
 precipitation (mm):   0.00006121561
 large-scale (mm):     0.00000000000
 Imbalance (mm)       0.00000000000
 evap (mm/day):   2.31059202655317     
 prec (mm/day):  0.176300963431697     
 ls (mm/day):  0.000000000000000E+000
 imbalance (mm/day)  8.680009835893010E-012
  imbalance (rel error):  1.322288225352984E-016
 ===========================
CPU TIME =     277.2984 OVER     0.50 MODEL HOURS
 Let's do some shortwave
 Range of zenith angles  0.732661695834013       0.732661695834013     
 Range of surface albedo (asdir)  3.383449086658900E-002  3.383449086658900E-002
 Range of surface albedo (aldir)  3.383449086658900E-002  3.383449086658900E-002
 Range of surface albedo (asdif)  6.000000000000000E-002  6.000000000000000E-002
 Range of surface albedo (aldif)  6.000000000000000E-002  6.000000000000000E-002
 radiation: perpetual sun, solin=   310.282738973069     
 longwave radiation is called
NSTEP =        781   NCYCLE=  4  CFL_adv= 0.405  CFL_sgs= 0.019
NSTEP =        782   NCYCLE=  4  CFL_adv= 0.433  CFL_sgs= 0.019
NSTEP =        783   NCYCLE=  4  CFL_adv= 0.432  CFL_sgs= 0.019
 Collecting statistics...
 name QCSTRG is missing in "lst" file.
NSTEP =        784   NCYCLE=  4  CFL_adv= 0.438  CFL_sgs= 0.019
 DAY =   0.272222222222222     
 NSTEP=         784
 div:  4.966958252410174E-017 -3.748320013295752E-017
 SST=   303.150000000000     
 surface pressure=   1014.80000000000     
 u:  -5.87732391034308        5.64244088690978     
 v:  -5.85674131661704        5.75170660122132     
 w:  -1.76291174138490        8.61324230996279     
 p:  -16.3563829610018        20.2347037537370     
 t:   298.234730473149        473.506388809535     
 tabs:   199.492588786400        301.161420111086     
 qv:  3.794096231635510E-044  2.035933255594350E-002
 tke:  0.000000000000000E+000   2.18307792692753     
 tk:  0.000000000000000E+000   22.1628728521831     
 tkh:  0.000000000000000E+000   22.1628728521831     
 qcl:  0.000000000000000E+000  1.392563042722306E-003
 qci:  0.000000000000000E+000  5.758691788376242E-003
 qpl:  0.000000000000000E+000  1.829455583863287E-003
 qpi:  0.000000000000000E+000  0.000000000000000E+000
 qrad(K/day):  -51.1946571275007        40.6843972651033     
 shf:   5.39164722011612        11.4808613858694     
 lhf:   52.7239930675687        103.466927010476     
 uw: -1.318491377525608E-002  1.515784770480884E-002
 vw: -1.283017029240758E-002  1.360976963465243E-002
 sst:   303.150000000000        303.150000000000     
 ===========================
 total water budget:
 before (mm):         53.73806091979
 after (mm):          53.73879808667
 evaporation (mm):     0.00080236823
 precipitation (mm):   0.00006520134
 large-scale (mm):     0.00000000000
 Imbalance (mm)       0.00000000000
 evap (mm/day):   2.31082049321412     
 prec (mm/day):  0.187779864761241     
 ls (mm/day):  0.000000000000000E+000
 imbalance (mm/day) -1.346341007429919E-011
  imbalance (rel error):  0.000000000000000E+000
 ===========================
NSTEP =        785   NCYCLE=  4  CFL_adv= 0.460  CFL_sgs= 0.019
NSTEP =        786   NCYCLE=  4  CFL_adv= 0.477  CFL_sgs= 0.020
 Let's do some shortwave
 Range of zenith angles  0.732661695834013       0.732661695834013     
 Range of surface albedo (asdir)  3.383449086658900E-002  3.383449086658900E-002
 Range of surface albedo (aldir)  3.383449086658900E-002  3.383449086658900E-002
 Range of surface albedo (asdif)  6.000000000000000E-002  6.000000000000000E-002
 Range of surface albedo (aldif)  6.000000000000000E-002  6.000000000000000E-002
 radiation: perpetual sun, solin=   310.282738970439     
 longwave radiation is called
NSTEP =        787   NCYCLE=  5  CFL_adv= 0.389  CFL_sgs= 0.017
 Collecting statistics...
 name QCSTRG is missing in "lst" file.
NSTEP =        788   NCYCLE=  5  CFL_adv= 0.390  CFL_sgs= 0.018
 DAY =   0.273611111111111     
 NSTEP=         788
 div:  4.287389874375257E-017 -4.470217447368492E-017
 SST=   303.150000000000     
 surface pressure=   1014.80000000000     
 u:  -6.04744503431917        6.24649271123838     
 v:  -6.92362943325478        5.75872732907081     
 w:  -1.77680026528413        10.3470401631293     
 p:  -23.6701386278773        20.6261148627671     
 t:   297.316562914226        473.508952074122     
 tabs:   199.537335169479        301.153763480675     
 qv:  3.939271079142012E-044  2.035051241703589E-002
 tke:  0.000000000000000E+000   3.80179773906237     
 tk:  0.000000000000000E+000   33.3521792037878     
 tkh:  0.000000000000000E+000   33.3521792037878     
 qcl:  0.000000000000000E+000  1.404859139638952E-003
 qci:  0.000000000000000E+000  5.715841186065927E-003
 qpl:  0.000000000000000E+000  2.592352703007217E-003
 qpi:  0.000000000000000E+000  0.000000000000000E+000
 qrad(K/day):  -51.7269549329070        42.3343117517266     
 shf:   5.41435679768257        11.7810810535371     
 lhf:   52.7926567507097        103.052976307181     
 uw: -1.331979159350575E-002  1.503801813270292E-002
 vw: -1.219483934027518E-002  1.321058041480532E-002
 sst:   303.150000000000        303.150000000000     
 ===========================
 total water budget:
 before (mm):         53.74100381766
 after (mm):          53.74173684624
 evaporation (mm):     0.00080241049
 precipitation (mm):   0.00006938191
 large-scale (mm):     0.00000000000
 Imbalance (mm)       0.00000000000
 evap (mm/day):   2.31094220308542     
 prec (mm/day):  0.199819905713826     
 ls (mm/day):  0.000000000000000E+000
 imbalance (mm/day) -4.317444839141427E-012
  imbalance (rel error):  0.000000000000000E+000
 ===========================
NSTEP =        789   NCYCLE=  5  CFL_adv= 0.400  CFL_sgs= 0.019
NSTEP =        790   NCYCLE=  5  CFL_adv= 0.395  CFL_sgs= 0.019
NSTEP =        791   NCYCLE=  5  CFL_adv= 0.426  CFL_sgs= 0.020
 Collecting statistics...
 name QCSTRG is missing in "lst" file.
NSTEP =        792   NCYCLE=  5  CFL_adv= 0.430  CFL_sgs= 0.021
 DAY =   0.275000000000000     
 NSTEP=         792
 div:  4.268625272923961E-017 -3.879075244763080E-017
 SST=   303.150000000000     
 surface pressure=   1014.80000000000     
 u:  -6.29892168405312        6.44892077016701     
 v:  -7.01435484820519        5.46616649244052     
 w:  -1.77308594507468        12.8987113860170     
 p:  -29.0490923988365        25.8732898855634     
 t:   295.218840914844        473.511978192298     
 tabs:   199.517171662330        301.144994738809     
 qv:  4.462089352873728E-044  2.036542098003363E-002
 tke:  0.000000000000000E+000   5.72538124908256     
 tk:  0.000000000000000E+000   49.1303650300263     
 tkh:  0.000000000000000E+000   49.1303650300263     
 qcl:  0.000000000000000E+000  1.474451400368055E-003
 qci:  0.000000000000000E+000  5.667624431896337E-003
 qpl:  0.000000000000000E+000  3.294130083208704E-003
 qpi:  0.000000000000000E+000  0.000000000000000E+000
 qrad(K/day):  -51.7269549329070        42.3343117517266     
 shf:   5.44038695738593        16.2916035154254     
 lhf:   52.6806078267605        103.006082543270     
 uw: -1.469360826173462E-002  1.697145210659642E-002
 vw: -1.247486847539128E-002  1.295225257463679E-002
 sst:   303.150000000000        303.150000000000     
 ===========================
 total water budget:
 before (mm):         53.74392804585
 after (mm):          53.74465626019
 evaporation (mm):     0.00080242839
 precipitation (mm):   0.00007421404
 large-scale (mm):     0.00000000000
 Imbalance (mm)       0.00000000000
 evap (mm/day):   2.31099375668872     
 prec (mm/day):  0.213736438153235     
 ls (mm/day):  0.000000000000000E+000
 imbalance (mm/day)  6.540674252208944E-011
  imbalance (rel error):  5.288285647005779E-016
 ===========================
 Let's do some shortwave
 Range of zenith angles  0.732661695834013       0.732661695834013     
 Range of surface albedo (asdir)  3.383449086658900E-002  3.383449086658900E-002
 Range of surface albedo (aldir)  3.383449086658900E-002  3.383449086658900E-002
 Range of surface albedo (asdif)  6.000000000000000E-002  6.000000000000000E-002
 Range of surface albedo (aldif)  6.000000000000000E-002  6.000000000000000E-002
 radiation: perpetual sun, solin=   310.282738968375     
 longwave radiation is called
NSTEP =        793   NCYCLE=  5  CFL_adv= 0.446  CFL_sgs= 0.021
NSTEP =        794   NCYCLE=  5  CFL_adv= 0.464  CFL_sgs= 0.021
NSTEP =        795   NCYCLE=  5  CFL_adv= 0.468  CFL_sgs= 0.022
 Collecting statistics...
 name QCSTRG is missing in "lst" file.
NSTEP =        796   NCYCLE=  6  CFL_adv= 0.412  CFL_sgs= 0.018
 DAY =   0.276388888888889     
 NSTEP=         796
 div:  4.750948048893168E-017 -4.036336679529268E-017
 SST=   303.150000000000     
 surface pressure=   1014.80000000000     
 u:  -6.30307906678494        6.10640116356901     
 v:  -6.88360167093310        5.85881275433004     
 w:  -2.22416808309814        16.3480401886099     
 p:  -41.1696955044179        36.1872862219564     
 t:   292.568884003794        473.515392390589     
 tabs:   199.503538602304        301.138888149279     
 qv:  5.598732126194346E-044  2.037491334277871E-002
 tke:  0.000000000000000E+000   9.56416718476624     
 tk:  0.000000000000000E+000   67.5488201646929     
 tkh:  0.000000000000000E+000   67.5488201646929     
 qcl:  0.000000000000000E+000  1.432843581104652E-003
 qci:  0.000000000000000E+000  5.614220192348782E-003
 qpl:  0.000000000000000E+000  4.448511420795862E-003
 qpi:  0.000000000000000E+000  0.000000000000000E+000
 qrad(K/day):  -51.6006766805595        41.9063440901187     
 shf:   5.47155059772812        14.7291431319204     
 lhf:   52.5974644519735        109.712051211381     
 uw: -1.641841206839961E-002  1.636776254272898E-002
 vw: -1.244856888338753E-002  1.346877479427664E-002
 sst:   303.150000000000        303.150000000000     
 ===========================
 total water budget:
 before (mm):         53.74683862606
 after (mm):          53.74756576936
 evaporation (mm):     0.00080242686
 precipitation (mm):   0.00007528356
 large-scale (mm):     0.00000000000
 Imbalance (mm)      -0.00000000000
 evap (mm/day):   2.31098936060778     
 prec (mm/day):  0.216816646564293     
 ls (mm/day):  0.000000000000000E+000
 imbalance (mm/day) -2.459626252671043E-011
  imbalance (rel error): -1.321999844251778E-016
 ===========================
NSTEP =        797   NCYCLE=  6  CFL_adv= 0.432  CFL_sgs= 0.018
NSTEP =        798   NCYCLE=  6  CFL_adv= 0.435  CFL_sgs= 0.019
 Let's do some shortwave
 Range of zenith angles  0.732661695834013       0.732661695834013     
 Range of surface albedo (asdir)  3.383449086658900E-002  3.383449086658900E-002
 Range of surface albedo (aldir)  3.383449086658900E-002  3.383449086658900E-002
 Range of surface albedo (asdif)  6.000000000000000E-002  6.000000000000000E-002
 Range of surface albedo (aldif)  6.000000000000000E-002  6.000000000000000E-002
 radiation: perpetual sun, solin=   310.282738967028     
 longwave radiation is called
NSTEP =        799   NCYCLE=  6  CFL_adv= 0.444  CFL_sgs= 0.020
 Collecting statistics...
 name QCSTRG is missing in "lst" file.
NSTEP =        800   NCYCLE=  6  CFL_adv= 0.448  CFL_sgs= 0.021
 DAY =   0.277777777777778     
 NSTEP=         800
 div:  5.366321864919114E-017 -4.873044141902850E-017
 SST=   303.150000000000     
 surface pressure=   1014.80000000000     
 u:  -6.35290645644204        6.13325079999705     
 v:  -6.63850128792427        6.90174333607453     
 w:  -2.71484138711000        19.4190547735700     
 p:  -41.3051222677128        43.9127138852605     
 t:   292.355340780511        473.518882714931     
 tabs:   199.498747087762        301.131379841758     
 qv:  7.853501963799406E-044  2.037319892022384E-002
 tke:  0.000000000000000E+000   13.7528599845044     
 tk:  0.000000000000000E+000   90.7603684457691     
 tkh:  0.000000000000000E+000   90.7603684457691     
 qcl:  0.000000000000000E+000  1.510380781896667E-003
 qci:  0.000000000000000E+000  5.556046772018429E-003
 qpl:  0.000000000000000E+000  5.895083693733301E-003
 qpi:  0.000000000000000E+000  0.000000000000000E+000
 qrad(K/day):  -52.3573511171898        42.3510197345913     
 shf:   5.50854020003571        23.8761542361746     
 lhf:   52.6071675265875        117.332735834645     
 uw: -1.584211219892231E-002  1.644385547266549E-002
 vw: -1.319570068193281E-002  1.433947512040932E-002
 sst:   303.150000000000        303.150000000000     
 ===========================
 total water budget:
 before (mm):         53.74973572802
 after (mm):          53.75045453461
 evaporation (mm):     0.00080241717
 precipitation (mm):   0.00008361059
 large-scale (mm):     0.00000000000
 Imbalance (mm)       0.00000000000
 evap (mm/day):   2.31096145227262     
 prec (mm/day):  0.240798486944133     
 ls (mm/day):  0.000000000000000E+000
 imbalance (mm/day)  4.100173325860546E-011
  imbalance (rel error):  2.643857589344053E-016
 ===========================
NSTEP =        801   NCYCLE=  6  CFL_adv= 0.464  CFL_sgs= 0.022
NSTEP =        802   NCYCLE=  6  CFL_adv= 0.462  CFL_sgs= 0.023
NSTEP =        803   NCYCLE=  7  CFL_adv= 0.438  CFL_sgs= 0.021
 Collecting statistics...
 name QCSTRG is missing in "lst" file.
NSTEP =        804   NCYCLE=  7  CFL_adv= 0.474  CFL_sgs= 0.022
 DAY =   0.279166666666667     
 NSTEP=         804
 div:  4.463420920077953E-017 -3.815669199196125E-017
 SST=   303.150000000000     
 surface pressure=   1014.80000000000     
 u:  -6.81045376261766        6.68115717875055     
 v:  -6.76673777141695        6.92003365236253     
 w:  -2.60150399377004        25.1705606064300     
 p:  -80.5558530369082        65.9469691799458     
 t:   284.411037257666        473.522258361619     
 tabs:   199.503842056730        301.124651025452     
 qv:  1.148918368971349E-043  2.035615106624116E-002
 tke:  0.000000000000000E+000   22.8942479193622     
 tk:  0.000000000000000E+000   118.360789684871     
 tkh:  0.000000000000000E+000   118.360789684871     
 qcl:  0.000000000000000E+000  1.489063109959861E-003
 qci:  0.000000000000000E+000  5.494168368352866E-003
 qpl:  0.000000000000000E+000  8.511857117094422E-003
 qpi:  0.000000000000000E+000  0.000000000000000E+000
 qrad(K/day):  -52.3573511171898        42.3510197345913     
 shf:   5.56400540350985        16.7982394424194     
 lhf:   52.7440983021016        121.154365595085     
 uw: -1.438148990660046E-002  2.183502091785912E-002
 vw: -1.382858461306006E-002  1.511053761244309E-002
 sst:   303.150000000000        303.150000000000     
 ===========================
 total water budget:
 before (mm):         53.75261799576
 after (mm):          53.75334110452
 evaporation (mm):     0.00080242011
 precipitation (mm):   0.00007931136
 large-scale (mm):     0.00000000000
 Imbalance (mm)       0.00000000000
 evap (mm/day):   2.31096992344359     
 prec (mm/day):  0.228416710481085     
 ls (mm/day):  0.000000000000000E+000
 imbalance (mm/day)  9.819008887218538E-011
  imbalance (rel error):  6.609289033573989E-016
 ===========================
 Let's do some shortwave
 Range of zenith angles  0.732661695834013       0.732661695834013     
 Range of surface albedo (asdir)  3.383449086658900E-002  3.383449086658900E-002
 Range of surface albedo (aldir)  3.383449086658900E-002  3.383449086658900E-002
 Range of surface albedo (asdif)  6.000000000000000E-002  6.000000000000000E-002
 Range of surface albedo (aldif)  6.000000000000000E-002  6.000000000000000E-002
 radiation: perpetual sun, solin=   310.282738966334     
 longwave radiation is called
NSTEP =        805   NCYCLE=  7  CFL_adv= 0.474  CFL_sgs= 0.025
NSTEP =        806   NCYCLE=  8  CFL_adv= 0.421  CFL_sgs= 0.022
NSTEP =        807   NCYCLE=  7  CFL_adv= 0.474  CFL_sgs= 0.024
 Collecting statistics...
 name QCSTRG is missing in "lst" file.
NSTEP =        808   NCYCLE=  8  CFL_adv= 0.419  CFL_sgs= 0.022
 DAY =   0.280555555555556     
 NSTEP=         808
 div:  4.488324105034244E-017 -3.188730639910914E-017
 SST=   303.150000000000     
 surface pressure=   1014.80000000000     
 u:  -6.76794170593533        6.91449268697116     
 v:  -7.52516064407406        6.88009630531852     
 w:  -3.99509220356752        25.0667040235578     
 p:  -57.8024883706451        43.9868707088384     
 t:   277.926534827744        473.525513142616     
 tabs:   199.530871154368        301.129111564771     
 qv:  1.173630436858655E-043  2.031914764755075E-002
 tke:  0.000000000000000E+000   22.2965117416039     
 tk:  0.000000000000000E+000   118.047955672694     
 tkh:  0.000000000000000E+000   118.047955672694     
 qcl:  0.000000000000000E+000  1.650495524376087E-003
 qci:  0.000000000000000E+000  5.429865651986538E-003
 qpl:  0.000000000000000E+000  1.049905032155163E-002
 qpi:  0.000000000000000E+000  0.000000000000000E+000
 qrad(K/day):  -53.1813684188204        41.8388678567533     
 shf:   5.54728856850968        16.7312728261275     
 lhf:   53.0468244576667        120.812689869600     
 uw: -1.477095068518718E-002  2.557028157827382E-002
 vw: -1.385634118926842E-002  1.689637691555288E-002
 sst:   303.150000000000        303.150000000000     
 ===========================
 total water budget:
 before (mm):         53.75550726918
 after (mm):          53.75622958185
 evaporation (mm):     0.00080245012
 precipitation (mm):   0.00008013744
 large-scale (mm):     0.00000000000
 Imbalance (mm)       0.00000000000
 evap (mm/day):   2.31105633594666     
 prec (mm/day):  0.230795832192215     
 ls (mm/day):  0.000000000000000E+000
 imbalance (mm/day)  4.668312611477710E-011
  imbalance (rel error):  3.965360338441528E-016
 ===========================
NSTEP =        809   NCYCLE=  7  CFL_adv= 0.473  CFL_sgs= 0.024
NSTEP =        810   NCYCLE=  7  CFL_adv= 0.458  CFL_sgs= 0.025
 Let's do some shortwave
 Range of zenith angles  0.732661695834013       0.732661695834013     
 Range of surface albedo (asdir)  3.383449086658900E-002  3.383449086658900E-002
 Range of surface albedo (aldir)  3.383449086658900E-002  3.383449086658900E-002
 Range of surface albedo (asdif)  6.000000000000000E-002  6.000000000000000E-002
 Range of surface albedo (aldif)  6.000000000000000E-002  6.000000000000000E-002
 radiation: perpetual sun, solin=   310.282738966148     
 longwave radiation is called
NSTEP =        811   NCYCLE=  7  CFL_adv= 0.454  CFL_sgs= 0.023
 Collecting statistics...
 name QCSTRG is missing in "lst" file.
NSTEP =        812   NCYCLE=  7  CFL_adv= 0.434  CFL_sgs= 0.025
 DAY =   0.281944444444444     
 NSTEP=         812
 div:  4.573113219733852E-017 -3.742165508859901E-017
 SST=   303.150000000000     
 surface pressure=   1014.80000000000     
 u:  -7.03937127574156        6.18940820304830     
 v:  -7.58426613117630        7.48437568736302     
 w:  -5.59402013389232        22.4126992165967     
 p:  -35.1614866268705        25.4097148354920     
 t:   281.793206584569        473.528566421621     
 tabs:   199.583997399435        301.133806314835     
 qv:  1.299041016141532E-043  2.025708102362395E-002
 tke:  0.000000000000000E+000   18.7104989211829     
 tk:  0.000000000000000E+000   108.139085559937     
 tkh:  0.000000000000000E+000   108.139085559937     
 qcl:  0.000000000000000E+000  1.945243345775591E-003
 qci:  0.000000000000000E+000  5.372094068638329E-003
 qpl:  0.000000000000000E+000  7.642578595333905E-003
 qpi:  0.000000000000000E+000  0.000000000000000E+000
 qrad(K/day):  -55.7768568587507        41.3181795589596     
 shf:   5.53373701641583        21.2080793678777     
 lhf:   53.5528553898507        118.675778393240     
 uw: -1.937922755667127E-002  2.708145546549672E-002
 vw: -1.506823290298297E-002  1.816260272512999E-002
 sst:   303.150000000000        303.150000000000     
 ===========================
 total water budget:
 before (mm):         53.75840096393
 after (mm):          53.75912219558
 evaporation (mm):     0.00080248057
 precipitation (mm):   0.00008124892
 large-scale (mm):     0.00000000000
 Imbalance (mm)       0.00000000000
 evap (mm/day):   2.31114404089876     
 prec (mm/day):  0.233996895606690     
 ls (mm/day):  0.000000000000000E+000
 imbalance (mm/day) -1.169252195065695E-011
  imbalance (rel error):  0.000000000000000E+000
 ===========================
NSTEP =        813   NCYCLE=  7  CFL_adv= 0.419  CFL_sgs= 0.022
NSTEP =        814   NCYCLE=  6  CFL_adv= 0.463  CFL_sgs= 0.026
NSTEP =        815   NCYCLE=  6  CFL_adv= 0.448  CFL_sgs= 0.026
 Collecting statistics...
 name QCSTRG is missing in "lst" file.
NSTEP =        816   NCYCLE=  6  CFL_adv= 0.436  CFL_sgs= 0.026
 DAY =   0.283333333333333     
 NSTEP=         816
 div:  5.791777384562888E-017 -4.402395664545974E-017
 SST=   303.150000000000     
 surface pressure=   1014.80000000000     
 u:  -6.68001356313290        6.36071106281694     
 v:  -7.15942156080055        6.27873068362066     
 w:  -4.93696959890436        18.1280221789728     
 p:  -22.6784142298065        27.1457608546121     
 t:   293.275283117347        473.531221732940     
 tabs:   199.667974156657        301.136749369292     
 qv:  1.495429249451914E-043  2.016651410572278E-002
 tke:  0.000000000000000E+000   15.9153172732920     
 tk:  0.000000000000000E+000   99.7350153948328     
 tkh:  0.000000000000000E+000   99.7350153948328     
 qcl:  0.000000000000000E+000  2.038748535389926E-003
 qci:  0.000000000000000E+000  5.321026346026309E-003
 qpl:  0.000000000000000E+000  4.747582366269629E-003
 qpi:  0.000000000000000E+000  0.000000000000000E+000
 qrad(K/day):  -55.7768568587507        41.3181795589596     
 shf:   5.52348422708187        31.9080040471105     
 lhf:   54.2919632366977        133.683056100969     
 uw: -2.317967509728595E-002  2.674997271401402E-002
 vw: -1.386213568188415E-002  1.497755716132657E-002
 sst:   303.150000000000        303.150000000000     
 ===========================
 total water budget:
 before (mm):         53.76122437053
 after (mm):          53.76193211303
 evaporation (mm):     0.00080249216
 precipitation (mm):   0.00009474966
 large-scale (mm):     0.00000000000
 Imbalance (mm)       0.00000000000
 evap (mm/day):   2.31117743182494     
 prec (mm/day):  0.272879025373013     
 ls (mm/day):  0.000000000000000E+000
 imbalance (mm/day)  8.012223697007048E-012
  imbalance (rel error):  0.000000000000000E+000
 ===========================
 Let's do some shortwave
 Range of zenith angles  0.732661695834013       0.732661695834013     
 Range of surface albedo (asdir)  3.383449086658900E-002  3.383449086658900E-002
 Range of surface albedo (aldir)  3.383449086658900E-002  3.383449086658900E-002
 Range of surface albedo (asdif)  6.000000000000000E-002  6.000000000000000E-002
 Range of surface albedo (aldif)  6.000000000000000E-002  6.000000000000000E-002
 radiation: perpetual sun, solin=   310.282738966284     
 longwave radiation is called
NSTEP =        817   NCYCLE=  6  CFL_adv= 0.404  CFL_sgs= 0.026
NSTEP =        818   NCYCLE=  5  CFL_adv= 0.436  CFL_sgs= 0.031
NSTEP =        819   NCYCLE=  5  CFL_adv= 0.413  CFL_sgs= 0.030
 Collecting statistics...
 name QCSTRG is missing in "lst" file.
NSTEP =        820   NCYCLE=  5  CFL_adv= 0.449  CFL_sgs= 0.029
 DAY =   0.284722222222222     
 NSTEP=         820
 div:  7.387947380875511E-017 -5.191444179657506E-017
 SST=   303.150000000000     
 surface pressure=   1014.80000000000     
 u:  -7.21661534332075        6.55591751948401     
 v:  -6.89341384371818        6.93177711704633     
 w:  -3.95084142151868        13.1220242466960     
 p:  -33.3950733355135        30.1551138339122     
 t:   296.886606892073        473.533320185075     
 tabs:   199.792371205612        301.137122861275     
 qv:  1.590750833160718E-043  2.011579412799980E-002
 tke:  0.000000000000000E+000   7.88004773884269     
 tk:  0.000000000000000E+000   60.4443621283830     
 tkh:  0.000000000000000E+000   60.4443621283830     
 qcl:  0.000000000000000E+000  2.020866504537058E-003
 qci:  0.000000000000000E+000  5.265289050296129E-003
 qpl:  0.000000000000000E+000  5.013486002698930E-003
 qpi:  0.000000000000000E+000  0.000000000000000E+000
 qrad(K/day):  -57.4822977051710        41.1686951026066     
 shf:   5.51581741305084        22.3730839630801     
 lhf:   54.7646901902174        140.770600010150     
 uw: -2.081881300318742E-002  2.756081782057156E-002
 vw: -1.360325858098548E-002  1.839513620778941E-002
 sst:   303.150000000000        303.150000000000     
 ===========================
 total water budget:
 before (mm):         53.76408074686
 after (mm):          53.76480032670
 evaporation (mm):     0.00080246949
 precipitation (mm):   0.00008288965
 large-scale (mm):     0.00000000000
 Imbalance (mm)       0.00000000000
 evap (mm/day):   2.31111212777957     
 prec (mm/day):  0.238722199604170     
 ls (mm/day):  0.000000000000000E+000
 imbalance (mm/day)  2.500733994881266E-013
  imbalance (rel error):  0.000000000000000E+000
 ===========================
NSTEP =        821   NCYCLE=  5  CFL_adv= 0.462  CFL_sgs= 0.028
NSTEP =        822   NCYCLE=  6  CFL_adv= 0.409  CFL_sgs= 0.023
 Let's do some shortwave
 Range of zenith angles  0.732661695834013       0.732661695834013     
 Range of surface albedo (asdir)  3.383449086658900E-002  3.383449086658900E-002
 Range of surface albedo (aldir)  3.383449086658900E-002  3.383449086658900E-002
 Range of surface albedo (asdif)  6.000000000000000E-002  6.000000000000000E-002
 Range of surface albedo (aldif)  6.000000000000000E-002  6.000000000000000E-002
 radiation: perpetual sun, solin=   310.282738966562     
 longwave radiation is called
NSTEP =        823   NCYCLE=  6  CFL_adv= 0.416  CFL_sgs= 0.021
 Collecting statistics...
 name QCSTRG is missing in "lst" file.
NSTEP =        824   NCYCLE=  6  CFL_adv= 0.438  CFL_sgs= 0.022
 DAY =   0.286111111111111     
 NSTEP=         824
 div:  6.415999654727715E-017 -4.751616549424608E-017
 SST=   303.150000000000     
 surface pressure=   1014.80000000000     
 u:  -7.00647719429946        6.70507891957061     
 v:  -7.44704178693095        6.08585141437275     
 w:  -4.21635995429036        16.2888076043821     
 p:  -44.9043314180269        37.1577081489108     
 t:   295.576024571707        473.535018236727     
 tabs:   199.852068046728        301.135050819052     
 qv:  1.624995429893053E-043  2.014977370967960E-002
 tke:  0.000000000000000E+000   11.0612157966712     
 tk:  0.000000000000000E+000   83.1460153760811     
 tkh:  0.000000000000000E+000   83.1460153760811     
 qcl:  0.000000000000000E+000  1.906103402993773E-003
 qci:  0.000000000000000E+000  5.208308038068985E-003
 qpl:  0.000000000000000E+000  4.227196067426432E-003
 qpi:  0.000000000000000E+000  0.000000000000000E+000
 qrad(K/day):  -58.3688598751511        40.3236051008105     
 shf:   5.51256468906373        22.0526824341459     
 lhf:   54.4775580627007        136.087647600817     
 uw: -1.733234189714188E-002  2.838991136452261E-002
 vw: -1.765804994920339E-002  2.048536896685089E-002
 sst:   303.150000000000        303.150000000000     
 ===========================
 total water budget:
 before (mm):         53.76695923895
 after (mm):          53.76767621391
 evaporation (mm):     0.00080245947
 precipitation (mm):   0.00008548450
 large-scale (mm):     0.00000000000
 Imbalance (mm)       0.00000000000
 evap (mm/day):   2.31108326600772     
 prec (mm/day):  0.246195360627966     
 ls (mm/day):  0.000000000000000E+000
 imbalance (mm/day)  2.585744118821509E-011
  imbalance (rel error):  1.321505383519290E-016
 ===========================
NSTEP =        825   NCYCLE=  6  CFL_adv= 0.434  CFL_sgs= 0.020
NSTEP =        826   NCYCLE=  6  CFL_adv= 0.443  CFL_sgs= 0.020
NSTEP =        827   NCYCLE=  6  CFL_adv= 0.426  CFL_sgs= 0.022
 Collecting statistics...
 name QCSTRG is missing in "lst" file.
NSTEP =        828   NCYCLE=  6  CFL_adv= 0.424  CFL_sgs= 0.024
 DAY =   0.287500000000000     
 NSTEP=         828
 div:  5.870718628044024E-017 -4.864144242236533E-017
 SST=   303.150000000000     
 surface pressure=   1014.80000000000     
 u:  -7.99016029607451        6.15827536297718     
 v:  -7.54714911997327        6.48457554824073     
 w:  -5.54237701760743        17.6843541920235     
 p:  -43.8763878172990        36.5443520973067     
 t:   293.896008694976        473.536581032074     
 tabs:   199.898336692769        301.130229023398     
 qv:  1.647025012111852E-043  2.017286406397848E-002
 tke:  0.000000000000000E+000   11.0841210232825     
 tk:  0.000000000000000E+000   79.7275340032014     
 tkh:  0.000000000000000E+000   79.7275340032014     
 qcl:  0.000000000000000E+000  1.822630317642696E-003
 qci:  0.000000000000000E+000  5.151950325368132E-003
 qpl:  0.000000000000000E+000  4.021385309650028E-003
 qpi:  0.000000000000000E+000  0.000000000000000E+000
 qrad(K/day):  -58.3688598751511        40.3236051008105     
 shf:   5.51523013675723        28.3801403959147     
 lhf:   54.2811420462440        132.746416837259     
 uw: -2.787974859204170E-002  2.715293142251777E-002
 vw: -2.858742221020345E-002  2.264505836074685E-002
 sst:   303.150000000000        303.150000000000     
 ===========================
 total water budget:
 before (mm):         53.76980923997
 after (mm):          53.77051558874
 evaporation (mm):     0.00080247877
 precipitation (mm):   0.00009613000
 large-scale (mm):     0.00000000000
 Imbalance (mm)      -0.00000000000
 evap (mm/day):   2.31113886381824     
 prec (mm/day):  0.276854409832741     
 ls (mm/day):  0.000000000000000E+000
 imbalance (mm/day) -2.137602594931565E-011
  imbalance (rel error): -1.321435600868378E-016
 ===========================
 Let's do some shortwave
 Range of zenith angles  0.732661695834013       0.732661695834013     
 Range of surface albedo (asdir)  3.383449086658900E-002  3.383449086658900E-002
 Range of surface albedo (aldir)  3.383449086658900E-002  3.383449086658900E-002
 Range of surface albedo (asdif)  6.000000000000000E-002  6.000000000000000E-002
 Range of surface albedo (aldif)  6.000000000000000E-002  6.000000000000000E-002
 radiation: perpetual sun, solin=   310.282738966864     
 longwave radiation is called
NSTEP =        829   NCYCLE=  6  CFL_adv= 0.410  CFL_sgs= 0.026
NSTEP =        830   NCYCLE=  6  CFL_adv= 0.423  CFL_sgs= 0.028
NSTEP =        831   NCYCLE=  6  CFL_adv= 0.453  CFL_sgs= 0.030
 Collecting statistics...
 name QCSTRG is missing in "lst" file.
NSTEP =        832   NCYCLE=  6  CFL_adv= 0.476  CFL_sgs= 0.032
 DAY =   0.288888888888889     
 NSTEP=         832
 div:  4.641435870846824E-017 -4.293493657219750E-017
 SST=   303.150000000000     
 surface pressure=   1014.80000000000     
 u:  -7.75322285707106        6.62621856397706     
 v:  -7.85514768966940        6.71979756348402     
 w:  -5.56562143845373        18.0587720108477     
 p:  -53.9636747312527        42.9939441974371     
 t:   293.811438795490        473.538248779027     
 tabs:   199.969155017423        301.124915169327     
 qv:  1.660052357934577E-043  2.018208495337978E-002
 tke:  0.000000000000000E+000   11.7369039314701     
 tk:  0.000000000000000E+000   81.6515179096375     
 tkh:  0.000000000000000E+000   81.6515179096375     
 qcl:  0.000000000000000E+000  2.131538683417481E-003
 qci:  0.000000000000000E+000  5.100467439941975E-003
 qpl:  0.000000000000000E+000  4.256448581509347E-003
 qpi:  0.000000000000000E+000  0.000000000000000E+000
 qrad(K/day):  -59.3299646928371        40.0717794230998     
 shf:   5.52404124044246        29.6159530568824     
 lhf:   54.1992380920167        138.572118978418     
 uw: -3.665349470643877E-002  3.925949520312237E-002
 vw: -3.439358226018915E-002  3.524250105798820E-002
 sst:   303.150000000000        303.150000000000     
 ===========================
 total water budget:
 before (mm):         53.77263233979
 after (mm):          53.77333882927
 evaporation (mm):     0.00080252229
 precipitation (mm):   0.00009603280
 large-scale (mm):     0.00000000000
 Imbalance (mm)       0.00000000000
 evap (mm/day):   2.31126418175410     
 prec (mm/day):  0.276574476577244     
 ls (mm/day):  0.000000000000000E+000
 imbalance (mm/day)  3.357907701895257E-011
  imbalance (rel error):  1.321366222052927E-016
 ===========================
NSTEP =        833   NCYCLE=  6  CFL_adv= 0.464  CFL_sgs= 0.034
NSTEP =        834   NCYCLE=  6  CFL_adv= 0.453  CFL_sgs= 0.034
 Let's do some shortwave
 Range of zenith angles  0.732661695834013       0.732661695834013     
 Range of surface albedo (asdir)  3.383449086658900E-002  3.383449086658900E-002
 Range of surface albedo (aldir)  3.383449086658900E-002  3.383449086658900E-002
 Range of surface albedo (asdif)  6.000000000000000E-002  6.000000000000000E-002
 Range of surface albedo (aldif)  6.000000000000000E-002  6.000000000000000E-002
 radiation: perpetual sun, solin=   310.282738967139     
 longwave radiation is called
NSTEP =        835   NCYCLE=  6  CFL_adv= 0.444  CFL_sgs= 0.031
 Collecting statistics...
 name QCSTRG is missing in "lst" file.
NSTEP =        836   NCYCLE=  6  CFL_adv= 0.420  CFL_sgs= 0.030
 DAY =   0.290277777777778     
 NSTEP=         836
 div:  5.814270260063866E-017 -5.369605751534512E-017
 SST=   303.150000000000     
 surface pressure=   1014.80000000000     
 u:  -9.29093881484733        7.94596031715021     
 v:  -7.22474594805583        6.69765260644063     
 w:  -3.81723202322289        17.9940041444178     
 p:  -40.2086299332808        31.5767866153615     
 t:   290.347505398101        473.540011121448     
 tabs:   200.048710764556        301.120025943575     
 qv:  1.774771042975237E-043  2.017540338072214E-002
 tke:  0.000000000000000E+000   11.8604547133311     
 tk:  0.000000000000000E+000   86.0975272341311     
 tkh:  0.000000000000000E+000   86.0975272341311     
 qcl:  0.000000000000000E+000  2.164439472425666E-003
 qci:  0.000000000000000E+000  5.072063400580937E-003
 qpl:  0.000000000000000E+000  5.368107904124618E-003
 qpi:  0.000000000000000E+000  0.000000000000000E+000
 qrad(K/day):  -60.7657047988299        39.9662776241106     
 shf:   5.53937610799809        31.0950752800176     
 lhf:   54.2492043595628        149.722310115221     
 uw: -2.767509029966472E-002  4.186574281189223E-002
 vw: -2.882682768216576E-002  2.952748209245201E-002
 sst:   303.150000000000        303.150000000000     
 ===========================
 total water budget:
 before (mm):         53.77546680641
 after (mm):          53.77617879955
 evaporation (mm):     0.00080259546
 precipitation (mm):   0.00009060232
 large-scale (mm):     0.00000000000
 Imbalance (mm)       0.00000000000
 evap (mm/day):   2.31147492555092     
 prec (mm/day):  0.260934679801302     
 ls (mm/day):  0.000000000000000E+000
 imbalance (mm/day)  1.195137738774221E-011
  imbalance (rel error):  1.321296439467394E-016
 ===========================
NSTEP =        837   NCYCLE=  6  CFL_adv= 0.413  CFL_sgs= 0.031
NSTEP =        838   NCYCLE=  5  CFL_adv= 0.475  CFL_sgs= 0.035
NSTEP =        839   NCYCLE=  5  CFL_adv= 0.464  CFL_sgs= 0.034
 Collecting statistics...
 name QCSTRG is missing in "lst" file.
 Writting statistics:nstatsteps=          15
 --------------- ISCCP Simulator Diagnostics: -----------------
 ISCCP PDF:
            0.0       0.3       1.3       3.6       9.4      23.0      60.0
    0.     0.161     0.071     0.031     0.020     0.017     0.019     0.056
  180.     0.000     0.000     0.002     0.003     0.001     0.000     0.000
  310.     0.000     0.001     0.001     0.001     0.000     0.000     0.000
  440.     0.000     0.001     0.001     0.000     0.000     0.000     0.000
  560.     0.000     0.001     0.001     0.000     0.000     0.000     0.000
  680.     0.000     0.001     0.001     0.000     0.000     0.000     0.000
  800.     0.004     0.027     0.022     0.008     0.002     0.000     0.000
 low cld area (tau > 0.3)=  6.120707194010417E-002
 mid cld area (tau > 0.3)=  4.312133789062500E-003
 hgh cld area (tau > 0.3)=  0.221596272786458     
 total cld area (tau > 0.3)=  0.287115478515625     
 mean albedo cld (tau > 0.3)   0.402541978573348     
 mean tau cld (tau > 0.3)    5.49524127832093     
 mean top pressure (tau > 0.3)   294.619906769956     
 mean brightness temp (tau > 0.3)   254.313534637622     
 mean clearsky brightness temp (tau > 0.3)   296.602522724743     
 --------------- MODIS Simulator Diagnostics: -----------------
 MODIS PDF:
                      0.3       1.3       3.6       9.4      23.0      60.0
    0.               0.070     0.034     0.023     0.018     0.019     0.056
  180.               0.000     0.001     0.000     0.000     0.000     0.000
  310.               0.000     0.000     0.000     0.000     0.000     0.000
  440.               0.000     0.001     0.000     0.000     0.000     0.000
  560.               0.001     0.001     0.000     0.000     0.000     0.000
  680.               0.001     0.001     0.000     0.000     0.000     0.000
  800.               0.026     0.022     0.008     0.002     0.000     0.000
 low cld area =  6.062418619791667E-002
 mid cld area =  3.643798828125000E-003
 hgh cld area =  0.221656290690104     
 total cld area =  0.285924275716146     
 mean tau cld    53.7495787972362     
 mean top pressure    294.226064613594     
 total cld area (liquid) =  6.148986816406250E-002
 total cld area (ice) =  0.221236165364583     
 mean tau (liquid) =   2.50786118429642     
 mean tau (ice) =   68.7391213436835     
 mean lwp (g/m2) =   28.0544801515597     
 mean iwp (g/m2) =   837.013668573291     
 mean reff (liquid)  =   13.4709851279064     
 mean reff (ice)  =   21.1742253031004     
 --------------- MISR Simulator Diagnostics: -----------------
 MISR PDF:
            0.0       0.3       1.3       3.6       9.4      23.0      60.0
 99.00     0.000     0.000     0.000     0.000     0.000     0.000     0.000
 17.00     0.000     0.000     0.000     0.000     0.000     0.000     0.026
 15.00     0.000     0.008     0.025     0.022     0.018     0.019     0.030
 13.00     0.000     0.027     0.001     0.000     0.000     0.000     0.000
 11.00     0.000     0.007     0.002     0.000     0.000     0.000     0.000
  9.00     0.000     0.003     0.006     0.000     0.000     0.000     0.000
  7.00     0.000     0.000     0.000     0.000     0.000     0.000     0.000
  5.00     0.000     0.000     0.000     0.000     0.000     0.000     0.000
  4.00     0.000     0.000     0.000     0.000     0.000     0.000     0.000
  3.00     0.000     0.000     0.000     0.000     0.000     0.000     0.000
  2.50     0.000     0.000     0.000     0.000     0.000     0.000     0.000
  2.00     0.000     0.000     0.000     0.000     0.000     0.000     0.000
  1.50     0.000     0.000     0.000     0.000     0.001     0.000     0.000
  1.00     0.000     0.005     0.025     0.009     0.001     0.000     0.000
  0.50     0.000     0.021     0.002     0.000     0.000     0.000     0.000
  0.00     0.019     0.030     0.000     0.000     0.000     0.000     0.000
 total cld area =  0.259056599934896     
 mean top height (m)   10454.0782271731     
 Writting history file 
 rcemip300sst_16_nCat6_MaxIce200                                                
  
 Writting 2D data. file:./OUT_2D/bubble_rcemip300sst_16_nCat6_MaxIce200_64.2Dbin
                                                                 
 Writting 3D data. file:./OUT_3D/bubble_rcemip300sst_16_nCat6_MaxIce200_64_00000
 00840.bin3D                                                     
NSTEP =        840   NCYCLE=  5  CFL_adv= 0.471  CFL_sgs= 0.036
 DAY =   0.291666666666667     
 NSTEP=         840
 div:  7.593688242872829E-017 -6.063762162425030E-017
 SST=   303.150000000000     
 surface pressure=   1014.80000000000     
 u:  -11.4239090053247        8.59943592666393     
 v:  -8.06124389046078        6.91107425750984     
 w:  -3.48020583804574        16.0709971584755     
 p:  -36.1349095331164        26.8233843825453     
 t:   289.267693785154        473.541647424939     
 tabs:   200.081416242471        301.113780818522     
 qv:  1.899251714483868E-043  2.015159541724241E-002
 tke:  0.000000000000000E+000   11.2048791253128     
 tk:  0.000000000000000E+000   83.6842246383419     
 tkh:  0.000000000000000E+000   83.6842246383419     
 qcl:  0.000000000000000E+000  1.635292539257649E-003
 qci:  0.000000000000000E+000  5.041793216555767E-003
 qpl:  0.000000000000000E+000  4.996270143376835E-003
 qpi:  0.000000000000000E+000  0.000000000000000E+000
 qrad(K/day):  -60.7657047988299        39.9662776241106     
 shf:   5.54687607660767        30.8079817712012     
 lhf:   54.4390186010566        165.810853424311     
 uw: -2.433642926517828E-002  3.543672616128640E-002
 vw: -3.575703117758929E-002  3.000169167604470E-002
 sst:   303.150000000000        303.150000000000     
 ===========================
 total water budget:
 before (mm):         53.77832031433
 after (mm):          53.77903633974
 evaporation (mm):     0.00080266868
 precipitation (mm):   0.00008664326
 large-scale (mm):     0.00000000000
 Imbalance (mm)       0.00000000000
 evap (mm/day):   2.31168579747020     
 prec (mm/day):  0.249532599431953     
 ls (mm/day):  0.000000000000000E+000
 imbalance (mm/day) -7.750284788943240E-012
  imbalance (rel error):  0.000000000000000E+000
 ===========================
CPU TIME =     489.2844 OVER     0.50 MODEL HOURS
 Let's do some shortwave
 Range of zenith angles  0.732661695834013       0.732661695834013     
 Range of surface albedo (asdir)  3.383449086658900E-002  3.383449086658900E-002
 Range of surface albedo (aldir)  3.383449086658900E-002  3.383449086658900E-002
 Range of surface albedo (asdif)  6.000000000000000E-002  6.000000000000000E-002
 Range of surface albedo (aldif)  6.000000000000000E-002  6.000000000000000E-002
 radiation: perpetual sun, solin=   310.282738967058     
 longwave radiation is called
NSTEP =        841   NCYCLE=  5  CFL_adv= 0.449  CFL_sgs= 0.038
NSTEP =        842   NCYCLE=  5  CFL_adv= 0.451  CFL_sgs= 0.039
NSTEP =        843   NCYCLE=  5  CFL_adv= 0.465  CFL_sgs= 0.040
 Collecting statistics...
 name QCSTRG is missing in "lst" file.
NSTEP =        844   NCYCLE=  6  CFL_adv= 0.405  CFL_sgs= 0.032
 DAY =   0.293055555555556     
 NSTEP=         844
 div:  5.904614374508575E-017 -4.199216939244638E-017
 SST=   303.150000000000     
 surface pressure=   1014.80000000000     
 u:  -12.3966882384902        9.75567042997271     
 v:  -7.92527889171446        6.95978153251053     
 w:  -3.46956036279670        18.2465666033633     
 p:  -31.6792189559273        31.4851059048895     
 t:   293.097681568936        473.542986950671     
 tabs:   200.061365815281        301.113442397902     
 qv:  2.078469640671877E-043  2.013036931146946E-002
 tke:  0.000000000000000E+000   15.4548246174024     
 tk:  0.000000000000000E+000   98.2815617797992     
 tkh:  0.000000000000000E+000   98.2815617797992     
 qcl:  0.000000000000000E+000  1.768774684015221E-003
 qci:  0.000000000000000E+000  5.009061832496380E-003
 qpl:  0.000000000000000E+000  3.786582057824663E-003
 qpi:  0.000000000000000E+000  0.000000000000000E+000
 qrad(K/day):  -60.1679508817759        39.6337210760370     
 shf:   5.53290134791735        70.4366252775858     
 lhf:   54.6283257790048        169.735544421218     
 uw: -2.632865816647853E-002  3.949814667696454E-002
 vw: -3.423388612958971E-002  2.817937754939982E-002
 sst:   303.150000000000        303.150000000000     
 ===========================
 total water budget:
 before (mm):         53.78115973019
 after (mm):          53.78185646919
 evaporation (mm):     0.00080277097
 precipitation (mm):   0.00010603197
 large-scale (mm):     0.00000000000
 Imbalance (mm)       0.00000000000
 evap (mm/day):   2.31198038576540     
 prec (mm/day):  0.305372086929476     
 ls (mm/day):  0.000000000000000E+000
 imbalance (mm/day)  5.281712567306585E-013
  imbalance (rel error):  0.000000000000000E+000
 ===========================
NSTEP =        845   NCYCLE=  6  CFL_adv= 0.405  CFL_sgs= 0.031
NSTEP =        846   NCYCLE=  6  CFL_adv= 0.416  CFL_sgs= 0.028
 Let's do some shortwave
 Range of zenith angles  0.732661695834013       0.732661695834013     
 Range of surface albedo (asdir)  3.383449086658900E-002  3.383449086658900E-002
 Range of surface albedo (aldir)  3.383449086658900E-002  3.383449086658900E-002
 Range of surface albedo (asdif)  6.000000000000000E-002  6.000000000000000E-002
 Range of surface albedo (aldif)  6.000000000000000E-002  6.000000000000000E-002
 radiation: perpetual sun, solin=   310.282738966460     
 longwave radiation is called
NSTEP =        847   NCYCLE=  6  CFL_adv= 0.414  CFL_sgs= 0.026
 Collecting statistics...
 name QCSTRG is missing in "lst" file.
NSTEP =        848   NCYCLE=  6  CFL_adv= 0.431  CFL_sgs= 0.028
 DAY =   0.294444444444444     
 NSTEP=         848
 div:  6.327774016385382E-017 -6.094705658868354E-017
 SST=   303.150000000000     
 surface pressure=   1014.80000000000     
 u:  -10.9156322549184        8.49499167837054     
 v:  -7.20926628225551        6.86082102058837     
 w:  -3.22618617433491        15.1316951438919     
 p:  -44.9120870497503        34.4059713249671     
 t:   294.651691824054        473.543966476498     
 tabs:   200.056757728317        301.119504000166     
 qv:  2.178286591312387E-043  2.012672842340223E-002
 tke:  0.000000000000000E+000   11.7210916808501     
 tk:  0.000000000000000E+000   85.5901997925655     
 tkh:  0.000000000000000E+000   85.5901997925655     
 qcl:  0.000000000000000E+000  2.059116201824520E-003
 qci:  0.000000000000000E+000  4.973938842667496E-003
 qpl:  0.000000000000000E+000  5.403495912011948E-003
 qpi:  0.000000000000000E+000  0.000000000000000E+000
 qrad(K/day):  -57.6342466517005        38.8981574936616     
 shf:   5.52534053476793        24.7341471012365     
 lhf:   54.6565919170802        174.588434661916     
 uw: -2.414238433446771E-002  3.669495313657034E-002
 vw: -3.828353986571371E-002  4.289236747553683E-002
 sst:   303.150000000000        303.150000000000     
 ===========================
 total water budget:
 before (mm):         53.78398118485
 after (mm):          53.78469651196
 evaporation (mm):     0.00080287892
 precipitation (mm):   0.00008755188
 large-scale (mm):     0.00000000000
 Imbalance (mm)       0.00000000006
 evap (mm/day):   2.31229129785859     
 prec (mm/day):  0.252149408958904     
 ls (mm/day):  0.000000000000000E+000
 imbalance (mm/day)  1.804336346739737E-007
  imbalance (rel error):  1.164802575357802E-012
 ===========================
NSTEP =        849   NCYCLE=  6  CFL_adv= 0.423  CFL_sgs= 0.029
NSTEP =        850   NCYCLE=  6  CFL_adv= 0.432  CFL_sgs= 0.030
NSTEP =        851   NCYCLE=  6  CFL_adv= 0.418  CFL_sgs= 0.026
 Collecting statistics...
 name QCSTRG is missing in "lst" file.
NSTEP =        852   NCYCLE=  6  CFL_adv= 0.418  CFL_sgs= 0.027
 DAY =   0.295833333333333     
 NSTEP=         852
 div:  6.895191970557665E-017 -4.709768017377373E-017
 SST=   303.150000000000     
 surface pressure=   1014.80000000000     
 u:  -9.85009895321243        7.81052307917872     
 v:  -7.91495284780427        7.02642136814655     
 w:  -3.92867456768967        17.5081322507018     
 p:  -44.2581506324836        38.0117654488157     
 t:   288.882989154890        473.544746796176     
 tabs:   200.066998300313        301.124679850422     
 qv:  2.231819877475766E-043  2.011764039673391E-002
 tke:  0.000000000000000E+000   11.1027101888124     
 tk:  0.000000000000000E+000   81.5481740795806     
 tkh:  0.000000000000000E+000   81.5481740795806     
 qcl:  0.000000000000000E+000  3.121538528876530E-003
 qci:  0.000000000000000E+000  4.936812560984093E-003
 qpl:  0.000000000000000E+000  6.192892086785209E-003
 qpi:  0.000000000000000E+000  0.000000000000000E+000
 qrad(K/day):  -57.6342466517005        38.8981574936616     
 shf:   5.52334771691660        25.3719397395434     
 lhf:   54.7304554073453        180.620735014835     
 uw: -2.210528984409945E-002  2.940436587911598E-002
 vw: -3.668936275981805E-002  3.965542417845005E-002
 sst:   303.150000000000        303.150000000000     
 ===========================
 total water budget:
 before (mm):         53.78684658966
 after (mm):          53.78756317722
 evaporation (mm):     0.00080300156
 precipitation (mm):   0.00008641400
 large-scale (mm):     0.00000000000
 Imbalance (mm)       0.00000000000
 evap (mm/day):   2.31264449109869     
 prec (mm/day):  0.248872311326050     
 ls (mm/day):  0.000000000000000E+000
 imbalance (mm/day)  4.489611807323435E-011
  imbalance (rel error):  2.642033562364676E-016
 ===========================
 Let's do some shortwave
 Range of zenith angles  0.732661695834013       0.732661695834013     
 Range of surface albedo (asdir)  3.383449086658900E-002  3.383449086658900E-002
 Range of surface albedo (aldir)  3.383449086658900E-002  3.383449086658900E-002
 Range of surface albedo (asdif)  6.000000000000000E-002  6.000000000000000E-002
 Range of surface albedo (aldif)  6.000000000000000E-002  6.000000000000000E-002
 radiation: perpetual sun, solin=   310.282738966056     
 longwave radiation is called
NSTEP =        853   NCYCLE=  6  CFL_adv= 0.433  CFL_sgs= 0.027
NSTEP =        854   NCYCLE=  6  CFL_adv= 0.429  CFL_sgs= 0.026
NSTEP =        855   NCYCLE=  6  CFL_adv= 0.428  CFL_sgs= 0.030
 Collecting statistics...
 name QCSTRG is missing in "lst" file.
NSTEP =        856   NCYCLE=  6  CFL_adv= 0.427  CFL_sgs= 0.028
 DAY =   0.297222222222222     
 NSTEP=         856
 div:  5.877198347985815E-017 -5.493874003684492E-017
 SST=   303.150000000000     
 surface pressure=   1014.80000000000     
 u:  -9.50674243713910        8.33036544207143     
 v:  -8.19136297575715        6.94909995991634     
 w:  -4.55493061918910        18.9567278577319     
 p:  -39.7174050800487        33.5919948724911     
 t:   293.723820207802        473.545710869089     
 tabs:   200.097287375791        301.128522054159     
 qv:  2.333754985363693E-043  2.010463060915316E-002
 tke:  0.000000000000000E+000   12.0794031919653     
 tk:  0.000000000000000E+000   86.8885895556967     
 tkh:  0.000000000000000E+000   86.8885895556967     
 qcl:  0.000000000000000E+000  3.744073256925045E-003
 qci:  0.000000000000000E+000  4.897903475572830E-003
 qpl:  0.000000000000000E+000  5.752887404392830E-003
 qpi:  0.000000000000000E+000  0.000000000000000E+000
 qrad(K/day):  -56.4611583806758        40.0000117581952     
 shf:   5.52703771562958        31.7300835233097     
 lhf:   54.8375083606881        170.356818880265     
 uw: -2.708917016851675E-002  2.891918456935354E-002
 vw: -3.691659786395345E-002  2.430366099797359E-002
 sst:   303.150000000000        303.150000000000     
 ===========================
 total water budget:
 before (mm):         53.78968089818
 after (mm):          53.79037124780
 evaporation (mm):     0.00080317483
 precipitation (mm):   0.00011282521
 large-scale (mm):     0.00000000000
 Imbalance (mm)      -0.00000000000
 evap (mm/day):   2.31314351670097     
 prec (mm/day):  0.324936600035904     
 ls (mm/day):  0.000000000000000E+000
 imbalance (mm/day) -5.266568431361307E-011
  imbalance (rel error): -2.641895637740551E-016
 ===========================
NSTEP =        857   NCYCLE=  6  CFL_adv= 0.423  CFL_sgs= 0.026
NSTEP =        858   NCYCLE=  6  CFL_adv= 0.426  CFL_sgs= 0.024
 Let's do some shortwave
 Range of zenith angles  0.732661695834013       0.732661695834013     
 Range of surface albedo (asdir)  3.383449086658900E-002  3.383449086658900E-002
 Range of surface albedo (aldir)  3.383449086658900E-002  3.383449086658900E-002
 Range of surface albedo (asdif)  6.000000000000000E-002  6.000000000000000E-002
 Range of surface albedo (aldif)  6.000000000000000E-002  6.000000000000000E-002
 radiation: perpetual sun, solin=   310.282738965806     
 longwave radiation is called
NSTEP =        859   NCYCLE=  6  CFL_adv= 0.442  CFL_sgs= 0.023
 Collecting statistics...
 name QCSTRG is missing in "lst" file.
NSTEP =        860   NCYCLE=  6  CFL_adv= 0.471  CFL_sgs= 0.023
 DAY =   0.298611111111111     
 NSTEP=         860
 div:  8.792716907043870E-017 -6.014490562774647E-017
 SST=   303.150000000000     
 surface pressure=   1014.80000000000     
 u:  -8.29914089805187        9.16823308637217     
 v:  -8.49378439362767        8.12833878639898     
 w:  -4.87888569465838        21.3066416782774     
 p:  -55.0653587088035        51.6949252967089     
 t:   296.674230392639        473.547015228593     
 tabs:   200.158878823907        301.130761362147     
 qv:  2.517840526811607E-043  2.010492557287923E-002
 tke:  0.000000000000000E+000   18.1736794305887     
 tk:  0.000000000000000E+000   106.576496677823     
 tkh:  0.000000000000000E+000   106.576496677823     
 qcl:  0.000000000000000E+000  4.172328847776623E-003
 qci:  0.000000000000000E+000  4.857106159537695E-003
 qpl:  0.000000000000000E+000  5.388954020493567E-003
 qpi:  0.000000000000000E+000  0.000000000000000E+000
 qrad(K/day):  -55.0893478274077        39.7657562682057     
 shf:   5.53552087134094        29.6398197051361     
 lhf:   54.9193683229048        158.446078899261     
 uw: -2.939780745328653E-002  2.738887294770944E-002
 vw: -3.959596658752094E-002  2.475411034920609E-002
 sst:   303.150000000000        303.150000000000     
 ===========================
 total water budget:
 before (mm):         53.79244506125
 after (mm):          53.79313943396
 evaporation (mm):     0.00080335967
 precipitation (mm):   0.00010898696
 large-scale (mm):     0.00000000000
 Imbalance (mm)      -0.00000000000
 evap (mm/day):   2.31367585035365     
 prec (mm/day):  0.313882457513371     
 ls (mm/day):  0.000000000000000E+000
 imbalance (mm/day) -2.955967502021872E-011
  imbalance (rel error): -2.641759686223347E-016
 ===========================
NSTEP =        861   NCYCLE=  7  CFL_adv= 0.423  CFL_sgs= 0.022
NSTEP =        862   NCYCLE=  7  CFL_adv= 0.421  CFL_sgs= 0.023
NSTEP =        863   NCYCLE=  7  CFL_adv= 0.419  CFL_sgs= 0.021
 Collecting statistics...
 name QCSTRG is missing in "lst" file.
NSTEP =        864   NCYCLE=  7  CFL_adv= 0.415  CFL_sgs= 0.022
 DAY =   0.300000000000000     
 NSTEP=         864
 div:  5.800729882405025E-017 -4.041100561038091E-017
 SST=   303.150000000000     
 surface pressure=   1014.80000000000     
 u:  -7.78587847576445        6.97779610122262     
 v:  -8.72323294896412        10.4599129209614     
 w:  -4.39064118636269        21.7035016431789     
 p:  -50.9605055785628        43.3018600601636     
 t:   293.670214787525        473.548527964421     
 tabs:   200.245298652123        301.131169336560     
 qv:  2.839545603513645E-043  2.012356015123215E-002
 tke:  0.000000000000000E+000   16.7673084216703     
 tk:  0.000000000000000E+000   102.369760005306     
 tkh:  0.000000000000000E+000   102.369760005306     
 qcl:  0.000000000000000E+000  2.971449910749161E-003
 qci:  0.000000000000000E+000  4.814555269933210E-003
 qpl:  0.000000000000000E+000  5.858579323630619E-003
 qpi:  0.000000000000000E+000  0.000000000000000E+000
 qrad(K/day):  -55.0893478274077        39.7657562682057     
 shf:   5.54710925688444        27.7467099541613     
 lhf:   54.6923415544137        165.263500701402     
 uw: -2.630725211515773E-002  3.151639582114191E-002
 vw: -3.119198964981636E-002  2.793804987711269E-002
 sst:   303.150000000000        303.150000000000     
 ===========================
 total water budget:
 before (mm):         53.79523177534
 after (mm):          53.79593002293
 evaporation (mm):     0.00080355134
 precipitation (mm):   0.00010530375
 large-scale (mm):     0.00000000000
 Imbalance (mm)       0.00000000000
 evap (mm/day):   2.31422784964888     
 prec (mm/day):  0.303274803124183     
 ls (mm/day):  0.000000000000000E+000
 imbalance (mm/day)  3.367361077477593E-011
  imbalance (rel error):  2.641622648617647E-016
 ===========================
 Let's do some shortwave
 Range of zenith angles  0.732661695834013       0.732661695834013     
 Range of surface albedo (asdir)  3.383449086658900E-002  3.383449086658900E-002
 Range of surface albedo (aldir)  3.383449086658900E-002  3.383449086658900E-002
 Range of surface albedo (asdif)  6.000000000000000E-002  6.000000000000000E-002
 Range of surface albedo (aldif)  6.000000000000000E-002  6.000000000000000E-002
 radiation: perpetual sun, solin=   310.282738964842     
 longwave radiation is called
NSTEP =        865   NCYCLE=  7  CFL_adv= 0.414  CFL_sgs= 0.021
NSTEP =        866   NCYCLE=  7  CFL_adv= 0.429  CFL_sgs= 0.021
NSTEP =        867   NCYCLE=  7  CFL_adv= 0.444  CFL_sgs= 0.023
 Collecting statistics...
 name QCSTRG is missing in "lst" file.
NSTEP =        868   NCYCLE=  7  CFL_adv= 0.453  CFL_sgs= 0.023
 DAY =   0.301388888888889     
 NSTEP=         868
 div:  6.462890397544243E-017 -5.310575508045835E-017
 SST=   303.150000000000     
 surface pressure=   1014.80000000000     
 u:  -6.52350688847208        7.12102931272250     
 v:  -8.41573836316932        10.8158524231905     
 w:  -4.37580624850486        22.8879083918049     
 p:  -70.8480495332171        52.2279137661512     
 t:   286.112515310145        473.550029603354     
 tabs:   200.353704124175        301.129653892444     
 qv:  3.344818893708391E-043  2.014437622082691E-002
 tke:  0.000000000000000E+000   18.7213942400283     
 tk:  0.000000000000000E+000   107.032028840764     
 tkh:  0.000000000000000E+000   107.032028840764     
 qcl:  0.000000000000000E+000  3.390566023749990E-003
 qci:  0.000000000000000E+000  4.770181336682383E-003
 qpl:  0.000000000000000E+000  6.789622660149073E-003
 qpi:  0.000000000000000E+000  0.000000000000000E+000
 qrad(K/day):  -53.3101695936849        37.6593136118343     
 shf:   5.55024730097727        34.9889280342770     
 lhf:   54.5172241231432        188.125055059385     
 uw: -4.412614576471811E-002  3.611662710065513E-002
 vw: -2.901372775018167E-002  3.261702909894395E-002
 sst:   303.150000000000        303.150000000000     
 ===========================
 total water budget:
 before (mm):         53.79801206519
 after (mm):          53.79870166530
 evaporation (mm):     0.00080375603
 precipitation (mm):   0.00011415592
 large-scale (mm):     0.00000000000
 Imbalance (mm)       0.00000000000
 evap (mm/day):   2.31481736706552     
 prec (mm/day):  0.328769048800279     
 ls (mm/day):  0.000000000000000E+000
 imbalance (mm/day)  4.992670339654114E-011
  imbalance (rel error):  3.962229833243527E-016
 ===========================
NSTEP =        869   NCYCLE=  7  CFL_adv= 0.433  CFL_sgs= 0.025
NSTEP =        870   NCYCLE=  7  CFL_adv= 0.424  CFL_sgs= 0.027
 Let's do some shortwave
 Range of zenith angles  0.732661695834013       0.732661695834013     
 Range of surface albedo (asdir)  3.383449086658900E-002  3.383449086658900E-002
 Range of surface albedo (aldir)  3.383449086658900E-002  3.383449086658900E-002
 Range of surface albedo (asdif)  6.000000000000000E-002  6.000000000000000E-002
 Range of surface albedo (aldif)  6.000000000000000E-002  6.000000000000000E-002
 radiation: perpetual sun, solin=   310.282738962754     
 longwave radiation is called
NSTEP =        871   NCYCLE=  7  CFL_adv= 0.425  CFL_sgs= 0.030
 Collecting statistics...
 name QCSTRG is missing in "lst" file.
NSTEP =        872   NCYCLE=  6  CFL_adv= 0.474  CFL_sgs= 0.036
 DAY =   0.302777777777778     
 NSTEP=         872
 div:  7.661684040103625E-017 -4.817273416960456E-017
 SST=   303.150000000000     
 surface pressure=   1014.80000000000     
 u:  -7.09177612784233        6.99822657814874     
 v:  -8.35381089165260        7.84169420382305     
 w:  -4.63720927191907        21.3418670086775     
 p:  -43.2115461368940        45.2855109541929     
 t:   288.477322219370        473.551201386349     
 tabs:   200.387281307492        301.126286507011     
 qv:  3.997509122459652E-043  2.015714286957480E-002
 tke:  0.000000000000000E+000   17.7761720699076     
 tk:  0.000000000000000E+000   105.404494893208     
 tkh:  0.000000000000000E+000   105.404494893208     
 qcl:  0.000000000000000E+000  3.335674903387494E-003
 qci:  0.000000000000000E+000  4.807790718163020E-003
 qpl:  0.000000000000000E+000  5.750625943321311E-003
 qpi:  0.000000000000000E+000  0.000000000000000E+000
 qrad(K/day):  -50.8017473041343        37.5797625879717     
 shf:   5.53988309899331        74.6556539441997     
 lhf:   54.4087931878319        231.575284947315     
 uw: -5.058775996218289E-002  4.100198786814881E-002
 vw: -4.958513804442746E-002  4.180449684823449E-002
 sst:   303.150000000000        303.150000000000     
 ===========================
 total water budget:
 before (mm):         53.80075162533
 after (mm):          53.80142526807
 evaporation (mm):     0.00080401914
 precipitation (mm):   0.00013037640
 large-scale (mm):     0.00000000000
 Imbalance (mm)      -0.00000000000
 evap (mm/day):   2.31557513601263     
 prec (mm/day):  0.375484028888466     
 ls (mm/day):  0.000000000000000E+000
 imbalance (mm/day) -3.213718353933803E-011
  imbalance (rel error): -1.320676417436413E-016
 ===========================
NSTEP =        873   NCYCLE=  6  CFL_adv= 0.470  CFL_sgs= 0.037
NSTEP =        874   NCYCLE=  7  CFL_adv= 0.430  CFL_sgs= 0.032
NSTEP =        875   NCYCLE=  7  CFL_adv= 0.445  CFL_sgs= 0.030
 Collecting statistics...
 name QCSTRG is missing in "lst" file.
NSTEP =        876   NCYCLE=  7  CFL_adv= 0.462  CFL_sgs= 0.031
 DAY =   0.304166666666667     
 NSTEP=         876
 div:  4.843504252521006E-017 -4.599681928368504E-017
 SST=   303.150000000000     
 surface pressure=   1014.80000000000     
 u:  -7.46931135181311        6.92574862802034     
 v:  -8.12111021756589        7.48179015200720     
 w:  -5.42569069855201        25.0446692730776     
 p:  -72.4528083547458        62.5597833110350     
 t:   282.110792545981        473.551837951115     
 tabs:   200.230290498045        301.121132405924     
 qv:  4.640588501520434E-043  2.015953064917095E-002
 tke:  0.000000000000000E+000   22.1151243846184     
 tk:  0.000000000000000E+000   117.566801182930     
 tkh:  0.000000000000000E+000   117.566801182930     
 qcl:  0.000000000000000E+000  1.976957482656428E-003
 qci:  0.000000000000000E+000  5.115804426482348E-003
 qpl:  0.000000000000000E+000  9.714362674762727E-003
 qpi:  0.000000000000000E+000  0.000000000000000E+000
 qrad(K/day):  -50.8017473041343        37.5797625879717     
 shf:   5.52956966817153        45.3899334400758     
 lhf:   54.3851384714196        249.772319565157     
 uw: -4.046919926914713E-002  4.293214825505243E-002
 vw: -6.002182522661052E-002  4.629180870328292E-002
 sst:   303.150000000000        303.150000000000     
 ===========================
 total water budget:
 before (mm):         53.80340585234
 after (mm):          53.80406997215
 evaporation (mm):     0.00080433994
 precipitation (mm):   0.00014022013
 large-scale (mm):     0.00000000000
 Imbalance (mm)      -0.00000000000
 evap (mm/day):   2.31649903140291     
 prec (mm/day):  0.403833986354505     
 ls (mm/day):  0.000000000000000E+000
 imbalance (mm/day) -3.312647031683547E-011
  imbalance (rel error): -2.641223000891454E-016
 ===========================
 Let's do some shortwave
 Range of zenith angles  0.732661695834013       0.732661695834013     
 Range of surface albedo (asdir)  3.383449086658900E-002  3.383449086658900E-002
 Range of surface albedo (aldir)  3.383449086658900E-002  3.383449086658900E-002
 Range of surface albedo (asdif)  6.000000000000000E-002  6.000000000000000E-002
 Range of surface albedo (aldif)  6.000000000000000E-002  6.000000000000000E-002
 radiation: perpetual sun, solin=   310.282738960553     
 longwave radiation is called
NSTEP =        877   NCYCLE=  7  CFL_adv= 0.471  CFL_sgs= 0.029
NSTEP =        878   NCYCLE=  7  CFL_adv= 0.473  CFL_sgs= 0.024
NSTEP =        879   NCYCLE=  7  CFL_adv= 0.462  CFL_sgs= 0.024
 Collecting statistics...
 name QCSTRG is missing in "lst" file.
NSTEP =        880   NCYCLE=  7  CFL_adv= 0.467  CFL_sgs= 0.024
 DAY =   0.305555555555556     
 NSTEP=         880
 div:  5.786130030462864E-017 -5.131870960886897E-017
 SST=   303.150000000000     
 surface pressure=   1014.80000000000     
 u:  -8.44171580904003        7.24906241512243     
 v:  -9.67097932794369        7.25334229670436     
 w:  -6.37043024745135        24.5870590978902     
 p:  -49.3133887206931        43.1573178920118     
 t:   275.629172589181        473.552055043650     
 tabs:   200.055416371929        301.139716506846     
 qv:  5.027252290314688E-043  2.014942399254068E-002
 tke:  0.000000000000000E+000   19.8732005007202     
 tk:  0.000000000000000E+000   111.448419966144     
 tkh:  0.000000000000000E+000   111.448419966144     
 qcl:  0.000000000000000E+000  2.796681243512102E-003
 qci:  0.000000000000000E+000  4.678605046802469E-003
 qpl:  0.000000000000000E+000  1.129745604412559E-002
 qpi:  0.000000000000000E+000  0.000000000000000E+000
 qrad(K/day):  -62.7354855983505        39.6126656490889     
 shf:   5.51960524769659        31.5127033879588     
 lhf:   54.4650904619126        246.199756063660     
 uw: -3.808091901071432E-002  4.153080959716930E-002
 vw: -6.002668138441558E-002  4.436129487563985E-002
 sst:   303.150000000000        303.150000000000     
 ===========================
 total water budget:
 before (mm):         53.80606043305
 after (mm):          53.80672071256
 evaporation (mm):     0.00080463327
 precipitation (mm):   0.00014435376
 large-scale (mm):     0.00000000000
 Imbalance (mm)       0.00000000000
 evap (mm/day):   2.31734380827472     
 prec (mm/day):  0.415738826495943     
 ls (mm/day):  0.000000000000000E+000
 imbalance (mm/day)  2.497876905316332E-011
  imbalance (rel error):  1.320546441690665E-016
 ===========================
NSTEP =        881   NCYCLE=  7  CFL_adv= 0.448  CFL_sgs= 0.023
NSTEP =        882   NCYCLE=  7  CFL_adv= 0.449  CFL_sgs= 0.024
 Let's do some shortwave
 Range of zenith angles  0.732661695834013       0.732661695834013     
 Range of surface albedo (asdir)  3.383449086658900E-002  3.383449086658900E-002
 Range of surface albedo (aldir)  3.383449086658900E-002  3.383449086658900E-002
 Range of surface albedo (asdif)  6.000000000000000E-002  6.000000000000000E-002
 Range of surface albedo (aldif)  6.000000000000000E-002  6.000000000000000E-002
 radiation: perpetual sun, solin=   310.282738957902     
 longwave radiation is called
NSTEP =        883   NCYCLE=  7  CFL_adv= 0.432  CFL_sgs= 0.023
 Collecting statistics...
 name QCSTRG is missing in "lst" file.
NSTEP =        884   NCYCLE=  7  CFL_adv= 0.447  CFL_sgs= 0.022
 DAY =   0.306944444444444     
 NSTEP=         884
 div:  5.798937552462641E-017 -4.471514722432405E-017
 SST=   303.150000000000     
 surface pressure=   1014.80000000000     
 u:  -8.19258719946378        7.06822455056205     
 v:  -9.81808930384558        8.04080421151941     
 w:  -6.22682559619813        23.8998071278685     
 p:  -70.1612836816892        61.3994875000291     
 t:   281.655470608383        473.552296770876     
 tabs:   199.791682287127        301.123598490056     
 qv:  5.337155669482852E-043  2.012538104150107E-002
 tke:  0.000000000000000E+000   21.0528656601488     
 tk:  0.000000000000000E+000   113.501152896005     
 tkh:  0.000000000000000E+000   113.501152896005     
 qcl:  0.000000000000000E+000  3.580097044738420E-003
 qci:  0.000000000000000E+000  4.661856794907529E-003
 qpl:  0.000000000000000E+000  7.767288300692370E-003
 qpi:  0.000000000000000E+000  0.000000000000000E+000
 qrad(K/day):  -63.0810020507668        48.2250255418418     
 shf:   5.50971443135323        56.6262124171075     
 lhf:   54.6607963350533        267.677529188381     
 uw: -3.125331047263326E-002  3.922169780777909E-002
 vw: -4.633440576050232E-002  3.400965413701924E-002
 sst:   303.150000000000        303.150000000000     
 ===========================
 total water budget:
 before (mm):         53.80868721213
 after (mm):          53.80932805097
 evaporation (mm):     0.00080484610
 precipitation (mm):   0.00016400726
 large-scale (mm):     0.00000000000
 Imbalance (mm)       0.00000000000
 evap (mm/day):   2.31795677307971     
 prec (mm/day):  0.472340906772889     
 ls (mm/day):  0.000000000000000E+000
 imbalance (mm/day)  7.278413809153061E-010
  imbalance (rel error):  4.621688590507248E-015
 ===========================
NSTEP =        885   NCYCLE=  7  CFL_adv= 0.459  CFL_sgs= 0.024
NSTEP =        886   NCYCLE=  7  CFL_adv= 0.460  CFL_sgs= 0.023
NSTEP =        887   NCYCLE=  7  CFL_adv= 0.468  CFL_sgs= 0.025
 Collecting statistics...
 name QCSTRG is missing in "lst" file.
NSTEP =        888   NCYCLE=  7  CFL_adv= 0.471  CFL_sgs= 0.024
 DAY =   0.308333333333333     
 NSTEP=         888
 div:  4.598284790744741E-017 -4.432850838666792E-017
 SST=   303.150000000000     
 surface pressure=   1014.80000000000     
 u:  -8.78019207945420        6.97902546160176     
 v:  -9.76007606686493        8.11390617596608     
 w:  -4.98563804717244        25.0033493715875     
 p:  -63.0345698996908        61.2938684927149     
 t:   278.348088439880        473.553078147452     
 tabs:   199.486146760751        301.126339324896     
 qv:  5.650470283974874E-043  2.010165516925580E-002
 tke:  0.000000000000000E+000   21.1075338894570     
 tk:  0.000000000000000E+000   114.857340561719     
 tkh:  0.000000000000000E+000   114.857340561719     
 qcl:  0.000000000000000E+000  4.064440243444902E-003
 qci:  0.000000000000000E+000  4.650875133620858E-003
 qpl:  0.000000000000000E+000  1.012688690681206E-002
 qpi:  0.000000000000000E+000  0.000000000000000E+000
 qrad(K/day):  -63.0810020507668        48.2250255418418     
 shf:   5.49960737346614        42.7478577000989     
 lhf:   54.8665095166977        229.907284240666     
 uw: -3.443042327587430E-002  4.369021679620439E-002
 vw: -5.082289665664150E-002  4.310970828848194E-002
 sst:   303.150000000000        303.150000000000     
 ===========================
 total water budget:
 before (mm):         53.81115942348
 after (mm):          53.81175159258
 evaporation (mm):     0.00080500490
 precipitation (mm):   0.00021283580
 large-scale (mm):     0.00000000000
 Imbalance (mm)       0.00000000000
 evap (mm/day):   2.31841410457399     
 prec (mm/day):  0.612967096318957     
 ls (mm/day):  0.000000000000000E+000
 imbalance (mm/day)  6.528352858303775E-010
  imbalance (rel error):  4.225353546651718E-015
 ===========================
 Let's do some shortwave
 Range of zenith angles  0.732661695834013       0.732661695834013     
 Range of surface albedo (asdir)  3.383449086658900E-002  3.383449086658900E-002
 Range of surface albedo (aldir)  3.383449086658900E-002  3.383449086658900E-002
 Range of surface albedo (asdif)  6.000000000000000E-002  6.000000000000000E-002
 Range of surface albedo (aldif)  6.000000000000000E-002  6.000000000000000E-002
 radiation: perpetual sun, solin=   310.282738954419     
 longwave radiation is called
NSTEP =        889   NCYCLE=  7  CFL_adv= 0.474  CFL_sgs= 0.025
NSTEP =        890   NCYCLE=  8  CFL_adv= 0.427  CFL_sgs= 0.023
NSTEP =        891   NCYCLE=  8  CFL_adv= 0.445  CFL_sgs= 0.025
 Collecting statistics...
 name QCSTRG is missing in "lst" file.
NSTEP =        892   NCYCLE=  8  CFL_adv= 0.446  CFL_sgs= 0.026
 DAY =   0.309722222222222     
 NSTEP=         892
 div:  5.330354746629816E-017 -4.243549762255910E-017
 SST=   303.150000000000     
 surface pressure=   1014.80000000000     
 u:  -8.50403349373232        7.99203624218734     
 v:  -11.2909001684331        7.86512469940897     
 w:  -4.41428618820695        27.1113341384305     
 p:  -66.2885129319294        49.3073502879325     
 t:   275.321110486635        473.554420481863     
 tabs:   199.249413198598        301.129013593740     
 qv:  5.988811989886241E-043  2.009554752573956E-002
 tke:  0.000000000000000E+000   24.3423862108484     
 tk:  0.000000000000000E+000   123.345009553610     
 tkh:  0.000000000000000E+000   123.345009553610     
 qcl:  0.000000000000000E+000  2.849874397993328E-003
 qci:  0.000000000000000E+000  4.635848249918966E-003
 qpl:  0.000000000000000E+000  1.121398414948869E-002
 qpi:  0.000000000000000E+000  0.000000000000000E+000
 qrad(K/day):  -70.4017556191086        45.1561286939650     
 shf:   5.48978948923946        35.6782724324658     
 lhf:   54.9153789721581        204.665931268201     
 uw: -3.599249211553629E-002  5.772896527955091E-002
 vw: -6.834922387460894E-002  3.898140312622893E-002
 sst:   303.150000000000        303.150000000000     
 ===========================
 total water budget:
 before (mm):         53.81351455572
 after (mm):          53.81410363164
 evaporation (mm):     0.00080521813
 precipitation (mm):   0.00021614221
 large-scale (mm):     0.00000000000
 Imbalance (mm)      -0.00000000000
 evap (mm/day):   2.31902821935797     
 prec (mm/day):  0.622489562765595     
 ls (mm/day):  0.000000000000000E+000
 imbalance (mm/day) -4.301574721421453E-011
  imbalance (rel error): -2.640730543887817E-016
 ===========================
NSTEP =        893   NCYCLE=  8  CFL_adv= 0.435  CFL_sgs= 0.027
NSTEP =        894   NCYCLE=  8  CFL_adv= 0.441  CFL_sgs= 0.026
 Let's do some shortwave
 Range of zenith angles  0.732661695834013       0.732661695834013     
 Range of surface albedo (asdir)  3.383449086658900E-002  3.383449086658900E-002
 Range of surface albedo (aldir)  3.383449086658900E-002  3.383449086658900E-002
 Range of surface albedo (asdif)  6.000000000000000E-002  6.000000000000000E-002
 Range of surface albedo (aldif)  6.000000000000000E-002  6.000000000000000E-002
 radiation: perpetual sun, solin=   310.282738950094     
 longwave radiation is called
NSTEP =        895   NCYCLE=  8  CFL_adv= 0.421  CFL_sgs= 0.028
 Collecting statistics...
 name QCSTRG is missing in "lst" file.
NSTEP =        896   NCYCLE=  7  CFL_adv= 0.468  CFL_sgs= 0.039
 DAY =   0.311111111111111     
 NSTEP=         896
 div:  6.437331772973885E-017 -4.142425638910053E-017
 SST=   303.150000000000     
 surface pressure=   1014.80000000000     
 u:  -8.79917677063556        6.90516988303472     
 v:  -10.4845681902187        7.71407196067406     
 w:  -6.39077160696605        23.8409194861916     
 p:  -70.4110660684289        54.9284026637876     
 t:   283.012373227743        473.555814845710     
 tabs:   199.109935336443        301.131473676441     
 qv:  6.300893428952707E-043  2.008132455924808E-002
 tke:  0.000000000000000E+000   20.5125818892200     
 tk:  0.000000000000000E+000   113.227044829239     
 tkh:  0.000000000000000E+000   113.227044829239     
 qcl:  0.000000000000000E+000  2.727716090880585E-003
 qci:  0.000000000000000E+000  4.613833061877549E-003
 qpl:  0.000000000000000E+000  7.046949512275129E-003
 qpi:  0.000000000000000E+000  0.000000000000000E+000
 qrad(K/day):  -97.7845996486808        43.2924733285732     
 shf:   5.48097465705567        91.0132763997622     
 lhf:   55.3952560157344        208.544424966423     
 uw: -4.511587145299952E-002  4.290102697681477E-002
 vw: -7.043512454830242E-002  4.350340847237417E-002
 sst:   303.150000000000        303.150000000000     
 ===========================
 total water budget:
 before (mm):         53.81576160291
 after (mm):          53.81625594054
 evaporation (mm):     0.00080560466
 precipitation (mm):   0.00031126703
 large-scale (mm):     0.00000000000
 Imbalance (mm)       0.00000000000
 evap (mm/day):   2.32014143505744     
 prec (mm/day):  0.896449046904578     
 ls (mm/day):  0.000000000000000E+000
 imbalance (mm/day)  1.027501052991431E-009
  imbalance (rel error):  6.733593575108810E-015
 ===========================
NSTEP =        897   NCYCLE=  7  CFL_adv= 0.455  CFL_sgs= 0.038
NSTEP =        898   NCYCLE=  7  CFL_adv= 0.436  CFL_sgs= 0.034
NSTEP =        899   NCYCLE=  7  CFL_adv= 0.435  CFL_sgs= 0.031
 Collecting statistics...
 name QCSTRG is missing in "lst" file.
 Writting statistics:nstatsteps=          15
 --------------- ISCCP Simulator Diagnostics: -----------------
 ISCCP PDF:
            0.0       0.3       1.3       3.6       9.4      23.0      60.0
    0.     0.171     0.072     0.032     0.018     0.018     0.020     0.055
  180.     0.000     0.000     0.001     0.003     0.001     0.000     0.000
  310.     0.000     0.001     0.001     0.001     0.000     0.000     0.000
  440.     0.000     0.001     0.001     0.000     0.000     0.000     0.000
  560.     0.000     0.001     0.001     0.000     0.000     0.000     0.000
  680.     0.000     0.001     0.001     0.000     0.000     0.000     0.000
  800.     0.005     0.024     0.025     0.012     0.005     0.002     0.000
 low cld area (tau > 0.3)=  7.148640950520832E-002
 mid cld area (tau > 0.3)=  5.433146158854167E-003
 hgh cld area (tau > 0.3)=  0.224613444010417     
 total cld area (tau > 0.3)=  0.301532999674479     
 mean albedo cld (tau > 0.3)   0.408533265619361     
 mean tau cld (tau > 0.3)    5.64997260921400     
 mean top pressure (tau > 0.3)   311.768777484450     
 mean brightness temp (tau > 0.3)   255.905708248746     
 mean clearsky brightness temp (tau > 0.3)   296.582164614676     
 --------------- MODIS Simulator Diagnostics: -----------------
 MODIS PDF:
                      0.3       1.3       3.6       9.4      23.0      60.0
    0.               0.071     0.035     0.022     0.019     0.020     0.056
  180.               0.000     0.000     0.000     0.000     0.000     0.000
  310.               0.000     0.001     0.000     0.000     0.000     0.000
  440.               0.001     0.001     0.000     0.000     0.000     0.000
  560.               0.001     0.001     0.000     0.000     0.000     0.000
  680.               0.001     0.001     0.000     0.000     0.000     0.000
  800.               0.023     0.025     0.012     0.005     0.002     0.000
 low cld area =  7.048950195312499E-002
 mid cld area =  4.513549804687499E-003
 hgh cld area =  0.224981689453125     
 total cld area =  0.299984741210937     
 mean tau cld    49.7585704005495     
 mean top pressure    312.160220127586     
 total cld area (liquid) =  7.151590983072917E-002
 total cld area (ice) =  0.224446614583333     
 mean tau (liquid) =   4.90756842424941     
 mean tau (ice) =   64.8160221548333     
 mean lwp (g/m2) =   61.5302747340531     
 mean iwp (g/m2) =   776.973762374191     
 mean reff (liquid)  =   14.4341265263140     
 mean reff (ice)  =   21.0257444455240     
 --------------- MISR Simulator Diagnostics: -----------------
 MISR PDF:
            0.0       0.3       1.3       3.6       9.4      23.0      60.0
 99.00     0.000     0.000     0.000     0.000     0.000     0.000     0.000
 17.00     0.000     0.000     0.000     0.000     0.000     0.000     0.015
 15.00     0.000     0.008     0.025     0.021     0.018     0.020     0.041
 13.00     0.000     0.026     0.001     0.000     0.000     0.000     0.000
 11.00     0.000     0.007     0.001     0.000     0.000     0.000     0.000
  9.00     0.000     0.003     0.007     0.000     0.000     0.000     0.000
  7.00     0.000     0.000     0.000     0.000     0.000     0.000     0.000
  5.00     0.000     0.000     0.000     0.000     0.000     0.000     0.000
  4.00     0.000     0.000     0.000     0.000     0.000     0.000     0.000
  3.00     0.000     0.000     0.000     0.000     0.000     0.000     0.000
  2.50     0.000     0.000     0.000     0.000     0.000     0.000     0.000
  2.00     0.000     0.000     0.000     0.000     0.000     0.000     0.000
  1.50     0.000     0.000     0.000     0.000     0.002     0.001     0.000
  1.00     0.000     0.005     0.028     0.014     0.003     0.000     0.000
  0.50     0.000     0.018     0.002     0.000     0.000     0.000     0.000
  0.00     0.020     0.031     0.000     0.000     0.000     0.000     0.000
 total cld area =  0.272646077473958     
 mean top height (m)   9987.87385623285     
 Writting history file 
 rcemip300sst_16_nCat6_MaxIce200                                                
  
NSTEP =        900   NCYCLE=  7  CFL_adv= 0.453  CFL_sgs= 0.031
 DAY =   0.312500000000000     
 NSTEP=         900
 div:  6.733962249603566E-017 -4.398513942869163E-017
 SST=   303.150000000000     
 surface pressure=   1014.80000000000     
 u:  -9.35839701583466        7.46557355487516     
 v:  -9.23904786552497        8.09609287752875     
 w:  -6.47896188698332        24.7645339025475     
 p:  -68.4222705522619        58.9138384920593     
 t:   286.316386313524        473.556723512794     
 tabs:   199.067838110642        301.133611652153     
 qv:  6.514527974465796E-043  2.005886229342381E-002
 tke:  0.000000000000000E+000   22.1928601374155     
 tk:  0.000000000000000E+000   117.773246477647     
 tkh:  0.000000000000000E+000   117.773246477647     
 qcl:  0.000000000000000E+000  3.054936725196205E-003
 qci:  0.000000000000000E+000  4.584231680979209E-003
 qpl:  0.000000000000000E+000  6.355638424357529E-003
 qpi:  0.000000000000000E+000  0.000000000000000E+000
 qrad(K/day):  -97.7845996486808        43.2924733285732     
 shf:   5.46977220032688        34.1409389483051     
 lhf:   55.4669997293024        227.671883470964     
 uw: -6.452250184405690E-002  5.114007747247275E-002
 vw: -5.588158377855843E-002  3.804255336679689E-002
 sst:   303.150000000000        303.150000000000     
 ===========================
 total water budget:
 before (mm):         53.81763199659
 after (mm):          53.81812448779
 evaporation (mm):     0.00080615673
 precipitation (mm):   0.00031366552
 large-scale (mm):     0.00000000000
 Imbalance (mm)       0.00000000000
 evap (mm/day):   2.32173137023935     
 prec (mm/day):  0.903356688790183     
 ls (mm/day):  0.000000000000000E+000
 imbalance (mm/day)  7.831323090012887E-010
  imbalance (rel error):  5.017013174624336E-015
 ===========================
CPU TIME =     560.9829 OVER     0.50 MODEL HOURS
 Let's do some shortwave
 Range of zenith angles  0.732661695834013       0.732661695834013     
 Range of surface albedo (asdir)  3.383449086658900E-002  3.383449086658900E-002
 Range of surface albedo (aldir)  3.383449086658900E-002  3.383449086658900E-002
 Range of surface albedo (asdif)  6.000000000000000E-002  6.000000000000000E-002
 Range of surface albedo (aldif)  6.000000000000000E-002  6.000000000000000E-002
 radiation: perpetual sun, solin=   310.282738944465     
 longwave radiation is called
NSTEP =        901   NCYCLE=  7  CFL_adv= 0.461  CFL_sgs= 0.031
NSTEP =        902   NCYCLE=  7  CFL_adv= 0.467  CFL_sgs= 0.033
NSTEP =        903   NCYCLE=  7  CFL_adv= 0.470  CFL_sgs= 0.037
 Collecting statistics...
 name QCSTRG is missing in "lst" file.
NSTEP =        904   NCYCLE=  7  CFL_adv= 0.472  CFL_sgs= 0.041
 DAY =   0.313888888888889     
 NSTEP=         904
 div:  6.636744563324940E-017 -4.105412939471093E-017
 SST=   303.150000000000     
 surface pressure=   1014.80000000000     
 u:  -8.88972104159972        8.30743458441663     
 v:  -9.66138158020690        8.76250674280396     
 w:  -5.59812089250033        24.7538476404047     
 p:  -65.0195637795075        55.8686470743297     
 t:   282.944064007898        473.557054521200     
 tabs:   198.973396176937        301.137330849852     
 qv:  6.620960292337383E-043  2.004721730575767E-002
 tke:  0.000000000000000E+000   21.4295466958234     
 tk:  0.000000000000000E+000   115.730145964177     
 tkh:  0.000000000000000E+000   115.730145964177     
 qcl:  0.000000000000000E+000  4.015392485905216E-003
 qci:  0.000000000000000E+000  4.552579389441148E-003
 qpl:  0.000000000000000E+000  7.665411555481727E-003
 qpi:  0.000000000000000E+000  0.000000000000000E+000
 qrad(K/day):  -78.8469290585187        38.1627331332188     
 shf:   5.45635824460858        49.2073714255939     
 lhf:   55.3237414200195        220.517955028301     
 uw: -7.959005355065993E-002  8.541928258571532E-002
 vw: -7.483658107816839E-002  5.019193306903304E-002
 sst:   303.150000000000        303.150000000000     
 ===========================
 total water budget:
 before (mm):         53.81953081863
 after (mm):          53.81994853895
 evaporation (mm):     0.00080688908
 precipitation (mm):   0.00038916876
 large-scale (mm):     0.00000000000
 Imbalance (mm)       0.00000000000
 evap (mm/day):   2.32384053802122     
 prec (mm/day):   1.12080603464217     
 ls (mm/day):  0.000000000000000E+000
 imbalance (mm/day)  1.104264133258703E-008
  imbalance (rel error):  7.115995926631660E-014
 ===========================
NSTEP =        905   NCYCLE=  7  CFL_adv= 0.474  CFL_sgs= 0.043
NSTEP =        906   NCYCLE=  7  CFL_adv= 0.459  CFL_sgs= 0.043
 Let's do some shortwave
 Range of zenith angles  0.732661695834013       0.732661695834013     
 Range of surface albedo (asdir)  3.383449086658900E-002  3.383449086658900E-002
 Range of surface albedo (aldir)  3.383449086658900E-002  3.383449086658900E-002
 Range of surface albedo (asdif)  6.000000000000000E-002  6.000000000000000E-002
 Range of surface albedo (aldif)  6.000000000000000E-002  6.000000000000000E-002
 radiation: perpetual sun, solin=   310.282738937506     
 longwave radiation is called
NSTEP =        907   NCYCLE=  7  CFL_adv= 0.461  CFL_sgs= 0.042
 Collecting statistics...
 name QCSTRG is missing in "lst" file.
NSTEP =        908   NCYCLE=  7  CFL_adv= 0.450  CFL_sgs= 0.040
 DAY =   0.315277777777778     
 NSTEP=         908
 div:  5.188137099659181E-017 -4.148307090877736E-017
 SST=   303.150000000000     
 surface pressure=   1014.80000000000     
 u:  -8.72107555840859        7.90677214882534     
 v:  -9.00807118548589        9.05150520006616     
 w:  -5.77813410330739        23.0663236588455     
 p:  -52.5925029025253        45.0655758818226     
 t:   280.135239703193        473.557293674623     
 tabs:   198.874050681404        301.185577725718     
 qv:  6.685198104234127E-043  2.006497644252950E-002
 tke:  0.000000000000000E+000   19.4892362493716     
 tk:  0.000000000000000E+000   110.366537754236     
 tkh:  0.000000000000000E+000   110.366537754236     
 qcl:  0.000000000000000E+000  2.110648302113603E-003
 qci:  0.000000000000000E+000  4.526044087132901E-003
 qpl:  0.000000000000000E+000  1.004548796910129E-002
 qpi:  0.000000000000000E+000  0.000000000000000E+000
 qrad(K/day):  -74.6470049158612        36.6234557727584     
 shf:   5.42565249293615        45.8043776208848     
 lhf:   55.1785577314514        280.355214289851     
 uw: -7.350950604995574E-002  7.986575379910960E-002
 vw: -9.674996677952394E-002  6.918693470445132E-002
 sst:   303.150000000000        303.150000000000     
 ===========================
 total water budget:
 before (mm):         53.82118910270
 after (mm):          53.82158906709
 evaporation (mm):     0.00080782466
 precipitation (mm):   0.00040786026
 large-scale (mm):     0.00000000000
 Imbalance (mm)       0.00000000000
 evap (mm/day):   2.32653500703041     
 prec (mm/day):   1.17463755403908     
 ls (mm/day):  0.000000000000000E+000
 imbalance (mm/day)  6.453302267561689E-009
  imbalance (rel error):  4.158572157455704E-014
 ===========================
NSTEP =        909   NCYCLE=  7  CFL_adv= 0.438  CFL_sgs= 0.039
NSTEP =        910   NCYCLE=  7  CFL_adv= 0.431  CFL_sgs= 0.038
NSTEP =        911   NCYCLE=  7  CFL_adv= 0.417  CFL_sgs= 0.039
 Collecting statistics...
 name QCSTRG is missing in "lst" file.
NSTEP =        912   NCYCLE=  7  CFL_adv= 0.423  CFL_sgs= 0.038
 DAY =   0.316666666666667     
 NSTEP=         912
 div:  5.970871168670181E-017 -4.488932820346951E-017
 SST=   303.150000000000     
 surface pressure=   1014.80000000000     
 u:  -8.33580090747220        8.33202100026210     
 v:  -8.98712017167771        8.11598040678137     
 w:  -6.36728165029537        20.9815056272108     
 p:  -64.7440938817186        45.9659761981429     
 t:   276.735989226831        473.558058541815     
 tabs:   198.818159877289        301.158625757209     
 qv:  6.780583762462609E-043  2.008272545511479E-002
 tke:  0.000000000000000E+000   17.2169143785950     
 tk:  0.000000000000000E+000   103.733174474813     
 tkh:  0.000000000000000E+000   103.733174474813     
 qcl:  0.000000000000000E+000  2.526189071668699E-003
 qci:  0.000000000000000E+000  5.513922140535517E-003
 qpl:  0.000000000000000E+000  1.023828908747976E-002
 qpi:  0.000000000000000E+000  0.000000000000000E+000
 qrad(K/day):  -74.6470049158612        36.6234557727584     
 shf:   5.39140367409938        48.0887264776471     
 lhf:   55.0287174582137        353.844469727803     
 uw: -8.317211893722729E-002  6.833124004852886E-002
 vw: -7.870115262019553E-002  9.074766730927107E-002
 sst:   303.150000000000        303.150000000000     
 ===========================
 total water budget:
 before (mm):         53.82280914595
 after (mm):          53.82322264071
 evaporation (mm):     0.00080904478
 precipitation (mm):   0.00039555002
 large-scale (mm):     0.00000000000
 Imbalance (mm)       0.00000000000
 evap (mm/day):   2.33004896164282     
 prec (mm/day):   1.13918404893361     
 ls (mm/day):  0.000000000000000E+000
 imbalance (mm/day)  6.850958862714141E-010
  imbalance (rel error):  4.356467177115446E-015
 ===========================
 Let's do some shortwave
 Range of zenith angles  0.732661695834013       0.732661695834013     
 Range of surface albedo (asdir)  3.383449086658900E-002  3.383449086658900E-002
 Range of surface albedo (aldir)  3.383449086658900E-002  3.383449086658900E-002
 Range of surface albedo (asdif)  6.000000000000000E-002  6.000000000000000E-002
 Range of surface albedo (aldif)  6.000000000000000E-002  6.000000000000000E-002
 radiation: perpetual sun, solin=   310.282738929844     
 longwave radiation is called
NSTEP =        913   NCYCLE=  7  CFL_adv= 0.421  CFL_sgs= 0.036
NSTEP =        914   NCYCLE=  7  CFL_adv= 0.424  CFL_sgs= 0.036
NSTEP =        915   NCYCLE=  7  CFL_adv= 0.416  CFL_sgs= 0.035
 Collecting statistics...
 name QCSTRG is missing in "lst" file.
NSTEP =        916   NCYCLE=  7  CFL_adv= 0.424  CFL_sgs= 0.033
 DAY =   0.318055555555556     
 NSTEP=         916
 div:  4.807129935434719E-017 -3.874955441573113E-017
 SST=   303.150000000000     
 surface pressure=   1014.80000000000     
 u:  -7.79655404311682        9.11112098897501     
 v:  -7.66536595263381        8.66553228754438     
 w:  -5.91432929680110        22.1776774998683     
 p:  -52.7592324220713        43.6382738304627     
 t:   284.120650156025        473.559637461076     
 tabs:   198.760464745030        301.292108324712     
 qv:  6.905302096416725E-043  2.009393111350977E-002
 tke:  0.000000000000000E+000   24.1059529323021     
 tk:  0.000000000000000E+000   122.744533819999     
 tkh:  0.000000000000000E+000   122.744533819999     
 qcl:  0.000000000000000E+000  1.854466873230987E-003
 qci:  0.000000000000000E+000  5.660485549797574E-003
 qpl:  0.000000000000000E+000  6.941888363791475E-003
 qpi:  0.000000000000000E+000  0.000000000000000E+000
 qrad(K/day):  -73.5041903243128        36.4840048866341     
 shf:   5.36196152413995        58.5597738348168     
 lhf:   55.1129277591515        387.915823673736     
 uw: -7.301344708068641E-002  5.230618743643444E-002
 vw: -8.196131264734659E-002  6.153400598524271E-002
 sst:   303.150000000000        303.150000000000     
 ===========================
 total water budget:
 before (mm):         53.82445307307
 after (mm):          53.82483636766
 evaporation (mm):     0.00081032837
 precipitation (mm):   0.00042703377
 large-scale (mm):     0.00000000000
 Imbalance (mm)       0.00000000000
 evap (mm/day):   2.33374570111991     
 prec (mm/day):   1.22985726293375     
 ls (mm/day):  0.000000000000000E+000
 imbalance (mm/day)  4.694654977266399E-009
  imbalance (rel error):  3.023033556063268E-014
 ===========================
NSTEP =        917   NCYCLE=  7  CFL_adv= 0.427  CFL_sgs= 0.031
NSTEP =        918   NCYCLE=  7  CFL_adv= 0.424  CFL_sgs= 0.028
 Let's do some shortwave
 Range of zenith angles  0.732661695834013       0.732661695834013     
 Range of surface albedo (asdir)  3.383449086658900E-002  3.383449086658900E-002
 Range of surface albedo (aldir)  3.383449086658900E-002  3.383449086658900E-002
 Range of surface albedo (asdif)  6.000000000000000E-002  6.000000000000000E-002
 Range of surface albedo (aldif)  6.000000000000000E-002  6.000000000000000E-002
 radiation: perpetual sun, solin=   310.282738927305     
 longwave radiation is called
NSTEP =        919   NCYCLE=  7  CFL_adv= 0.434  CFL_sgs= 0.029
 Collecting statistics...
 name QCSTRG is missing in "lst" file.
NSTEP =        920   NCYCLE=  7  CFL_adv= 0.440  CFL_sgs= 0.031
 DAY =   0.319444444444444     
 NSTEP=         920
 div:  4.865149176911814E-017 -4.134626624429253E-017
 SST=   303.150000000000     
 surface pressure=   1014.80000000000     
 u:  -8.05881143177427        10.8101506283924     
 v:  -8.61504809063126        7.92147042737226     
 w:  -6.13878010878874        22.2618778159685     
 p:  -69.9870180250002        56.1386930570868     
 t:   281.557739172618        473.561848370751     
 tabs:   198.695765603924        301.304076355315     
 qv:  7.021317334491854E-043  2.009961646615624E-002
 tke:  0.000000000000000E+000   18.4906293844474     
 tk:  0.000000000000000E+000   107.243564358922     
 tkh:  0.000000000000000E+000   107.243564358922     
 qcl:  0.000000000000000E+000  2.020520429221185E-003
 qci:  0.000000000000000E+000  5.387247462834718E-003
 qpl:  0.000000000000000E+000  8.604301783811141E-003
 qpi:  0.000000000000000E+000  0.000000000000000E+000
 qrad(K/day):  -75.0659345903951        38.8771584350381     
 shf:   5.34005433176216        45.2307440870048     
 lhf:   54.9783842556128        295.937832952525     
 uw: -6.648632079248165E-002  6.025664159252555E-002
 vw: -6.782205912120592E-002  5.042488616902910E-002
 sst:   303.150000000000        303.150000000000     
 ===========================
 total water budget:
 before (mm):         53.82593423199
 after (mm):          53.82630894783
 evaporation (mm):     0.00081168443
 precipitation (mm):   0.00043696860
 large-scale (mm):     0.00000000000
 Imbalance (mm)       0.00000000000
 evap (mm/day):   2.33765117144817     
 prec (mm/day):   1.25846955551619     
 ls (mm/day):  0.000000000000000E+000
 imbalance (mm/day)  2.337349064296390E-011
  imbalance (rel error):  1.320065874196998E-016
 ===========================
NSTEP =        921   NCYCLE=  7  CFL_adv= 0.447  CFL_sgs= 0.033
NSTEP =        922   NCYCLE=  7  CFL_adv= 0.455  CFL_sgs= 0.034
NSTEP =        923   NCYCLE=  7  CFL_adv= 0.462  CFL_sgs= 0.035
 Collecting statistics...
 name QCSTRG is missing in "lst" file.
NSTEP =        924   NCYCLE=  7  CFL_adv= 0.450  CFL_sgs= 0.035
 DAY =   0.320833333333333     
 NSTEP=         924
 div:  5.578808854675600E-017 -3.669034958428043E-017
 SST=   303.150000000000     
 surface pressure=   1014.80000000000     
 u:  -11.2997864794949        9.99949554139548     
 v:  -8.65002885912441        7.74731524443983     
 w:  -5.80796151824903        24.1176395838008     
 p:  -57.9436037519065        53.3352662601198     
 t:   280.309889964124        473.563948018708     
 tabs:   198.702724594643        301.191884189623     
 qv:  7.430284537952653E-043  2.010800684859545E-002
 tke:  0.000000000000000E+000   20.5424048455547     
 tk:  0.000000000000000E+000   113.309324543356     
 tkh:  0.000000000000000E+000   113.309324543356     
 qcl:  0.000000000000000E+000  2.092883526547419E-003
 qci:  0.000000000000000E+000  5.027404948335121E-003
 qpl:  0.000000000000000E+000  9.242702463891776E-003
 qpi:  0.000000000000000E+000  0.000000000000000E+000
 qrad(K/day):  -75.0659345903951        38.8771584350381     
 shf:   5.32710373774044        39.2657672908931     
 lhf:   54.8205511598379        259.149028471298     
 uw: -7.243517886975326E-002  5.670629878523090E-002
 vw: -4.856845498666536E-002  4.122405025487780E-002
 sst:   303.150000000000        303.150000000000     
 ===========================
 total water budget:
 before (mm):         53.82741549224
 after (mm):          53.82777792511
 evaporation (mm):     0.00081307199
 precipitation (mm):   0.00045063912
 large-scale (mm):     0.00000000000
 Imbalance (mm)      -0.00000000000
 evap (mm/day):   2.34164733300311     
 prec (mm/day):   1.29784066017173     
 ls (mm/day):  0.000000000000000E+000
 imbalance (mm/day) -5.300947181208215E-011
  imbalance (rel error): -3.960089547530765E-016
 ===========================
 Let's do some shortwave
 Range of zenith angles  0.732661695834013       0.732661695834013     
 Range of surface albedo (asdir)  3.383449086658900E-002  3.383449086658900E-002
 Range of surface albedo (aldir)  3.383449086658900E-002  3.383449086658900E-002
 Range of surface albedo (asdif)  6.000000000000000E-002  6.000000000000000E-002
 Range of surface albedo (aldif)  6.000000000000000E-002  6.000000000000000E-002
 radiation: perpetual sun, solin=   310.282738921048     
 longwave radiation is called
NSTEP =        925   NCYCLE=  7  CFL_adv= 0.454  CFL_sgs= 0.034
NSTEP =        926   NCYCLE=  7  CFL_adv= 0.436  CFL_sgs= 0.032
NSTEP =        927   NCYCLE=  7  CFL_adv= 0.435  CFL_sgs= 0.029
 Collecting statistics...
 name QCSTRG is missing in "lst" file.
NSTEP =        928   NCYCLE=  7  CFL_adv= 0.445  CFL_sgs= 0.027
 DAY =   0.322222222222222     
 NSTEP=         928
 div:  4.308585737416695E-017 -3.701716948156019E-017
 SST=   303.150000000000     
 surface pressure=   1014.80000000000     
 u:  -10.2767734538962        7.41512972461800     
 v:  -7.95829848197732        8.77551445309706     
 w:  -5.90119791252223        23.8008718632641     
 p:  -69.5309604923767        51.2365234741061     
 t:   281.316388197478        473.565594782639     
 tabs:   198.663332406932        301.179687612382     
 qv:  7.907576800534529E-043  2.012995004439818E-002
 tke:  0.000000000000000E+000   21.5961009174979     
 tk:  0.000000000000000E+000   116.179013050706     
 tkh:  0.000000000000000E+000   116.179013050706     
 qcl:  0.000000000000000E+000  2.385243900479097E-003
 qci:  0.000000000000000E+000  4.500987361675001E-003
 qpl:  0.000000000000000E+000  9.054439368663826E-003
 qpi:  0.000000000000000E+000  0.000000000000000E+000
 qrad(K/day):  -77.9502893985024        39.4456956206813     
 shf:   5.32430674529317        37.4608295080336     
 lhf:   54.6387556111754        266.798900598268     
 uw: -5.425315051585380E-002  6.059547381897136E-002
 vw: -4.806823486592242E-002  4.922171149691050E-002
 sst:   303.150000000000        303.150000000000     
 ===========================
 total water budget:
 before (mm):         53.82875925841
 after (mm):          53.82908453195
 evaporation (mm):     0.00081450390
 precipitation (mm):   0.00048923036
 large-scale (mm):     0.00000000000
 Imbalance (mm)      -0.00000000000
 evap (mm/day):   2.34577124314832     
 prec (mm/day):   1.40898343282451     
 ls (mm/day):  0.000000000000000E+000
 imbalance (mm/day) -1.044495739899176E-010
  imbalance (rel error): -6.599989038809982E-016
 ===========================
NSTEP =        929   NCYCLE=  7  CFL_adv= 0.440  CFL_sgs= 0.031
NSTEP =        930   NCYCLE=  7  CFL_adv= 0.435  CFL_sgs= 0.035
 Let's do some shortwave
 Range of zenith angles  0.732661695834013       0.732661695834013     
 Range of surface albedo (asdir)  3.383449086658900E-002  3.383449086658900E-002
 Range of surface albedo (aldir)  3.383449086658900E-002  3.383449086658900E-002
 Range of surface albedo (asdif)  6.000000000000000E-002  6.000000000000000E-002
 Range of surface albedo (aldif)  6.000000000000000E-002  6.000000000000000E-002
 radiation: perpetual sun, solin=   310.282738918481     
 longwave radiation is called
NSTEP =        931   NCYCLE=  7  CFL_adv= 0.437  CFL_sgs= 0.040
 Collecting statistics...
 name QCSTRG is missing in "lst" file.
NSTEP =        932   NCYCLE=  7  CFL_adv= 0.425  CFL_sgs= 0.043
 DAY =   0.323611111111111     
 NSTEP=         932
 div:  4.001147689490789E-017 -3.340606421680679E-017
 SST=   303.150000000000     
 surface pressure=   1014.80000000000     
 u:  -8.86707377332675        9.57335905284986     
 v:  -8.89569660262462        7.52667421828468     
 w:  -5.33891724141602        22.8698639534405     
 p:  -61.1937406837759        54.1266990496758     
 t:   285.527277245638        473.566832967020     
 tabs:   198.517166702556        301.177225677173     
 qv:  8.077224689576071E-043  2.015245211698424E-002
 tke:  0.000000000000000E+000   20.4006602529194     
 tk:  0.000000000000000E+000   112.917725172245     
 tkh:  0.000000000000000E+000   112.917725172245     
 qcl:  0.000000000000000E+000  1.928652503993225E-003
 qci:  0.000000000000000E+000  4.539162831923432E-003
 qpl:  0.000000000000000E+000  6.743671942060382E-003
 qpi:  0.000000000000000E+000  0.000000000000000E+000
 qrad(K/day):  -79.0638550169298        39.2126961406296     
 shf:   5.33244649449823        33.6588090332695     
 lhf:   54.4513126570036        281.598636343921     
 uw: -9.488548073834596E-002  7.713380412033889E-002
 vw: -6.428984393365780E-002  6.098392287818243E-002
 sst:   303.150000000000        303.150000000000     
 ===========================
 total water budget:
 before (mm):         53.83007510201
 after (mm):          53.83040903697
 evaporation (mm):     0.00081602236
 precipitation (mm):   0.00048208741
 large-scale (mm):     0.00000000000
 Imbalance (mm)       0.00000000000
 evap (mm/day):   2.35014439325084     
 prec (mm/day):   1.38841173117178     
 ls (mm/day):  0.000000000000000E+000
 imbalance (mm/day)  3.829124517462645E-011
  imbalance (rel error):  2.639930658049329E-016
 ===========================
NSTEP =        933   NCYCLE=  7  CFL_adv= 0.452  CFL_sgs= 0.045
NSTEP =        934   NCYCLE=  7  CFL_adv= 0.460  CFL_sgs= 0.045
NSTEP =        935   NCYCLE=  7  CFL_adv= 0.469  CFL_sgs= 0.042
 Collecting statistics...
 name QCSTRG is missing in "lst" file.
NSTEP =        936   NCYCLE=  7  CFL_adv= 0.465  CFL_sgs= 0.038
 DAY =   0.325000000000000     
 NSTEP=         936
 div:  3.751223535609673E-017 -3.791303634377291E-017
 SST=   303.150000000000     
 surface pressure=   1014.80000000000     
 u:  -7.55262390818125        7.27408730230323     
 v:  -9.21146936499480        7.44036471424875     
 w:  -5.53155601267461        25.1697968453194     
 p:  -69.0721087907549        56.2467039928632     
 t:   281.929354413328        473.567978749448     
 tabs:   198.444315653632        301.487978226404     
 qv:  8.392832520180075E-043  2.017166028059287E-002
 tke:  0.000000000000000E+000   22.3814288181221     
 tk:  0.000000000000000E+000   118.272537012302     
 tkh:  0.000000000000000E+000   118.272537012302     
 qcl:  0.000000000000000E+000  2.073217862530352E-003
 qci:  0.000000000000000E+000  4.339798281137001E-003
 qpl:  0.000000000000000E+000  1.042148143498213E-002
 qpi:  0.000000000000000E+000  0.000000000000000E+000
 qrad(K/day):  -79.0638550169298        39.2126961406296     
 shf:   5.35190344711726        33.8898231652721     
 lhf:   54.2901224493028        265.710495834513     
 uw: -6.226219215801150E-002  5.197308924825182E-002
 vw: -4.398848624998517E-002  5.965522505373663E-002
 sst:   303.150000000000        303.150000000000     
 ===========================
 total water budget:
 before (mm):         53.83139918041
 after (mm):          53.83174315533
 evaporation (mm):     0.00081760392
 precipitation (mm):   0.00047362900
 large-scale (mm):     0.00000000000
 Imbalance (mm)      -0.00000000000
 evap (mm/day):   2.35469928081876     
 prec (mm/day):   1.36405150918502     
 ls (mm/day):  0.000000000000000E+000
 imbalance (mm/day) -6.974639615853206E-011
  imbalance (rel error): -3.959797848509980E-016
 ===========================
 Let's do some shortwave
 Range of zenith angles  0.732661695834013       0.732661695834013     
 Range of surface albedo (asdir)  3.383449086658900E-002  3.383449086658900E-002
 Range of surface albedo (aldir)  3.383449086658900E-002  3.383449086658900E-002
 Range of surface albedo (asdif)  6.000000000000000E-002  6.000000000000000E-002
 Range of surface albedo (aldif)  6.000000000000000E-002  6.000000000000000E-002
 radiation: perpetual sun, solin=   310.282738917018     
 longwave radiation is called
NSTEP =        937   NCYCLE=  7  CFL_adv= 0.473  CFL_sgs= 0.033
NSTEP =        938   NCYCLE=  7  CFL_adv= 0.455  CFL_sgs= 0.029
NSTEP =        939   NCYCLE=  7  CFL_adv= 0.454  CFL_sgs= 0.027
 Collecting statistics...
 name QCSTRG is missing in "lst" file.
NSTEP =        940   NCYCLE=  7  CFL_adv= 0.435  CFL_sgs= 0.029
 DAY =   0.326388888888889     
 NSTEP=         940
 div:  4.777979094928406E-017 -3.521993483834722E-017
 SST=   303.150000000000     
 surface pressure=   1014.80000000000     
 u:  -7.51701591949525        6.82233706639038     
 v:  -8.22760654555257        7.02835741109323     
 w:  -5.62939332108356        23.4807952665983     
 p:  -55.6114101370159        52.4046933727472     
 t:   272.964934837506        473.569022053950     
 tabs:   198.386948143598        301.228586200867     
 qv:  8.835294081368487E-043  2.018333644541876E-002
 tke:  0.000000000000000E+000   20.0721989631845     
 tk:  0.000000000000000E+000   112.005019316057     
 tkh:  0.000000000000000E+000   112.005019316057     
 qcl:  0.000000000000000E+000  2.438579324459871E-003
 qci:  0.000000000000000E+000  4.320808586049774E-003
 qpl:  0.000000000000000E+000  1.287955017316910E-002
 qpi:  0.000000000000000E+000  0.000000000000000E+000
 qrad(K/day):  -78.2630291428284        38.2034015921262     
 shf:   5.38137965442832        48.2667637807610     
 lhf:   54.1902370700138        246.422526598167     
 uw: -4.588756517056787E-002  4.458698795050507E-002
 vw: -4.148537308277076E-002  5.207723222914049E-002
 sst:   303.150000000000        303.150000000000     
 ===========================
 total water budget:
 before (mm):         53.83271119140
 after (mm):          53.83301810703
 evaporation (mm):     0.00081928571
 precipitation (mm):   0.00051237008
 large-scale (mm):     0.00000000000
 Imbalance (mm)       0.00000000000
 evap (mm/day):   2.35954285342544     
 prec (mm/day):   1.47562582622640     
 ls (mm/day):  0.000000000000000E+000
 imbalance (mm/day)  7.244829736130498E-012
  imbalance (rel error):  1.319901355609282E-016
 ===========================
NSTEP =        941   NCYCLE=  7  CFL_adv= 0.447  CFL_sgs= 0.031
NSTEP =        942   NCYCLE=  7  CFL_adv= 0.455  CFL_sgs= 0.032
 Let's do some shortwave
 Range of zenith angles  0.732661695834013       0.732661695834013     
 Range of surface albedo (asdir)  3.383449086658900E-002  3.383449086658900E-002
 Range of surface albedo (aldir)  3.383449086658900E-002  3.383449086658900E-002
 Range of surface albedo (asdif)  6.000000000000000E-002  6.000000000000000E-002
 Range of surface albedo (aldif)  6.000000000000000E-002  6.000000000000000E-002
 radiation: perpetual sun, solin=   310.282738915024     
 longwave radiation is called
NSTEP =        943   NCYCLE=  7  CFL_adv= 0.458  CFL_sgs= 0.032
 Collecting statistics...
 name QCSTRG is missing in "lst" file.
NSTEP =        944   NCYCLE=  7  CFL_adv= 0.466  CFL_sgs= 0.031
 DAY =   0.327777777777778     
 NSTEP=         944
 div:  3.504343203322158E-017 -3.323820641188919E-017
 SST=   303.150000000000     
 surface pressure=   1014.80000000000     
 u:  -7.33302287812246        7.51142248666242     
 v:  -7.69102710082191        7.59531422481402     
 w:  -5.20556911448704        24.1225053301233     
 p:  -57.3180729670007        53.6256269267807     
 t:   274.605416562378        473.570531744259     
 tabs:   198.411207808655        301.157828320662     
 qv:  9.265040019551118E-043  2.018439577665130E-002
 tke:  0.000000000000000E+000   21.3440748134080     
 tk:  0.000000000000000E+000   115.499120162796     
 tkh:  0.000000000000000E+000   115.499120162796     
 qcl:  0.000000000000000E+000  2.654573859202768E-003
 qci:  0.000000000000000E+000  4.297655951658846E-003
 qpl:  0.000000000000000E+000  1.079765297389888E-002
 qpi:  0.000000000000000E+000  0.000000000000000E+000
 qrad(K/day):  -76.8755118149347        52.4897995471953     
 shf:   5.41674757307566        48.0017566577035     
 lhf:   54.1779382727452        240.129398454393     
 uw: -4.586098511003840E-002  5.497165257115915E-002
 vw: -3.713601399214982E-002  4.502768181976845E-002
 sst:   303.150000000000        303.150000000000     
 ===========================
 total water budget:
 before (mm):         53.83395624085
 after (mm):          53.83424989713
 evaporation (mm):     0.00082104191
 precipitation (mm):   0.00052738562
 large-scale (mm):     0.00000000000
 Imbalance (mm)       0.00000000000
 evap (mm/day):   2.36460069680827     
 prec (mm/day):   1.51887059883324     
 ls (mm/day):  0.000000000000000E+000
 imbalance (mm/day)  1.911136561505433E-009
  imbalance (rel error):  1.227480173903340E-014
 ===========================
NSTEP =        945   NCYCLE=  7  CFL_adv= 0.458  CFL_sgs= 0.029
NSTEP =        946   NCYCLE=  7  CFL_adv= 0.469  CFL_sgs= 0.028
NSTEP =        947   NCYCLE=  7  CFL_adv= 0.460  CFL_sgs= 0.027
 Collecting statistics...
 name QCSTRG is missing in "lst" file.
NSTEP =        948   NCYCLE=  7  CFL_adv= 0.456  CFL_sgs= 0.028
 DAY =   0.329166666666667     
 NSTEP=         948
 div:  4.178103997601162E-017 -2.828246974717825E-017
 SST=   303.150000000000     
 surface pressure=   1014.80000000000     
 u:  -6.92285521196812        7.48964690646419     
 v:  -8.38575316384405        7.50597142156796     
 w:  -5.73090050615401        23.7880741437751     
 p:  -45.7973095857762        47.1682429053085     
 t:   286.150530337162        473.571494742747     
 tabs:   198.514758408925        301.160951936334     
 qv:  9.542935718588066E-043  2.017295215045228E-002
 tke:  0.000000000000000E+000   20.3394766369934     
 tk:  0.000000000000000E+000   112.748272262243     
 tkh:  0.000000000000000E+000   112.748272262243     
 qcl:  0.000000000000000E+000  2.515064499805382E-003
 qci:  0.000000000000000E+000  4.297250398373197E-003
 qpl:  0.000000000000000E+000  8.943630819169875E-003
 qpi:  0.000000000000000E+000  0.000000000000000E+000
 qrad(K/day):  -76.8755118149347        52.4897995471953     
 shf:   5.40794043703703        50.6507872094677     
 lhf:   54.2691413116478        219.233601660998     
 uw: -4.490179092778147E-002  5.119361226772575E-002
 vw: -4.547808742240409E-002  4.936091501321910E-002
 sst:   303.150000000000        303.150000000000     
 ===========================
 total water budget:
 before (mm):         53.83510475918
 after (mm):          53.83539756109
 evaporation (mm):     0.00082277428
 precipitation (mm):   0.00052997238
 large-scale (mm):     0.00000000000
 Imbalance (mm)       0.00000000000
 evap (mm/day):   2.36958993060814     
 prec (mm/day):   1.52632044980124     
 ls (mm/day):  0.000000000000000E+000
 imbalance (mm/day)  4.018847754583277E-011
  imbalance (rel error):  2.639686035396525E-016
 ===========================
 Let's do some shortwave
 Range of zenith angles  0.732661695834013       0.732661695834013     
 Range of surface albedo (asdir)  3.383449086658900E-002  3.383449086658900E-002
 Range of surface albedo (aldir)  3.383449086658900E-002  3.383449086658900E-002
 Range of surface albedo (asdif)  6.000000000000000E-002  6.000000000000000E-002
 Range of surface albedo (aldif)  6.000000000000000E-002  6.000000000000000E-002
 radiation: perpetual sun, solin=   310.282738913242     
 longwave radiation is called
NSTEP =        949   NCYCLE=  7  CFL_adv= 0.450  CFL_sgs= 0.028
NSTEP =        950   NCYCLE=  7  CFL_adv= 0.434  CFL_sgs= 0.031
NSTEP =        951   NCYCLE=  7  CFL_adv= 0.426  CFL_sgs= 0.035
 Collecting statistics...
 name QCSTRG is missing in "lst" file.
NSTEP =        952   NCYCLE=  7  CFL_adv= 0.440  CFL_sgs= 0.039
 DAY =   0.330555555555556     
 NSTEP=         952
 div:  4.730789900785318E-017 -3.965205402040075E-017
 SST=   303.150000000000     
 surface pressure=   1014.80000000000     
 u:  -8.83540595799404        8.66423474125316     
 v:  -8.84196282982782        7.92146862503630     
 w:  -6.95370375207101        25.1454094254347     
 p:  -59.1648647711301        57.3672523928829     
 t:   275.958845637304        473.571762226654     
 tabs:   198.756976207633        301.163136225702     
 qv:  9.744298315244769E-043  2.014583371569066E-002
 tke:  0.000000000000000E+000   24.4821765288184     
 tk:  0.000000000000000E+000   123.698667456491     
 tkh:  0.000000000000000E+000   123.698667456491     
 qcl:  0.000000000000000E+000  2.697342429774389E-003
 qci:  0.000000000000000E+000  4.904421019319199E-003
 qpl:  0.000000000000000E+000  1.242973186602368E-002
 qpi:  0.000000000000000E+000  0.000000000000000E+000
 qrad(K/day):  -71.1977689856997        51.3529009959234     
 shf:   5.40636442197443        35.6153759867696     
 lhf:   54.4891831741651        214.174401346155     
 uw: -8.778458077077002E-002  9.042094409804168E-002
 vw: -7.356905563909910E-002  7.102844659325441E-002
 sst:   303.150000000000        303.150000000000     
 ===========================
 total water budget:
 before (mm):         53.83639582667
 after (mm):          53.83675258654
 evaporation (mm):     0.00082437414
 precipitation (mm):   0.00046761427
 large-scale (mm):     0.00000000000
 Imbalance (mm)       0.00000000000
 evap (mm/day):   2.37419752289664     
 prec (mm/day):   1.34672911102018     
 ls (mm/day):  0.000000000000000E+000
 imbalance (mm/day)  1.754346667937057E-011
  imbalance (rel error):  1.319809798367722E-016
 ===========================
NSTEP =        953   NCYCLE=  7  CFL_adv= 0.475  CFL_sgs= 0.043
NSTEP =        954   NCYCLE=  7  CFL_adv= 0.461  CFL_sgs= 0.045
 Let's do some shortwave
 Range of zenith angles  0.732661695834013       0.732661695834013     
 Range of surface albedo (asdir)  3.383449086658900E-002  3.383449086658900E-002
 Range of surface albedo (aldir)  3.383449086658900E-002  3.383449086658900E-002
 Range of surface albedo (asdif)  6.000000000000000E-002  6.000000000000000E-002
 Range of surface albedo (aldif)  6.000000000000000E-002  6.000000000000000E-002
 radiation: perpetual sun, solin=   310.282738910457     
 longwave radiation is called
NSTEP =        955   NCYCLE=  7  CFL_adv= 0.458  CFL_sgs= 0.044
 Collecting statistics...
 name QCSTRG is missing in "lst" file.
NSTEP =        956   NCYCLE=  7  CFL_adv= 0.438  CFL_sgs= 0.042
 DAY =   0.331944444444444     
 NSTEP=         956
 div:  3.683876324478973E-017 -3.807256877069959E-017
 SST=   303.150000000000     
 surface pressure=   1014.80000000000     
 u:  -7.82307589264329        7.16261519580455     
 v:  -7.77841087971136        7.69249878782495     
 w:  -6.88656917050046        24.5703410850707     
 p:  -68.6459310021444        53.4257138246639     
 t:   270.019940983569        473.572380935299     
 tabs:   198.808896102783        301.163915043706     
 qv:  9.883080071821065E-043  2.009854888995547E-002
 tke:  0.000000000000000E+000   19.2863454105032     
 tk:  0.000000000000000E+000   109.790554609969     
 tkh:  0.000000000000000E+000   109.790554609969     
 qcl:  0.000000000000000E+000  2.825215469599290E-003
 qci:  0.000000000000000E+000  4.926781913387448E-003
 qpl:  0.000000000000000E+000  1.361419992704830E-002
 qpi:  0.000000000000000E+000  0.000000000000000E+000
 qrad(K/day):  -73.3024511872902        43.5329800537664     
 shf:   5.41268645531058        51.4334684160076     
 lhf:   55.0219396105312        248.067032938248     
 uw: -6.180741330681714E-002  7.360440967629241E-002
 vw: -5.671770657841026E-002  7.112438413851829E-002
 sst:   303.150000000000        303.150000000000     
 ===========================
 total water budget:
 before (mm):         53.83783415374
 after (mm):          53.83817739419
 evaporation (mm):     0.00082597956
 precipitation (mm):   0.00048273912
 large-scale (mm):     0.00000000000
 Imbalance (mm)       0.00000000000
 evap (mm/day):   2.37882113431837     
 prec (mm/day):   1.39028865776972     
 ls (mm/day):  0.000000000000000E+000
 imbalance (mm/day)  3.233194961760333E-011
  imbalance (rel error):  2.639549740169421E-016
 ===========================
NSTEP =        957   NCYCLE=  7  CFL_adv= 0.447  CFL_sgs= 0.038
NSTEP =        958   NCYCLE=  7  CFL_adv= 0.447  CFL_sgs= 0.035
NSTEP =        959   NCYCLE=  7  CFL_adv= 0.445  CFL_sgs= 0.035
 Collecting statistics...
 name QCSTRG is missing in "lst" file.
 Writting statistics:nstatsteps=          15
 --------------- ISCCP Simulator Diagnostics: -----------------
 ISCCP PDF:
            0.0       0.3       1.3       3.6       9.4      23.0      60.0
    0.     0.186     0.070     0.029     0.017     0.018     0.021     0.056
  180.     0.002     0.001     0.001     0.004     0.002     0.001     0.001
  310.     0.007     0.002     0.002     0.001     0.001     0.000     0.000
  440.     0.002     0.001     0.001     0.001     0.000     0.000     0.000
  560.     0.000     0.001     0.001     0.001     0.000     0.000     0.000
  680.     0.000     0.001     0.002     0.001     0.001     0.001     0.001
  800.     0.006     0.021     0.024     0.013     0.006     0.003     0.000
 low cld area (tau > 0.3)=  7.448018391927083E-002
 mid cld area (tau > 0.3)=  6.672159830729166E-003
 hgh cld area (tau > 0.3)=  0.227291870117187     
 total cld area (tau > 0.3)=  0.308444213867188     
 mean albedo cld (tau > 0.3)   0.422728664525631     
 mean tau cld (tau > 0.3)    6.03127355830334     
 mean top pressure (tau > 0.3)   322.076146017951     
 mean brightness temp (tau > 0.3)   257.160204068779     
 mean clearsky brightness temp (tau > 0.3)   296.568094851898     
 --------------- MODIS Simulator Diagnostics: -----------------
 MODIS PDF:
                      0.3       1.3       3.6       9.4      23.0      60.0
    0.               0.069     0.031     0.022     0.019     0.022     0.056
  180.               0.000     0.001     0.001     0.001     0.001     0.001
  310.               0.002     0.001     0.001     0.000     0.000     0.000
  440.               0.001     0.001     0.000     0.000     0.000     0.000
  560.               0.002     0.001     0.000     0.000     0.000     0.000
  680.               0.002     0.002     0.001     0.001     0.001     0.001
  800.               0.020     0.024     0.013     0.006     0.003     0.000
 low cld area =  7.273152669270833E-002
 mid cld area =  5.286661783854167E-003
 hgh cld area =  0.227950032552083     
 total cld area =  0.305968221028646     
 mean tau cld    47.8765074763747     
 mean top pressure    316.689766982410     
 total cld area (liquid) =  7.421569824218749E-002
 total cld area (ice) =  0.227332560221354     
 mean tau (liquid) =   6.92489279198454     
 mean tau (ice) =   61.9775328669659     
 mean lwp (g/m2) =   88.9632397138835     
 mean iwp (g/m2) =   742.422869108523     
 mean reff (liquid)  =   14.7335517465614     
 mean reff (ice)  =   22.2695801064272     
 --------------- MISR Simulator Diagnostics: -----------------
 MISR PDF:
            0.0       0.3       1.3       3.6       9.4      23.0      60.0
 99.00     0.000     0.000     0.000     0.000     0.000     0.000     0.000
 17.00     0.000     0.000     0.000     0.000     0.000     0.000     0.008
 15.00     0.000     0.005     0.022     0.020     0.019     0.022     0.048
 13.00     0.000     0.022     0.000     0.000     0.000     0.000     0.000
 11.00     0.000     0.009     0.001     0.001     0.001     0.001     0.001
  9.00     0.000     0.006     0.007     0.001     0.000     0.000     0.000
  7.00     0.000     0.000     0.000     0.000     0.000     0.000     0.000
  5.00     0.000     0.000     0.000     0.000     0.000     0.000     0.000
  4.00     0.000     0.000     0.000     0.000     0.000     0.000     0.000
  3.00     0.000     0.000     0.000     0.000     0.000     0.000     0.000
  2.50     0.000     0.000     0.000     0.000     0.000     0.000     0.000
  2.00     0.000     0.000     0.000     0.000     0.000     0.001     0.000
  1.50     0.000     0.000     0.001     0.001     0.003     0.002     0.000
  1.00     0.000     0.006     0.028     0.014     0.003     0.000     0.000
  0.50     0.000     0.014     0.001     0.000     0.000     0.000     0.000
  0.00     0.023     0.032     0.000     0.000     0.000     0.000     0.000
 total cld area =  0.277984619140625     
 mean top height (m)   9701.58739921102     
 Writting history file 
 rcemip300sst_16_nCat6_MaxIce200                                                
  
 Writting 2D data. file:./OUT_2D/bubble_rcemip300sst_16_nCat6_MaxIce200_64.2Dbin
                                                                 
 Writting 3D data. file:./OUT_3D/bubble_rcemip300sst_16_nCat6_MaxIce200_64_00000
 00960.bin3D                                                     
NSTEP =        960   NCYCLE=  7  CFL_adv= 0.444  CFL_sgs= 0.035
 DAY =   0.333333333333333     
 NSTEP=         960
 div:  5.094586875954078E-017 -4.248410527041730E-017
 SST=   303.150000000000     
 surface pressure=   1014.80000000000     
 u:  -8.48228625888498        8.17998167828226     
 v:  -8.23114598271984        8.01580663930955     
 w:  -5.65499588148223        23.4452567679266     
 p:  -49.4864227844143        46.4849393588832     
 t:   276.619222235602        473.573570716283     
 tabs:   198.725565021809        301.423258912628     
 qv:  9.969874663459945E-043  2.009010711462247E-002
 tke:  0.000000000000000E+000   26.4415404732475     
 tk:  0.000000000000000E+000   128.553346108842     
 tkh:  0.000000000000000E+000   128.553346108842     
 qcl:  0.000000000000000E+000  4.103734646240718E-003
 qci:  0.000000000000000E+000  4.559511781411475E-003
 qpl:  0.000000000000000E+000  9.522525429097253E-003
 qpi:  0.000000000000000E+000  0.000000000000000E+000
 qrad(K/day):  -73.3024511872902        43.5329800537664     
 shf:   5.43840226991137        90.5652450435235     
 lhf:   54.9642144442327        272.352950192010     
 uw: -6.428867673206630E-002  5.842236372098747E-002
 vw: -6.762784116166699E-002  6.740065719455640E-002
 sst:   303.150000000000        303.150000000000     
 ===========================
 total water budget:
 before (mm):         53.83923682713
 after (mm):          53.83957934719
 evaporation (mm):     0.00082772315
 precipitation (mm):   0.00048520324
 large-scale (mm):     0.00000000000
 Imbalance (mm)       0.00000000015
 evap (mm/day):   2.38384267819956     
 prec (mm/day):   1.39738533844937     
 ls (mm/day):  0.000000000000000E+000
 imbalance (mm/day)  4.331579329594493E-007
  imbalance (rel error):  2.793494724549621E-012
 ===========================
CPU TIME =     596.2349 OVER     0.50 MODEL HOURS
 Let's do some shortwave
 Range of zenith angles  0.732661695834013       0.732661695834013     
 Range of surface albedo (asdir)  3.383449086658900E-002  3.383449086658900E-002
 Range of surface albedo (aldir)  3.383449086658900E-002  3.383449086658900E-002
 Range of surface albedo (asdif)  6.000000000000000E-002  6.000000000000000E-002
 Range of surface albedo (aldif)  6.000000000000000E-002  6.000000000000000E-002
 radiation: perpetual sun, solin=   310.282738909481     
 longwave radiation is called
NSTEP =        961   NCYCLE=  7  CFL_adv= 0.428  CFL_sgs= 0.036
NSTEP =        962   NCYCLE=  7  CFL_adv= 0.435  CFL_sgs= 0.037
NSTEP =        963   NCYCLE=  7  CFL_adv= 0.426  CFL_sgs= 0.038
 Collecting statistics...
 name QCSTRG is missing in "lst" file.
NSTEP =        964   NCYCLE=  7  CFL_adv= 0.410  CFL_sgs= 0.039
 DAY =   0.334722222222222     
 NSTEP=         964
 div:  4.489599020207513E-017 -3.350930388184469E-017
 SST=   303.150000000000     
 surface pressure=   1014.80000000000     
 u:  -8.22094961208865        7.63731332564142     
 v:  -8.37754801529988        7.98643546731782     
 w:  -4.74898254534743        22.9964670100708     
 p:  -48.3461536491682        49.3990378908530     
 t:   287.727805079902        473.575820703279     
 tabs:   198.597855758058        301.626021398163     
 qv:  1.019827481509922E-042  2.008941301683357E-002
 tke:  0.000000000000000E+000   22.6340699068149     
 tk:  0.000000000000000E+000   118.938192737906     
 tkh:  0.000000000000000E+000   118.938192737906     
 qcl:  0.000000000000000E+000  5.338722048232639E-003
 qci:  0.000000000000000E+000  4.356644008766959E-003
 qpl:  0.000000000000000E+000  6.344952853733275E-003
 qpi:  0.000000000000000E+000  0.000000000000000E+000
 qrad(K/day):  -76.7639704189140        39.4320926172066     
 shf:   5.39153059368859        40.3609394042341     
 lhf:   54.9675167940903        307.461573327710     
 uw: -6.227843525903610E-002  6.245959072555688E-002
 vw: -6.269885369957237E-002  8.305227779530330E-002
 sst:   303.150000000000        303.150000000000     
 ===========================
 total water budget:
 before (mm):         53.84051428837
 after (mm):          53.84086975929
 evaporation (mm):     0.00082950167
 precipitation (mm):   0.00047403100
 large-scale (mm):     0.00000000000
 Imbalance (mm)       0.00000000024
 evap (mm/day):   2.38896481901985     
 prec (mm/day):   1.36520927221704     
 ls (mm/day):  0.000000000000000E+000
 imbalance (mm/day)  6.769074697640654E-007
  imbalance (rel error):  4.365333011623417E-012
 ===========================
NSTEP =        965   NCYCLE=  7  CFL_adv= 0.432  CFL_sgs= 0.039
NSTEP =        966   NCYCLE=  7  CFL_adv= 0.457  CFL_sgs= 0.037
 Let's do some shortwave
 Range of zenith angles  0.732661695834013       0.732661695834013     
 Range of surface albedo (asdir)  3.383449086658900E-002  3.383449086658900E-002
 Range of surface albedo (aldir)  3.383449086658900E-002  3.383449086658900E-002
 Range of surface albedo (asdif)  6.000000000000000E-002  6.000000000000000E-002
 Range of surface albedo (aldif)  6.000000000000000E-002  6.000000000000000E-002
 radiation: perpetual sun, solin=   310.282738912987     
 longwave radiation is called
NSTEP =        967   NCYCLE=  7  CFL_adv= 0.462  CFL_sgs= 0.032
 Collecting statistics...
 name QCSTRG is missing in "lst" file.
NSTEP =        968   NCYCLE=  7  CFL_adv= 0.452  CFL_sgs= 0.031
 DAY =   0.336111111111111     
 NSTEP=         968
 div:  3.625896092068075E-017 -3.263761308190255E-017
 SST=   303.150000000000     
 surface pressure=   1014.80000000000     
 u:  -8.16771562394466        8.66828697556008     
 v:  -9.27824852785049        8.35324702150657     
 w:  -6.48735854536412        24.2356678402853     
 p:  -67.9637591246610        59.6832979101789     
 t:   283.566256259684        473.577571409760     
 tabs:   198.459817132135        301.651202023162     
 qv:  1.042582570276084E-042  2.009721778289529E-002
 tke:  0.000000000000000E+000   21.3850329910397     
 tk:  0.000000000000000E+000   115.609885474382     
 tkh:  0.000000000000000E+000   115.609885474382     
 qcl:  0.000000000000000E+000  3.994926838354771E-003
 qci:  0.000000000000000E+000  4.953882347520359E-003
 qpl:  0.000000000000000E+000  7.730700008537094E-003
 qpi:  0.000000000000000E+000  0.000000000000000E+000
 qrad(K/day):  -81.2773749797655        35.9757006800230     
 shf:   5.36364854620732        34.0858003997821     
 lhf:   55.0449898202017        322.145316822490     
 uw: -5.277636185440747E-002  4.964565027924109E-002
 vw: -6.484138314405109E-002  5.819636577160622E-002
 sst:   303.150000000000        303.150000000000     
 ===========================
 total water budget:
 before (mm):         53.84200980573
 after (mm):          53.84239197266
 evaporation (mm):     0.00083103008
 precipitation (mm):   0.00044886316
 large-scale (mm):     0.00000000000
 Imbalance (mm)       0.00000000000
 evap (mm/day):   2.39336664292299     
 prec (mm/day):   1.29272589960117     
 ls (mm/day):  0.000000000000000E+000
 imbalance (mm/day)  8.516297042571176E-011
  imbalance (rel error):  5.278686252430306E-016
 ===========================
NSTEP =        969   NCYCLE=  7  CFL_adv= 0.453  CFL_sgs= 0.030
NSTEP =        970   NCYCLE=  7  CFL_adv= 0.452  CFL_sgs= 0.030
NSTEP =        971   NCYCLE=  7  CFL_adv= 0.453  CFL_sgs= 0.030
 Collecting statistics...
 name QCSTRG is missing in "lst" file.
NSTEP =        972   NCYCLE=  7  CFL_adv= 0.441  CFL_sgs= 0.028
 DAY =   0.337500000000000     
 NSTEP=         972
 div:  5.052385383990199E-017 -3.279191286481284E-017
 SST=   303.150000000000     
 surface pressure=   1014.80000000000     
 u:  -8.19276422058691        6.79246013464391     
 v:  -9.07041122665820        7.13349999907930     
 w:  -5.61247227260083        23.2622904142240     
 p:  -59.0052782747240        57.8178145938793     
 t:   280.470218090343        473.578406516766     
 tabs:   198.354996414758        301.546054676894     
 qv:  1.062138095938762E-042  2.009483020146886E-002
 tke:  0.000000000000000E+000   19.7725822902666     
 tk:  0.000000000000000E+000   111.165929724069     
 tkh:  0.000000000000000E+000   111.165929724069     
 qcl:  0.000000000000000E+000  3.304008377394055E-003
 qci:  0.000000000000000E+000  4.368088671756107E-003
 qpl:  0.000000000000000E+000  9.284863653736264E-003
 qpi:  0.000000000000000E+000  0.000000000000000E+000
 qrad(K/day):  -81.2773749797655        35.9757006800230     
 shf:   5.33241142216580        43.0716085285907     
 lhf:   55.2053647440507        273.583881621578     
 uw: -5.464953860883021E-002  5.645109887090298E-002
 vw: -5.611389804651637E-002  5.169903929985194E-002
 sst:   303.150000000000        303.150000000000     
 ===========================
 total water budget:
 before (mm):         53.84347076267
 after (mm):          53.84382557320
 evaporation (mm):     0.00083232132
 precipitation (mm):   0.00047751079
 large-scale (mm):     0.00000000000
 Imbalance (mm)      -0.00000000000
 evap (mm/day):   2.39708540439072     
 prec (mm/day):   1.37523108097819     
 ls (mm/day):  0.000000000000000E+000
 imbalance (mm/day) -6.616644732115873E-011
  imbalance (rel error): -3.958909279917969E-016
 ===========================
 Let's do some shortwave
 Range of zenith angles  0.732661695834013       0.732661695834013     
 Range of surface albedo (asdir)  3.383449086658900E-002  3.383449086658900E-002
 Range of surface albedo (aldir)  3.383449086658900E-002  3.383449086658900E-002
 Range of surface albedo (asdif)  6.000000000000000E-002  6.000000000000000E-002
 Range of surface albedo (aldif)  6.000000000000000E-002  6.000000000000000E-002
 radiation: perpetual sun, solin=   310.282738913695     
 longwave radiation is called
NSTEP =        973   NCYCLE=  7  CFL_adv= 0.435  CFL_sgs= 0.028
NSTEP =        974   NCYCLE=  7  CFL_adv= 0.452  CFL_sgs= 0.029
NSTEP =        975   NCYCLE=  7  CFL_adv= 0.461  CFL_sgs= 0.029
 Collecting statistics...
 name QCSTRG is missing in "lst" file.
NSTEP =        976   NCYCLE=  7  CFL_adv= 0.447  CFL_sgs= 0.032
 DAY =   0.338888888888889     
 NSTEP=         976
 div:  4.277133330458998E-017 -3.042079524938609E-017
 SST=   303.150000000000     
 surface pressure=   1014.80000000000     
 u:  -8.70922321132028        7.63776993064687     
 v:  -8.62654540080372        7.69659799590474     
 w:  -5.38925639708321        23.7081019558366     
 p:  -54.8494438689169        46.7953517814159     
 t:   278.949875255055        473.577722868745     
 tabs:   198.371799357355        301.318094284713     
 qv:  1.071846469535868E-042  2.008089300550023E-002
 tke:  0.000000000000000E+000   20.3420966013556     
 tk:  0.000000000000000E+000   112.755533681710     
 tkh:  0.000000000000000E+000   112.755533681710     
 qcl:  0.000000000000000E+000  2.576598658125714E-003
 qci:  0.000000000000000E+000  4.613729808469632E-003
 qpl:  0.000000000000000E+000  9.647331536622464E-003
 qpi:  0.000000000000000E+000  0.000000000000000E+000
 qrad(K/day):  -75.8016291738333        34.8353782397961     
 shf:   5.30003148117720        41.0552563473625     
 lhf:   55.4476118157420        251.959239571108     
 uw: -5.366048547769672E-002  4.705789092905548E-002
 vw: -6.188560438002139E-002  4.602869110554198E-002
 sst:   303.150000000000        303.150000000000     
 ===========================
 total water budget:
 before (mm):         53.84493479045
 after (mm):          53.84531478744
 evaporation (mm):     0.00083349954
 precipitation (mm):   0.00045350255
 large-scale (mm):     0.00000000000
 Imbalance (mm)      -0.00000000000
 evap (mm/day):   2.40047866152040     
 prec (mm/day):   1.30608733854223     
 ls (mm/day):  0.000000000000000E+000
 imbalance (mm/day) -4.925497509855603E-011
  imbalance (rel error): -2.639199858205191E-016
 ===========================
NSTEP =        977   NCYCLE=  7  CFL_adv= 0.448  CFL_sgs= 0.033
NSTEP =        978   NCYCLE=  7  CFL_adv= 0.424  CFL_sgs= 0.029
 Let's do some shortwave
 Range of zenith angles  0.732661695834013       0.732661695834013     
 Range of surface albedo (asdir)  3.383449086658900E-002  3.383449086658900E-002
 Range of surface albedo (aldir)  3.383449086658900E-002  3.383449086658900E-002
 Range of surface albedo (asdif)  6.000000000000000E-002  6.000000000000000E-002
 Range of surface albedo (aldif)  6.000000000000000E-002  6.000000000000000E-002
 radiation: perpetual sun, solin=   310.282738919584     
 longwave radiation is called
NSTEP =        979   NCYCLE=  7  CFL_adv= 0.423  CFL_sgs= 0.027
 Collecting statistics...
 name QCSTRG is missing in "lst" file.
NSTEP =        980   NCYCLE=  7  CFL_adv= 0.412  CFL_sgs= 0.024
 DAY =   0.340277777777778     
 NSTEP=         980
 div:  4.294768267881358E-017 -4.087175174851584E-017
 SST=   303.150000000000     
 surface pressure=   1014.80000000000     
 u:  -8.44141422316449        7.57874716995064     
 v:  -8.59354290808909        7.68524915492263     
 w:  -5.99798549490517        21.2222377739408     
 p:  -52.0763003356183        42.3295255223634     
 t:   284.344098940746        473.578114166901     
 tabs:   198.470737177868        301.201541304471     
 qv:  1.328936704620107E-042  2.005441926734572E-002
 tke:  0.000000000000000E+000   17.1125829746556     
 tk:  0.000000000000000E+000   103.418394684697     
 tkh:  0.000000000000000E+000   103.418394684697     
 qcl:  0.000000000000000E+000  2.126721548001289E-003
 qci:  0.000000000000000E+000  4.545909174347988E-003
 qpl:  0.000000000000000E+000  7.599508210695030E-003
 qpi:  0.000000000000000E+000  0.000000000000000E+000
 qrad(K/day):  -76.0649655705807        45.8446405342510     
 shf:   5.36385087530997        97.0138192807517     
 lhf:   56.0183485631635        245.877128831633     
 uw: -3.841145073758310E-002  4.852567012244439E-002
 vw: -3.920673872138662E-002  4.563170336976097E-002
 sst:   303.150000000000        303.150000000000     
 ===========================
 total water budget:
 before (mm):         53.84642548129
 after (mm):          53.84678621221
 evaporation (mm):     0.00083462100
 precipitation (mm):   0.00047389008
 large-scale (mm):     0.00000000000
 Imbalance (mm)       0.00000000000
 evap (mm/day):   2.40370846734510     
 prec (mm/day):   1.36480342325605     
 ls (mm/day):  0.000000000000000E+000
 imbalance (mm/day)  4.906731271292487E-011
  imbalance (rel error):  3.958691608594247E-016
 ===========================
NSTEP =        981   NCYCLE=  6  CFL_adv= 0.460  CFL_sgs= 0.027
NSTEP =        982   NCYCLE=  6  CFL_adv= 0.460  CFL_sgs= 0.030
NSTEP =        983   NCYCLE=  6  CFL_adv= 0.444  CFL_sgs= 0.032
 Collecting statistics...
 name QCSTRG is missing in "lst" file.
NSTEP =        984   NCYCLE=  6  CFL_adv= 0.456  CFL_sgs= 0.035
 DAY =   0.341666666666667     
 NSTEP=         984
 div:  5.209084885065267E-017 -3.751022043143226E-017
 SST=   303.150000000000     
 surface pressure=   1014.80000000000     
 u:  -9.46266904244712        8.24680577756361     
 v:  -8.09699968330587        8.07603078322663     
 w:  -7.74086899519439        22.8256460947297     
 p:  -57.0842492628395        45.3958584990360     
 t:   286.045534456666        473.580684960001     
 tabs:   198.665722455696        301.345884555835     
 qv:  2.111833998361445E-042  2.001552214375699E-002
 tke:  0.000000000000000E+000   15.9502278814872     
 tk:  0.000000000000000E+000   99.8443409809967     
 tkh:  0.000000000000000E+000   99.8443409809967     
 qcl:  0.000000000000000E+000  2.004964094468695E-003
 qci:  0.000000000000000E+000  4.055831064457788E-003
 qpl:  0.000000000000000E+000  6.929618129488438E-003
 qpi:  0.000000000000000E+000  0.000000000000000E+000
 qrad(K/day):  -76.0649655705807        45.8446405342510     
 shf:   5.45114145344834        53.9372697538288     
 lhf:   55.9590987543178        232.303945031074     
 uw: -4.785578461135089E-002  5.896078165477802E-002
 vw: -7.444446827955671E-002  4.983338440369618E-002
 sst:   303.150000000000        303.150000000000     
 ===========================
 total water budget:
 before (mm):         53.84788224729
 after (mm):          53.84824018976
 evaporation (mm):     0.00083583719
 precipitation (mm):   0.00047789472
 large-scale (mm):     0.00000000000
 Imbalance (mm)       0.00000000000
 evap (mm/day):   2.40721110134363     
 prec (mm/day):   1.37633678846985     
 ls (mm/day):  0.000000000000000E+000
 imbalance (mm/day) -2.814935784467565E-013
  imbalance (rel error):  0.000000000000000E+000
 ===========================
 Let's do some shortwave
 Range of zenith angles  0.732661695834013       0.732661695834013     
 Range of surface albedo (asdir)  3.383449086658900E-002  3.383449086658900E-002
 Range of surface albedo (aldir)  3.383449086658900E-002  3.383449086658900E-002
 Range of surface albedo (asdif)  6.000000000000000E-002  6.000000000000000E-002
 Range of surface albedo (aldif)  6.000000000000000E-002  6.000000000000000E-002
 radiation: perpetual sun, solin=   310.282738917487     
 longwave radiation is called
NSTEP =        985   NCYCLE=  7  CFL_adv= 0.419  CFL_sgs= 0.033
NSTEP =        986   NCYCLE=  7  CFL_adv= 0.446  CFL_sgs= 0.035
NSTEP =        987   NCYCLE=  7  CFL_adv= 0.454  CFL_sgs= 0.035
 Collecting statistics...
 name QCSTRG is missing in "lst" file.
NSTEP =        988   NCYCLE=  8  CFL_adv= 0.444  CFL_sgs= 0.030
 DAY =   0.343055555555556     
 NSTEP=         988
 div:  3.786868817144893E-017 -3.308821249813471E-017
 SST=   303.150000000000     
 surface pressure=   1014.80000000000     
 u:  -7.59493371551155        8.52286553098111     
 v:  -9.17397183901221        8.49399705984431     
 w:  -5.72749824786429        28.3860156188806     
 p:  -54.9584066233739        37.1032600093116     
 t:   284.970304035571        473.583142853463     
 tabs:   198.867539849466        301.205534306661     
 qv:  3.404641625273944E-042  1.997709219682749E-002
 tke:  0.000000000000000E+000   28.7065845940706     
 tk:  0.000000000000000E+000   133.946315258368     
 tkh:  0.000000000000000E+000   133.946315258368     
 qcl:  0.000000000000000E+000  3.032434621569944E-003
 qci:  0.000000000000000E+000  4.699311282422078E-003
 qpl:  0.000000000000000E+000  7.866499193781250E-003
 qpi:  0.000000000000000E+000  0.000000000000000E+000
 qrad(K/day):  -80.2391619768231        44.2014250718280     
 shf:   5.43385404559871        38.8437716097357     
 lhf:   55.9038444771551        261.966834430738     
 uw: -4.538964884481137E-002  4.114451792104037E-002
 vw: -8.344701803031178E-002  5.811029652942731E-002
 sst:   303.150000000000        303.150000000000     
 ===========================
 total water budget:
 before (mm):         53.84930891136
 after (mm):          53.84967696994
 evaporation (mm):     0.00083720494
 precipitation (mm):   0.00046914635
 large-scale (mm):     0.00000000000
 Imbalance (mm)      -0.00000000000
 evap (mm/day):   2.41115021893030     
 prec (mm/day):   1.35114148582569     
 ls (mm/day):  0.000000000000000E+000
 imbalance (mm/day) -2.740120630395637E-011
  imbalance (rel error): -1.319493032719007E-016
 ===========================
NSTEP =        989   NCYCLE=  8  CFL_adv= 0.452  CFL_sgs= 0.028
NSTEP =        990   NCYCLE=  8  CFL_adv= 0.454  CFL_sgs= 0.026
 Let's do some shortwave
 Range of zenith angles  0.732661695834013       0.732661695834013     
 Range of surface albedo (asdir)  3.383449086658900E-002  3.383449086658900E-002
 Range of surface albedo (aldir)  3.383449086658900E-002  3.383449086658900E-002
 Range of surface albedo (asdif)  6.000000000000000E-002  6.000000000000000E-002
 Range of surface albedo (aldif)  6.000000000000000E-002  6.000000000000000E-002
 radiation: perpetual sun, solin=   310.282738917751     
 longwave radiation is called
NSTEP =        991   NCYCLE=  7  CFL_adv= 0.475  CFL_sgs= 0.027
 Collecting statistics...
 name QCSTRG is missing in "lst" file.
NSTEP =        992   NCYCLE=  7  CFL_adv= 0.431  CFL_sgs= 0.027
 DAY =   0.344444444444444     
 NSTEP=         992
 div:  4.846613820793491E-017 -2.900155693720667E-017
 SST=   303.150000000000     
 surface pressure=   1014.80000000000     
 u:  -7.08117801752293        8.76991858634959     
 v:  -9.85117622903887        8.38571097517313     
 w:  -6.38222846924277        20.2010456435923     
 p:  -53.4512311319679        47.9237732504931     
 t:   283.279396595548        473.587049671817     
 tabs:   198.930262201399        301.199079002885     
 qv:  4.074764374679531E-042  1.997989735937351E-002
 tke:  0.000000000000000E+000   16.6579415703767     
 tk:  0.000000000000000E+000   102.035354076347     
 tkh:  0.000000000000000E+000   102.035354076347     
 qcl:  0.000000000000000E+000  3.999271188408334E-003
 qci:  0.000000000000000E+000  4.518757192140909E-003
 qpl:  0.000000000000000E+000  7.660578296947607E-003
 qpi:  0.000000000000000E+000  0.000000000000000E+000
 qrad(K/day):  -74.9298337234524        41.0985659685445     
 shf:   5.41744863253429        36.7006399713104     
 lhf:   55.8795776190479        259.583801604482     
 uw: -4.854357648657325E-002  3.781096461556094E-002
 vw: -5.801631791806761E-002  5.360491696839005E-002
 sst:   303.150000000000        303.150000000000     
 ===========================
 total water budget:
 before (mm):         53.85079846615
 after (mm):          53.85119227097
 evaporation (mm):     0.00083863574
 precipitation (mm):   0.00044483092
 large-scale (mm):     0.00000000000
 Imbalance (mm)       0.00000000000
 evap (mm/day):   2.41527093267717     
 prec (mm/day):   1.28111305943181     
 ls (mm/day):  0.000000000000000E+000
 imbalance (mm/day)  2.549835342868789E-011
  imbalance (rel error):  1.319455903937713E-016
 ===========================
NSTEP =        993   NCYCLE=  7  CFL_adv= 0.426  CFL_sgs= 0.029
NSTEP =        994   NCYCLE=  7  CFL_adv= 0.430  CFL_sgs= 0.030
NSTEP =        995   NCYCLE=  7  CFL_adv= 0.446  CFL_sgs= 0.030
 Collecting statistics...
 name QCSTRG is missing in "lst" file.
NSTEP =        996   NCYCLE=  7  CFL_adv= 0.452  CFL_sgs= 0.029
 DAY =   0.345833333333333     
 NSTEP=         996
 div:  4.398929492283414E-017 -3.134275472961453E-017
 SST=   303.150000000000     
 surface pressure=   1014.80000000000     
 u:  -6.76706631567035        9.77513665077132     
 v:  -9.06745297912964        7.89735963811802     
 w:  -5.14117284328609        24.0365277924019     
 p:  -62.3096387593931        54.8338937138113     
 t:   282.763922787373        473.590576487156     
 tabs:   198.966717309097        301.187169989927     
 qv:  4.173646651985492E-042  1.997881033182408E-002
 tke:  0.000000000000000E+000   20.4488905012662     
 tk:  0.000000000000000E+000   113.051123671069     
 tkh:  0.000000000000000E+000   113.051123671069     
 qcl:  0.000000000000000E+000  2.794755614799153E-003
 qci:  0.000000000000000E+000  4.614107010971407E-003
 qpl:  0.000000000000000E+000  9.106277118626644E-003
 qpi:  0.000000000000000E+000  0.000000000000000E+000
 qrad(K/day):  -74.9298337234524        41.0985659685445     
 shf:   5.40897227815635        43.1381272819674     
 lhf:   55.8874519955499        252.606305631396     
 uw: -4.816020444503213E-002  3.939022071275881E-002
 vw: -6.916737393581410E-002  4.472852095873590E-002
 sst:   303.150000000000        303.150000000000     
 ===========================
 total water budget:
 before (mm):         53.85240530022
 after (mm):          53.85280529033
 evaporation (mm):     0.00083989568
 precipitation (mm):   0.00043990557
 large-scale (mm):     0.00000000000
 Imbalance (mm)      -0.00000000000
 evap (mm/day):   2.41889954617228     
 prec (mm/day):   1.26692803903313     
 ls (mm/day):  0.000000000000000E+000
 imbalance (mm/day) -2.605322207971383E-011
  imbalance (rel error): -1.319416383101093E-016
 ===========================
 Let's do some shortwave
 Range of zenith angles  0.732661695834013       0.732661695834013     
 Range of surface albedo (asdir)  3.383449086658900E-002  3.383449086658900E-002
 Range of surface albedo (aldir)  3.383449086658900E-002  3.383449086658900E-002
 Range of surface albedo (asdif)  6.000000000000000E-002  6.000000000000000E-002
 Range of surface albedo (aldif)  6.000000000000000E-002  6.000000000000000E-002
 radiation: perpetual sun, solin=   310.282738918929     
 longwave radiation is called
NSTEP =        997   NCYCLE=  7  CFL_adv= 0.446  CFL_sgs= 0.027
NSTEP =        998   NCYCLE=  7  CFL_adv= 0.448  CFL_sgs= 0.025
NSTEP =        999   NCYCLE=  7  CFL_adv= 0.450  CFL_sgs= 0.027
 Collecting statistics...
 name QCSTRG is missing in "lst" file.
NSTEP =       1000   NCYCLE=  7  CFL_adv= 0.457  CFL_sgs= 0.026
 DAY =   0.347222222222222     
 NSTEP=        1000
 div:  4.851557002509250E-017 -3.299459643764855E-017
 SST=   303.150000000000     
 surface pressure=   1014.80000000000     
 u:  -8.37348927237694        8.79855141591857     
 v:  -8.66536192341150        8.01529630433448     
 w:  -7.33201676489939        24.1551725320878     
 p:  -70.4547604722095        58.5812928451466     
 t:   279.712175216545        473.590886095528     
 tabs:   198.877776273036        301.170282344380     
 qv:  4.266298427845299E-042  1.997297283152398E-002
 tke:  0.000000000000000E+000   20.6449711996283     
 tk:  0.000000000000000E+000   113.591843896328     
 tkh:  0.000000000000000E+000   113.591843896328     
 qcl:  0.000000000000000E+000  3.278834375222931E-003
 qci:  0.000000000000000E+000  5.199132528165054E-003
 qpl:  0.000000000000000E+000  8.653788429372129E-003
 qpi:  0.000000000000000E+000  0.000000000000000E+000
 qrad(K/day):  -70.4403934456070        38.5708431061409     
 shf:   5.40857991592196        72.5828630464521     
 lhf:   55.9344126005287        252.283685011428     
 uw: -4.036375256733118E-002  4.861256101372960E-002
 vw: -6.363259650008909E-002  4.191349520246877E-002
 sst:   303.150000000000        303.150000000000     
 ===========================
 total water budget:
 before (mm):         53.85399779962
 after (mm):          53.85440304403
 evaporation (mm):     0.00084083875
 precipitation (mm):   0.00043559434
 large-scale (mm):     0.00000000000
 Imbalance (mm)      -0.00000000000
 evap (mm/day):   2.42161560508926     
 prec (mm/day):   1.25451170538337     
 ls (mm/day):  0.000000000000000E+000
 imbalance (mm/day) -1.985786535207978E-011
  imbalance (rel error): -1.319377238624553E-016
 ===========================
NSTEP =       1001   NCYCLE=  7  CFL_adv= 0.458  CFL_sgs= 0.025
NSTEP =       1002   NCYCLE=  7  CFL_adv= 0.446  CFL_sgs= 0.025
 Let's do some shortwave
 Range of zenith angles  0.732661695834013       0.732661695834013     
 Range of surface albedo (asdir)  3.383449086658900E-002  3.383449086658900E-002
 Range of surface albedo (aldir)  3.383449086658900E-002  3.383449086658900E-002
 Range of surface albedo (asdif)  6.000000000000000E-002  6.000000000000000E-002
 Range of surface albedo (aldif)  6.000000000000000E-002  6.000000000000000E-002
 radiation: perpetual sun, solin=   310.282738910826     
 longwave radiation is called
NSTEP =       1003   NCYCLE=  7  CFL_adv= 0.441  CFL_sgs= 0.024
 Collecting statistics...
 name QCSTRG is missing in "lst" file.
NSTEP =       1004   NCYCLE=  7  CFL_adv= 0.424  CFL_sgs= 0.023
 DAY =   0.348611111111111     
 NSTEP=        1004
 div:  5.270857414567645E-017 -3.240862416099279E-017
 SST=   303.150000000000     
 surface pressure=   1014.80000000000     
 u:  -7.75075585034037        9.23929893570666     
 v:  -9.24988140357920        8.99401696650981     
 w:  -8.24896830912597        22.0961037469581     
 p:  -59.9473295165561        58.0274888088916     
 t:   285.128190368507        473.590051805813     
 tabs:   198.844327658238        301.153650142211     
 qv:  5.301811251248338E-042  1.998582603775935E-002
 tke:  0.000000000000000E+000   19.3305562842283     
 tk:  0.000000000000000E+000   109.916321252318     
 tkh:  0.000000000000000E+000   109.916321252318     
 qcl:  0.000000000000000E+000  3.112620515447847E-003
 qci:  0.000000000000000E+000  5.267690409467425E-003
 qpl:  0.000000000000000E+000  7.341435116358039E-003
 qpi:  0.000000000000000E+000  0.000000000000000E+000
 qrad(K/day):  -80.5151909816866        42.0481358350098     
 shf:   5.41537819483446        49.6663398595750     
 lhf:   56.2839286402390        228.768824374227     
 uw: -5.124289121776720E-002  3.624377412134715E-002
 vw: -5.369805808406071E-002  3.558804637362374E-002
 sst:   303.150000000000        303.150000000000     
 ===========================
 total water budget:
 before (mm):         53.85561273598
 after (mm):          53.85598114814
 evaporation (mm):     0.00084153932
 precipitation (mm):   0.00047312716
 large-scale (mm):     0.00000000000
 Imbalance (mm)       0.00000000000
 evap (mm/day):   2.42363324436923     
 prec (mm/day):   1.36260623093082     
 ls (mm/day):  0.000000000000000E+000
 imbalance (mm/day)  1.594006177052520E-011
  imbalance (rel error):  1.319338577837244E-016
 ===========================
NSTEP =       1005   NCYCLE=  7  CFL_adv= 0.451  CFL_sgs= 0.024
NSTEP =       1006   NCYCLE=  7  CFL_adv= 0.476  CFL_sgs= 0.027
NSTEP =       1007   NCYCLE=  8  CFL_adv= 0.422  CFL_sgs= 0.026
 Collecting statistics...
 name QCSTRG is missing in "lst" file.
NSTEP =       1008   NCYCLE=  8  CFL_adv= 0.427  CFL_sgs= 0.029
 DAY =   0.350000000000000     
 NSTEP=        1008
 div:  4.440056172480419E-017 -3.561113460344074E-017
 SST=   303.150000000000     
 surface pressure=   1014.80000000000     
 u:  -7.25837203344209        8.69588675493993     
 v:  -7.87475122389096        7.76331371796338     
 w:  -5.43404845971020        27.1740989488344     
 p:  -76.6184917308712        58.9073911961843     
 t:   280.863201552704        473.589725928076     
 tabs:   198.853495509903        301.149708176477     
 qv:  5.439376334114609E-042  2.005164989490190E-002
 tke:  0.000000000000000E+000   24.4913680369344     
 tk:  0.000000000000000E+000   123.721885788586     
 tkh:  0.000000000000000E+000   123.721885788586     
 qcl:  0.000000000000000E+000  2.170030084738200E-003
 qci:  0.000000000000000E+000  4.477495067883690E-003
 qpl:  0.000000000000000E+000  1.057673343354460E-002
 qpi:  0.000000000000000E+000  0.000000000000000E+000
 qrad(K/day):  -80.5151909816866        42.0481358350098     
 shf:   5.42731368083566        98.1800646673740     
 lhf:   56.5046317336775        220.108556624905     
 uw: -7.760220724294539E-002  5.670936091536726E-002
 vw: -5.615854403115553E-002  5.124242100798073E-002
 sst:   303.150000000000        303.150000000000     
 ===========================
 total water budget:
 before (mm):         53.85709308066
 after (mm):          53.85745375500
 evaporation (mm):     0.00084217194
 precipitation (mm):   0.00048149761
 large-scale (mm):     0.00000000000
 Imbalance (mm)      -0.00000000000
 evap (mm/day):   2.42545520076682     
 prec (mm/day):   1.38671312361623     
 ls (mm/day):  0.000000000000000E+000
 imbalance (mm/day) -4.753510085553358E-011
  imbalance (rel error): -2.638605007182319E-016
 ===========================
 Let's do some shortwave
 Range of zenith angles  0.732661695834013       0.732661695834013     
 Range of surface albedo (asdir)  3.383449086658900E-002  3.383449086658900E-002
 Range of surface albedo (aldir)  3.383449086658900E-002  3.383449086658900E-002
 Range of surface albedo (asdif)  6.000000000000000E-002  6.000000000000000E-002
 Range of surface albedo (aldif)  6.000000000000000E-002  6.000000000000000E-002
 radiation: perpetual sun, solin=   310.282738905235     
 longwave radiation is called
NSTEP =       1009   NCYCLE=  8  CFL_adv= 0.434  CFL_sgs= 0.031
NSTEP =       1010   NCYCLE=  8  CFL_adv= 0.439  CFL_sgs= 0.032
NSTEP =       1011   NCYCLE=  8  CFL_adv= 0.430  CFL_sgs= 0.032
 Collecting statistics...
 name QCSTRG is missing in "lst" file.
NSTEP =       1012   NCYCLE=  7  CFL_adv= 0.477  CFL_sgs= 0.033
 DAY =   0.351388888888889     
 NSTEP=        1012
 div:  4.730210494203540E-017 -3.255894941982071E-017
 SST=   303.150000000000     
 surface pressure=   1014.80000000000     
 u:  -8.53961995089387        9.07366546937020     
 v:  -7.82836542806218        8.45826158156451     
 w:  -5.50217405381672        24.9881344323045     
 p:  -58.1192678192733        53.8233211641474     
 t:   274.589564928137        473.591745868467     
 tabs:   198.850801515472        301.817013383938     
 qv:  5.690007720776278E-042  2.009837033708698E-002
 tke:  0.000000000000000E+000   22.2617917044304     
 tk:  0.000000000000000E+000   117.956007965974     
 tkh:  0.000000000000000E+000   117.956007965974     
 qcl:  0.000000000000000E+000  2.769577038093100E-003
 qci:  0.000000000000000E+000  4.329876239136640E-003
 qpl:  0.000000000000000E+000  1.199441357249295E-002
 qpi:  0.000000000000000E+000  0.000000000000000E+000
 qrad(K/day):  -77.0321136812746        41.5555335701748     
 shf:   5.42294136951864        51.8779106591927     
 lhf:   56.4941703391037        235.136588453321     
 uw: -6.660684344565469E-002  5.138487851243659E-002
 vw: -6.471722052333273E-002  4.978014068812046E-002
 sst:   303.150000000000        303.150000000000     
 ===========================
 total water budget:
 before (mm):         53.85857604904
 after (mm):          53.85895627105
 evaporation (mm):     0.00084283226
 precipitation (mm):   0.00046261025
 large-scale (mm):     0.00000000000
 Imbalance (mm)      -0.00000000000
 evap (mm/day):   2.42735690229107     
 prec (mm/day):   1.33231750560658     
 ls (mm/day):  0.000000000000000E+000
 imbalance (mm/day) -6.358476245527100E-011
  imbalance (rel error): -3.957797096090704E-016
 ===========================
NSTEP =       1013   NCYCLE=  8  CFL_adv= 0.419  CFL_sgs= 0.029
NSTEP =       1014   NCYCLE=  7  CFL_adv= 0.460  CFL_sgs= 0.036
 Let's do some shortwave
 Range of zenith angles  0.732661695834013       0.732661695834013     
 Range of surface albedo (asdir)  3.383449086658900E-002  3.383449086658900E-002
 Range of surface albedo (aldir)  3.383449086658900E-002  3.383449086658900E-002
 Range of surface albedo (asdif)  6.000000000000000E-002  6.000000000000000E-002
 Range of surface albedo (aldif)  6.000000000000000E-002  6.000000000000000E-002
 radiation: perpetual sun, solin=   310.282738903543     
 longwave radiation is called
NSTEP =       1015   NCYCLE=  7  CFL_adv= 0.462  CFL_sgs= 0.038
 Collecting statistics...
 name QCSTRG is missing in "lst" file.
NSTEP =       1016   NCYCLE=  7  CFL_adv= 0.468  CFL_sgs= 0.038
 DAY =   0.352777777777778     
 NSTEP=        1016
 div:  5.831020392351220E-017 -3.292788451773978E-017
 SST=   303.150000000000     
 surface pressure=   1014.80000000000     
 u:  -8.37242196749617        8.87428241001446     
 v:  -8.14498184254233        8.72274137710088     
 w:  -4.87015632255055        25.6204008997894     
 p:  -64.2845804263333        52.4660892804035     
 t:   278.735900060820        473.593349769148     
 tabs:   198.805935687607        301.738926584478     
 qv:  5.818164975332738E-042  2.008985336678256E-002
 tke:  0.000000000000000E+000   22.0262278129864     
 tk:  0.000000000000000E+000   117.330270532018     
 tkh:  0.000000000000000E+000   117.330270532018     
 qcl:  0.000000000000000E+000  3.041304096864033E-003
 qci:  0.000000000000000E+000  4.506892574974788E-003
 qpl:  0.000000000000000E+000  8.944712485193450E-003
 qpi:  0.000000000000000E+000  0.000000000000000E+000
 qrad(K/day):  -80.2354523901524        40.0333914757427     
 shf:   5.40787202427091        46.9108636556173     
 lhf:   56.5796804628270        214.936633698826     
 uw: -7.058356028766720E-002  5.295139027416298E-002
 vw: -5.680186622639220E-002  5.271972046666131E-002
 sst:   303.150000000000        303.150000000000     
 ===========================
 total water budget:
 before (mm):         53.86004284183
 after (mm):          53.86040974194
 evaporation (mm):     0.00084354349
 precipitation (mm):   0.00047664338
 large-scale (mm):     0.00000000000
 Imbalance (mm)      -0.00000000000
 evap (mm/day):   2.42940525390004     
 prec (mm/day):   1.37273292999818     
 ls (mm/day):  0.000000000000000E+000
 imbalance (mm/day) -5.610433992386810E-011
  imbalance (rel error): -3.957690291428112E-016
 ===========================
NSTEP =       1017   NCYCLE=  7  CFL_adv= 0.473  CFL_sgs= 0.036
NSTEP =       1018   NCYCLE=  7  CFL_adv= 0.467  CFL_sgs= 0.033
NSTEP =       1019   NCYCLE=  7  CFL_adv= 0.459  CFL_sgs= 0.029
 Collecting statistics...
 name QCSTRG is missing in "lst" file.
 Writting statistics:nstatsteps=          15
 --------------- ISCCP Simulator Diagnostics: -----------------
 ISCCP PDF:
            0.0       0.3       1.3       3.6       9.4      23.0      60.0
    0.     0.196     0.065     0.026     0.017     0.017     0.021     0.056
  180.     0.003     0.001     0.001     0.005     0.003     0.002     0.000
  310.     0.015     0.004     0.003     0.003     0.002     0.001     0.000
  440.     0.006     0.001     0.001     0.001     0.000     0.000     0.000
  560.     0.001     0.001     0.002     0.001     0.000     0.000     0.000
  680.     0.000     0.002     0.002     0.002     0.001     0.001     0.001
  800.     0.006     0.019     0.023     0.014     0.006     0.002     0.000
 low cld area (tau > 0.3)=  7.384033203125000E-002
 mid cld area (tau > 0.3)=  8.696492513020834E-003
 hgh cld area (tau > 0.3)=  0.229519653320312     
 total cld area (tau > 0.3)=  0.312056477864583     
 mean albedo cld (tau > 0.3)   0.429046910098320     
 mean tau cld (tau > 0.3)    6.20795123570716     
 mean top pressure (tau > 0.3)   329.051303035488     
 mean brightness temp (tau > 0.3)   258.262144460487     
 mean clearsky brightness temp (tau > 0.3)   296.549298332123     
 --------------- MODIS Simulator Diagnostics: -----------------
 MODIS PDF:
                      0.3       1.3       3.6       9.4      23.0      60.0
    0.               0.065     0.028     0.023     0.019     0.022     0.056
  180.               0.000     0.001     0.002     0.002     0.001     0.000
  310.               0.004     0.003     0.003     0.001     0.001     0.000
  440.               0.001     0.001     0.000     0.000     0.000     0.000
  560.               0.002     0.001     0.001     0.000     0.000     0.000
  680.               0.002     0.002     0.002     0.001     0.001     0.001
  800.               0.018     0.023     0.014     0.006     0.002     0.000
 low cld area =  7.158508300781249E-002
 mid cld area =  7.124837239583333E-003
 hgh cld area =  0.230741373697917     
 total cld area =  0.309451293945313     
 mean tau cld    45.2050007540021     
 mean top pressure    320.574944082445     
 total cld area (liquid) =  7.361450195312499E-002
 total cld area (ice) =  0.230924479166667     
 mean tau (liquid) =   6.96007208000989     
 mean tau (ice) =   58.2351815489933     
 mean lwp (g/m2) =   88.8284858951509     
 mean iwp (g/m2) =   699.427890250302     
 mean reff (liquid)  =   14.7669862721300     
 mean reff (ice)  =   24.3715566902332     
 --------------- MISR Simulator Diagnostics: -----------------
 MISR PDF:
            0.0       0.3       1.3       3.6       9.4      23.0      60.0
 99.00     0.000     0.000     0.000     0.000     0.000     0.000     0.000
 17.00     0.000     0.000     0.000     0.000     0.000     0.000     0.004
 15.00     0.000     0.003     0.020     0.021     0.018     0.022     0.052
 13.00     0.000     0.017     0.000     0.000     0.000     0.000     0.000
 11.00     0.000     0.009     0.001     0.001     0.002     0.001     0.000
  9.00     0.000     0.011     0.008     0.002     0.001     0.000     0.000
  7.00     0.000     0.000     0.001     0.000     0.000     0.000     0.000
  5.00     0.000     0.000     0.000     0.000     0.000     0.000     0.000
  4.00     0.000     0.001     0.001     0.000     0.000     0.000     0.000
  3.00     0.000     0.000     0.000     0.000     0.000     0.000     0.000
  2.50     0.000     0.000     0.000     0.000     0.000     0.000     0.000
  2.00     0.000     0.000     0.000     0.001     0.001     0.001     0.000
  1.50     0.000     0.000     0.001     0.001     0.003     0.002     0.000
  1.00     0.001     0.008     0.027     0.015     0.004     0.000     0.000
  0.50     0.000     0.010     0.001     0.000     0.000     0.000     0.000
  0.00     0.025     0.031     0.000     0.000     0.000     0.000     0.000
 total cld area =  0.282564290364583     
 mean top height (m)   9449.56814269342     
 Writting history file 
 rcemip300sst_16_nCat6_MaxIce200                                                
  
NSTEP =       1020   NCYCLE=  7  CFL_adv= 0.471  CFL_sgs= 0.030
 DAY =   0.354166666666667     
 NSTEP=        1020
 div:  4.714343120190678E-017 -3.943620496465122E-017
 SST=   303.150000000000     
 surface pressure=   1014.80000000000     
 u:  -8.28497727373610        7.43847373918870     
 v:  -8.44859450965874        9.01291109641627     
 w:  -6.05150145532091        25.3309482226596     
 p:  -55.2834474218004        59.1428848881085     
 t:   282.879240348910        473.595595313312     
 tabs:   198.706517082735        301.365522778508     
 qv:  6.975368723702650E-042  2.002697670299242E-002
 tke:  0.000000000000000E+000   21.8040190137117     
 tk:  0.000000000000000E+000   116.736934530464     
 tkh:  0.000000000000000E+000   116.736934530464     
 qcl:  0.000000000000000E+000  2.134837917680945E-003
 qci:  0.000000000000000E+000  5.032434590685792E-003
 qpl:  0.000000000000000E+000  9.294498905550059E-003
 qpi:  0.000000000000000E+000  0.000000000000000E+000
 qrad(K/day):  -80.2354523901524        40.0333914757427     
 shf:   5.41169556274797        47.2750055062505     
 lhf:   55.8568345697591        244.026658909432     
 uw: -6.047391005688196E-002  5.208287947169075E-002
 vw: -6.555730405446994E-002  5.368396766159021E-002
 sst:   303.150000000000        303.150000000000     
 ===========================
 total water budget:
 before (mm):         53.86140638802
 after (mm):          53.86174773523
 evaporation (mm):     0.00084423410
 precipitation (mm):   0.00050288689
 large-scale (mm):     0.00000000000
 Imbalance (mm)       0.00000000000
 evap (mm/day):   2.43139421961857     
 prec (mm/day):   1.44831425027041     
 ls (mm/day):  0.000000000000000E+000
 imbalance (mm/day)  1.073422600805785E-010
  imbalance (rel error):  6.595986629071916E-016
 ===========================
CPU TIME =     605.4243 OVER     0.50 MODEL HOURS
 Let's do some shortwave
 Range of zenith angles  0.732661695834013       0.732661695834013     
 Range of surface albedo (asdir)  3.383449086658900E-002  3.383449086658900E-002
 Range of surface albedo (aldir)  3.383449086658900E-002  3.383449086658900E-002
 Range of surface albedo (asdif)  6.000000000000000E-002  6.000000000000000E-002
 Range of surface albedo (aldif)  6.000000000000000E-002  6.000000000000000E-002
 radiation: perpetual sun, solin=   310.282738891981     
 longwave radiation is called
NSTEP =       1021   NCYCLE=  8  CFL_adv= 0.428  CFL_sgs= 0.029
NSTEP =       1022   NCYCLE=  7  CFL_adv= 0.474  CFL_sgs= 0.038
NSTEP =       1023   NCYCLE=  8  CFL_adv= 0.442  CFL_sgs= 0.036
 Collecting statistics...
 name QCSTRG is missing in "lst" file.
NSTEP =       1024   NCYCLE=  8  CFL_adv= 0.445  CFL_sgs= 0.037
 DAY =   0.355555555555556     
 NSTEP=        1024
 div:  4.528382747890886E-017 -3.368594326609661E-017
 SST=   303.150000000000     
 surface pressure=   1014.80000000000     
 u:  -7.95143308004759        8.12037479466824     
 v:  -8.34206001624035        8.40046189550038     
 w:  -6.34470518175284        27.2663596682680     
 p:  -67.8923424824949        56.2328045189373     
 t:   277.153869440485        473.596338786453     
 tabs:   198.787237554362        301.161840644273     
 qv:  8.646331344275279E-042  1.999721348909229E-002
 tke:  0.000000000000000E+000   25.4360350486919     
 tk:  0.000000000000000E+000   126.085375462154     
 tkh:  0.000000000000000E+000   126.085375462154     
 qcl:  0.000000000000000E+000  1.863964055567134E-003
 qci:  0.000000000000000E+000  4.457270676535348E-003
 qpl:  0.000000000000000E+000  1.036216812264155E-002
 qpi:  0.000000000000000E+000  0.000000000000000E+000
 qrad(K/day):  -74.6774242108170        37.9945442325224     
 shf:   5.40248702016596        45.6857658362337     
 lhf:   55.6948946660459        268.207842119714     
 uw: -7.200432524121743E-002  5.817344342226679E-002
 vw: -5.788006779373228E-002  5.367263411349352E-002
 sst:   303.150000000000        303.150000000000     
 ===========================
 total water budget:
 before (mm):         53.86273721820
 after (mm):          53.86308642665
 evaporation (mm):     0.00084484146
 precipitation (mm):   0.00049563301
 large-scale (mm):     0.00000000000
 Imbalance (mm)      -0.00000000000
 evap (mm/day):   2.43314340537033     
 prec (mm/day):   1.42742306435764     
 ls (mm/day):  0.000000000000000E+000
 imbalance (mm/day) -8.460419864686486E-012
  imbalance (rel error): -1.319164539016242E-016
 ===========================
NSTEP =       1025   NCYCLE=  8  CFL_adv= 0.434  CFL_sgs= 0.037
NSTEP =       1026   NCYCLE=  8  CFL_adv= 0.429  CFL_sgs= 0.034
 Let's do some shortwave
 Range of zenith angles  0.732661695834013       0.732661695834013     
 Range of surface albedo (asdir)  3.383449086658900E-002  3.383449086658900E-002
 Range of surface albedo (aldir)  3.383449086658900E-002  3.383449086658900E-002
 Range of surface albedo (asdif)  6.000000000000000E-002  6.000000000000000E-002
 Range of surface albedo (aldif)  6.000000000000000E-002  6.000000000000000E-002
 radiation: perpetual sun, solin=   310.282738880040     
 longwave radiation is called
NSTEP =       1027   NCYCLE=  7  CFL_adv= 0.470  CFL_sgs= 0.036
 Collecting statistics...
 name QCSTRG is missing in "lst" file.
NSTEP =       1028   NCYCLE=  7  CFL_adv= 0.458  CFL_sgs= 0.031
 DAY =   0.356944444444444     
 NSTEP=        1028
 div:  5.538627108713967E-017 -3.052396238907582E-017
 SST=   303.150000000000     
 surface pressure=   1014.80000000000     
 u:  -8.01691008242514        7.67325087814478     
 v:  -8.14224224635718        8.38666748767782     
 w:  -6.48324185216785        23.9369223724660     
 p:  -59.5212939782757        55.6408991766569     
 t:   284.925020692171        473.596673245029     
 tabs:   198.817819769038        301.169216450694     
 qv:  9.904175582900231E-042  1.997818525455006E-002
 tke:  0.000000000000000E+000   20.9127165045218     
 tk:  0.000000000000000E+000   114.326059213664     
 tkh:  0.000000000000000E+000   114.326059213664     
 qcl:  0.000000000000000E+000  2.273432998323756E-003
 qci:  0.000000000000000E+000  4.496292039270562E-003
 qpl:  0.000000000000000E+000  6.853014237358622E-003
 qpi:  0.000000000000000E+000  0.000000000000000E+000
 qrad(K/day):  -76.5175001818166        34.8376951773609     
 shf:   5.37977989792519        54.1513385385893     
 lhf:   56.3686253407320        256.276051555935     
 uw: -5.720333616818165E-002  6.291435839810361E-002
 vw: -5.183330992522125E-002  7.391171122283838E-002
 sst:   303.150000000000        303.150000000000     
 ===========================
 total water budget:
 before (mm):         53.86418051888
 after (mm):          53.86452269222
 evaporation (mm):     0.00084532332
 precipitation (mm):   0.00050314998
 large-scale (mm):     0.00000000000
 Imbalance (mm)       0.00000000000
 evap (mm/day):   2.43453115785062     
 prec (mm/day):   1.44907195081577     
 ls (mm/day):  0.000000000000000E+000
 imbalance (mm/day)  3.526085673444257E-011
  imbalance (rel error):  1.319129364275901E-016
 ===========================
NSTEP =       1029   NCYCLE=  7  CFL_adv= 0.448  CFL_sgs= 0.026
NSTEP =       1030   NCYCLE=  7  CFL_adv= 0.431  CFL_sgs= 0.027
NSTEP =       1031   NCYCLE=  7  CFL_adv= 0.451  CFL_sgs= 0.028
 Collecting statistics...
 name QCSTRG is missing in "lst" file.
NSTEP =       1032   NCYCLE=  7  CFL_adv= 0.461  CFL_sgs= 0.028
 DAY =   0.358333333333333     
 NSTEP=        1032
 div:  4.624819653724675E-017 -2.941987838368485E-017
 SST=   303.150000000000     
 surface pressure=   1014.80000000000     
 u:  -7.32804033237480        8.60169753265568     
 v:  -7.47588019886281        7.65208040885676     
 w:  -7.63852558294255        24.6054558717892     
 p:  -47.3008006453471        44.7077894367337     
 t:   288.760018277958        473.597190242783     
 tabs:   198.831636702765        301.174198570591     
 qv:  1.063664736022805E-041  1.995500437774093E-002
 tke:  0.000000000000000E+000   19.8527593800641     
 tk:  0.000000000000000E+000   111.391088568790     
 tkh:  0.000000000000000E+000   111.391088568790     
 qcl:  0.000000000000000E+000  3.221874643148454E-003
 qci:  0.000000000000000E+000  5.516204010627189E-003
 qpl:  0.000000000000000E+000  5.923110406226124E-003
 qpi:  0.000000000000000E+000  0.000000000000000E+000
 qrad(K/day):  -76.5175001818166        34.8376951773609     
 shf:   5.36382242470757        36.7856159593539     
 lhf:   56.3689752084497        261.728571299352     
 uw: -5.372210866063924E-002  4.340127596681058E-002
 vw: -5.098949488978759E-002  5.789970067627732E-002
 sst:   303.150000000000        303.150000000000     
 ===========================
 total water budget:
 before (mm):         53.86554008095
 after (mm):          53.86588489858
 evaporation (mm):     0.00084588746
 precipitation (mm):   0.00050107012
 large-scale (mm):     0.00000000000
 Imbalance (mm)       0.00000000029
 evap (mm/day):   2.43615588586259     
 prec (mm/day):   1.44308195553056     
 ls (mm/day):  0.000000000000000E+000
 imbalance (mm/day)  8.379526803686811E-007
  imbalance (rel error):  5.401434321312531E-012
 ===========================
 Let's do some shortwave
 Range of zenith angles  0.732661695834013       0.732661695834013     
 Range of surface albedo (asdir)  3.383449086658900E-002  3.383449086658900E-002
 Range of surface albedo (aldir)  3.383449086658900E-002  3.383449086658900E-002
 Range of surface albedo (asdif)  6.000000000000000E-002  6.000000000000000E-002
 Range of surface albedo (aldif)  6.000000000000000E-002  6.000000000000000E-002
 radiation: perpetual sun, solin=   310.282738870901     
 longwave radiation is called
NSTEP =       1033   NCYCLE=  7  CFL_adv= 0.452  CFL_sgs= 0.028
NSTEP =       1034   NCYCLE=  7  CFL_adv= 0.450  CFL_sgs= 0.030
NSTEP =       1035   NCYCLE=  7  CFL_adv= 0.433  CFL_sgs= 0.030
 Collecting statistics...
 name QCSTRG is missing in "lst" file.
NSTEP =       1036   NCYCLE=  7  CFL_adv= 0.429  CFL_sgs= 0.031
 DAY =   0.359722222222222     
 NSTEP=        1036
 div:  5.675973392972637E-017 -3.549040053835260E-017
 SST=   303.150000000000     
 surface pressure=   1014.80000000000     
 u:  -8.41640815309483        8.55980630123130     
 v:  -7.48153500384743        8.89569600514148     
 w:  -7.21752694160629        22.4024752158724     
 p:  -51.0055236846654        50.4494980877847     
 t:   287.777014873375        473.598475797534     
 tabs:   198.759853561520        301.239576887816     
 qv:  1.175154292524455E-041  1.996899309547790E-002
 tke:  0.000000000000000E+000   19.8004090510803     
 tk:  0.000000000000000E+000   111.244126392925     
 tkh:  0.000000000000000E+000   111.244126392925     
 qcl:  0.000000000000000E+000  4.416566329841107E-003
 qci:  0.000000000000000E+000  5.752593327632338E-003
 qpl:  0.000000000000000E+000  5.891262323397218E-003
 qpi:  0.000000000000000E+000  0.000000000000000E+000
 qrad(K/day):  -70.3869316855640        36.4721579353515     
 shf:   5.35548964503336        46.2660930083975     
 lhf:   56.5364838986308        238.125629656673     
 uw: -7.193861452153449E-002  5.861077102432297E-002
 vw: -6.166744015479137E-002  5.765749351538081E-002
 sst:   303.150000000000        303.150000000000     
 ===========================
 total water budget:
 before (mm):         53.86692983651
 after (mm):          53.86727714588
 evaporation (mm):     0.00084655508
 precipitation (mm):   0.00049924571
 large-scale (mm):     0.00000000000
 Imbalance (mm)       0.00000000000
 evap (mm/day):   2.43807864119546     
 prec (mm/day):   1.43782763173590     
 ls (mm/day):  0.000000000000000E+000
 imbalance (mm/day)  8.143204860422415E-011
  imbalance (rel error):  5.276247647237033E-016
 ===========================
NSTEP =       1037   NCYCLE=  7  CFL_adv= 0.427  CFL_sgs= 0.031
NSTEP =       1038   NCYCLE=  7  CFL_adv= 0.443  CFL_sgs= 0.033
 Let's do some shortwave
 Range of zenith angles  0.732661695834013       0.732661695834013     
 Range of surface albedo (asdir)  3.383449086658900E-002  3.383449086658900E-002
 Range of surface albedo (aldir)  3.383449086658900E-002  3.383449086658900E-002
 Range of surface albedo (asdif)  6.000000000000000E-002  6.000000000000000E-002
 Range of surface albedo (aldif)  6.000000000000000E-002  6.000000000000000E-002
 radiation: perpetual sun, solin=   310.282738861712     
 longwave radiation is called
NSTEP =       1039   NCYCLE=  7  CFL_adv= 0.461  CFL_sgs= 0.035
 Collecting statistics...
 name QCSTRG is missing in "lst" file.
NSTEP =       1040   NCYCLE=  7  CFL_adv= 0.449  CFL_sgs= 0.039
 DAY =   0.361111111111111     
 NSTEP=        1040
 div:  4.501206753401402E-017 -4.042087314708187E-017
 SST=   303.150000000000     
 surface pressure=   1014.80000000000     
 u:  -8.52731412025667        8.29447712831580     
 v:  -8.44893117782947        8.44865933141840     
 w:  -7.15599872137670        22.3558573829944     
 p:  -52.4822262077270        44.2802316133709     
 t:   286.228610900327        473.600214881791     
 tabs:   198.655781605286        301.534288460611     
 qv:  1.250340719878733E-041  1.997485825655922E-002
 tke:  0.000000000000000E+000   20.3201917446297     
 tk:  0.000000000000000E+000   112.694808400359     
 tkh:  0.000000000000000E+000   112.694808400359     
 qcl:  0.000000000000000E+000  2.797536301788294E-003
 qci:  0.000000000000000E+000  5.082393546932534E-003
 qpl:  0.000000000000000E+000  7.166340750203132E-003
 qpi:  0.000000000000000E+000  0.000000000000000E+000
 qrad(K/day):  -71.6174454944177        39.4971156290713     
 shf:   5.35584228493831        85.0378296619765     
 lhf:   55.9804482549971        250.045661779515     
 uw: -6.340263185170246E-002  5.515142895244758E-002
 vw: -5.901963806114872E-002  6.788265729336304E-002
 sst:   303.150000000000        303.150000000000     
 ===========================
 total water budget:
 before (mm):         53.86824409956
 after (mm):          53.86855573010
 evaporation (mm):     0.00084733695
 precipitation (mm):   0.00053570641
 large-scale (mm):     0.00000000000
 Imbalance (mm)       0.00000000000
 evap (mm/day):   2.44033042313717     
 prec (mm/day):   1.54283447425561     
 ls (mm/day):  0.000000000000000E+000
 imbalance (mm/day)  6.855235129554771E-011
  imbalance (rel error):  5.276122414123546E-016
 ===========================
NSTEP =       1041   NCYCLE=  7  CFL_adv= 0.432  CFL_sgs= 0.040
NSTEP =       1042   NCYCLE=  7  CFL_adv= 0.416  CFL_sgs= 0.038
NSTEP =       1043   NCYCLE=  7  CFL_adv= 0.417  CFL_sgs= 0.035
 Collecting statistics...
 name QCSTRG is missing in "lst" file.
NSTEP =       1044   NCYCLE=  7  CFL_adv= 0.440  CFL_sgs= 0.031
 DAY =   0.362500000000000     
 NSTEP=        1044
 div:  7.054077412719344E-017 -4.406564013881774E-017
 SST=   303.150000000000     
 surface pressure=   1014.80000000000     
 u:  -8.37673677304585        8.10795482363866     
 v:  -8.27892460613004        8.51321342339842     
 w:  -6.89023522834110        24.0483908510193     
 p:  -55.1701733019965        60.7391924947954     
 t:   284.042641464181        473.602866694589     
 tabs:   198.461979884948        301.640546273542     
 qv:  1.438730200800916E-041  1.997474441955401E-002
 tke:  0.000000000000000E+000   21.1011157526972     
 tk:  0.000000000000000E+000   114.839876982848     
 tkh:  0.000000000000000E+000   114.839876982848     
 qcl:  0.000000000000000E+000  2.960853201391751E-003
 qci:  0.000000000000000E+000  4.262832152789931E-003
 qpl:  0.000000000000000E+000  7.206390143331898E-003
 qpi:  0.000000000000000E+000  0.000000000000000E+000
 qrad(K/day):  -71.6174454944177        39.4971156290713     
 shf:   5.36567202411458        50.3807289460686     
 lhf:   55.9214834654225        259.772813778796     
 uw: -4.678339613819642E-002  4.651786473977066E-002
 vw: -7.372657786576488E-002  4.560467612706849E-002
 sst:   303.150000000000        303.150000000000     
 ===========================
 total water budget:
 before (mm):         53.86950785625
 after (mm):          53.86982406865
 evaporation (mm):     0.00084807111
 precipitation (mm):   0.00053185871
 large-scale (mm):     0.00000000000
 Imbalance (mm)      -0.00000000000
 evap (mm/day):   2.44244479907742     
 prec (mm/day):   1.53175309410717     
 ls (mm/day):  0.000000000000000E+000
 imbalance (mm/day) -2.631769802086126E-011
  imbalance (rel error): -1.318999547603223E-016
 ===========================
 Let's do some shortwave
 Range of zenith angles  0.732661695834013       0.732661695834013     
 Range of surface albedo (asdir)  3.383449086658900E-002  3.383449086658900E-002
 Range of surface albedo (aldir)  3.383449086658900E-002  3.383449086658900E-002
 Range of surface albedo (asdif)  6.000000000000000E-002  6.000000000000000E-002
 Range of surface albedo (aldif)  6.000000000000000E-002  6.000000000000000E-002
 radiation: perpetual sun, solin=   310.282738856822     
 longwave radiation is called
NSTEP =       1045   NCYCLE=  7  CFL_adv= 0.448  CFL_sgs= 0.028
NSTEP =       1046   NCYCLE=  7  CFL_adv= 0.478  CFL_sgs= 0.030
NSTEP =       1047   NCYCLE=  7  CFL_adv= 0.474  CFL_sgs= 0.034
 Collecting statistics...
 name QCSTRG is missing in "lst" file.
NSTEP =       1048   NCYCLE=  8  CFL_adv= 0.427  CFL_sgs= 0.032
 DAY =   0.363888888888889     
 NSTEP=        1048
 div:  5.045022625346989E-017 -3.316400433327596E-017
 SST=   303.150000000000     
 surface pressure=   1014.80000000000     
 u:  -8.60914768943791        8.44047812769697     
 v:  -7.39342620973338        8.18466552759763     
 w:  -5.45264978542256        25.2677184786150     
 p:  -54.8129051001553        44.3765613026108     
 t:   286.758881220548        473.604442376109     
 tabs:   198.483234271866        301.431325663190     
 qv:  2.076119357999021E-041  1.997058097009981E-002
 tke:  0.000000000000000E+000   21.7131998206415     
 tk:  0.000000000000000E+000   116.493561572737     
 tkh:  0.000000000000000E+000   116.493561572737     
 qcl:  0.000000000000000E+000  2.604440919835767E-003
 qci:  0.000000000000000E+000  4.466994897523049E-003
 qpl:  0.000000000000000E+000  6.426304277474096E-003
 qpi:  0.000000000000000E+000  0.000000000000000E+000
 qrad(K/day):  -84.2855092766460        38.5512803688655     
 shf:   5.38535405282259        42.6307160796397     
 lhf:   55.9552061461958        232.758979940088     
 uw: -8.360327564692958E-002  8.699234278242776E-002
 vw: -5.820482491723154E-002  4.816467822460940E-002
 sst:   303.150000000000        303.150000000000     
 ===========================
 total water budget:
 before (mm):         53.87073995916
 after (mm):          53.87105019059
 evaporation (mm):     0.00084881418
 precipitation (mm):   0.00053858275
 large-scale (mm):     0.00000000000
 Imbalance (mm)      -0.00000000000
 evap (mm/day):   2.44458484904058     
 prec (mm/day):   1.55111833242715     
 ls (mm/day):  0.000000000000000E+000
 imbalance (mm/day) -3.636247553062688E-011
  imbalance (rel error): -2.637939053522368E-016
 ===========================
NSTEP =       1049   NCYCLE=  8  CFL_adv= 0.420  CFL_sgs= 0.034
NSTEP =       1050   NCYCLE=  7  CFL_adv= 0.459  CFL_sgs= 0.040
 Let's do some shortwave
 Range of zenith angles  0.732661695834013       0.732661695834013     
 Range of surface albedo (asdir)  3.383449086658900E-002  3.383449086658900E-002
 Range of surface albedo (aldir)  3.383449086658900E-002  3.383449086658900E-002
 Range of surface albedo (asdif)  6.000000000000000E-002  6.000000000000000E-002
 Range of surface albedo (aldif)  6.000000000000000E-002  6.000000000000000E-002
 radiation: perpetual sun, solin=   310.282738849894     
 longwave radiation is called
NSTEP =       1051   NCYCLE=  7  CFL_adv= 0.451  CFL_sgs= 0.039
 Collecting statistics...
 name QCSTRG is missing in "lst" file.
NSTEP =       1052   NCYCLE=  7  CFL_adv= 0.440  CFL_sgs= 0.037
 DAY =   0.365277777777778     
 NSTEP=        1052
 div:  5.795437608701560E-017 -3.579088773848842E-017
 SST=   303.150000000000     
 surface pressure=   1014.80000000000     
 u:  -7.06504732667275        8.01023800458121     
 v:  -7.43437328139950        8.38422997109741     
 w:  -7.22655201168111        22.6992339576663     
 p:  -55.1835465006500        47.4352946223155     
 t:   290.870817013064        473.608022192694     
 tabs:   198.477364236291        301.283043391312     
 qv:  2.111001183207269E-041  1.996298441828252E-002
 tke:  0.000000000000000E+000   19.4319609395422     
 tk:  0.000000000000000E+000   110.204244869305     
 tkh:  0.000000000000000E+000   110.204244869305     
 qcl:  0.000000000000000E+000  2.138519844293555E-003
 qci:  0.000000000000000E+000  4.268727991025484E-003
 qpl:  0.000000000000000E+000  4.984356337742200E-003
 qpi:  0.000000000000000E+000  0.000000000000000E+000
 qrad(K/day):  -76.4006518884440        38.4699341670890     
 shf:   5.41427483564303        48.9555064128257     
 lhf:   56.0171532438754        269.366743127583     
 uw: -7.302397631974709E-002  6.001250770023008E-002
 vw: -5.561274344984175E-002  5.619971837090037E-002
 sst:   303.150000000000        303.150000000000     
 ===========================
 total water budget:
 before (mm):         53.87200489834
 after (mm):          53.87232586747
 evaporation (mm):     0.00084952595
 precipitation (mm):   0.00052855682
 large-scale (mm):     0.00000000000
 Imbalance (mm)       0.00000000000
 evap (mm/day):   2.44663474908389     
 prec (mm/day):   1.52224363406902     
 ls (mm/day):  0.000000000000000E+000
 imbalance (mm/day)  3.712967433511238E-011
  imbalance (rel error):  2.637876588094771E-016
 ===========================
NSTEP =       1053   NCYCLE=  7  CFL_adv= 0.419  CFL_sgs= 0.033
NSTEP =       1054   NCYCLE=  7  CFL_adv= 0.411  CFL_sgs= 0.034
NSTEP =       1055   NCYCLE=  6  CFL_adv= 0.466  CFL_sgs= 0.041
 Collecting statistics...
 name QCSTRG is missing in "lst" file.
NSTEP =       1056   NCYCLE=  6  CFL_adv= 0.468  CFL_sgs= 0.046
 DAY =   0.366666666666667     
 NSTEP=        1056
 div:  6.958946232675525E-017 -3.934108916267461E-017
 SST=   303.150000000000     
 surface pressure=   1014.80000000000     
 u:  -8.10022796278444        8.29695406462684     
 v:  -8.06982718001864        8.27960988090449     
 w:  -7.02160274233995        21.7459808569765     
 p:  -40.7396820973838        37.2175771452976     
 t:   289.813565165670        473.610750306412     
 tabs:   198.543010336807        301.145392993470     
 qv:  2.201367114550106E-041  1.995202242657819E-002
 tke:  0.000000000000000E+000   17.7856509531396     
 tk:  0.000000000000000E+000   105.432593848924     
 tkh:  0.000000000000000E+000   105.432593848924     
 qcl:  0.000000000000000E+000  1.896668418126338E-003
 qci:  0.000000000000000E+000  4.382534439298084E-003
 qpl:  0.000000000000000E+000  6.383883836907433E-003
 qpi:  0.000000000000000E+000  0.000000000000000E+000
 qrad(K/day):  -76.4006518884440        38.4699341670890     
 shf:   5.45162542069417        36.1796074164365     
 lhf:   56.1066787965659        251.228106271450     
 uw: -7.848804326591999E-002  7.465779384527432E-002
 vw: -7.792764911011861E-002  7.309306231603782E-002
 sst:   303.150000000000        303.150000000000     
 ===========================
 total water budget:
 before (mm):         53.87333568926
 after (mm):          53.87369249269
 evaporation (mm):     0.00085019325
 precipitation (mm):   0.00049338999
 large-scale (mm):     0.00000000000
 Imbalance (mm)       0.00000000018
 evap (mm/day):   2.44855655299062     
 prec (mm/day):   1.42096318104145     
 ls (mm/day):  0.000000000000000E+000
 imbalance (mm/day)  5.095046953090820E-007
  imbalance (rel error):  3.283809261330238E-012
 ===========================
 Let's do some shortwave
 Range of zenith angles  0.732661695834013       0.732661695834013     
 Range of surface albedo (asdir)  3.383449086658900E-002  3.383449086658900E-002
 Range of surface albedo (aldir)  3.383449086658900E-002  3.383449086658900E-002
 Range of surface albedo (asdif)  6.000000000000000E-002  6.000000000000000E-002
 Range of surface albedo (aldif)  6.000000000000000E-002  6.000000000000000E-002
 radiation: perpetual sun, solin=   310.282738847062     
 longwave radiation is called
NSTEP =       1057   NCYCLE=  7  CFL_adv= 0.416  CFL_sgs= 0.043
NSTEP =       1058   NCYCLE=  7  CFL_adv= 0.417  CFL_sgs= 0.044
NSTEP =       1059   NCYCLE=  6  CFL_adv= 0.471  CFL_sgs= 0.051
 Collecting statistics...
 name QCSTRG is missing in "lst" file.
NSTEP =       1060   NCYCLE=  7  CFL_adv= 0.417  CFL_sgs= 0.041
 DAY =   0.368055555555556     
 NSTEP=        1060
 div:  4.139596176932414E-017 -3.801865280655452E-017
 SST=   303.150000000000     
 surface pressure=   1014.80000000000     
 u:  -8.53973132923457        7.35821908472562     
 v:  -8.00559973056528        7.31497672015690     
 w:  -7.25870418308965        23.6178133758138     
 p:  -65.2277510795019        55.4686071536894     
 t:   281.238738699562        473.612752569015     
 tabs:   198.599518383372        301.145160965780     
 qv:  2.402206062555020E-041  1.993882352536515E-002
 tke:  0.000000000000000E+000   20.2999132869183     
 tk:  0.000000000000000E+000   112.638562687580     
 tkh:  0.000000000000000E+000   112.638562687580     
 qcl:  0.000000000000000E+000  2.670595455091136E-003
 qci:  0.000000000000000E+000  4.780642982213687E-003
 qpl:  0.000000000000000E+000  8.809487290992336E-003
 qpi:  0.000000000000000E+000  0.000000000000000E+000
 qrad(K/day):  -81.2225150979876        46.3579344902746     
 shf:   5.43834193276489        39.0592155615985     
 lhf:   56.2166873520738        248.457058738815     
 uw: -6.154279605635068E-002  7.422143189505617E-002
 vw: -6.243228207669831E-002  5.897469196074984E-002
 sst:   303.150000000000        303.150000000000     
 ===========================
 total water budget:
 before (mm):         53.87479698613
 after (mm):          53.87517649051
 evaporation (mm):     0.00085087165
 precipitation (mm):   0.00047136726
 large-scale (mm):     0.00000000000
 Imbalance (mm)      -0.00000000000
 evap (mm/day):   2.45051033785732     
 prec (mm/day):   1.35753771200417     
 ls (mm/day):  0.000000000000000E+000
 imbalance (mm/day) -1.491494427963147E-011
  imbalance (rel error): -1.318868506881359E-016
 ===========================
NSTEP =       1061   NCYCLE=  7  CFL_adv= 0.439  CFL_sgs= 0.040
NSTEP =       1062   NCYCLE=  7  CFL_adv= 0.454  CFL_sgs= 0.041
 Let's do some shortwave
 Range of zenith angles  0.732661695834013       0.732661695834013     
 Range of surface albedo (asdir)  3.383449086658900E-002  3.383449086658900E-002
 Range of surface albedo (aldir)  3.383449086658900E-002  3.383449086658900E-002
 Range of surface albedo (asdif)  6.000000000000000E-002  6.000000000000000E-002
 Range of surface albedo (aldif)  6.000000000000000E-002  6.000000000000000E-002
 radiation: perpetual sun, solin=   310.282738846797     
 longwave radiation is called
NSTEP =       1063   NCYCLE=  7  CFL_adv= 0.434  CFL_sgs= 0.039
 Collecting statistics...
 name QCSTRG is missing in "lst" file.
NSTEP =       1064   NCYCLE=  7  CFL_adv= 0.421  CFL_sgs= 0.037
 DAY =   0.369444444444444     
 NSTEP=        1064
 div:  6.143862674532975E-017 -4.200869436549328E-017
 SST=   303.150000000000     
 surface pressure=   1014.80000000000     
 u:  -7.51538258740779        7.57419430572405     
 v:  -10.3110747849563        7.35587761217899     
 w:  -6.95197902131327        22.8872224442554     
 p:  -60.0261919392916        49.8976639361706     
 t:   282.011558577870        473.615552859730     
 tabs:   198.940615719492        301.148938417985     
 qv:  2.810762991147582E-041  1.997296670409381E-002
 tke:  0.000000000000000E+000   19.3922234799844     
 tk:  0.000000000000000E+000   110.091505916625     
 tkh:  0.000000000000000E+000   110.091505916625     
 qcl:  0.000000000000000E+000  3.303715609517611E-003
 qci:  0.000000000000000E+000  4.710833333466085E-003
 qpl:  0.000000000000000E+000  8.741713223733110E-003
 qpi:  0.000000000000000E+000  0.000000000000000E+000
 qrad(K/day):  -76.1954433338819        41.7641002796293     
 shf:   5.42669886887928        63.5737607529352     
 lhf:   56.3365823181665        242.317603894795     
 uw: -7.559416999978440E-002  6.164985877760285E-002
 vw: -6.091152764075212E-002  5.756882932296250E-002
 sst:   303.150000000000        303.150000000000     
 ===========================
 total water budget:
 before (mm):         53.87629415592
 after (mm):          53.87663360854
 evaporation (mm):     0.00085154941
 precipitation (mm):   0.00051209679
 large-scale (mm):     0.00000000000
 Imbalance (mm)       0.00000000000
 evap (mm/day):   2.45246229493681     
 prec (mm/day):   1.47483874689769     
 ls (mm/day):  0.000000000000000E+000
 imbalance (mm/day)  2.806754828554859E-011
  imbalance (rel error):  2.637665674967085E-016
 ===========================
NSTEP =       1065   NCYCLE=  7  CFL_adv= 0.431  CFL_sgs= 0.034
NSTEP =       1066   NCYCLE=  7  CFL_adv= 0.432  CFL_sgs= 0.030
NSTEP =       1067   NCYCLE=  7  CFL_adv= 0.441  CFL_sgs= 0.030
 Collecting statistics...
 name QCSTRG is missing in "lst" file.
NSTEP =       1068   NCYCLE=  7  CFL_adv= 0.429  CFL_sgs= 0.030
 DAY =   0.370833333333333     
 NSTEP=        1068
 div:  5.246330775548650E-017 -3.161289931609662E-017
 SST=   303.150000000000     
 surface pressure=   1014.80000000000     
 u:  -8.65700099200305        7.49647904279152     
 v:  -12.0877786113840        8.12623249032537     
 w:  -6.76464359911816        22.9212460866403     
 p:  -52.8885723690747        43.7550139761871     
 t:   281.774671386795        473.617796699781     
 tabs:   199.162047816394        301.151352150113     
 qv:  3.285802359112485E-041  2.001475834767877E-002
 tke:  0.000000000000000E+000   19.8765126308231     
 tk:  0.000000000000000E+000   111.457706751325     
 tkh:  0.000000000000000E+000   111.457706751325     
 qcl:  0.000000000000000E+000  3.845974859079533E-003
 qci:  0.000000000000000E+000  4.792303161832200E-003
 qpl:  0.000000000000000E+000  8.387096864531367E-003
 qpi:  0.000000000000000E+000  0.000000000000000E+000
 qrad(K/day):  -76.1954433338819        41.7641002796293     
 shf:   5.41921209170123        46.5765551862237     
 lhf:   56.5116696060486        292.693718377800     
 uw: -7.123264317408823E-002  5.910846702700933E-002
 vw: -6.568805763121638E-002  4.406466793083350E-002
 sst:   303.150000000000        303.150000000000     
 ===========================
 total water budget:
 before (mm):         53.87751896084
 after (mm):          53.87779125418
 evaporation (mm):     0.00085216643
 precipitation (mm):   0.00057987309
 large-scale (mm):     0.00000000000
 Imbalance (mm)      -0.00000000000
 evap (mm/day):   2.45423932226466     
 prec (mm/day):   1.67003450172113     
 ls (mm/day):  0.000000000000000E+000
 imbalance (mm/day) -2.328012782548683E-011
  imbalance (rel error): -1.318804500369967E-016
 ===========================
 Let's do some shortwave
 Range of zenith angles  0.732661695834013       0.732661695834013     
 Range of surface albedo (asdir)  3.383449086658900E-002  3.383449086658900E-002
 Range of surface albedo (aldir)  3.383449086658900E-002  3.383449086658900E-002
 Range of surface albedo (asdif)  6.000000000000000E-002  6.000000000000000E-002
 Range of surface albedo (aldif)  6.000000000000000E-002  6.000000000000000E-002
 radiation: perpetual sun, solin=   310.282738846749     
 longwave radiation is called
NSTEP =       1069   NCYCLE=  7  CFL_adv= 0.437  CFL_sgs= 0.029
NSTEP =       1070   NCYCLE=  7  CFL_adv= 0.426  CFL_sgs= 0.028
NSTEP =       1071   NCYCLE=  7  CFL_adv= 0.411  CFL_sgs= 0.029
 Collecting statistics...
 name QCSTRG is missing in "lst" file.
NSTEP =       1072   NCYCLE=  7  CFL_adv= 0.414  CFL_sgs= 0.030
 DAY =   0.372222222222222     
 NSTEP=        1072
 div:  5.230505355443807E-017 -3.290329623590762E-017
 SST=   303.150000000000     
 surface pressure=   1014.80000000000     
 u:  -8.58200497593386        8.07666919932044     
 v:  -11.9116667798398        8.70668115869606     
 w:  -5.38012941204997        22.1177896850247     
 p:  -57.1089760945918        51.3093011483735     
 t:   288.170347160538        473.619395708841     
 tabs:   199.354297849566        301.155041121867     
 qv:  3.903413989489287E-041  1.998063562325725E-002
 tke:  0.000000000000000E+000   18.3798812355521     
 tk:  0.000000000000000E+000   107.179409273517     
 tkh:  0.000000000000000E+000   107.179409273517     
 qcl:  0.000000000000000E+000  4.043620441953694E-003
 qci:  0.000000000000000E+000  4.229459002157897E-003
 qpl:  0.000000000000000E+000  5.246224531212964E-003
 qpi:  0.000000000000000E+000  0.000000000000000E+000
 qrad(K/day):  -80.2689215147573        35.2338571247256     
 shf:   5.42382386840720        58.7934768345526     
 lhf:   56.7769085721618        269.640733447836     
 uw: -7.557068879895243E-002  6.892356865971798E-002
 vw: -3.638462212394844E-002  5.487643151573918E-002
 sst:   303.150000000000        303.150000000000     
 ===========================
 total water budget:
 before (mm):         53.87847794157
 after (mm):          53.87867353120
 evaporation (mm):     0.00085279235
 precipitation (mm):   0.00065720271
 large-scale (mm):     0.00000000000
 Imbalance (mm)      -0.00000000000
 evap (mm/day):   2.45604195864978     
 prec (mm/day):   1.89274381635279     
 ls (mm/day):  0.000000000000000E+000
 imbalance (mm/day) -7.063287454922573E-011
  imbalance (rel error): -5.275131618440234E-016
 ===========================
NSTEP =       1073   NCYCLE=  7  CFL_adv= 0.425  CFL_sgs= 0.031
NSTEP =       1074   NCYCLE=  7  CFL_adv= 0.434  CFL_sgs= 0.030
 Let's do some shortwave
 Range of zenith angles  0.732661695834013       0.732661695834013     
 Range of surface albedo (asdir)  3.383449086658900E-002  3.383449086658900E-002
 Range of surface albedo (aldir)  3.383449086658900E-002  3.383449086658900E-002
 Range of surface albedo (asdif)  6.000000000000000E-002  6.000000000000000E-002
 Range of surface albedo (aldif)  6.000000000000000E-002  6.000000000000000E-002
 radiation: perpetual sun, solin=   310.282738843434     
 longwave radiation is called
NSTEP =       1075   NCYCLE=  7  CFL_adv= 0.440  CFL_sgs= 0.030
 Collecting statistics...
 name QCSTRG is missing in "lst" file.
NSTEP =       1076   NCYCLE=  7  CFL_adv= 0.449  CFL_sgs= 0.034
 DAY =   0.373611111111111     
 NSTEP=        1076
 div:  5.922303833214441E-017 -3.838964495900082E-017
 SST=   303.150000000000     
 surface pressure=   1014.80000000000     
 u:  -8.65496318823709        8.16160877790764     
 v:  -11.4379433741958        11.2652555041986     
 w:  -6.16663977208507        24.5552523313313     
 p:  -51.4289643557592        47.0119218263433     
 t:   286.884225075060        473.622368542692     
 tabs:   199.554889689201        301.164566627885     
 qv:  4.241183417360407E-041  1.984898380379736E-002
 tke:  0.000000000000000E+000   20.9162051004139     
 tk:  0.000000000000000E+000   114.335594579110     
 tkh:  0.000000000000000E+000   114.335594579110     
 qcl:  0.000000000000000E+000  3.806478153619074E-003
 qci:  0.000000000000000E+000  3.917796279958368E-003
 qpl:  0.000000000000000E+000  7.880977822954990E-003
 qpi:  0.000000000000000E+000  0.000000000000000E+000
 qrad(K/day):  -75.1095138492072        39.6699009985047     
 shf:   5.40074147277426        43.9367764114480     
 lhf:   56.9702254933048        242.787566648309     
 uw: -7.794279189281206E-002  8.446438011835349E-002
 vw: -7.700789521222383E-002  6.939591283362140E-002
 sst:   303.150000000000        303.150000000000     
 ===========================
 total water budget:
 before (mm):         53.87935947302
 after (mm):          53.87963168745
 evaporation (mm):     0.00085349804
 precipitation (mm):   0.00058128360
 large-scale (mm):     0.00000000000
 Imbalance (mm)      -0.00000000000
 evap (mm/day):   2.45807434185423     
 prec (mm/day):   1.67409676182502     
 ls (mm/day):  0.000000000000000E+000
 imbalance (mm/day) -2.528852127703374E-011
  imbalance (rel error): -2.637518904664547E-016
 ===========================
NSTEP =       1077   NCYCLE=  7  CFL_adv= 0.456  CFL_sgs= 0.039
NSTEP =       1078   NCYCLE=  7  CFL_adv= 0.463  CFL_sgs= 0.043
NSTEP =       1079   NCYCLE=  7  CFL_adv= 0.439  CFL_sgs= 0.046
 Writting radiation restart file...
 Saved radiation restart file. nstep=        1080
 Collecting statistics...
 name QCSTRG is missing in "lst" file.
 Writting statistics:nstatsteps=          15
 --------------- ISCCP Simulator Diagnostics: -----------------
 ISCCP PDF:
            0.0       0.3       1.3       3.6       9.4      23.0      60.0
    0.     0.198     0.064     0.027     0.019     0.016     0.020     0.056
  180.     0.004     0.001     0.002     0.006     0.003     0.001     0.000
  310.     0.024     0.007     0.005     0.004     0.002     0.001     0.000
  440.     0.010     0.002     0.002     0.001     0.000     0.000     0.000
  560.     0.002     0.001     0.001     0.001     0.000     0.000     0.000
  680.     0.000     0.002     0.003     0.002     0.002     0.001     0.001
  800.     0.005     0.016     0.022     0.014     0.007     0.003     0.000
 low cld area (tau > 0.3)=  7.214050292968750E-002
 mid cld area (tau > 0.3)=  1.029764811197917E-002
 hgh cld area (tau > 0.3)=  0.234539794921875     
 total cld area (tau > 0.3)=  0.316977945963542     
 mean albedo cld (tau > 0.3)   0.428840593846927     
 mean tau cld (tau > 0.3)    6.20211174281959     
 mean top pressure (tau > 0.3)   327.633469752964     
 mean brightness temp (tau > 0.3)   258.548199470028     
 mean clearsky brightness temp (tau > 0.3)   296.532462848568     
 --------------- MODIS Simulator Diagnostics: -----------------
 MODIS PDF:
                      0.3       1.3       3.6       9.4      23.0      60.0
    0.               0.063     0.028     0.025     0.019     0.021     0.056
  180.               0.001     0.001     0.001     0.002     0.001     0.000
  310.               0.006     0.005     0.003     0.001     0.001     0.000
  440.               0.002     0.001     0.001     0.000     0.000     0.000
  560.               0.002     0.001     0.001     0.000     0.000     0.000
  680.               0.002     0.003     0.002     0.001     0.001     0.001
  800.               0.015     0.021     0.014     0.007     0.003     0.000
 low cld area =  6.936543782552083E-002
 mid cld area =  9.566243489583334E-003
 hgh cld area =  0.235274251302083     
 total cld area =  0.314205932617188     
 mean tau cld    42.4052489964812     
 mean top pressure    319.496301114906     
 total cld area (liquid) =  7.215779622395833E-002
 total cld area (ice) =  0.237292480468750     
 mean tau (liquid) =   7.98168864997292     
 mean tau (ice) =   53.5818268805189     
 mean lwp (g/m2) =   103.363038447147     
 mean iwp (g/m2) =   644.383555369315     
 mean reff (liquid)  =   15.0446143263939     
 mean reff (ice)  =   26.0367502079508     
 --------------- MISR Simulator Diagnostics: -----------------
 MISR PDF:
            0.0       0.3       1.3       3.6       9.4      23.0      60.0
 99.00     0.000     0.000     0.000     0.000     0.000     0.000     0.000
 17.00     0.000     0.000     0.000     0.000     0.000     0.000     0.002
 15.00     0.000     0.002     0.019     0.023     0.019     0.021     0.055
 13.00     0.000     0.015     0.000     0.000     0.000     0.000     0.000
 11.00     0.000     0.008     0.001     0.001     0.002     0.001     0.000
  9.00     0.000     0.014     0.010     0.003     0.001     0.001     0.000
  7.00     0.000     0.001     0.002     0.001     0.000     0.000     0.000
  5.00     0.000     0.001     0.000     0.000     0.000     0.000     0.000
  4.00     0.000     0.003     0.001     0.000     0.000     0.000     0.000
  3.00     0.000     0.000     0.000     0.000     0.000     0.000     0.000
  2.50     0.000     0.000     0.000     0.000     0.000     0.000     0.000
  2.00     0.000     0.000     0.000     0.001     0.001     0.001     0.000
  1.50     0.000     0.000     0.001     0.002     0.004     0.002     0.000
  1.00     0.001     0.009     0.026     0.015     0.004     0.000     0.000
  0.50     0.000     0.006     0.001     0.000     0.000     0.000     0.000
  0.00     0.025     0.032     0.000     0.000     0.000     0.000     0.000
 total cld area =  0.286994425455729     
 mean top height (m)   9373.10355977188     
 Writting history file 
 rcemip300sst_16_nCat6_MaxIce200                                                
  
 Writing restart file ...
 Restart file was saved. nstep=        1080
 Writting 2D data. file:./OUT_2D/bubble_rcemip300sst_16_nCat6_MaxIce200_64.2Dbin
                                                                 
 Writting 3D data. file:./OUT_3D/bubble_rcemip300sst_16_nCat6_MaxIce200_64_00000
 01080.bin3D                                                     
NSTEP =       1080   NCYCLE=  7  CFL_adv= 0.428  CFL_sgs= 0.046
 DAY =   0.375000000000000     
 NSTEP=        1080
 div:  4.325619212787607E-017 -3.022032107483401E-017
 SST=   303.150000000000     
 surface pressure=   1014.80000000000     
 u:  -8.23287694138576        7.49121833106137     
 v:  -9.56704831682616        10.9633717459704     
 w:  -5.90455469644880        22.1243000457841     
 p:  -53.0690229322763        47.0932243750325     
 t:   278.800156825200        473.623777542927     
 tabs:   199.531474560922        301.170991606974     
 qv:  4.338423794642165E-041  1.985269761912713E-002
 tke:  0.000000000000000E+000   19.6657445220217     
 tk:  0.000000000000000E+000   110.865189876099     
 tkh:  0.000000000000000E+000   110.865189876099     
 qcl:  0.000000000000000E+000  2.803124428380094E-003
 qci:  0.000000000000000E+000  4.093153984083021E-003
 qpl:  0.000000000000000E+000  1.016367889736930E-002
 qpi:  0.000000000000000E+000  0.000000000000000E+000
 qrad(K/day):  -75.1095138492072        39.6699009985047     
 shf:   5.38105480030789        32.9379741904269     
 lhf:   56.9357327305765        274.640205590584     
 uw: -6.407904299920474E-002  8.074156304639969E-002
 vw: -8.150929091417355E-002  7.346112292857100E-002
 sst:   303.150000000000        303.150000000000     
 ===========================
 total water budget:
 before (mm):         53.88047928471
 after (mm):          53.88078374432
 evaporation (mm):     0.00085430821
 precipitation (mm):   0.00054984860
 large-scale (mm):     0.00000000000
 Imbalance (mm)      -0.00000000000
 evap (mm/day):   2.46040763995456     
 prec (mm/day):   1.58356397652542     
 ls (mm/day):  0.000000000000000E+000
 imbalance (mm/day) -3.369242385087290E-011
  imbalance (rel error): -2.637462510314775E-016
 ===========================
CPU TIME =     617.2085 OVER     0.50 MODEL HOURS
 Let's do some shortwave
 Range of zenith angles  0.732661695834013       0.732661695834013     
 Range of surface albedo (asdir)  3.383449086658900E-002  3.383449086658900E-002
 Range of surface albedo (aldir)  3.383449086658900E-002  3.383449086658900E-002
 Range of surface albedo (asdif)  6.000000000000000E-002  6.000000000000000E-002
 Range of surface albedo (aldif)  6.000000000000000E-002  6.000000000000000E-002
 radiation: perpetual sun, solin=   310.282738842882     
 longwave radiation is called
NSTEP =       1081   NCYCLE=  7  CFL_adv= 0.436  CFL_sgs= 0.044
NSTEP =       1082   NCYCLE=  7  CFL_adv= 0.440  CFL_sgs= 0.040
NSTEP =       1083   NCYCLE=  7  CFL_adv= 0.428  CFL_sgs= 0.037
 Collecting statistics...
 name QCSTRG is missing in "lst" file.
NSTEP =       1084   NCYCLE=  7  CFL_adv= 0.444  CFL_sgs= 0.034
 DAY =   0.376388888888889     
 NSTEP=        1084
 div:  4.642847483562946E-017 -3.565291193011969E-017
 SST=   303.150000000000     
 surface pressure=   1014.80000000000     
 u:  -8.18023503785743        7.13563537455866     
 v:  -9.95238515385478        8.55391859515236     
 w:  -5.60551172074113        23.6112827146843     
 p:  -51.1368498055483        46.8687366655726     
 t:   280.667357130460        473.624475775505     
 tabs:   199.580695762457        301.173528584583     
 qv:  4.595820256192716E-041  1.984037457854864E-002
 tke:  0.000000000000000E+000   20.3953083209271     
 tk:  0.000000000000000E+000   112.902912719644     
 tkh:  0.000000000000000E+000   112.902912719644     
 qcl:  0.000000000000000E+000  2.640042858994296E-003
 qci:  0.000000000000000E+000  5.336700832388513E-003
 qpl:  0.000000000000000E+000  9.227381092111117E-003
 qpi:  0.000000000000000E+000  0.000000000000000E+000
 qrad(K/day):  -77.9180201729904        33.0024278895655     
 shf:   5.37286885626047        77.9881674998494     
 lhf:   57.0326598117646        264.340038886395     
 uw: -5.821714564352888E-002  6.405809425603032E-002
 vw: -6.825420119448955E-002  4.644960154276109E-002
 sst:   303.150000000000        303.150000000000     
 ===========================
 total water budget:
 before (mm):         53.88172825987
 after (mm):          53.88204541098
 evaporation (mm):     0.00085516941
 precipitation (mm):   0.00053801830
 large-scale (mm):     0.00000000000
 Imbalance (mm)       0.00000000000
 evap (mm/day):   2.46288788795834     
 prec (mm/day):   1.54949270093524     
 ls (mm/day):  0.000000000000000E+000
 imbalance (mm/day)  5.433466176985036E-012
  imbalance (rel error):  0.000000000000000E+000
 ===========================
NSTEP =       1085   NCYCLE=  7  CFL_adv= 0.448  CFL_sgs= 0.037
NSTEP =       1086   NCYCLE=  7  CFL_adv= 0.450  CFL_sgs= 0.039
 Let's do some shortwave
 Range of zenith angles  0.732661695834013       0.732661695834013     
 Range of surface albedo (asdir)  3.383449086658900E-002  3.383449086658900E-002
 Range of surface albedo (aldir)  3.383449086658900E-002  3.383449086658900E-002
 Range of surface albedo (asdif)  6.000000000000000E-002  6.000000000000000E-002
 Range of surface albedo (aldif)  6.000000000000000E-002  6.000000000000000E-002
 radiation: perpetual sun, solin=   310.282738836888     
 longwave radiation is called
[2026-02-10T19:52:09.109] error: *** JOB 50451976 ON n652 CANCELLED AT 2026-02-10T19:52:09 DUE TO TIME LIMIT ***
[2026-02-10T19:52:09.109] error: *** STEP 50451976.0 ON n652 CANCELLED AT 2026-02-10T19:52:09 DUE TO TIME LIMIT ***
srun: Job step aborted: Waiting up to 302 seconds for job step to finish.
