n1716
n1716
n1716
n1716
n1716
n1716
n1716
n1716
n1716
n1716
n1716
n1716
n1716
n1716
n1716
n1716
n1716
n1716
n1716
n1716
n1716
n1716
n1716
n1716
n1716
n1716
n1716
n1716
n1716
n1716
n1716
n1716
n963
n963
n963
n963
n963
n963
n963
n963
n963
n963
n963
n963
n963
n963
n963
n963
n963
n963
n963
n963
n963
n963
n963
n963
n963
n963
n963
n963
n963
n963
n963
n963
 number of MPI tasks:          64
           **************************************************
           **************************************************
           *                                                *
           *      *****          **       ***          **   *
           *    ***   ***       ****      ****       ****   *
           *   ***     ***     *** ***    *****     *****   *
           *    ***           ***   ***   *** **   ** ***   *
           *       ***       ***     ***  ***  ** **  ***   *
           *          ***    ***     ***  ***   ***   ***   *
           *   ***     ***   ***********  ***         ***   *
           *    ***   ***    ***     ***  ***         ***   *
           *      *****      ***     ***  ***         ***   *
           *                                                *
           **************************************************
           **************************************************
           ***       System for Atmospheric Modeling      ***
           ***                    SAM                     ***
                     Version 6.10.9 (Feb 2016)  
           **************************************************
           ***     (C) Marat Khairoutdinov                ***
           *** School of Marine and Atmospheric Sciences  ***
           ***       Stony Brook University               ***
           **************************************************
           ***       The model can be used only with      ***
           ***         permission from the author!        ***
           ***       No transfer to any third party       ***
           ***                is allowed!                 ***
           **************************************************
           **************************************************
           ***       DATE 02/17/26 TIME 15:44:38          ***
           **************************************************
 
 ==============================================================
  You have chosen to use            6  ice categories in MICRO_P3.
 ==============================================================
 ==============================================================
  You have chosen to use            6  ice categories in MICRO_P3.
 ==============================================================
 ==============================================================
  You have chosen to use            6  ice categories in MICRO_P3.
 ==============================================================
 ==============================================================
  You have chosen to use            6  ice categories in MICRO_P3.
 ==============================================================
 ==============================================================
  You have chosen to use            6  ice categories in MICRO_P3.
 ==============================================================
 ==============================================================
  You have chosen to use            6  ice categories in MICRO_P3.
 ==============================================================
 ==============================================================
  You have chosen to use            6  ice categories in MICRO_P3.
 ==============================================================
 ==============================================================
  You have chosen to use            6  ice categories in MICRO_P3.
 ==============================================================
 ==============================================================
  You have chosen to use            6  ice categories in MICRO_P3.
 ==============================================================
 ==============================================================
  You have chosen to use            6  ice categories in MICRO_P3.
 ==============================================================
  You have chosen to use            6  ice categories in MICRO_P3.
 ==============================================================
 ==============================================================
 ==============================================================
  You have chosen to use            6  ice categories in MICRO_P3.
 ==============================================================
 ==============================================================
  You have chosen to use            6  ice categories in MICRO_P3.
 ==============================================================
 ==============================================================
  You have chosen to use            6  ice categories in MICRO_P3.
 ==============================================================
 ==============================================================
  You have chosen to use            6  ice categories in MICRO_P3.
 ==============================================================
 ==============================================================
  You have chosen to use            6  ice categories in MICRO_P3.
 ==============================================================
 ==============================================================
  You have chosen to use            6  ice categories in MICRO_P3.
 ==============================================================
 ==============================================================
  You have chosen to use            6  ice categories in MICRO_P3.
 ==============================================================
 ==============================================================
  You have chosen to use            6  ice categories in MICRO_P3.
 ==============================================================
 ==============================================================
  You have chosen to use            6  ice categories in MICRO_P3.
 ==============================================================
 ==============================================================
  You have chosen to use            6  ice categories in MICRO_P3.
 ==============================================================
 ==============================================================
  You have chosen to use            6  ice categories in MICRO_P3.
 ==============================================================
 ==============================================================
  You have chosen to use            6  ice categories in MICRO_P3.
 ==============================================================
  You have chosen to use            6  ice categories in MICRO_P3.
 ==============================================================
 ==============================================================
 ==============================================================
  You have chosen to use            6  ice categories in MICRO_P3.
 ==============================================================
 ==============================================================
 ==============================================================
  You have chosen to use            6  ice categories in MICRO_P3.
  You have chosen to use            6  ice categories in MICRO_P3.
 ==============================================================
 ==============================================================
 ==============================================================
  You have chosen to use            6  ice categories in MICRO_P3.
 ==============================================================
 ==============================================================
 ==============================================================
  You have chosen to use            6  ice categories in MICRO_P3.
 ==============================================================
  You have chosen to use            6  ice categories in MICRO_P3.
 ==============================================================
 ==============================================================
  You have chosen to use            6  ice categories in MICRO_P3.
 ==============================================================
 ==============================================================
  You have chosen to use            6  ice categories in MICRO_P3.
 ==============================================================
 ==============================================================
  You have chosen to use            6  ice categories in MICRO_P3.
 ==============================================================
 ==============================================================
  You have chosen to use            6  ice categories in MICRO_P3.
 ==============================================================
 ==============================================================
  You have chosen to use            6  ice categories in MICRO_P3.
 ==============================================================
 ==============================================================
  You have chosen to use            6  ice categories in MICRO_P3.
 ==============================================================
 ==============================================================
  You have chosen to use            6  ice categories in MICRO_P3.
 ==============================================================
 ==============================================================
  You have chosen to use            6  ice categories in MICRO_P3.
 ==============================================================
 ==============================================================
  You have chosen to use            6  ice categories in MICRO_P3.
 ==============================================================
 ==============================================================
  You have chosen to use            6  ice categories in MICRO_P3.
 ==============================================================
 ==============================================================
  You have chosen to use            6  ice categories in MICRO_P3.
 ==============================================================
 ==============================================================
  You have chosen to use            6  ice categories in MICRO_P3.
 ==============================================================
 ==============================================================
  You have chosen to use            6  ice categories in MICRO_P3.
 ==============================================================
 ==============================================================
  You have chosen to use            6  ice categories in MICRO_P3.
 ==============================================================
 ==============================================================
  You have chosen to use            6  ice categories in MICRO_P3.
 ==============================================================
 ==============================================================
  You have chosen to use            6  ice categories in MICRO_P3.
 ==============================================================
 ==============================================================
  You have chosen to use            6  ice categories in MICRO_P3.
 ==============================================================
 ==============================================================
  You have chosen to use            6  ice categories in MICRO_P3.
 ==============================================================
 ==============================================================
  You have chosen to use            6  ice categories in MICRO_P3.
 ==============================================================
 ==============================================================
  You have chosen to use            6  ice categories in MICRO_P3.
 ==============================================================
  You have chosen to use            6  ice categories in MICRO_P3.
 ==============================================================
 ==============================================================
 ==============================================================
 ==============================================================
  You have chosen to use            6  ice categories in MICRO_P3.
 ==============================================================
  You have chosen to use            6  ice categories in MICRO_P3.
 ==============================================================
 ==============================================================
  You have chosen to use            6  ice categories in MICRO_P3.
 ==============================================================
 ==============================================================
 ==============================================================
  You have chosen to use            6  ice categories in MICRO_P3.
 ==============================================================
  You have chosen to use            6  ice categories in MICRO_P3.
 ==============================================================
  You have chosen to use            6  ice categories in MICRO_P3.
 ==============================================================
 ==============================================================
 ==============================================================
  You have chosen to use            6  ice categories in MICRO_P3.
 ==============================================================
 ==============================================================
  You have chosen to use            6  ice categories in MICRO_P3.
 ==============================================================
 ==============================================================
  You have chosen to use            6  ice categories in MICRO_P3.
 ==============================================================
 ==============================================================
  You have chosen to use            6  ice categories in MICRO_P3.
 ==============================================================
 ==============================================================
  You have chosen to use            6  ice categories in MICRO_P3.
 ==============================================================
 ==============================================================
  You have chosen to use            6  ice categories in MICRO_P3.
 ==============================================================
 ==============================================================
  You have chosen to use            6  ice categories in MICRO_P3.
 ==============================================================
 
 surface pressure:    1014.80000000000     
 
  P3 microphysics: v3.1.14          
    P3_INIT (reading/creating look-up tables [v4.1, v4.1]) ...
    P3_INIT DONE.
 
 Initial Sounding:
  k      z    rho     rhoi    s      h     h*      qt      u      v     adz     
 Nsq
 128 27750.0  0.026  0.027 473.15 473.15 473.58   0.00   0.00   0.00  6.667     0.4715E-03
 127 27500.0  0.027  0.028 470.72 470.72 471.14   0.00   0.00   0.00  6.667     0.4715E-03
 126 27250.0  0.028  0.029 468.30 468.30 468.69   0.00   0.00   0.00  6.667     0.4715E-03
 125 27000.0  0.030  0.030 465.87 465.87 466.25   0.00   0.00   0.00  6.667     0.4715E-03
 124 26750.0  0.031  0.031 463.44 463.44 463.80   0.00   0.00   0.00  6.667     0.4715E-03
 123 26500.0  0.032  0.033 461.01 461.01 461.36   0.00   0.00   0.00  6.667     0.4715E-03
 122 26250.0  0.034  0.034 458.58 458.58 458.92   0.00   0.00   0.00  6.667     0.4715E-03
 121 26000.0  0.035  0.036 456.15 456.15 456.48   0.00   0.00   0.00  6.667     0.4715E-03
 120 25750.0  0.037  0.037 453.73 453.73 454.04   0.00   0.00   0.00  6.667     0.4715E-03
 119 25500.0  0.038  0.039 451.30 451.30 451.60   0.00   0.00   0.00  6.667     0.4715E-03
 118 25250.0  0.040  0.041 448.87 448.87 449.15   0.00   0.00   0.00  6.667     0.4715E-03
 117 25000.0  0.041  0.042 446.44 446.44 446.71   0.00   0.00   0.00  6.667     0.4715E-03
 116 24750.0  0.043  0.044 444.01 444.01 444.27   0.00   0.00   0.00  6.667     0.4715E-03
 115 24500.0  0.045  0.046 441.58 441.58 441.83   0.00   0.00   0.00  6.667     0.4715E-03
 114 24250.0  0.047  0.048 439.15 439.15 439.39   0.00   0.00   0.00  6.667     0.4715E-03
 113 24000.0  0.049  0.050 436.72 436.72 436.95   0.00   0.00   0.00  6.667     0.4715E-03
 112 23750.0  0.051  0.052 434.29 434.29 434.52   0.00   0.00   0.00  6.667     0.4715E-03
 111 23500.0  0.053  0.055 431.86 431.86 432.08   0.00   0.00   0.00  6.667     0.4715E-03
 110 23250.0  0.056  0.057 429.43 429.43 429.64   0.00   0.00   0.00  6.667     0.4715E-03
 109 23000.0  0.058  0.059 427.00 427.00 427.20   0.00   0.00   0.00  6.667     0.4715E-03
 108 22750.0  0.061  0.062 424.57 424.57 424.76   0.00   0.00   0.00  6.667     0.4715E-03
 107 22500.0  0.063  0.065 422.14 422.14 422.32   0.00   0.00   0.00  6.667     0.4715E-03
 106 22250.0  0.066  0.067 419.71 419.71 419.88   0.00   0.00   0.00  6.667     0.4715E-03
 105 22000.0  0.069  0.070 417.28 417.28 417.45   0.00   0.00   0.00  6.667     0.4715E-03
 104 21750.0  0.072  0.073 414.85 414.85 415.01   0.00   0.00   0.00  6.667     0.4715E-03
 103 21500.0  0.075  0.076 412.41 412.41 412.57   0.00   0.00   0.00  6.667     0.4715E-03
 102 21250.0  0.078  0.080 409.98 409.98 410.13   0.00   0.00   0.00  6.667     0.4715E-03
 101 21000.0  0.081  0.083 407.55 407.55 407.69   0.00   0.00   0.00  6.667     0.4715E-03
 100 20750.0  0.085  0.087 405.12 405.12 405.26   0.00   0.00   0.00  6.667     0.4715E-03
  99 20500.0  0.089  0.090 402.69 402.69 402.82   0.00   0.00   0.00  6.667     0.4715E-03
  98 20250.0  0.092  0.094 400.26 400.26 400.38   0.00   0.00   0.00  6.667     0.4715E-03
  97 20000.0  0.096  0.098 397.82 397.82 397.95   0.00   0.00   0.00  6.667     0.4715E-03
  96 19750.0  0.100  0.103 395.39 395.39 395.51   0.00   0.00   0.00  6.667     0.4715E-03
  95 19500.0  0.105  0.107 392.96 392.96 393.07   0.00   0.00   0.00  6.667     0.4715E-03
  94 19250.0  0.109  0.112 390.53 390.53 390.63   0.00   0.00   0.00  6.667     0.4715E-03
  93 19000.0  0.114  0.116 388.09 388.09 388.20   0.00   0.00   0.00  6.667     0.4715E-03
  92 18750.0  0.119  0.121 385.66 385.66 385.76   0.00   0.00   0.00  6.667     0.4715E-03
  91 18500.0  0.124  0.127 383.23 383.23 383.32   0.00   0.00   0.00  6.667     0.4715E-03
  90 18250.0  0.129  0.132 380.80 380.80 380.89   0.00   0.00   0.00  6.667     0.4715E-03
  89 18000.0  0.135  0.138 378.36 378.36 378.45   0.00   0.00   0.00  6.667     0.4715E-03
  88 17750.0  0.141  0.144 375.93 375.93 376.01   0.00   0.00   0.00  6.667     0.4715E-03
  87 17500.0  0.147  0.150 373.50 373.50 373.58   0.00   0.00   0.00  6.667     0.4715E-03
  86 17250.0  0.153  0.156 371.06 371.06 371.14   0.00   0.00   0.00  6.667     0.4715E-03
  85 17000.0  0.160  0.163 368.63 368.63 368.70   0.00   0.00   0.00  6.667     0.4715E-03
  84 16750.0  0.167  0.170 366.20 366.20 366.27   0.00   0.00   0.00  6.667     0.4715E-03
  83 16500.0  0.174  0.177 363.76 363.76 363.83   0.00   0.00   0.00  6.667     0.4715E-03
  82 16250.0  0.181  0.185 361.33 361.33 361.39   0.00   0.00   0.00  6.667     0.4715E-03
  81 16000.0  0.189  0.193 358.89 358.89 358.96   0.00   0.00   0.00  6.667     0.4715E-03
  80 15750.0  0.197  0.201 356.46 356.46 356.52   0.00   0.00   0.00  6.667     0.4715E-03
  79 15500.0  0.206  0.210 354.03 354.03 354.08   0.00   0.00   0.00  6.667     0.4715E-03
  78 15250.0  0.215  0.219 351.59 351.59 351.65   0.00   0.00   0.00  6.667     0.4717E-03
  77 15000.0  0.224  0.228 349.16 349.18 349.21   0.01   0.00   0.00  6.667     0.1476E-03
  76 14750.0  0.231  0.235 348.39 348.42 348.46   0.01   0.00   0.00  6.667     0.1464E-03
  75 14500.0  0.239  0.243 347.63 347.66 347.71   0.01   0.00   0.00  6.667     0.1453E-03
  74 14250.0  0.247  0.252 346.87 346.91 346.97   0.01   0.00   0.00  6.667     0.1441E-03
  73 14000.0  0.256  0.260 346.11 346.15 346.22   0.02   0.00   0.00  6.667     0.1429E-03
  72 13750.0  0.264  0.269 345.34 345.40 345.49   0.02   0.00   0.00  6.667     0.1418E-03
  71 13500.0  0.273  0.277 344.58 344.64 344.75   0.03   0.00   0.00  6.667     0.1407E-03
  70 13250.0  0.282  0.286 343.82 343.89 344.02   0.03   0.00   0.00  6.667     0.1397E-03
  69 13000.0  0.291  0.296 343.06 343.15 343.30   0.04   0.00   0.00  6.667     0.1386E-03
  68 12750.0  0.300  0.305 342.29 342.40 342.58   0.04   0.00   0.00  6.667     0.1376E-03
  67 12500.0  0.310  0.315 341.53 341.66 341.86   0.05   0.00   0.00  6.667     0.1366E-03
  66 12250.0  0.320  0.325 340.77 340.92 341.16   0.06   0.00   0.00  6.667     0.1356E-03
  65 12000.0  0.330  0.335 340.00 340.18 340.46   0.07   0.00   0.00  6.667     0.1346E-03
  64 11750.0  0.340  0.345 339.24 339.45 339.77   0.08   0.00   0.00  6.667     0.1337E-03
  63 11500.0  0.351  0.356 338.47 338.72 339.09   0.10   0.00   0.00  6.667     0.1327E-03
  62 11250.0  0.361  0.367 337.71 338.00 338.42   0.12   0.00   0.00  6.667     0.1318E-03
  61 11000.0  0.372  0.378 336.94 337.29 337.76   0.14   0.00   0.00  6.667     0.1310E-03
  60 10750.0  0.384  0.389 336.18 336.58 337.12   0.16   0.00   0.00  6.667     0.1301E-03
  59 10500.0  0.395  0.401 335.41 335.89 336.50   0.19   0.00   0.00  6.667     0.1293E-03
  58 10250.0  0.407  0.413 334.64 335.20 335.89   0.22   0.00   0.00  6.667     0.1285E-03
  57 10000.0  0.419  0.425 333.88 334.52 335.29   0.26   0.00   0.00  6.667     0.1277E-03
  56  9750.0  0.431  0.437 333.11 333.86 334.72   0.30   0.00   0.00  6.667     0.1270E-03
  55  9500.0  0.444  0.450 332.34 333.21 334.17   0.35   0.00   0.00  6.667     0.1263E-03
  54  9250.0  0.457  0.463 331.57 332.58 333.65   0.40   0.00   0.00  6.667     0.1256E-03
  53  9000.0  0.470  0.476 330.79 331.96 333.15   0.47   0.00   0.00  6.667     0.1250E-03
  52  8750.0  0.483  0.490 330.02 331.36 332.68   0.54   0.00   0.00  6.667     0.1244E-03
  51  8500.0  0.497  0.504 329.25 330.79 332.25   0.62   0.00   0.00  6.667     0.1238E-03
  50  8250.0  0.511  0.518 328.47 330.24 331.84   0.71   0.00   0.00  6.667     0.1233E-03
  49  8000.0  0.525  0.532 327.69 329.71 331.47   0.81   0.00   0.00  6.667     0.1228E-03
  48  7750.0  0.540  0.547 326.91 329.22 331.15   0.92   0.00   0.00  6.667     0.1224E-03
  47  7500.0  0.555  0.562 326.13 328.76 330.86   1.05   0.00   0.00  6.667     0.1220E-03
  46  7250.0  0.570  0.578 325.34 328.33 330.62   1.20   0.00   0.00  6.667     0.1216E-03
  45  7000.0  0.585  0.593 324.55 327.94 330.42   1.36   0.00   0.00  6.667     0.1213E-03
  44  6750.0  0.601  0.609 323.76 327.60 330.28   1.53   0.00   0.00  6.667     0.1211E-03
  43  6500.0  0.617  0.626 322.96 327.30 330.19   1.73   0.00   0.00  6.667     0.1209E-03
  42  6250.0  0.634  0.642 322.16 327.05 330.16   1.95   0.00   0.00  6.667     0.1207E-03
  41  6000.0  0.651  0.659 321.36 326.85 330.18   2.19   0.00   0.00  6.667     0.1206E-03
  40  5750.0  0.668  0.676 320.55 326.71 330.27   2.46   0.00   0.00  6.596     0.1206E-03
  39  5505.3  0.685  0.694 319.76 326.63 330.42   2.75   0.00   0.00  6.526     0.1206E-03
  38  5260.5  0.702  0.711 318.96 326.61 330.64   3.06   0.00   0.00  6.386     0.1207E-03
  37  5026.3  0.719  0.728 318.19 326.66 330.92   3.39   0.00   0.00  6.246     0.1208E-03
  36  4792.1  0.737  0.745 317.41 326.77 331.26   3.74   0.00   0.00  6.105     0.1209E-03
  35  4568.4  0.754  0.762 316.66 326.93 331.65   4.11   0.00   0.00  5.965     0.1211E-03
  34  4344.7  0.771  0.779 315.91 327.16 332.10   4.50   0.00   0.00  5.825     0.1214E-03
  33  4131.6  0.787  0.796 315.19 327.45 332.59   4.90   0.00   0.00  5.684     0.1216E-03
  32  3918.4  0.804  0.812 314.47 327.79 333.15   5.33   0.00   0.00  5.544     0.1219E-03
  31  3715.8  0.820  0.829 313.77 328.18 333.74   5.76   0.00   0.00  5.404     0.1222E-03
  30  3513.2  0.837  0.845 313.07 328.63 334.38   6.22   0.00   0.00  5.263     0.1226E-03
  29  3321.1  0.853  0.861 312.40 329.11 335.05   6.68   0.00   0.00  5.123     0.1229E-03
  28  3128.9  0.869  0.877 311.73 329.65 335.77   7.17   0.00   0.00  4.982     0.9818E-04
  27  2947.4  0.884  0.892 311.22 328.43 336.87   6.88   0.00   0.00  4.842     0.1219E-03
  26  2765.8  0.900  0.908 310.58 328.93 337.69   7.34   0.00   0.00  4.702     0.1222E-03
  25  2594.7  0.915  0.923 309.97 329.44 338.52   7.78   0.00   0.00  4.561     0.1225E-03
  24  2423.7  0.930  0.937 309.37 329.99 339.39   8.25   0.00   0.00  4.421     0.1228E-03
  23  2263.2  0.945  0.952 308.79 330.55 340.26   8.70   0.00   0.00  4.281     0.1231E-03
  22  2102.6  0.959  0.966 308.22 331.15 341.17   9.17   0.00   0.00  4.140     0.1233E-03
  21  1952.6  0.973  0.980 307.67 331.74 342.07   9.63   0.00   0.00  4.000     0.1236E-03
  20  1802.6  0.986  0.993 307.13 332.37 343.00  10.10   0.00   0.00  3.860     0.1239E-03
  19  1663.2  1.000  1.006 306.62 332.98 343.91  10.54   0.00   0.00  3.719     0.1242E-03
  18  1523.7  1.013  1.019 306.10 333.62 344.85  11.00   0.00   0.00  3.579     0.1244E-03
  17  1394.7  1.025  1.031 305.63 334.24 345.75  11.44   0.00   0.00  3.439     0.1247E-03
  16  1265.8  1.037  1.043 305.15 334.87 346.69  11.89   0.00   0.00  3.298     0.1249E-03
  15  1147.4  1.049  1.055 304.71 335.48 347.57  12.31   0.00   0.00  3.158     0.1251E-03
  14  1028.9  1.060  1.066 304.26 336.11 348.48  12.74   0.00   0.00  3.018     0.1253E-03
  13   921.1  1.071  1.077 303.86 336.70 349.34  13.13   0.00   0.00  2.877     0.1255E-03
  12   813.2  1.082  1.087 303.45 337.30 350.22  13.54   0.00   0.00  2.737     0.1257E-03
  11   715.8  1.092  1.097 303.08 337.86 351.03  13.91   0.00   0.00  2.596     0.1259E-03
  10   618.4  1.101  1.106 302.71 338.43 351.86  14.28   0.00   0.00  2.456     0.1260E-03
   9   531.6  1.110  1.115 302.38 338.95 352.62  14.62   0.00   0.00  2.316     0.1261E-03
   8   444.7  1.119  1.123 302.05 339.47 353.39  14.97   0.00   0.00  2.175     0.1263E-03
   7   368.4  1.127  1.131 301.76 339.94 354.09  15.27   0.00   0.00  2.035     0.1263E-03
   6   292.1  1.135  1.138 301.47 340.42 354.79  15.58   0.00   0.00  1.895     0.1265E-03
   5   226.3  1.142  1.145 301.21 340.84 355.41  15.85   0.00   0.00  1.754     0.1265E-03
   4   160.5  1.148  1.151 300.96 341.26 356.04  16.12   0.00   0.00  1.614     0.1266E-03
   3   105.3  1.154  1.157 300.74 341.62 356.57  16.35   0.00   0.00  1.474     0.1267E-03
   2    50.0  1.159  1.161 300.53 341.98 357.11  16.58   0.00   0.00  1.070     0.1266E-03
   1    25.0  1.163  1.166 300.43 342.14 357.36  16.68   0.00   0.00  1.000      0.000    
  k      z    rho     rhoi    s      h     h*      qt      u      v     adz     
 Nsq
 
   k      z      dz     pres   presi   Tabs     tp     tpl      qt      Qc      
 Qi      REL
 128 27750.00  250.00   15.10   15.42  202.01  669.80  669.80  0.0000  0.0000  0.0000    0.00
 127 27500.00  250.00   15.75   16.09  202.02  661.80  661.80  0.0000  0.0000  0.0000    0.00
 126 27250.00  250.00   16.43   16.78  202.04  653.90  653.90  0.0000  0.0000  0.0000    0.00
 125 27000.00  250.00   17.14   17.51  202.05  646.09  646.09  0.0000  0.0000  0.0000    0.00
 124 26750.00  250.00   17.88   18.26  202.07  638.37  638.37  0.0000  0.0000  0.0000    0.00
 123 26500.00  250.00   18.65   19.05  202.08  630.74  630.74  0.0000  0.0000  0.0000    0.00
 122 26250.00  250.00   19.46   19.87  202.10  623.21  623.21  0.0000  0.0000  0.0000    0.00
 121 26000.00  250.00   20.30   20.73  202.11  615.77  615.77  0.0000  0.0000  0.0000    0.00
 120 25750.00  250.00   21.17   21.63  202.12  608.41  608.41  0.0000  0.0000  0.0000    0.00
 119 25500.00  250.00   22.09   22.56  202.14  601.14  601.14  0.0000  0.0000  0.0000    0.00
 118 25250.00  250.00   23.04   23.53  202.15  593.96  593.96  0.0000  0.0000  0.0000    0.00
 117 25000.00  250.00   24.04   24.55  202.17  586.87  586.87  0.0000  0.0000  0.0000    0.00
 116 24750.00  250.00   25.08   25.61  202.18  579.86  579.86  0.0000  0.0000  0.0000    0.00
 115 24500.00  250.00   26.16   26.72  202.19  572.93  572.93  0.0000  0.0000  0.0000    0.00
 114 24250.00  250.00   27.29   27.87  202.21  566.09  566.09  0.0000  0.0000  0.0000    0.00
 113 24000.00  250.00   28.46   29.07  202.22  559.33  559.33  0.0000  0.0000  0.0000    0.00
 112 23750.00  250.00   29.69   30.33  202.23  552.65  552.65  0.0000  0.0000  0.0000    0.00
 111 23500.00  250.00   30.97   31.64  202.24  546.05  546.05  0.0000  0.0000  0.0000    0.00
 110 23250.00  250.00   32.31   33.00  202.26  539.53  539.53  0.0000  0.0000  0.0000    0.00
 109 23000.00  250.00   33.71   34.43  202.27  533.08  533.08  0.0000  0.0000  0.0000    0.00
 108 22750.00  250.00   35.16   35.91  202.28  526.71  526.71  0.0000  0.0000  0.0000    0.00
 107 22500.00  250.00   36.68   37.46  202.29  520.42  520.42  0.0000  0.0000  0.0000    0.00
 106 22250.00  250.00   38.26   39.08  202.30  514.21  514.21  0.0000  0.0000  0.0000    0.00
 105 22000.00  250.00   39.91   40.76  202.32  508.06  508.06  0.0000  0.0000  0.0000    0.00
 104 21750.00  250.00   41.63   42.52  202.33  502.00  502.00  0.0000  0.0000  0.0000    0.00
 103 21500.00  250.00   43.43   44.36  202.34  496.00  496.00  0.0000  0.0000  0.0000    0.00
 102 21250.00  250.00   45.30   46.27  202.35  490.08  490.08  0.0000  0.0000  0.0000    0.00
 101 21000.00  250.00   47.26   48.26  202.36  484.22  484.22  0.0000  0.0000  0.0000    0.00
 100 20750.00  250.00   49.29   50.35  202.37  478.44  478.44  0.0000  0.0000  0.0000    0.00
  99 20500.00  250.00   51.42   52.52  202.38  472.72  472.72  0.0000  0.0000  0.0000    0.00
  98 20250.00  250.00   53.64   54.78  202.39  467.08  467.08  0.0000  0.0000  0.0000    0.00
  97 20000.00  250.00   55.95   57.14  202.41  461.50  461.50  0.0000  0.0000  0.0000    0.00
  96 19750.00  250.00   58.36   59.61  202.42  455.99  455.99  0.0000  0.0000  0.0000    0.00
  95 19500.00  250.00   60.88   62.18  202.43  450.54  450.54  0.0000  0.0000  0.0000    0.00
  94 19250.00  250.00   63.50   64.86  202.44  445.16  445.16  0.0000  0.0000  0.0000    0.00
  93 19000.00  250.00   66.24   67.66  202.45  439.84  439.84  0.0000  0.0000  0.0000    0.00
  92 18750.00  250.00   69.10   70.57  202.46  434.59  434.59  0.0000  0.0000  0.0000    0.00
  91 18500.00  250.00   72.08   73.61  202.47  429.40  429.40  0.0000  0.0000  0.0000    0.00
  90 18250.00  250.00   75.18   76.79  202.48  424.27  424.27  0.0000  0.0000  0.0000    0.00
  89 18000.00  250.00   78.42   80.10  202.49  419.20  419.20  0.0000  0.0000  0.0000    0.00
  88 17750.00  250.00   81.81   83.55  202.50  414.19  414.19  0.0000  0.0000  0.0000    0.00
  87 17500.00  250.00   85.33   87.15  202.50  409.25  409.25  0.0000  0.0000  0.0000    0.00
  86 17250.00  250.00   89.01   90.91  202.51  404.36  404.36  0.0000  0.0000  0.0000    0.00
  85 17000.00  250.00   92.85   94.82  202.52  399.53  399.53  0.0000  0.0000  0.0000    0.00
  84 16750.00  250.00   96.85   98.91  202.53  394.76  394.76  0.0000  0.0000  0.0000    0.00
  83 16500.00  250.00  101.02  103.17  202.54  390.04  390.04  0.0000  0.0000  0.0000    0.00
  82 16250.00  250.00  105.37  107.62  202.55  385.38  385.38  0.0000  0.0000  0.0000    0.00
  81 16000.00  250.00  109.91  112.26  202.56  380.78  380.78  0.0000  0.0000  0.0000    0.00
  80 15750.00  250.00  114.65  117.09  202.57  376.23  376.23  0.0000  0.0000  0.0000    0.00
  79 15500.00  250.00  119.59  122.14  202.58  371.74  371.74  0.0000  0.0000  0.0000    0.00
  78 15250.00  250.00  124.74  127.40  202.58  367.30  367.30  0.0000  0.0000  0.0000    0.00
  77 15000.00  250.00  130.12  132.89  202.59  362.91  362.91  0.0080  0.0000  0.0000   37.20
  76 14750.00  250.00  135.70  138.57  204.27  361.55  361.55  0.0098  0.0000  0.0000   37.80
  75 14500.00  250.00  141.47  144.44  205.95  360.21  360.21  0.0118  0.0000  0.0000   37.41
  74 14250.00  250.00  147.44  150.50  207.63  358.89  358.89  0.0143  0.0000  0.0000   37.22
  73 14000.00  250.00  153.61  156.78  209.31  357.58  357.58  0.0173  0.0000  0.0000   37.06
  72 13750.00  250.00  159.98  163.26  210.99  356.28  356.28  0.0208  0.0000  0.0000   36.87
  71 13500.00  250.00  166.57  169.95  212.67  355.00  355.00  0.0250  0.0000  0.0000   36.88
  70 13250.00  250.00  173.37  176.86  214.35  353.73  353.73  0.0300  0.0000  0.0000   37.06
  69 13000.00  250.00  180.39  184.00  216.03  352.48  352.48  0.0358  0.0000  0.0000   37.24
  68 12750.00  250.00  187.64  191.36  217.71  351.24  351.24  0.0428  0.0000  0.0000   37.68
  67 12500.00  250.00  195.12  198.96  219.39  350.02  350.02  0.0509  0.0000  0.0000   38.10
  66 12250.00  250.00  202.84  206.80  221.07  348.81  348.81  0.0605  0.0000  0.0000   38.67
  65 12000.00  250.00  210.81  214.89  222.75  347.61  347.61  0.0718  0.0000  0.0000   39.32
  64 11750.00  250.00  219.02  223.23  224.43  346.42  346.42  0.0849  0.0000  0.0000   39.97
  63 11500.00  250.00  227.49  231.83  226.11  345.25  345.25  0.1002  0.0000  0.0000   40.68
  62 11250.00  250.00  236.22  240.69  227.79  344.09  344.09  0.1180  0.0000  0.0000   41.43
  61 11000.00  250.00  245.21  249.82  229.46  342.94  342.94  0.1387  0.0000  0.0000   42.22
  60 10750.00  250.00  254.48  259.23  231.14  341.80  341.80  0.1627  0.0000  0.0000   43.05
  59 10500.00  250.00  264.03  268.92  232.82  340.67  340.67  0.1903  0.0000  0.0000   43.88
  58 10250.00  250.00  273.86  278.90  234.49  339.56  339.56  0.2221  0.0000  0.0000   44.73
  57 10000.00  250.00  283.99  289.17  236.17  338.45  338.45  0.2587  0.0000  0.0000   45.62
  56  9750.00  250.00  294.41  299.75  237.84  337.36  337.36  0.3007  0.0000  0.0000   46.53
  55  9500.00  250.00  305.14  310.63  239.51  336.27  336.27  0.3487  0.0000  0.0000   47.46
  54  9250.00  250.00  316.18  321.83  241.19  335.19  335.19  0.4034  0.0000  0.0000   48.41
  53  9000.00  250.00  327.54  333.35  242.86  334.13  334.13  0.4657  0.0000  0.0000   49.38
  52  8750.00  250.00  339.23  345.21  244.53  333.07  333.07  0.5365  0.0000  0.0000   50.37
  51  8500.00  250.00  351.25  357.39  246.19  332.02  332.02  0.6166  0.0000  0.0000   51.38
  50  8250.00  250.00  363.61  369.92  247.86  330.98  330.98  0.7071  0.0000  0.0000   52.41
  49  8000.00  250.00  376.31  382.81  249.52  329.95  329.95  0.8090  0.0000  0.0000   53.44
  48  7750.00  250.00  389.37  396.05  251.18  328.92  328.92  0.9236  0.0000  0.0000   54.50
  47  7500.00  250.00  402.79  409.65  252.84  327.90  327.90  1.0522  0.0000  0.0000   55.58
  46  7250.00  250.00  416.58  423.63  254.50  326.89  326.89  1.1959  0.0000  0.0000   56.66
  45  7000.00  250.00  430.75  437.99  256.15  325.88  325.88  1.3563  0.0000  0.0000   57.75
  44  6750.00  250.00  445.30  452.73  257.81  324.88  324.88  1.5347  0.0000  0.0000   58.85
  43  6500.00  250.00  460.24  467.88  259.45  323.89  323.89  1.7328  0.0000  0.0000   59.97
  42  6250.00  250.00  475.59  483.42  261.10  322.90  322.90  1.9521  0.0000  0.0000   61.08
  41  6000.00  250.00  491.34  499.38  262.74  321.91  321.91  2.1943  0.0000  0.0000   62.20
  40  5750.00  247.37  507.51  515.59  264.37  320.93  320.93  2.4610  0.0000  0.0000   63.32
  39  5505.26  244.74  523.75  532.04  265.97  319.98  319.98  2.7476  0.0000  0.0000   64.41
  38  5260.53  239.47  540.40  548.54  267.56  319.02  319.02  3.0610  0.0000  0.0000   65.50
  37  5026.32  234.21  556.74  565.07  269.07  318.11  318.11  3.3876  0.0000  0.0000   66.54
  36  4792.10  228.95  573.47  581.61  270.59  317.20  317.20  3.7418  0.0000  0.0000   67.57
  35  4568.42  223.68  589.82  598.15  272.03  316.34  316.34  4.1071  0.0000  0.0000   68.55
  34  4344.74  218.42  606.55  614.66  273.46  315.48  315.48  4.5000  0.0000  0.0000   69.52
  33  4131.58  213.16  622.84  631.12  274.82  314.65  314.65  4.9012  0.0000  0.0000   70.43
  32  3918.42  207.89  639.48  647.52  276.18  313.83  313.83  5.3296  0.0000  0.0000   71.33
  31  3715.79  202.63  655.62  663.83  277.46  313.05  313.05  5.7629  0.0000  0.0000   72.17
  30  3513.16  197.37  672.10  680.03  278.74  312.27  312.27  6.2223  0.0000  0.0000   73.00
  29  3321.05  192.11  688.02  696.10  279.95  311.53  311.53  6.6826  0.0000  0.0000   73.77
  28  3128.95  186.84  704.24  712.03  281.15  310.79  310.79  7.1675  0.0000  0.0000   74.53
  27  2947.37  181.58  719.86  727.78  282.42  310.24  310.24  6.8841  0.0000  0.0000   67.10
  26  2765.79  176.32  735.75  743.35  283.55  309.55  309.55  7.3378  0.0000  0.0000   67.67
  25  2594.74  171.05  750.98  758.70  284.62  308.90  308.90  7.7843  0.0000  0.0000   68.19
  24  2423.68  165.79  766.46  773.82  285.68  308.25  308.25  8.2493  0.0000  0.0000   68.69
  23  2263.16  160.53  781.23  788.70  286.68  307.64  307.64  8.7028  0.0000  0.0000   69.15
  22  2102.63  155.26  796.21  803.30  287.67  307.03  307.03  9.1727  0.0000  0.0000   69.59
  21  1952.63  150.00  810.43  817.62  288.59  306.47  306.47  9.6267  0.0000  0.0000   69.98
  20  1802.63  144.74  824.84  831.62  289.51  305.90  305.90 10.0952  0.0000  0.0000   70.36
  19  1663.16  139.47  838.43  845.30  290.37  305.37  305.37 10.5436  0.0000  0.0000   70.70
  18  1523.68  134.21  852.20  858.63  291.22  304.84  304.84 11.0044  0.0000  0.0000   71.02
  17  1394.74  128.95  865.09  871.60  292.00  304.35  304.35 11.4412  0.0000  0.0000   71.30
  16  1265.79  123.68  878.14  884.19  292.78  303.86  303.86 11.8883  0.0000  0.0000   71.57
  15  1147.37  118.42  890.26  896.37  293.50  303.41  303.41 12.3079  0.0000  0.0000   71.80
  14  1028.95  113.16  902.51  908.14  294.21  302.97  302.97 12.7359  0.0000  0.0000   72.01
  13   921.05  107.89  913.80  919.48  294.86  302.56  302.56 13.1332  0.0000  0.0000   72.20
  12   813.16  102.63  925.19  930.37  295.51  302.15  302.15 13.5372  0.0000  0.0000   72.38
  11   715.79   97.37  935.57  940.80  296.09  301.78  301.78 13.9075  0.0000  0.0000   72.53
  10   618.42   92.11  946.05  950.75  296.67  301.41  301.41 14.2832  0.0000  0.0000   72.66
   9   531.58   86.84  955.47  960.21  297.19  301.08  301.08 14.6226  0.0000  0.0000   72.78
   8   444.74   81.58  964.97  969.17  297.71  300.76  300.76 14.9661  0.0000  0.0000   72.88
   7   368.42   76.32  973.38  977.60  298.16  300.47  300.47 15.2712  0.0000  0.0000   72.97
   6   292.11   71.05  981.84  985.51  298.61  300.18  300.18 15.5793  0.0000  0.0000   73.05
   5   226.32   65.79  989.19  992.88  299.00  299.93  299.93 15.8473  0.0000  0.0000   73.11
   4   160.53   60.53  996.58  999.70  299.39  299.68  299.68 16.1173  0.0000  0.0000   73.17
   3   105.26   55.26 1002.82 1005.96  299.72  299.48  299.48 16.3458  0.0000  0.0000   73.21
   2    50.00   40.13 1009.10 1010.52  300.04  299.27  299.27 16.5758  0.0000  0.0000   73.25
   1    25.00   37.50 1011.94 1014.80  300.19  299.17  299.17 16.6802  0.0000  0.0000   73.27
   k      z      dz     pres   presi   Tabs     tp     tpl      qt      Qc      
 Qi      REL
 Smagorinsky SGS Closure
 initialize with warm bubble:
 bubble_x0=   128000.000000000     
 bubble_y0=   128000.000000000     
 bubble_z0=  0.000000000000000E+000
 bubble_radius_hor=   30000.0000000000     
 bubble_radius_ver=   3000.00000000000     
 bubble_dtemp=  0.000000000000000E+000
 bubble_dq=  5.000000000000000E-003
 Initializeing forcing data...
 sounding data: nsnd=           3   nzsnd=         128
 Observed sounding interval (days):  0.000000000000000E+000
   2000.00000000000     
 
 Case: bubble
 Caseid: rcemip300sst_160_MaxIce20_dry3km90perc
 New Run.
 Day:  0.000000000000000E+000
 Model type: CEM
 Finish at timestep:         720
 Finish on day:  0.250000000000000     
 
 Statistics file ouput frequency:           60  steps
 Statistics file sampling: every           15  steps
 printouts frequency:           4  steps
 Adams-Bashforth scheme order:           3
 
 Global Grid:         256         256         128
 Local Grid:          32          32         128
 Grid spacing (m) dx, dy, dz:   1000.00000000000        1000.00000000000     
   37.5000000000000     
 Domain dimensions (m):   256000.000000000        256000.000000000     
   27750.0000000000     
 dowallx= F
 dowally= F
 
 Timestep (sec):   30.0000000000000     
 domain translation velocities ug, vg:  0.000000000000000E+000
  0.000000000000000E+000
 
 do column model F
 do convective parameterization F
 do spange damping at the domain top:  T
 maintain grad. of scalars at the top: T
 clouds are allowed: T
 precipitation is allowed: T
 smoke cloud F
 SGS scheme is on: T
 larger-scale subsidence is on: F
 larger-scale tendency is on: F
 coriolis force is allowed: F
 vertical coriolis force is allowed: F
 longwave radiation: T
 shortwave radiation: T
 do seasonal solar cycle: F
 do perpetual sun: T
 compute effective radius for liquid: T
 compute effective radius for ice: T
 doradsimple =  F
 doradhomo = F
 dosolarconstant =  T
 solar_constant =    423.500000000000     
 zenith_angle =    42.8900000000000     
 doradlon =  F
 doradlat =  F
 Latitude0:  0.000000000000000E+000
 Longitude0:  0.000000000000000E+000
 rundatadir = ./RUNDATA
 factor to change present CO2 concentration: nxco2=   1.00000000000000     
 surface flux parameterization is on: T
 Surface type: OCEAN
  sensible heat flux prescribed: F
  latent heat flux prescribed: F
  surface stress prescribed: F
 dosfchomo =  F
 doisccp =  T
 domodis =  T
 domisr =  T
 dosimfilesout= F
 dodynamicocean = F
 doseawater= T
 salt_factor (satur. correction for salty water)=  0.981000000000000     
 dotracers = F
 output_sep = F
 perturb_type =            2
 doSAMconditionals = F
 dosatupdnconditionals = T
 doscamiopdata = F
 iopfile:
 dozero_out_day0 = F
 nsave2D =          120
 nsave2Dstart =            0
 nsave2Dend =     99960480
 save2Dbin =  T
 nsave3D =          120
 nsave3Dstart =            0
 nsave3Dend =     99960480
 save3Dbin =  T
 qnsave3D =   0.000000000000000E+000
 docolumn =  F
 doensemble =  F
 nensemble =            0
 nstatmom =         1000
 nstatmomstart =            1
 nstatmomend =            0
 savemombin =  F
 nmovie =         1000
 nmoviestart =     99999999
 nmovieend =     99999999
 Writting 3D data. file:./OUT_3D/bubble_rcemip300sst_160_MaxIce20_dry3km90perc_6
 4_0000000000.bin3D                                              
 Number of statistics profiles:         647
 Statistics profiles to save:
PRES       U          V          UOBS       VOBS       WOBS       RHO        MSE     
DSE        SSE        THETAE     THETA      THETAV     THETAL     TABS       TABSOBS 
TL         QT         QV         QVOBS      TTEND      QTEND      QCL        QCI     
QPL        QPI        QN         QP         QNFR       FRACT      QSAT       QCOND   
PRECIP     RELH       TLFLUX     TLFLUXS    TVFLUX     QCFLUX     QIFLUX     SW      
SWSB       UW         UWSB       VW         VWSB       RADLWUP    RADLWDN    RADSWUP 
RADSWDN    RADQRLW    RADQRSW    RADQR      RADQRS     RADQRC     Q1C        Q1CC    
Q1CS       Q1LS       Q2         Q2C        Q2S        Q2LS       U2         V2      
W2         TL2        TQ         QT2        QC2        QI2        QS2        S2      
W3         AUP        WSKEW      TKE        TKES       TK         TKH        HLADV   
HLDIFF     HLLAT      HLRAD      QTADV      QTDIFF     QTSINK     QTSRC      QPADV   
QPDIFF     QPFALL     QPSRC      QPEVP      SHEAR      SHEARS     BUOYA      BUOYAS  
ADVTR      PRESSTR    ADVTRS     DIFTR      DISSIP     DISSIPS    WUADV      WVADV   
WUPRES     WVPRES     WUANIZ     WVANIZ     WUSHEAR    WVSHEAR    WUBUOY     WVBUOY  
WUDIFF     WVDIFF     W2ADV      W2PRES     W2REDIS    W2BUOY     W2DIFF     TWGRAD  
TWADV      TWDIFF     TWBUOY     TWPRES     TWPREC     QWGRAD     QWADV      QWDIFF  
QWBUOY     QWPRES     QWPREC     T2ADVTR    T2GRAD     T2DISSIP   T2DIFTR    T2PREC  
Q2ADVTR    Q2GRAD     Q2DISSIP   Q2DIFTR    Q2PREC     HYDRO      MCUP       MCDNS   
MCDNU      MC         CORE       CORECL     COREDN     COREDNCL   MCRUP      MCRDNS  
MCRDNU     MCR        QVTEND     QHTEND     QNUDGE     THTEND     TVTEND     TNUDGE  
WSTAR3     UADV       VADV       UDIFF      VDIFF      UNUDGE     VNUDGE     ULSADVV 
VLSADVV    USTOR      VSTOR      UTENDCOR   URESID     VTENDCOR   VRESID     HLSTOR  
QTSTOR     CLDCUMU1   CLDCUMD1   CLDCUMU2   CLDCUMD2   TBIAS      QBIAS      RELHBIAS
UXGRID     VXGRID     TKEDAMP    RADQRCLW   RADQRCSW   SURFVARS   CLD        WCLD    
UCLD       VCLD       MSECLD     DSECLD     TLCLD      TACLD      TVCLD      TVCLDA  
QTCLD      QNCLD      QPCLD      SCLD       WCLDA      TLWCLD     TVWCLD     SWCLD   
QTWCLD     QCWCLD     QIWCLD     HFCLD      HFCLDA     UCLDA      VCLDA      UPGFCLD 
VPGFCLD    WPGFCLD    UWCLD      VWCLD      UWSBCLD    VWSBCLD    MFCLD      MFHCLD  
MFHCLDA    MFTLCLD    MFTLCLDA   MFTVCLD    MFTVCLDA   MFQTCLD    MFQTCLDA   RUWCLD  
RVWCLD     RWWCLD     SUP        WSUP       USUP       VSUP       MSESUP     DSESUP  
TLSUP      TASUP      TVSUP      TVSUPA     QTSUP      QNSUP      QPSUP      SSUP    
WSUPA      TLWSUP     TVWSUP     SWSUP      QTWSUP     QCWSUP     QIWSUP     HFSUP   
HFSUPA     USUPA      VSUPA      UPGFSUP    VPGFSUP    WPGFSUP    UWSUP      VWSUP   
UWSBSUP    VWSBSUP    MFSUP      MFHSUP     MFHSUPA    MFTLSUP    MFTLSUPA   MFTVSUP 
MFTVSUPA   MFQTSUP    MFQTSUPA   RUWSUP     RVWSUP     RWWSUP     SDN        WSDN    
USDN       VSDN       MSESDN     DSESDN     TLSDN      TASDN      TVSDN      TVSDNA  
QTSDN      QNSDN      QPSDN      SSDN       WSDNA      TLWSDN     TVWSDN     SWSDN   
QTWSDN     QCWSDN     QIWSDN     HFSDN      HFSDNA     USDNA      VSDNA      UPGFSDN 
VPGFSDN    WPGFSDN    UWSDN      VWSDN      UWSBSDN    VWSBSDN    MFSDN      MFHSDN  
MFHSDNA    MFTLSDN    MFTLSDNA   MFTVSDN    MFTVSDNA   MFQTSDN    MFQTSDNA   RUWSDN  
RVWSDN     RWWSDN     ENV        WENV       UENV       VENV       MSEENV     DSEENV  
TLENV      TAENV      TVENV      TVENVA     QTENV      QNENV      QPENV      SENV    
WENVA      TLWENV     TVWENV     SWENV      QTWENV     QCWENV     QIWENV     HFENV   
HFENVA     UENVA      VENVA      UPGFENV    VPGFENV    WPGFENV    UWENV      VWENV   
UWSBENV    VWSBENV    MFENV      MFHENV     MFHENVA    MFTLENV    MFTLENVA   MFTVENV 
MFTVENVA   MFQTENV    MFQTENVA   RUWENV     RVWENV     RWWENV     QTFLUX     QTO     
QTO2       QTOADV     QTODIFF    QTOMPHY    QTOSED     QTOSDFLX   QTOSTRG    QTOFLXR 
QTOFLXS    NC         NCADV      NCDIFF     NCMPHY     NCSED      NCSDFLX    NCSTRG  
NCFLXR     NCFLXS     QR         QRADV      QRDIFF     QRMPHY     QRSED      QRSDFLX 
QRSTRG     QRFLXR     QRFLXS     NR         NRADV      NRDIFF     NRMPHY     NRSED   
NRSDFLX    NRSTRG     NRFLXR     NRFLXS     QIA        QIAADV     QIADIFF    QIAMPHY 
QIASED     QIASDFLX   QIASTRG    QIAFLXR    QIAFLXS    TAUQIA     QIAOEFFR   NIA     
NIAADV     NIADIFF    NIAMPHY    NIASED     NIASDFLX   NIASTRG    NIAFLXR    NIAFLXS 
IRA        IRAADV     IRADIFF    IRAMPHY    IRASED     IRASDFLX   IRASTRG    IRAFLXR 
IRAFLXS    IBA        IBAADV     IBADIFF    IBAMPHY    IBASED     IBASDFLX   IBASTRG 
IBAFLXR    IBAFLXS    QIB        QIBADV     QIBDIFF    QIBMPHY    QIBSED     QIBSDFLX
QIBSTRG    QIBFLXR    QIBFLXS    TAUQIB     QIBOEFFR   NIB        NIBADV     NIBDIFF 
NIBMPHY    NIBSED     NIBSDFLX   NIBSTRG    NIBFLXR    NIBFLXS    IRB        IRBADV  
IRBDIFF    IRBMPHY    IRBSED     IRBSDFLX   IRBSTRG    IRBFLXR    IRBFLXS    IBB     
IBBADV     IBBDIFF    IBBMPHY    IBBSED     IBBSDFLX   IBBSTRG    IBBFLXR    IBBFLXS 
QIC        QICADV     QICDIFF    QICMPHY    QICSED     QICSDFLX   QICSTRG    QICFLXR 
QICFLXS    TAUQIC     QICOEFFR   NIC        NICADV     NICDIFF    NICMPHY    NICSED  
NICSDFLX   NICSTRG    NICFLXR    NICFLXS    IRC        IRCADV     IRCDIFF    IRCMPHY 
IRCSED     IRCSDFLX   IRCSTRG    IRCFLXR    IRCFLXS    IBC        IBCADV     IBCDIFF 
IBCMPHY    IBCSED     IBCSDFLX   IBCSTRG    IBCFLXR    IBCFLXS    QID        QIDADV  
QIDDIFF    QIDMPHY    QIDSED     QIDSDFLX   QIDSTRG    QIDFLXR    QIDFLXS    TAUQID  
QIDOEFFR   NID        NIDADV     NIDDIFF    NIDMPHY    NIDSED     NIDSDFLX   NIDSTRG 
NIDFLXR    NIDFLXS    IRD        IRDADV     IRDDIFF    IRDMPHY    IRDSED     IRDSDFLX
IRDSTRG    IRDFLXR    IRDFLXS    IBD        IBDADV     IBDDIFF    IBDMPHY    IBDSED  
IBDSDFLX   IBDSTRG    IBDFLXR    IBDFLXS    QIE        QIEADV     QIEDIFF    QIEMPHY 
QIESED     QIESDFLX   QIESTRG    QIEFLXR    QIEFLXS    TAUQIE     QIEOEFFR   NIE     
NIEADV     NIEDIFF    NIEMPHY    NIESED     NIESDFLX   NIESTRG    NIEFLXR    NIEFLXS 
IRE        IREADV     IREDIFF    IREMPHY    IRESED     IRESDFLX   IRESTRG    IREFLXR 
IREFLXS    IBE        IBEADV     IBEDIFF    IBEMPHY    IBESED     IBESDFLX   IBESTRG 
IBEFLXR    IBEFLXS    QIF        QIFADV     QIFDIFF    QIFMPHY    QIFSED     QIFSDFLX
QIFSTRG    QIFFLXR    QIFFLXS    TAUQIF     QIFOEFFR   NIF        NIFADV     NIFDIFF 
NIFMPHY    NIFSED     NIFSDFLX   NIFSTRG    NIFFLXR    NIFFLXS    IRF        IRFADV  
IRFDIFF    IRFMPHY    IRFSED     IRFSDFLX   IRFSTRG    IRFFLXR    IRFFLXS    IBF     
IBFADV     IBFDIFF    IBFMPHY    IBFSED     IBFSDFLX   IBFSTRG    IBFFLXR    IBFFLXS 
QC         TAUQC      QCOEFFR    T1         QV1        ninuc      ninuc2     ninuc3  
ncheti     nrheti     nimul      nimlt      nisub      nislf      nrchomi 
wspd, zbot, t_degC, zbot =       0.00000000     25.00000000     27.04000959     25.00000000
qbot,zbot,pmidm1,ts_degC =       0.01668020     25.00000000   1011.94493732     26.85000000
tau,shf,lhf,Le =     0.000000E+00   -0.932600E-03    0.123723E-04    0.000000E+00
ssq, lhf_coef, ustar,  u10n =         0.022076       -0.002293        0.056842        1.094175
 SHF/LHF (W/m2 approx) =   -1.13478708241751        37.2652828015296     
wspd, zbot, t_degC, zbot =       0.00000000     25.00000000     27.04000959     25.00000000
qbot,zbot,pmidm1,ts_degC =       0.01668020     25.00000000   1011.94493732     26.85000000
tau,shf,lhf,Le =     0.000000E+00   -0.932600E-03    0.123723E-04    0.000000E+00
ssq, lhf_coef, ustar,  u10n =         0.022076       -0.002293        0.056842        1.094175
 SHF/LHF (W/m2 approx) =   -1.13478708241751        37.2652828015296     
wspd, zbot, t_degC, zbot =       0.00000000     25.00000000     27.04000959     25.00000000
qbot,zbot,pmidm1,ts_degC =       0.01668020     25.00000000   1011.94493732     26.85000000
tau,shf,lhf,Le =     0.000000E+00   -0.932600E-03    0.123723E-04    0.000000E+00
ssq, lhf_coef, ustar,  u10n =         0.022076       -0.002293        0.056842        1.094175
 SHF/LHF (W/m2 approx) =   -1.13478708241751        37.2652828015296     
wspd, zbot, t_degC, zbot =       0.00000000     25.00000000     27.04000959     25.00000000
wspd, zbot, t_degC, zbot =       0.00000000     25.00000000     27.04000959     25.00000000
qbot,zbot,pmidm1,ts_degC =       0.01668020     25.00000000   1011.94493732     26.85000000
tau,shf,lhf,Le =     0.000000E+00   -0.932600E-03    0.123723E-04    0.000000E+00
ssq, lhf_coef, ustar,  u10n =         0.022076       -0.002293        0.056842        1.094175
 SHF/LHF (W/m2 approx) =   -1.13478708241751        37.2652828015296     
wspd, zbot, t_degC, zbot =       0.00000000     25.00000000     27.04000959     25.00000000
qbot,zbot,pmidm1,ts_degC =       0.01668020     25.00000000   1011.94493732     26.85000000
tau,shf,lhf,Le =     0.000000E+00   -0.932600E-03    0.123723E-04    0.000000E+00
ssq, lhf_coef, ustar,  u10n =         0.022076       -0.002293        0.056842        1.094175
 SHF/LHF (W/m2 approx) =   -1.13478708241751        37.2652828015296     
wspd, zbot, t_degC, zbot =       0.00000000     25.00000000     27.04000959     25.00000000
qbot,zbot,pmidm1,ts_degC =       0.01668020     25.00000000   1011.94493732     26.85000000
tau,shf,lhf,Le =     0.000000E+00   -0.932600E-03    0.123723E-04    0.000000E+00
ssq, lhf_coef, ustar,  u10n =         0.022076       -0.002293        0.056842        1.094175
 SHF/LHF (W/m2 approx) =   -1.13478708241751        37.2652828015296     
wspd, zbot, t_degC, zbot =       0.00000000     25.00000000     27.04000959     25.00000000
qbot,zbot,pmidm1,ts_degC =       0.01668020     25.00000000   1011.94493732     26.85000000
tau,shf,lhf,Le =     0.000000E+00   -0.932600E-03    0.123723E-04    0.000000E+00
ssq, lhf_coef, ustar,  u10n =         0.022076       -0.002293        0.056842        1.094175
 SHF/LHF (W/m2 approx) =   -1.13478708241751        37.2652828015296     
wspd, zbot, t_degC, zbot =       0.00000000     25.00000000     27.04000959     25.00000000
qbot,zbot,pmidm1,ts_degC =       0.01668020     25.00000000   1011.94493732     26.85000000
tau,shf,lhf,Le =     0.000000E+00   -0.932600E-03    0.123723E-04    0.000000E+00
ssq, lhf_coef, ustar,  u10n =         0.022076       -0.002293        0.056842        1.094175
 SHF/LHF (W/m2 approx) =   -1.13478708241751        37.2652828015296     
wspd, zbot, t_degC, zbot =       0.00000000     25.00000000     27.04000959     25.00000000
qbot,zbot,pmidm1,ts_degC =       0.01668020     25.00000000   1011.94493732     26.85000000
tau,shf,lhf,Le =     0.000000E+00   -0.932600E-03    0.123723E-04    0.000000E+00
ssq, lhf_coef, ustar,  u10n =         0.022076       -0.002293        0.056842        1.094175
 SHF/LHF (W/m2 approx) =   -1.13478708241751        37.2652828015296     
wspd, zbot, t_degC, zbot =       0.00000000     25.00000000     27.04000959     25.00000000
qbot,zbot,pmidm1,ts_degC =       0.01668020     25.00000000   1011.94493732     26.85000000
tau,shf,lhf,Le =     0.000000E+00   -0.932600E-03    0.123723E-04    0.000000E+00
ssq, lhf_coef, ustar,  u10n =         0.022076       -0.002293        0.056842        1.094175
 SHF/LHF (W/m2 approx) =   -1.13478708241751        37.2652828015296     
wspd, zbot, t_degC, zbot =       0.00000000     25.00000000     27.04000959     25.00000000
qbot,zbot,pmidm1,ts_degC =       0.01668020     25.00000000   1011.94493732     26.85000000
tau,shf,lhf,Le =     0.000000E+00   -0.932600E-03    0.123723E-04    0.000000E+00
ssq, lhf_coef, ustar,  u10n =         0.022076       -0.002293        0.056842        1.094175
 SHF/LHF (W/m2 approx) =   -1.13478708241751        37.2652828015296     
wspd, zbot, t_degC, zbot =       0.00000000     25.00000000     27.04000959     25.00000000
qbot,zbot,pmidm1,ts_degC =       0.01668020     25.00000000   1011.94493732     26.85000000
tau,shf,lhf,Le =     0.000000E+00   -0.932600E-03    0.123723E-04    0.000000E+00
ssq, lhf_coef, ustar,  u10n =         0.022076       -0.002293        0.056842        1.094175
 SHF/LHF (W/m2 approx) =   -1.13478708241751        37.2652828015296     
wspd, zbot, t_degC, zbot =       0.00000000     25.00000000     27.04000959     25.00000000
qbot,zbot,pmidm1,ts_degC =       0.01668020     25.00000000   1011.94493732     26.85000000
tau,shf,lhf,Le =     0.000000E+00   -0.932600E-03    0.123723E-04    0.000000E+00
ssq, lhf_coef, ustar,  u10n =         0.022076       -0.002293        0.056842        1.094175
 SHF/LHF (W/m2 approx) =   -1.13478708241751        37.2652828015296     
wspd, zbot, t_degC, zbot =       0.00000000     25.00000000     27.04000959     25.00000000
qbot,zbot,pmidm1,ts_degC =       0.01668020     25.00000000   1011.94493732     26.85000000
tau,shf,lhf,Le =     0.000000E+00   -0.932600E-03    0.123723E-04    0.000000E+00
ssq, lhf_coef, ustar,  u10n =         0.022076       -0.002293        0.056842        1.094175
 SHF/LHF (W/m2 approx) =   -1.13478708241751        37.2652828015296     
wspd, zbot, t_degC, zbot =       0.00000000     25.00000000     27.04000959     25.00000000
qbot,zbot,pmidm1,ts_degC =       0.01668020     25.00000000   1011.94493732     26.85000000
tau,shf,lhf,Le =     0.000000E+00   -0.932600E-03    0.123723E-04    0.000000E+00
ssq, lhf_coef, ustar,  u10n =         0.022076       -0.002293        0.056842        1.094175
 SHF/LHF (W/m2 approx) =   -1.13478708241751        37.2652828015296     
wspd, zbot, t_degC, zbot =       0.00000000     25.00000000     27.04000959     25.00000000
qbot,zbot,pmidm1,ts_degC =       0.01668020     25.00000000   1011.94493732     26.85000000
tau,shf,lhf,Le =     0.000000E+00   -0.932600E-03    0.123723E-04    0.000000E+00
ssq, lhf_coef, ustar,  u10n =         0.022076       -0.002293        0.056842        1.094175
 SHF/LHF (W/m2 approx) =   -1.13478708241751        37.2652828015296     
wspd, zbot, t_degC, zbot =       0.00000000     25.00000000     27.04000959     25.00000000
qbot,zbot,pmidm1,ts_degC =       0.01668020     25.00000000   1011.94493732     26.85000000
tau,shf,lhf,Le =     0.000000E+00   -0.932600E-03    0.123723E-04    0.000000E+00
ssq, lhf_coef, ustar,  u10n =         0.022076       -0.002293        0.056842        1.094175
 SHF/LHF (W/m2 approx) =   -1.13478708241751        37.2652828015296     
wspd, zbot, t_degC, zbot =       0.00000000     25.00000000     27.04000959     25.00000000
qbot,zbot,pmidm1,ts_degC =       0.01668020     25.00000000   1011.94493732     26.85000000
tau,shf,lhf,Le =     0.000000E+00   -0.932600E-03    0.123723E-04    0.000000E+00
ssq, lhf_coef, ustar,  u10n =         0.022076       -0.002293        0.056842        1.094175
 SHF/LHF (W/m2 approx) =   -1.13478708241751        37.2652828015296     
wspd, zbot, t_degC, zbot =       0.00000000     25.00000000     27.04000959     25.00000000
qbot,zbot,pmidm1,ts_degC =       0.01668020     25.00000000   1011.94493732     26.85000000
tau,shf,lhf,Le =     0.000000E+00   -0.932600E-03    0.123723E-04    0.000000E+00
ssq, lhf_coef, ustar,  u10n =         0.022076       -0.002293        0.056842        1.094175
 SHF/LHF (W/m2 approx) =   -1.13478708241751        37.2652828015296     
wspd, zbot, t_degC, zbot =       0.00000000     25.00000000     27.04000959     25.00000000
qbot,zbot,pmidm1,ts_degC =       0.01668020     25.00000000   1011.94493732     26.85000000
tau,shf,lhf,Le =     0.000000E+00   -0.932600E-03    0.123723E-04    0.000000E+00
ssq, lhf_coef, ustar,  u10n =         0.022076       -0.002293        0.056842        1.094175
 SHF/LHF (W/m2 approx) =   -1.13478708241751        37.2652828015296     
wspd, zbot, t_degC, zbot =       0.00000000     25.00000000     27.04000959     25.00000000
qbot,zbot,pmidm1,ts_degC =       0.01668020     25.00000000   1011.94493732     26.85000000
tau,shf,lhf,Le =     0.000000E+00   -0.932600E-03    0.123723E-04    0.000000E+00
ssq, lhf_coef, ustar,  u10n =         0.022076       -0.002293        0.056842        1.094175
 SHF/LHF (W/m2 approx) =   -1.13478708241751        37.2652828015296     
wspd, zbot, t_degC, zbot =       0.00000000     25.00000000     27.04000959     25.00000000
qbot,zbot,pmidm1,ts_degC =       0.01668020     25.00000000   1011.94493732     26.85000000
tau,shf,lhf,Le =     0.000000E+00   -0.932600E-03    0.123723E-04    0.000000E+00
ssq, lhf_coef, ustar,  u10n =         0.022076       -0.002293        0.056842        1.094175
 SHF/LHF (W/m2 approx) =   -1.13478708241751        37.2652828015296     
wspd, zbot, t_degC, zbot =       0.00000000     25.00000000     27.04000959     25.00000000
qbot,zbot,pmidm1,ts_degC =       0.01668020     25.00000000   1011.94493732     26.85000000
tau,shf,lhf,Le =     0.000000E+00   -0.932600E-03    0.123723E-04    0.000000E+00
ssq, lhf_coef, ustar,  u10n =         0.022076       -0.002293        0.056842        1.094175
 SHF/LHF (W/m2 approx) =   -1.13478708241751        37.2652828015296     
wspd, zbot, t_degC, zbot =       0.00000000     25.00000000     27.04000959     25.00000000
qbot,zbot,pmidm1,ts_degC =       0.01668020     25.00000000   1011.94493732     26.85000000
tau,shf,lhf,Le =     0.000000E+00   -0.932600E-03    0.123723E-04    0.000000E+00
ssq, lhf_coef, ustar,  u10n =         0.022076       -0.002293        0.056842        1.094175
 SHF/LHF (W/m2 approx) =   -1.13478708241751        37.2652828015296     
wspd, zbot, t_degC, zbot =       0.00000000     25.00000000     27.04000959     25.00000000
qbot,zbot,pmidm1,ts_degC =       0.01668020     25.00000000   1011.94493732     26.85000000
tau,shf,lhf,Le =     0.000000E+00   -0.932600E-03    0.123723E-04    0.000000E+00
ssq, lhf_coef, ustar,  u10n =         0.022076       -0.002293        0.056842        1.094175
 SHF/LHF (W/m2 approx) =   -1.13478708241751        37.2652828015296     
wspd, zbot, t_degC, zbot =       0.00000000     25.00000000     27.04000959     25.00000000
qbot,zbot,pmidm1,ts_degC =       0.01668020     25.00000000   1011.94493732     26.85000000
tau,shf,lhf,Le =     0.000000E+00   -0.932600E-03    0.123723E-04    0.000000E+00
ssq, lhf_coef, ustar,  u10n =         0.022076       -0.002293        0.056842        1.094175
 SHF/LHF (W/m2 approx) =   -1.13478708241751        37.2652828015296     
wspd, zbot, t_degC, zbot =       0.00000000     25.00000000     27.04000959     25.00000000
qbot,zbot,pmidm1,ts_degC =       0.01668020     25.00000000   1011.94493732     26.85000000
tau,shf,lhf,Le =     0.000000E+00   -0.932600E-03    0.123723E-04    0.000000E+00
ssq, lhf_coef, ustar,  u10n =         0.022076       -0.002293        0.056842        1.094175
 SHF/LHF (W/m2 approx) =   -1.13478708241751        37.2652828015296     
wspd, zbot, t_degC, zbot =       0.00000000     25.00000000     27.04000959     25.00000000
qbot,zbot,pmidm1,ts_degC =       0.01668020     25.00000000   1011.94493732     26.85000000
tau,shf,lhf,Le =     0.000000E+00   -0.932600E-03    0.123723E-04    0.000000E+00
ssq, lhf_coef, ustar,  u10n =         0.022076       -0.002293        0.056842        1.094175
 SHF/LHF (W/m2 approx) =   -1.13478708241751        37.2652828015296     
wspd, zbot, t_degC, zbot =       0.00000000     25.00000000     27.04000959     25.00000000
qbot,zbot,pmidm1,ts_degC =       0.01668020     25.00000000   1011.94493732     26.85000000
tau,shf,lhf,Le =     0.000000E+00   -0.932600E-03    0.123723E-04    0.000000E+00
ssq, lhf_coef, ustar,  u10n =         0.022076       -0.002293        0.056842        1.094175
 SHF/LHF (W/m2 approx) =   -1.13478708241751        37.2652828015296     
wspd, zbot, t_degC, zbot =       0.00000000     25.00000000     27.04000959     25.00000000
qbot,zbot,pmidm1,ts_degC =       0.01668020     25.00000000   1011.94493732     26.85000000
tau,shf,lhf,Le =     0.000000E+00   -0.932600E-03    0.123723E-04    0.000000E+00
ssq, lhf_coef, ustar,  u10n =         0.022076       -0.002293        0.056842        1.094175
 SHF/LHF (W/m2 approx) =   -1.13478708241751        37.2652828015296     
wspd, zbot, t_degC, zbot =       0.00000000     25.00000000     27.04000959     25.00000000
qbot,zbot,pmidm1,ts_degC =       0.01668020     25.00000000   1011.94493732     26.85000000
tau,shf,lhf,Le =     0.000000E+00   -0.932600E-03    0.123723E-04    0.000000E+00
ssq, lhf_coef, ustar,  u10n =         0.022076       -0.002293        0.056842        1.094175
 SHF/LHF (W/m2 approx) =   -1.13478708241751        37.2652828015296     
wspd, zbot, t_degC, zbot =       0.00000000     25.00000000     27.04000959     25.00000000
qbot,zbot,pmidm1,ts_degC =       0.01668020     25.00000000   1011.94493732     26.85000000
tau,shf,lhf,Le =     0.000000E+00   -0.932600E-03    0.123723E-04    0.000000E+00
ssq, lhf_coef, ustar,  u10n =         0.022076       -0.002293        0.056842        1.094175
 SHF/LHF (W/m2 approx) =   -1.13478708241751        37.2652828015296     
wspd, zbot, t_degC, zbot =       0.00000000     25.00000000     27.04000959     25.00000000
qbot,zbot,pmidm1,ts_degC =       0.01668020     25.00000000   1011.94493732     26.85000000
tau,shf,lhf,Le =     0.000000E+00   -0.932600E-03    0.123723E-04    0.000000E+00
ssq, lhf_coef, ustar,  u10n =         0.022076       -0.002293        0.056842        1.094175
 SHF/LHF (W/m2 approx) =   -1.13478708241751        37.2652828015296     
wspd, zbot, t_degC, zbot =       0.00000000     25.00000000     27.04000959     25.00000000
qbot,zbot,pmidm1,ts_degC =       0.01668020     25.00000000   1011.94493732     26.85000000
tau,shf,lhf,Le =     0.000000E+00   -0.932600E-03    0.123723E-04    0.000000E+00
ssq, lhf_coef, ustar,  u10n =         0.022076       -0.002293        0.056842        1.094175
 SHF/LHF (W/m2 approx) =   -1.13478708241751        37.2652828015296     
wspd, zbot, t_degC, zbot =       0.00000000     25.00000000     27.04000959     25.00000000
qbot,zbot,pmidm1,ts_degC =       0.01668020     25.00000000   1011.94493732     26.85000000
tau,shf,lhf,Le =     0.000000E+00   -0.932600E-03    0.123723E-04    0.000000E+00
ssq, lhf_coef, ustar,  u10n =         0.022076       -0.002293        0.056842        1.094175
 SHF/LHF (W/m2 approx) =   -1.13478708241751        37.2652828015296     
wspd, zbot, t_degC, zbot =       0.00000000     25.00000000     27.04000959     25.00000000
qbot,zbot,pmidm1,ts_degC =       0.01668020     25.00000000   1011.94493732     26.85000000
tau,shf,lhf,Le =     0.000000E+00   -0.932600E-03    0.123723E-04    0.000000E+00
ssq, lhf_coef, ustar,  u10n =         0.022076       -0.002293        0.056842        1.094175
 SHF/LHF (W/m2 approx) =   -1.13478708241751        37.2652828015296     
wspd, zbot, t_degC, zbot =       0.00000000     25.00000000     27.04000959     25.00000000
qbot,zbot,pmidm1,ts_degC =       0.01668020     25.00000000   1011.94493732     26.85000000
tau,shf,lhf,Le =     0.000000E+00   -0.932600E-03    0.123723E-04    0.000000E+00
ssq, lhf_coef, ustar,  u10n =         0.022076       -0.002293        0.056842        1.094175
 SHF/LHF (W/m2 approx) =   -1.13478708241751        37.2652828015296     
wspd, zbot, t_degC, zbot =       0.00000000     25.00000000     27.04000959     25.00000000
qbot,zbot,pmidm1,ts_degC =       0.01668020     25.00000000   1011.94493732     26.85000000
tau,shf,lhf,Le =     0.000000E+00   -0.932600E-03    0.123723E-04    0.000000E+00
ssq, lhf_coef, ustar,  u10n =         0.022076       -0.002293        0.056842        1.094175
 SHF/LHF (W/m2 approx) =   -1.13478708241751        37.2652828015296     
wspd, zbot, t_degC, zbot =       0.00000000     25.00000000     27.04000959     25.00000000
qbot,zbot,pmidm1,ts_degC =       0.01668020     25.00000000   1011.94493732     26.85000000
tau,shf,lhf,Le =     0.000000E+00   -0.932600E-03    0.123723E-04    0.000000E+00
ssq, lhf_coef, ustar,  u10n =         0.022076       -0.002293        0.056842        1.094175
 SHF/LHF (W/m2 approx) =   -1.13478708241751        37.2652828015296     
wspd, zbot, t_degC, zbot =       0.00000000     25.00000000     27.04000959     25.00000000
qbot,zbot,pmidm1,ts_degC =       0.01668020     25.00000000   1011.94493732     26.85000000
tau,shf,lhf,Le =     0.000000E+00   -0.932600E-03    0.123723E-04    0.000000E+00
ssq, lhf_coef, ustar,  u10n =         0.022076       -0.002293        0.056842        1.094175
 SHF/LHF (W/m2 approx) =   -1.13478708241751        37.2652828015296     
wspd, zbot, t_degC, zbot =       0.00000000     25.00000000     27.04000959     25.00000000
qbot,zbot,pmidm1,ts_degC =       0.01668020     25.00000000   1011.94493732     26.85000000
tau,shf,lhf,Le =     0.000000E+00   -0.932600E-03    0.123723E-04    0.000000E+00
ssq, lhf_coef, ustar,  u10n =         0.022076       -0.002293        0.056842        1.094175
 SHF/LHF (W/m2 approx) =   -1.13478708241751        37.2652828015296     
wspd, zbot, t_degC, zbot =       0.00000000     25.00000000     27.04000959     25.00000000
qbot,zbot,pmidm1,ts_degC =       0.01668020     25.00000000   1011.94493732     26.85000000
tau,shf,lhf,Le =     0.000000E+00   -0.932600E-03    0.123723E-04    0.000000E+00
ssq, lhf_coef, ustar,  u10n =         0.022076       -0.002293        0.056842        1.094175
 SHF/LHF (W/m2 approx) =   -1.13478708241751        37.2652828015296     
wspd, zbot, t_degC, zbot =       0.00000000     25.00000000     27.04000959     25.00000000
qbot,zbot,pmidm1,ts_degC =       0.01668020     25.00000000   1011.94493732     26.85000000
tau,shf,lhf,Le =     0.000000E+00   -0.932600E-03    0.123723E-04    0.000000E+00
ssq, lhf_coef, ustar,  u10n =         0.022076       -0.002293        0.056842        1.094175
 SHF/LHF (W/m2 approx) =   -1.13478708241751        37.2652828015296     
wspd, zbot, t_degC, zbot =       0.00000000     25.00000000     27.04000959     25.00000000
qbot,zbot,pmidm1,ts_degC =       0.01668020     25.00000000   1011.94493732     26.85000000
tau,shf,lhf,Le =     0.000000E+00   -0.932600E-03    0.123723E-04    0.000000E+00
ssq, lhf_coef, ustar,  u10n =         0.022076       -0.002293        0.056842        1.094175
 SHF/LHF (W/m2 approx) =   -1.13478708241751        37.2652828015296     
wspd, zbot, t_degC, zbot =       0.00000000     25.00000000     27.04000959     25.00000000
qbot,zbot,pmidm1,ts_degC =       0.01668020     25.00000000   1011.94493732     26.85000000
tau,shf,lhf,Le =     0.000000E+00   -0.932600E-03    0.123723E-04    0.000000E+00
ssq, lhf_coef, ustar,  u10n =         0.022076       -0.002293        0.056842        1.094175
 SHF/LHF (W/m2 approx) =   -1.13478708241751        37.2652828015296     
wspd, zbot, t_degC, zbot =       0.00000000     25.00000000     27.04000959     25.00000000
qbot,zbot,pmidm1,ts_degC =       0.01668020     25.00000000   1011.94493732     26.85000000
tau,shf,lhf,Le =     0.000000E+00   -0.932600E-03    0.123723E-04    0.000000E+00
ssq, lhf_coef, ustar,  u10n =         0.022076       -0.002293        0.056842        1.094175
 SHF/LHF (W/m2 approx) =   -1.13478708241751        37.2652828015296     
wspd, zbot, t_degC, zbot =       0.00000000     25.00000000     27.04000959     25.00000000
qbot,zbot,pmidm1,ts_degC =       0.01668020     25.00000000   1011.94493732     26.85000000
tau,shf,lhf,Le =     0.000000E+00   -0.932600E-03    0.123723E-04    0.000000E+00
ssq, lhf_coef, ustar,  u10n =         0.022076       -0.002293        0.056842        1.094175
 SHF/LHF (W/m2 approx) =   -1.13478708241751        37.2652828015296     
wspd, zbot, t_degC, zbot =       0.00000000     25.00000000     27.04000959     25.00000000
qbot,zbot,pmidm1,ts_degC =       0.01668020     25.00000000   1011.94493732     26.85000000
tau,shf,lhf,Le =     0.000000E+00   -0.932600E-03    0.123723E-04    0.000000E+00
ssq, lhf_coef, ustar,  u10n =         0.022076       -0.002293        0.056842        1.094175
 SHF/LHF (W/m2 approx) =   -1.13478708241751        37.2652828015296     
wspd, zbot, t_degC, zbot =       0.00000000     25.00000000     27.04000959     25.00000000
qbot,zbot,pmidm1,ts_degC =       0.01668020     25.00000000   1011.94493732     26.85000000
tau,shf,lhf,Le =     0.000000E+00   -0.932600E-03    0.123723E-04    0.000000E+00
ssq, lhf_coef, ustar,  u10n =         0.022076       -0.002293        0.056842        1.094175
 SHF/LHF (W/m2 approx) =   -1.13478708241751        37.2652828015296     
wspd, zbot, t_degC, zbot =       0.00000000     25.00000000     27.04000959     25.00000000
qbot,zbot,pmidm1,ts_degC =       0.01668020     25.00000000   1011.94493732     26.85000000
tau,shf,lhf,Le =     0.000000E+00   -0.932600E-03    0.123723E-04    0.000000E+00
ssq, lhf_coef, ustar,  u10n =         0.022076       -0.002293        0.056842        1.094175
 SHF/LHF (W/m2 approx) =   -1.13478708241751        37.2652828015296     
wspd, zbot, t_degC, zbot =       0.00000000     25.00000000     27.04000959     25.00000000
qbot,zbot,pmidm1,ts_degC =       0.01668020     25.00000000   1011.94493732     26.85000000
tau,shf,lhf,Le =     0.000000E+00   -0.932600E-03    0.123723E-04    0.000000E+00
ssq, lhf_coef, ustar,  u10n =         0.022076       -0.002293        0.056842        1.094175
 SHF/LHF (W/m2 approx) =   -1.13478708241751        37.2652828015296     
wspd, zbot, t_degC, zbot =       0.00000000     25.00000000     27.04000959     25.00000000
qbot,zbot,pmidm1,ts_degC =       0.01668020     25.00000000   1011.94493732     26.85000000
tau,shf,lhf,Le =     0.000000E+00   -0.932600E-03    0.123723E-04    0.000000E+00
ssq, lhf_coef, ustar,  u10n =         0.022076       -0.002293        0.056842        1.094175
 SHF/LHF (W/m2 approx) =   -1.13478708241751        37.2652828015296     
wspd, zbot, t_degC, zbot =       0.00000000     25.00000000     27.04000959     25.00000000
qbot,zbot,pmidm1,ts_degC =       0.01668020     25.00000000   1011.94493732     26.85000000
tau,shf,lhf,Le =     0.000000E+00   -0.932600E-03    0.123723E-04    0.000000E+00
ssq, lhf_coef, ustar,  u10n =         0.022076       -0.002293        0.056842        1.094175
 SHF/LHF (W/m2 approx) =   -1.13478708241751        37.2652828015296     
wspd, zbot, t_degC, zbot =       0.00000000     25.00000000     27.04000959     25.00000000
qbot,zbot,pmidm1,ts_degC =       0.01668020     25.00000000   1011.94493732     26.85000000
tau,shf,lhf,Le =     0.000000E+00   -0.932600E-03    0.123723E-04    0.000000E+00
ssq, lhf_coef, ustar,  u10n =         0.022076       -0.002293        0.056842        1.094175
 SHF/LHF (W/m2 approx) =   -1.13478708241751        37.2652828015296     
wspd, zbot, t_degC, zbot =       0.00000000     25.00000000     27.04000959     25.00000000
qbot,zbot,pmidm1,ts_degC =       0.01668020     25.00000000   1011.94493732     26.85000000
tau,shf,lhf,Le =     0.000000E+00   -0.932600E-03    0.123723E-04    0.000000E+00
ssq, lhf_coef, ustar,  u10n =         0.022076       -0.002293        0.056842        1.094175
 SHF/LHF (W/m2 approx) =   -1.13478708241751        37.2652828015296     
wspd, zbot, t_degC, zbot =       0.00000000     25.00000000     27.04000959     25.00000000
qbot,zbot,pmidm1,ts_degC =       0.01668020     25.00000000   1011.94493732     26.85000000
tau,shf,lhf,Le =     0.000000E+00   -0.932600E-03    0.123723E-04    0.000000E+00
ssq, lhf_coef, ustar,  u10n =         0.022076       -0.002293        0.056842        1.094175
 SHF/LHF (W/m2 approx) =   -1.13478708241751        37.2652828015296     
wspd, zbot, t_degC, zbot =       0.00000000     25.00000000     27.04000959     25.00000000
qbot,zbot,pmidm1,ts_degC =       0.01668020     25.00000000   1011.94493732     26.85000000
tau,shf,lhf,Le =     0.000000E+00   -0.932600E-03    0.123723E-04    0.000000E+00
ssq, lhf_coef, ustar,  u10n =         0.022076       -0.002293        0.056842        1.094175
 SHF/LHF (W/m2 approx) =   -1.13478708241751        37.2652828015296     
wspd, zbot, t_degC, zbot =       0.00000000     25.00000000     27.04000959     25.00000000
qbot,zbot,pmidm1,ts_degC =       0.01668020     25.00000000   1011.94493732     26.85000000
tau,shf,lhf,Le =     0.000000E+00   -0.932600E-03    0.123723E-04    0.000000E+00
ssq, lhf_coef, ustar,  u10n =         0.022076       -0.002293        0.056842        1.094175
 SHF/LHF (W/m2 approx) =   -1.13478708241751        37.2652828015296     
wspd, zbot, t_degC, zbot =       0.00000000     25.00000000     27.04000959     25.00000000
qbot,zbot,pmidm1,ts_degC =       0.01668020     25.00000000   1011.94493732     26.85000000
tau,shf,lhf,Le =     0.000000E+00   -0.932600E-03    0.123723E-04    0.000000E+00
ssq, lhf_coef, ustar,  u10n =         0.022076       -0.002293        0.056842        1.094175
 SHF/LHF (W/m2 approx) =   -1.13478708241751        37.2652828015296     
wspd, zbot, t_degC, zbot =       0.00000000     25.00000000     27.04000959     25.00000000
qbot,zbot,pmidm1,ts_degC =       0.01668020     25.00000000   1011.94493732     26.85000000
tau,shf,lhf,Le =     0.000000E+00   -0.932600E-03    0.123723E-04    0.000000E+00
ssq, lhf_coef, ustar,  u10n =         0.022076       -0.002293        0.056842        1.094175
 SHF/LHF (W/m2 approx) =   -1.13478708241751        37.2652828015296     
wspd, zbot, t_degC, zbot =       0.00000000     25.00000000     27.04000959     25.00000000
qbot,zbot,pmidm1,ts_degC =       0.01668020     25.00000000   1011.94493732     26.85000000
tau,shf,lhf,Le =     0.000000E+00   -0.932600E-03    0.123723E-04    0.000000E+00
ssq, lhf_coef, ustar,  u10n =         0.022076       -0.002293        0.056842        1.094175
 SHF/LHF (W/m2 approx) =   -1.13478708241751        37.2652828015296     
wspd, zbot, t_degC, zbot =       0.00000000     25.00000000     27.04000959     25.00000000
wspd, zbot, t_degC, zbot =       0.00000000     25.00000000     27.04000959     25.00000000
qbot,zbot,pmidm1,ts_degC =       0.01668020     25.00000000   1011.94493732     26.85000000
tau,shf,lhf,Le =     0.000000E+00   -0.932600E-03    0.123723E-04    0.000000E+00
ssq, lhf_coef, ustar,  u10n =         0.022076       -0.002293        0.056842        1.094175
 SHF/LHF (W/m2 approx) =   -1.13478708241751        37.2652828015296     
qbot,zbot,pmidm1,ts_degC =       0.01668020     25.00000000   1011.94493732     26.85000000
qbot,zbot,pmidm1,ts_degC =       0.01668020     25.00000000   1011.94493732     26.85000000
tau,shf,lhf,Le =     0.000000E+00   -0.932600E-03    0.123723E-04    0.000000E+00
tau,shf,lhf,Le =     0.000000E+00   -0.932600E-03    0.123723E-04    0.000000E+00
ssq, lhf_coef, ustar,  u10n =         0.022076       -0.002293        0.056842        1.094175
ssq, lhf_coef, ustar,  u10n =         0.022076       -0.002293        0.056842        1.094175
 SHF/LHF (W/m2 approx) =   -1.13478708241751        37.2652828015296     
 SHF/LHF (W/m2 approx) =   -1.13478708241751        37.2652828015296     
 RRTMG rrtmg_lw.nc trace gas profile: number of levels=          59
 gas traces vertical profiles (ppmv):
  p (hPa)        O3          CO2         CH4         N2O         O2          
 CFC11       CFC12       CFC22       CCL4 
 1011.94  0.1762E-07  0.3550E-03  0.1700E-05  0.3200E-06  0.2090E+00  0.0000E+00  0.0000E+00  0.0000E+00  0.0000E+00
 1009.10  0.1765E-07  0.3550E-03  0.1700E-05  0.3200E-06  0.2090E+00  0.0000E+00  0.0000E+00  0.0000E+00  0.0000E+00
 1002.82  0.1768E-07  0.3550E-03  0.1700E-05  0.3200E-06  0.2090E+00  0.0000E+00  0.0000E+00  0.0000E+00  0.0000E+00
  996.58  0.1772E-07  0.3550E-03  0.1700E-05  0.3200E-06  0.2090E+00  0.0000E+00  0.0000E+00  0.0000E+00  0.0000E+00
  989.19  0.1777E-07  0.3550E-03  0.1700E-05  0.3200E-06  0.2090E+00  0.0000E+00  0.0000E+00  0.0000E+00  0.0000E+00
  981.84  0.1782E-07  0.3550E-03  0.1700E-05  0.3200E-06  0.2090E+00  0.0000E+00  0.0000E+00  0.0000E+00  0.0000E+00
  973.38  0.1787E-07  0.3550E-03  0.1700E-05  0.3200E-06  0.2090E+00  0.0000E+00  0.0000E+00  0.0000E+00  0.0000E+00
  964.97  0.1793E-07  0.3550E-03  0.1700E-05  0.3200E-06  0.2090E+00  0.0000E+00  0.0000E+00  0.0000E+00  0.0000E+00
  955.47  0.1799E-07  0.3550E-03  0.1700E-05  0.3200E-06  0.2090E+00  0.0000E+00  0.0000E+00  0.0000E+00  0.0000E+00
  946.05  0.1805E-07  0.3550E-03  0.1700E-05  0.3200E-06  0.2090E+00  0.0000E+00  0.0000E+00  0.0000E+00  0.0000E+00
  935.57  0.1812E-07  0.3550E-03  0.1700E-05  0.3200E-06  0.2090E+00  0.0000E+00  0.0000E+00  0.0000E+00  0.0000E+00
  925.19  0.1819E-07  0.3550E-03  0.1700E-05  0.3200E-06  0.2090E+00  0.0000E+00  0.0000E+00  0.0000E+00  0.0000E+00
  913.80  0.1826E-07  0.3550E-03  0.1700E-05  0.3200E-06  0.2090E+00  0.0000E+00  0.0000E+00  0.0000E+00  0.0000E+00
  902.51  0.1834E-07  0.3550E-03  0.1700E-05  0.3200E-06  0.2090E+00  0.0000E+00  0.0000E+00  0.0000E+00  0.0000E+00
  890.26  0.1841E-07  0.3550E-03  0.1700E-05  0.3200E-06  0.2090E+00  0.0000E+00  0.0000E+00  0.0000E+00  0.0000E+00
  878.14  0.1849E-07  0.3550E-03  0.1700E-05  0.3200E-06  0.2090E+00  0.0000E+00  0.0000E+00  0.0000E+00  0.0000E+00
  865.09  0.1859E-07  0.3550E-03  0.1700E-05  0.3200E-06  0.2090E+00  0.0000E+00  0.0000E+00  0.0000E+00  0.0000E+00
  852.20  0.1891E-07  0.3550E-03  0.1700E-05  0.3200E-06  0.2090E+00  0.0000E+00  0.0000E+00  0.0000E+00  0.0000E+00
  838.43  0.1930E-07  0.3550E-03  0.1700E-05  0.3200E-06  0.2090E+00  0.0000E+00  0.0000E+00  0.0000E+00  0.0000E+00
  824.84  0.1970E-07  0.3550E-03  0.1700E-05  0.3200E-06  0.2090E+00  0.0000E+00  0.0000E+00  0.0000E+00  0.0000E+00
  810.43  0.2012E-07  0.3550E-03  0.1700E-05  0.3200E-06  0.2090E+00  0.0000E+00  0.0000E+00  0.0000E+00  0.0000E+00
  796.21  0.2054E-07  0.3550E-03  0.1700E-05  0.3200E-06  0.2090E+00  0.0000E+00  0.0000E+00  0.0000E+00  0.0000E+00
  781.23  0.2097E-07  0.3550E-03  0.1700E-05  0.3200E-06  0.2090E+00  0.0000E+00  0.0000E+00  0.0000E+00  0.0000E+00
  766.46  0.2141E-07  0.3550E-03  0.1700E-05  0.3200E-06  0.2090E+00  0.0000E+00  0.0000E+00  0.0000E+00  0.0000E+00
  750.98  0.2185E-07  0.3550E-03  0.1700E-05  0.3200E-06  0.2090E+00  0.0000E+00  0.0000E+00  0.0000E+00  0.0000E+00
  735.75  0.2230E-07  0.3550E-03  0.1700E-05  0.3200E-06  0.2090E+00  0.0000E+00  0.0000E+00  0.0000E+00  0.0000E+00
  719.86  0.2276E-07  0.3550E-03  0.1700E-05  0.3200E-06  0.2090E+00  0.0000E+00  0.0000E+00  0.0000E+00  0.0000E+00
  704.24  0.2330E-07  0.3550E-03  0.1700E-05  0.3200E-06  0.2090E+00  0.0000E+00  0.0000E+00  0.0000E+00  0.0000E+00
  688.02  0.2410E-07  0.3550E-03  0.1699E-05  0.3200E-06  0.2090E+00  0.0000E+00  0.0000E+00  0.0000E+00  0.0000E+00
  672.10  0.2493E-07  0.3550E-03  0.1697E-05  0.3200E-06  0.2090E+00  0.0000E+00  0.0000E+00  0.0000E+00  0.0000E+00
  655.62  0.2577E-07  0.3550E-03  0.1696E-05  0.3200E-06  0.2090E+00  0.0000E+00  0.0000E+00  0.0000E+00  0.0000E+00
  639.48  0.2662E-07  0.3550E-03  0.1695E-05  0.3200E-06  0.2090E+00  0.0000E+00  0.0000E+00  0.0000E+00  0.0000E+00
  622.84  0.2747E-07  0.3550E-03  0.1694E-05  0.3200E-06  0.2090E+00  0.0000E+00  0.0000E+00  0.0000E+00  0.0000E+00
  606.55  0.2832E-07  0.3550E-03  0.1692E-05  0.3200E-06  0.2090E+00  0.0000E+00  0.0000E+00  0.0000E+00  0.0000E+00
  589.82  0.2917E-07  0.3550E-03  0.1691E-05  0.3200E-06  0.2090E+00  0.0000E+00  0.0000E+00  0.0000E+00  0.0000E+00
  573.47  0.3008E-07  0.3550E-03  0.1689E-05  0.3200E-06  0.2090E+00  0.0000E+00  0.0000E+00  0.0000E+00  0.0000E+00
  556.74  0.3108E-07  0.3550E-03  0.1686E-05  0.3200E-06  0.2090E+00  0.0000E+00  0.0000E+00  0.0000E+00  0.0000E+00
  540.40  0.3209E-07  0.3550E-03  0.1682E-05  0.3200E-06  0.2090E+00  0.0000E+00  0.0000E+00  0.0000E+00  0.0000E+00
  523.75  0.3309E-07  0.3550E-03  0.1678E-05  0.3200E-06  0.2090E+00  0.0000E+00  0.0000E+00  0.0000E+00  0.0000E+00
  507.51  0.3409E-07  0.3550E-03  0.1675E-05  0.3200E-06  0.2090E+00  0.0000E+00  0.0000E+00  0.0000E+00  0.0000E+00
  491.34  0.3507E-07  0.3550E-03  0.1671E-05  0.3200E-06  0.2090E+00  0.0000E+00  0.0000E+00  0.0000E+00  0.0000E+00
  475.59  0.3601E-07  0.3550E-03  0.1667E-05  0.3200E-06  0.2090E+00  0.0000E+00  0.0000E+00  0.0000E+00  0.0000E+00
  460.24  0.3681E-07  0.3550E-03  0.1662E-05  0.3199E-06  0.2090E+00  0.0000E+00  0.0000E+00  0.0000E+00  0.0000E+00
  445.30  0.3754E-07  0.3550E-03  0.1657E-05  0.3199E-06  0.2090E+00  0.0000E+00  0.0000E+00  0.0000E+00  0.0000E+00
  430.75  0.3825E-07  0.3550E-03  0.1651E-05  0.3198E-06  0.2090E+00  0.0000E+00  0.0000E+00  0.0000E+00  0.0000E+00
  416.58  0.3895E-07  0.3550E-03  0.1646E-05  0.3198E-06  0.2090E+00  0.0000E+00  0.0000E+00  0.0000E+00  0.0000E+00
  402.79  0.3963E-07  0.3550E-03  0.1641E-05  0.3197E-06  0.2090E+00  0.0000E+00  0.0000E+00  0.0000E+00  0.0000E+00
  389.37  0.4025E-07  0.3550E-03  0.1636E-05  0.3196E-06  0.2090E+00  0.0000E+00  0.0000E+00  0.0000E+00  0.0000E+00
  376.31  0.4038E-07  0.3550E-03  0.1631E-05  0.3190E-06  0.2090E+00  0.0000E+00  0.0000E+00  0.0000E+00  0.0000E+00
  363.61  0.4039E-07  0.3550E-03  0.1626E-05  0.3182E-06  0.2090E+00  0.0000E+00  0.0000E+00  0.0000E+00  0.0000E+00
  351.25  0.4040E-07  0.3550E-03  0.1622E-05  0.3174E-06  0.2090E+00  0.0000E+00  0.0000E+00  0.0000E+00  0.0000E+00
  339.23  0.4041E-07  0.3550E-03  0.1618E-05  0.3167E-06  0.2090E+00  0.0000E+00  0.0000E+00  0.0000E+00  0.0000E+00
  327.54  0.4041E-07  0.3550E-03  0.1613E-05  0.3160E-06  0.2090E+00  0.0000E+00  0.0000E+00  0.0000E+00  0.0000E+00
  316.18  0.4039E-07  0.3550E-03  0.1608E-05  0.3150E-06  0.2090E+00  0.0000E+00  0.0000E+00  0.0000E+00  0.0000E+00
  305.14  0.4027E-07  0.3550E-03  0.1599E-05  0.3129E-06  0.2090E+00  0.0000E+00  0.0000E+00  0.0000E+00  0.0000E+00
  294.41  0.4014E-07  0.3550E-03  0.1590E-05  0.3107E-06  0.2090E+00  0.0000E+00  0.0000E+00  0.0000E+00  0.0000E+00
  283.99  0.4002E-07  0.3550E-03  0.1580E-05  0.3087E-06  0.2090E+00  0.0000E+00  0.0000E+00  0.0000E+00  0.0000E+00
  273.86  0.3989E-07  0.3550E-03  0.1571E-05  0.3066E-06  0.2090E+00  0.0000E+00  0.0000E+00  0.0000E+00  0.0000E+00
  264.03  0.3977E-07  0.3550E-03  0.1563E-05  0.3047E-06  0.2090E+00  0.0000E+00  0.0000E+00  0.0000E+00  0.0000E+00
  254.48  0.3967E-07  0.3550E-03  0.1554E-05  0.3027E-06  0.2090E+00  0.0000E+00  0.0000E+00  0.0000E+00  0.0000E+00
  245.21  0.3959E-07  0.3550E-03  0.1544E-05  0.3009E-06  0.2090E+00  0.0000E+00  0.0000E+00  0.0000E+00  0.0000E+00
  236.22  0.3950E-07  0.3550E-03  0.1535E-05  0.2990E-06  0.2090E+00  0.0000E+00  0.0000E+00  0.0000E+00  0.0000E+00
  227.49  0.3942E-07  0.3550E-03  0.1527E-05  0.2972E-06  0.2090E+00  0.0000E+00  0.0000E+00  0.0000E+00  0.0000E+00
  219.02  0.3934E-07  0.3550E-03  0.1518E-05  0.2955E-06  0.2090E+00  0.0000E+00  0.0000E+00  0.0000E+00  0.0000E+00
  210.81  0.3932E-07  0.3550E-03  0.1510E-05  0.2938E-06  0.2090E+00  0.0000E+00  0.0000E+00  0.0000E+00  0.0000E+00
  202.84  0.3945E-07  0.3550E-03  0.1502E-05  0.2919E-06  0.2090E+00  0.0000E+00  0.0000E+00  0.0000E+00  0.0000E+00
  195.12  0.3959E-07  0.3550E-03  0.1495E-05  0.2900E-06  0.2090E+00  0.0000E+00  0.0000E+00  0.0000E+00  0.0000E+00
  187.64  0.3972E-07  0.3550E-03  0.1487E-05  0.2882E-06  0.2090E+00  0.0000E+00  0.0000E+00  0.0000E+00  0.0000E+00
  180.39  0.3985E-07  0.3550E-03  0.1480E-05  0.2865E-06  0.2090E+00  0.0000E+00  0.0000E+00  0.0000E+00  0.0000E+00
  173.37  0.4009E-07  0.3550E-03  0.1473E-05  0.2847E-06  0.2090E+00  0.0000E+00  0.0000E+00  0.0000E+00  0.0000E+00
  166.57  0.4075E-07  0.3550E-03  0.1466E-05  0.2830E-06  0.2090E+00  0.0000E+00  0.0000E+00  0.0000E+00  0.0000E+00
  159.98  0.4143E-07  0.3550E-03  0.1458E-05  0.2813E-06  0.2090E+00  0.0000E+00  0.0000E+00  0.0000E+00  0.0000E+00
  153.61  0.4210E-07  0.3550E-03  0.1451E-05  0.2796E-06  0.2090E+00  0.0000E+00  0.0000E+00  0.0000E+00  0.0000E+00
  147.44  0.4274E-07  0.3550E-03  0.1444E-05  0.2780E-06  0.2090E+00  0.0000E+00  0.0000E+00  0.0000E+00  0.0000E+00
  141.47  0.4423E-07  0.3550E-03  0.1437E-05  0.2761E-06  0.2090E+00  0.0000E+00  0.0000E+00  0.0000E+00  0.0000E+00
  135.70  0.4829E-07  0.3550E-03  0.1428E-05  0.2735E-06  0.2090E+00  0.0000E+00  0.0000E+00  0.0000E+00  0.0000E+00
  130.12  0.5239E-07  0.3550E-03  0.1420E-05  0.2709E-06  0.2090E+00  0.0000E+00  0.0000E+00  0.0000E+00  0.0000E+00
  124.74  0.5634E-07  0.3550E-03  0.1412E-05  0.2684E-06  0.2090E+00  0.0000E+00  0.0000E+00  0.0000E+00  0.0000E+00
  119.59  0.6012E-07  0.3550E-03  0.1404E-05  0.2660E-06  0.2090E+00  0.0000E+00  0.0000E+00  0.0000E+00  0.0000E+00
  114.65  0.7020E-07  0.3550E-03  0.1396E-05  0.2626E-06  0.2090E+00  0.0000E+00  0.0000E+00  0.0000E+00  0.0000E+00
  109.91  0.8830E-07  0.3550E-03  0.1386E-05  0.2577E-06  0.2090E+00  0.0000E+00  0.0000E+00  0.0000E+00  0.0000E+00
  105.37  0.1057E-06  0.3550E-03  0.1377E-05  0.2530E-06  0.2090E+00  0.0000E+00  0.0000E+00  0.0000E+00  0.0000E+00
  101.02  0.1224E-06  0.3550E-03  0.1368E-05  0.2485E-06  0.2090E+00  0.0000E+00  0.0000E+00  0.0000E+00  0.0000E+00
   96.85  0.1391E-06  0.3550E-03  0.1360E-05  0.2441E-06  0.2090E+00  0.0000E+00  0.0000E+00  0.0000E+00  0.0000E+00
   92.85  0.1809E-06  0.3550E-03  0.1350E-05  0.2376E-06  0.2090E+00  0.0000E+00  0.0000E+00  0.0000E+00  0.0000E+00
   89.01  0.2341E-06  0.3550E-03  0.1341E-05  0.2303E-06  0.2090E+00  0.0000E+00  0.0000E+00  0.0000E+00  0.0000E+00
   85.33  0.2850E-06  0.3550E-03  0.1331E-05  0.2232E-06  0.2090E+00  0.0000E+00  0.0000E+00  0.0000E+00  0.0000E+00
   81.81  0.3339E-06  0.3550E-03  0.1322E-05  0.2164E-06  0.2090E+00  0.0000E+00  0.0000E+00  0.0000E+00  0.0000E+00
   78.42  0.3873E-06  0.3550E-03  0.1313E-05  0.2097E-06  0.2090E+00  0.0000E+00  0.0000E+00  0.0000E+00  0.0000E+00
   75.18  0.4868E-06  0.3550E-03  0.1300E-05  0.2014E-06  0.2090E+00  0.0000E+00  0.0000E+00  0.0000E+00  0.0000E+00
   72.08  0.5920E-06  0.3550E-03  0.1286E-05  0.1932E-06  0.2090E+00  0.0000E+00  0.0000E+00  0.0000E+00  0.0000E+00
   69.10  0.6929E-06  0.3550E-03  0.1273E-05  0.1853E-06  0.2090E+00  0.0000E+00  0.0000E+00  0.0000E+00  0.0000E+00
   66.24  0.7896E-06  0.3550E-03  0.1261E-05  0.1777E-06  0.2090E+00  0.0000E+00  0.0000E+00  0.0000E+00  0.0000E+00
   63.50  0.8956E-06  0.3550E-03  0.1247E-05  0.1703E-06  0.2090E+00  0.0000E+00  0.0000E+00  0.0000E+00  0.0000E+00
   60.88  0.1034E-05  0.3550E-03  0.1228E-05  0.1625E-06  0.2090E+00  0.0000E+00  0.0000E+00  0.0000E+00  0.0000E+00
   58.36  0.1169E-05  0.3550E-03  0.1210E-05  0.1551E-06  0.2090E+00  0.0000E+00  0.0000E+00  0.0000E+00  0.0000E+00
   55.95  0.1299E-05  0.3550E-03  0.1192E-05  0.1479E-06  0.2090E+00  0.0000E+00  0.0000E+00  0.0000E+00  0.0000E+00
   53.64  0.1423E-05  0.3550E-03  0.1175E-05  0.1410E-06  0.2090E+00  0.0000E+00  0.0000E+00  0.0000E+00  0.0000E+00
   51.42  0.1566E-05  0.3550E-03  0.1155E-05  0.1349E-06  0.2090E+00  0.0000E+00  0.0000E+00  0.0000E+00  0.0000E+00
   49.29  0.1731E-05  0.3550E-03  0.1130E-05  0.1295E-06  0.2090E+00  0.0000E+00  0.0000E+00  0.0000E+00  0.0000E+00
   47.26  0.1888E-05  0.3550E-03  0.1106E-05  0.1243E-06  0.2090E+00  0.0000E+00  0.0000E+00  0.0000E+00  0.0000E+00
   45.30  0.2040E-05  0.3550E-03  0.1083E-05  0.1193E-06  0.2090E+00  0.0000E+00  0.0000E+00  0.0000E+00  0.0000E+00
   43.43  0.2187E-05  0.3550E-03  0.1061E-05  0.1146E-06  0.2090E+00  0.0000E+00  0.0000E+00  0.0000E+00  0.0000E+00
   41.63  0.2396E-05  0.3550E-03  0.1035E-05  0.1111E-06  0.2090E+00  0.0000E+00  0.0000E+00  0.0000E+00  0.0000E+00
   39.91  0.2625E-05  0.3550E-03  0.1008E-05  0.1083E-06  0.2090E+00  0.0000E+00  0.0000E+00  0.0000E+00  0.0000E+00
   38.26  0.2845E-05  0.3550E-03  0.9817E-06  0.1055E-06  0.2090E+00  0.0000E+00  0.0000E+00  0.0000E+00  0.0000E+00
   36.68  0.3056E-05  0.3550E-03  0.9568E-06  0.1029E-06  0.2090E+00  0.0000E+00  0.0000E+00  0.0000E+00  0.0000E+00
   35.16  0.3273E-05  0.3550E-03  0.9323E-06  0.1004E-06  0.2090E+00  0.0000E+00  0.0000E+00  0.0000E+00  0.0000E+00
   33.71  0.3576E-05  0.3550E-03  0.9054E-06  0.9829E-07  0.2090E+00  0.0000E+00  0.0000E+00  0.0000E+00  0.0000E+00
   32.31  0.3882E-05  0.3550E-03  0.8790E-06  0.9630E-07  0.2090E+00  0.0000E+00  0.0000E+00  0.0000E+00  0.0000E+00
   30.97  0.4175E-05  0.3550E-03  0.8537E-06  0.9440E-07  0.2090E+00  0.0000E+00  0.0000E+00  0.0000E+00  0.0000E+00
   29.69  0.4456E-05  0.3550E-03  0.8294E-06  0.9258E-07  0.2090E+00  0.0000E+00  0.0000E+00  0.0000E+00  0.0000E+00
   28.46  0.4757E-05  0.3550E-03  0.8088E-06  0.9094E-07  0.2090E+00  0.0000E+00  0.0000E+00  0.0000E+00  0.0000E+00
   27.29  0.5117E-05  0.3550E-03  0.7950E-06  0.8961E-07  0.2090E+00  0.0000E+00  0.0000E+00  0.0000E+00  0.0000E+00
   26.16  0.5465E-05  0.3550E-03  0.7821E-06  0.8835E-07  0.2090E+00  0.0000E+00  0.0000E+00  0.0000E+00  0.0000E+00
   25.08  0.5798E-05  0.3550E-03  0.7697E-06  0.8715E-07  0.2090E+00  0.0000E+00  0.0000E+00  0.0000E+00  0.0000E+00
   24.04  0.6118E-05  0.3550E-03  0.7578E-06  0.8599E-07  0.2090E+00  0.0000E+00  0.0000E+00  0.0000E+00  0.0000E+00
   23.04  0.6439E-05  0.3550E-03  0.7469E-06  0.8484E-07  0.2090E+00  0.0000E+00  0.0000E+00  0.0000E+00  0.0000E+00
   22.09  0.6758E-05  0.3550E-03  0.7368E-06  0.8370E-07  0.2090E+00  0.0000E+00  0.0000E+00  0.0000E+00  0.0000E+00
   21.17  0.7065E-05  0.3550E-03  0.7271E-06  0.8261E-07  0.2090E+00  0.0000E+00  0.0000E+00  0.0000E+00  0.0000E+00
   20.30  0.7358E-05  0.3550E-03  0.7179E-06  0.8156E-07  0.2090E+00  0.0000E+00  0.0000E+00  0.0000E+00  0.0000E+00
   19.46  0.7637E-05  0.3550E-03  0.7090E-06  0.8053E-07  0.2090E+00  0.0000E+00  0.0000E+00  0.0000E+00  0.0000E+00
   18.65  0.7864E-05  0.3550E-03  0.6999E-06  0.7908E-07  0.2090E+00  0.0000E+00  0.0000E+00  0.0000E+00  0.0000E+00
   17.88  0.8068E-05  0.3550E-03  0.6911E-06  0.7754E-07  0.2090E+00  0.0000E+00  0.0000E+00  0.0000E+00  0.0000E+00
   17.14  0.8263E-05  0.3550E-03  0.6826E-06  0.7606E-07  0.2090E+00  0.0000E+00  0.0000E+00  0.0000E+00  0.0000E+00
   16.43  0.8450E-05  0.3550E-03  0.6745E-06  0.7464E-07  0.2090E+00  0.0000E+00  0.0000E+00  0.0000E+00  0.0000E+00
   15.75  0.8628E-05  0.3550E-03  0.6664E-06  0.7321E-07  0.2090E+00  0.0000E+00  0.0000E+00  0.0000E+00  0.0000E+00
   15.10  0.8792E-05  0.3550E-03  0.6575E-06  0.7156E-07  0.2090E+00  0.0000E+00  0.0000E+00  0.0000E+00  0.0000E+00
    7.39  0.8207E-05  0.3550E-03  0.4841E-06  0.3870E-07  0.2090E+00  0.0000E+00  0.0000E+00  0.0000E+00  0.0000E+00
 done...
 Initializing P3 Cloud Optics
 Let's do some shortwave
 Range of zenith angles  0.732661695834013       0.732661695834013     
 Range of surface albedo (asdir)  3.383449086658900E-002  3.383449086658900E-002
 Range of surface albedo (aldir)  3.383449086658900E-002  3.383449086658900E-002
 Range of surface albedo (asdif)  6.000000000000000E-002  6.000000000000000E-002
 Range of surface albedo (aldif)  6.000000000000000E-002  6.000000000000000E-002
 radiation: perpetual sun, solin=   310.282739002311     
 longwave radiation is called
NSTEP =          1   NCYCLE=  3  CFL_adv= 0.000  CFL_sgs= 0.000
NSTEP =          2   NCYCLE=  1  CFL_adv= 0.004  CFL_sgs= 0.064
NSTEP =          3   NCYCLE=  1  CFL_adv= 0.011  CFL_sgs= 0.007
 Collecting statistics...
 name QCSTRG is missing in "lst" file.
NSTEP =          4   NCYCLE=  1  CFL_adv= 0.017  CFL_sgs= 0.071
 DAY =   1.388888888888889E-003
 NSTEP=           4
 div:  1.741197941776859E-016 -2.048120794044197E-016
 SST=   300.000000000000     
 surface pressure=   1014.80000000000     
 u: -0.213034694134239       0.213034694134095     
 v: -0.213034695618518       0.213034695618403     
 w: -3.914402741931510E-002  3.645903847955520E-002
 p:  -43.3175603351740        4.81874491182890     
 t:   300.427166380680        473.152285758713     
 tabs:   202.009171041237        300.188227965961     
 qv:  0.000000000000000E+000  2.168352135507827E-002
 tke:  0.000000000000000E+000  6.548984572076787E-003
 tk:  0.000000000000000E+000  0.303471737637675     
 tkh:  0.000000000000000E+000  0.303471737637675     
 qcl:  0.000000000000000E+000  0.000000000000000E+000
 qci:  0.000000000000000E+000  0.000000000000000E+000
 qpl:  0.000000000000000E+000  0.000000000000000E+000
 qpi:  0.000000000000000E+000  0.000000000000000E+000
 qrad(K/day):  -3.58046906820526        1.17901838776353     
 shf:  -1.07929201683090      -0.260653908397769     
 lhf:  0.964767114756655        36.0072864032702     
 uw: -4.579263133243392E-004  4.579263133243717E-004
 vw: -4.579263013374325E-004  4.579263013378642E-004
 sst:   300.000000000000        300.000000000000     
 ===========================
 total water budget:
 before (mm):         48.06643023633
 after (mm):          48.06685410474
 evaporation (mm):     0.00042386841
 precipitation (mm):   0.00000000000
 large-scale (mm):     0.00000000000
 Imbalance (mm)       0.00000000000
 evap (mm/day):   1.22074103016203     
 prec (mm/day):  0.000000000000000E+000
 ls (mm/day):  0.000000000000000E+000
 imbalance (mm/day)  1.918465386552271E-011
  imbalance (rel error):  1.478238484698377E-016
 ===========================
NSTEP =          5   NCYCLE=  1  CFL_adv= 0.022  CFL_sgs= 0.007
NSTEP =          6   NCYCLE=  1  CFL_adv= 0.028  CFL_sgs= 0.075
 Let's do some shortwave
 Range of zenith angles  0.732661695834013       0.732661695834013     
 Range of surface albedo (asdir)  3.383449086658900E-002  3.383449086658900E-002
 Range of surface albedo (aldir)  3.383449086658900E-002  3.383449086658900E-002
 Range of surface albedo (asdif)  6.000000000000000E-002  6.000000000000000E-002
 Range of surface albedo (aldif)  6.000000000000000E-002  6.000000000000000E-002
 radiation: perpetual sun, solin=   310.282739002311     
 longwave radiation is called
NSTEP =          7   NCYCLE=  1  CFL_adv= 0.033  CFL_sgs= 0.007
 Collecting statistics...
 name QCSTRG is missing in "lst" file.
NSTEP =          8   NCYCLE=  1  CFL_adv= 0.037  CFL_sgs= 0.076
 DAY =   2.777777777777778E-003
 NSTEP=           8
 div:  2.305560614393625E-016 -1.611602160350446E-016
 SST=   300.000000000000     
 surface pressure=   1014.80000000000     
 u: -0.429557488354424       0.429557488353967     
 v: -0.429557499872502       0.429557499872111     
 w: -5.123008831982227E-002  7.140292604195633E-002
 p:  -40.9061630767871        5.81793961820689     
 t:   300.420509968335        473.153925877787     
 tabs:   202.010874959600        300.188286739294     
 qv:  0.000000000000000E+000  2.168458607615889E-002
 tke:  0.000000000000000E+000  2.463236486076471E-002
 tk:  0.000000000000000E+000  0.588551298405248     
 tkh:  0.000000000000000E+000  0.588551298405248     
 qcl:  0.000000000000000E+000  0.000000000000000E+000
 qci:  0.000000000000000E+000  0.000000000000000E+000
 qpl:  0.000000000000000E+000  0.000000000000000E+000
 qpi:  0.000000000000000E+000  0.000000000000000E+000
 qrad(K/day):  -3.59740053221309        1.17897316230799     
 shf:  -1.06497250934407      -0.260196059512977     
 lhf:  0.976036557154786        35.7693343015080     
 uw: -1.108195676601372E-003  1.108195676600471E-003
 vw: -1.108195635286383E-003  1.108195635287644E-003
 sst:   300.000000000000        300.000000000000     
 ===========================
 total water budget:
 before (mm):         48.06812120166
 after (mm):          48.06854207460
 evaporation (mm):     0.00042087294
 precipitation (mm):   0.00000000000
 large-scale (mm):     0.00000000000
 Imbalance (mm)      -0.00000000000
 evap (mm/day):   1.21211408121706     
 prec (mm/day):  0.000000000000000E+000
 ls (mm/day):  0.000000000000000E+000
 imbalance (mm/day) -2.653877118063974E-011
  imbalance (rel error): -1.478186575031427E-016
 ===========================
NSTEP =          9   NCYCLE=  1  CFL_adv= 0.041  CFL_sgs= 0.013
NSTEP =         10   NCYCLE=  1  CFL_adv= 0.044  CFL_sgs= 0.077
NSTEP =         11   NCYCLE=  1  CFL_adv= 0.047  CFL_sgs= 0.093
 Collecting statistics...
 name QCSTRG is missing in "lst" file.
NSTEP =         12   NCYCLE=  1  CFL_adv= 0.050  CFL_sgs= 0.079
 DAY =   4.166666666666667E-003
 NSTEP=          12
 div:  2.204359389916191E-016 -2.081315203030401E-016
 SST=   300.000000000000     
 surface pressure=   1014.80000000000     
 u: -0.620694240551316       0.620694240550258     
 v: -0.620694270429071       0.620694270427659     
 w: -3.223370962494904E-002  9.907038718303939E-002
 p:  -37.3327998811475        7.14219416558303     
 t:   300.414119513239        473.155944087524     
 tabs:   202.012482692673        300.187797242698     
 qv:  0.000000000000000E+000  2.168566358415304E-002
 tke:  0.000000000000000E+000   1.30078645953276     
 tk:  0.000000000000000E+000   4.27695096852646     
 tkh:  0.000000000000000E+000   4.27695096852646     
 qcl:  0.000000000000000E+000  0.000000000000000E+000
 qci:  0.000000000000000E+000  0.000000000000000E+000
 qpl:  0.000000000000000E+000  0.000000000000000E+000
 qpi:  0.000000000000000E+000  0.000000000000000E+000
 qrad(K/day):  -3.59740053221309        1.17897316230799     
 shf:  -1.05179255995510      -0.259653145197707     
 lhf:  0.987959357777823        35.5508568496703     
 uw: -1.689001764078232E-003  1.689001764077235E-003
 vw: -1.689001635113035E-003  1.689001635113667E-003
 sst:   300.000000000000        300.000000000000     
 ===========================
 total water budget:
 before (mm):         48.06980033444
 after (mm):          48.07021830846
 evaporation (mm):     0.00041797402
 precipitation (mm):   0.00000000000
 large-scale (mm):     0.00000000000
 Imbalance (mm)       0.00000000000
 evap (mm/day):   1.20376518525209     
 prec (mm/day):  0.000000000000000E+000
 ls (mm/day):  0.000000000000000E+000
 imbalance (mm/day)  9.912071163853399E-012
  imbalance (rel error):  0.000000000000000E+000
 ===========================
 Let's do some shortwave
 Range of zenith angles  0.732661695834013       0.732661695834013     
 Range of surface albedo (asdir)  3.383449086658900E-002  3.383449086658900E-002
 Range of surface albedo (aldir)  3.383449086658900E-002  3.383449086658900E-002
 Range of surface albedo (asdif)  6.000000000000000E-002  6.000000000000000E-002
 Range of surface albedo (aldif)  6.000000000000000E-002  6.000000000000000E-002
 radiation: perpetual sun, solin=   310.282739002311     
 longwave radiation is called
NSTEP =         13   NCYCLE=  1  CFL_adv= 0.052  CFL_sgs= 0.095
NSTEP =         14   NCYCLE=  1  CFL_adv= 0.053  CFL_sgs= 0.079
NSTEP =         15   NCYCLE=  1  CFL_adv= 0.056  CFL_sgs= 0.096
 Collecting statistics...
 name QCSTRG is missing in "lst" file.
NSTEP =         16   NCYCLE=  1  CFL_adv= 0.059  CFL_sgs= 0.079
 DAY =   5.555555555555556E-003
 NSTEP=          16
 div:  1.461332293950955E-016 -1.499056736712796E-016
 SST=   300.000000000000     
 surface pressure=   1014.80000000000     
 u: -0.783593861553038       0.783593861551605     
 v: -0.783593887373828       0.783593887372272     
 w: -4.321026495222476E-002  0.119573472114495     
 p:  -33.4106311104256        8.34365322685255     
 t:   300.408071044965        473.157486995898     
 tabs:   202.014092463032        300.186390840161     
 qv:  0.000000000000000E+000  2.168675430719223E-002
 tke:  0.000000000000000E+000   1.35354734855722     
 tk:  0.000000000000000E+000   4.36282701801090     
 tkh:  0.000000000000000E+000   4.36282701801090     
 qcl:  0.000000000000000E+000  0.000000000000000E+000
 qci:  0.000000000000000E+000  0.000000000000000E+000
 qpl:  0.000000000000000E+000  0.000000000000000E+000
 qpi:  0.000000000000000E+000  0.000000000000000E+000
 qrad(K/day):  -3.62351029155137        1.17890725308805     
 shf:  -1.04402968690152      -0.259032690124037     
 lhf:  0.999930811512288        35.3437865438781     
 uw: -2.188273979724173E-003  2.188273979724493E-003
 vw: -2.188273226138710E-003  2.188273226136512E-003
 sst:   300.000000000000        300.000000000000     
 ===========================
 total water budget:
 before (mm):         48.07146801351
 after (mm):          48.07188317990
 evaporation (mm):     0.00041516639
 precipitation (mm):   0.00000000000
 large-scale (mm):     0.00000000000
 Imbalance (mm)       0.00000000000
 evap (mm/day):   1.19567919083405     
 prec (mm/day):  0.000000000000000E+000
 ls (mm/day):  0.000000000000000E+000
 imbalance (mm/day)  2.877698079828406E-012
  imbalance (rel error):  0.000000000000000E+000
 ===========================
NSTEP =         17   NCYCLE=  1  CFL_adv= 0.063  CFL_sgs= 0.097
NSTEP =         18   NCYCLE=  1  CFL_adv= 0.066  CFL_sgs= 0.079
 Let's do some shortwave
 Range of zenith angles  0.732661695834013       0.732661695834013     
 Range of surface albedo (asdir)  3.383449086658900E-002  3.383449086658900E-002
 Range of surface albedo (aldir)  3.383449086658900E-002  3.383449086658900E-002
 Range of surface albedo (asdif)  6.000000000000000E-002  6.000000000000000E-002
 Range of surface albedo (aldif)  6.000000000000000E-002  6.000000000000000E-002
 radiation: perpetual sun, solin=   310.282739002311     
 longwave radiation is called
NSTEP =         19   NCYCLE=  1  CFL_adv= 0.069  CFL_sgs= 0.097
 Collecting statistics...
 name QCSTRG is missing in "lst" file.
NSTEP =         20   NCYCLE=  1  CFL_adv= 0.071  CFL_sgs= 0.079
 DAY =   6.944444444444444E-003
 NSTEP=          20
 div:  1.371467805426572E-016 -1.242196667849609E-016
 SST=   300.000000000000     
 surface pressure=   1014.80000000000     
 u: -0.922408006681722       0.922408006680505     
 v: -0.922408113116145       0.922408113116018     
 w: -4.397370207620530E-002  0.134202066865980     
 p:  -29.6555855459148        9.19457512672907     
 t:   300.402393349605        473.159074303548     
 tabs:   202.015697917483        300.185005096197     
 qv:  0.000000000000000E+000  2.168785794334460E-002
 tke:  0.000000000000000E+000   1.36246435955733     
 tk:  0.000000000000000E+000   4.37717432326780     
 tkh:  0.000000000000000E+000   4.37717432326780     
 qcl:  0.000000000000000E+000  0.000000000000000E+000
 qci:  0.000000000000000E+000  0.000000000000000E+000
 qpl:  0.000000000000000E+000  0.000000000000000E+000
 qpi:  0.000000000000000E+000  0.000000000000000E+000
 qrad(K/day):  -3.64127163325761        1.17874336644066     
 shf:  -1.04645460437716      -0.258341462661002     
 lhf:   1.01170046790120        35.1427776084833     
 uw: -2.608748383199806E-003  2.608748383203347E-003
 vw: -2.608748018550936E-003  2.608748018544639E-003
 sst:   300.000000000000        300.000000000000     
 ===========================
 total water budget:
 before (mm):         48.07312457356
 after (mm):          48.07353701185
 evaporation (mm):     0.00041243829
 precipitation (mm):   0.00000000000
 large-scale (mm):     0.00000000000
 Imbalance (mm)       0.00000000000
 evap (mm/day):   1.18782227206726     
 prec (mm/day):  0.000000000000000E+000
 ls (mm/day):  0.000000000000000E+000
 imbalance (mm/day)  1.886490963443066E-011
  imbalance (rel error):  1.478032988471442E-016
 ===========================
NSTEP =         21   NCYCLE=  1  CFL_adv= 0.074  CFL_sgs= 0.098
NSTEP =         22   NCYCLE=  1  CFL_adv= 0.077  CFL_sgs= 0.080
NSTEP =         23   NCYCLE=  1  CFL_adv= 0.079  CFL_sgs= 0.098
 Collecting statistics...
 name QCSTRG is missing in "lst" file.
NSTEP =         24   NCYCLE=  1  CFL_adv= 0.081  CFL_sgs= 0.080
 DAY =   8.333333333333333E-003
 NSTEP=          24
 div:  1.820937218499313E-016 -1.827011594076766E-016
 SST=   300.000000000000     
 surface pressure=   1014.80000000000     
 u:  -1.04057518355669        1.04057518355562     
 v:  -1.04057526786008        1.04057526786008     
 w: -3.920349287498154E-002  0.144492552677459     
 p:  -26.3107193916095        9.61233142588448     
 t:   300.396371260625        473.160795547269     
 tabs:   202.017167749252        300.184267132139     
 qv:  0.000000000000000E+000  2.168897447340920E-002
 tke:  0.000000000000000E+000   1.36152630508011     
 tk:  0.000000000000000E+000   4.37566722514282     
 tkh:  0.000000000000000E+000   4.37566722514282     
 qcl:  0.000000000000000E+000  0.000000000000000E+000
 qci:  0.000000000000000E+000  0.000000000000000E+000
 qpl:  0.000000000000000E+000  0.000000000000000E+000
 qpi:  0.000000000000000E+000  0.000000000000000E+000
 qrad(K/day):  -3.64127163325761        1.17874336644066     
 shf:  -1.04575197151388      -0.257573891462909     
 lhf:   1.02345146971126        34.9483418294803     
 uw: -2.960639347856504E-003  2.960639347861830E-003
 vw: -2.960638686517296E-003  2.960638686506202E-003
 sst:   300.000000000000        300.000000000000     
 ===========================
 total water budget:
 before (mm):         48.07477033712
 after (mm):          48.07518012556
 evaporation (mm):     0.00040978844
 precipitation (mm):   0.00000000000
 large-scale (mm):     0.00000000000
 Imbalance (mm)       0.00000000000
 evap (mm/day):   1.18019070792311     
 prec (mm/day):  0.000000000000000E+000
 ls (mm/day):  0.000000000000000E+000
 imbalance (mm/day)  3.197442310920451E-013
  imbalance (rel error):  0.000000000000000E+000
 ===========================
 Let's do some shortwave
 Range of zenith angles  0.732661695834013       0.732661695834013     
 Range of surface albedo (asdir)  3.383449086658900E-002  3.383449086658900E-002
 Range of surface albedo (aldir)  3.383449086658900E-002  3.383449086658900E-002
 Range of surface albedo (asdif)  6.000000000000000E-002  6.000000000000000E-002
 Range of surface albedo (aldif)  6.000000000000000E-002  6.000000000000000E-002
 radiation: perpetual sun, solin=   310.282739002311     
 longwave radiation is called
NSTEP =         25   NCYCLE=  1  CFL_adv= 0.084  CFL_sgs= 0.098
NSTEP =         26   NCYCLE=  1  CFL_adv= 0.086  CFL_sgs= 0.080
NSTEP =         27   NCYCLE=  1  CFL_adv= 0.088  CFL_sgs= 0.097
 Collecting statistics...
 name QCSTRG is missing in "lst" file.
NSTEP =         28   NCYCLE=  1  CFL_adv= 0.090  CFL_sgs= 0.080
 DAY =   9.722222222222222E-003
 NSTEP=          28
 div:  2.129770295697353E-016 -1.297700139527550E-016
 SST=   300.000000000000     
 surface pressure=   1014.80000000000     
 u:  -1.14042993511311        1.14042993511230     
 v:  -1.14042996527432        1.14042996527381     
 w: -4.614806530699860E-002  0.151564935089776     
 p:  -23.4220125284340        9.61177045523224     
 t:   300.390332448124        473.162458559943     
 tabs:   202.018889134336        300.182546117583     
 qv:  0.000000000000000E+000  2.169010383813312E-002
 tke:  0.000000000000000E+000   1.35300988684161     
 tk:  0.000000000000000E+000   4.36196074417345     
 tkh:  0.000000000000000E+000   4.36196074417345     
 qcl:  0.000000000000000E+000  0.000000000000000E+000
 qci:  0.000000000000000E+000  0.000000000000000E+000
 qpl:  0.000000000000000E+000  0.000000000000000E+000
 qpi:  0.000000000000000E+000  0.000000000000000E+000
 qrad(K/day):  -3.64777281265092        1.17881257202206     
 shf:  -1.04326457406352      -0.256731507632036     
 lhf:   1.03512492076774        34.7635557389923     
 uw: -3.261865371246524E-003  3.261865371248291E-003
 vw: -3.261863166889564E-003  3.261863166877204E-003
 sst:   300.000000000000        300.000000000000     
 ===========================
 total water budget:
 before (mm):         48.07640565818
 after (mm):          48.07681291753
 evaporation (mm):     0.00040725935
 precipitation (mm):   0.00000000000
 large-scale (mm):     0.00000000000
 Imbalance (mm)      -0.00000000000
 evap (mm/day):   1.17290693535786     
 prec (mm/day):  0.000000000000000E+000
 ls (mm/day):  0.000000000000000E+000
 imbalance (mm/day) -1.598721155460225E-011
  imbalance (rel error): -1.477932276789985E-016
 ===========================
NSTEP =         29   NCYCLE=  1  CFL_adv= 0.092  CFL_sgs= 0.097
NSTEP =         30   NCYCLE=  1  CFL_adv= 0.094  CFL_sgs= 0.080
 Let's do some shortwave
 Range of zenith angles  0.732661695834013       0.732661695834013     
 Range of surface albedo (asdir)  3.383449086658900E-002  3.383449086658900E-002
 Range of surface albedo (aldir)  3.383449086658900E-002  3.383449086658900E-002
 Range of surface albedo (asdif)  6.000000000000000E-002  6.000000000000000E-002
 Range of surface albedo (aldif)  6.000000000000000E-002  6.000000000000000E-002
 radiation: perpetual sun, solin=   310.282739002296     
 longwave radiation is called
NSTEP =         31   NCYCLE=  1  CFL_adv= 0.096  CFL_sgs= 0.097
 Collecting statistics...
 name QCSTRG is missing in "lst" file.
NSTEP =         32   NCYCLE=  1  CFL_adv= 0.097  CFL_sgs= 0.081
 DAY =   1.111111111111111E-002
 NSTEP=          32
 div:  1.472622095377376E-016 -1.517429851906838E-016
 SST=   300.000000000000     
 surface pressure=   1014.80000000000     
 u:  -1.22461092828432        1.22461092828335     
 v:  -1.22461107253328        1.22461107253227     
 w: -4.902030948833599E-002  0.156815647465105     
 p:  -20.8858967878536        9.32516295880940     
 t:   300.384393315189        473.164235539868     
 tabs:   202.020477350351        300.180080238711     
 qv:  0.000000000000000E+000  2.169124595634905E-002
 tke:  0.000000000000000E+000   1.34992583275769     
 tk:  0.000000000000000E+000   4.35698657596681     
 tkh:  0.000000000000000E+000   4.35698657596681     
 qcl:  0.000000000000000E+000  0.000000000000000E+000
 qci:  0.000000000000000E+000  0.000000000000000E+000
 qpl:  0.000000000000000E+000  0.000000000000000E+000
 qpi:  0.000000000000000E+000  0.000000000000000E+000
 qrad(K/day):  -3.65564352747255        1.17869447271804     
 shf:  -1.03996023088214      -0.255813041935062     
 lhf:   1.04674170818687        34.5887817108927     
 uw: -3.524971522818243E-003  3.524971522824189E-003
 vw: -3.524970863284532E-003  3.524970863287092E-003
 sst:   300.000000000000        300.000000000000     
 ===========================
 total water budget:
 before (mm):         48.07803104785
 after (mm):          48.07843589141
 evaporation (mm):     0.00040484356
 precipitation (mm):   0.00000000000
 large-scale (mm):     0.00000000000
 Imbalance (mm)       0.00000000000
 evap (mm/day):   1.16594945161289     
 prec (mm/day):  0.000000000000000E+000
 ls (mm/day):  0.000000000000000E+000
 imbalance (mm/day) -4.476419235288631E-012
  imbalance (rel error):  0.000000000000000E+000
 ===========================
NSTEP =         33   NCYCLE=  1  CFL_adv= 0.099  CFL_sgs= 0.097
NSTEP =         34   NCYCLE=  1  CFL_adv= 0.101  CFL_sgs= 0.081
NSTEP =         35   NCYCLE=  1  CFL_adv= 0.102  CFL_sgs= 0.097
 Collecting statistics...
 name QCSTRG is missing in "lst" file.
NSTEP =         36   NCYCLE=  1  CFL_adv= 0.104  CFL_sgs= 0.082
 DAY =   1.250000000000000E-002
 NSTEP=          36
 div:  1.080883299852265E-016 -8.689206504380105E-017
 SST=   300.000000000000     
 surface pressure=   1014.80000000000     
 u:  -1.29439693509767        1.29439693509619     
 v:  -1.29439701538067        1.29439701537910     
 w: -5.044656487118717E-002  0.159514759390471     
 p:  -18.5451070227206        9.00468167786270     
 t:   300.378596867738        473.165782415997     
 tabs:   202.022116357932        300.177037456528     
 qv:  0.000000000000000E+000  2.169240068878277E-002
 tke:  0.000000000000000E+000   1.35069251926808     
 tk:  0.000000000000000E+000   4.35822366936431     
 tkh:  0.000000000000000E+000   4.35822366936431     
 qcl:  0.000000000000000E+000  0.000000000000000E+000
 qci:  0.000000000000000E+000  0.000000000000000E+000
 qpl:  0.000000000000000E+000  0.000000000000000E+000
 qpi:  0.000000000000000E+000  0.000000000000000E+000
 qrad(K/day):  -3.65564352747255        1.17869447271804     
 shf:  -1.03504289100418      -0.254823448475101     
 lhf:   1.05819794457526        34.4200726954727     
 uw: -3.748810324074917E-003  3.748810324081361E-003
 vw: -3.748809459931850E-003  3.748809459931561E-003
 sst:   300.000000000000        300.000000000000     
 ===========================
 total water budget:
 before (mm):         48.07964688537
 after (mm):          48.08004938582
 evaporation (mm):     0.00040250044
 precipitation (mm):   0.00000000000
 large-scale (mm):     0.00000000000
 Imbalance (mm)       0.00000000000
 evap (mm/day):   1.15920127085854     
 prec (mm/day):  0.000000000000000E+000
 ls (mm/day):  0.000000000000000E+000
 imbalance (mm/day) -6.075140390748857E-012
  imbalance (rel error):  0.000000000000000E+000
 ===========================
 Let's do some shortwave
 Range of zenith angles  0.732661695834013       0.732661695834013     
 Range of surface albedo (asdir)  3.383449086658900E-002  3.383449086658900E-002
 Range of surface albedo (aldir)  3.383449086658900E-002  3.383449086658900E-002
 Range of surface albedo (asdif)  6.000000000000000E-002  6.000000000000000E-002
 Range of surface albedo (aldif)  6.000000000000000E-002  6.000000000000000E-002
 radiation: perpetual sun, solin=   310.282739002275     
 longwave radiation is called
NSTEP =         37   NCYCLE=  1  CFL_adv= 0.105  CFL_sgs= 0.097
NSTEP =         38   NCYCLE=  1  CFL_adv= 0.106  CFL_sgs= 0.082
NSTEP =         39   NCYCLE=  1  CFL_adv= 0.108  CFL_sgs= 0.097
 Collecting statistics...
 name QCSTRG is missing in "lst" file.
NSTEP =         40   NCYCLE=  1  CFL_adv= 0.109  CFL_sgs= 0.083
 DAY =   1.388888888888889E-002
 NSTEP=          40
 div:  1.091576579528292E-016 -9.426139611186486E-017
 SST=   300.000000000000     
 surface pressure=   1014.80000000000     
 u:  -1.35032782189805        1.35032782189584     
 v:  -1.35032781283100        1.35032781282910     
 w: -5.264104459652875E-002  0.165766096203444     
 p:  -16.4401515398388        8.76065291691427     
 t:   300.372856243327        473.167440963355     
 tabs:   202.023714614377        300.171957827510     
 qv:  0.000000000000000E+000  2.169356792966374E-002
 tke:  0.000000000000000E+000   1.35459236265267     
 tk:  0.000000000000000E+000   4.36451086604251     
 tkh:  0.000000000000000E+000   4.36451086604251     
 qcl:  0.000000000000000E+000  3.651473743875406E-005
 qci:  0.000000000000000E+000  0.000000000000000E+000
 qpl:  0.000000000000000E+000  8.272142099747170E-012
 qpi:  0.000000000000000E+000  0.000000000000000E+000
 qrad(K/day):  -3.65096265836625        1.17843884978255     
 shf:  -1.04494107991419      -0.253759294058260     
 lhf:   1.06956739290749        34.2526524927052     
 uw: -3.932530718151831E-003  3.932530718152903E-003
 vw: -3.932526163146829E-003  3.932526163145104E-003
 sst:   300.000000000000        300.000000000000     
 ===========================
 total water budget:
 before (mm):         48.08125343799
 after (mm):          48.08165365354
 evaporation (mm):     0.00040021555
 precipitation (mm):   0.00000000000
 large-scale (mm):     0.00000000000
 Imbalance (mm)       0.00000000000
 evap (mm/day):   1.15262078153997     
 prec (mm/day):  0.000000000000000E+000
 ls (mm/day):  0.000000000000000E+000
 imbalance (mm/day)  9.592326932761353E-012
  imbalance (rel error):  0.000000000000000E+000
 ===========================
NSTEP =         41   NCYCLE=  1  CFL_adv= 0.111  CFL_sgs= 0.097
NSTEP =         42   NCYCLE=  1  CFL_adv= 0.113  CFL_sgs= 0.084
 Let's do some shortwave
 Range of zenith angles  0.732661695834013       0.732661695834013     
 Range of surface albedo (asdir)  3.383449086658900E-002  3.383449086658900E-002
 Range of surface albedo (aldir)  3.383449086658900E-002  3.383449086658900E-002
 Range of surface albedo (asdif)  6.000000000000000E-002  6.000000000000000E-002
 Range of surface albedo (aldif)  6.000000000000000E-002  6.000000000000000E-002
 radiation: perpetual sun, solin=   310.282739002223     
 longwave radiation is called
NSTEP =         43   NCYCLE=  1  CFL_adv= 0.116  CFL_sgs= 0.097
 Collecting statistics...
 name QCSTRG is missing in "lst" file.
NSTEP =         44   NCYCLE=  1  CFL_adv= 0.118  CFL_sgs= 0.084
 DAY =   1.527777777777778E-002
 NSTEP=          44
 div:  7.131244886964716E-017 -4.264695954321438E-017
 SST=   300.000000000000     
 surface pressure=   1014.80000000000     
 u:  -1.39313517450159        1.39313517449900     
 v:  -1.39313529041700        1.39313529041481     
 w: -5.362895393260002E-002  0.209708500404092     
 p:  -15.7066043313052        9.00023251645764     
 t:   300.367267659061        473.169090792254     
 tabs:   202.025305455885        300.165306510803     
 qv:  0.000000000000000E+000  2.169474707221283E-002
 tke:  0.000000000000000E+000   1.36041893845524     
 tk:  0.000000000000000E+000   4.37388743819807     
 tkh:  0.000000000000000E+000   4.37388743819807     
 qcl:  0.000000000000000E+000  8.889223040432629E-005
 qci:  0.000000000000000E+000  0.000000000000000E+000
 qpl:  0.000000000000000E+000  5.912823691847393E-010
 qpi:  0.000000000000000E+000  0.000000000000000E+000
 qrad(K/day):  -20.4838367727023        2.01231223351899     
 shf:  -1.04649296702329      -0.252731799169923     
 lhf:   1.07907032139044        34.0847195161469     
 uw: -4.076888891664744E-003  4.076888891666406E-003
 vw: -4.076888123390117E-003  4.076888123386730E-003
 sst:   300.000000000000        300.000000000000     
 ===========================
 total water budget:
 before (mm):         48.08285091918
 after (mm):          48.08324889240
 evaporation (mm):     0.00039797322
 precipitation (mm):   0.00000000000
 large-scale (mm):     0.00000000000
 Imbalance (mm)       0.00000000000
 evap (mm/day):   1.14616287112746     
 prec (mm/day):  0.000000000000000E+000
 ls (mm/day):  0.000000000000000E+000
 imbalance (mm/day)  2.749800387391588E-011
  imbalance (rel error):  1.477734454571002E-016
 ===========================
NSTEP =         45   NCYCLE=  1  CFL_adv= 0.120  CFL_sgs= 0.098
NSTEP =         46   NCYCLE=  1  CFL_adv= 0.123  CFL_sgs= 0.083
NSTEP =         47   NCYCLE=  1  CFL_adv= 0.125  CFL_sgs= 0.098
 Collecting statistics...
 name QCSTRG is missing in "lst" file.
NSTEP =         48   NCYCLE=  1  CFL_adv= 0.128  CFL_sgs= 0.084
 DAY =   1.666666666666667E-002
 NSTEP=          48
 div:  9.644099037412476E-017 -6.759103379743255E-017
 SST=   300.000000000000     
 surface pressure=   1014.80000000000     
 u:  -1.42491365694891        1.42491365695058     
 v:  -1.42491374513652        1.42491374513836     
 w: -5.394456171288627E-002  0.274660932316609     
 p:  -15.5653850582167        9.74935469019270     
 t:   300.361687445485        473.170802874030     
 tabs:   202.026901199276        300.159114104143     
 qv:  0.000000000000000E+000  2.169593261912064E-002
 tke:  0.000000000000000E+000   1.36731068607856     
 tk:  0.000000000000000E+000   4.38495228286236     
 tkh:  0.000000000000000E+000   4.38495228286236     
 qcl:  0.000000000000000E+000  1.550797612899655E-004
 qci:  0.000000000000000E+000  0.000000000000000E+000
 qpl:  0.000000000000000E+000  3.801232450785934E-009
 qpi:  0.000000000000000E+000  0.000000000000000E+000
 qrad(K/day):  -20.4838367727023        2.01231223351899     
 shf:  -1.03962648456825      -0.251926711146180     
 lhf:   1.08425095382535        33.9175777334595     
 uw: -4.175054435809924E-003  4.175054435810573E-003
 vw: -4.175051802797153E-003  4.175051802773814E-003
 sst:   300.000000000000        300.000000000000     
 ===========================
 total water budget:
 before (mm):         48.08443948618
 after (mm):          48.08483525539
 evaporation (mm):     0.00039576921
 precipitation (mm):   0.00000000000
 large-scale (mm):     0.00000000000
 Imbalance (mm)      -0.00000000000
 evap (mm/day):   1.13981531183711     
 prec (mm/day):  0.000000000000000E+000
 ls (mm/day):  0.000000000000000E+000
 imbalance (mm/day) -2.685851541173178E-011
  imbalance (rel error): -1.477685702750751E-016
 ===========================
 Let's do some shortwave
 Range of zenith angles  0.732661695834013       0.732661695834013     
 Range of surface albedo (asdir)  3.383449086658900E-002  3.383449086658900E-002
 Range of surface albedo (aldir)  3.383449086658900E-002  3.383449086658900E-002
 Range of surface albedo (asdif)  6.000000000000000E-002  6.000000000000000E-002
 Range of surface albedo (aldif)  6.000000000000000E-002  6.000000000000000E-002
 radiation: perpetual sun, solin=   310.282739002152     
 longwave radiation is called
NSTEP =         49   NCYCLE=  1  CFL_adv= 0.131  CFL_sgs= 0.098
NSTEP =         50   NCYCLE=  1  CFL_adv= 0.135  CFL_sgs= 0.054
NSTEP =         51   NCYCLE=  1  CFL_adv= 0.138  CFL_sgs= 0.098
 Collecting statistics...
 name QCSTRG is missing in "lst" file.
NSTEP =         52   NCYCLE=  1  CFL_adv= 0.142  CFL_sgs= 0.047
 DAY =   1.805555555555555E-002
 NSTEP=          52
 div:  8.045369491593534E-017 -5.524694540225500E-017
 SST=   300.000000000000     
 surface pressure=   1014.80000000000     
 u:  -1.44790847648423        1.44790847648484     
 v:  -1.44790823962688        1.44790823962864     
 w: -5.416099452520537E-002  0.381070982467186     
 p:  -16.5426374418282        10.9660332165308     
 t:   300.356186641279        473.173260628524     
 tabs:   202.028498284466        300.153177485361     
 qv:  0.000000000000000E+000  2.169712501181128E-002
 tke:  0.000000000000000E+000   1.37479420715237     
 tk:  0.000000000000000E+000   4.39693569865198     
 tkh:  0.000000000000000E+000   4.39693569865198     
 qcl:  0.000000000000000E+000  2.453512552000837E-004
 qci:  0.000000000000000E+000  0.000000000000000E+000
 qpl:  0.000000000000000E+000  1.494407774327631E-008
 qpi:  0.000000000000000E+000  0.000000000000000E+000
 qrad(K/day):  -30.6890071152056        3.01902317864055     
 shf:  -1.02932596431673      -0.251001718768967     
 lhf:   1.09071682051167        33.7525901185638     
 uw: -4.239716332950880E-003  4.239716332952223E-003
 vw: -4.239711142381660E-003  4.239711142363613E-003
 sst:   300.000000000000        300.000000000000     
 ===========================
 total water budget:
 before (mm):         48.08601930873
 after (mm):          48.08641291763
 evaporation (mm):     0.00039360890
 precipitation (mm):   0.00000000000
 large-scale (mm):     0.00000000000
 Imbalance (mm)       0.00000000000
 evap (mm/day):   1.13359362485454     
 prec (mm/day):  1.042549776100353E-009
 ls (mm/day):  0.000000000000000E+000
 imbalance (mm/day)  3.727391354696291E-011
  imbalance (rel error):  2.955274443021029E-016
 ===========================
NSTEP =         53   NCYCLE=  1  CFL_adv= 0.147  CFL_sgs= 0.098
NSTEP =         54   NCYCLE=  1  CFL_adv= 0.155  CFL_sgs= 0.047
 Let's do some shortwave
 Range of zenith angles  0.732661695834013       0.732661695834013     
 Range of surface albedo (asdir)  3.383449086658900E-002  3.383449086658900E-002
 Range of surface albedo (aldir)  3.383449086658900E-002  3.383449086658900E-002
 Range of surface albedo (asdif)  6.000000000000000E-002  6.000000000000000E-002
 Range of surface albedo (aldif)  6.000000000000000E-002  6.000000000000000E-002
 radiation: perpetual sun, solin=   310.282739002083     
 longwave radiation is called
NSTEP =         55   NCYCLE=  1  CFL_adv= 0.163  CFL_sgs= 0.041
 Collecting statistics...
 name QCSTRG is missing in "lst" file.
NSTEP =         56   NCYCLE=  1  CFL_adv= 0.173  CFL_sgs= 0.043
 DAY =   1.944444444444444E-002
 NSTEP=          56
 div:  9.399626181429595E-017 -7.855481301810843E-017
 SST=   300.000000000000     
 surface pressure=   1014.80000000000     
 u:  -1.46465251101353        1.46465251101295     
 v:  -1.46465290641080        1.46465290641195     
 w: -5.315968816129508E-002  0.554552802383802     
 p:  -18.1076947382493        12.3069797663509     
 t:   300.350762376448        473.175566147992     
 tabs:   202.030101456165        300.147169173309     
 qv:  0.000000000000000E+000  2.169832460292290E-002
 tke:  0.000000000000000E+000  0.250525306687194     
 tk:  0.000000000000000E+000   1.87696886636104     
 tkh:  0.000000000000000E+000   1.87696886636104     
 qcl:  0.000000000000000E+000  3.694308432605292E-004
 qci:  0.000000000000000E+000  0.000000000000000E+000
 qpl:  0.000000000000000E+000  4.899687435808999E-008
 qpi:  0.000000000000000E+000  0.000000000000000E+000
 qrad(K/day):  -33.5395969711687        2.80923011436230     
 shf:  -1.01624725055806      -0.250026985286637     
 lhf:   1.09730284439569        33.5888484315841     
 uw: -4.277752509197202E-003  4.277752509199900E-003
 vw: -4.277752201783837E-003  4.277752201765641E-003
 sst:   300.000000000000        300.000000000000     
 ===========================
 total water budget:
 before (mm):         48.08759054026
 after (mm):          48.08798202639
 evaporation (mm):     0.00039148614
 precipitation (mm):   0.00000000000
 large-scale (mm):     0.00000000000
 Imbalance (mm)      -0.00000000000
 evap (mm/day):   1.12748007114615     
 prec (mm/day):  4.735703133154511E-009
 ls (mm/day):  0.000000000000000E+000
 imbalance (mm/day) -2.177128126402816E-011
  imbalance (rel error): -1.477589006272241E-016
 ===========================
NSTEP =         57   NCYCLE=  1  CFL_adv= 0.188  CFL_sgs= 0.042
NSTEP =         58   NCYCLE=  1  CFL_adv= 0.206  CFL_sgs= 0.041
NSTEP =         59   NCYCLE=  1  CFL_adv= 0.224  CFL_sgs= 0.040
 Collecting statistics...
 name QCSTRG is missing in "lst" file.
 Writting statistics:nstatsteps=          15
 --------------- ISCCP Simulator Diagnostics: -----------------
 ISCCP PDF:
            0.0       0.3       1.3       3.6       9.4      23.0      60.0
    0.     0.000     0.000     0.000     0.000     0.000     0.000     0.000
  180.     0.000     0.000     0.000     0.000     0.000     0.000     0.000
  310.     0.000     0.000     0.000     0.000     0.000     0.000     0.000
  440.     0.000     0.000     0.000     0.000     0.000     0.000     0.000
  560.     0.000     0.000     0.000     0.000     0.000     0.000     0.000
  680.     0.000     0.000     0.000     0.000     0.000     0.000     0.000
  800.     0.000     0.000     0.000     0.000     0.000     0.000     0.000
 low cld area (tau > 0.3)=  0.000000000000000E+000
 mid cld area (tau > 0.3)=  0.000000000000000E+000
 hgh cld area (tau > 0.3)=  0.000000000000000E+000
 total cld area (tau > 0.3)=  0.000000000000000E+000
 mean albedo cld (tau > 0.3)   -1.00000000000000     
 mean tau cld (tau > 0.3)   -1.00000000000000     
 mean top pressure (tau > 0.3)  -1.00000000000000     
 mean brightness temp (tau > 0.3)  -1.00000000000000     
 mean clearsky brightness temp (tau > 0.3)  -1.00000000000000     
 --------------- MODIS Simulator Diagnostics: -----------------
 MODIS PDF:
                      0.3       1.3       3.6       9.4      23.0      60.0
    0.               0.000     0.000     0.000     0.000     0.000     0.000
  180.               0.000     0.000     0.000     0.000     0.000     0.000
  310.               0.000     0.000     0.000     0.000     0.000     0.000
  440.               0.000     0.000     0.000     0.000     0.000     0.000
  560.               0.000     0.000     0.000     0.000     0.000     0.000
  680.               0.000     0.000     0.000     0.000     0.000     0.000
  800.               0.000     0.000     0.000     0.000     0.000     0.000
 low cld area =  0.000000000000000E+000
 mid cld area =  0.000000000000000E+000
 hgh cld area =  0.000000000000000E+000
 total cld area =  0.000000000000000E+000
 mean tau cld   -1.00000000000000     
 mean top pressure   -1.00000000000000     
 total cld area (liquid) =  0.000000000000000E+000
 total cld area (ice) =  0.000000000000000E+000
 mean tau (liquid) =  0.000000000000000E+000
 mean tau (ice) =  -1.00000000000000     
 mean lwp (g/m2) =  0.000000000000000E+000
 mean iwp (g/m2) =  -1.00000000000000     
 mean reff (liquid)  =  0.000000000000000E+000
 mean reff (ice)  =  -1.00000000000000     
 --------------- MISR Simulator Diagnostics: -----------------
 MISR PDF:
            0.0       0.3       1.3       3.6       9.4      23.0      60.0
 99.00     0.000     0.000     0.000     0.000     0.000     0.000     0.000
 17.00     0.000     0.000     0.000     0.000     0.000     0.000     0.000
 15.00     0.000     0.000     0.000     0.000     0.000     0.000     0.000
 13.00     0.000     0.000     0.000     0.000     0.000     0.000     0.000
 11.00     0.000     0.000     0.000     0.000     0.000     0.000     0.000
  9.00     0.000     0.000     0.000     0.000     0.000     0.000     0.000
  7.00     0.000     0.000     0.000     0.000     0.000     0.000     0.000
  5.00     0.000     0.000     0.000     0.000     0.000     0.000     0.000
  4.00     0.000     0.000     0.000     0.000     0.000     0.000     0.000
  3.00     0.000     0.000     0.000     0.000     0.000     0.000     0.000
  2.50     0.000     0.000     0.000     0.000     0.000     0.000     0.000
  2.00     0.000     0.000     0.000     0.000     0.000     0.000     0.000
  1.50     0.000     0.000     0.000     0.000     0.000     0.000     0.000
  1.00     0.000     0.000     0.000     0.000     0.000     0.000     0.000
  0.50     0.000     0.000     0.000     0.000     0.000     0.000     0.000
  0.00     0.000     0.000     0.000     0.000     0.000     0.000     0.000
 total cld area =  0.000000000000000E+000
 mean top height (m)  0.000000000000000E+000
 Writting history file 
 rcemip300sst_160_MaxIce20_dry3km90perc                                         
  
NSTEP =         60   NCYCLE=  1  CFL_adv= 0.246  CFL_sgs= 0.037
 DAY =   2.083333333333333E-002
 NSTEP=          60
 div:  7.692446084385605E-017 -3.902780324702057E-017
 SST=   300.000000000000     
 surface pressure=   1014.80000000000     
 u:  -1.47693373079928        1.47693373079738     
 v:  -1.47693399619277        1.47693399619371     
 w: -5.124319649682533E-002  0.857537631450049     
 p:  -20.6109036068775        14.2019883113104     
 t:   300.345326162792        473.177589972491     
 tabs:   202.031711167900        300.140869915882     
 qv:  0.000000000000000E+000  2.169953117034240E-002
 tke:  0.000000000000000E+000  0.136034264434280     
 tk:  0.000000000000000E+000   1.38310586854624     
 tkh:  0.000000000000000E+000   1.38310586854624     
 qcl:  0.000000000000000E+000  5.566090814636616E-004
 qci:  0.000000000000000E+000  0.000000000000000E+000
 qpl:  0.000000000000000E+000  1.438147538068720E-007
 qpi:  0.000000000000000E+000  0.000000000000000E+000
 qrad(K/day):  -33.5395969711687        2.80923011436230     
 shf:  -1.00111497876086      -0.249041473429106     
 lhf:   1.10346700271902        33.4240445505498     
 uw: -4.294522354361155E-003  4.294522354365480E-003
 vw: -4.294519859448527E-003  4.294519859429103E-003
 sst:   300.000000000000        300.000000000000     
 ===========================
 total water budget:
 before (mm):         48.08915336400
 after (mm):          48.08954278089
 evaporation (mm):     0.00038941689
 precipitation (mm):   0.00000000001
 large-scale (mm):     0.00000000000
 Imbalance (mm)       0.00000000000
 evap (mm/day):   1.12152065303739     
 prec (mm/day):  1.840248775106968E-008
 ls (mm/day):  0.000000000000000E+000
 imbalance (mm/day) -3.908655974988839E-012
  imbalance (rel error):  0.000000000000000E+000
 ===========================
CPU TIME =      61.9462 OVER     0.50 MODEL HOURS
 Let's do some shortwave
 Range of zenith angles  0.732661695834013       0.732661695834013     
 Range of surface albedo (asdir)  3.383449086658900E-002  3.383449086658900E-002
 Range of surface albedo (aldir)  3.383449086658900E-002  3.383449086658900E-002
 Range of surface albedo (asdif)  6.000000000000000E-002  6.000000000000000E-002
 Range of surface albedo (aldif)  6.000000000000000E-002  6.000000000000000E-002
 radiation: perpetual sun, solin=   310.282739002046     
 longwave radiation is called
NSTEP =         61   NCYCLE=  1  CFL_adv= 0.269  CFL_sgs= 0.031
NSTEP =         62   NCYCLE=  1  CFL_adv= 0.295  CFL_sgs= 0.030
NSTEP =         63   NCYCLE=  1  CFL_adv= 0.330  CFL_sgs= 0.031
 Collecting statistics...
 name QCSTRG is missing in "lst" file.
NSTEP =         64   NCYCLE=  1  CFL_adv= 0.369  CFL_sgs= 0.030
 DAY =   2.222222222222222E-002
 NSTEP=          64
 div:  6.817903067725965E-017 -4.453930506536362E-017
 SST=   300.000000000000     
 surface pressure=   1014.80000000000     
 u:  -1.53413168296969        1.53413168410592     
 v:  -1.53430264487292        1.53430264706685     
 w: -4.935044848983588E-002   1.42606360623361     
 p:  -25.0603658268197        17.0263987088827     
 t:   300.339929526802        473.179517519662     
 tabs:   202.033321066217        300.134361355580     
 qv:  0.000000000000000E+000  2.170074360401916E-002
 tke:  0.000000000000000E+000  0.135244692619938     
 tk:  0.000000000000000E+000   1.37908610679967     
 tkh:  0.000000000000000E+000   1.37908610679967     
 qcl:  0.000000000000000E+000  8.592946527676713E-004
 qci:  0.000000000000000E+000  0.000000000000000E+000
 qpl:  0.000000000000000E+000  4.398930414586795E-007
 qpi:  0.000000000000000E+000  0.000000000000000E+000
 qrad(K/day):  -41.0862005451911        3.07580168138598     
 shf: -0.984540266648883      -0.248127367170251     
 lhf:   1.10821456411539        33.2569110325144     
 uw: -4.295101288558912E-003  4.295101288566736E-003
 vw: -4.295093863817546E-003  4.295093863812919E-003
 sst:   300.000000000000        300.000000000000     
 ===========================
 total water budget:
 before (mm):         48.09070798874
 after (mm):          48.09109538870
 evaporation (mm):     0.00038739998
 precipitation (mm):   0.00000000002
 large-scale (mm):     0.00000000000
 Imbalance (mm)      -0.00000000000
 evap (mm/day):   1.11571193752273     
 prec (mm/day):  4.676608207228192E-008
 ls (mm/day):  0.000000000000000E+000
 imbalance (mm/day) -8.981749942265940E-012
  imbalance (rel error): -1.477493348856155E-016
 ===========================
NSTEP =         65   NCYCLE=  1  CFL_adv= 0.413  CFL_sgs= 0.031
NSTEP =         66   NCYCLE=  1  CFL_adv= 0.462  CFL_sgs= 0.027
 Let's do some shortwave
 Range of zenith angles  0.732661695834013       0.732661695834013     
 Range of surface albedo (asdir)  3.383449086658900E-002  3.383449086658900E-002
 Range of surface albedo (aldir)  3.383449086658900E-002  3.383449086658900E-002
 Range of surface albedo (asdif)  6.000000000000000E-002  6.000000000000000E-002
 Range of surface albedo (aldif)  6.000000000000000E-002  6.000000000000000E-002
 radiation: perpetual sun, solin=   310.282739002013     
 longwave radiation is called
NSTEP =         67   NCYCLE=  2  CFL_adv= 0.263  CFL_sgs= 0.011
 Collecting statistics...
 name QCSTRG is missing in "lst" file.
NSTEP =         68   NCYCLE=  2  CFL_adv= 0.303  CFL_sgs= 0.012
 DAY =   2.361111111111111E-002
 NSTEP=          68
 div:  4.384613657066433E-017 -3.001607637797908E-017
 SST=   300.000000000000     
 surface pressure=   1014.80000000000     
 u:  -1.98244410122228        1.98244409852487     
 v:  -1.98542447023477        1.98542446985499     
 w: -0.111009703050253        2.58763135535957     
 p:  -31.7739651882346        22.5090451333154     
 t:   300.334586870610        473.181600375210     
 tabs:   202.034914607425        300.127693298843     
 qv:  0.000000000000000E+000  2.170195993839520E-002
 tke:  0.000000000000000E+000  8.458653271474108E-002
 tk:  0.000000000000000E+000   1.09064114918751     
 tkh:  0.000000000000000E+000   1.09064114918751     
 qcl:  0.000000000000000E+000  1.390846727179475E-003
 qci:  0.000000000000000E+000  0.000000000000000E+000
 qpl:  0.000000000000000E+000  1.583113240957441E-006
 qpi:  0.000000000000000E+000  0.000000000000000E+000
 qrad(K/day):  -43.7218416881591        3.28482458681861     
 shf: -0.964758804146830      -0.247216316347854     
 lhf:   1.11166708607164        33.0674555193677     
 uw: -4.852256137105146E-003  4.852256128564532E-003
 vw: -4.853143371565701E-003  4.853143357095583E-003
 sst:   300.000000000000        300.000000000000     
 ===========================
 total water budget:
 before (mm):         48.09225449979
 after (mm):          48.09263981270
 evaporation (mm):     0.00038531295
 precipitation (mm):   0.00000000004
 large-scale (mm):     0.00000000000
 Imbalance (mm)       0.00000000000
 evap (mm/day):   1.10970129583116     
 prec (mm/day):  1.026884703372470E-007
 ls (mm/day):  0.000000000000000E+000
 imbalance (mm/day)  3.202699129718296E-011
  imbalance (rel error):  1.477445901342391E-016
 ===========================
NSTEP =         69   NCYCLE=  2  CFL_adv= 0.348  CFL_sgs= 0.012
NSTEP =         70   NCYCLE=  2  CFL_adv= 0.398  CFL_sgs= 0.013
NSTEP =         71   NCYCLE=  2  CFL_adv= 0.468  CFL_sgs= 0.013
 Collecting statistics...
 name QCSTRG is missing in "lst" file.
NSTEP =         72   NCYCLE=  3  CFL_adv= 0.366  CFL_sgs= 0.009
 DAY =   2.500000000000000E-002
 NSTEP=          72
 div:  2.627777701641752E-017 -2.386215341842404E-017
 SST=   300.000000000000     
 surface pressure=   1014.80000000000     
 u:  -3.42254212371125        3.42254212283032     
 v:  -3.41717267633566        3.41717267699745     
 w: -0.317192755684443        5.20671933104327     
 p:  -40.2255404737383        30.2425433221968     
 t:   300.329296075080        473.183949404073     
 tabs:   202.036510909511        300.120933707514     
 qv:  0.000000000000000E+000  2.170317936541628E-002
 tke:  0.000000000000000E+000  9.948592585271020E-002
 tk:  0.000000000000000E+000   1.18280211037339     
 tkh:  0.000000000000000E+000   1.18280211037339     
 qcl:  0.000000000000000E+000  2.442183352032459E-003
 qci:  0.000000000000000E+000  0.000000000000000E+000
 qpl:  0.000000000000000E+000  7.897034687150561E-006
 qpi:  0.000000000000000E+000  0.000000000000000E+000
 qrad(K/day):  -43.7218416881591        3.28482458681861     
 shf: -0.945843899187393      -0.246364163824215     
 lhf:   1.11467615038849        32.8927311182349     
 uw: -7.717774056451224E-003  7.717774072704664E-003
 vw: -7.731264247467231E-003  7.731264242210499E-003
 sst:   300.000000000000        300.000000000000     
 ===========================
 total water budget:
 before (mm):         48.09379287220
 after (mm):          48.09417623839
 evaporation (mm):     0.00038336626
 precipitation (mm):   0.00000000007
 large-scale (mm):     0.00000000000
 Imbalance (mm)       0.00000000000
 evap (mm/day):   1.10409483330685     
 prec (mm/day):  2.085602108567677E-007
 ls (mm/day):  0.000000000000000E+000
 imbalance (mm/day) -1.277223027064807E-012
  imbalance (rel error):  0.000000000000000E+000
 ===========================
 Let's do some shortwave
 Range of zenith angles  0.732661695834013       0.732661695834013     
 Range of surface albedo (asdir)  3.383449086658900E-002  3.383449086658900E-002
 Range of surface albedo (aldir)  3.383449086658900E-002  3.383449086658900E-002
 Range of surface albedo (asdif)  6.000000000000000E-002  6.000000000000000E-002
 Range of surface albedo (aldif)  6.000000000000000E-002  6.000000000000000E-002
 radiation: perpetual sun, solin=   310.282739001949     
 longwave radiation is called
NSTEP =         73   NCYCLE=  3  CFL_adv= 0.420  CFL_sgs= 0.009
NSTEP =         74   NCYCLE=  4  CFL_adv= 0.380  CFL_sgs= 0.007
NSTEP =         75   NCYCLE=  4  CFL_adv= 0.442  CFL_sgs= 0.009
 Collecting statistics...
 name QCSTRG is missing in "lst" file.
NSTEP =         76   NCYCLE=  5  CFL_adv= 0.409  CFL_sgs= 0.007
 DAY =   2.638888888888889E-002
 NSTEP=          76
 div:  2.467646313562266E-017 -2.780845861595142E-017
 SST=   300.000000000000     
 surface pressure=   1014.80000000000     
 u:  -6.21948585364637        6.21948585243891     
 v:  -6.21817509264447        6.21817509315147     
 w:  -2.20893185278241        11.4785995769248     
 p:  -48.2014454841667        48.1762706548894     
 t:   300.324059530750        473.186354848325     
 tabs:   202.038121309035        300.114375266465     
 qv:  0.000000000000000E+000  2.170333000419479E-002
 tke:  0.000000000000000E+000  0.537877198223534     
 tk:  0.000000000000000E+000   4.78932709444860     
 tkh:  0.000000000000000E+000   4.78932709444860     
 qcl:  0.000000000000000E+000  4.237589234746167E-003
 qci:  0.000000000000000E+000  0.000000000000000E+000
 qpl:  0.000000000000000E+000  8.138994476584439E-005
 qpi:  0.000000000000000E+000  0.000000000000000E+000
 qrad(K/day):  -43.9535926362957        4.83392780206282     
 shf: -0.926990727903891      -0.245688519864273     
 lhf:   1.12366132471707        32.7202589134420     
 uw: -1.269394640966793E-002  1.269394642864473E-002
 vw: -1.271661273003256E-002  1.271661271949373E-002
 sst:   300.000000000000        300.000000000000     
 ===========================
 total water budget:
 before (mm):         48.09532350286
 after (mm):          48.09570498828
 evaporation (mm):     0.00038148553
 precipitation (mm):   0.00000000011
 large-scale (mm):     0.00000000000
 Imbalance (mm)      -0.00000000000
 evap (mm/day):   1.09867834059202     
 prec (mm/day):  3.237784542106142E-007
 ls (mm/day):  0.000000000000000E+000
 imbalance (mm/day) -3.036554707296846E-011
  imbalance (rel error): -2.954703485199778E-016
 ===========================
NSTEP =         77   NCYCLE=  6  CFL_adv= 0.408  CFL_sgs= 0.007
NSTEP =         78   NCYCLE=  6  CFL_adv= 0.460  CFL_sgs= 0.010
 Let's do some shortwave
 Range of zenith angles  0.732661695834013       0.732661695834013     
 Range of surface albedo (asdir)  3.383449086658900E-002  3.383449086658900E-002
 Range of surface albedo (aldir)  3.383449086658900E-002  3.383449086658900E-002
 Range of surface albedo (asdif)  6.000000000000000E-002  6.000000000000000E-002
 Range of surface albedo (aldif)  6.000000000000000E-002  6.000000000000000E-002
 radiation: perpetual sun, solin=   310.282739001817     
 longwave radiation is called
NSTEP =         79   NCYCLE=  7  CFL_adv= 0.445  CFL_sgs= 0.015
 Collecting statistics...
 name QCSTRG is missing in "lst" file.
NSTEP =         80   NCYCLE=  8  CFL_adv= 0.427  CFL_sgs= 0.016
 DAY =   2.777777777777778E-002
 NSTEP=          80
 div:  1.480540005188843E-017 -8.922397958989077E-018
 SST=   300.000000000000     
 surface pressure=   1014.80000000000     
 u:  -9.13715163595224        9.13715163622494     
 v:  -9.13014682810614        9.13014682742517     
 w:  -5.94771053384544        20.7004156458517     
 p:  -73.3966510278245        79.0325901307894     
 t:   300.318869633576        473.188499381704     
 tabs:   202.039728227747        300.108783633125     
 qv:  6.413101261719126E-291  2.170197531842340E-002
 tke:  0.000000000000000E+000   11.4009451692595     
 tk:  0.000000000000000E+000   57.7564032705351     
 tkh:  0.000000000000000E+000   57.7564032705351     
 qcl:  0.000000000000000E+000  4.916679294647361E-003
 qci:  0.000000000000000E+000  0.000000000000000E+000
 qpl:  0.000000000000000E+000  1.731069790741458E-003
 qpi:  0.000000000000000E+000  0.000000000000000E+000
 qrad(K/day):  -43.7856853282473        3.91442006763085     
 shf: -0.909072539887921      -0.245966461032648     
 lhf:   1.15721041169105        32.5499577138455     
 uw: -2.008790949268113E-002  2.008790952014976E-002
 vw: -2.012763772362411E-002  2.012763770687537E-002
 sst:   300.000000000000        300.000000000000     
 ===========================
 total water budget:
 before (mm):         48.09684671701
 after (mm):          48.09722640173
 evaporation (mm):     0.00037968487
 precipitation (mm):   0.00000000015
 large-scale (mm):     0.00000000000
 Imbalance (mm)       0.00000000000
 evap (mm/day):   1.09349241669754     
 prec (mm/day):  4.257848748980833E-007
 ls (mm/day):  0.000000000000000E+000
 imbalance (mm/day) -7.646343335943208E-012
  imbalance (rel error):  0.000000000000000E+000
 ===========================
NSTEP =         81   NCYCLE=  8  CFL_adv= 0.450  CFL_sgs= 0.014
NSTEP =         82   NCYCLE=  9  CFL_adv= 0.429  CFL_sgs= 0.014
NSTEP =         83   NCYCLE=  9  CFL_adv= 0.462  CFL_sgs= 0.016
 Collecting statistics...
 name QCSTRG is missing in "lst" file.
NSTEP =         84   NCYCLE=  9  CFL_adv= 0.471  CFL_sgs= 0.018
 DAY =   2.916666666666667E-002
 NSTEP=          84
 div:  1.868457520579619E-017 -1.379444745167378E-017
 SST=   300.000000000000     
 surface pressure=   1014.80000000000     
 u:  -10.9866185822790        10.9866185883226     
 v:  -10.9792407452070        10.9792407426813     
 w:  -4.99485958914301        28.2606341788432     
 p:  -72.6262469066601        124.190050573431     
 t:   297.761890526345        473.190287653265     
 tabs:   202.041335525191        300.103189221372     
 qv:  1.133309466569366E-263  2.168901433385924E-002
 tke:  0.000000000000000E+000   21.8944437713690     
 tk:  0.000000000000000E+000   109.590580097394     
 tkh:  0.000000000000000E+000   109.590580097394     
 qcl:  0.000000000000000E+000  5.101734854409104E-003
 qci:  0.000000000000000E+000  2.231364830360121E-010
 qpl:  0.000000000000000E+000  7.083257124718337E-003
 qpi:  0.000000000000000E+000  0.000000000000000E+000
 qrad(K/day):  -43.7856853282473        3.91442006763085     
 shf:  -1.02377291911047      -0.247687859346221     
 lhf:   1.23013744175245        32.3813455955988     
 uw: -2.821959077349254E-002  2.821959081492885E-002
 vw: -2.828431390323350E-002  2.828431387749656E-002
 sst:   300.000000000000        300.000000000000     
 ===========================
 total water budget:
 before (mm):         48.09836288424
 after (mm):          48.09874087879
 evaporation (mm):     0.00037799470
 precipitation (mm):   0.00000000014
 large-scale (mm):     0.00000000000
 Imbalance (mm)       0.00000000000
 evap (mm/day):   1.08862472712485     
 prec (mm/day):  4.086977147735264E-007
 ls (mm/day):  0.000000000000000E+000
 imbalance (mm/day)  2.014298977102046E-011
  imbalance (rel error):  1.477258495291294E-016
 ===========================
 Let's do some shortwave
 Range of zenith angles  0.732661695834013       0.732661695834013     
 Range of surface albedo (asdir)  3.383449086658900E-002  3.383449086658900E-002
 Range of surface albedo (aldir)  3.383449086658900E-002  3.383449086658900E-002
 Range of surface albedo (asdif)  6.000000000000000E-002  6.000000000000000E-002
 Range of surface albedo (aldif)  6.000000000000000E-002  6.000000000000000E-002
 radiation: perpetual sun, solin=   310.282739001599     
 longwave radiation is called
NSTEP =         85   NCYCLE=  9  CFL_adv= 0.468  CFL_sgs= 0.018
NSTEP =         86   NCYCLE=  9  CFL_adv= 0.468  CFL_sgs= 0.019
NSTEP =         87   NCYCLE=  9  CFL_adv= 0.469  CFL_sgs= 0.020
 Collecting statistics...
 name QCSTRG is missing in "lst" file.
NSTEP =         88   NCYCLE= 10  CFL_adv= 0.432  CFL_sgs= 0.019
 DAY =   3.055555555555555E-002
 NSTEP=          88
 div:  2.812962166934421E-017 -1.762801788878726E-017
 SST=   300.000000000000     
 surface pressure=   1014.80000000000     
 u:  -12.9619344323945        12.9619344368662     
 v:  -13.0181852541059        13.0181852592839     
 w:  -5.28350132934377        32.7089897135019     
 p:  -132.426666941489        176.037692564628     
 t:   286.116963834852        473.191683728783     
 tabs:   202.042960158871        300.097603097124     
 qv:  2.409456139526921E-253  2.165713989287720E-002
 tke:  0.000000000000000E+000   28.6658498516504     
 tk:  0.000000000000000E+000   132.043191480042     
 tkh:  0.000000000000000E+000   132.043191480042     
 qcl:  0.000000000000000E+000  6.082358583019093E-003
 qci:  0.000000000000000E+000  7.391873357488755E-004
 qpl:  0.000000000000000E+000  1.441110591329590E-002
 qpi:  0.000000000000000E+000  0.000000000000000E+000
 qrad(K/day):  -47.6897291950863        5.12797049081180     
 shf:  -1.03190936757488      -0.250781061098168     
 lhf:   1.35689033937738        32.2127993288467     
 uw: -2.785409220971916E-002  2.785409220723983E-002
 vw: -2.785445084367783E-002  2.785445082822785E-002
 sst:   300.000000000000        300.000000000000     
 ===========================
 total water budget:
 before (mm):         48.09987248759
 after (mm):          48.10024893333
 evaporation (mm):     0.00037644585
 precipitation (mm):   0.00000000011
 large-scale (mm):     0.00000000000
 Imbalance (mm)      -0.00000000000
 evap (mm/day):   1.08416405347072     
 prec (mm/day):  3.240916424776172E-007
 ls (mm/day):  0.000000000000000E+000
 imbalance (mm/day) -1.389992652333840E-011
  imbalance (rel error): -1.477212179805942E-016
 ===========================
NSTEP =         89   NCYCLE= 10  CFL_adv= 0.464  CFL_sgs= 0.019
NSTEP =         90   NCYCLE= 11  CFL_adv= 0.455  CFL_sgs= 0.017
 Let's do some shortwave
 Range of zenith angles  0.732661695834013       0.732661695834013     
 Range of surface albedo (asdir)  3.383449086658900E-002  3.383449086658900E-002
 Range of surface albedo (aldir)  3.383449086658900E-002  3.383449086658900E-002
 Range of surface albedo (asdif)  6.000000000000000E-002  6.000000000000000E-002
 Range of surface albedo (aldif)  6.000000000000000E-002  6.000000000000000E-002
 radiation: perpetual sun, solin=   310.282739001317     
 longwave radiation is called
NSTEP =         91   NCYCLE= 12  CFL_adv= 0.467  CFL_sgs= 0.020
 Collecting statistics...
 name QCSTRG is missing in "lst" file.
NSTEP =         92   NCYCLE= 14  CFL_adv= 0.452  CFL_sgs= 0.019
 DAY =   3.194444444444444E-002
 NSTEP=          92
 div:  3.001585782009191E-017 -2.090006231585792E-017
 SST=   300.000000000000     
 surface pressure=   1014.80000000000     
 u:  -18.9691665694760        18.9691682620098     
 v:  -18.9651263495799        18.9651193396021     
 w:  -5.71432969512153        51.7696231864802     
 p:  -145.382530958991        288.036540666561     
 t:   284.282778106995        473.192238262979     
 tabs:   202.044601755175        300.092008607562     
 qv:  7.022781973548632E-238  2.161732755002971E-002
 tke:  0.000000000000000E+000   72.5910071994300     
 tk:  0.000000000000000E+000   213.000890842371     
 tkh:  0.000000000000000E+000   213.000890842371     
 qcl:  0.000000000000000E+000  6.888013685291347E-003
 qci:  0.000000000000000E+000  5.471898963309007E-003
 qpl:  0.000000000000000E+000  1.949109900019274E-002
 qpi:  0.000000000000000E+000  0.000000000000000E+000
 qrad(K/day):  -65.0740944570248        12.6571607700197     
 shf:  -1.22312927868686      -0.254670258145472     
 lhf:   1.52528212394330        32.0449555633019     
 uw: -2.875128969474587E-002  2.875128970152297E-002
 vw: -2.883584034528931E-002  2.883584033721856E-002
 sst:   300.000000000000        300.000000000000     
 ===========================
 total water budget:
 before (mm):         48.10137618885
 after (mm):          48.10175129926
 evaporation (mm):     0.00037510831
 precipitation (mm):   0.00000000007
 large-scale (mm):     0.00000000000
 Imbalance (mm)       0.00000000216
 evap (mm/day):   1.08031193118556     
 prec (mm/day):  1.883412099766287E-007
 ls (mm/day):  0.000000000000000E+000
 imbalance (mm/day)  6.217894386721768E-006
  imbalance (rel error):  4.488383790025824E-011
 ===========================
NSTEP =         93   NCYCLE= 15  CFL_adv= 0.479  CFL_sgs= 0.020
NSTEP =         94   NCYCLE= 17  CFL_adv= 0.473  CFL_sgs= 0.022
NSTEP =         95   NCYCLE= 19  CFL_adv= 0.463  CFL_sgs= 0.022
 Collecting statistics...
 name QCSTRG is missing in "lst" file.
NSTEP =         96   NCYCLE= 19  CFL_adv= 0.475  CFL_sgs= 0.028
 DAY =   3.333333333333333E-002
 NSTEP=          96
 div:  1.547594610162358E-017 -1.641783272868137E-017
 SST=   300.000000000000     
 surface pressure=   1014.80000000000     
 u:  -27.3024606427385        27.1398185973569     
 v:  -27.0920296939588        27.6819315137976     
 w:  -8.94039447624595        70.6078584412274     
 p:  -182.821863283529        336.873049931486     
 t:   286.466336041916        473.190569092754     
 tabs:   199.432464850325        300.086399528539     
 qv:  1.713025536063428E-225  2.158264787115600E-002
 tke:  0.000000000000000E+000   239.732217495207     
 tk:  0.000000000000000E+000   387.082208238127     
 tkh:  0.000000000000000E+000   387.082208238127     
 qcl:  0.000000000000000E+000  6.962604193504686E-003
 qci:  0.000000000000000E+000  1.950254180611959E-002
 qpl:  0.000000000000000E+000  2.007172412803932E-002
 qpi:  0.000000000000000E+000  0.000000000000000E+000
 qrad(K/day):  -65.0740944570248        12.6571607700197     
 shf:  -1.47402037799664      -0.258415578363434     
 lhf:   1.70319382795975        31.8792378800239     
 uw: -2.495889671208668E-002  2.495916459975417E-002
 vw: -2.500665978125044E-002  2.500693306785436E-002
 sst:   300.000000000000        300.000000000000     
 ===========================
 total water budget:
 before (mm):         48.10287512562
 after (mm):          48.10324927514
 evaporation (mm):     0.00037403397
 precipitation (mm):   0.00000000004
 large-scale (mm):     0.00000000000
 Imbalance (mm)       0.00000011560
 evap (mm/day):   1.07721783461109     
 prec (mm/day):  1.105392915245211E-007
 ls (mm/day):  0.000000000000000E+000
 imbalance (mm/day)  3.329154621116980E-004
  imbalance (rel error):  2.403073567259432E-009
 ===========================
 Let's do some shortwave
 Range of zenith angles  0.732661695834013       0.732661695834013     
 Range of surface albedo (asdir)  3.383449086658900E-002  3.383449086658900E-002
 Range of surface albedo (aldir)  3.383449086658900E-002  3.383449086658900E-002
 Range of surface albedo (asdif)  6.000000000000000E-002  6.000000000000000E-002
 Range of surface albedo (aldif)  6.000000000000000E-002  6.000000000000000E-002
 radiation: perpetual sun, solin=   310.282739001018     
 longwave radiation is called
NSTEP =         97   NCYCLE= 20  CFL_adv= 0.471  CFL_sgs= 0.028
NSTEP =         98   NCYCLE= 21  CFL_adv= 0.461  CFL_sgs= 0.028
NSTEP =         99   NCYCLE= 22  CFL_adv= 0.471  CFL_sgs= 0.026
 Collecting statistics...
 name QCSTRG is missing in "lst" file.
NSTEP =        100   NCYCLE= 24  CFL_adv= 0.466  CFL_sgs= 0.025
 DAY =   3.472222222222222E-002
 NSTEP=         100
 div:  1.515241453557770E-017 -1.298206939460615E-017
 SST=   300.000000000000     
 surface pressure=   1014.80000000000     
 u:  -35.8357888456503        35.8323624617810     
 v:  -35.8792264558006        35.5454872242155     
 w:  -12.2411309488305        86.3920599407265     
 p:  -99.8270603660545        434.544591298150     
 t:   282.574712889521        473.199381751315     
 tabs:   179.855567652182        300.080758392566     
 qv:  2.658988222218390E-211  2.155207541454118E-002
 tke:  0.000000000000000E+000   283.024316848687     
 tk:  0.000000000000000E+000   420.583164226089     
 tkh:  0.000000000000000E+000   420.583164226089     
 qcl:  0.000000000000000E+000  4.009196828056886E-003
 qci:  0.000000000000000E+000  2.645275455402745E-002
 qpl:  0.000000000000000E+000  1.917770643055146E-002
 qpi:  0.000000000000000E+000  0.000000000000000E+000
 qrad(K/day):  -68.8321533158832        25.9922131124405     
 shf:  -1.36236437493112      -0.261499395560096     
 lhf:   1.86887519445356        33.0906737691056     
 uw: -1.877510197319228E-002  1.877534422129359E-002
 vw: -1.878188736892127E-002  1.878121377396125E-002
 sst:   300.000000000000        300.000000000000     
 ===========================
 total water budget:
 before (mm):         48.10436996527
 after (mm):          48.10474219295
 evaporation (mm):     0.00037310504
 precipitation (mm):   0.00000087916
 large-scale (mm):     0.00000000000
 Imbalance (mm)       0.00000000181
 evap (mm/day):   1.07454252018478     
 prec (mm/day):  2.531985053743314E-003
 ls (mm/day):  0.000000000000000E+000
 imbalance (mm/day)  5.200365699410062E-006
  imbalance (rel error):  3.753644351449289E-011
 ===========================
NSTEP =        101   NCYCLE= 25  CFL_adv= 0.462  CFL_sgs= 0.024
NSTEP =        102   NCYCLE= 25  CFL_adv= 0.473  CFL_sgs= 0.026
 Let's do some shortwave
 Range of zenith angles  0.732661695834013       0.732661695834013     
 Range of surface albedo (asdir)  3.383449086658900E-002  3.383449086658900E-002
 Range of surface albedo (aldir)  3.383449086658900E-002  3.383449086658900E-002
 Range of surface albedo (asdif)  6.000000000000000E-002  6.000000000000000E-002
 Range of surface albedo (aldif)  6.000000000000000E-002  6.000000000000000E-002
 radiation: perpetual sun, solin=   310.282739000755     
 longwave radiation is called
NSTEP =        103   NCYCLE= 27  CFL_adv= 0.464  CFL_sgs= 0.023
 Collecting statistics...
 name QCSTRG is missing in "lst" file.
NSTEP =        104   NCYCLE= 28  CFL_adv= 0.465  CFL_sgs= 0.021
 DAY =   3.611111111111111E-002
 NSTEP=         104
 div:  1.220048325649956E-017 -9.430785490869406E-018
 SST=   300.000000000000     
 surface pressure=   1014.80000000000     
 u:  -41.8992810495870        42.9071196470535     
 v:  -42.7254242426222        44.1438499392720     
 w:  -30.8876817710918        86.8556322219673     
 p:  -156.313906011882        112.695001976769     
 t:   274.574449457261        473.240067938399     
 tabs:   169.874858134780        300.296066267773     
 qv:  8.951390688318760E-204  2.152293226158475E-002
 tke:  0.000000000000000E+000   280.756120078809     
 tk:  0.000000000000000E+000   418.894467675637     
 tkh:  0.000000000000000E+000   418.894467675637     
 qcl:  0.000000000000000E+000  1.913482694300981E-003
 qci:  0.000000000000000E+000  2.819686128376222E-002
 qpl:  0.000000000000000E+000  1.826692107907147E-002
 qpi:  0.000000000000000E+000  0.000000000000000E+000
 qrad(K/day):  -93.6722874195304        102.476646697940     
 shf:  -1.14603611848250        22.7538352146961     
 lhf:   1.87533766019317        35.3256711284781     
 uw: -1.721032392289010E-002  1.721115236304940E-002
 vw: -1.715763749338516E-002  1.715624910170742E-002
 sst:   300.000000000000        300.000000000000     
 ===========================
 total water budget:
 before (mm):         48.10581473346
 after (mm):          48.10614023704
 evaporation (mm):     0.00037207255
 precipitation (mm):   0.00004657203
 large-scale (mm):     0.00000000000
 Imbalance (mm)       0.00000000307
 evap (mm/day):   1.07156893184410     
 prec (mm/day):  0.134127443633704     
 ls (mm/day):  0.000000000000000E+000
 imbalance (mm/day)  8.832546913568971E-006
  imbalance (rel error):  6.375191923173331E-011
 ===========================
NSTEP =        105   NCYCLE= 27  CFL_adv= 0.467  CFL_sgs= 0.022
NSTEP =        106   NCYCLE= 25  CFL_adv= 0.471  CFL_sgs= 0.021
NSTEP =        107   NCYCLE= 24  CFL_adv= 0.460  CFL_sgs= 0.019
 Collecting statistics...
 name QCSTRG is missing in "lst" file.
NSTEP =        108   NCYCLE= 24  CFL_adv= 0.464  CFL_sgs= 0.020
 DAY =   3.750000000000000E-002
 NSTEP=         108
 div:  1.510120804300387E-017 -1.313782134497165E-017
 SST=   300.000000000000     
 surface pressure=   1014.80000000000     
 u:  -45.9485690279920        46.1760035755028     
 v:  -47.3729272906104        50.3841188364432     
 w:  -42.6214531654984        73.5712951835110     
 p:  -146.493982526326        75.1678239018677     
 t:   285.694990057204        473.227330768914     
 tabs:   164.480386512940        300.368959361643     
 qv:  7.871644518332796E-199  2.150425785603745E-002
 tke:  0.000000000000000E+000   164.696657129793     
 tk:  0.000000000000000E+000   309.705698916802     
 tkh:  0.000000000000000E+000   309.705698916802     
 qcl:  0.000000000000000E+000  3.048600728901472E-003
 qci:  0.000000000000000E+000  2.210854198832496E-002
 qpl:  0.000000000000000E+000  1.779919525144908E-002
 qpi:  0.000000000000000E+000  0.000000000000000E+000
 qrad(K/day):  -93.6722874195304        102.476646697940     
 shf:  -1.19068057748134        30.7535020113583     
 lhf:   4.75346377915750        36.7597806507058     
 uw: -2.323992500893162E-002  2.323903077808617E-002
 vw: -2.296029322704043E-002  2.296018978125891E-002
 sst:   300.000000000000        300.000000000000     
 ===========================
 total water budget:
 before (mm):         48.10704159290
 after (mm):          48.10733094166
 evaporation (mm):     0.00037072515
 precipitation (mm):   0.00008138988
 large-scale (mm):     0.00000000000
 Imbalance (mm)       0.00000001349
 evap (mm/day):   1.06768844331615     
 prec (mm/day):  0.234402865082381     
 ls (mm/day):  0.000000000000000E+000
 imbalance (mm/day)  3.885295784393419E-005
  imbalance (rel error):  2.804273861598665E-010
 ===========================
 Let's do some shortwave
 Range of zenith angles  0.732661695834013       0.732661695834013     
 Range of surface albedo (asdir)  3.383449086658900E-002  3.383449086658900E-002
 Range of surface albedo (aldir)  3.383449086658900E-002  3.383449086658900E-002
 Range of surface albedo (asdif)  6.000000000000000E-002  6.000000000000000E-002
 Range of surface albedo (aldif)  6.000000000000000E-002  6.000000000000000E-002
 radiation: perpetual sun, solin=   310.282739000587     
 longwave radiation is called
NSTEP =        109   NCYCLE= 24  CFL_adv= 0.469  CFL_sgs= 0.019
NSTEP =        110   NCYCLE= 23  CFL_adv= 0.473  CFL_sgs= 0.020
NSTEP =        111   NCYCLE= 22  CFL_adv= 0.479  CFL_sgs= 0.018
 Collecting statistics...
 name QCSTRG is missing in "lst" file.
NSTEP =        112   NCYCLE= 22  CFL_adv= 0.479  CFL_sgs= 0.016
 DAY =   3.888888888888889E-002
 NSTEP=         112
 div:  1.603072052381932E-017 -1.455629423575712E-017
 SST=   300.000000000000     
 surface pressure=   1014.80000000000     
 u:  -37.1712355689293        37.4595460232953     
 v:  -36.2267569710693        35.8810255284767     
 w:  -27.6700748935647        71.1574006348086     
 p:  -76.7226681744122        80.6014717876626     
 t:   284.424128069226        473.239670502571     
 tabs:   170.137116200637        300.209065796140     
 qv:  1.267544585752858E-195  2.155388257898460E-002
 tke:  0.000000000000000E+000   99.5742220144963     
 tk:  0.000000000000000E+000   218.068509896384     
 tkh:  0.000000000000000E+000   218.068509896384     
 qcl:  0.000000000000000E+000  3.551129201696163E-003
 qci:  0.000000000000000E+000  1.839013390672105E-002
 qpl:  0.000000000000000E+000  1.763293377412700E-002
 qpi:  0.000000000000000E+000  0.000000000000000E+000
 qrad(K/day):  -131.909726223587        112.860754126392     
 shf:  -1.13751222358982        31.8988767566124     
 lhf:   4.34818575597109        36.8670068040158     
 uw: -2.718825669333550E-002  2.718382078407141E-002
 vw: -2.674909271303580E-002  2.675398482440318E-002
 sst:   300.000000000000        300.000000000000     
 ===========================
 total water budget:
 before (mm):         48.10818390771
 after (mm):          48.10845850284
 evaporation (mm):     0.00036903294
 precipitation (mm):   0.00009445798
 large-scale (mm):     0.00000000000
 Imbalance (mm)       0.00000002017
 evap (mm/day):   1.06281485751307     
 prec (mm/day):  0.272038985506533     
 ls (mm/day):  0.000000000000000E+000
 imbalance (mm/day)  5.810082176055647E-005
  imbalance (rel error):  4.193419079794190E-010
 ===========================
NSTEP =        113   NCYCLE= 22  CFL_adv= 0.479  CFL_sgs= 0.014
NSTEP =        114   NCYCLE= 23  CFL_adv= 0.463  CFL_sgs= 0.016
 Let's do some shortwave
 Range of zenith angles  0.732661695834013       0.732661695834013     
 Range of surface albedo (asdir)  3.383449086658900E-002  3.383449086658900E-002
 Range of surface albedo (aldir)  3.383449086658900E-002  3.383449086658900E-002
 Range of surface albedo (asdif)  6.000000000000000E-002  6.000000000000000E-002
 Range of surface albedo (aldif)  6.000000000000000E-002  6.000000000000000E-002
 radiation: perpetual sun, solin=   310.282739000543     
 longwave radiation is called
NSTEP =        115   NCYCLE= 22  CFL_adv= 0.472  CFL_sgs= 0.016
 Collecting statistics...
 name QCSTRG is missing in "lst" file.
NSTEP =        116   NCYCLE= 21  CFL_adv= 0.474  CFL_sgs= 0.017
 DAY =   4.027777777777778E-002
 NSTEP=         116
 div:  2.023326413721793E-017 -1.335756572228286E-017
 SST=   300.000000000000     
 surface pressure=   1014.80000000000     
 u:  -30.0166968170512        30.2546010685526     
 v:  -29.9930576814319        29.5261868759232     
 w:  -24.1499969712311        67.1995472666021     
 p:  -74.0972842362608        76.2682793160013     
 t:   282.505333960092        473.379805722514     
 tabs:   172.010443011095        300.136794779399     
 qv:  2.123454471642725E-179  2.163938251450850E-002
 tke:  0.000000000000000E+000   149.667620458489     
 tk:  0.000000000000000E+000   236.308591116239     
 tkh:  0.000000000000000E+000   236.308591116239     
 qcl:  0.000000000000000E+000  3.134960589152398E-003
 qci:  0.000000000000000E+000  1.898822218158181E-002
 qpl:  0.000000000000000E+000  1.569839602681538E-002
 qpi:  0.000000000000000E+000  0.000000000000000E+000
 qrad(K/day):  -117.864718435705        141.317124671233     
 shf:  -1.45364400710173        49.8722509232065     
 lhf:   3.63860061143540        35.4643182683900     
 uw: -2.548028575650506E-002  2.547521987522719E-002
 vw: -2.521995746980812E-002  2.522766626019365E-002
 sst:   300.000000000000        300.000000000000     
 ===========================
 total water budget:
 before (mm):         48.10925191301
 after (mm):          48.10951004147
 evaporation (mm):     0.00036708684
 precipitation (mm):   0.00010895971
 large-scale (mm):     0.00000000000
 Imbalance (mm)       0.00000000132
 evap (mm/day):   1.05721011317083     
 prec (mm/day):  0.313803957638796     
 ls (mm/day):  0.000000000000000E+000
 imbalance (mm/day)  3.795507629790647E-006
  imbalance (rel error):  2.739331866018026E-011
 ===========================
NSTEP =        117   NCYCLE= 21  CFL_adv= 0.459  CFL_sgs= 0.016
NSTEP =        118   NCYCLE= 20  CFL_adv= 0.464  CFL_sgs= 0.014
NSTEP =        119   NCYCLE= 20  CFL_adv= 0.463  CFL_sgs= 0.016
 Collecting statistics...
 name QCSTRG is missing in "lst" file.
 Writting statistics:nstatsteps=          15
 --------------- ISCCP Simulator Diagnostics: -----------------
 ISCCP PDF:
            0.0       0.3       1.3       3.6       9.4      23.0      60.0
    0.     0.000     0.000     0.000     0.000     0.000     0.000     0.000
  180.     0.000     0.000     0.000     0.000     0.000     0.000     0.000
  310.     0.000     0.000     0.000     0.000     0.000     0.000     0.000
  440.     0.000     0.000     0.000     0.000     0.000     0.000     0.000
  560.     0.000     0.000     0.000     0.000     0.000     0.000     0.000
  680.     0.000     0.000     0.000     0.000     0.000     0.000     0.000
  800.     0.000     0.000     0.000     0.000     0.000     0.000     0.000
 low cld area (tau > 0.3)=  0.000000000000000E+000
 mid cld area (tau > 0.3)=  0.000000000000000E+000
 hgh cld area (tau > 0.3)=  0.000000000000000E+000
 total cld area (tau > 0.3)=  0.000000000000000E+000
 mean albedo cld (tau > 0.3)   -1.00000000000000     
 mean tau cld (tau > 0.3)   -1.00000000000000     
 mean top pressure (tau > 0.3)  -1.00000000000000     
 mean brightness temp (tau > 0.3)  -1.00000000000000     
 mean clearsky brightness temp (tau > 0.3)  -1.00000000000000     
 --------------- MODIS Simulator Diagnostics: -----------------
 MODIS PDF:
                      0.3       1.3       3.6       9.4      23.0      60.0
    0.               0.000     0.000     0.000     0.000     0.000     0.000
  180.               0.000     0.000     0.000     0.000     0.000     0.000
  310.               0.000     0.000     0.000     0.000     0.000     0.000
  440.               0.000     0.000     0.000     0.000     0.000     0.000
  560.               0.000     0.000     0.000     0.000     0.000     0.000
  680.               0.000     0.000     0.000     0.000     0.000     0.000
  800.               0.000     0.000     0.000     0.000     0.000     0.000
 low cld area =  0.000000000000000E+000
 mid cld area =  0.000000000000000E+000
 hgh cld area =  0.000000000000000E+000
 total cld area =  0.000000000000000E+000
 mean tau cld   -1.00000000000000     
 mean top pressure   -1.00000000000000     
 total cld area (liquid) =  0.000000000000000E+000
 total cld area (ice) =  0.000000000000000E+000
 mean tau (liquid) =  0.000000000000000E+000
 mean tau (ice) =  0.000000000000000E+000
 mean lwp (g/m2) =  0.000000000000000E+000
 mean iwp (g/m2) =  0.000000000000000E+000
 mean reff (liquid)  =  0.000000000000000E+000
 mean reff (ice)  =  0.000000000000000E+000
 --------------- MISR Simulator Diagnostics: -----------------
 MISR PDF:
            0.0       0.3       1.3       3.6       9.4      23.0      60.0
 99.00     0.000     0.000     0.000     0.000     0.000     0.000     0.000
 17.00     0.000     0.000     0.000     0.000     0.000     0.000     0.000
 15.00     0.000     0.000     0.000     0.000     0.000     0.000     0.000
 13.00     0.000     0.000     0.000     0.000     0.000     0.000     0.000
 11.00     0.000     0.000     0.000     0.000     0.000     0.000     0.000
  9.00     0.000     0.000     0.000     0.000     0.000     0.000     0.000
  7.00     0.000     0.000     0.000     0.000     0.000     0.000     0.000
  5.00     0.000     0.000     0.000     0.000     0.000     0.000     0.000
  4.00     0.000     0.000     0.000     0.000     0.000     0.000     0.000
  3.00     0.000     0.000     0.000     0.000     0.000     0.000     0.000
  2.50     0.000     0.000     0.000     0.000     0.000     0.000     0.000
  2.00     0.000     0.000     0.000     0.000     0.000     0.000     0.000
  1.50     0.000     0.000     0.000     0.000     0.000     0.000     0.000
  1.00     0.000     0.000     0.000     0.000     0.000     0.000     0.000
  0.50     0.000     0.000     0.000     0.000     0.000     0.000     0.000
  0.00     0.000     0.000     0.000     0.000     0.000     0.000     0.000
 total cld area =  0.000000000000000E+000
 mean top height (m)  0.000000000000000E+000
 Writting history file 
 rcemip300sst_160_MaxIce20_dry3km90perc                                         
  
 Writting 2D data. file:./OUT_2D/bubble_rcemip300sst_160_MaxIce20_dry3km90perc_6
 4.2Dbin                                                         
 Writting 3D data. file:./OUT_3D/bubble_rcemip300sst_160_MaxIce20_dry3km90perc_6
 4_0000000120.bin3D                                              
NSTEP =        120   NCYCLE= 19  CFL_adv= 0.480  CFL_sgs= 0.021
 DAY =   4.166666666666666E-002
 NSTEP=         120
 div:  1.627368322336567E-017 -1.424236753599691E-017
 SST=   300.000000000000     
 surface pressure=   1014.80000000000     
 u:  -26.9326683722713        25.5190292822468     
 v:  -25.7767570725482        24.7521714485097     
 w:  -26.5625605021899        58.0515264690015     
 p:  -69.4084277907537        78.2571263696971     
 t:   280.292980451047        473.256858866769     
 tabs:   171.712535589205        300.099045853667     
 qv:  1.042068028880238E-165  2.173841780237162E-002
 tke:  0.000000000000000E+000   80.4466180033499     
 tk:  0.000000000000000E+000   224.230096668787     
 tkh:  0.000000000000000E+000   224.230096668787     
 qcl:  0.000000000000000E+000  4.597807326541832E-003
 qci:  0.000000000000000E+000  1.822838403987798E-002
 qpl:  0.000000000000000E+000  1.746623265293832E-002
 qpi:  0.000000000000000E+000  0.000000000000000E+000
 qrad(K/day):  -117.864718435705        141.317124671233     
 shf:  -1.50322954932254        57.8916604058730     
 lhf:   2.82519332779466        33.5937394369821     
 uw: -2.428366600118457E-002  2.426701422174286E-002
 vw: -2.397018869000057E-002  2.397323064840829E-002
 sst:   300.000000000000        300.000000000000     
 ===========================
 total water budget:
 before (mm):         48.11027049968
 after (mm):          48.11051943102
 evaporation (mm):     0.00036501758
 precipitation (mm):   0.00011608685
 large-scale (mm):     0.00000000000
 Imbalance (mm)       0.00000000061
 evap (mm/day):   1.05125062465984     
 prec (mm/day):  0.334330130227447     
 ls (mm/day):  0.000000000000000E+000
 imbalance (mm/day)  1.755138936297349E-006
  imbalance (rel error):  1.266719641029595E-011
 ===========================
CPU TIME =     510.0827 OVER     0.50 MODEL HOURS
 Let's do some shortwave
 Range of zenith angles  0.732661695834013       0.732661695834013     
 Range of surface albedo (asdir)  3.383449086658900E-002  3.383449086658900E-002
 Range of surface albedo (aldir)  3.383449086658900E-002  3.383449086658900E-002
 Range of surface albedo (asdif)  6.000000000000000E-002  6.000000000000000E-002
 Range of surface albedo (aldif)  6.000000000000000E-002  6.000000000000000E-002
 radiation: perpetual sun, solin=   310.282739000572     
 longwave radiation is called
NSTEP =        121   NCYCLE= 18  CFL_adv= 0.475  CFL_sgs= 0.018
NSTEP =        122   NCYCLE= 17  CFL_adv= 0.457  CFL_sgs= 0.018
NSTEP =        123   NCYCLE= 16  CFL_adv= 0.456  CFL_sgs= 0.017
 Collecting statistics...
 name QCSTRG is missing in "lst" file.
NSTEP =        124   NCYCLE= 15  CFL_adv= 0.470  CFL_sgs= 0.019
 DAY =   4.305555555555556E-002
 NSTEP=         124
 div:  3.054643266746617E-017 -1.734350884939164E-017
 SST=   300.000000000000     
 surface pressure=   1014.80000000000     
 u:  -27.0765470414141        22.2564718421192     
 v:  -23.3038372026182        24.5276945880818     
 w:  -17.9684484168575        52.0202754598482     
 p:  -86.9866006638002        130.812911344525     
 t:   275.140444095822        473.271500718576     
 tabs:   180.476187792474        300.703582989525     
 qv:  5.429903257151193E-160  2.195728167673535E-002
 tke:  0.000000000000000E+000   61.6479165015909     
 tk:  0.000000000000000E+000   196.290467963919     
 tkh:  0.000000000000000E+000   196.290467963919     
 qcl:  0.000000000000000E+000  4.163744483609151E-003
 qci:  0.000000000000000E+000  2.299196257637506E-002
 qpl:  0.000000000000000E+000  1.851431427544271E-002
 qpi:  0.000000000000000E+000  0.000000000000000E+000
 qrad(K/day):  -127.133496804155        122.474024217695     
 shf:  -1.53560014833431        56.5262517255995     
 lhf:   1.02072363995025        31.4446634463786     
 uw: -2.541229344091355E-002  2.538901028216168E-002
 vw: -2.528810619304811E-002  2.527844865043819E-002
 sst:   300.000000000000        300.000000000000     
 ===========================
 total water budget:
 before (mm):         48.11125204852
 after (mm):          48.11149074420
 evaporation (mm):     0.00036314100
 precipitation (mm):   0.00012444562
 large-scale (mm):     0.00000000000
 Imbalance (mm)       0.00000000031
 evap (mm/day):   1.04584607520547     
 prec (mm/day):  0.358403395656591     
 ls (mm/day):  0.000000000000000E+000
 imbalance (mm/day)  8.985889683905955E-007
  imbalance (rel error):  6.485070736188052E-012
 ===========================
NSTEP =        125   NCYCLE= 16  CFL_adv= 0.452  CFL_sgs= 0.018
NSTEP =        126   NCYCLE= 16  CFL_adv= 0.462  CFL_sgs= 0.021
 Let's do some shortwave
 Range of zenith angles  0.732661695834013       0.732661695834013     
 Range of surface albedo (asdir)  3.383449086658900E-002  3.383449086658900E-002
 Range of surface albedo (aldir)  3.383449086658900E-002  3.383449086658900E-002
 Range of surface albedo (asdif)  6.000000000000000E-002  6.000000000000000E-002
 Range of surface albedo (aldif)  6.000000000000000E-002  6.000000000000000E-002
 radiation: perpetual sun, solin=   310.282739000463     
 longwave radiation is called
NSTEP =        127   NCYCLE= 16  CFL_adv= 0.478  CFL_sgs= 0.023
 Collecting statistics...
 name QCSTRG is missing in "lst" file.
NSTEP =        128   NCYCLE= 18  CFL_adv= 0.459  CFL_sgs= 0.018
 DAY =   4.444444444444445E-002
 NSTEP=         128
 div:  2.048903094735314E-017 -1.287856432860330E-017
 SST=   300.000000000000     
 surface pressure=   1014.80000000000     
 u:  -27.6743426292366        33.9994401330950     
 v:  -32.2210859718617        27.0259413973741     
 w:  -15.0826590527224        62.0377171541265     
 p:  -101.825782873079        143.306692979141     
 t:   279.566450519845        473.385147911202     
 tabs:   185.262615744035        301.216061016009     
 qv:  4.882467956568116E-132  2.214809740925369E-002
 tke:  0.000000000000000E+000   154.162411285209     
 tk:  0.000000000000000E+000   310.405391469374     
 tkh:  0.000000000000000E+000   310.405391469374     
 qcl:  0.000000000000000E+000  3.413911911374255E-003
 qci:  0.000000000000000E+000  1.843796472887584E-002
 qpl:  0.000000000000000E+000  1.770019838747553E-002
 qpi:  0.000000000000000E+000  0.000000000000000E+000
 qrad(K/day):  -120.285084831758        118.027460477442     
 shf:  -1.54071852061818        58.7416107918494     
 lhf: -0.588837192614300        33.5080320703621     
 uw: -2.380785159002801E-002  2.379967778012887E-002
 vw: -2.373558496247845E-002  2.371484413112700E-002
 sst:   300.000000000000        300.000000000000     
 ===========================
 total water budget:
 before (mm):         48.11218260319
 after (mm):          48.11240331790
 evaporation (mm):     0.00036235802
 precipitation (mm):   0.00014164688
 large-scale (mm):     0.00000000000
 Imbalance (mm)       0.00000000357
 evap (mm/day):   1.04359109848300     
 prec (mm/day):  0.407943008154682     
 ls (mm/day):  0.000000000000000E+000
 imbalance (mm/day)  1.028663783200420E-005
  imbalance (rel error):  7.423759513926415E-011
 ===========================
NSTEP =        129   NCYCLE= 20  CFL_adv= 0.457  CFL_sgs= 0.022
NSTEP =        130   NCYCLE= 19  CFL_adv= 0.476  CFL_sgs= 0.024
NSTEP =        131   NCYCLE= 19  CFL_adv= 0.461  CFL_sgs= 0.019
 Collecting statistics...
 name QCSTRG is missing in "lst" file.
NSTEP =        132   NCYCLE= 19  CFL_adv= 0.457  CFL_sgs= 0.022
 DAY =   4.583333333333333E-002
 NSTEP=         132
 div:  2.446863047634828E-017 -2.107601784818406E-017
 SST=   300.000000000000     
 surface pressure=   1014.80000000000     
 u:  -37.7715455008162        32.7734773958413     
 v:  -37.2529724120191        34.5974922457494     
 w:  -12.5535188384935        62.7319705825502     
 p:  -128.754847268553        134.706174462954     
 t:   279.638667152228        473.292740634129     
 tabs:   176.537064420306        301.360107876712     
 qv:  2.799841619199421E-126  2.212529412295841E-002
 tke:  0.000000000000000E+000   113.188812878464     
 tk:  0.000000000000000E+000   265.975577918424     
 tkh:  0.000000000000000E+000   265.975577918424     
 qcl:  0.000000000000000E+000  3.493398237333448E-003
 qci:  0.000000000000000E+000  1.855981410942204E-002
 qpl:  0.000000000000000E+000  1.856390221000575E-002
 qpi:  0.000000000000000E+000  0.000000000000000E+000
 qrad(K/day):  -120.285084831758        118.027460477442     
 shf:  -1.51711341356028        73.3798258075194     
 lhf: -0.418386296898259        37.1731103679765     
 uw: -3.053757846920522E-002  3.066613188837124E-002
 vw: -2.917074031045996E-002  2.912646241006259E-002
 sst:   300.000000000000        300.000000000000     
 ===========================
 total water budget:
 before (mm):         48.11303657446
 after (mm):          48.11323690892
 evaporation (mm):     0.00036182842
 precipitation (mm):   0.00016149516
 large-scale (mm):     0.00000000000
 Imbalance (mm)       0.00000000120
 evap (mm/day):   1.04206584913634     
 prec (mm/day):  0.465106070419862     
 ls (mm/day):  0.000000000000000E+000
 imbalance (mm/day)  3.451484344267619E-006
  imbalance (rel error):  2.490852573713115E-011
 ===========================
 Let's do some shortwave
 Range of zenith angles  0.732661695834013       0.732661695834013     
 Range of surface albedo (asdir)  3.383449086658900E-002  3.383449086658900E-002
 Range of surface albedo (aldir)  3.383449086658900E-002  3.383449086658900E-002
 Range of surface albedo (asdif)  6.000000000000000E-002  6.000000000000000E-002
 Range of surface albedo (aldif)  6.000000000000000E-002  6.000000000000000E-002
 radiation: perpetual sun, solin=   310.282738999786     
 longwave radiation is called
NSTEP =        133   NCYCLE= 19  CFL_adv= 0.471  CFL_sgs= 0.020
NSTEP =        134   NCYCLE= 18  CFL_adv= 0.472  CFL_sgs= 0.021
NSTEP =        135   NCYCLE= 18  CFL_adv= 0.455  CFL_sgs= 0.020
 Collecting statistics...
 name QCSTRG is missing in "lst" file.
NSTEP =        136   NCYCLE= 17  CFL_adv= 0.470  CFL_sgs= 0.022
 DAY =   4.722222222222222E-002
 NSTEP=         136
 div:  2.488886616359944E-017 -1.900299665071369E-017
 SST=   300.000000000000     
 surface pressure=   1014.80000000000     
 u:  -45.5645431571223        48.8633159843562     
 v:  -38.4381726376913        38.8187612112428     
 w:  -23.0327699837481        60.2637512886355     
 p:  -133.226877296001        211.368042396531     
 t:   278.987796707754        473.414007213453     
 tabs:   177.367953278859        301.710527752302     
 qv:  7.974742394866914E-124  2.207560755070204E-002
 tke:  0.000000000000000E+000   151.934259411031     
 tk:  0.000000000000000E+000   308.154039616382     
 tkh:  0.000000000000000E+000   308.154039616382     
 qcl:  0.000000000000000E+000  3.887208622246899E-003
 qci:  0.000000000000000E+000  1.775755342630666E-002
 qpl:  0.000000000000000E+000  1.963997463589183E-002
 qpi:  0.000000000000000E+000  0.000000000000000E+000
 qrad(K/day):  -120.247339515718        117.756516643970     
 shf:  -1.35350810599503        82.1467199205213     
 lhf:  1.504205603092400E-003   40.2679963736613     
 uw: -4.080479107414044E-002  4.089882070505716E-002
 vw: -4.042904729989873E-002  4.031070203494564E-002
 sst:   300.000000000000        300.000000000000     
 ===========================
 total water budget:
 before (mm):         48.11379140023
 after (mm):          48.11395652774
 evaporation (mm):     0.00036143628
 precipitation (mm):   0.00019631271
 large-scale (mm):     0.00000000000
 Imbalance (mm)       0.00000000394
 evap (mm/day):   1.04093648578566     
 prec (mm/day):  0.565380597148953     
 ls (mm/day):  0.000000000000000E+000
 imbalance (mm/day)  1.135952661161961E-005
  imbalance (rel error):  8.197786784275224E-011
 ===========================
NSTEP =        137   NCYCLE= 18  CFL_adv= 0.477  CFL_sgs= 0.025
NSTEP =        138   NCYCLE= 19  CFL_adv= 0.475  CFL_sgs= 0.025
 Let's do some shortwave
 Range of zenith angles  0.732661695834013       0.732661695834013     
 Range of surface albedo (asdir)  3.383449086658900E-002  3.383449086658900E-002
 Range of surface albedo (aldir)  3.383449086658900E-002  3.383449086658900E-002
 Range of surface albedo (asdif)  6.000000000000000E-002  6.000000000000000E-002
 Range of surface albedo (aldif)  6.000000000000000E-002  6.000000000000000E-002
 radiation: perpetual sun, solin=   310.282738998088     
 longwave radiation is called
NSTEP =        139   NCYCLE= 19  CFL_adv= 0.477  CFL_sgs= 0.034
 Collecting statistics...
 name QCSTRG is missing in "lst" file.
NSTEP =        140   NCYCLE= 21  CFL_adv= 0.460  CFL_sgs= 0.022
 DAY =   4.861111111111111E-002
 NSTEP=         140
 div:  2.132411465757273E-017 -1.433725017435388E-017
 SST=   300.000000000000     
 surface pressure=   1014.80000000000     
 u:  -48.3924486969488        55.0957883602876     
 v:  -55.7644341768091        46.4267388491723     
 w:  -22.0732898628627        67.7198925771056     
 p:  -107.323052519488        232.585134790156     
 t:   279.178449387895        473.316915124707     
 tabs:   172.021853756441        301.660482644545     
 qv:  3.760181534311466E-121  2.188448434522703E-002
 tke:  0.000000000000000E+000   215.537588996718     
 tk:  0.000000000000000E+000   367.029962159697     
 tkh:  0.000000000000000E+000   367.029962159697     
 qcl:  0.000000000000000E+000  4.216262310995224E-003
 qci:  0.000000000000000E+000  2.199068667200099E-002
 qpl:  0.000000000000000E+000  2.037208331331871E-002
 qpi:  0.000000000000000E+000  0.000000000000000E+000
 qrad(K/day):  -107.300610251074        98.7849577256413     
 shf:  -1.28158315179079        80.6058009890327     
 lhf:   1.54680733354491        42.6636611839321     
 uw: -4.910917496747664E-002  4.887270723862126E-002
 vw: -4.972072150123826E-002  4.940823834700989E-002
 sst:   300.000000000000        300.000000000000     
 ===========================
 total water budget:
 before (mm):         48.11438893775
 after (mm):          48.11451814699
 evaporation (mm):     0.00036113559
 precipitation (mm):   0.00023193189
 large-scale (mm):     0.00000000000
 Imbalance (mm)       0.00000000555
 evap (mm/day):   1.04007050162576     
 prec (mm/day):  0.667963851021967     
 ls (mm/day):  0.000000000000000E+000
 imbalance (mm/day)  1.597619152799226E-005
  imbalance (rel error):  1.152933773717237E-010
 ===========================
NSTEP =        141   NCYCLE= 21  CFL_adv= 0.473  CFL_sgs= 0.025
NSTEP =        142   NCYCLE= 21  CFL_adv= 0.464  CFL_sgs= 0.024
NSTEP =        143   NCYCLE= 21  CFL_adv= 0.472  CFL_sgs= 0.023
 Collecting statistics...
 name QCSTRG is missing in "lst" file.
NSTEP =        144   NCYCLE= 22  CFL_adv= 0.463  CFL_sgs= 0.024
 DAY =   5.000000000000000E-002
 NSTEP=         144
 div:  2.833150431859820E-017 -1.646223166132589E-017
 SST=   300.000000000000     
 surface pressure=   1014.80000000000     
 u:  -56.5237485924578        53.0785981015914     
 v:  -51.3205583671309        49.8730154971183     
 w:  -29.3489826683667        69.0394289169241     
 p:  -112.476413039466        108.436618770427     
 t:   278.784415877974        473.342255014341     
 tabs:   173.096496470085        301.284460698250     
 qv:  3.837060671752695E-119  2.121315110185200E-002
 tke:  0.000000000000000E+000   193.591348938498     
 tk:  0.000000000000000E+000   347.842770640071     
 tkh:  0.000000000000000E+000   347.842770640071     
 qcl:  0.000000000000000E+000  5.035106338700382E-003
 qci:  0.000000000000000E+000  2.563884499935995E-002
 qpl:  0.000000000000000E+000  1.826010861452621E-002
 qpi:  0.000000000000000E+000  0.000000000000000E+000
 qrad(K/day):  -107.300610251074        98.7849577256413     
 shf:  -1.52024556042374        92.2989475706628     
 lhf:   7.10860926809242        44.0548783559369     
 uw: -8.578254769529906E-002  8.514895701200011E-002
 vw: -8.835977733219327E-002  8.712102875314597E-002
 sst:   300.000000000000        300.000000000000     
 ===========================
 total water budget:
 before (mm):         48.11490229314
 after (mm):          48.11502858225
 evaporation (mm):     0.00036080495
 precipitation (mm):   0.00023452262
 large-scale (mm):     0.00000000000
 Imbalance (mm)       0.00000000678
 evap (mm/day):   1.03911824481315     
 prec (mm/day):  0.675425149766363     
 ls (mm/day):  0.000000000000000E+000
 imbalance (mm/day)  1.953886722947523E-005
  imbalance (rel error):  1.410023706774508E-010
 ===========================
 Let's do some shortwave
 Range of zenith angles  0.732661695834013       0.732661695834013     
 Range of surface albedo (asdir)  3.383449086658900E-002  3.383449086658900E-002
 Range of surface albedo (aldir)  3.383449086658900E-002  3.383449086658900E-002
 Range of surface albedo (asdif)  6.000000000000000E-002  6.000000000000000E-002
 Range of surface albedo (aldif)  6.000000000000000E-002  6.000000000000000E-002
 radiation: perpetual sun, solin=   310.282738995447     
 longwave radiation is called
NSTEP =        145   NCYCLE= 21  CFL_adv= 0.477  CFL_sgs= 0.024
NSTEP =        146   NCYCLE= 20  CFL_adv= 0.474  CFL_sgs= 0.024
NSTEP =        147   NCYCLE= 20  CFL_adv= 0.472  CFL_sgs= 0.022
 Collecting statistics...
 name QCSTRG is missing in "lst" file.
NSTEP =        148   NCYCLE= 18  CFL_adv= 0.473  CFL_sgs= 0.026
 DAY =   5.138888888888889E-002
 NSTEP=         148
 div:  3.332744158600552E-017 -2.086941126816395E-017
 SST=   300.000000000000     
 surface pressure=   1014.80000000000     
 u:  -49.4830513840660        49.0580985264156     
 v:  -52.1277755326722        49.2712372564712     
 w:  -39.8667944619657        61.3409140416833     
 p:  -144.319472259426        162.638309185575     
 t:   276.583386423529        473.389264421987     
 tabs:   173.181596764032        300.731725750127     
 qv:  4.394486303741844E-116  2.086255240040715E-002
 tke:  0.000000000000000E+000   138.921916823423     
 tk:  0.000000000000000E+000   287.385914864765     
 tkh:  0.000000000000000E+000   287.385914864765     
 qcl:  0.000000000000000E+000  4.518590154304855E-003
 qci:  0.000000000000000E+000  2.288188328134665E-002
 qpl:  0.000000000000000E+000  1.917881960978652E-002
 qpi:  0.000000000000000E+000  0.000000000000000E+000
 qrad(K/day):  -115.572095191246        98.8440171942122     
 shf:  -1.54775795183485        152.896816534568     
 lhf:   10.4867557418996        76.5763264670647     
 uw: -0.200146989305145       0.198695318830117     
 vw: -0.202415205536255       0.199850333078576     
 sst:   300.000000000000        300.000000000000     
 ===========================
 total water budget:
 before (mm):         48.11534516272
 after (mm):          48.11541190955
 evaporation (mm):     0.00036029164
 precipitation (mm):   0.00029354630
 large-scale (mm):     0.00000000000
 Imbalance (mm)       0.00000000149
 evap (mm/day):   1.03763992449036     
 prec (mm/day):  0.845413358322544     
 ls (mm/day):  0.000000000000000E+000
 imbalance (mm/day)  4.288600427750783E-006
  imbalance (rel error):  3.094847499147508E-011
 ===========================
NSTEP =        149   NCYCLE= 18  CFL_adv= 0.477  CFL_sgs= 0.023
NSTEP =        150   NCYCLE= 20  CFL_adv= 0.457  CFL_sgs= 0.023
 Let's do some shortwave
 Range of zenith angles  0.732661695834013       0.732661695834013     
 Range of surface albedo (asdir)  3.383449086658900E-002  3.383449086658900E-002
 Range of surface albedo (aldir)  3.383449086658900E-002  3.383449086658900E-002
 Range of surface albedo (asdif)  6.000000000000000E-002  6.000000000000000E-002
 Range of surface albedo (aldif)  6.000000000000000E-002  6.000000000000000E-002
 radiation: perpetual sun, solin=   310.282738992731     
 longwave radiation is called
NSTEP =        151   NCYCLE= 20  CFL_adv= 0.463  CFL_sgs= 0.024
 Collecting statistics...
 name QCSTRG is missing in "lst" file.
NSTEP =        152   NCYCLE= 21  CFL_adv= 0.470  CFL_sgs= 0.021
 DAY =   5.277777777777778E-002
 NSTEP=         152
 div:  2.597036658257590E-017 -2.098488853222500E-017
 SST=   300.000000000000     
 surface pressure=   1014.80000000000     
 u:  -44.8813832029820        47.4884352367953     
 v:  -46.4371038897328        46.0973322920220     
 w:  -32.1638098576014        70.7529043671714     
 p:  -192.042977702620        271.301207372318     
 t:   274.036257618884        473.345633981346     
 tabs:   173.290622028344        300.169179043110     
 qv:  5.564463662645661E-112  2.074033288246778E-002
 tke:  0.000000000000000E+000   157.293418527211     
 tk:  0.000000000000000E+000   304.913976836167     
 tkh:  0.000000000000000E+000   304.913976836167     
 qcl:  0.000000000000000E+000  3.392389265024877E-003
 qci:  0.000000000000000E+000  2.267777361713175E-002
 qpl:  0.000000000000000E+000  2.031462430604858E-002
 qpi:  0.000000000000000E+000  0.000000000000000E+000
 qrad(K/day):  -176.045306751884        107.797047127590     
 shf:  -1.55257721005991        298.991493333972     
 lhf:   9.21533120951569        145.594111437051     
 uw: -0.305300060942317       0.305210563170313     
 vw: -0.314477166468840       0.314914217850650     
 sst:   300.000000000000        300.000000000000     
 ===========================
 total water budget:
 before (mm):         48.11544158628
 after (mm):          48.11539502533
 evaporation (mm):     0.00035963037
 precipitation (mm):   0.00040619401
 large-scale (mm):     0.00000000000
 Imbalance (mm)       0.00000000269
 evap (mm/day):   1.03573546385636     
 prec (mm/day):   1.16983876241465     
 ls (mm/day):  0.000000000000000E+000
 imbalance (mm/day)  7.757860618125972E-006
  imbalance (rel error):  5.598422369774212E-011
 ===========================
NSTEP =        153   NCYCLE= 23  CFL_adv= 0.469  CFL_sgs= 0.019
NSTEP =        154   NCYCLE= 23  CFL_adv= 0.466  CFL_sgs= 0.021
NSTEP =        155   NCYCLE= 23  CFL_adv= 0.473  CFL_sgs= 0.022
 Collecting statistics...
 name QCSTRG is missing in "lst" file.
NSTEP =        156   NCYCLE= 21  CFL_adv= 0.461  CFL_sgs= 0.022
 DAY =   5.416666666666667E-002
 NSTEP=         156
 div:  2.973581030584625E-017 -2.002356144394065E-017
 SST=   300.000000000000     
 surface pressure=   1014.80000000000     
 u:  -39.1937997961425        46.1167805368192     
 v:  -41.2702671903011        43.4117811486829     
 w:  -27.2677541912615        69.9681271581734     
 p:  -91.9133760776242        226.476829121048     
 t:   270.984045463513        473.483148666435     
 tabs:   172.348557703165        300.149227517937     
 qv:  2.468793710913968E-108  2.021114571481836E-002
 tke:  0.000000000000000E+000   180.681925488015     
 tk:  0.000000000000000E+000   336.044942574665     
 tkh:  0.000000000000000E+000   336.044942574665     
 qcl:  0.000000000000000E+000  3.838573181602123E-003
 qci:  0.000000000000000E+000  2.405430547076040E-002
 qpl:  0.000000000000000E+000  1.912166683279173E-002
 qpi:  0.000000000000000E+000  0.000000000000000E+000
 qrad(K/day):  -176.045306751884        107.797047127590     
 shf:  -1.56393184237090        416.953684058797     
 lhf:   11.1869139529647        278.162695485506     
 uw: -0.323409758595460       0.329970371791844     
 vw: -0.333408029182143       0.335604547065894     
 sst:   300.000000000000        300.000000000000     
 ===========================
 total water budget:
 before (mm):         48.11512976626
 after (mm):          48.11499780142
 evaporation (mm):     0.00035906791
 precipitation (mm):   0.00049103806
 large-scale (mm):     0.00000000000
 Imbalance (mm)       0.00000000532
 evap (mm/day):   1.03411557332521     
 prec (mm/day):   1.41418961958515     
 ls (mm/day):  0.000000000000000E+000
 imbalance (mm/day)  1.531698097075734E-005
  imbalance (rel error):  1.105351430807440E-010
 ===========================
 Let's do some shortwave
 Range of zenith angles  0.732661695834013       0.732661695834013     
 Range of surface albedo (asdir)  3.383449086658900E-002  3.383449086658900E-002
 Range of surface albedo (aldir)  3.383449086658900E-002  3.383449086658900E-002
 Range of surface albedo (asdif)  6.000000000000000E-002  6.000000000000000E-002
 Range of surface albedo (aldif)  6.000000000000000E-002  6.000000000000000E-002
 radiation: perpetual sun, solin=   310.282738990755     
 longwave radiation is called
NSTEP =        157   NCYCLE= 22  CFL_adv= 0.462  CFL_sgs= 0.022
NSTEP =        158   NCYCLE= 21  CFL_adv= 0.471  CFL_sgs= 0.023
NSTEP =        159   NCYCLE= 21  CFL_adv= 0.472  CFL_sgs= 0.025
 Collecting statistics...
 name QCSTRG is missing in "lst" file.
NSTEP =        160   NCYCLE= 20  CFL_adv= 0.477  CFL_sgs= 0.028
 DAY =   5.555555555555555E-002
 NSTEP=         160
 div:  2.739720859670836E-017 -2.356113280529879E-017
 SST=   300.000000000000     
 surface pressure=   1014.80000000000     
 u:  -60.4867718739827        52.0672620062797     
 v:  -41.1495798652299        49.2045241697731     
 w:  -26.2072222482466        57.2776009971368     
 p:  -107.879831755483        259.203804788592     
 t:   270.544791648850        473.371786842998     
 tabs:   168.947961693991        300.146709703099     
 qv:  2.684114450809874E-107  2.008272983456375E-002
 tke:  0.000000000000000E+000   230.997744199957     
 tk:  0.000000000000000E+000   379.965248575410     
 tkh:  0.000000000000000E+000   379.965248575410     
 qcl:  0.000000000000000E+000  4.266951844704996E-003
 qci:  0.000000000000000E+000  2.416112634488525E-002
 qpl:  0.000000000000000E+000  1.964871462920721E-002
 qpi:  0.000000000000000E+000  0.000000000000000E+000
 qrad(K/day):  -125.689879045499        112.994445110427     
 shf:  -1.68734797726941        429.047436097024     
 lhf:   15.9678201513652        399.485151490909     
 uw: -0.357036292002285       0.367924028014596     
 vw: -0.503348322244936       0.493916620934355     
 sst:   300.000000000000        300.000000000000     
 ===========================
 total water budget:
 before (mm):         48.11450025835
 after (mm):          48.11432049725
 evaporation (mm):     0.00035840721
 precipitation (mm):   0.00053817213
 large-scale (mm):     0.00000000000
 Imbalance (mm)       0.00000000382
 evap (mm/day):   1.03221276403460     
 prec (mm/day):   1.54993572307772     
 ls (mm/day):  0.000000000000000E+000
 imbalance (mm/day)  1.100102919478901E-005
  imbalance (rel error):  7.939022423460550E-011
 ===========================
NSTEP =        161   NCYCLE= 18  CFL_adv= 0.474  CFL_sgs= 0.030
NSTEP =        162   NCYCLE= 17  CFL_adv= 0.463  CFL_sgs= 0.031
 Let's do some shortwave
 Range of zenith angles  0.732661695834013       0.732661695834013     
 Range of surface albedo (asdir)  3.383449086658900E-002  3.383449086658900E-002
 Range of surface albedo (aldir)  3.383449086658900E-002  3.383449086658900E-002
 Range of surface albedo (asdif)  6.000000000000000E-002  6.000000000000000E-002
 Range of surface albedo (aldif)  6.000000000000000E-002  6.000000000000000E-002
 radiation: perpetual sun, solin=   310.282738988971     
 longwave radiation is called
NSTEP =        163   NCYCLE= 18  CFL_adv= 0.457  CFL_sgs= 0.028
 Collecting statistics...
 name QCSTRG is missing in "lst" file.
NSTEP =        164   NCYCLE= 18  CFL_adv= 0.458  CFL_sgs= 0.031
 DAY =   5.694444444444444E-002
 NSTEP=         164
 div:  2.527620038056242E-017 -1.851279796448049E-017
 SST=   300.000000000000     
 surface pressure=   1014.80000000000     
 u:  -60.2619496589759        46.7607690936724     
 v:  -51.5377963793367        50.4474514281628     
 w:  -32.1360716499578        57.5978667398384     
 p:  -110.097591411515        176.992337942019     
 t:   270.845315762975        473.430005722438     
 tabs:   172.931386867033        300.135367698532     
 qv:  7.339956964379881E-105  1.996360454397309E-002
 tke:  0.000000000000000E+000   225.902759961908     
 tk:  0.000000000000000E+000   375.751546871324     
 tkh:  0.000000000000000E+000   375.751546871324     
 qcl:  0.000000000000000E+000  3.433533257240131E-003
 qci:  0.000000000000000E+000  2.223062938085862E-002
 qpl:  0.000000000000000E+000  1.937454230167516E-002
 qpi:  0.000000000000000E+000  0.000000000000000E+000
 qrad(K/day):  -148.624658293945        102.841408052794     
 shf:  -1.64008497636464        451.087504293706     
 lhf:   17.2559547234830        274.093430972900     
 uw: -0.257485700513642       0.261763126988983     
 vw: -0.330484254063660       0.324553733369639     
 sst:   300.000000000000        300.000000000000     
 ===========================
 total water budget:
 before (mm):         48.11377432615
 after (mm):          48.11359063120
 evaporation (mm):     0.00035711634
 precipitation (mm):   0.00054081543
 large-scale (mm):     0.00000000000
 Imbalance (mm)       0.00000000415
 evap (mm/day):   1.02849505401636     
 prec (mm/day):   1.55754843655239     
 ls (mm/day):  0.000000000000000E+000
 imbalance (mm/day)  1.193843680975803E-005
  imbalance (rel error):  8.615636570016296E-011
 ===========================
NSTEP =        165   NCYCLE= 19  CFL_adv= 0.459  CFL_sgs= 0.028
NSTEP =        166   NCYCLE= 19  CFL_adv= 0.477  CFL_sgs= 0.024
NSTEP =        167   NCYCLE= 20  CFL_adv= 0.459  CFL_sgs= 0.021
 Collecting statistics...
 name QCSTRG is missing in "lst" file.
NSTEP =        168   NCYCLE= 20  CFL_adv= 0.471  CFL_sgs= 0.023
 DAY =   5.833333333333333E-002
 NSTEP=         168
 div:  2.198966725543574E-017 -1.293773300926311E-017
 SST=   300.000000000000     
 surface pressure=   1014.80000000000     
 u:  -54.7594880945504        44.5422437644475     
 v:  -47.8991117921453        48.0456554121987     
 w:  -27.9526799207454        59.6850337168052     
 p:  -118.191020947253        152.277813605332     
 t:   272.058272095584        473.572311313350     
 tabs:   176.764854408938        300.215819167532     
 qv:  3.565020760521320E-102  1.989723403991004E-002
 tke:  0.000000000000000E+000   137.493955957649     
 tk:  0.000000000000000E+000   293.144541947365     
 tkh:  0.000000000000000E+000   293.144541947365     
 qcl:  0.000000000000000E+000  3.451719623142980E-003
 qci:  0.000000000000000E+000  2.330300229670060E-002
 qpl:  0.000000000000000E+000  1.657647852511565E-002
 qpi:  0.000000000000000E+000  0.000000000000000E+000
 qrad(K/day):  -148.624658293945        102.841408052794     
 shf:  -1.27316691261558        506.763827850141     
 lhf:   15.9749673460288        281.797714414390     
 uw: -0.236327515338520       0.235131604450745     
 vw: -0.503945541650676       0.555144673233514     
 sst:   300.000000000000        300.000000000000     
 ===========================
 total water budget:
 before (mm):         48.11303543164
 after (mm):          48.11284718635
 evaporation (mm):     0.00035549521
 precipitation (mm):   0.00054374258
 large-scale (mm):     0.00000000000
 Imbalance (mm)       0.00000000209
 evap (mm/day):   1.02382619587274     
 prec (mm/day):   1.56597864317853     
 ls (mm/day):  0.000000000000000E+000
 imbalance (mm/day)  6.030099869436256E-006
  imbalance (rel error):  4.351805636520804E-011
 ===========================
 Let's do some shortwave
 Range of zenith angles  0.732661695834013       0.732661695834013     
 Range of surface albedo (asdir)  3.383449086658900E-002  3.383449086658900E-002
 Range of surface albedo (aldir)  3.383449086658900E-002  3.383449086658900E-002
 Range of surface albedo (asdif)  6.000000000000000E-002  6.000000000000000E-002
 Range of surface albedo (aldif)  6.000000000000000E-002  6.000000000000000E-002
 radiation: perpetual sun, solin=   310.282738985664     
 longwave radiation is called
NSTEP =        169   NCYCLE= 20  CFL_adv= 0.476  CFL_sgs= 0.024
NSTEP =        170   NCYCLE= 19  CFL_adv= 0.464  CFL_sgs= 0.025
NSTEP =        171   NCYCLE= 20  CFL_adv= 0.458  CFL_sgs= 0.022
 Collecting statistics...
 name QCSTRG is missing in "lst" file.
NSTEP =        172   NCYCLE= 18  CFL_adv= 0.473  CFL_sgs= 0.026
 DAY =   5.972222222222223E-002
 NSTEP=         172
 div:  2.549745751761969E-017 -1.719969308992135E-017
 SST=   300.000000000000     
 surface pressure=   1014.80000000000     
 u:  -52.2161212916886        46.9353117397780     
 v:  -53.7102765076732        46.6562015883519     
 w:  -38.4669278666297        56.2481837464147     
 p:  -174.310183535252        201.731388727293     
 t:   274.187296117631        473.440510386154     
 tabs:   177.554541224591        300.165142410561     
 qv:  4.572289935074261E-101  1.984669107808497E-002
 tke:  0.000000000000000E+000   164.196199728028     
 tk:  0.000000000000000E+000   320.347662438822     
 tkh:  0.000000000000000E+000   320.347662438822     
 qcl:  0.000000000000000E+000  3.566960136867251E-003
 qci:  0.000000000000000E+000  2.349649037856559E-002
 qpl:  0.000000000000000E+000  1.605639074699205E-002
 qpi:  0.000000000000000E+000  0.000000000000000E+000
 qrad(K/day):  -148.892811486688        99.1363397986438     
 shf: -0.939494194827680        452.679488957587     
 lhf:   14.9018111566763        239.127141622296     
 uw: -0.263215483525270       0.270063685742975     
 vw: -0.334893317796819       0.319890966388616     
 sst:   300.000000000000        300.000000000000     
 ===========================
 total water budget:
 before (mm):         48.11229527907
 after (mm):          48.11211776093
 evaporation (mm):     0.00035355560
 precipitation (mm):   0.00053107436
 large-scale (mm):     0.00000000000
 Imbalance (mm)       0.00000000061
 evap (mm/day):   1.01824014003533     
 prec (mm/day):   1.52949414320479     
 ls (mm/day):  0.000000000000000E+000
 imbalance (mm/day)  1.760728855215721E-006
  imbalance (rel error):  1.270709353806792E-011
 ===========================
NSTEP =        173   NCYCLE= 19  CFL_adv= 0.476  CFL_sgs= 0.024
NSTEP =        174   NCYCLE= 18  CFL_adv= 0.477  CFL_sgs= 0.027
 Let's do some shortwave
 Range of zenith angles  0.732661695834013       0.732661695834013     
 Range of surface albedo (asdir)  3.383449086658900E-002  3.383449086658900E-002
 Range of surface albedo (aldir)  3.383449086658900E-002  3.383449086658900E-002
 Range of surface albedo (asdif)  6.000000000000000E-002  6.000000000000000E-002
 Range of surface albedo (aldif)  6.000000000000000E-002  6.000000000000000E-002
 radiation: perpetual sun, solin=   310.282738979267     
 longwave radiation is called
NSTEP =        175   NCYCLE= 18  CFL_adv= 0.453  CFL_sgs= 0.025
 Collecting statistics...
 name QCSTRG is missing in "lst" file.
NSTEP =        176   NCYCLE= 19  CFL_adv= 0.459  CFL_sgs= 0.023
 DAY =   6.111111111111111E-002
 NSTEP=         176
 div:  2.271542482423485E-017 -2.063059069678409E-017
 SST=   300.000000000000     
 surface pressure=   1014.80000000000     
 u:  -49.8655316564144        48.1886223692571     
 v:  -46.8123774486926        47.3662661766399     
 w:  -33.2012645703088        59.8776953477938     
 p:  -234.579479170583        251.785889769982     
 t:   275.391142702440        473.373006393995     
 tabs:   172.700039055264        300.076646484362     
 qv:  2.189047125835855E-099  1.981232280643543E-002
 tke:  0.000000000000000E+000   154.698674020800     
 tk:  0.000000000000000E+000   310.944804206470     
 tkh:  0.000000000000000E+000   310.944804206470     
 qcl:  0.000000000000000E+000  4.012912309758048E-003
 qci:  0.000000000000000E+000  2.129118039544168E-002
 qpl:  0.000000000000000E+000  1.727789405747885E-002
 qpi:  0.000000000000000E+000  0.000000000000000E+000
 qrad(K/day):  -137.344461106642        104.677642058698     
 shf: -0.983647209881733        379.825476272705     
 lhf:   14.8162316860502        221.926286382330     
 uw: -0.207877340680838       0.217453190646599     
 vw: -0.284506754566986       0.277951856496258     
 sst:   300.000000000000        300.000000000000     
 ===========================
 total water budget:
 before (mm):         48.11163125142
 after (mm):          48.11149880477
 evaporation (mm):     0.00035152956
 precipitation (mm):   0.00048398204
 large-scale (mm):     0.00000000000
 Imbalance (mm)       0.00000000582
 evap (mm/day):   1.01240513883855     
 prec (mm/day):   1.39386826522094     
 ls (mm/day):  0.000000000000000E+000
 imbalance (mm/day)  1.676141002961845E-005
  imbalance (rel error):  1.209676460083428E-010
 ===========================
NSTEP =        177   NCYCLE= 20  CFL_adv= 0.461  CFL_sgs= 0.022
NSTEP =        178   NCYCLE= 19  CFL_adv= 0.480  CFL_sgs= 0.022
NSTEP =        179   NCYCLE= 20  CFL_adv= 0.469  CFL_sgs= 0.024
 Collecting statistics...
 name QCSTRG is missing in "lst" file.
 Writting statistics:nstatsteps=          15
 --------------- ISCCP Simulator Diagnostics: -----------------
 ISCCP PDF:
            0.0       0.3       1.3       3.6       9.4      23.0      60.0
    0.     0.000     0.000     0.000     0.000     0.000     0.000     0.000
  180.     0.000     0.000     0.000     0.000     0.000     0.000     0.000
  310.     0.000     0.000     0.000     0.000     0.000     0.000     0.000
  440.     0.000     0.000     0.000     0.000     0.000     0.000     0.000
  560.     0.000     0.000     0.000     0.000     0.000     0.000     0.000
  680.     0.000     0.000     0.000     0.000     0.000     0.000     0.000
  800.     0.000     0.000     0.000     0.000     0.000     0.000     0.000
 low cld area (tau > 0.3)=  0.000000000000000E+000
 mid cld area (tau > 0.3)=  0.000000000000000E+000
 hgh cld area (tau > 0.3)=  0.000000000000000E+000
 total cld area (tau > 0.3)=  0.000000000000000E+000
 mean albedo cld (tau > 0.3)   -1.00000000000000     
 mean tau cld (tau > 0.3)   -1.00000000000000     
 mean top pressure (tau > 0.3)  -1.00000000000000     
 mean brightness temp (tau > 0.3)  -1.00000000000000     
 mean clearsky brightness temp (tau > 0.3)  -1.00000000000000     
 --------------- MODIS Simulator Diagnostics: -----------------
 MODIS PDF:
                      0.3       1.3       3.6       9.4      23.0      60.0
    0.               0.000     0.000     0.000     0.000     0.000     0.000
  180.               0.000     0.000     0.000     0.000     0.000     0.000
  310.               0.000     0.000     0.000     0.000     0.000     0.000
  440.               0.000     0.000     0.000     0.000     0.000     0.000
  560.               0.000     0.000     0.000     0.000     0.000     0.000
  680.               0.000     0.000     0.000     0.000     0.000     0.000
  800.               0.000     0.000     0.000     0.000     0.000     0.000
 low cld area =  0.000000000000000E+000
 mid cld area =  0.000000000000000E+000
 hgh cld area =  0.000000000000000E+000
 total cld area =  0.000000000000000E+000
 mean tau cld   -1.00000000000000     
 mean top pressure   -1.00000000000000     
 total cld area (liquid) =  0.000000000000000E+000
 total cld area (ice) =  0.000000000000000E+000
 mean tau (liquid) =  -1.00000000000000     
 mean tau (ice) =  0.000000000000000E+000
 mean lwp (g/m2) =  -1.00000000000000     
 mean iwp (g/m2) =  0.000000000000000E+000
 mean reff (liquid)  =  -1.00000000000000     
 mean reff (ice)  =  0.000000000000000E+000
 --------------- MISR Simulator Diagnostics: -----------------
 MISR PDF:
            0.0       0.3       1.3       3.6       9.4      23.0      60.0
 99.00     0.000     0.000     0.000     0.000     0.000     0.000     0.000
 17.00     0.000     0.000     0.000     0.000     0.000     0.000     0.000
 15.00     0.000     0.000     0.000     0.000     0.000     0.000     0.000
 13.00     0.000     0.000     0.000     0.000     0.000     0.000     0.000
 11.00     0.000     0.000     0.000     0.000     0.000     0.000     0.000
  9.00     0.000     0.000     0.000     0.000     0.000     0.000     0.000
  7.00     0.000     0.000     0.000     0.000     0.000     0.000     0.000
  5.00     0.000     0.000     0.000     0.000     0.000     0.000     0.000
  4.00     0.000     0.000     0.000     0.000     0.000     0.000     0.000
  3.00     0.000     0.000     0.000     0.000     0.000     0.000     0.000
  2.50     0.000     0.000     0.000     0.000     0.000     0.000     0.000
  2.00     0.000     0.000     0.000     0.000     0.000     0.000     0.000
  1.50     0.000     0.000     0.000     0.000     0.000     0.000     0.000
  1.00     0.000     0.000     0.000     0.000     0.000     0.000     0.000
  0.50     0.000     0.000     0.000     0.000     0.000     0.000     0.000
  0.00     0.000     0.000     0.000     0.000     0.000     0.000     0.000
 total cld area =  0.000000000000000E+000
 mean top height (m)  0.000000000000000E+000
 Writting history file 
 rcemip300sst_160_MaxIce20_dry3km90perc                                         
  
NSTEP =        180   NCYCLE= 21  CFL_adv= 0.474  CFL_sgs= 0.021
 DAY =   6.250000000000000E-002
 NSTEP=         180
 div:  3.130031406480066E-017 -2.290484209038203E-017
 SST=   300.000000000000     
 surface pressure=   1014.80000000000     
 u:  -49.1252983810069        54.3090263801080     
 v:  -51.1431637300783        55.0117913884007     
 w:  -30.2248815833556        69.5895582262066     
 p:  -246.577144898528        180.693568690206     
 t:   276.161547957124        473.554861723828     
 tabs:   173.945233184871        300.211240383537     
 qv:  2.552233142417405E-098  1.971110143741553E-002
 tke:  0.000000000000000E+000   152.112479515250     
 tk:  0.000000000000000E+000   308.334720226301     
 tkh:  0.000000000000000E+000   308.334720226301     
 qcl:  0.000000000000000E+000  4.727983420511084E-003
 qci:  0.000000000000000E+000  2.266930164728344E-002
 qpl:  0.000000000000000E+000  1.791375048167500E-002
 qpi:  0.000000000000000E+000  0.000000000000000E+000
 qrad(K/day):  -137.344461106642        104.677642058698     
 shf: -0.959128746181029        329.370028480944     
 lhf:   15.5285315762381        213.310422185175     
 uw: -0.218552144991764       0.251306633000675     
 vw: -0.260524325146036       0.306025305621141     
 sst:   300.000000000000        300.000000000000     
 ===========================
 total water budget:
 before (mm):         48.11119658354
 after (mm):          48.11112134575
 evaporation (mm):     0.00034927230
 precipitation (mm):   0.00042451637
 large-scale (mm):     0.00000000000
 Imbalance (mm)       0.00000000627
 evap (mm/day):   1.00590422712528     
 prec (mm/day):   1.22260713998693     
 ls (mm/day):  0.000000000000000E+000
 imbalance (mm/day)  1.806448318134382E-005
  imbalance (rel error):  1.303729133461641E-010
 ===========================
CPU TIME =     816.0608 OVER     0.50 MODEL HOURS
 Let's do some shortwave
 Range of zenith angles  0.732661695834013       0.732661695834013     
 Range of surface albedo (asdir)  3.383449086658900E-002  3.383449086658900E-002
 Range of surface albedo (aldir)  3.383449086658900E-002  3.383449086658900E-002
 Range of surface albedo (asdif)  6.000000000000000E-002  6.000000000000000E-002
 Range of surface albedo (aldif)  6.000000000000000E-002  6.000000000000000E-002
 radiation: perpetual sun, solin=   310.282738969311     
 longwave radiation is called
NSTEP =        181   NCYCLE= 22  CFL_adv= 0.467  CFL_sgs= 0.020
NSTEP =        182   NCYCLE= 22  CFL_adv= 0.464  CFL_sgs= 0.019
NSTEP =        183   NCYCLE= 22  CFL_adv= 0.466  CFL_sgs= 0.021
 Collecting statistics...
 name QCSTRG is missing in "lst" file.
NSTEP =        184   NCYCLE= 21  CFL_adv= 0.472  CFL_sgs= 0.022
 DAY =   6.388888888888888E-002
 NSTEP=         184
 div:  1.524554111172889E-017 -1.544879187738712E-017
 SST=   300.000000000000     
 surface pressure=   1014.80000000000     
 u:  -53.9004594847751        54.0841040543514     
 v:  -53.2605031376234        56.1077368895887     
 w:  -34.7135936834815        62.7429334675984     
 p:  -166.959189846526        181.893603918652     
 t:   276.913929502700        473.384174617087     
 tabs:   173.624593504411        300.286273120882     
 qv:  2.635939104726620E-097  1.967031925400145E-002
 tke:  0.000000000000000E+000   174.168503582997     
 tk:  0.000000000000000E+000   329.932288112839     
 tkh:  0.000000000000000E+000   329.932288112839     
 qcl:  0.000000000000000E+000  4.086560976755390E-003
 qci:  0.000000000000000E+000  2.284147016458468E-002
 qpl:  0.000000000000000E+000  1.726003953382661E-002
 qpi:  0.000000000000000E+000  0.000000000000000E+000
 qrad(K/day):  -126.292092236679        96.2441153561194     
 shf: -0.658628693664040        321.363429803683     
 lhf:   16.3121445856194        211.923372316302     
 uw: -0.329260135594765       0.323196067928763     
 vw: -0.305775726096587       0.345454240604115     
 sst:   300.000000000000        300.000000000000     
 ===========================
 total water budget:
 before (mm):         48.11095955664
 after (mm):          48.11092828470
 evaporation (mm):     0.00034703008
 precipitation (mm):   0.00037830202
 large-scale (mm):     0.00000000000
 Imbalance (mm)      -0.00000000000
 evap (mm/day):  0.999446617602651     
 prec (mm/day):   1.08950981353099     
 ls (mm/day):  0.000000000000000E+000
 imbalance (mm/day) -1.784915965030720E-011
  imbalance (rel error): -1.476884277841113E-016
 ===========================
NSTEP =        185   NCYCLE= 21  CFL_adv= 0.463  CFL_sgs= 0.023
NSTEP =        186   NCYCLE= 21  CFL_adv= 0.460  CFL_sgs= 0.022
 Let's do some shortwave
 Range of zenith angles  0.732661695834013       0.732661695834013     
 Range of surface albedo (asdir)  3.383449086658900E-002  3.383449086658900E-002
 Range of surface albedo (aldir)  3.383449086658900E-002  3.383449086658900E-002
 Range of surface albedo (asdif)  6.000000000000000E-002  6.000000000000000E-002
 Range of surface albedo (aldif)  6.000000000000000E-002  6.000000000000000E-002
 radiation: perpetual sun, solin=   310.282738956428     
 longwave radiation is called
NSTEP =        187   NCYCLE= 20  CFL_adv= 0.463  CFL_sgs= 0.021
 Collecting statistics...
 name QCSTRG is missing in "lst" file.
NSTEP =        188   NCYCLE= 19  CFL_adv= 0.467  CFL_sgs= 0.022
 DAY =   6.527777777777778E-002
 NSTEP=         188
 div:  2.191780017087204E-017 -1.890180130300490E-017
 SST=   300.000000000000     
 surface pressure=   1014.80000000000     
 u:  -47.7111185098128        42.9959839434173     
 v:  -41.4156513297879        40.4405176333673     
 w:  -43.9480089334154        53.0955278020021     
 p:  -188.489410341875        187.129219063996     
 t:   277.114211972887        473.421199334761     
 tabs:   175.997481913188        300.240203205818     
 qv:  3.460157616470001E-096  1.964074862579777E-002
 tke:  0.000000000000000E+000   136.301172042279     
 tk:  0.000000000000000E+000   268.815296965492     
 tkh:  0.000000000000000E+000   268.815296965492     
 qcl:  0.000000000000000E+000  4.722968053945232E-003
 qci:  0.000000000000000E+000  1.899832660725137E-002
 qpl:  0.000000000000000E+000  1.696698741030281E-002
 qpi:  0.000000000000000E+000  0.000000000000000E+000
 qrad(K/day):  -119.686661120422        100.269443944103     
 shf: -0.588518192019214        333.385796839753     
 lhf:   16.0895500362553        213.433981851158     
 uw: -0.314804085074646       0.307552955118351     
 vw: -0.373956802487567       0.333460722435168     
 sst:   300.000000000000        300.000000000000     
 ===========================
 total water budget:
 before (mm):         48.11086976088
 after (mm):          48.11084830545
 evaporation (mm):     0.00034520941
 precipitation (mm):   0.00036666544
 large-scale (mm):     0.00000000000
 Imbalance (mm)       0.00000000060
 evap (mm/day):  0.994203111427794     
 prec (mm/day):   1.05599648021978     
 ls (mm/day):  0.000000000000000E+000
 imbalance (mm/day)  1.717536397168040E-006
  imbalance (rel error):  1.239580572747179E-011
 ===========================
NSTEP =        189   NCYCLE= 19  CFL_adv= 0.457  CFL_sgs= 0.020
NSTEP =        190   NCYCLE= 17  CFL_adv= 0.477  CFL_sgs= 0.023
NSTEP =        191   NCYCLE= 18  CFL_adv= 0.470  CFL_sgs= 0.025
 Collecting statistics...
 name QCSTRG is missing in "lst" file.
NSTEP =        192   NCYCLE= 17  CFL_adv= 0.473  CFL_sgs= 0.026
 DAY =   6.666666666666667E-002
 NSTEP=         192
 div:  2.928680756077522E-017 -2.686468364653479E-017
 SST=   300.000000000000     
 surface pressure=   1014.80000000000     
 u:  -40.2144372079035        37.6568479819906     
 v:  -34.6590300013362        33.7639129001908     
 w:  -35.5995993409063        52.8693272033205     
 p:  -167.495956216950        185.143036028714     
 t:   274.725469793150        473.430007813373     
 tabs:   181.919576491749        300.135712095626     
 qv:  1.240817280491840E-094  1.956638208605126E-002
 tke:  0.000000000000000E+000   126.032493359177     
 tk:  0.000000000000000E+000   280.660485906879     
 tkh:  0.000000000000000E+000   280.660485906879     
 qcl:  0.000000000000000E+000  4.595946427133913E-003
 qci:  0.000000000000000E+000  2.001426719346786E-002
 qpl:  0.000000000000000E+000  1.578401956479333E-002
 qpi:  0.000000000000000E+000  0.000000000000000E+000
 qrad(K/day):  -119.686661120422        100.269443944103     
 shf:  -2.06715535640617        403.317066917366     
 lhf:   15.6857602509625        209.696472715826     
 uw: -0.341365815014622       0.359014106446723     
 vw: -0.421305937647661       0.386726361521302     
 sst:   300.000000000000        300.000000000000     
 ===========================
 total water budget:
 before (mm):         48.11075428947
 after (mm):          48.11071310849
 evaporation (mm):     0.00034431521
 precipitation (mm):   0.00038553580
 large-scale (mm):     0.00000000000
 Imbalance (mm)       0.00000003961
 evap (mm/day):  0.991627814329021     
 prec (mm/day):   1.11034310377054     
 ls (mm/day):  0.000000000000000E+000
 imbalance (mm/day)  1.140646925164475E-004
  imbalance (rel error):  8.232219320986908E-010
 ===========================
 Let's do some shortwave
 Range of zenith angles  0.732661695834013       0.732661695834013     
 Range of surface albedo (asdir)  3.383449086658900E-002  3.383449086658900E-002
 Range of surface albedo (aldir)  3.383449086658900E-002  3.383449086658900E-002
 Range of surface albedo (asdif)  6.000000000000000E-002  6.000000000000000E-002
 Range of surface albedo (aldif)  6.000000000000000E-002  6.000000000000000E-002
 radiation: perpetual sun, solin=   310.282738942135     
 longwave radiation is called
NSTEP =        193   NCYCLE= 17  CFL_adv= 0.465  CFL_sgs= 0.024
NSTEP =        194   NCYCLE= 17  CFL_adv= 0.459  CFL_sgs= 0.023
NSTEP =        195   NCYCLE= 16  CFL_adv= 0.450  CFL_sgs= 0.027
 Collecting statistics...
 name QCSTRG is missing in "lst" file.
NSTEP =        196   NCYCLE= 15  CFL_adv= 0.464  CFL_sgs= 0.028
 DAY =   6.805555555555555E-002
 NSTEP=         196
 div:  3.286836007861383E-017 -3.054352926064656E-017
 SST=   300.000000000000     
 surface pressure=   1014.80000000000     
 u:  -32.6669504840675        30.2512983865229     
 v:  -30.1523377023152        28.8505422013411     
 w:  -28.2693802083030        49.0979982630440     
 p:  -87.5001001254077        180.937725237297     
 t:   275.231934791871        473.476309059783     
 tabs:   183.315023574192        300.427365382115     
 qv:  2.932296370154735E-091  1.957198949824908E-002
 tke:  0.000000000000000E+000   91.5597822947258     
 tk:  0.000000000000000E+000   239.217189880250     
 tkh:  0.000000000000000E+000   239.217189880250     
 qcl:  0.000000000000000E+000  5.114528917673763E-003
 qci:  0.000000000000000E+000  1.706280511124017E-002
 qpl:  0.000000000000000E+000  1.398542893111696E-002
 qpi:  0.000000000000000E+000  0.000000000000000E+000
 qrad(K/day):  -128.141636821119        106.070582102188     
 shf:  -1.28448668869699        432.329690333211     
 lhf:   15.7389203044826        393.518525499187     
 uw: -0.279851952775826       0.400124045076484     
 vw: -0.668160620624306       0.688494984906413     
 sst:   300.000000000000        300.000000000000     
 ===========================
 total water budget:
 before (mm):         48.11057266292
 after (mm):          48.11052393161
 evaporation (mm):     0.00034396045
 precipitation (mm):   0.00039269206
 large-scale (mm):     0.00000000000
 Imbalance (mm)       0.00000000030
 evap (mm/day):  0.990606109173022     
 prec (mm/day):   1.13095311924603     
 ls (mm/day):  0.000000000000000E+000
 imbalance (mm/day)  8.616178697080923E-007
  imbalance (rel error):  6.218473515629167E-012
 ===========================
NSTEP =        197   NCYCLE= 16  CFL_adv= 0.459  CFL_sgs= 0.024
NSTEP =        198   NCYCLE= 15  CFL_adv= 0.470  CFL_sgs= 0.023
 Let's do some shortwave
 Range of zenith angles  0.732661695834013       0.732661695834013     
 Range of surface albedo (asdir)  3.383449086658900E-002  3.383449086658900E-002
 Range of surface albedo (aldir)  3.383449086658900E-002  3.383449086658900E-002
 Range of surface albedo (asdif)  6.000000000000000E-002  6.000000000000000E-002
 Range of surface albedo (aldif)  6.000000000000000E-002  6.000000000000000E-002
 radiation: perpetual sun, solin=   310.282738927934     
 longwave radiation is called
NSTEP =        199   NCYCLE= 15  CFL_adv= 0.459  CFL_sgs= 0.021
 Collecting statistics...
 name QCSTRG is missing in "lst" file.
NSTEP =        200   NCYCLE= 14  CFL_adv= 0.473  CFL_sgs= 0.023
 DAY =   6.944444444444445E-002
 NSTEP=         200
 div:  2.627187614809224E-017 -3.443070808951886E-017
 SST=   300.000000000000     
 surface pressure=   1014.80000000000     
 u:  -30.1780853778570        25.8832945029946     
 v:  -33.5248638521289        30.7079096561138     
 w:  -23.9988076549926        40.1716687519757     
 p:  -106.806513011367        165.696885423907     
 t:   275.670445372753        473.432110241264     
 tabs:   186.142882929397        300.572110705492     
 qv:  2.606852155668152E-088  1.959205864968118E-002
 tke:  0.000000000000000E+000   77.7669657436734     
 tk:  0.000000000000000E+000   220.463950771540     
 tkh:  0.000000000000000E+000   220.463950771540     
 qcl:  0.000000000000000E+000  5.122056140313440E-003
 qci:  0.000000000000000E+000  2.008446720955502E-002
 qpl:  0.000000000000000E+000  1.126201337116888E-002
 qpi:  0.000000000000000E+000  0.000000000000000E+000
 qrad(K/day):  -118.371205090119        107.863638506789     
 shf:  -1.08387244947672        343.227589324730     
 lhf:   15.9509227992145        463.951445070250     
 uw: -0.273573173573356       0.333872889654112     
 vw: -0.518441998405905       0.631127500634375     
 sst:   300.000000000000        300.000000000000     
 ===========================
 total water budget:
 before (mm):         48.11037961366
 after (mm):          48.11033632781
 evaporation (mm):     0.00034377141
 precipitation (mm):   0.00038705832
 large-scale (mm):     0.00000000000
 Imbalance (mm)       0.00000000106
 evap (mm/day):  0.990061647597678     
 prec (mm/day):   1.11472795393013     
 ls (mm/day):  0.000000000000000E+000
 imbalance (mm/day)  3.060344548090621E-006
  imbalance (rel error):  2.208707613450820E-011
 ===========================
NSTEP =        201   NCYCLE= 14  CFL_adv= 0.463  CFL_sgs= 0.025
NSTEP =        202   NCYCLE= 13  CFL_adv= 0.446  CFL_sgs= 0.029
NSTEP =        203   NCYCLE= 11  CFL_adv= 0.477  CFL_sgs= 0.033
 Collecting statistics...
 name QCSTRG is missing in "lst" file.
NSTEP =        204   NCYCLE= 11  CFL_adv= 0.441  CFL_sgs= 0.032
 DAY =   7.083333333333333E-002
 NSTEP=         204
 div:  4.485688012303373E-017 -4.721348839480350E-017
 SST=   300.000000000000     
 surface pressure=   1014.80000000000     
 u:  -25.6076612877556        23.4822738340068     
 v:  -21.1333545922191        25.3667292562806     
 w:  -29.2187676769855        29.1784990544068     
 p:  -95.8782966808826        143.596395236860     
 t:   276.662833153485        473.485543165814     
 tabs:   193.121056845003        300.638842431799     
 qv:  4.074198253324989E-087  1.962349917780086E-002
 tke:  0.000000000000000E+000   49.0230170550234     
 tk:  0.000000000000000E+000   175.041097058347     
 tkh:  0.000000000000000E+000   175.041097058347     
 qcl:  0.000000000000000E+000  3.088197547656671E-003
 qci:  0.000000000000000E+000  1.779358543877272E-002
 qpl:  0.000000000000000E+000  9.229828906421780E-003
 qpi:  0.000000000000000E+000  0.000000000000000E+000
 qrad(K/day):  -118.371205090119        107.863638506789     
 shf:  -6.03314051723178        314.251719226479     
 lhf:   16.5377768593351        394.115426237655     
 uw: -0.401433216953544       0.688593801889363     
 vw: -0.310379681101847       0.346479584050542     
 sst:   300.000000000000        300.000000000000     
 ===========================
 total water budget:
 before (mm):         48.11020170489
 after (mm):          48.11014972609
 evaporation (mm):     0.00034339422
 precipitation (mm):   0.00039537343
 large-scale (mm):     0.00000000000
 Imbalance (mm)       0.00000000041
 evap (mm/day):  0.988975347154799     
 prec (mm/day):   1.13867547085473     
 ls (mm/day):  0.000000000000000E+000
 imbalance (mm/day)  1.180185406433193E-006
  imbalance (rel error):  8.517624844250582E-012
 ===========================
 Let's do some shortwave
 Range of zenith angles  0.732661695834013       0.732661695834013     
 Range of surface albedo (asdir)  3.383449086658900E-002  3.383449086658900E-002
 Range of surface albedo (aldir)  3.383449086658900E-002  3.383449086658900E-002
 Range of surface albedo (asdif)  6.000000000000000E-002  6.000000000000000E-002
 Range of surface albedo (aldif)  6.000000000000000E-002  6.000000000000000E-002
 radiation: perpetual sun, solin=   310.282738914586     
 longwave radiation is called
NSTEP =        205   NCYCLE= 11  CFL_adv= 0.443  CFL_sgs= 0.032
NSTEP =        206   NCYCLE=  9  CFL_adv= 0.464  CFL_sgs= 0.039
NSTEP =        207   NCYCLE=  9  CFL_adv= 0.470  CFL_sgs= 0.040
 Collecting statistics...
 name QCSTRG is missing in "lst" file.
NSTEP =        208   NCYCLE=  9  CFL_adv= 0.451  CFL_sgs= 0.040
 DAY =   7.222222222222222E-002
 NSTEP=         208
 div:  4.184827978764959E-017 -7.322662837490830E-017
 SST=   300.000000000000     
 surface pressure=   1014.80000000000     
 u:  -18.6726574770619        18.7216118230183     
 v:  -18.9317620462826        19.9499950107853     
 w:  -24.4495034289449        23.4892353790530     
 p:  -86.5121112892834        115.774851958052     
 t:   278.895623114172        473.474198689799     
 tabs:   195.979899777534        300.595113623707     
 qv:  7.805097754339433E-087  1.956684757677239E-002
 tke:  0.000000000000000E+000   37.0983288562791     
 tk:  0.000000000000000E+000   152.270993741994     
 tkh:  0.000000000000000E+000   152.270993741994     
 qcl:  0.000000000000000E+000  2.919138640321783E-003
 qci:  0.000000000000000E+000  1.574110178436400E-002
 qpl:  0.000000000000000E+000  8.668116348408531E-003
 qpi:  0.000000000000000E+000  0.000000000000000E+000
 qrad(K/day):  -112.962465925560        98.7646462541939     
 shf:  -7.75767887692073        231.747203443321     
 lhf:   16.9164918295410        379.332835768782     
 uw: -0.316551266954569       0.269493243543108     
 vw: -0.276476513814050       0.295520787841484     
 sst:   300.000000000000        300.000000000000     
 ===========================
 total water budget:
 before (mm):         48.10998467787
 after (mm):          48.10993510174
 evaporation (mm):     0.00034254215
 precipitation (mm):   0.00039211857
 large-scale (mm):     0.00000000000
 Imbalance (mm)       0.00000000030
 evap (mm/day):  0.986521384405634     
 prec (mm/day):   1.12930148836688     
 ls (mm/day):  0.000000000000000E+000
 imbalance (mm/day)  8.512510765029680E-007
  imbalance (rel error):  6.143670046455238E-012
 ===========================
NSTEP =        209   NCYCLE=  9  CFL_adv= 0.454  CFL_sgs= 0.039
NSTEP =        210   NCYCLE=  9  CFL_adv= 0.463  CFL_sgs= 0.039
 Let's do some shortwave
 Range of zenith angles  0.732661695834013       0.732661695834013     
 Range of surface albedo (asdir)  3.383449086658900E-002  3.383449086658900E-002
 Range of surface albedo (aldir)  3.383449086658900E-002  3.383449086658900E-002
 Range of surface albedo (asdif)  6.000000000000000E-002  6.000000000000000E-002
 Range of surface albedo (aldif)  6.000000000000000E-002  6.000000000000000E-002
 radiation: perpetual sun, solin=   310.282738902307     
 longwave radiation is called
NSTEP =        211   NCYCLE=  9  CFL_adv= 0.428  CFL_sgs= 0.040
 Collecting statistics...
 name QCSTRG is missing in "lst" file.
NSTEP =        212   NCYCLE=  7  CFL_adv= 0.463  CFL_sgs= 0.059
 DAY =   7.361111111111111E-002
 NSTEP=         212
 div:  7.707953857240985E-017 -8.714881230817737E-017
 SST=   300.000000000000     
 surface pressure=   1014.80000000000     
 u:  -19.2454746941052        24.1808801475435     
 v:  -17.5883405021604        20.9255083003409     
 w:  -18.5831577327427        23.0348551234993     
 p:  -79.6301023652999        107.246295198369     
 t:   285.695573983441        473.485488120727     
 tabs:   195.999121078209        300.832974657918     
 qv:  1.453176543450787E-086  1.960876834509720E-002
 tke:  0.000000000000000E+000   30.0048841235912     
 tk:  0.000000000000000E+000   136.941785358759     
 tkh:  0.000000000000000E+000   136.941785358759     
 qcl:  0.000000000000000E+000  2.598710187665936E-003
 qci:  0.000000000000000E+000  1.607878953443552E-002
 qpl:  0.000000000000000E+000  8.243486097376889E-003
 qpi:  0.000000000000000E+000  0.000000000000000E+000
 qrad(K/day):  -118.074347172184        103.140967268661     
 shf:  -7.40631891206034        144.056405201041     
 lhf:   17.2524485176629        289.139461038832     
 uw: -0.184833981812590       0.212789460642612     
 vw: -0.281559927149710       0.322937680069203     
 sst:   300.000000000000        300.000000000000     
 ===========================
 total water budget:
 before (mm):         48.10978617355
 after (mm):          48.10971497617
 evaporation (mm):     0.00034146405
 precipitation (mm):   0.00041266186
 large-scale (mm):     0.00000000000
 Imbalance (mm)       0.00000000042
 evap (mm/day):  0.983416471899332     
 prec (mm/day):   1.18846615746454     
 ls (mm/day):  0.000000000000000E+000
 imbalance (mm/day)  1.205926997947804E-006
  imbalance (rel error):  8.703498542672068E-012
 ===========================
NSTEP =        213   NCYCLE=  8  CFL_adv= 0.429  CFL_sgs= 0.044
NSTEP =        214   NCYCLE=  7  CFL_adv= 0.474  CFL_sgs= 0.042
NSTEP =        215   NCYCLE=  7  CFL_adv= 0.479  CFL_sgs= 0.042
 Collecting statistics...
 name QCSTRG is missing in "lst" file.
NSTEP =        216   NCYCLE=  8  CFL_adv= 0.426  CFL_sgs= 0.036
 DAY =   7.500000000000000E-002
 NSTEP=         216
 div:  5.135923189380753E-017 -1.021619696166134E-016
 SST=   300.000000000000     
 surface pressure=   1014.80000000000     
 u:  -18.3183656048120        19.9511608452211     
 v:  -16.6675160466442        18.7640147821502     
 w:  -12.1842373615383        24.2453583114919     
 p:  -57.4129287915102        100.308159134977     
 t:   289.874311030349        473.468145076874     
 tabs:   195.326477064554        300.929069674597     
 qv:  2.730593119252709E-085  1.978532148800040E-002
 tke:  0.000000000000000E+000   24.2647659818359     
 tk:  0.000000000000000E+000   123.148198276091     
 tkh:  0.000000000000000E+000   123.148198276091     
 qcl:  0.000000000000000E+000  3.836041404364361E-003
 qci:  0.000000000000000E+000  1.277800904076614E-002
 qpl:  0.000000000000000E+000  8.198655875423531E-003
 qpi:  0.000000000000000E+000  0.000000000000000E+000
 qrad(K/day):  -118.074347172184        103.140967268661     
 shf:  -6.76086942623098        110.894206138314     
 lhf:   17.3105724933256        275.222269544307     
 uw: -0.161496600737411       0.206013126684131     
 vw: -0.210983796970276       0.228550992294907     
 sst:   300.000000000000        300.000000000000     
 ===========================
 total water budget:
 before (mm):         48.10946168574
 after (mm):          48.10938689475
 evaporation (mm):     0.00034029283
 precipitation (mm):   0.00041508383
 large-scale (mm):     0.00000000000
 Imbalance (mm)      -0.00000000000
 evap (mm/day):  0.980043346296178     
 prec (mm/day):   1.19544141923427     
 ls (mm/day):  0.000000000000000E+000
 imbalance (mm/day) -1.048473807774286E-011
  imbalance (rel error): -1.476931596144910E-016
 ===========================
 Let's do some shortwave
 Range of zenith angles  0.732661695834013       0.732661695834013     
 Range of surface albedo (asdir)  3.383449086658900E-002  3.383449086658900E-002
 Range of surface albedo (aldir)  3.383449086658900E-002  3.383449086658900E-002
 Range of surface albedo (asdif)  6.000000000000000E-002  6.000000000000000E-002
 Range of surface albedo (aldif)  6.000000000000000E-002  6.000000000000000E-002
 radiation: perpetual sun, solin=   310.282738891090     
 longwave radiation is called
NSTEP =        217   NCYCLE=  8  CFL_adv= 0.437  CFL_sgs= 0.034
NSTEP =        218   NCYCLE=  8  CFL_adv= 0.458  CFL_sgs= 0.033
NSTEP =        219   NCYCLE=  9  CFL_adv= 0.438  CFL_sgs= 0.029
 Collecting statistics...
 name QCSTRG is missing in "lst" file.
NSTEP =        220   NCYCLE=  9  CFL_adv= 0.464  CFL_sgs= 0.028
 DAY =   7.638888888888890E-002
 NSTEP=         220
 div:  4.075979069485165E-017 -6.869604862822069E-017
 SST=   300.000000000000     
 surface pressure=   1014.80000000000     
 u:  -18.5882244675494        22.7982409989432     
 v:  -17.6588979310586        19.3867960565541     
 w:  -7.47752561721166        30.4424794703316     
 p:  -65.9694686918987        86.6605922311440     
 t:   287.780049191217        473.436654424324     
 tabs:   197.051503075795        300.930268055464     
 qv:  3.893713011028850E-083  1.983793125385403E-002
 tke:  0.000000000000000E+000   36.3607999210887     
 tk:  0.000000000000000E+000   150.749792539428     
 tkh:  0.000000000000000E+000   150.749792539428     
 qcl:  0.000000000000000E+000  3.152964166337028E-003
 qci:  0.000000000000000E+000  1.081342284480854E-002
 qpl:  0.000000000000000E+000  8.341305699138893E-003
 qpi:  0.000000000000000E+000  0.000000000000000E+000
 qrad(K/day):  -113.781710763217        125.934252187974     
 shf:  -5.03822909672888        101.420400707058     
 lhf:   17.7462776728159        247.117361334695     
 uw: -0.153763710771684       0.177137522510084     
 vw: -0.189590006855299       0.222747956545466     
 sst:   300.000000000000        300.000000000000     
 ===========================
 total water budget:
 before (mm):         48.10915316556
 after (mm):          48.10905382463
 evaporation (mm):     0.00033927086
 precipitation (mm):   0.00043861208
 large-scale (mm):     0.00000000000
 Imbalance (mm)       0.00000000029
 evap (mm/day):  0.977100075804209     
 prec (mm/day):   1.26320278187079     
 ls (mm/day):  0.000000000000000E+000
 imbalance (mm/day)  8.425248595664291E-007
  imbalance (rel error):  6.080864866591363E-012
 ===========================
NSTEP =        221   NCYCLE=  9  CFL_adv= 0.479  CFL_sgs= 0.025
NSTEP =        222   NCYCLE= 10  CFL_adv= 0.445  CFL_sgs= 0.022
 Let's do some shortwave
 Range of zenith angles  0.732661695834013       0.732661695834013     
 Range of surface albedo (asdir)  3.383449086658900E-002  3.383449086658900E-002
 Range of surface albedo (aldir)  3.383449086658900E-002  3.383449086658900E-002
 Range of surface albedo (asdif)  6.000000000000000E-002  6.000000000000000E-002
 Range of surface albedo (aldif)  6.000000000000000E-002  6.000000000000000E-002
 radiation: perpetual sun, solin=   310.282738880801     
 longwave radiation is called
NSTEP =        223   NCYCLE= 11  CFL_adv= 0.464  CFL_sgs= 0.022
 Collecting statistics...
 name QCSTRG is missing in "lst" file.
NSTEP =        224   NCYCLE= 12  CFL_adv= 0.443  CFL_sgs= 0.021
 DAY =   7.777777777777778E-002
 NSTEP=         224
 div:  2.887941717417359E-017 -4.953974451719566E-017
 SST=   300.000000000000     
 surface pressure=   1014.80000000000     
 u:  -18.8248680985183        22.4988369025346     
 v:  -19.8877597831054        17.7979982985437     
 w:  -8.55870396109012        36.7765084232433     
 p:  -68.9629669719820        83.8287855164626     
 t:   288.766791292220        473.436448970396     
 tabs:   197.252795073592        300.642978705456     
 qv:  2.784805848503096E-081  1.987684317903290E-002
 tke:  0.000000000000000E+000   44.4723284442881     
 tk:  0.000000000000000E+000   166.718940968566     
 tkh:  0.000000000000000E+000   166.718940968566     
 qcl:  0.000000000000000E+000  2.039183743925663E-003
 qci:  0.000000000000000E+000  1.016090879335544E-002
 qpl:  0.000000000000000E+000  7.387119094799752E-003
 qpi:  0.000000000000000E+000  0.000000000000000E+000
 qrad(K/day):  -106.962000902401        97.5800726196079     
 shf:  -5.31632066794629        189.795529202790     
 lhf:   17.4309195297734        225.236751049122     
 uw: -0.178775195715711       0.170955113777632     
 vw: -0.160209733715793       0.222521017716829     
 sst:   300.000000000000        300.000000000000     
 ===========================
 total water budget:
 before (mm):         48.10871348513
 after (mm):          48.10859394908
 evaporation (mm):     0.00033840161
 precipitation (mm):   0.00045793891
 large-scale (mm):     0.00000000000
 Imbalance (mm)       0.00000000125
 evap (mm/day):  0.974596638381406     
 prec (mm/day):   1.31886405167848     
 ls (mm/day):  0.000000000000000E+000
 imbalance (mm/day)  3.587924305627905E-006
  imbalance (rel error):  2.589576387914459E-011
 ===========================
NSTEP =        225   NCYCLE= 12  CFL_adv= 0.464  CFL_sgs= 0.020
NSTEP =        226   NCYCLE= 11  CFL_adv= 0.450  CFL_sgs= 0.020
NSTEP =        227   NCYCLE= 10  CFL_adv= 0.440  CFL_sgs= 0.020
 Collecting statistics...
 name QCSTRG is missing in "lst" file.
NSTEP =        228   NCYCLE=  9  CFL_adv= 0.465  CFL_sgs= 0.023
 DAY =   7.916666666666666E-002
 NSTEP=         228
 div:  3.094021969055949E-017 -6.386437457299639E-017
 SST=   300.000000000000     
 surface pressure=   1014.80000000000     
 u:  -17.9043760513651        21.2092858642381     
 v:  -19.2151548025763        21.2364582530397     
 w:  -10.9024578317072        29.8700537400217     
 p:  -55.8239183000137        89.7015397424352     
 t:   287.788804056901        473.436504196331     
 tabs:   198.359639875329        302.274509060715     
 qv:  3.187555726796695E-080  1.989626496237145E-002
 tke:  0.000000000000000E+000   26.9471908562735     
 tk:  0.000000000000000E+000   129.776709332495     
 tkh:  0.000000000000000E+000   129.776709332495     
 qcl:  0.000000000000000E+000  2.206083286151360E-003
 qci:  0.000000000000000E+000  1.175649645625364E-002
 qpl:  0.000000000000000E+000  5.889099217865917E-003
 qpi:  0.000000000000000E+000  0.000000000000000E+000
 qrad(K/day):  -106.962000902401        97.5800726196079     
 shf:  -5.15532166056722        123.050081339020     
 lhf:   17.9961906636920        227.165359064426     
 uw: -0.157970056813788       0.122584089041319     
 vw: -0.133712814214131       0.272877310833275     
 sst:   300.000000000000        300.000000000000     
 ===========================
 total water budget:
 before (mm):         48.10827051286
 after (mm):          48.10818648972
 evaporation (mm):     0.00033763341
 precipitation (mm):   0.00042165683
 large-scale (mm):     0.00000000000
 Imbalance (mm)       0.00000000029
 evap (mm/day):  0.972384221355824     
 prec (mm/day):   1.21437168377794     
 ls (mm/day):  0.000000000000000E+000
 imbalance (mm/day)  8.345765548957440E-007
  imbalance (rel error):  6.023668121730268E-012
 ===========================
 Let's do some shortwave
 Range of zenith angles  0.732661695834013       0.732661695834013     
 Range of surface albedo (asdir)  3.383449086658900E-002  3.383449086658900E-002
 Range of surface albedo (aldir)  3.383449086658900E-002  3.383449086658900E-002
 Range of surface albedo (asdif)  6.000000000000000E-002  6.000000000000000E-002
 Range of surface albedo (aldif)  6.000000000000000E-002  6.000000000000000E-002
 radiation: perpetual sun, solin=   310.282738870699     
 longwave radiation is called
NSTEP =        229   NCYCLE= 10  CFL_adv= 0.441  CFL_sgs= 0.019
NSTEP =        230   NCYCLE=  9  CFL_adv= 0.479  CFL_sgs= 0.022
NSTEP =        231   NCYCLE= 10  CFL_adv= 0.450  CFL_sgs= 0.021
 Collecting statistics...
 name QCSTRG is missing in "lst" file.
NSTEP =        232   NCYCLE= 10  CFL_adv= 0.450  CFL_sgs= 0.023
 DAY =   8.055555555555556E-002
 NSTEP=         232
 div:  4.282168385490861E-017 -7.622496966314359E-017
 SST=   300.000000000000     
 surface pressure=   1014.80000000000     
 u:  -19.6132034134061        21.5009270330965     
 v:  -23.4189416445858        22.9973705751456     
 w:  -12.7550309908107        29.0569941098423     
 p:  -65.1182267391659        86.7802306863255     
 t:   289.732491841760        473.432426818928     
 tabs:   199.255291134426        302.051355460934     
 qv:  3.300626453555627E-079  1.981062782426475E-002
 tke:  0.000000000000000E+000   40.8511229957051     
 tk:  0.000000000000000E+000   159.787208099759     
 tkh:  0.000000000000000E+000   159.787208099759     
 qcl:  0.000000000000000E+000  3.099025657478461E-003
 qci:  0.000000000000000E+000  1.194768919856250E-002
 qpl:  0.000000000000000E+000  5.683795039571387E-003
 qpi:  0.000000000000000E+000  0.000000000000000E+000
 qrad(K/day):  -92.0954076394324        88.5364966584421     
 shf:  -3.95905567062094        112.004172614099     
 lhf:   18.3865753283792        212.624257553270     
 uw: -0.146896867485469       0.125662250400793     
 vw: -0.183065067783523       0.206092302711802     
 sst:   300.000000000000        300.000000000000     
 ===========================
 total water budget:
 before (mm):         48.10798372297
 after (mm):          48.10792299236
 evaporation (mm):     0.00033697074
 precipitation (mm):   0.00039770135
 large-scale (mm):     0.00000000000
 Imbalance (mm)       0.00000000000
 evap (mm/day):  0.970475723660904     
 prec (mm/day):   1.14537988092534     
 ls (mm/day):  0.000000000000000E+000
 imbalance (mm/day) -1.263208287971551E-011
  imbalance (rel error):  0.000000000000000E+000
 ===========================
NSTEP =        233   NCYCLE= 10  CFL_adv= 0.444  CFL_sgs= 0.023
NSTEP =        234   NCYCLE= 10  CFL_adv= 0.432  CFL_sgs= 0.021
 Let's do some shortwave
 Range of zenith angles  0.732661695834013       0.732661695834013     
 Range of surface albedo (asdir)  3.383449086658900E-002  3.383449086658900E-002
 Range of surface albedo (aldir)  3.383449086658900E-002  3.383449086658900E-002
 Range of surface albedo (asdif)  6.000000000000000E-002  6.000000000000000E-002
 Range of surface albedo (aldif)  6.000000000000000E-002  6.000000000000000E-002
 radiation: perpetual sun, solin=   310.282738860297     
 longwave radiation is called
NSTEP =        235   NCYCLE=  9  CFL_adv= 0.459  CFL_sgs= 0.024
 Collecting statistics...
 name QCSTRG is missing in "lst" file.
NSTEP =        236   NCYCLE=  9  CFL_adv= 0.427  CFL_sgs= 0.026
 DAY =   8.194444444444444E-002
 NSTEP=         236
 div:  4.654935580043942E-017 -6.853296054357295E-017
 SST=   300.000000000000     
 surface pressure=   1014.80000000000     
 u:  -19.3595337360128        21.9527697338449     
 v:  -21.4562077014661        24.6855846614957     
 w:  -14.0940231768219        23.6792433281014     
 p:  -60.1712535999053        71.1729655971776     
 t:   289.199256873864        473.427942578486     
 tabs:   199.718205907187        300.643769738567     
 qv:  1.629465397382002E-078  1.981496580792299E-002
 tke:  0.000000000000000E+000   22.4905927401876     
 tk:  0.000000000000000E+000   118.560619358273     
 tkh:  0.000000000000000E+000   118.560619358273     
 qcl:  0.000000000000000E+000  4.537503336794107E-003
 qci:  0.000000000000000E+000  1.218809373345662E-002
 qpl:  0.000000000000000E+000  5.440541192513415E-003
 qpi:  0.000000000000000E+000  0.000000000000000E+000
 qrad(K/day):  -91.2867012779331        98.1030105187832     
 shf:  -2.61130612730221        78.2203396800320     
 lhf:   18.2717749855807        209.044340021242     
 uw: -0.118621002090384       0.125361004720674     
 vw: -0.194178350234004       0.154516835782719     
 sst:   300.000000000000        300.000000000000     
 ===========================
 total water budget:
 before (mm):         48.10776068727
 after (mm):          48.10772237610
 evaporation (mm):     0.00033637439
 precipitation (mm):   0.00037468556
 large-scale (mm):     0.00000000000
 Imbalance (mm)       0.00000000000
 evap (mm/day):  0.968758251267800     
 prec (mm/day):   1.07909441255655     
 ls (mm/day):  0.000000000000000E+000
 imbalance (mm/day)  3.287401600937656E-011
  imbalance (rel error):  2.953965395431374E-016
 ===========================
NSTEP =        237   NCYCLE=  8  CFL_adv= 0.454  CFL_sgs= 0.029
NSTEP =        238   NCYCLE=  7  CFL_adv= 0.473  CFL_sgs= 0.030
NSTEP =        239   NCYCLE=  7  CFL_adv= 0.439  CFL_sgs= 0.027
 Collecting statistics...
 name QCSTRG is missing in "lst" file.
 Writting statistics:nstatsteps=          15
 --------------- ISCCP Simulator Diagnostics: -----------------
 ISCCP PDF:
            0.0       0.3       1.3       3.6       9.4      23.0      60.0
    0.     0.003     0.001     0.000     0.000     0.000     0.001     0.014
  180.     0.004     0.001     0.001     0.001     0.001     0.001     0.001
  310.     0.000     0.000     0.000     0.000     0.000     0.000     0.000
  440.     0.000     0.000     0.000     0.000     0.000     0.000     0.000
  560.     0.000     0.000     0.000     0.000     0.000     0.000     0.000
  680.     0.000     0.000     0.000     0.000     0.000     0.000     0.000
  800.     0.000     0.000     0.000     0.000     0.000     0.000     0.000
 low cld area (tau > 0.3)=  0.000000000000000E+000
 mid cld area (tau > 0.3)=  0.000000000000000E+000
 hgh cld area (tau > 0.3)=  2.106018066406250E-002
 total cld area (tau > 0.3)=  2.106018066406250E-002
 mean albedo cld (tau > 0.3)   0.810372919487578     
 mean tau cld (tau > 0.3)    43.2902278981270     
 mean top pressure (tau > 0.3)   143.482237255484     
 mean brightness temp (tau > 0.3)   268.114644160772     
 mean clearsky brightness temp (tau > 0.3)   295.863568745893     
 --------------- MODIS Simulator Diagnostics: -----------------
 MODIS PDF:
                      0.3       1.3       3.6       9.4      23.0      60.0
    0.               0.000     0.000     0.000     0.001     0.001     0.014
  180.               0.001     0.001     0.001     0.001     0.001     0.000
  310.               0.000     0.000     0.000     0.000     0.000     0.000
  440.               0.000     0.000     0.000     0.000     0.000     0.000
  560.               0.000     0.000     0.000     0.000     0.000     0.000
  680.               0.000     0.000     0.000     0.000     0.000     0.000
  800.               0.000     0.000     0.000     0.000     0.000     0.000
 low cld area =  0.000000000000000E+000
 mid cld area =  0.000000000000000E+000
 hgh cld area =  2.106018066406250E-002
 total cld area =  2.106018066406250E-002
 mean tau cld    259.750315930466     
 mean top pressure    135.767150617679     
 total cld area (liquid) =  0.000000000000000E+000
 total cld area (ice) =  2.106018066406250E-002
 mean tau (liquid) =  -1.00000000000000     
 mean tau (ice) =   259.750315930467     
 mean lwp (g/m2) =  -1.00000000000000     
 mean iwp (g/m2) =   7519.41786295084     
 mean reff (liquid)  =  -1.00000000000000     
 mean reff (ice)  =   48.2727205792975     
 --------------- MISR Simulator Diagnostics: -----------------
 MISR PDF:
            0.0       0.3       1.3       3.6       9.4      23.0      60.0
 99.00     0.000     0.000     0.000     0.000     0.000     0.000     0.001
 17.00     0.000     0.000     0.000     0.000     0.000     0.000     0.011
 15.00     0.000     0.000     0.000     0.000     0.000     0.000     0.002
 13.00     0.000     0.000     0.001     0.001     0.001     0.001     0.001
 11.00     0.000     0.001     0.000     0.000     0.000     0.000     0.000
  9.00     0.000     0.000     0.000     0.000     0.000     0.000     0.000
  7.00     0.000     0.000     0.000     0.000     0.000     0.000     0.000
  5.00     0.000     0.000     0.000     0.000     0.000     0.000     0.000
  4.00     0.000     0.000     0.000     0.000     0.000     0.000     0.000
  3.00     0.000     0.000     0.000     0.000     0.000     0.000     0.000
  2.50     0.000     0.000     0.000     0.000     0.000     0.000     0.000
  2.00     0.000     0.000     0.000     0.000     0.000     0.000     0.000
  1.50     0.000     0.000     0.000     0.000     0.000     0.000     0.000
  1.00     0.000     0.000     0.000     0.000     0.000     0.000     0.000
  0.50     0.000     0.000     0.000     0.000     0.000     0.000     0.000
  0.00     0.000     0.000     0.000     0.000     0.000     0.000     0.000
 total cld area =  2.071431477864583E-002
 mean top height (m)   14560.8392579319     
 Writting history file 
 rcemip300sst_160_MaxIce20_dry3km90perc                                         
  
 Writting 2D data. file:./OUT_2D/bubble_rcemip300sst_160_MaxIce20_dry3km90perc_6
 4.2Dbin                                                         
 Writting 3D data. file:./OUT_3D/bubble_rcemip300sst_160_MaxIce20_dry3km90perc_6
 4_0000000240.bin3D                                              
NSTEP =        240   NCYCLE=  7  CFL_adv= 0.465  CFL_sgs= 0.026
 DAY =   8.333333333333333E-002
 NSTEP=         240
 div:  5.792696262647826E-017 -9.611055283672739E-017
 SST=   300.000000000000     
 surface pressure=   1014.80000000000     
 u:  -19.1414559346066        17.4535443540738     
 v:  -17.2654003848225        19.4346954008597     
 w:  -17.1187303795902        21.1350021921426     
 p:  -74.2090238533932        67.4619921002717     
 t:   291.224002352903        473.419235327357     
 tabs:   199.381490110775        300.868623877661     
 qv:  4.000087519384129E-077  1.983642850462937E-002
 tke:  0.000000000000000E+000   23.1198334128053     
 tk:  0.000000000000000E+000   120.207719731319     
 tkh:  0.000000000000000E+000   120.207719731319     
 qcl:  0.000000000000000E+000  4.516592478721024E-003
 qci:  0.000000000000000E+000  1.333002745357141E-002
 qpl:  0.000000000000000E+000  5.135183109012177E-003
 qpi:  0.000000000000000E+000  0.000000000000000E+000
 qrad(K/day):  -91.2867012779331        98.1030105187832     
 shf:  -3.00924005397223        64.9850509190578     
 lhf:   19.0364759386235        198.700668737717     
 uw: -0.100335325467643       0.103860915046776     
 vw: -0.178142027101364       0.168256904057899     
 sst:   300.000000000000        300.000000000000     
 ===========================
 total water budget:
 before (mm):         48.10767759028
 after (mm):          48.10768289467
 evaporation (mm):     0.00033577866
 precipitation (mm):   0.00033047426
 large-scale (mm):     0.00000000000
 Imbalance (mm)       0.00000000000
 evap (mm/day):  0.967042532286513     
 prec (mm/day):  0.951765871950097     
 ls (mm/day):  0.000000000000000E+000
 imbalance (mm/day)  3.549473215347376E-011
  imbalance (rel error):  1.476983909858616E-016
 ===========================
CPU TIME =     598.9599 OVER     0.50 MODEL HOURS
 Let's do some shortwave
 Range of zenith angles  0.732661695834013       0.732661695834013     
 Range of surface albedo (asdir)  3.383449086658900E-002  3.383449086658900E-002
 Range of surface albedo (aldir)  3.383449086658900E-002  3.383449086658900E-002
 Range of surface albedo (asdif)  6.000000000000000E-002  6.000000000000000E-002
 Range of surface albedo (aldif)  6.000000000000000E-002  6.000000000000000E-002
 radiation: perpetual sun, solin=   310.282738849525     
 longwave radiation is called
NSTEP =        241   NCYCLE=  7  CFL_adv= 0.475  CFL_sgs= 0.025
NSTEP =        242   NCYCLE=  7  CFL_adv= 0.453  CFL_sgs= 0.025
NSTEP =        243   NCYCLE=  7  CFL_adv= 0.447  CFL_sgs= 0.025
 Collecting statistics...
 name QCSTRG is missing in "lst" file.
NSTEP =        244   NCYCLE=  7  CFL_adv= 0.432  CFL_sgs= 0.028
 DAY =   8.472222222222223E-002
 NSTEP=         244
 div:  6.233680673273485E-017 -1.276905816391148E-016
 SST=   300.000000000000     
 surface pressure=   1014.80000000000     
 u:  -15.0535365121410        18.3191976227758     
 v:  -16.4361761354943        14.5151555281016     
 w:  -16.5980689196862        21.5756739895916     
 p:  -75.8620873021682        60.6905289714832     
 t:   291.762196559360        473.415892310012     
 tabs:   199.628872202258        300.539863052598     
 qv:  5.885092800142530E-075  1.983823431498695E-002
 tke:  0.000000000000000E+000   16.8273422260729     
 tk:  0.000000000000000E+000   102.552859010832     
 tkh:  0.000000000000000E+000   102.552859010832     
 qcl:  0.000000000000000E+000  4.056102045618912E-003
 qci:  0.000000000000000E+000  1.128258788177793E-002
 qpl:  0.000000000000000E+000  3.747034450559145E-003
 qpi:  0.000000000000000E+000  0.000000000000000E+000
 qrad(K/day):  -96.6408707243636        83.0519892777650     
 shf:  -2.39394415727895        52.8436118827489     
 lhf:   20.2092782772903        205.513527701332     
 uw: -9.452422656058795E-002  8.298360964161439E-002
 vw: -0.155861220440925       0.147030867238859     
 sst:   300.000000000000        300.000000000000     
 ===========================
 total water budget:
 before (mm):         48.10774337697
 after (mm):          48.10777493499
 evaporation (mm):     0.00033515527
 precipitation (mm):   0.00030359725
 large-scale (mm):     0.00000000000
 Imbalance (mm)       0.00000000000
 evap (mm/day):  0.965247174679611     
 prec (mm/day):  0.874360088108142     
 ls (mm/day):  0.000000000000000E+000
 imbalance (mm/day)  1.362987847586261E-011
  imbalance (rel error):  1.476981084076936E-016
 ===========================
NSTEP =        245   NCYCLE=  7  CFL_adv= 0.417  CFL_sgs= 0.027
NSTEP =        246   NCYCLE=  6  CFL_adv= 0.465  CFL_sgs= 0.027
 Let's do some shortwave
 Range of zenith angles  0.732661695834013       0.732661695834013     
 Range of surface albedo (asdir)  3.383449086658900E-002  3.383449086658900E-002
 Range of surface albedo (aldir)  3.383449086658900E-002  3.383449086658900E-002
 Range of surface albedo (asdif)  6.000000000000000E-002  6.000000000000000E-002
 Range of surface albedo (aldif)  6.000000000000000E-002  6.000000000000000E-002
 radiation: perpetual sun, solin=   310.282738839572     
 longwave radiation is called
NSTEP =        247   NCYCLE=  6  CFL_adv= 0.473  CFL_sgs= 0.028
 Collecting statistics...
 name QCSTRG is missing in "lst" file.
NSTEP =        248   NCYCLE=  6  CFL_adv= 0.475  CFL_sgs= 0.029
 DAY =   8.611111111111111E-002
 NSTEP=         248
 div:  9.020329420307001E-017 -1.110062052457542E-016
 SST=   300.000000000000     
 surface pressure=   1014.80000000000     
 u:  -16.0816458971217        13.4198954398808     
 v:  -13.5604137138858        12.5954823951523     
 w:  -9.99921225064093        19.2600424676847     
 p:  -59.0267229386696        60.6104915678984     
 t:   292.048564613392        473.413801110583     
 tabs:   199.386842878185        300.257107539455     
 qv:  1.374391783829677E-073  1.985447978501604E-002
 tke:  0.000000000000000E+000   12.4194157230135     
 tk:  0.000000000000000E+000   88.1029785358214     
 tkh:  0.000000000000000E+000   88.1029785358214     
 qcl:  0.000000000000000E+000  4.118508772330357E-003
 qci:  0.000000000000000E+000  1.084033805716596E-002
 qpl:  0.000000000000000E+000  3.962994012784604E-003
 qpi:  0.000000000000000E+000  0.000000000000000E+000
 qrad(K/day):  -99.4414232422629        90.9852347983499     
 shf:  -2.85797159116882        46.8645662778231     
 lhf:   21.1935944622282        193.692642091419     
 uw: -8.765145259456107E-002  7.833586489237418E-002
 vw: -0.139798471797755       0.133456045826552     
 sst:   300.000000000000        300.000000000000     
 ===========================
 total water budget:
 before (mm):         48.10789585505
 after (mm):          48.10794479403
 evaporation (mm):     0.00033450441
 precipitation (mm):   0.00028556544
 large-scale (mm):     0.00000000000
 Imbalance (mm)       0.00000000000
 evap (mm/day):  0.963372713977115     
 prec (mm/day):  0.822428470640184     
 ls (mm/day):  0.000000000000000E+000
 imbalance (mm/day)  1.405531940834592E-011
  imbalance (rel error):  1.476975869167311E-016
 ===========================
NSTEP =        249   NCYCLE=  6  CFL_adv= 0.455  CFL_sgs= 0.029
NSTEP =        250   NCYCLE=  6  CFL_adv= 0.440  CFL_sgs= 0.028
NSTEP =        251   NCYCLE=  6  CFL_adv= 0.412  CFL_sgs= 0.027
 Collecting statistics...
 name QCSTRG is missing in "lst" file.
NSTEP =        252   NCYCLE=  6  CFL_adv= 0.401  CFL_sgs= 0.027
 DAY =   8.749999999999999E-002
 NSTEP=         252
 div:  6.434522623800415E-017 -1.028511471069585E-016
 SST=   300.000000000000     
 surface pressure=   1014.80000000000     
 u:  -14.1063779634575        13.8579464344923     
 v:  -12.2394259231883        11.7398188286576     
 w:  -9.16504205115919        16.8674280066548     
 p:  -54.0648305023934        57.8337389886319     
 t:   292.376832206571        473.412910448296     
 tabs:   199.503821913211        300.253062287137     
 qv:  4.816919705443063E-072  1.969950652833582E-002
 tke:  0.000000000000000E+000   10.6323509415326     
 tk:  0.000000000000000E+000   79.5098372559218     
 tkh:  0.000000000000000E+000   79.5098372559218     
 qcl:  0.000000000000000E+000  2.556871830138785E-003
 qci:  0.000000000000000E+000  1.039464869705028E-002
 qpl:  0.000000000000000E+000  3.560278385003445E-003
 qpi:  0.000000000000000E+000  0.000000000000000E+000
 qrad(K/day):  -99.4414232422629        90.9852347983499     
 shf:  -2.20496257795922        45.2820593805948     
 lhf:   19.8620074873846        165.797512055971     
 uw: -8.468297412308289E-002  7.351843075666108E-002
 vw: -0.128226616873858       0.116827549589415     
 sst:   300.000000000000        300.000000000000     
 ===========================
 total water budget:
 before (mm):         48.10812316853
 after (mm):          48.10819489823
 evaporation (mm):     0.00033382850
 precipitation (mm):   0.00026209880
 large-scale (mm):     0.00000000000
 Imbalance (mm)      -0.00000000000
 evap (mm/day):  0.961426079548744     
 prec (mm/day):  0.754844557809997     
 ls (mm/day):  0.000000000000000E+000
 imbalance (mm/day) -3.220798627801003E-011
  imbalance (rel error): -1.476968190686105E-016
 ===========================
 Let's do some shortwave
 Range of zenith angles  0.732661695834013       0.732661695834013     
 Range of surface albedo (asdir)  3.383449086658900E-002  3.383449086658900E-002
 Range of surface albedo (aldir)  3.383449086658900E-002  3.383449086658900E-002
 Range of surface albedo (asdif)  6.000000000000000E-002  6.000000000000000E-002
 Range of surface albedo (aldif)  6.000000000000000E-002  6.000000000000000E-002
 radiation: perpetual sun, solin=   310.282738832734     
 longwave radiation is called
NSTEP =        253   NCYCLE=  6  CFL_adv= 0.404  CFL_sgs= 0.027
NSTEP =        254   NCYCLE=  6  CFL_adv= 0.405  CFL_sgs= 0.026
NSTEP =        255   NCYCLE=  5  CFL_adv= 0.475  CFL_sgs= 0.030
 Collecting statistics...
 name QCSTRG is missing in "lst" file.
NSTEP =        256   NCYCLE=  5  CFL_adv= 0.466  CFL_sgs= 0.029
 DAY =   8.888888888888889E-002
 NSTEP=         256
 div:  9.729368149951720E-017 -1.283827773845242E-016
 SST=   300.000000000000     
 surface pressure=   1014.80000000000     
 u:  -14.7250216174528        14.4696860206490     
 v:  -12.6710031898875        11.1607266237121     
 w:  -6.54673707017981        15.5923991017285     
 p:  -45.4752677781013        56.9435661845678     
 t:   293.280431363680        473.421427679231     
 tabs:   199.683387395589        300.259456133754     
 qv:  2.441316667916634E-071  1.967417651828255E-002
 tke:  0.000000000000000E+000   12.3322911985991     
 tk:  0.000000000000000E+000   87.7934052143122     
 tkh:  0.000000000000000E+000   87.7934052143122     
 qcl:  0.000000000000000E+000  1.744222438189406E-003
 qci:  0.000000000000000E+000  9.726200848240496E-003
 qpl:  0.000000000000000E+000  2.820429510904528E-003
 qpi:  0.000000000000000E+000  0.000000000000000E+000
 qrad(K/day):  -94.2751279297149        89.7038816123059     
 shf:  -1.64137585373098        37.7815092137695     
 lhf:   18.8712991349267        166.505394728723     
 uw: -9.122496480070195E-002  6.321448297275076E-002
 vw: -0.107357622482513       8.770183325981208E-002
 sst:   300.000000000000        300.000000000000     
 ===========================
 total water budget:
 before (mm):         48.10843960128
 after (mm):          48.10852659648
 evaporation (mm):     0.00033310905
 precipitation (mm):   0.00024611385
 large-scale (mm):     0.00000000000
 Imbalance (mm)       0.00000000000
 evap (mm/day):  0.959354057341173     
 prec (mm/day):  0.708807891247473     
 ls (mm/day):  0.000000000000000E+000
 imbalance (mm/day)  2.299145249184953E-011
  imbalance (rel error):  1.476958007298603E-016
 ===========================
NSTEP =        257   NCYCLE=  5  CFL_adv= 0.478  CFL_sgs= 0.029
NSTEP =        258   NCYCLE=  5  CFL_adv= 0.474  CFL_sgs= 0.029
 Let's do some shortwave
 Range of zenith angles  0.732661695834013       0.732661695834013     
 Range of surface albedo (asdir)  3.383449086658900E-002  3.383449086658900E-002
 Range of surface albedo (aldir)  3.383449086658900E-002  3.383449086658900E-002
 Range of surface albedo (asdif)  6.000000000000000E-002  6.000000000000000E-002
 Range of surface albedo (aldif)  6.000000000000000E-002  6.000000000000000E-002
 radiation: perpetual sun, solin=   310.282738831186     
 longwave radiation is called
NSTEP =        259   NCYCLE=  5  CFL_adv= 0.478  CFL_sgs= 0.028
 Collecting statistics...
 name QCSTRG is missing in "lst" file.
NSTEP =        260   NCYCLE=  5  CFL_adv= 0.461  CFL_sgs= 0.027
 DAY =   9.027777777777778E-002
 NSTEP=         260
 div:  7.589728234515923E-017 -1.070506553120191E-016
 SST=   300.000000000000     
 surface pressure=   1014.80000000000     
 u:  -12.5478271726262        15.6880568894544     
 v:  -11.0486812331995        11.5361691443457     
 w:  -5.34536991449747        14.3741152854836     
 p:  -38.1968184887856        61.2703904092049     
 t:   293.722694826205        473.416266833548     
 tabs:   200.021753638362        300.299557769236     
 qv:  1.563740229393031E-070  1.952899007120855E-002
 tke:  0.000000000000000E+000   10.1981937019480     
 tk:  0.000000000000000E+000   79.8365271271083     
 tkh:  0.000000000000000E+000   79.8365271271083     
 qcl:  0.000000000000000E+000  1.646502052819250E-003
 qci:  0.000000000000000E+000  9.614511533751008E-003
 qpl:  0.000000000000000E+000  2.646294514539788E-003
 qpi:  0.000000000000000E+000  0.000000000000000E+000
 qrad(K/day):  -92.3343796804830        80.5895409787573     
 shf:  -1.94723271431320        48.3395718548124     
 lhf:   18.9295121549650        177.616776346605     
 uw: -9.304626064008845E-002  6.272298219788362E-002
 vw: -8.498780209888522E-002  8.439311732969045E-002
 sst:   300.000000000000        300.000000000000     
 ===========================
 total water budget:
 before (mm):         48.10878811824
 after (mm):          48.10887282924
 evaporation (mm):     0.00033238075
 precipitation (mm):   0.00024766976
 large-scale (mm):     0.00000000000
 Imbalance (mm)       0.00000000000
 evap (mm/day):  0.957256570342686     
 prec (mm/day):  0.713288898954545     
 ls (mm/day):  0.000000000000000E+000
 imbalance (mm/day) -4.724814289813750E-012
  imbalance (rel error):  0.000000000000000E+000
 ===========================
NSTEP =        261   NCYCLE=  5  CFL_adv= 0.455  CFL_sgs= 0.029
NSTEP =        262   NCYCLE=  5  CFL_adv= 0.444  CFL_sgs= 0.030
NSTEP =        263   NCYCLE=  5  CFL_adv= 0.441  CFL_sgs= 0.030
 Collecting statistics...
 name QCSTRG is missing in "lst" file.
NSTEP =        264   NCYCLE=  5  CFL_adv= 0.414  CFL_sgs= 0.029
 DAY =   9.166666666666666E-002
 NSTEP=         264
 div:  8.471810612692569E-017 -1.205311040821285E-016
 SST=   300.000000000000     
 surface pressure=   1014.80000000000     
 u:  -11.8325321957376        13.4668244602846     
 v:  -11.6358438927587        10.9058841854674     
 w:  -5.99351154968431        14.6045640732197     
 p:  -43.1905201742643        57.7508045300968     
 t:   293.748236626485        473.401170085296     
 tabs:   200.286385451269        300.278530447575     
 qv:  7.956885592134758E-070  1.951914964451132E-002
 tke:  0.000000000000000E+000   13.4738256032558     
 tk:  0.000000000000000E+000   91.7667750443202     
 tkh:  0.000000000000000E+000   91.7667750443202     
 qcl:  0.000000000000000E+000  1.664479899804219E-003
 qci:  0.000000000000000E+000  9.462522112085831E-003
 qpl:  0.000000000000000E+000  2.678654904254729E-003
 qpi:  0.000000000000000E+000  0.000000000000000E+000
 qrad(K/day):  -92.3343796804830        80.5895409787573     
 shf:  -1.91909879150994        51.7153499100865     
 lhf:   19.0080824820571        162.570224527616     
 uw: -0.105422089938229       6.040456572460976E-002
 vw: -7.194178249503944E-002  8.701756389762076E-002
 sst:   300.000000000000        300.000000000000     
 ===========================
 total water budget:
 before (mm):         48.10910421329
 after (mm):          48.10917312724
 evaporation (mm):     0.00033168644
 precipitation (mm):   0.00026277249
 large-scale (mm):     0.00000000000
 Imbalance (mm)       0.00000000000
 evap (mm/day):  0.955256936124798     
 prec (mm/day):  0.756784782460384     
 ls (mm/day):  0.000000000000000E+000
 imbalance (mm/day) -3.426946226792182E-012
  imbalance (rel error):  0.000000000000000E+000
 ===========================
 Let's do some shortwave
 Range of zenith angles  0.732661695834013       0.732661695834013     
 Range of surface albedo (asdir)  3.383449086658900E-002  3.383449086658900E-002
 Range of surface albedo (aldir)  3.383449086658900E-002  3.383449086658900E-002
 Range of surface albedo (asdif)  6.000000000000000E-002  6.000000000000000E-002
 Range of surface albedo (aldif)  6.000000000000000E-002  6.000000000000000E-002
 radiation: perpetual sun, solin=   310.282738836146     
 longwave radiation is called
NSTEP =        265   NCYCLE=  5  CFL_adv= 0.436  CFL_sgs= 0.029
NSTEP =        266   NCYCLE=  5  CFL_adv= 0.461  CFL_sgs= 0.028
NSTEP =        267   NCYCLE=  5  CFL_adv= 0.477  CFL_sgs= 0.028
 Collecting statistics...
 name QCSTRG is missing in "lst" file.
NSTEP =        268   NCYCLE=  6  CFL_adv= 0.401  CFL_sgs= 0.023
 DAY =   9.305555555555556E-002
 NSTEP=         268
 div:  7.104316921295954E-017 -1.129916478063508E-016
 SST=   300.000000000000     
 surface pressure=   1014.80000000000     
 u:  -11.0978042195203        12.5464794800507     
 v:  -10.0419605132264        12.8037539829513     
 w:  -6.33443835773321        16.8682886215320     
 p:  -45.4142087487067        55.4899440531506     
 t:   294.416595849333        473.381044516728     
 tabs:   200.333735248451        300.245879332951     
 qv:  1.333552737753215E-069  1.944251238161139E-002
 tke:  0.000000000000000E+000   8.03093561751462     
 tk:  0.000000000000000E+000   70.8472636094482     
 tkh:  0.000000000000000E+000   70.8472636094482     
 qcl:  0.000000000000000E+000  1.740446373933342E-003
 qci:  0.000000000000000E+000  8.881108956708468E-003
 qpl:  0.000000000000000E+000  2.701062129658625E-003
 qpi:  0.000000000000000E+000  0.000000000000000E+000
 qrad(K/day):  -89.9311385214354        82.0950479171985     
 shf:  -1.86660472979072        49.9715518903611     
 lhf:   19.1152153285331        169.651440429992     
 uw: -8.377726934026600E-002  5.567120566664033E-002
 vw: -6.555343024626745E-002  0.114170291400690     
 sst:   300.000000000000        300.000000000000     
 ===========================
 total water budget:
 before (mm):         48.10938119466
 after (mm):          48.10945095921
 evaporation (mm):     0.00033106432
 precipitation (mm):   0.00026129977
 large-scale (mm):     0.00000000000
 Imbalance (mm)       0.00000000000
 evap (mm/day):  0.953465237850573     
 prec (mm/day):  0.752543330049600     
 ls (mm/day):  0.000000000000000E+000
 imbalance (mm/day)  3.575265083988199E-013
  imbalance (rel error):  0.000000000000000E+000
 ===========================
NSTEP =        269   NCYCLE=  6  CFL_adv= 0.400  CFL_sgs= 0.022
NSTEP =        270   NCYCLE=  5  CFL_adv= 0.463  CFL_sgs= 0.026
 Let's do some shortwave
 Range of zenith angles  0.732661695834013       0.732661695834013     
 Range of surface albedo (asdir)  3.383449086658900E-002  3.383449086658900E-002
 Range of surface albedo (aldir)  3.383449086658900E-002  3.383449086658900E-002
 Range of surface albedo (asdif)  6.000000000000000E-002  6.000000000000000E-002
 Range of surface albedo (aldif)  6.000000000000000E-002  6.000000000000000E-002
 radiation: perpetual sun, solin=   310.282738847344     
 longwave radiation is called
NSTEP =        271   NCYCLE=  5  CFL_adv= 0.456  CFL_sgs= 0.026
 Collecting statistics...
 name QCSTRG is missing in "lst" file.
NSTEP =        272   NCYCLE=  5  CFL_adv= 0.435  CFL_sgs= 0.025
 DAY =   9.444444444444444E-002
 NSTEP=         272
 div:  9.617322558319087E-017 -1.062396005224983E-016
 SST=   300.000000000000     
 surface pressure=   1014.80000000000     
 u:  -10.7150046466791        12.4750648114530     
 v:  -10.8053193867166        12.5734949980668     
 w:  -6.62139677558614        13.9122432133039     
 p:  -39.6254203419844        54.2911632377679     
 t:   294.150664854123        473.370957343291     
 tabs:   199.894034628045        300.216225982962     
 qv:  4.174176431948977E-069  1.944221139799318E-002
 tke:  0.000000000000000E+000   13.9586788762318     
 tk:  0.000000000000000E+000   93.4032884733984     
 tkh:  0.000000000000000E+000   93.4032884733984     
 qcl:  0.000000000000000E+000  1.703330325696384E-003
 qci:  0.000000000000000E+000  8.390829285999201E-003
 qpl:  0.000000000000000E+000  3.324270980137929E-003
 qpi:  0.000000000000000E+000  0.000000000000000E+000
 qrad(K/day):  -93.4298158947454        78.5739924592342     
 shf:  -1.75860242103202        40.2766996602374     
 lhf:   19.2034023556230        170.547144024007     
 uw: -8.593136468365699E-002  6.069689015877257E-002
 vw: -6.468134431636342E-002  0.132317759940507     
 sst:   300.000000000000        300.000000000000     
 ===========================
 total water budget:
 before (mm):         48.10964577376
 after (mm):          48.10970421975
 evaporation (mm):     0.00033058828
 precipitation (mm):   0.00027214228
 large-scale (mm):     0.00000000000
 Imbalance (mm)       0.00000000000
 evap (mm/day):  0.952094235141772     
 prec (mm/day):  0.783769768638077     
 ls (mm/day):  0.000000000000000E+000
 imbalance (mm/day)  2.270215265776088E-012
  imbalance (rel error):  0.000000000000000E+000
 ===========================
NSTEP =        273   NCYCLE=  5  CFL_adv= 0.411  CFL_sgs= 0.027
NSTEP =        274   NCYCLE=  5  CFL_adv= 0.397  CFL_sgs= 0.025
NSTEP =        275   NCYCLE=  4  CFL_adv= 0.471  CFL_sgs= 0.031
 Collecting statistics...
 name QCSTRG is missing in "lst" file.
NSTEP =        276   NCYCLE=  4  CFL_adv= 0.462  CFL_sgs= 0.030
 DAY =   9.583333333333334E-002
 NSTEP=         276
 div:  1.119877442139833E-016 -1.604386526562482E-016
 SST=   300.000000000000     
 surface pressure=   1014.80000000000     
 u:  -11.5608769005976        11.1967715558293     
 v:  -9.98696455448147        10.8058527815478     
 w:  -8.29407203842460        10.2639977794428     
 p:  -28.8897721227051        57.8196152253203     
 t:   294.314052235869        473.366943998972     
 tabs:   199.862854325020        300.124253117682     
 qv:  2.399329754269160E-068  1.941207793349239E-002
 tke:  0.000000000000000E+000   6.93525159386289     
 tk:  0.000000000000000E+000   62.9127651206640     
 tkh:  0.000000000000000E+000   62.9127651206640     
 qcl:  0.000000000000000E+000  1.484125140199807E-003
 qci:  0.000000000000000E+000  8.169436495699737E-003
 qpl:  0.000000000000000E+000  2.941821015533900E-003
 qpi:  0.000000000000000E+000  0.000000000000000E+000
 qrad(K/day):  -93.4298158947454        78.5739924592342     
 shf:  -1.29546662991298        35.7647248080677     
 lhf:   19.1980659688765        166.159250954764     
 uw: -8.416611004991470E-002  5.440760063592218E-002
 vw: -5.958969656657889E-002  0.101669352195587     
 sst:   300.000000000000        300.000000000000     
 ===========================
 total water budget:
 before (mm):         48.10985968704
 after (mm):          48.10990482178
 evaporation (mm):     0.00033018959
 precipitation (mm):   0.00028505485
 large-scale (mm):     0.00000000000
 Imbalance (mm)       0.00000000001
 evap (mm/day):  0.950946005834297     
 prec (mm/day):  0.820957961322403     
 ls (mm/day):  0.000000000000000E+000
 imbalance (mm/day)  1.503377328876399E-008
  imbalance (rel error):  1.084056121041862E-013
 ===========================
 Let's do some shortwave
 Range of zenith angles  0.732661695834013       0.732661695834013     
 Range of surface albedo (asdir)  3.383449086658900E-002  3.383449086658900E-002
 Range of surface albedo (aldir)  3.383449086658900E-002  3.383449086658900E-002
 Range of surface albedo (asdif)  6.000000000000000E-002  6.000000000000000E-002
 Range of surface albedo (aldif)  6.000000000000000E-002  6.000000000000000E-002
 radiation: perpetual sun, solin=   310.282738863780     
 longwave radiation is called
NSTEP =        277   NCYCLE=  4  CFL_adv= 0.465  CFL_sgs= 0.030
NSTEP =        278   NCYCLE=  4  CFL_adv= 0.476  CFL_sgs= 0.030
NSTEP =        279   NCYCLE=  4  CFL_adv= 0.449  CFL_sgs= 0.030
 Collecting statistics...
 name QCSTRG is missing in "lst" file.
NSTEP =        280   NCYCLE=  4  CFL_adv= 0.430  CFL_sgs= 0.030
 DAY =   9.722222222222222E-002
 NSTEP=         280
 div:  7.930935665398948E-017 -1.080155592233030E-016
 SST=   300.000000000000     
 surface pressure=   1014.80000000000     
 u:  -10.7955171337915        10.8814815587458     
 v:  -10.7242307879827        9.36162476874512     
 w:  -6.23413316531808        6.24570833108506     
 p:  -22.4718753175842        57.9919916679421     
 t:   293.864907617782        473.355080589765     
 tabs:   200.124460626640        300.302134279804     
 qv:  1.236653139161213E-067  1.939037683954311E-002
 tke:  0.000000000000000E+000   5.05601159927082     
 tk:  0.000000000000000E+000   56.2139417719862     
 tkh:  0.000000000000000E+000   56.2139417719862     
 qcl:  0.000000000000000E+000  1.332150635299509E-003
 qci:  0.000000000000000E+000  7.948885800595554E-003
 qpl:  0.000000000000000E+000  2.656839203748183E-003
 qpi:  0.000000000000000E+000  0.000000000000000E+000
 qrad(K/day):  -88.3861689948554        71.3132161536472     
 shf:  -1.25528369176934        35.7064021294603     
 lhf:   19.2083403037404        166.886601680885     
 uw: -6.292829324728180E-002  5.648397935407138E-002
 vw: -6.163181771723829E-002  8.462397780967731E-002
 sst:   300.000000000000        300.000000000000     
 ===========================
 total water budget:
 before (mm):         48.11002073333
 after (mm):          48.11005433316
 evaporation (mm):     0.00032976900
 precipitation (mm):   0.00029616917
 large-scale (mm):     0.00000000000
 Imbalance (mm)       0.00000000000
 evap (mm/day):  0.949734727563651     
 prec (mm/day):  0.852967211046644     
 ls (mm/day):  0.000000000000000E+000
 imbalance (mm/day) -5.871240993382543E-012
  imbalance (rel error):  0.000000000000000E+000
 ===========================
NSTEP =        281   NCYCLE=  4  CFL_adv= 0.400  CFL_sgs= 0.043
NSTEP =        282   NCYCLE=  4  CFL_adv= 0.367  CFL_sgs= 0.045
 Let's do some shortwave
 Range of zenith angles  0.732661695834013       0.732661695834013     
 Range of surface albedo (asdir)  3.383449086658900E-002  3.383449086658900E-002
 Range of surface albedo (aldir)  3.383449086658900E-002  3.383449086658900E-002
 Range of surface albedo (asdif)  6.000000000000000E-002  6.000000000000000E-002
 Range of surface albedo (aldif)  6.000000000000000E-002  6.000000000000000E-002
 radiation: perpetual sun, solin=   310.282738884256     
 longwave radiation is called
NSTEP =        283   NCYCLE=  3  CFL_adv= 0.435  CFL_sgs= 0.054
 Collecting statistics...
 name QCSTRG is missing in "lst" file.
NSTEP =        284   NCYCLE=  3  CFL_adv= 0.415  CFL_sgs= 0.052
 DAY =   9.861111111111111E-002
 NSTEP=         284
 div:  1.142558990636242E-016 -1.140889597585353E-016
 SST=   300.000000000000     
 surface pressure=   1014.80000000000     
 u:  -11.1145104633399        11.6605780285172     
 v:  -10.8417671055999        10.1028083252794     
 w:  -6.22486342664127        4.21994062271395     
 p:  -21.5557917995674        54.8437732062780     
 t:   293.775624076758        473.342230888343     
 tabs:   200.410176937643        300.197070961857     
 qv:  2.647695766013443E-067  1.939784810500633E-002
 tke:  0.000000000000000E+000   4.47947622266452     
 tk:  0.000000000000000E+000   52.9119328617404     
 tkh:  0.000000000000000E+000   52.9119328617404     
 qcl:  0.000000000000000E+000  8.838393997084579E-004
 qci:  0.000000000000000E+000  7.790463848027214E-003
 qpl:  0.000000000000000E+000  2.722230913770000E-003
 qpi:  0.000000000000000E+000  0.000000000000000E+000
 qrad(K/day):  -88.6959459452777        72.9422466019082     
 shf:  -1.00680796889329        38.5383735457358     
 lhf:   19.2671234083067        161.101381165325     
 uw: -6.002455820305957E-002  5.028253012081458E-002
 vw: -6.992000268988637E-002  6.478911861069207E-002
 sst:   300.000000000000        300.000000000000     
 ===========================
 total water budget:
 before (mm):         48.11015705808
 after (mm):          48.11019692565
 evaporation (mm):     0.00032929891
 precipitation (mm):   0.00028943134
 large-scale (mm):     0.00000000000
 Imbalance (mm)       0.00000000000
 evap (mm/day):  0.948380867283447     
 prec (mm/day):  0.833562265073538     
 ls (mm/day):  0.000000000000000E+000
 imbalance (mm/day)  1.156637285948392E-011
  imbalance (rel error):  1.476906729062498E-016
 ===========================
NSTEP =        285   NCYCLE=  3  CFL_adv= 0.405  CFL_sgs= 0.050
NSTEP =        286   NCYCLE=  3  CFL_adv= 0.397  CFL_sgs= 0.048
NSTEP =        287   NCYCLE=  3  CFL_adv= 0.435  CFL_sgs= 0.046
 Collecting statistics...
 name QCSTRG is missing in "lst" file.
NSTEP =        288   NCYCLE=  3  CFL_adv= 0.474  CFL_sgs= 0.064
 DAY =   0.100000000000000     
 NSTEP=         288
 div:  9.242685615032376E-017 -1.246464546397358E-016
 SST=   300.000000000000     
 surface pressure=   1014.80000000000     
 u:  -11.2158737863564        9.99292649295397     
 v:  -10.2537072671591        10.0779784819237     
 w:  -8.79940427365675        4.06926867538566     
 p:  -20.1404969067915        50.8558250791767     
 t:   293.861041386970        473.339625678837     
 tabs:   200.347327231082        300.149886762642     
 qv:  2.736433051358698E-067  1.940194097877541E-002
 tke:  0.000000000000000E+000   6.82091541507671     
 tk:  0.000000000000000E+000   56.8119026704827     
 tkh:  0.000000000000000E+000   56.8119026704827     
 qcl:  0.000000000000000E+000  5.702498007384298E-004
 qci:  0.000000000000000E+000  7.644789764960011E-003
 qpl:  0.000000000000000E+000  2.757955325895987E-003
 qpi:  0.000000000000000E+000  0.000000000000000E+000
 qrad(K/day):  -88.6959459452777        72.9422466019082     
 shf: -0.967056436370558        38.3078398660498     
 lhf:   19.4071167930637        163.140076955744     
 uw: -6.148325176395236E-002  4.914260714232239E-002
 vw: -6.425845681604926E-002  6.558757125541609E-002
 sst:   300.000000000000        300.000000000000     
 ===========================
 total water budget:
 before (mm):         48.11034514750
 after (mm):          48.11040500397
 evaporation (mm):     0.00032876841
 precipitation (mm):   0.00026891194
 large-scale (mm):     0.00000000000
 Imbalance (mm)       0.00000000000
 evap (mm/day):  0.946853019603395     
 prec (mm/day):  0.774466389633981     
 ls (mm/day):  0.000000000000000E+000
 imbalance (mm/day)  6.302891021603418E-010
  imbalance (rel error):  4.430701024247289E-015
 ===========================
 Let's do some shortwave
 Range of zenith angles  0.732661695834013       0.732661695834013     
 Range of surface albedo (asdir)  3.383449086658900E-002  3.383449086658900E-002
 Range of surface albedo (aldir)  3.383449086658900E-002  3.383449086658900E-002
 Range of surface albedo (asdif)  6.000000000000000E-002  6.000000000000000E-002
 Range of surface albedo (aldif)  6.000000000000000E-002  6.000000000000000E-002
 radiation: perpetual sun, solin=   310.282738906306     
 longwave radiation is called
NSTEP =        289   NCYCLE=  4  CFL_adv= 0.394  CFL_sgs= 0.032
NSTEP =        290   NCYCLE=  4  CFL_adv= 0.390  CFL_sgs= 0.031
NSTEP =        291   NCYCLE=  4  CFL_adv= 0.412  CFL_sgs= 0.030
 Collecting statistics...
 name QCSTRG is missing in "lst" file.
NSTEP =        292   NCYCLE=  4  CFL_adv= 0.438  CFL_sgs= 0.029
 DAY =   0.101388888888889     
 NSTEP=         292
 div:  5.274187691114344E-017 -6.202376990610965E-017
 SST=   300.000000000000     
 surface pressure=   1014.80000000000     
 u:  -10.4467991025271        11.6900592049369     
 v:  -9.76350554810905        11.1850189753311     
 w:  -9.12229874185482        4.45544466573983     
 p:  -18.0599699435383        41.8971598749569     
 t:   294.209314140781        473.335657257194     
 tabs:   200.479014666355        300.092436403798     
 qv:  3.080725078298112E-067  1.932863759487795E-002
 tke:  0.000000000000000E+000   3.47539412860252     
 tk:  0.000000000000000E+000   46.6060224689533     
 tkh:  0.000000000000000E+000   46.6060224689533     
 qcl:  0.000000000000000E+000  4.813998821931207E-004
 qci:  0.000000000000000E+000  7.480408628319994E-003
 qpl:  0.000000000000000E+000  2.593658654080100E-003
 qpi:  0.000000000000000E+000  0.000000000000000E+000
 qrad(K/day):  -93.0530719100370        78.6069011656317     
 shf: -0.984461957736702        41.5224450627490     
 lhf:   19.3676957531172        158.564767295237     
 uw: -6.827604630290660E-002  5.406896874105187E-002
 vw: -5.909567834098212E-002  6.005321172257116E-002
 sst:   300.000000000000        300.000000000000     
 ===========================
 total water budget:
 before (mm):         48.11061455166
 after (mm):          48.11069275649
 evaporation (mm):     0.00032819989
 precipitation (mm):   0.00024999505
 large-scale (mm):     0.00000000000
 Imbalance (mm)       0.00000000000
 evap (mm/day):  0.945215668897497     
 prec (mm/day):  0.719985738695095     
 ls (mm/day):  0.000000000000000E+000
 imbalance (mm/day)  8.565457718101576E-010
  imbalance (rel error):  6.202944333595548E-015
 ===========================
NSTEP =        293   NCYCLE=  4  CFL_adv= 0.454  CFL_sgs= 0.028
NSTEP =        294   NCYCLE=  4  CFL_adv= 0.445  CFL_sgs= 0.027
 Let's do some shortwave
 Range of zenith angles  0.732661695834013       0.732661695834013     
 Range of surface albedo (asdir)  3.383449086658900E-002  3.383449086658900E-002
 Range of surface albedo (aldir)  3.383449086658900E-002  3.383449086658900E-002
 Range of surface albedo (asdif)  6.000000000000000E-002  6.000000000000000E-002
 Range of surface albedo (aldif)  6.000000000000000E-002  6.000000000000000E-002
 radiation: perpetual sun, solin=   310.282738928393     
 longwave radiation is called
NSTEP =        295   NCYCLE=  4  CFL_adv= 0.431  CFL_sgs= 0.027
 Collecting statistics...
 name QCSTRG is missing in "lst" file.
NSTEP =        296   NCYCLE=  4  CFL_adv= 0.391  CFL_sgs= 0.028
 DAY =   0.102777777777778     
 NSTEP=         296
 div:  4.973699781603389E-017 -6.141577255100657E-017
 SST=   300.000000000000     
 surface pressure=   1014.80000000000     
 u:  -9.51787939006002        10.7493118072030     
 v:  -9.48425119228774        9.21349664182219     
 w:  -6.74392655589416        3.30686428876317     
 p:  -26.2419199823854        29.7806728079451     
 t:   294.586568935663        473.333860823894     
 tabs:   200.562668197245        300.014548093995     
 qv:  2.355081920827438E-066  1.934775339209460E-002
 tke:  0.000000000000000E+000   3.54567988710740     
 tk:  0.000000000000000E+000   46.6188522559759     
 tkh:  0.000000000000000E+000   46.6188522559759     
 qcl:  0.000000000000000E+000  3.727082084022146E-004
 qci:  0.000000000000000E+000  7.359345249071943E-003
 qpl:  0.000000000000000E+000  2.496765778337799E-003
 qpi:  0.000000000000000E+000  0.000000000000000E+000
 qrad(K/day):  -89.5284119749953        83.7751953748022     
 shf: -0.958457196609864        41.6073188428212     
 lhf:   19.2998228470411        154.557561070017     
 uw: -6.371231712725260E-002  5.161751785655193E-002
 vw: -5.832506048834205E-002  5.320499397238312E-002
 sst:   300.000000000000        300.000000000000     
 ===========================
 total water budget:
 before (mm):         48.11095079384
 after (mm):          48.11104577838
 evaporation (mm):     0.00032764860
 precipitation (mm):   0.00023266406
 large-scale (mm):     0.00000000000
 Imbalance (mm)       0.00000000000
 evap (mm/day):  0.943627961005617     
 prec (mm/day):  0.670072493843930     
 ls (mm/day):  0.000000000000000E+000
 imbalance (mm/day)  1.275885647133990E-011
  imbalance (rel error):  1.476880671089878E-016
 ===========================
NSTEP =        297   NCYCLE=  4  CFL_adv= 0.381  CFL_sgs= 0.031
NSTEP =        298   NCYCLE=  4  CFL_adv= 0.373  CFL_sgs= 0.084
NSTEP =        299   NCYCLE=  4  CFL_adv= 0.371  CFL_sgs= 0.084
 Collecting statistics...
 name QCSTRG is missing in "lst" file.
 Writting statistics:nstatsteps=          15
 --------------- ISCCP Simulator Diagnostics: -----------------
 ISCCP PDF:
            0.0       0.3       1.3       3.6       9.4      23.0      60.0
    0.     0.002     0.001     0.000     0.000     0.000     0.001     0.018
  180.     0.006     0.001     0.001     0.002     0.002     0.002     0.002
  310.     0.000     0.000     0.000     0.000     0.000     0.000     0.000
  440.     0.000     0.000     0.000     0.000     0.000     0.000     0.000
  560.     0.000     0.000     0.000     0.000     0.000     0.000     0.000
  680.     0.000     0.000     0.000     0.000     0.000     0.000     0.000
  800.     0.000     0.000     0.000     0.000     0.000     0.000     0.000
 low cld area (tau > 0.3)=  0.000000000000000E+000
 mid cld area (tau > 0.3)=  0.000000000000000E+000
 hgh cld area (tau > 0.3)=  2.805648077101934E-002
 total cld area (tau > 0.3)=  2.805648077101934E-002
 mean albedo cld (tau > 0.3)   0.790366724954476     
 mean tau cld (tau > 0.3)    37.6348096925963     
 mean top pressure (tau > 0.3)   157.696978001601     
 mean brightness temp (tau > 0.3)   262.430056738755     
 mean clearsky brightness temp (tau > 0.3)   295.846854126925     
 --------------- MODIS Simulator Diagnostics: -----------------
 MODIS PDF:
                      0.3       1.3       3.6       9.4      23.0      60.0
    0.               0.000     0.000     0.000     0.001     0.001     0.018
  180.               0.001     0.001     0.001     0.001     0.001     0.001
  310.               0.000     0.000     0.000     0.000     0.000     0.000
  440.               0.000     0.000     0.000     0.000     0.000     0.000
  560.               0.000     0.000     0.000     0.000     0.000     0.000
  680.               0.000     0.000     0.000     0.000     0.000     0.000
  800.               0.000     0.000     0.000     0.000     0.000     0.000
 low cld area =  0.000000000000000E+000
 mid cld area =  0.000000000000000E+000
 hgh cld area =  2.805342901320684E-002
 total cld area =  2.805342901320684E-002
 mean tau cld    186.809306352365     
 mean top pressure    144.476118678329     
 total cld area (liquid) =  0.000000000000000E+000
 total cld area (ice) =  2.805342901320684E-002
 mean tau (liquid) =  -1.00000000000000     
 mean tau (ice) =   186.809306352365     
 mean lwp (g/m2) =  -1.00000000000000     
 mean iwp (g/m2) =   4922.85010647113     
 mean reff (liquid)  =  -1.00000000000000     
 mean reff (ice)  =   45.4660880831965     
 --------------- MISR Simulator Diagnostics: -----------------
 MISR PDF:
            0.0       0.3       1.3       3.6       9.4      23.0      60.0
 99.00     0.000     0.000     0.000     0.000     0.000     0.000     0.000
 17.00     0.000     0.000     0.000     0.000     0.000     0.000     0.014
 15.00     0.000     0.000     0.000     0.000     0.000     0.001     0.003
 13.00     0.000     0.000     0.001     0.001     0.001     0.001     0.002
 11.00     0.000     0.001     0.000     0.000     0.000     0.000     0.000
  9.00     0.000     0.000     0.000     0.000     0.000     0.000     0.000
  7.00     0.000     0.000     0.000     0.000     0.000     0.000     0.000
  5.00     0.000     0.000     0.000     0.000     0.000     0.000     0.000
  4.00     0.000     0.000     0.000     0.000     0.000     0.000     0.000
  3.00     0.000     0.000     0.000     0.000     0.000     0.000     0.000
  2.50     0.000     0.000     0.000     0.000     0.000     0.000     0.000
  2.00     0.000     0.000     0.000     0.000     0.000     0.000     0.000
  1.50     0.000     0.000     0.000     0.000     0.000     0.000     0.000
  1.00     0.000     0.000     0.000     0.000     0.000     0.000     0.000
  0.50     0.000     0.000     0.000     0.000     0.000     0.000     0.000
  0.00     0.000     0.001     0.000     0.000     0.000     0.000     0.000
 total cld area =  2.750066121419271E-002
 mean top height (m)   14047.1406274104     
 Writting history file 
 rcemip300sst_160_MaxIce20_dry3km90perc                                         
  
NSTEP =        300   NCYCLE=  4  CFL_adv= 0.362  CFL_sgs= 0.085
 DAY =   0.104166666666667     
 NSTEP=         300
 div:  4.141626441716421E-017 -4.919994858618930E-017
 SST=   300.000000000000     
 surface pressure=   1014.80000000000     
 u:  -9.32646686405715        10.9220090231645     
 v:  -9.10431289555257        9.38791042042849     
 w:  -5.59528779408139        3.46762956570663     
 p:  -31.4582445327775        22.7277772838040     
 t:   295.129755451403        473.333319339692     
 tabs:   200.692567675005        300.008328717080     
 qv:  5.592100774395150E-066  1.931660041534486E-002
 tke:  0.000000000000000E+000   8.89322023816835     
 tk:  0.000000000000000E+000   57.3721308197620     
 tkh:  0.000000000000000E+000   57.3721308197620     
 qcl:  0.000000000000000E+000  3.146983255421897E-004
 qci:  0.000000000000000E+000  7.258745118105980E-003
 qpl:  0.000000000000000E+000  2.211765199986844E-003
 qpi:  0.000000000000000E+000  0.000000000000000E+000
 qrad(K/day):  -89.5284119749953        83.7751953748022     
 shf: -0.921552065868066        37.0140192889973     
 lhf:   19.2535002900542        169.889775176128     
 uw: -6.269365622837068E-002  4.139650000582976E-002
 vw: -5.894079042285448E-002  5.920893581774669E-002
 sst:   300.000000000000        300.000000000000     
 ===========================
 total water budget:
 before (mm):         48.11136305293
 after (mm):          48.11148027863
 evaporation (mm):     0.00032712825
 precipitation (mm):   0.00020990255
 large-scale (mm):     0.00000000000
 Imbalance (mm)       0.00000000000
 evap (mm/day):  0.942129354226466     
 prec (mm/day):  0.604519347340420     
 ls (mm/day):  0.000000000000000E+000
 imbalance (mm/day) -6.588323636647076E-012
  imbalance (rel error):  0.000000000000000E+000
 ===========================
CPU TIME =     271.6192 OVER     0.50 MODEL HOURS
 Let's do some shortwave
 Range of zenith angles  0.732661695834013       0.732661695834013     
 Range of surface albedo (asdir)  3.383449086658900E-002  3.383449086658900E-002
 Range of surface albedo (aldir)  3.383449086658900E-002  3.383449086658900E-002
 Range of surface albedo (asdif)  6.000000000000000E-002  6.000000000000000E-002
 Range of surface albedo (aldif)  6.000000000000000E-002  6.000000000000000E-002
 radiation: perpetual sun, solin=   310.282738947623     
 longwave radiation is called
NSTEP =        301   NCYCLE=  4  CFL_adv= 0.364  CFL_sgs= 0.062
NSTEP =        302   NCYCLE=  3  CFL_adv= 0.467  CFL_sgs= 0.082
NSTEP =        303   NCYCLE=  3  CFL_adv= 0.453  CFL_sgs= 0.039
 Collecting statistics...
 name QCSTRG is missing in "lst" file.
NSTEP =        304   NCYCLE=  3  CFL_adv= 0.452  CFL_sgs= 0.080
 DAY =   0.105555555555556     
 NSTEP=         304
 div:  6.228060559060150E-017 -6.683930282677942E-017
 SST=   300.000000000000     
 surface pressure=   1014.80000000000     
 u:  -9.04970851145195        9.34921992832713     
 v:  -8.19144881529459        9.19898765952217     
 w:  -5.04484854579743        3.06425171580557     
 p:  -32.0872153108379        23.9382706027165     
 t:   295.209602192901        473.332197008655     
 tabs:   200.573343073705        300.232960417820     
 qv:  9.106835432621151E-066  1.933211089330819E-002
 tke:  0.000000000000000E+000   16.7570316238840     
 tk:  0.000000000000000E+000   55.0715913943972     
 tkh:  0.000000000000000E+000   55.0715913943972     
 qcl:  0.000000000000000E+000  6.768717983268881E-005
 qci:  0.000000000000000E+000  7.151402834844620E-003
 qpl:  0.000000000000000E+000  1.903205976741898E-003
 qpi:  0.000000000000000E+000  0.000000000000000E+000
 qrad(K/day):  -86.8812325801257        85.2902970919344     
 shf: -0.985667218689643        31.8705779070343     
 lhf:   19.3700140625389        182.999704997216     
 uw: -5.399140905433306E-002  4.416024475264446E-002
 vw: -5.209313802776713E-002  5.246519052917976E-002
 sst:   300.000000000000        300.000000000000     
 ===========================
 total water budget:
 before (mm):         48.11186405991
 after (mm):          48.11200285263
 evaporation (mm):     0.00032661208
 precipitation (mm):   0.00018781937
 large-scale (mm):     0.00000000000
 Imbalance (mm)       0.00000000000
 evap (mm/day):  0.940642797677889     
 prec (mm/day):  0.540919773938361     
 ls (mm/day):  0.000000000000000E+000
 imbalance (mm/day)  3.500287559798920E-009
  imbalance (rel error):  2.525415709405117E-014
 ===========================
NSTEP =        305   NCYCLE=  3  CFL_adv= 0.475  CFL_sgs= 0.114
NSTEP =        306   NCYCLE=  3  CFL_adv= 0.474  CFL_sgs= 0.076
 Let's do some shortwave
 Range of zenith angles  0.732661695834013       0.732661695834013     
 Range of surface albedo (asdir)  3.383449086658900E-002  3.383449086658900E-002
 Range of surface albedo (aldir)  3.383449086658900E-002  3.383449086658900E-002
 Range of surface albedo (asdif)  6.000000000000000E-002  6.000000000000000E-002
 Range of surface albedo (aldif)  6.000000000000000E-002  6.000000000000000E-002
 radiation: perpetual sun, solin=   310.282738962097     
 longwave radiation is called
NSTEP =        307   NCYCLE=  4  CFL_adv= 0.376  CFL_sgs= 0.079
 Collecting statistics...
 name QCSTRG is missing in "lst" file.
NSTEP =        308   NCYCLE=  4  CFL_adv= 0.402  CFL_sgs= 0.084
 DAY =   0.106944444444444     
 NSTEP=         308
 div:  5.357988963600336E-017 -5.404579070120940E-017
 SST=   300.000000000000     
 surface pressure=   1014.80000000000     
 u:  -9.03235189099164        8.75059288341504     
 v:  -8.15923542402049        9.42818424513999     
 w:  -5.69749786835872        3.07321922943921     
 p:  -36.1612980605160        20.3759232850734     
 t:   295.459399149653        473.328653360788     
 tabs:   200.452888227439        300.541759603718     
 qv:  1.873265856656092E-065  1.932951460216878E-002
 tke:  0.000000000000000E+000   15.6423040089152     
 tk:  0.000000000000000E+000   51.9085467907653     
 tkh:  0.000000000000000E+000   51.9085467907653     
 qcl:  0.000000000000000E+000  6.704016902229168E-005
 qci:  0.000000000000000E+000  7.074116015340230E-003
 qpl:  0.000000000000000E+000  1.768444739087731E-003
 qpi:  0.000000000000000E+000  0.000000000000000E+000
 qrad(K/day):  -85.9255740387161        99.6802416167584     
 shf:  -1.08214126882157        29.9459895213168     
 lhf:   19.2772186909533        199.774704786773     
 uw: -4.794524984140931E-002  4.996623780520846E-002
 vw: -5.188942529905632E-002  6.726310872502439E-002
 sst:   300.000000000000        300.000000000000     
 ===========================
 total water budget:
 before (mm):         48.11245244208
 after (mm):          48.11261318057
 evaporation (mm):     0.00032606005
 precipitation (mm):   0.00016532156
 large-scale (mm):     0.00000000000
 Imbalance (mm)       0.00000000000
 evap (mm/day):  0.939052943025480     
 prec (mm/day):  0.476126093492278     
 ls (mm/day):  0.000000000000000E+000
 imbalance (mm/day) -3.607895232571323E-012
  imbalance (rel error):  0.000000000000000E+000
 ===========================
NSTEP =        309   NCYCLE=  4  CFL_adv= 0.442  CFL_sgs= 0.083
NSTEP =        310   NCYCLE=  4  CFL_adv= 0.461  CFL_sgs= 0.082
NSTEP =        311   NCYCLE=  5  CFL_adv= 0.388  CFL_sgs= 0.065
 Collecting statistics...
 name QCSTRG is missing in "lst" file.
NSTEP =        312   NCYCLE=  5  CFL_adv= 0.395  CFL_sgs= 0.062
 DAY =   0.108333333333333     
 NSTEP=         312
 div:  5.755422149464618E-017 -5.925477796114314E-017
 SST=   300.000000000000     
 surface pressure=   1014.80000000000     
 u:  -9.11591814161536        8.45881551154184     
 v:  -8.53176482450662        9.72411404952441     
 w:  -5.89133606480661        2.63338997801719     
 p:  -37.1386405670641        17.6446744328891     
 t:   295.827325016854        473.330312691551     
 tabs:   200.533391353092        300.614516918650     
 qv:  3.568118012612831E-065  1.931438802652215E-002
 tke:  0.000000000000000E+000   18.2847718273505     
 tk:  0.000000000000000E+000   46.0914126617316     
 tkh:  0.000000000000000E+000   46.0914126617316     
 qcl:  0.000000000000000E+000  2.718761155726346E-005
 qci:  0.000000000000000E+000  6.918418290390904E-003
 qpl:  0.000000000000000E+000  1.591676129364168E-003
 qpi:  0.000000000000000E+000  0.000000000000000E+000
 qrad(K/day):  -85.9255740387161        99.6802416167584     
 shf:  -1.06322043781091        31.4611609467009     
 lhf:   19.2279001364695        225.583171591528     
 uw: -4.487093641973559E-002  4.874806349455472E-002
 vw: -4.823507918265262E-002  5.818632000160666E-002
 sst:   300.000000000000        300.000000000000     
 ===========================
 total water budget:
 before (mm):         48.11312520993
 after (mm):          48.11330435103
 evaporation (mm):     0.00032550532
 precipitation (mm):   0.00014636422
 large-scale (mm):     0.00000000000
 Imbalance (mm)       0.00000000000
 evap (mm/day):  0.937455308961397     
 prec (mm/day):  0.421528950426845     
 ls (mm/day):  0.000000000000000E+000
 imbalance (mm/day) -1.352324502379432E-011
  imbalance (rel error):  0.000000000000000E+000
 ===========================
 Let's do some shortwave
 Range of zenith angles  0.732661695834013       0.732661695834013     
 Range of surface albedo (asdir)  3.383449086658900E-002  3.383449086658900E-002
 Range of surface albedo (aldir)  3.383449086658900E-002  3.383449086658900E-002
 Range of surface albedo (asdif)  6.000000000000000E-002  6.000000000000000E-002
 Range of surface albedo (aldif)  6.000000000000000E-002  6.000000000000000E-002
 radiation: perpetual sun, solin=   310.282738971124     
 longwave radiation is called
NSTEP =        313   NCYCLE=  5  CFL_adv= 0.395  CFL_sgs= 0.071
NSTEP =        314   NCYCLE=  4  CFL_adv= 0.469  CFL_sgs= 0.076
NSTEP =        315   NCYCLE=  4  CFL_adv= 0.443  CFL_sgs= 0.070
 Collecting statistics...
 name QCSTRG is missing in "lst" file.
NSTEP =        316   NCYCLE=  4  CFL_adv= 0.415  CFL_sgs= 0.068
 DAY =   0.109722222222222     
 NSTEP=         316
 div:  7.521923490598949E-017 -6.078668080124377E-017
 SST=   300.000000000000     
 surface pressure=   1014.80000000000     
 u:  -9.27868062150144        8.53128044956509     
 v:  -8.36062278415025        10.2079089075280     
 w:  -4.68184081424434        2.65106573364884     
 p:  -35.8640732199914        20.8555782759154     
 t:   296.152905838540        473.331639098395     
 tabs:   200.733504579218        300.580224130361     
 qv:  4.302073474235402E-065  1.932502568274438E-002
 tke:  0.000000000000000E+000   10.2025488702328     
 tk:  0.000000000000000E+000   47.9555141005088     
 tkh:  0.000000000000000E+000   47.9555141005088     
 qcl:  0.000000000000000E+000  2.456351756987742E-005
 qci:  0.000000000000000E+000  6.800425223826382E-003
 qpl:  0.000000000000000E+000  1.387484140897353E-003
 qpi:  0.000000000000000E+000  0.000000000000000E+000
 qrad(K/day):  -84.5621426502776        95.1294737589310     
 shf:  -1.03585410467650        28.5399542162433     
 lhf:   19.4750686636332        215.229876151827     
 uw: -4.567804015571880E-002  5.143291321568660E-002
 vw: -5.402269168343614E-002  6.810729304144469E-002
 sst:   300.000000000000        300.000000000000     
 ===========================
 total water budget:
 before (mm):         48.11386436209
 after (mm):          48.11405867916
 evaporation (mm):     0.00032494090
 precipitation (mm):   0.00013062383
 large-scale (mm):     0.00000000000
 Imbalance (mm)       0.00000000000
 evap (mm/day):  0.935829794125063     
 prec (mm/day):  0.376196622426247     
 ls (mm/day):  0.000000000000000E+000
 imbalance (mm/day)  2.718762714959411E-012
  imbalance (rel error):  0.000000000000000E+000
 ===========================
NSTEP =        317   NCYCLE=  4  CFL_adv= 0.392  CFL_sgs= 0.067
NSTEP =        318   NCYCLE=  4  CFL_adv= 0.359  CFL_sgs= 0.066
 Let's do some shortwave
 Range of zenith angles  0.732661695834013       0.732661695834013     
 Range of surface albedo (asdir)  3.383449086658900E-002  3.383449086658900E-002
 Range of surface albedo (aldir)  3.383449086658900E-002  3.383449086658900E-002
 Range of surface albedo (asdif)  6.000000000000000E-002  6.000000000000000E-002
 Range of surface albedo (aldif)  6.000000000000000E-002  6.000000000000000E-002
 radiation: perpetual sun, solin=   310.282738975285     
 longwave radiation is called
NSTEP =        319   NCYCLE=  3  CFL_adv= 0.456  CFL_sgs= 0.087
 Collecting statistics...
 name QCSTRG is missing in "lst" file.
NSTEP =        320   NCYCLE=  3  CFL_adv= 0.470  CFL_sgs= 0.089
 DAY =   0.111111111111111     
 NSTEP=         320
 div:  1.005587769023637E-016 -8.122765504498423E-017
 SST=   300.000000000000     
 surface pressure=   1014.80000000000     
 u:  -9.34135194112631        9.15909311136086     
 v:  -8.86930777014600        9.65588912607633     
 w:  -4.01718182707163        2.65205836530205     
 p:  -35.5818364652617        23.2199202816957     
 t:   296.536844814690        473.333767441778     
 tabs:   200.722587996844        300.755296368961     
 qv:  5.104802652701580E-065  1.935482648158271E-002
 tke:  0.000000000000000E+000   3.23904208916049     
 tk:  0.000000000000000E+000   44.9933473496395     
 tkh:  0.000000000000000E+000   44.9933473496395     
 qcl:  0.000000000000000E+000  1.777154355178904E-005
 qci:  0.000000000000000E+000  6.670019569058121E-003
 qpl:  0.000000000000000E+000  1.180394032801403E-003
 qpi:  0.000000000000000E+000  0.000000000000000E+000
 qrad(K/day):  -78.0459379018973        91.0432424379343     
 shf:  -1.01737194793899        24.6383339171264     
 lhf:   19.4775310855466        219.607097442623     
 uw: -4.297287841765451E-002  4.562173136886155E-002
 vw: -5.211210736933978E-002  6.152187486853540E-002
 sst:   300.000000000000        300.000000000000     
 ===========================
 total water budget:
 before (mm):         48.11466375095
 after (mm):          48.11487257631
 evaporation (mm):     0.00032434314
 precipitation (mm):   0.00011551778
 large-scale (mm):     0.00000000000
 Imbalance (mm)      -0.00000000000
 evap (mm/day):  0.934108231263195     
 prec (mm/day):  0.332691201358672     
 ls (mm/day):  0.000000000000000E+000
 imbalance (mm/day) -6.848076793131153E-012
  imbalance (rel error): -1.476763207952410E-016
 ===========================
NSTEP =        321   NCYCLE=  4  CFL_adv= 0.366  CFL_sgs= 0.033
NSTEP =        322   NCYCLE=  4  CFL_adv= 0.386  CFL_sgs= 0.086
NSTEP =        323   NCYCLE=  4  CFL_adv= 0.384  CFL_sgs= 0.083
 Collecting statistics...
 name QCSTRG is missing in "lst" file.
NSTEP =        324   NCYCLE=  4  CFL_adv= 0.361  CFL_sgs= 0.080
 DAY =   0.112500000000000     
 NSTEP=         324
 div:  7.486958112572491E-017 -6.257478234972168E-017
 SST=   300.000000000000     
 surface pressure=   1014.80000000000     
 u:  -9.19495815684281        8.62495033913032     
 v:  -8.87559419374625        9.21515299237686     
 w:  -4.08483389062899        3.09629409085640     
 p:  -32.8381769534264        21.6712899497227     
 t:   296.868706448780        473.334832479314     
 tabs:   200.810032234715        300.725874116150     
 qv:  7.223510451344843E-065  1.938961886427173E-002
 tke:  0.000000000000000E+000   13.6743750426445     
 tk:  0.000000000000000E+000   43.2603018330347     
 tkh:  0.000000000000000E+000   43.2603018330347     
 qcl:  0.000000000000000E+000  0.000000000000000E+000
 qci:  0.000000000000000E+000  6.576055826944785E-003
 qpl:  0.000000000000000E+000  1.022784829185828E-003
 qpi:  0.000000000000000E+000  0.000000000000000E+000
 qrad(K/day):  -78.0459379018973        91.0432424379343     
 shf: -0.972068255126306        21.2375867335229     
 lhf:   19.6191041100681        199.176655326042     
 uw: -4.555376564178368E-002  3.857249868340102E-002
 vw: -5.049500039467715E-002  5.353544081047512E-002
 sst:   300.000000000000        300.000000000000     
 ===========================
 total water budget:
 before (mm):         48.11551903363
 after (mm):          48.11574095665
 evaporation (mm):     0.00032371346
 precipitation (mm):   0.00010179044
 large-scale (mm):     0.00000000000
 Imbalance (mm)       0.00000000000
 evap (mm/day):  0.932294771082454     
 prec (mm/day):  0.293156469608137     
 ls (mm/day):  0.000000000000000E+000
 imbalance (mm/day)  1.317492989705293E-011
  imbalance (rel error):  1.476736555715175E-016
 ===========================
 Let's do some shortwave
 Range of zenith angles  0.732661695834013       0.732661695834013     
 Range of surface albedo (asdir)  3.383449086658900E-002  3.383449086658900E-002
 Range of surface albedo (aldir)  3.383449086658900E-002  3.383449086658900E-002
 Range of surface albedo (asdif)  6.000000000000000E-002  6.000000000000000E-002
 Range of surface albedo (aldif)  6.000000000000000E-002  6.000000000000000E-002
 radiation: perpetual sun, solin=   310.282738975028     
 longwave radiation is called
NSTEP =        325   NCYCLE=  4  CFL_adv= 0.363  CFL_sgs= 0.077
NSTEP =        326   NCYCLE=  3  CFL_adv= 0.451  CFL_sgs= 0.100
NSTEP =        327   NCYCLE=  3  CFL_adv= 0.413  CFL_sgs= 0.114
 Collecting statistics...
 name QCSTRG is missing in "lst" file.
NSTEP =        328   NCYCLE=  3  CFL_adv= 0.414  CFL_sgs= 0.095
 DAY =   0.113888888888889     
 NSTEP=         328
 div:  1.356178183765225E-016 -8.150626033481447E-017
 SST=   300.000000000000     
 surface pressure=   1014.80000000000     
 u:  -10.0101322376738        8.54750793871444     
 v:  -8.83912015440153        9.27141899863336     
 w:  -4.56703512273652        2.85475922293315     
 p:  -29.6948124627573        20.8381623585090     
 t:   297.058410500355        473.343102936685     
 tabs:   200.746354624414        301.179849218712     
 qv:  1.778562805452069E-064  1.934988784822721E-002
 tke:  0.000000000000000E+000   15.5108773798937     
 tk:  0.000000000000000E+000   56.5713906767405     
 tkh:  0.000000000000000E+000   56.5713906767405     
 qcl:  0.000000000000000E+000  4.992904275781751E-005
 qci:  0.000000000000000E+000  6.535692958403853E-003
 qpl:  0.000000000000000E+000  9.499840830019123E-004
 qpi:  0.000000000000000E+000  0.000000000000000E+000
 qrad(K/day):  -75.3932630588189        91.7896484595689     
 shf: -0.822476289196224        18.9591274250729     
 lhf:   19.6112592947044        178.680054231658     
 uw: -4.053504255503706E-002  3.546976280074675E-002
 vw: -5.327068652539305E-002  4.527800353679109E-002
 sst:   300.000000000000        300.000000000000     
 ===========================
 total water budget:
 before (mm):         48.11642744938
 after (mm):          48.11666350888
 evaporation (mm):     0.00032309995
 precipitation (mm):   0.00008704045
 large-scale (mm):     0.00000000000
 Imbalance (mm)       0.00000000000
 evap (mm/day):  0.930527856803565     
 prec (mm/day):  0.250676486503678     
 ls (mm/day):  0.000000000000000E+000
 imbalance (mm/day)  5.300096299343249E-012
  imbalance (rel error):  0.000000000000000E+000
 ===========================
NSTEP =        329   NCYCLE=  3  CFL_adv= 0.414  CFL_sgs= 0.110
NSTEP =        330   NCYCLE=  3  CFL_adv= 0.378  CFL_sgs= 0.108
 Let's do some shortwave
 Range of zenith angles  0.732661695834013       0.732661695834013     
 Range of surface albedo (asdir)  3.383449086658900E-002  3.383449086658900E-002
 Range of surface albedo (aldir)  3.383449086658900E-002  3.383449086658900E-002
 Range of surface albedo (asdif)  6.000000000000000E-002  6.000000000000000E-002
 Range of surface albedo (aldif)  6.000000000000000E-002  6.000000000000000E-002
 radiation: perpetual sun, solin=   310.282738971105     
 longwave radiation is called
NSTEP =        331   NCYCLE=  3  CFL_adv= 0.375  CFL_sgs= 0.038
 Collecting statistics...
 name QCSTRG is missing in "lst" file.
NSTEP =        332   NCYCLE=  3  CFL_adv= 0.373  CFL_sgs= 0.106
 DAY =   0.115277777777778     
 NSTEP=         332
 div:  1.265555799637373E-016 -9.568362108705383E-017
 SST=   300.000000000000     
 surface pressure=   1014.80000000000     
 u:  -8.87542172383664        8.45599774948315     
 v:  -8.91151682572455        8.38727531977607     
 w:  -5.08782243475623        2.80729086309253     
 p:  -27.2228738082585        18.4966572927425     
 t:   297.229832273172        473.333590705670     
 tabs:   200.809520327629        301.720943502531     
 qv:  1.204656559069901E-063  1.936071177433544E-002
 tke:  0.000000000000000E+000   13.3587420363845     
 tk:  0.000000000000000E+000   46.8381491869144     
 tkh:  0.000000000000000E+000   46.8381491869144     
 qcl:  0.000000000000000E+000  6.929375790413480E-005
 qci:  0.000000000000000E+000  6.483216400856162E-003
 qpl:  0.000000000000000E+000  8.852236320520565E-004
 qpi:  0.000000000000000E+000  0.000000000000000E+000
 qrad(K/day):  -76.9609802289217        95.6622997056330     
 shf:  -1.38865582864996        17.5605281482315     
 lhf:   19.5776284708493        173.113168328026     
 uw: -3.553251988555364E-002  3.323825080379332E-002
 vw: -4.996300291126939E-002  5.038796406793881E-002
 sst:   300.000000000000        300.000000000000     
 ===========================
 total water budget:
 before (mm):         48.11739166202
 after (mm):          48.11764073365
 evaporation (mm):     0.00032251609
 precipitation (mm):   0.00007344446
 large-scale (mm):     0.00000000000
 Imbalance (mm)       0.00000000000
 evap (mm/day):  0.928846329992332     
 prec (mm/day):  0.211520037472354     
 ls (mm/day):  0.000000000000000E+000
 imbalance (mm/day)  2.124472472941896E-012
  imbalance (rel error):  0.000000000000000E+000
 ===========================
NSTEP =        333   NCYCLE=  3  CFL_adv= 0.367  CFL_sgs= 0.102
NSTEP =        334   NCYCLE=  3  CFL_adv= 0.357  CFL_sgs= 0.118
NSTEP =        335   NCYCLE=  3  CFL_adv= 0.350  CFL_sgs= 0.098
 Collecting statistics...
 name QCSTRG is missing in "lst" file.
NSTEP =        336   NCYCLE=  3  CFL_adv= 0.358  CFL_sgs= 0.114
 DAY =   0.116666666666667     
 NSTEP=         336
 div:  1.265578342885706E-016 -8.435258809335666E-017
 SST=   300.000000000000     
 surface pressure=   1014.80000000000     
 u:  -9.09768517955462        8.15099001958250     
 v:  -7.99285513654065        8.02166867745465     
 w:  -5.72371587572716        2.93216705420727     
 p:  -27.0185446339999        17.3922978316179     
 t:   297.346719833624        473.336388314812     
 tabs:   200.852503838933        301.647247108315     
 qv:  3.738904455548794E-063  1.939108021600913E-002
 tke:  0.000000000000000E+000   12.0486706217015     
 tk:  0.000000000000000E+000   40.9640859419069     
 tkh:  0.000000000000000E+000   40.9640859419069     
 qcl:  0.000000000000000E+000  4.374724916735592E-006
 qci:  0.000000000000000E+000  6.429673780786924E-003
 qpl:  0.000000000000000E+000  8.906721964470293E-004
 qpi:  0.000000000000000E+000  0.000000000000000E+000
 qrad(K/day):  -76.9609802289217        95.6622997056330     
 shf:  -1.45110522300637        16.2627228403483     
 lhf:   19.4035390259655        165.769545595633     
 uw: -3.350940337780670E-002  3.327082134635934E-002
 vw: -4.997535656134047E-002  4.490929227322579E-002
 sst:   300.000000000000        300.000000000000     
 ===========================
 total water budget:
 before (mm):         48.11840416768
 after (mm):          48.11866294431
 evaporation (mm):     0.00032195978
 precipitation (mm):   0.00006318315
 large-scale (mm):     0.00000000000
 Imbalance (mm)       0.00000000000
 evap (mm/day):  0.927244157820439     
 prec (mm/day):  0.181967466642949     
 ls (mm/day):  0.000000000000000E+000
 imbalance (mm/day)  2.494399218427867E-011
  imbalance (rel error):  2.953293762889492E-016
 ===========================
 Let's do some shortwave
 Range of zenith angles  0.732661695834013       0.732661695834013     
 Range of surface albedo (asdir)  3.383449086658900E-002  3.383449086658900E-002
 Range of surface albedo (aldir)  3.383449086658900E-002  3.383449086658900E-002
 Range of surface albedo (asdif)  6.000000000000000E-002  6.000000000000000E-002
 Range of surface albedo (aldif)  6.000000000000000E-002  6.000000000000000E-002
 radiation: perpetual sun, solin=   310.282738964435     
 longwave radiation is called
NSTEP =        337   NCYCLE=  3  CFL_adv= 0.367  CFL_sgs= 0.097
NSTEP =        338   NCYCLE=  3  CFL_adv= 0.369  CFL_sgs= 0.112
NSTEP =        339   NCYCLE=  3  CFL_adv= 0.369  CFL_sgs= 0.093
 Collecting statistics...
 name QCSTRG is missing in "lst" file.
NSTEP =        340   NCYCLE=  3  CFL_adv= 0.364  CFL_sgs= 0.091
 DAY =   0.118055555555556     
 NSTEP=         340
 div:  1.346164723400597E-016 -8.458389278937732E-017
 SST=   300.000000000000     
 surface pressure=   1014.80000000000     
 u:  -8.09121221803250        8.55414064765036     
 v:  -7.94539164378285        8.38848937039424     
 w:  -5.63792062931793        2.61693141769577     
 p:  -27.1852610658682        17.5228446051942     
 t:   297.664650071235        473.344102353562     
 tabs:   200.751884265436        301.418129039896     
 qv:  1.727235415551126E-062  1.940279419022332E-002
 tke:  0.000000000000000E+000   10.3276936485132     
 tk:  0.000000000000000E+000   40.4824087670395     
 tkh:  0.000000000000000E+000   40.4824087670395     
 qcl:  0.000000000000000E+000  3.992659857273436E-006
 qci:  0.000000000000000E+000  6.362454317037317E-003
 qpl:  0.000000000000000E+000  8.163038838275986E-004
 qpi:  0.000000000000000E+000  0.000000000000000E+000
 qrad(K/day):  -80.5240409638252        105.868049153768     
 shf:  -2.04123367878849        14.7700130300639     
 lhf:   19.2373433452003        156.315486922910     
 uw: -3.274766214383020E-002  3.677442831485141E-002
 vw: -5.581944183148118E-002  5.501061321213719E-002
 sst:   300.000000000000        300.000000000000     
 ===========================
 total water budget:
 before (mm):         48.11944899899
 after (mm):          48.11971399582
 evaporation (mm):     0.00032139724
 precipitation (mm):   0.00005640041
 large-scale (mm):     0.00000000000
 Imbalance (mm)       0.00000000000
 evap (mm/day):  0.925624047374320     
 prec (mm/day):  0.162433167174834     
 ls (mm/day):  0.000000000000000E+000
 imbalance (mm/day)  1.642927981160280E-011
  imbalance (rel error):  1.476614627887862E-016
 ===========================
NSTEP =        341   NCYCLE=  3  CFL_adv= 0.357  CFL_sgs= 0.090
NSTEP =        342   NCYCLE=  3  CFL_adv= 0.348  CFL_sgs= 0.093
 Let's do some shortwave
 Range of zenith angles  0.732661695834013       0.732661695834013     
 Range of surface albedo (asdir)  3.383449086658900E-002  3.383449086658900E-002
 Range of surface albedo (aldir)  3.383449086658900E-002  3.383449086658900E-002
 Range of surface albedo (asdif)  6.000000000000000E-002  6.000000000000000E-002
 Range of surface albedo (aldif)  6.000000000000000E-002  6.000000000000000E-002
 radiation: perpetual sun, solin=   310.282738956083     
 longwave radiation is called
NSTEP =        343   NCYCLE=  3  CFL_adv= 0.340  CFL_sgs= 0.089
 Collecting statistics...
 name QCSTRG is missing in "lst" file.
NSTEP =        344   NCYCLE=  3  CFL_adv= 0.334  CFL_sgs= 0.116
 DAY =   0.119444444444444     
 NSTEP=         344
 div:  1.271254471497841E-016 -9.416387222434120E-017
 SST=   300.000000000000     
 surface pressure=   1014.80000000000     
 u:  -8.29858554132115        7.77692078553826     
 v:  -8.06837513619678        8.31145533113105     
 w:  -4.88639680986373        2.40792823472542     
 p:  -27.6497223139926        19.3326104657310     
 t:   297.853428499571        473.336515671106     
 tabs:   200.715558059632        301.093883989424     
 qv:  1.534387857882763E-061  1.936929585814969E-002
 tke:  0.000000000000000E+000   7.90456172419073     
 tk:  0.000000000000000E+000   35.1483361668994     
 tkh:  0.000000000000000E+000   35.1483361668994     
 qcl:  0.000000000000000E+000  9.667856347043421E-006
 qci:  0.000000000000000E+000  6.287013989354293E-003
 qpl:  0.000000000000000E+000  7.379672273741454E-004
 qpi:  0.000000000000000E+000  0.000000000000000E+000
 qrad(K/day):  -80.9793354749684        104.239800152115     
 shf:  -2.69711434397576        13.4518973491058     
 lhf:   19.0806645697686        154.823493339692     
 uw: -3.498951632900896E-002  3.309358873276815E-002
 vw: -5.137042423703329E-002  5.085849343101672E-002
 sst:   300.000000000000        300.000000000000     
 ===========================
 total water budget:
 before (mm):         48.12051709638
 after (mm):          48.12078734745
 evaporation (mm):     0.00032081940
 precipitation (mm):   0.00005056833
 large-scale (mm):     0.00000000000
 Imbalance (mm)       0.00000000000
 evap (mm/day):  0.923959877283629     
 prec (mm/day):  0.145636786862899     
 ls (mm/day):  0.000000000000000E+000
 imbalance (mm/day)  1.669496572237472E-011
  imbalance (rel error):  1.476581691462635E-016
 ===========================
NSTEP =        345   NCYCLE=  3  CFL_adv= 0.326  CFL_sgs= 0.078
NSTEP =        346   NCYCLE=  2  CFL_adv= 0.476  CFL_sgs= 0.172
NSTEP =        347   NCYCLE=  2  CFL_adv= 0.462  CFL_sgs= 0.167
 Collecting statistics...
 name QCSTRG is missing in "lst" file.
NSTEP =        348   NCYCLE=  2  CFL_adv= 0.456  CFL_sgs= 0.169
 DAY =   0.120833333333333     
 NSTEP=         348
 div:  2.047041168660479E-016 -1.186102450904607E-016
 SST=   300.000000000000     
 surface pressure=   1014.80000000000     
 u:  -7.84424467360263        8.56855621886961     
 v:  -7.59203852448271        8.30800814678285     
 w:  -4.32031523034378        2.49853623939868     
 p:  -25.5204918319538        19.9216173429435     
 t:   297.931232114778        473.336913119614     
 tabs:   200.747023528565        300.907544168430     
 qv:  2.587607262390006E-061  1.938527397488444E-002
 tke:  0.000000000000000E+000   15.3222425765447     
 tk:  0.000000000000000E+000   33.0909928319404     
 tkh:  0.000000000000000E+000   33.0909928319404     
 qcl:  0.000000000000000E+000  1.463238266446056E-005
 qci:  0.000000000000000E+000  6.198065037540623E-003
 qpl:  0.000000000000000E+000  8.359680606777691E-004
 qpi:  0.000000000000000E+000  0.000000000000000E+000
 qrad(K/day):  -80.9793354749684        104.239800152115     
 shf:  -2.83811996361266        12.6782887230775     
 lhf:   18.9754112694578        153.080620732000     
 uw: -4.114228688428444E-002  3.302632822791415E-002
 vw: -5.525921030976379E-002  4.887047212080194E-002
 sst:   300.000000000000        300.000000000000     
 ===========================
 total water budget:
 before (mm):         48.12160581501
 after (mm):          48.12188106619
 evaporation (mm):     0.00032021844
 precipitation (mm):   0.00004496726
 large-scale (mm):     0.00000000000
 Imbalance (mm)       0.00000000000
 evap (mm/day):  0.922229097075835     
 prec (mm/day):  0.129505711905655     
 ls (mm/day):  0.000000000000000E+000
 imbalance (mm/day)  9.490357718439091E-012
  imbalance (rel error):  0.000000000000000E+000
 ===========================
 Let's do some shortwave
 Range of zenith angles  0.732661695834013       0.732661695834013     
 Range of surface albedo (asdir)  3.383449086658900E-002  3.383449086658900E-002
 Range of surface albedo (aldir)  3.383449086658900E-002  3.383449086658900E-002
 Range of surface albedo (asdif)  6.000000000000000E-002  6.000000000000000E-002
 Range of surface albedo (aldif)  6.000000000000000E-002  6.000000000000000E-002
 radiation: perpetual sun, solin=   310.282738946836     
 longwave radiation is called
NSTEP =        349   NCYCLE=  2  CFL_adv= 0.450  CFL_sgs= 0.164
NSTEP =        350   NCYCLE=  2  CFL_adv= 0.445  CFL_sgs= 0.159
NSTEP =        351   NCYCLE=  2  CFL_adv= 0.439  CFL_sgs= 0.156
 Collecting statistics...
 name QCSTRG is missing in "lst" file.
NSTEP =        352   NCYCLE=  2  CFL_adv= 0.438  CFL_sgs= 0.166
 DAY =   0.122222222222222     
 NSTEP=         352
 div:  2.103741549609434E-016 -1.330531416202526E-016
 SST=   300.000000000000     
 surface pressure=   1014.80000000000     
 u:  -8.33443909942808        7.73084998614105     
 v:  -9.18026784621915        8.34292581158994     
 w:  -4.22430197774478        2.62815999426613     
 p:  -22.1680747665212        17.7096420282511     
 t:   298.037089866868        473.334928577644     
 tabs:   200.848774836040        301.085021811819     
 qv:  5.089501113497400E-061  1.940087277762079E-002
 tke:  0.000000000000000E+000   14.2840352561225     
 tk:  0.000000000000000E+000   32.1954374151478     
 tkh:  0.000000000000000E+000   32.1954374151478     
 qcl:  0.000000000000000E+000  1.688922134430471E-005
 qci:  0.000000000000000E+000  6.058263683452316E-003
 qpl:  0.000000000000000E+000  7.382402479982112E-004
 qpi:  0.000000000000000E+000  0.000000000000000E+000
 qrad(K/day):  -79.1487718317255        103.023563799161     
 shf:  -2.65290791427588        11.3895685441862     
 lhf:   18.9767005023682        145.735274816315     
 uw: -4.016427399552933E-002  3.337039890058340E-002
 vw: -5.502550382273629E-002  4.551822508351641E-002
 sst:   300.000000000000        300.000000000000     
 ===========================
 total water budget:
 before (mm):         48.12271355213
 after (mm):          48.12299314869
 evaporation (mm):     0.00031954341
 precipitation (mm):   0.00003994685
 large-scale (mm):     0.00000000000
 Imbalance (mm)       0.00000000000
 evap (mm/day):  0.920285008145037     
 prec (mm/day):  0.115046926880434     
 ls (mm/day):  0.000000000000000E+000
 imbalance (mm/day)  1.741990536194282E-010
  imbalance (rel error):  1.328862608791266E-015
 ===========================
NSTEP =        353   NCYCLE=  2  CFL_adv= 0.437  CFL_sgs= 0.158
NSTEP =        354   NCYCLE=  2  CFL_adv= 0.433  CFL_sgs= 0.151
 Let's do some shortwave
 Range of zenith angles  0.732661695834013       0.732661695834013     
 Range of surface albedo (asdir)  3.383449086658900E-002  3.383449086658900E-002
 Range of surface albedo (aldir)  3.383449086658900E-002  3.383449086658900E-002
 Range of surface albedo (asdif)  6.000000000000000E-002  6.000000000000000E-002
 Range of surface albedo (aldif)  6.000000000000000E-002  6.000000000000000E-002
 radiation: perpetual sun, solin=   310.282738937515     
 longwave radiation is called
NSTEP =        355   NCYCLE=  2  CFL_adv= 0.428  CFL_sgs= 0.146
 Collecting statistics...
 name QCSTRG is missing in "lst" file.
NSTEP =        356   NCYCLE=  2  CFL_adv= 0.423  CFL_sgs= 0.140
 DAY =   0.123611111111111     
 NSTEP=         356
 div:  1.831783659730318E-016 -1.380867031250523E-016
 SST=   300.000000000000     
 surface pressure=   1014.80000000000     
 u:  -8.63701424890593        8.03331066785899     
 v:  -8.82270444976552        8.38254515777290     
 w:  -4.05867376350666        2.44610679414703     
 p:  -20.4875605943285        15.7686123048046     
 t:   298.134497280070        473.334373757028     
 tabs:   200.888595440980        301.162680775860     
 qv:  7.946913517299496E-061  1.941126643845160E-002
 tke:  0.000000000000000E+000   15.0218361440758     
 tk:  0.000000000000000E+000   36.9091088903307     
 tkh:  0.000000000000000E+000   36.9091088903307     
 qcl:  0.000000000000000E+000  9.603537516798772E-006
 qci:  0.000000000000000E+000  5.979308351957660E-003
 qpl:  0.000000000000000E+000  5.660086506862937E-004
 qpi:  0.000000000000000E+000  0.000000000000000E+000
 qrad(K/day):  -76.8015743941153        101.307264640264     
 shf:  -2.45358422169297        10.5832588305443     
 lhf:   18.7534997285850        143.254645418195     
 uw: -3.637524563763961E-002  2.962314305824586E-002
 vw: -5.047373390695434E-002  4.003484103822602E-002
 sst:   300.000000000000        300.000000000000     
 ===========================
 total water budget:
 before (mm):         48.12383730766
 after (mm):          48.12412022089
 evaporation (mm):     0.00031881979
 precipitation (mm):   0.00003590656
 large-scale (mm):     0.00000000000
 Imbalance (mm)       0.00000000000
 evap (mm/day):  0.918200986392748     
 prec (mm/day):  0.103410894087182     
 ls (mm/day):  0.000000000000000E+000
 imbalance (mm/day)  2.167787629091256E-010
  imbalance (rel error):  1.624127372611987E-015
 ===========================
NSTEP =        357   NCYCLE=  2  CFL_adv= 0.421  CFL_sgs= 0.162
NSTEP =        358   NCYCLE=  2  CFL_adv= 0.402  CFL_sgs= 0.154
NSTEP =        359   NCYCLE=  2  CFL_adv= 0.394  CFL_sgs= 0.147
 Writting radiation restart file...
mv: cannot stat './RESTART/bubble_rcemip300sst_160_MaxIce20_dry3km90perc_64_restart_rad.bin': No such file or directory
 Saved radiation restart file. nstep=         360
 Collecting statistics...
 name QCSTRG is missing in "lst" file.
 Writting statistics:nstatsteps=          15
 --------------- ISCCP Simulator Diagnostics: -----------------
 ISCCP PDF:
            0.0       0.3       1.3       3.6       9.4      23.0      60.0
    0.     0.006     0.001     0.000     0.000     0.000     0.001     0.019
  180.     0.005     0.002     0.002     0.002     0.002     0.002     0.002
  310.     0.000     0.000     0.000     0.000     0.000     0.000     0.000
  440.     0.000     0.000     0.000     0.000     0.000     0.000     0.000
  560.     0.000     0.000     0.000     0.000     0.000     0.000     0.000
  680.     0.000     0.000     0.000     0.000     0.000     0.000     0.000
  800.     0.000     0.000     0.000     0.000     0.000     0.000     0.000
 low cld area (tau > 0.3)=  0.000000000000000E+000
 mid cld area (tau > 0.3)=  0.000000000000000E+000
 hgh cld area (tau > 0.3)=  3.222351074218750E-002
 total cld area (tau > 0.3)=  3.222351074218750E-002
 mean albedo cld (tau > 0.3)   0.749616546620066     
 mean tau cld (tau > 0.3)    29.0875515793310     
 mean top pressure (tau > 0.3)   163.881719290674     
 mean brightness temp (tau > 0.3)   261.076876529607     
 mean clearsky brightness temp (tau > 0.3)   295.826449411157     
 --------------- MODIS Simulator Diagnostics: -----------------
 MODIS PDF:
                      0.3       1.3       3.6       9.4      23.0      60.0
    0.               0.001     0.000     0.001     0.001     0.002     0.020
  180.               0.002     0.002     0.001     0.001     0.001     0.001
  310.               0.000     0.000     0.000     0.000     0.000     0.000
  440.               0.000     0.000     0.000     0.000     0.000     0.000
  560.               0.000     0.000     0.000     0.000     0.000     0.000
  680.               0.000     0.000     0.000     0.000     0.000     0.000
  800.               0.000     0.000     0.000     0.000     0.000     0.000
 low cld area =  0.000000000000000E+000
 mid cld area =  0.000000000000000E+000
 hgh cld area =  3.221537272135416E-002
 total cld area =  3.221537272135416E-002
 mean tau cld    142.849611270490     
 mean top pressure    149.519417296010     
 total cld area (liquid) =  0.000000000000000E+000
 total cld area (ice) =  3.221537272135416E-002
 mean tau (liquid) =  -1.00000000000000     
 mean tau (ice) =   142.849611270490     
 mean lwp (g/m2) =  -1.00000000000000     
 mean iwp (g/m2) =   3469.91028364660     
 mean reff (liquid)  =  -1.00000000000000     
 mean reff (ice)  =   42.9126564467689     
 --------------- MISR Simulator Diagnostics: -----------------
 MISR PDF:
            0.0       0.3       1.3       3.6       9.4      23.0      60.0
 99.00     0.000     0.000     0.000     0.000     0.000     0.000     0.000
 17.00     0.000     0.000     0.000     0.000     0.000     0.000     0.011
 15.00     0.000     0.000     0.000     0.000     0.000     0.001     0.008
 13.00     0.000     0.000     0.001     0.001     0.001     0.001     0.001
 11.00     0.000     0.001     0.001     0.001     0.001     0.001     0.000
  9.00     0.000     0.001     0.000     0.000     0.000     0.000     0.000
  7.00     0.000     0.000     0.000     0.000     0.000     0.000     0.000
  5.00     0.000     0.000     0.000     0.000     0.000     0.000     0.000
  4.00     0.000     0.000     0.000     0.000     0.000     0.000     0.000
  3.00     0.000     0.000     0.000     0.000     0.000     0.000     0.000
  2.50     0.000     0.000     0.000     0.000     0.000     0.000     0.000
  2.00     0.000     0.000     0.000     0.000     0.000     0.000     0.000
  1.50     0.000     0.000     0.000     0.000     0.000     0.000     0.000
  1.00     0.000     0.000     0.000     0.000     0.000     0.000     0.000
  0.50     0.000     0.000     0.000     0.000     0.000     0.000     0.000
  0.00     0.001     0.001     0.000     0.000     0.000     0.000     0.000
 total cld area =  3.116353352864584E-002
 mean top height (m)   13700.6297315530     
 Writting history file 
 rcemip300sst_160_MaxIce20_dry3km90perc                                         
  
 Writing restart file ...
mv: cannot stat './RESTART/bubble_rcemip300sst_160_MaxIce20_dry3km90perc_misc_restart.bin': No such file or directory
mv: cannot stat './RESTART/bubble_rcemip300sst_160_MaxIce20_dry3km90perc_64_restart.bin': No such file or directory
 Restart file was saved. nstep=         360
 Writting 2D data. file:./OUT_2D/bubble_rcemip300sst_160_MaxIce20_dry3km90perc_6
 4.2Dbin                                                         
 Writting 3D data. file:./OUT_3D/bubble_rcemip300sst_160_MaxIce20_dry3km90perc_6
 4_0000000360.bin3D                                              
NSTEP =        360   NCYCLE=  2  CFL_adv= 0.392  CFL_sgs= 0.141
 DAY =   0.125000000000000     
 NSTEP=         360
 div:  1.430418861881451E-016 -1.197047681034974E-016
 SST=   300.000000000000     
 surface pressure=   1014.80000000000     
 u:  -8.64970836931526        7.87237680902347     
 v:  -8.37354261123830        9.16134985295009     
 w:  -4.37613193774507        2.56017749338172     
 p:  -19.3697666301260        13.2230620372728     
 t:   298.198058594130        473.334699966720     
 tabs:   200.897172676036        301.186518394513     
 qv:  1.940949880078297E-060  1.939128708290270E-002
 tke:  0.000000000000000E+000   10.4994652953791     
 tk:  0.000000000000000E+000   38.2702785236522     
 tkh:  0.000000000000000E+000   38.2702785236522     
 qcl:  0.000000000000000E+000  0.000000000000000E+000
 qci:  0.000000000000000E+000  5.949001677286097E-003
 qpl:  0.000000000000000E+000  4.660027159692054E-004
 qpi:  0.000000000000000E+000  0.000000000000000E+000
 qrad(K/day):  -76.8015743941153        101.307264640264     
 shf:  -2.40556300307103        10.0861824732147     
 lhf:   18.6883968301521        141.030777326895     
 uw: -3.366846379554708E-002  2.779244926570352E-002
 vw: -5.459983907529344E-002  4.435614594102619E-002
 sst:   300.000000000000        300.000000000000     
 ===========================
 total water budget:
 before (mm):         48.12497287224
 after (mm):          48.12525814641
 evaporation (mm):     0.00031807031
 precipitation (mm):   0.00003279614
 large-scale (mm):     0.00000000000
 Imbalance (mm)       0.00000000000
 evap (mm/day):  0.916042492378182     
 prec (mm/day):  9.445289461526914E-002
 ls (mm/day):  0.000000000000000E+000
 imbalance (mm/day)  2.034612712684125E-011
  imbalance (rel error):  1.476444518174861E-016
 ===========================
CPU TIME =     203.1865 OVER     0.50 MODEL HOURS
 Let's do some shortwave
 Range of zenith angles  0.732661695834013       0.732661695834013     
 Range of surface albedo (asdir)  3.383449086658900E-002  3.383449086658900E-002
 Range of surface albedo (aldir)  3.383449086658900E-002  3.383449086658900E-002
 Range of surface albedo (asdif)  6.000000000000000E-002  6.000000000000000E-002
 Range of surface albedo (aldif)  6.000000000000000E-002  6.000000000000000E-002
 radiation: perpetual sun, solin=   310.282738927358     
 longwave radiation is called
NSTEP =        361   NCYCLE=  2  CFL_adv= 0.413  CFL_sgs= 0.135
NSTEP =        362   NCYCLE=  2  CFL_adv= 0.397  CFL_sgs= 0.152
NSTEP =        363   NCYCLE=  2  CFL_adv= 0.385  CFL_sgs= 0.146
 Collecting statistics...
 name QCSTRG is missing in "lst" file.
NSTEP =        364   NCYCLE=  2  CFL_adv= 0.371  CFL_sgs= 0.142
 DAY =   0.126388888888889     
 NSTEP=         364
 div:  1.473300376236658E-016 -8.865063977930081E-017
 SST=   300.000000000000     
 surface pressure=   1014.80000000000     
 u:  -8.97065284801200        7.47865078005183     
 v:  -8.71453301304601        10.3879136677311     
 w:  -3.23209714234789        2.40124582620849     
 p:  -18.0408089805059        10.9750547178633     
 t:   298.264462941035        473.333758787214     
 tabs:   200.911784129836        301.091844107927     
 qv:  3.944363737428063E-060  1.938202454160956E-002
 tke:  0.000000000000000E+000   8.18876951353982     
 tk:  0.000000000000000E+000   38.8734736701399     
 tkh:  0.000000000000000E+000   38.8734736701399     
 qcl:  0.000000000000000E+000  0.000000000000000E+000
 qci:  0.000000000000000E+000  5.918810935064154E-003
 qpl:  0.000000000000000E+000  4.325946269144560E-004
 qpi:  0.000000000000000E+000  0.000000000000000E+000
 qrad(K/day):  -72.6711257969971        89.0490907586508     
 shf:  -2.52711374590207        9.44387462552183     
 lhf:   18.6608016197127        134.619633137830     
 uw: -3.260939874055544E-002  2.624869835537896E-002
 vw: -4.595401523397634E-002  4.449794090715142E-002
 sst:   300.000000000000        300.000000000000     
 ===========================
 total water budget:
 before (mm):         48.12611534067
 after (mm):          48.12640125823
 evaporation (mm):     0.00031729912
 precipitation (mm):   0.00003138157
 large-scale (mm):     0.00000000000
 Imbalance (mm)       0.00000000001
 evap (mm/day):  0.913821466972991     
 prec (mm/day):  9.037891390032742E-002
 ls (mm/day):  0.000000000000000E+000
 imbalance (mm/day)  1.790435905004578E-008
  imbalance (rel error):  1.291858268093018E-013
 ===========================
NSTEP =        365   NCYCLE=  2  CFL_adv= 0.385  CFL_sgs= 0.120
NSTEP =        366   NCYCLE=  2  CFL_adv= 0.394  CFL_sgs= 0.130
 Let's do some shortwave
 Range of zenith angles  0.732661695834013       0.732661695834013     
 Range of surface albedo (asdir)  3.383449086658900E-002  3.383449086658900E-002
 Range of surface albedo (aldir)  3.383449086658900E-002  3.383449086658900E-002
 Range of surface albedo (asdif)  6.000000000000000E-002  6.000000000000000E-002
 Range of surface albedo (aldif)  6.000000000000000E-002  6.000000000000000E-002
 radiation: perpetual sun, solin=   310.282738915711     
 longwave radiation is called
NSTEP =        367   NCYCLE=  2  CFL_adv= 0.403  CFL_sgs= 0.125
 Collecting statistics...
 name QCSTRG is missing in "lst" file.
NSTEP =        368   NCYCLE=  2  CFL_adv= 0.409  CFL_sgs= 0.121
 DAY =   0.127777777777778     
 NSTEP=         368
 div:  1.374496349009884E-016 -1.127494917673585E-016
 SST=   300.000000000000     
 surface pressure=   1014.80000000000     
 u:  -9.06598391499496        7.25702258056347     
 v:  -8.36779969101165        9.85133951600243     
 w:  -2.15915009867631        2.53138945470657     
 p:  -17.3250922698892        11.4726417066532     
 t:   298.318750611233        473.337413347639     
 tabs:   200.916568994059        301.000192368090     
 qv:  5.455093971924571E-060  1.939433994467091E-002
 tke:  0.000000000000000E+000   7.86718492097585     
 tk:  0.000000000000000E+000   40.4727016107111     
 tkh:  0.000000000000000E+000   40.4727016107111     
 qcl:  0.000000000000000E+000  0.000000000000000E+000
 qci:  0.000000000000000E+000  5.853550021522409E-003
 qpl:  0.000000000000000E+000  3.436842335922772E-004
 qpi:  0.000000000000000E+000  0.000000000000000E+000
 qrad(K/day):  -70.2531071264038        85.8360162222362     
 shf:  -2.46957647648340        9.09531133076863     
 lhf:   18.8483369876033        128.480381422440     
 uw: -2.991729251348383E-002  2.692027354179905E-002
 vw: -4.709875386306085E-002  4.179675877046161E-002
 sst:   300.000000000000        300.000000000000     
 ===========================
 total water budget:
 before (mm):         48.12725916752
 after (mm):          48.12754512880
 evaporation (mm):     0.00031652220
 precipitation (mm):   0.00003056092
 large-scale (mm):     0.00000000000
 Imbalance (mm)       0.00000000000
 evap (mm/day):  0.911583935839495     
 prec (mm/day):  8.801543962306609E-002
 ls (mm/day):  0.000000000000000E+000
 imbalance (mm/day)  4.585414079688599E-012
  imbalance (rel error):  0.000000000000000E+000
 ===========================
NSTEP =        369   NCYCLE=  2  CFL_adv= 0.412  CFL_sgs= 0.117
NSTEP =        370   NCYCLE=  2  CFL_adv= 0.413  CFL_sgs= 0.114
NSTEP =        371   NCYCLE=  2  CFL_adv= 0.420  CFL_sgs= 0.118
 Collecting statistics...
 name QCSTRG is missing in "lst" file.
NSTEP =        372   NCYCLE=  2  CFL_adv= 0.423  CFL_sgs= 0.114
 DAY =   0.129166666666667     
 NSTEP=         372
 div:  1.297484792667557E-016 -1.065857619298757E-016
 SST=   300.000000000000     
 surface pressure=   1014.80000000000     
 u:  -8.43026729696978        7.83510645596917     
 v:  -8.05887276070301        10.1229604329992     
 w:  -2.27000943115048        2.38329859338024     
 p:  -17.3223698665696        11.1537085145133     
 t:   298.374632421681        473.336662293450     
 tabs:   200.909585838945        300.938469226455     
 qv:  5.823630030105836E-060  1.939765955395649E-002
 tke:  0.000000000000000E+000   7.11620539421900     
 tk:  0.000000000000000E+000   38.6420305645985     
 tkh:  0.000000000000000E+000   38.6420305645985     
 qcl:  0.000000000000000E+000  0.000000000000000E+000
 qci:  0.000000000000000E+000  5.769137872483693E-003
 qpl:  0.000000000000000E+000  2.675914260569377E-004
 qpi:  0.000000000000000E+000  0.000000000000000E+000
 qrad(K/day):  -70.2531071264038        85.8360162222362     
 shf:  -2.46618678055178        8.27803993938024     
 lhf:   18.7772818306087        121.293705956335     
 uw: -2.875975771627827E-002  2.335270799404291E-002
 vw: -4.326960756398413E-002  4.396825752693417E-002
 sst:   300.000000000000        300.000000000000     
 ===========================
 total water budget:
 before (mm):         48.12840279922
 after (mm):          48.12868862195
 evaporation (mm):     0.00031574521
 precipitation (mm):   0.00002992248
 large-scale (mm):     0.00000000000
 Imbalance (mm)      -0.00000000000
 evap (mm/day):  0.909346214083762     
 prec (mm/day):  8.617673990971289E-002
 ls (mm/day):  0.000000000000000E+000
 imbalance (mm/day) -2.921504834926814E-011
  imbalance (rel error): -1.476339281423877E-016
 ===========================
 Let's do some shortwave
 Range of zenith angles  0.732661695834013       0.732661695834013     
 Range of surface albedo (asdir)  3.383449086658900E-002  3.383449086658900E-002
 Range of surface albedo (aldir)  3.383449086658900E-002  3.383449086658900E-002
 Range of surface albedo (asdif)  6.000000000000000E-002  6.000000000000000E-002
 Range of surface albedo (aldif)  6.000000000000000E-002  6.000000000000000E-002
 radiation: perpetual sun, solin=   310.282738902606     
 longwave radiation is called
NSTEP =        373   NCYCLE=  2  CFL_adv= 0.422  CFL_sgs= 0.112
NSTEP =        374   NCYCLE=  2  CFL_adv= 0.415  CFL_sgs= 0.109
NSTEP =        375   NCYCLE=  2  CFL_adv= 0.403  CFL_sgs= 0.133
 Collecting statistics...
 name QCSTRG is missing in "lst" file.
NSTEP =        376   NCYCLE=  2  CFL_adv= 0.385  CFL_sgs= 0.129
 DAY =   0.130555555555556     
 NSTEP=         376
 div:  1.445741420503715E-016 -9.066694742307202E-017
 SST=   300.000000000000     
 surface pressure=   1014.80000000000     
 u:  -8.57375873956486        7.35397803315033     
 v:  -8.35910841378243        9.38713870603075     
 w:  -2.34960987913108        2.31396571206229     
 p:  -17.2622439321373        10.4456826444017     
 t:   298.495961435500        473.335739395560     
 tabs:   200.769204394531        301.101721454716     
 qv:  7.379421820563938E-060  1.938918894266559E-002
 tke:  0.000000000000000E+000   8.84504140380544     
 tk:  0.000000000000000E+000   46.9973142115866     
 tkh:  0.000000000000000E+000   46.9973142115866     
 qcl:  0.000000000000000E+000  0.000000000000000E+000
 qci:  0.000000000000000E+000  5.710882957830953E-003
 qpl:  0.000000000000000E+000  2.109032937963595E-004
 qpi:  0.000000000000000E+000  0.000000000000000E+000
 qrad(K/day):  -78.0795867596974        86.3935497968375     
 shf:  -3.01051106571358        7.63758101011749     
 lhf:   18.8718509758717        111.003919591689     
 uw: -2.589439754785862E-002  2.465497975117670E-002
 vw: -4.159527315384012E-002  4.189215608991705E-002
 sst:   300.000000000000        300.000000000000     
 ===========================
 total water budget:
 before (mm):         48.12954604420
 after (mm):          48.12983187218
 evaporation (mm):     0.00031495924
 precipitation (mm):   0.00002913127
 large-scale (mm):     0.00000000000
 Imbalance (mm)      -0.00000000000
 evap (mm/day):  0.907082615922370     
 prec (mm/day):  8.389805505005683E-002
 ls (mm/day):  0.000000000000000E+000
 imbalance (mm/day) -1.799774196863113E-011
  imbalance (rel error): -1.476304213252085E-016
 ===========================
NSTEP =        377   NCYCLE=  2  CFL_adv= 0.373  CFL_sgs= 0.124
NSTEP =        378   NCYCLE=  2  CFL_adv= 0.370  CFL_sgs= 0.120
 Let's do some shortwave
 Range of zenith angles  0.732661695834013       0.732661695834013     
 Range of surface albedo (asdir)  3.383449086658900E-002  3.383449086658900E-002
 Range of surface albedo (aldir)  3.383449086658900E-002  3.383449086658900E-002
 Range of surface albedo (asdif)  6.000000000000000E-002  6.000000000000000E-002
 Range of surface albedo (aldif)  6.000000000000000E-002  6.000000000000000E-002
 radiation: perpetual sun, solin=   310.282738888826     
 longwave radiation is called
NSTEP =        379   NCYCLE=  2  CFL_adv= 0.377  CFL_sgs= 0.117
 Collecting statistics...
 name QCSTRG is missing in "lst" file.
NSTEP =        380   NCYCLE=  2  CFL_adv= 0.380  CFL_sgs= 0.113
 DAY =   0.131944444444444     
 NSTEP=         380
 div:  9.018453893486196E-017 -7.987289379363842E-017
 SST=   300.000000000000     
 surface pressure=   1014.80000000000     
 u:  -8.01256600452342        7.97556384354381     
 v:  -8.33192476704993        10.0916033391643     
 w:  -2.56951683168663        2.54271081294420     
 p:  -16.5654222013270        10.0743895631375     
 t:   298.709746302618        473.337931042313     
 tabs:   200.621022230867        301.372849517994     
 qv:  1.045896120831264E-059  1.937753827130576E-002
 tke:  0.000000000000000E+000   7.47830034295219     
 tk:  0.000000000000000E+000   44.5825577397361     
 tkh:  0.000000000000000E+000   44.5825577397361     
 qcl:  0.000000000000000E+000  0.000000000000000E+000
 qci:  0.000000000000000E+000  5.646913027390396E-003
 qpl:  0.000000000000000E+000  1.835464585392400E-004
 qpi:  0.000000000000000E+000  0.000000000000000E+000
 qrad(K/day):  -74.1487843208789        85.9409227898587     
 shf:  -2.71357162777297        7.16097740092222     
 lhf:   19.0459226913654        107.360060742621     
 uw: -2.465937208826952E-002  2.383739938160467E-002
 vw: -3.622408925797369E-002  3.496238692200163E-002
 sst:   300.000000000000        300.000000000000     
 ===========================
 total water budget:
 before (mm):         48.13068940509
 after (mm):          48.13097520718
 evaporation (mm):     0.00031416774
 precipitation (mm):   0.00002836565
 large-scale (mm):     0.00000000000
 Imbalance (mm)       0.00000000000
 evap (mm/day):  0.904803087814656     
 prec (mm/day):  8.169307259356107E-002
 ls (mm/day):  0.000000000000000E+000
 imbalance (mm/day)  2.751685598129105E-012
  imbalance (rel error):  1.476269144145901E-016
 ===========================
NSTEP =        381   NCYCLE=  2  CFL_adv= 0.376  CFL_sgs= 0.114
NSTEP =        382   NCYCLE=  2  CFL_adv= 0.370  CFL_sgs= 0.110
NSTEP =        383   NCYCLE=  2  CFL_adv= 0.360  CFL_sgs= 0.121
 Collecting statistics...
 name QCSTRG is missing in "lst" file.
NSTEP =        384   NCYCLE=  2  CFL_adv= 0.350  CFL_sgs= 0.117
 DAY =   0.133333333333333     
 NSTEP=         384
 div:  9.936616156599220E-017 -7.653999885473176E-017
 SST=   300.000000000000     
 surface pressure=   1014.80000000000     
 u:  -7.40041711382176        7.80287819026260     
 v:  -8.35532289721040        10.4977515358936     
 w:  -2.39904389163844        2.38574157964130     
 p:  -14.7784962711774        9.97023462948274     
 t:   298.811390702856        473.339948892643     
 tabs:   200.513616325753        301.322079721305     
 qv:  1.294524317963864E-059  1.939108370642972E-002
 tke:  0.000000000000000E+000   7.79703715377739     
 tk:  0.000000000000000E+000   46.0062253738096     
 tkh:  0.000000000000000E+000   46.0062253738096     
 qcl:  0.000000000000000E+000  0.000000000000000E+000
 qci:  0.000000000000000E+000  5.576121220561879E-003
 qpl:  0.000000000000000E+000  1.572000500835483E-004
 qpi:  0.000000000000000E+000  0.000000000000000E+000
 qrad(K/day):  -74.1487843208789        85.9409227898587     
 shf:  -2.70204841223183        6.83200324988836     
 lhf:   18.8598912368776        107.818670389560     
 uw: -2.390873277776935E-002  2.069668322078444E-002
 vw: -3.283256132826334E-002  3.407752944217695E-002
 sst:   300.000000000000        300.000000000000     
 ===========================
 total water budget:
 before (mm):         48.13183221049
 after (mm):          48.13211769914
 evaporation (mm):     0.00031336131
 precipitation (mm):   0.00002787266
 large-scale (mm):     0.00000000000
 Imbalance (mm)       0.00000000000
 evap (mm/day):  0.902480566825048     
 prec (mm/day):  8.027325974943363E-002
 ls (mm/day):  0.000000000000000E+000
 imbalance (mm/day) -6.393928355524769E-012
  imbalance (rel error):  0.000000000000000E+000
 ===========================
 Let's do some shortwave
 Range of zenith angles  0.732661695834013       0.732661695834013     
 Range of surface albedo (asdir)  3.383449086658900E-002  3.383449086658900E-002
 Range of surface albedo (aldir)  3.383449086658900E-002  3.383449086658900E-002
 Range of surface albedo (asdif)  6.000000000000000E-002  6.000000000000000E-002
 Range of surface albedo (aldif)  6.000000000000000E-002  6.000000000000000E-002
 radiation: perpetual sun, solin=   310.282738875315     
 longwave radiation is called
NSTEP =        385   NCYCLE=  2  CFL_adv= 0.338  CFL_sgs= 0.117
NSTEP =        386   NCYCLE=  2  CFL_adv= 0.337  CFL_sgs= 0.113
NSTEP =        387   NCYCLE=  2  CFL_adv= 0.339  CFL_sgs= 0.116
 Collecting statistics...
 name QCSTRG is missing in "lst" file.
NSTEP =        388   NCYCLE=  2  CFL_adv= 0.337  CFL_sgs= 0.112
 DAY =   0.134722222222222     
 NSTEP=         388
 div:  1.015837492594114E-016 -6.865317441021012E-017
 SST=   300.000000000000     
 surface pressure=   1014.80000000000     
 u:  -7.62485528553870        8.23094436641809     
 v:  -7.92573623559530        10.4313051958139     
 w:  -2.36088871312039        2.12136747170936     
 p:  -13.0050579845203        9.09749544169337     
 t:   298.914400666407        473.342759868537     
 tabs:   200.558007716372        301.095703369896     
 qv:  1.663561068295097E-059  1.941003898933166E-002
 tke:  0.000000000000000E+000   6.76644035617798     
 tk:  0.000000000000000E+000   41.7708789655891     
 tkh:  0.000000000000000E+000   41.7708789655891     
 qcl:  0.000000000000000E+000  0.000000000000000E+000
 qci:  0.000000000000000E+000  5.492643540872999E-003
 qpl:  0.000000000000000E+000  1.406535647469410E-004
 qpi:  0.000000000000000E+000  0.000000000000000E+000
 qrad(K/day):  -73.5749664634145        81.0903416887472     
 shf:  -2.70438678694024        6.72656059385179     
 lhf:   19.2241684007793        109.662845289189     
 uw: -2.321943596969850E-002  2.275136548735687E-002
 vw: -2.774184765506206E-002  2.751001857563302E-002
 sst:   300.000000000000        300.000000000000     
 ===========================
 total water budget:
 before (mm):         48.13297350207
 after (mm):          48.13325851787
 evaporation (mm):     0.00031254052
 precipitation (mm):   0.00002752472
 large-scale (mm):     0.00000000000
 Imbalance (mm)       0.00000000000
 evap (mm/day):  0.900116705996688     
 prec (mm/day):  7.927119387355759E-002
 ls (mm/day):  0.000000000000000E+000
 imbalance (mm/day)  9.434299045110728E-012
  imbalance (rel error):  1.476199113958342E-016
 ===========================
NSTEP =        389   NCYCLE=  2  CFL_adv= 0.341  CFL_sgs= 0.109
NSTEP =        390   NCYCLE=  2  CFL_adv= 0.343  CFL_sgs= 0.107
 Let's do some shortwave
 Range of zenith angles  0.732661695834013       0.732661695834013     
 Range of surface albedo (asdir)  3.383449086658900E-002  3.383449086658900E-002
 Range of surface albedo (aldir)  3.383449086658900E-002  3.383449086658900E-002
 Range of surface albedo (asdif)  6.000000000000000E-002  6.000000000000000E-002
 Range of surface albedo (aldif)  6.000000000000000E-002  6.000000000000000E-002
 radiation: perpetual sun, solin=   310.282738862917     
 longwave radiation is called
NSTEP =        391   NCYCLE=  2  CFL_adv= 0.342  CFL_sgs= 0.107
 Collecting statistics...
 name QCSTRG is missing in "lst" file.
NSTEP =        392   NCYCLE=  2  CFL_adv= 0.338  CFL_sgs= 0.111
 DAY =   0.136111111111111     
 NSTEP=         392
 div:  7.150317951416509E-017 -7.335737049231901E-017
 SST=   300.000000000000     
 surface pressure=   1014.80000000000     
 u:  -7.70515313707082        8.97422258608589     
 v:  -9.20636925295354        11.2288712971135     
 w:  -2.26929879972395        2.21257321900628     
 p:  -11.6942207521888        8.48805823280507     
 t:   298.947702833845        473.342656715330     
 tabs:   200.808587571143        300.948788379546     
 qv:  3.120984865374871E-059  1.940357971549794E-002
 tke:  0.000000000000000E+000   6.62088061184670     
 tk:  0.000000000000000E+000   38.3449317311583     
 tkh:  0.000000000000000E+000   38.3449317311583     
 qcl:  0.000000000000000E+000  0.000000000000000E+000
 qci:  0.000000000000000E+000  5.393093454869848E-003
 qpl:  0.000000000000000E+000  1.397647730616216E-004
 qpi:  0.000000000000000E+000  0.000000000000000E+000
 qrad(K/day):  -77.4195303117155        86.7494762226478     
 shf:  -2.70228659271743        6.24391376922359     
 lhf:   19.5089161905416        115.432085219839     
 uw: -2.241523995979466E-002  2.160891511954520E-002
 vw: -2.471695762956807E-002  2.470782121129344E-002
 sst:   300.000000000000        300.000000000000     
 ===========================
 total water budget:
 before (mm):         48.13411267779
 after (mm):          48.13439708086
 evaporation (mm):     0.00031169868
 precipitation (mm):   0.00002729561
 large-scale (mm):     0.00000000000
 Imbalance (mm)       0.00000000000
 evap (mm/day):  0.897692203772103     
 prec (mm/day):  7.861135944495865E-002
 ls (mm/day):  0.000000000000000E+000
 imbalance (mm/day) -1.253133339283730E-011
  imbalance (rel error):  0.000000000000000E+000
 ===========================
NSTEP =        393   NCYCLE=  2  CFL_adv= 0.336  CFL_sgs= 0.108
NSTEP =        394   NCYCLE=  2  CFL_adv= 0.349  CFL_sgs= 0.107
NSTEP =        395   NCYCLE=  2  CFL_adv= 0.357  CFL_sgs= 0.103
 Collecting statistics...
 name QCSTRG is missing in "lst" file.
NSTEP =        396   NCYCLE=  2  CFL_adv= 0.361  CFL_sgs= 0.102
 DAY =   0.137500000000000     
 NSTEP=         396
 div:  5.601335107774903E-017 -7.450005813455257E-017
 SST=   300.000000000000     
 surface pressure=   1014.80000000000     
 u:  -7.73137889086097        7.16241639998270     
 v:  -8.65879585868035        9.75648360072579     
 w:  -2.43884960245599        2.11600119744231     
 p:  -10.6816952975870        8.38603531844906     
 t:   298.994890470125        473.345720114325     
 tabs:   200.968319862272        300.938787264570     
 qv:  7.750152722668747E-059  1.941266934329741E-002
 tke:  0.000000000000000E+000   5.84061486145438     
 tk:  0.000000000000000E+000   43.2743181871411     
 tkh:  0.000000000000000E+000   43.2743181871411     
 qcl:  0.000000000000000E+000  0.000000000000000E+000
 qci:  0.000000000000000E+000  5.340374168261559E-003
 qpl:  0.000000000000000E+000  1.379573764435232E-004
 qpi:  0.000000000000000E+000  0.000000000000000E+000
 qrad(K/day):  -77.4195303117155        86.7494762226478     
 shf:  -2.68631844879012        5.97437379956107     
 lhf:   19.0908556573845        116.830051325451     
 uw: -2.265752282375770E-002  1.793597157540898E-002
 vw: -2.175611489427706E-002  2.324176787078506E-002
 sst:   300.000000000000        300.000000000000     
 ===========================
 total water budget:
 before (mm):         48.13524926377
 after (mm):          48.13553297136
 evaporation (mm):     0.00031084842
 precipitation (mm):   0.00002714083
 large-scale (mm):     0.00000000000
 Imbalance (mm)       0.00000000000
 evap (mm/day):  0.895243460766935     
 prec (mm/day):  7.816559077938322E-002
 ls (mm/day):  0.000000000000000E+000
 imbalance (mm/day)  1.840859496088365E-011
  imbalance (rel error):  1.476129362030496E-016
 ===========================
 Let's do some shortwave
 Range of zenith angles  0.732661695834013       0.732661695834013     
 Range of surface albedo (asdir)  3.383449086658900E-002  3.383449086658900E-002
 Range of surface albedo (aldir)  3.383449086658900E-002  3.383449086658900E-002
 Range of surface albedo (asdif)  6.000000000000000E-002  6.000000000000000E-002
 Range of surface albedo (aldif)  6.000000000000000E-002  6.000000000000000E-002
 radiation: perpetual sun, solin=   310.282738852472     
 longwave radiation is called
NSTEP =        397   NCYCLE=  2  CFL_adv= 0.359  CFL_sgs= 0.101
NSTEP =        398   NCYCLE=  2  CFL_adv= 0.352  CFL_sgs= 0.101
NSTEP =        399   NCYCLE=  2  CFL_adv= 0.353  CFL_sgs= 0.102
 Collecting statistics...
 name QCSTRG is missing in "lst" file.
NSTEP =        400   NCYCLE=  2  CFL_adv= 0.351  CFL_sgs= 0.099
 DAY =   0.138888888888889     
 NSTEP=         400
 div:  6.237978161399230E-017 -5.966835077604439E-017
 SST=   300.000000000000     
 surface pressure=   1014.80000000000     
 u:  -7.10692880923604        7.95918844225239     
 v:  -10.0380513583744        10.4249346356775     
 w:  -2.26411766153651        2.13877308162937     
 p:  -10.2289199597628        8.17938273648458     
 t:   299.032405689501        473.349378621887     
 tabs:   201.008461467012        300.929270799311     
 qv:  2.204298271228659E-058  1.941376498133778E-002
 tke:  0.000000000000000E+000   5.38553023228331     
 tk:  0.000000000000000E+000   52.3816221755741     
 tkh:  0.000000000000000E+000   52.3816221755741     
 qcl:  0.000000000000000E+000  0.000000000000000E+000
 qci:  0.000000000000000E+000  5.323880739422241E-003
 qpl:  0.000000000000000E+000  1.350977009259827E-004
 qpi:  0.000000000000000E+000  0.000000000000000E+000
 qrad(K/day):  -75.4548634592292        79.1006145010360     
 shf:  -2.63753199261592        5.67088814702722     
 lhf:   18.8630775062191        116.086644836329     
 uw: -2.270506977877646E-002  1.827002215613906E-002
 vw: -2.027742442566766E-002  2.257287421888292E-002
 sst:   300.000000000000        300.000000000000     
 ===========================
 total water budget:
 before (mm):         48.13638304146
 after (mm):          48.13666605198
 evaporation (mm):     0.00030999657
 precipitation (mm):   0.00002698604
 large-scale (mm):     0.00000000000
 Imbalance (mm)       0.00000000000
 evap (mm/day):  0.892790115214943     
 prec (mm/day):  7.771980860756122E-002
 ls (mm/day):  0.000000000000000E+000
 imbalance (mm/day)  1.840282808952820E-011
  imbalance (rel error):  0.000000000000000E+000
 ===========================
NSTEP =        401   NCYCLE=  2  CFL_adv= 0.353  CFL_sgs= 0.097
NSTEP =        402   NCYCLE=  2  CFL_adv= 0.351  CFL_sgs= 0.094
 Let's do some shortwave
 Range of zenith angles  0.732661695834013       0.732661695834013     
 Range of surface albedo (asdir)  3.383449086658900E-002  3.383449086658900E-002
 Range of surface albedo (aldir)  3.383449086658900E-002  3.383449086658900E-002
 Range of surface albedo (asdif)  6.000000000000000E-002  6.000000000000000E-002
 Range of surface albedo (aldif)  6.000000000000000E-002  6.000000000000000E-002
 radiation: perpetual sun, solin=   310.282738844901     
 longwave radiation is called
NSTEP =        403   NCYCLE=  2  CFL_adv= 0.345  CFL_sgs= 0.092
 Collecting statistics...
 name QCSTRG is missing in "lst" file.
NSTEP =        404   NCYCLE=  2  CFL_adv= 0.334  CFL_sgs= 0.089
 DAY =   0.140277777777778     
 NSTEP=         404
 div:  5.712138257604756E-017 -7.073560866239448E-017
 SST=   300.000000000000     
 surface pressure=   1014.80000000000     
 u:  -7.58537292735274        7.97016709774051     
 v:  -9.84605457589673        9.07245945380813     
 w:  -2.57906255043203        2.34345472168373     
 p:  -9.73165542442102        7.91079654173522     
 t:   299.059811199820        473.349029850174     
 tabs:   201.083898740673        301.009754797450     
 qv:  3.152742033071491E-058  1.942966454140381E-002
 tke:  0.000000000000000E+000   4.33977490075351     
 tk:  0.000000000000000E+000   47.7541670742371     
 tkh:  0.000000000000000E+000   47.7541670742371     
 qcl:  0.000000000000000E+000  0.000000000000000E+000
 qci:  0.000000000000000E+000  5.306768386778451E-003
 qpl:  0.000000000000000E+000  1.344096124488434E-004
 qpi:  0.000000000000000E+000  0.000000000000000E+000
 qrad(K/day):  -76.6211760985925        79.0416183742231     
 shf:  -2.66032904345521        5.21051667378611     
 lhf:   18.5490514519639        115.666996373106     
 uw: -2.302622589946545E-002  1.710167419621537E-002
 vw: -2.013286278073110E-002  2.201440630549908E-002
 sst:   300.000000000000        300.000000000000     
 ===========================
 total water budget:
 before (mm):         48.13751402483
 after (mm):          48.13779630571
 evaporation (mm):     0.00030914549
 precipitation (mm):   0.00002686460
 large-scale (mm):     0.00000000000
 Imbalance (mm)       0.00000000000
 evap (mm/day):  0.890339012767534     
 prec (mm/day):  7.737005898647621E-002
 ls (mm/day):  0.000000000000000E+000
 imbalance (mm/day) -6.022916540504575E-013
  imbalance (rel error):  0.000000000000000E+000
 ===========================
NSTEP =        405   NCYCLE=  2  CFL_adv= 0.336  CFL_sgs= 0.087
NSTEP =        406   NCYCLE=  2  CFL_adv= 0.339  CFL_sgs= 0.086
NSTEP =        407   NCYCLE=  2  CFL_adv= 0.341  CFL_sgs= 0.085
 Collecting statistics...
 name QCSTRG is missing in "lst" file.
NSTEP =        408   NCYCLE=  2  CFL_adv= 0.336  CFL_sgs= 0.084
 DAY =   0.141666666666667     
 NSTEP=         408
 div:  4.638000863928515E-017 -5.678284918887733E-017
 SST=   300.000000000000     
 surface pressure=   1014.80000000000     
 u:  -6.96886953759512        7.02010000383628     
 v:  -9.24097184862080        8.77829726539484     
 w:  -2.31273031513968        2.18767562103737     
 p:  -9.39535681582102        7.98851978444435     
 t:   299.068369335872        473.351317258451     
 tabs:   200.972794266931        301.093592652767     
 qv:  3.422017767822254E-058  1.942572328731841E-002
 tke:  0.000000000000000E+000   3.98774507392686     
 tk:  0.000000000000000E+000   49.9233479566855     
 tkh:  0.000000000000000E+000   49.9233479566855     
 qcl:  0.000000000000000E+000  0.000000000000000E+000
 qci:  0.000000000000000E+000  5.275547588103355E-003
 qpl:  0.000000000000000E+000  1.328336152430746E-004
 qpi:  0.000000000000000E+000  0.000000000000000E+000
 qrad(K/day):  -76.6211760985925        79.0416183742231     
 shf:  -2.83704308246064        4.93787566954607     
 lhf:   18.4926015441319        107.507307440915     
 uw: -2.152577644101925E-002  1.586352233062778E-002
 vw: -1.940391549827409E-002  2.121078095927558E-002
 sst:   300.000000000000        300.000000000000     
 ===========================
 total water budget:
 before (mm):         48.13864189158
 after (mm):          48.13892332045
 evaporation (mm):     0.00030829953
 precipitation (mm):   0.00002687065
 large-scale (mm):     0.00000000000
 Imbalance (mm)       0.00000000000
 evap (mm/day):  0.887902648099121     
 prec (mm/day):  7.738748232559818E-002
 ls (mm/day):  0.000000000000000E+000
 imbalance (mm/day)  1.429630827783079E-011
  imbalance (rel error):  1.476025400547777E-016
 ===========================
 Let's do some shortwave
 Range of zenith angles  0.732661695834013       0.732661695834013     
 Range of surface albedo (asdir)  3.383449086658900E-002  3.383449086658900E-002
 Range of surface albedo (aldir)  3.383449086658900E-002  3.383449086658900E-002
 Range of surface albedo (asdif)  6.000000000000000E-002  6.000000000000000E-002
 Range of surface albedo (aldif)  6.000000000000000E-002  6.000000000000000E-002
 radiation: perpetual sun, solin=   310.282738841014     
 longwave radiation is called
NSTEP =        409   NCYCLE=  2  CFL_adv= 0.328  CFL_sgs= 0.082
NSTEP =        410   NCYCLE=  2  CFL_adv= 0.330  CFL_sgs= 0.082
NSTEP =        411   NCYCLE=  2  CFL_adv= 0.340  CFL_sgs= 0.093
 Collecting statistics...
 name QCSTRG is missing in "lst" file.
NSTEP =        412   NCYCLE=  2  CFL_adv= 0.346  CFL_sgs= 0.092
 DAY =   0.143055555555556     
 NSTEP=         412
 div:  4.644836173424581E-017 -6.612521041612166E-017
 SST=   300.000000000000     
 surface pressure=   1014.80000000000     
 u:  -8.01083938452578        6.98728348982909     
 v:  -11.0236530821012        8.89439917542912     
 w:  -2.05876499680235        2.12787544752451     
 p:  -8.64692906850188        7.95924357859048     
 t:   299.087597997244        473.353210736764     
 tabs:   200.984505506286        301.066592981521     
 qv:  3.659489417648766E-058  1.944618139773345E-002
 tke:  0.000000000000000E+000   4.75192856491158     
 tk:  0.000000000000000E+000   47.7014413129995     
 tkh:  0.000000000000000E+000   47.7014413129995     
 qcl:  0.000000000000000E+000  0.000000000000000E+000
 qci:  0.000000000000000E+000  5.227036240224275E-003
 qpl:  0.000000000000000E+000  1.339849250073329E-004
 qpi:  0.000000000000000E+000  0.000000000000000E+000
 qrad(K/day):  -75.8734683460978        94.6062564178270     
 shf:  -2.84811861256533        4.54964548738085     
 lhf:   18.6370053272269        98.3258163422756     
 uw: -2.042503078470100E-002  1.474256088656097E-002
 vw: -1.966658150956857E-002  1.916447615578223E-002
 sst:   300.000000000000        300.000000000000     
 ===========================
 total water budget:
 before (mm):         48.13976637279
 after (mm):          48.14004702087
 evaporation (mm):     0.00030746563
 precipitation (mm):   0.00002681756
 large-scale (mm):     0.00000000000
 Imbalance (mm)       0.00000000000
 evap (mm/day):  0.885501007527587     
 prec (mm/day):  7.723456067262517E-002
 ls (mm/day):  0.000000000000000E+000
 imbalance (mm/day) -7.478744186439901E-012
  imbalance (rel error):  0.000000000000000E+000
 ===========================
NSTEP =        413   NCYCLE=  2  CFL_adv= 0.346  CFL_sgs= 0.091
NSTEP =        414   NCYCLE=  2  CFL_adv= 0.345  CFL_sgs= 0.090
 Let's do some shortwave
 Range of zenith angles  0.732661695834013       0.732661695834013     
 Range of surface albedo (asdir)  3.383449086658900E-002  3.383449086658900E-002
 Range of surface albedo (aldir)  3.383449086658900E-002  3.383449086658900E-002
 Range of surface albedo (asdif)  6.000000000000000E-002  6.000000000000000E-002
 Range of surface albedo (aldif)  6.000000000000000E-002  6.000000000000000E-002
 radiation: perpetual sun, solin=   310.282738841018     
 longwave radiation is called
NSTEP =        415   NCYCLE=  2  CFL_adv= 0.351  CFL_sgs= 0.093
 Collecting statistics...
 name QCSTRG is missing in "lst" file.
NSTEP =        416   NCYCLE=  2  CFL_adv= 0.365  CFL_sgs= 0.091
 DAY =   0.144444444444444     
 NSTEP=         416
 div:  4.485246837118966E-017 -5.524732960477815E-017
 SST=   300.000000000000     
 surface pressure=   1014.80000000000     
 u:  -7.61499656073814        6.58269787523074     
 v:  -9.92669768333569        10.5081732335646     
 w:  -1.95868579793535        2.15432287047258     
 p:  -9.05793438770402        8.66967117872107     
 t:   299.095536738491        473.352286297441     
 tabs:   201.122783668383        301.086014516332     
 qv:  4.279913029000819E-058  1.945386336251258E-002
 tke:  0.000000000000000E+000   4.57475668042608     
 tk:  0.000000000000000E+000   41.1063467867419     
 tkh:  0.000000000000000E+000   41.1063467867419     
 qcl:  0.000000000000000E+000  0.000000000000000E+000
 qci:  0.000000000000000E+000  5.164001075911003E-003
 qpl:  0.000000000000000E+000  1.361142207805824E-004
 qpi:  0.000000000000000E+000  0.000000000000000E+000
 qrad(K/day):  -71.9996925355437        73.6618587253781     
 shf:  -2.78781339676702        4.25917617222822     
 lhf:   18.5677119895389        95.4769193445550     
 uw: -2.003780798062349E-002  1.419827847326163E-002
 vw: -1.894246613576318E-002  2.010491262952439E-002
 sst:   300.000000000000        300.000000000000     
 ===========================
 total water budget:
 before (mm):         48.14088808109
 after (mm):          48.14116818810
 evaporation (mm):     0.00030663665
 precipitation (mm):   0.00002652965
 large-scale (mm):     0.00000000000
 Imbalance (mm)      -0.00000000000
 evap (mm/day):  0.883113555649153     
 prec (mm/day):  7.640538152092798E-002
 ls (mm/day):  0.000000000000000E+000
 imbalance (mm/day) -2.358295199747507E-011
  imbalance (rel error): -1.475956572104564E-016
 ===========================
NSTEP =        417   NCYCLE=  2  CFL_adv= 0.375  CFL_sgs= 0.089
NSTEP =        418   NCYCLE=  2  CFL_adv= 0.391  CFL_sgs= 0.089
NSTEP =        419   NCYCLE=  2  CFL_adv= 0.405  CFL_sgs= 0.087
 Collecting statistics...
 name QCSTRG is missing in "lst" file.
 Writting statistics:nstatsteps=          15
 --------------- ISCCP Simulator Diagnostics: -----------------
 ISCCP PDF:
            0.0       0.3       1.3       3.6       9.4      23.0      60.0
    0.     0.007     0.001     0.001     0.000     0.001     0.002     0.019
  180.     0.006     0.002     0.002     0.002     0.002     0.003     0.001
  310.     0.000     0.000     0.000     0.000     0.000     0.000     0.000
  440.     0.000     0.000     0.000     0.000     0.000     0.000     0.000
  560.     0.000     0.000     0.000     0.000     0.000     0.000     0.000
  680.     0.000     0.000     0.000     0.000     0.000     0.000     0.000
  800.     0.000     0.000     0.000     0.000     0.000     0.000     0.000
 low cld area (tau > 0.3)=  0.000000000000000E+000
 mid cld area (tau > 0.3)=  0.000000000000000E+000
 hgh cld area (tau > 0.3)=  3.563232421875000E-002
 total cld area (tau > 0.3)=  3.563232421875000E-002
 mean albedo cld (tau > 0.3)   0.740191708659322     
 mean tau cld (tau > 0.3)    27.5193089496771     
 mean top pressure (tau > 0.3)   171.058603087189     
 mean brightness temp (tau > 0.3)   259.369969201726     
 mean clearsky brightness temp (tau > 0.3)   295.807166903383     
 --------------- MODIS Simulator Diagnostics: -----------------
 MODIS PDF:
                      0.3       1.3       3.6       9.4      23.0      60.0
    0.               0.000     0.000     0.001     0.001     0.003     0.021
  180.               0.003     0.002     0.001     0.001     0.001     0.000
  310.               0.000     0.000     0.000     0.000     0.000     0.000
  440.               0.000     0.000     0.000     0.000     0.000     0.000
  560.               0.000     0.000     0.000     0.000     0.000     0.000
  680.               0.000     0.000     0.000     0.000     0.000     0.000
  800.               0.000     0.000     0.000     0.000     0.000     0.000
 low cld area =  0.000000000000000E+000
 mid cld area =  0.000000000000000E+000
 hgh cld area =  3.562723795572917E-002
 total cld area =  3.562723795572917E-002
 mean tau cld    115.489764880809     
 mean top pressure    156.001473242267     
 total cld area (liquid) =  0.000000000000000E+000
 total cld area (ice) =  3.562723795572917E-002
 mean tau (liquid) =  -1.00000000000000     
 mean tau (ice) =   115.489764880809     
 mean lwp (g/m2) =  -1.00000000000000     
 mean iwp (g/m2) =   2619.80750765998     
 mean reff (liquid)  =  -1.00000000000000     
 mean reff (ice)  =   41.0119783792228     
 --------------- MISR Simulator Diagnostics: -----------------
 MISR PDF:
            0.0       0.3       1.3       3.6       9.4      23.0      60.0
 99.00     0.000     0.000     0.000     0.000     0.000     0.000     0.000
 17.00     0.000     0.000     0.000     0.000     0.000     0.000     0.005
 15.00     0.000     0.000     0.000     0.000     0.001     0.002     0.014
 13.00     0.000     0.000     0.001     0.001     0.001     0.001     0.001
 11.00     0.000     0.001     0.001     0.001     0.001     0.001     0.000
  9.00     0.000     0.001     0.000     0.000     0.000     0.000     0.000
  7.00     0.000     0.000     0.000     0.000     0.000     0.000     0.000
  5.00     0.000     0.000     0.000     0.000     0.000     0.000     0.000
  4.00     0.000     0.000     0.000     0.000     0.000     0.000     0.000
  3.00     0.000     0.000     0.000     0.000     0.000     0.000     0.000
  2.50     0.000     0.000     0.000     0.000     0.000     0.000     0.000
  2.00     0.000     0.000     0.000     0.000     0.000     0.000     0.000
  1.50     0.000     0.000     0.000     0.000     0.000     0.000     0.000
  1.00     0.000     0.000     0.000     0.000     0.000     0.000     0.000
  0.50     0.000     0.000     0.000     0.000     0.000     0.000     0.000
  0.00     0.001     0.001     0.000     0.000     0.000     0.000     0.000
 total cld area =  3.457845052083333E-002
 mean top height (m)   13474.1489249822     
 Writting history file 
 rcemip300sst_160_MaxIce20_dry3km90perc                                         
  
NSTEP =        420   NCYCLE=  2  CFL_adv= 0.411  CFL_sgs= 0.087
 DAY =   0.145833333333333     
 NSTEP=         420
 div:  3.652330543328058E-017 -5.616944204976141E-017
 SST=   300.000000000000     
 surface pressure=   1014.80000000000     
 u:  -8.85494036932371        6.79558348824010     
 v:  -10.2534754852997        10.6666563831241     
 w:  -2.16590993897097        2.07253006626667     
 p:  -9.17365065668838        9.29433914963885     
 t:   299.109382484831        473.352215187944     
 tabs:   201.240540196790        300.966283014735     
 qv:  4.822462699387928E-058  1.944807370754674E-002
 tke:  0.000000000000000E+000   4.23124808353356     
 tk:  0.000000000000000E+000   41.9846159639754     
 tkh:  0.000000000000000E+000   41.9846159639754     
 qcl:  0.000000000000000E+000  0.000000000000000E+000
 qci:  0.000000000000000E+000  5.091295597632942E-003
 qpl:  0.000000000000000E+000  1.357555322704528E-004
 qpi:  0.000000000000000E+000  0.000000000000000E+000
 qrad(K/day):  -71.9996925355437        73.6618587253781     
 shf:  -2.76046246879920        4.17079274606793     
 lhf:   18.7941182563764        95.9554688686364     
 uw: -1.859656916432632E-002  1.399748305147600E-002
 vw: -1.688140621616481E-002  1.778057083983944E-002
 sst:   300.000000000000        300.000000000000     
 ===========================
 total water budget:
 before (mm):         48.14200789717
 after (mm):          48.14228760288
 evaporation (mm):     0.00030581105
 precipitation (mm):   0.00002610534
 large-scale (mm):     0.00000000000
 Imbalance (mm)       0.00000000000
 evap (mm/day):  0.880735816384473     
 prec (mm/day):  7.518338304923665E-002
 ls (mm/day):  0.000000000000000E+000
 imbalance (mm/day)  4.235596248736151E-012
  imbalance (rel error):  0.000000000000000E+000
 ===========================
CPU TIME =     136.6372 OVER     0.50 MODEL HOURS
 Let's do some shortwave
 Range of zenith angles  0.732661695834013       0.732661695834013     
 Range of surface albedo (asdir)  3.383449086658900E-002  3.383449086658900E-002
 Range of surface albedo (aldir)  3.383449086658900E-002  3.383449086658900E-002
 Range of surface albedo (asdif)  6.000000000000000E-002  6.000000000000000E-002
 Range of surface albedo (aldif)  6.000000000000000E-002  6.000000000000000E-002
 radiation: perpetual sun, solin=   310.282738844260     
 longwave radiation is called
NSTEP =        421   NCYCLE=  2  CFL_adv= 0.414  CFL_sgs= 0.086
NSTEP =        422   NCYCLE=  2  CFL_adv= 0.412  CFL_sgs= 0.090
NSTEP =        423   NCYCLE=  2  CFL_adv= 0.401  CFL_sgs= 0.090
 Collecting statistics...
 name QCSTRG is missing in "lst" file.
NSTEP =        424   NCYCLE=  2  CFL_adv= 0.382  CFL_sgs= 0.090
 DAY =   0.147222222222222     
 NSTEP=         424
 div:  4.441889483134751E-017 -4.691502090290699E-017
 SST=   300.000000000000     
 surface pressure=   1014.80000000000     
 u:  -8.46429204810747        7.27412551783889     
 v:  -9.76395076059831        8.72923464446709     
 w:  -2.24075817744312        2.14079507646957     
 p:  -8.35113201996457        9.74557719447502     
 t:   299.130821086594        473.353286377113     
 tabs:   201.259093583994        300.917108860914     
 qv:  5.807229799891751E-058  1.946339485437966E-002
 tke:  0.000000000000000E+000   4.82185334624771     
 tk:  0.000000000000000E+000   54.8967971871294     
 tkh:  0.000000000000000E+000   54.8967971871294     
 qcl:  0.000000000000000E+000  0.000000000000000E+000
 qci:  0.000000000000000E+000  5.018587394864065E-003
 qpl:  0.000000000000000E+000  1.325428381349399E-004
 qpi:  0.000000000000000E+000  0.000000000000000E+000
 qrad(K/day):  -72.7062357370801        95.8917831091632     
 shf:  -2.75628464617001        4.11481987044584     
 lhf:   18.8044173050168        95.4594525208490     
 uw: -1.995879693847386E-002  1.312452018846884E-002
 vw: -1.646776485078988E-002  1.629697962261499E-002
 sst:   300.000000000000        300.000000000000     
 ===========================
 total water budget:
 before (mm):         48.14312608053
 after (mm):          48.14340534668
 evaporation (mm):     0.00030498865
 precipitation (mm):   0.00002572250
 large-scale (mm):     0.00000000000
 Imbalance (mm)       0.00000000000
 evap (mm/day):  0.878367311305688     
 prec (mm/day):  7.408079369078861E-002
 ls (mm/day):  0.000000000000000E+000
 imbalance (mm/day) -9.534170328229230E-013
  imbalance (rel error):  0.000000000000000E+000
 ===========================
NSTEP =        425   NCYCLE=  2  CFL_adv= 0.373  CFL_sgs= 0.090
NSTEP =        426   NCYCLE=  2  CFL_adv= 0.372  CFL_sgs= 0.090
 Let's do some shortwave
 Range of zenith angles  0.732661695834013       0.732661695834013     
 Range of surface albedo (asdir)  3.383449086658900E-002  3.383449086658900E-002
 Range of surface albedo (aldir)  3.383449086658900E-002  3.383449086658900E-002
 Range of surface albedo (asdif)  6.000000000000000E-002  6.000000000000000E-002
 Range of surface albedo (aldif)  6.000000000000000E-002  6.000000000000000E-002
 radiation: perpetual sun, solin=   310.282738849654     
 longwave radiation is called
NSTEP =        427   NCYCLE=  2  CFL_adv= 0.369  CFL_sgs= 0.090
 Collecting statistics...
 name QCSTRG is missing in "lst" file.
NSTEP =        428   NCYCLE=  2  CFL_adv= 0.363  CFL_sgs= 0.090
 DAY =   0.148611111111111     
 NSTEP=         428
 div:  4.283954319667049E-017 -4.537855769619636E-017
 SST=   300.000000000000     
 surface pressure=   1014.80000000000     
 u:  -8.26990975118394        7.28873211205464     
 v:  -10.2694310969132        10.1739477025825     
 w:  -2.26510708959335        2.23656897184946     
 p:  -8.41869469797607        10.0836126199244     
 t:   299.148863164408        473.354136005744     
 tabs:   201.267787659611        300.949993285583     
 qv:  8.466056902391234E-058  1.947326044330359E-002
 tke:  0.000000000000000E+000   5.16104458630243     
 tk:  0.000000000000000E+000   53.2933351704182     
 tkh:  0.000000000000000E+000   53.2933351704182     
 qcl:  0.000000000000000E+000  0.000000000000000E+000
 qci:  0.000000000000000E+000  4.982532265701120E-003
 qpl:  0.000000000000000E+000  1.250801199271012E-004
 qpi:  0.000000000000000E+000  0.000000000000000E+000
 qrad(K/day):  -69.9905375814277        90.4873402830128     
 shf:  -2.74307139350489        3.94282138097118     
 lhf:   18.5297750563543        97.5552496321096     
 uw: -1.931692761530299E-002  1.305023706146124E-002
 vw: -1.528406227833382E-002  1.550331355481822E-002
 sst:   300.000000000000        300.000000000000     
 ===========================
 total water budget:
 before (mm):         48.14424246738
 after (mm):          48.14452129403
 evaporation (mm):     0.00030416793
 precipitation (mm):   0.00002534128
 large-scale (mm):     0.00000000000
 Imbalance (mm)       0.00000000000
 evap (mm/day):  0.876003631784137     
 prec (mm/day):  7.298288724280060E-002
 ls (mm/day):  0.000000000000000E+000
 imbalance (mm/day)  3.998128976327731E-011
  imbalance (rel error):  2.951707553267349E-016
 ===========================
NSTEP =        429   NCYCLE=  2  CFL_adv= 0.356  CFL_sgs= 0.090
NSTEP =        430   NCYCLE=  2  CFL_adv= 0.361  CFL_sgs= 0.090
NSTEP =        431   NCYCLE=  2  CFL_adv= 0.362  CFL_sgs= 0.090
 Collecting statistics...
 name QCSTRG is missing in "lst" file.
NSTEP =        432   NCYCLE=  2  CFL_adv= 0.359  CFL_sgs= 0.090
 DAY =   0.150000000000000     
 NSTEP=         432
 div:  5.927243880712057E-017 -7.106164127571375E-017
 SST=   300.000000000000     
 surface pressure=   1014.80000000000     
 u:  -8.30650314993021        6.92756319535528     
 v:  -8.43188323069577        9.65089343462737     
 w:  -2.23767565641698        2.41694472631584     
 p:  -8.27140646924178        10.3168753442176     
 t:   299.155997872228        473.354522726643     
 tabs:   201.375437127110        301.003923152032     
 qv:  1.737131645784587E-057  1.948221253880009E-002
 tke:  0.000000000000000E+000   4.27067166625807     
 tk:  0.000000000000000E+000   51.6640086657171     
 tkh:  0.000000000000000E+000   51.6640086657171     
 qcl:  0.000000000000000E+000  0.000000000000000E+000
 qci:  0.000000000000000E+000  4.941685003570511E-003
 qpl:  0.000000000000000E+000  1.212934009553186E-004
 qpi:  0.000000000000000E+000  0.000000000000000E+000
 qrad(K/day):  -69.9905375814277        90.4873402830128     
 shf:  -2.72388107399174        3.85678922472355     
 lhf:   18.4064555448947        102.742761489939     
 uw: -1.645545305688857E-002  1.217940507890391E-002
 vw: -1.438795702961132E-002  1.445337831213534E-002
 sst:   300.000000000000        300.000000000000     
 ===========================
 total water budget:
 before (mm):         48.14535717142
 after (mm):          48.14563559763
 evaporation (mm):     0.00030334656
 precipitation (mm):   0.00002492035
 large-scale (mm):     0.00000000000
 Imbalance (mm)      -0.00000000000
 evap (mm/day):  0.873638094489770     
 prec (mm/day):  7.177060859548913E-002
 ls (mm/day):  0.000000000000000E+000
 imbalance (mm/day) -4.435595445627383E-011
  imbalance (rel error): -2.951639237659743E-016
 ===========================
 Let's do some shortwave
 Range of zenith angles  0.732661695834013       0.732661695834013     
 Range of surface albedo (asdir)  3.383449086658900E-002  3.383449086658900E-002
 Range of surface albedo (aldir)  3.383449086658900E-002  3.383449086658900E-002
 Range of surface albedo (asdif)  6.000000000000000E-002  6.000000000000000E-002
 Range of surface albedo (aldif)  6.000000000000000E-002  6.000000000000000E-002
 radiation: perpetual sun, solin=   310.282738856172     
 longwave radiation is called
NSTEP =        433   NCYCLE=  2  CFL_adv= 0.353  CFL_sgs= 0.081
NSTEP =        434   NCYCLE=  2  CFL_adv= 0.363  CFL_sgs= 0.079
NSTEP =        435   NCYCLE=  2  CFL_adv= 0.371  CFL_sgs= 0.078
 Collecting statistics...
 name QCSTRG is missing in "lst" file.
NSTEP =        436   NCYCLE=  2  CFL_adv= 0.373  CFL_sgs= 0.077
 DAY =   0.151388888888889     
 NSTEP=         436
 div:  5.053171246283368E-017 -6.595577375248817E-017
 SST=   300.000000000000     
 surface pressure=   1014.80000000000     
 u:  -8.42100322342927        7.51982619556154     
 v:  -10.2086817367544        9.71763667212919     
 w:  -2.20890457671829        2.25063237628503     
 p:  -8.31801508442953        10.3296927640489     
 t:   299.186273753187        473.355412729803     
 tabs:   201.318027941629        300.999489091674     
 qv:  3.495581166996195E-057  1.947478376969082E-002
 tke:  0.000000000000000E+000   4.82618243982109     
 tk:  0.000000000000000E+000   54.9214350221130     
 tkh:  0.000000000000000E+000   54.9214350221130     
 qcl:  0.000000000000000E+000  0.000000000000000E+000
 qci:  0.000000000000000E+000  4.891935307910689E-003
 qpl:  0.000000000000000E+000  1.201721295640972E-004
 qpi:  0.000000000000000E+000  0.000000000000000E+000
 qrad(K/day):  -66.3049858293416        84.5156615393351     
 shf:  -2.70721712592800        3.61905514714255     
 lhf:   18.2542564087303        102.026408721207     
 uw: -1.740906206593737E-002  1.133907749838698E-002
 vw: -1.414727297438762E-002  1.396802834305567E-002
 sst:   300.000000000000        300.000000000000     
 ===========================
 total water budget:
 before (mm):         48.14647026277
 after (mm):          48.14674827463
 evaporation (mm):     0.00030252223
 precipitation (mm):   0.00002451037
 large-scale (mm):     0.00000000000
 Imbalance (mm)      -0.00000000000
 evap (mm/day):  0.871264019476072     
 prec (mm/day):  7.058987657429421E-002
 ls (mm/day):  0.000000000000000E+000
 imbalance (mm/day) -2.509088639982004E-011
  imbalance (rel error): -1.475785512465263E-016
 ===========================
NSTEP =        437   NCYCLE=  2  CFL_adv= 0.369  CFL_sgs= 0.081
NSTEP =        438   NCYCLE=  2  CFL_adv= 0.358  CFL_sgs= 0.082
 Let's do some shortwave
 Range of zenith angles  0.732661695834013       0.732661695834013     
 Range of surface albedo (asdir)  3.383449086658900E-002  3.383449086658900E-002
 Range of surface albedo (aldir)  3.383449086658900E-002  3.383449086658900E-002
 Range of surface albedo (asdif)  6.000000000000000E-002  6.000000000000000E-002
 Range of surface albedo (aldif)  6.000000000000000E-002  6.000000000000000E-002
 radiation: perpetual sun, solin=   310.282738863034     
 longwave radiation is called
NSTEP =        439   NCYCLE=  2  CFL_adv= 0.348  CFL_sgs= 0.081
 Collecting statistics...
 name QCSTRG is missing in "lst" file.
NSTEP =        440   NCYCLE=  2  CFL_adv= 0.334  CFL_sgs= 0.081
 DAY =   0.152777777777778     
 NSTEP=         440
 div:  6.064026931152058E-017 -5.943386093759037E-017
 SST=   300.000000000000     
 surface pressure=   1014.80000000000     
 u:  -7.16026304295441        6.85264788867696     
 v:  -8.50567780825696        8.68110786235380     
 w:  -2.05904612669566        2.01946416545362     
 p:  -8.46095443599321        9.99151496526103     
 t:   299.195851579945        473.356286415409     
 tabs:   201.328707171121        300.977265157033     
 qv:  6.532221541482204E-057  1.948390441461321E-002
 tke:  0.000000000000000E+000   3.83225760804533     
 tk:  0.000000000000000E+000   48.6360141301235     
 tkh:  0.000000000000000E+000   48.6360141301235     
 qcl:  0.000000000000000E+000  0.000000000000000E+000
 qci:  0.000000000000000E+000  4.837613393728900E-003
 qpl:  0.000000000000000E+000  1.235839164568949E-004
 qpi:  0.000000000000000E+000  0.000000000000000E+000
 qrad(K/day):  -70.4917779073964        91.0829005164004     
 shf:  -2.69095815660229        3.49648228958063     
 lhf:   18.1463590067120        94.9709740767617     
 uw: -1.655857387786831E-002  1.151858542686519E-002
 vw: -1.425383319438027E-002  1.348164799577058E-002
 sst:   300.000000000000        300.000000000000     
 ===========================
 total water budget:
 before (mm):         48.14758169735
 after (mm):          48.14785932194
 evaporation (mm):     0.00030170383
 precipitation (mm):   0.00002407924
 large-scale (mm):     0.00000000000
 Imbalance (mm)       0.00000000000
 evap (mm/day):  0.868907030617585     
 prec (mm/day):  6.934820205211417E-002
 ls (mm/day):  0.000000000000000E+000
 imbalance (mm/day)  1.189107406290857E-012
  imbalance (rel error):  0.000000000000000E+000
 ===========================
NSTEP =        441   NCYCLE=  2  CFL_adv= 0.318  CFL_sgs= 0.082
NSTEP =        442   NCYCLE=  2  CFL_adv= 0.308  CFL_sgs= 0.081
NSTEP =        443   NCYCLE=  2  CFL_adv= 0.325  CFL_sgs= 0.080
 Collecting statistics...
 name QCSTRG is missing in "lst" file.
NSTEP =        444   NCYCLE=  2  CFL_adv= 0.337  CFL_sgs= 0.080
 DAY =   0.154166666666667     
 NSTEP=         444
 div:  7.433188043641851E-017 -5.969392898100135E-017
 SST=   300.000000000000     
 surface pressure=   1014.80000000000     
 u:  -7.60760485801130        7.25860636356175     
 v:  -9.58964321058969        9.16298719037553     
 w:  -2.16432418704827        1.96374150798537     
 p:  -8.53835395698095        9.42905750543715     
 t:   299.209379959739        473.357512656023     
 tabs:   201.475969511312        300.944051353959     
 qv:  9.615933598093419E-057  1.948386592423474E-002
 tke:  0.000000000000000E+000   4.06472883758984     
 tk:  0.000000000000000E+000   48.8608479773024     
 tkh:  0.000000000000000E+000   48.8608479773024     
 qcl:  0.000000000000000E+000  0.000000000000000E+000
 qci:  0.000000000000000E+000  4.808395905547443E-003
 qpl:  0.000000000000000E+000  1.421179540272171E-004
 qpi:  0.000000000000000E+000  0.000000000000000E+000
 qrad(K/day):  -70.4917779073964        91.0829005164004     
 shf:  -2.67123343557742        3.38700534438341     
 lhf:   18.0845598686540        94.6193789438328     
 uw: -1.463475438959498E-002  1.136220825178050E-002
 vw: -1.429488344782460E-002  1.329191788402754E-002
 sst:   300.000000000000        300.000000000000     
 ===========================
 total water budget:
 before (mm):         48.14869180357
 after (mm):          48.14896920722
 evaporation (mm):     0.00030088748
 precipitation (mm):   0.00002348383
 large-scale (mm):     0.00000000000
 Imbalance (mm)      -0.00000000000
 evap (mm/day):  0.866555953854231     
 prec (mm/day):  6.763343934021711E-002
 ls (mm/day):  0.000000000000000E+000
 imbalance (mm/day) -2.973914083742590E-011
  imbalance (rel error): -1.475717439976941E-016
 ===========================
 Let's do some shortwave
 Range of zenith angles  0.732661695834013       0.732661695834013     
 Range of surface albedo (asdir)  3.383449086658900E-002  3.383449086658900E-002
 Range of surface albedo (aldir)  3.383449086658900E-002  3.383449086658900E-002
 Range of surface albedo (asdif)  6.000000000000000E-002  6.000000000000000E-002
 Range of surface albedo (aldif)  6.000000000000000E-002  6.000000000000000E-002
 radiation: perpetual sun, solin=   310.282738869615     
 longwave radiation is called
NSTEP =        445   NCYCLE=  2  CFL_adv= 0.341  CFL_sgs= 0.082
NSTEP =        446   NCYCLE=  2  CFL_adv= 0.343  CFL_sgs= 0.080
NSTEP =        447   NCYCLE=  2  CFL_adv= 0.346  CFL_sgs= 0.079
 Collecting statistics...
 name QCSTRG is missing in "lst" file.
NSTEP =        448   NCYCLE=  2  CFL_adv= 0.342  CFL_sgs= 0.080
 DAY =   0.155555555555556     
 NSTEP=         448
 div:  4.129794372524981E-017 -4.687210671084354E-017
 SST=   300.000000000000     
 surface pressure=   1014.80000000000     
 u:  -8.25660230496139        6.97409702199404     
 v:  -8.82816138221353        8.03887625943835     
 w:  -2.12415824603645        1.93888427411032     
 p:  -8.15847867805530        9.10358339776953     
 t:   299.239288352075        473.358887416353     
 tabs:   201.536544633877        300.913661286432     
 qv:  1.197853787381464E-056  1.949689337866366E-002
 tke:  0.000000000000000E+000   3.58173358831320     
 tk:  0.000000000000000E+000   46.3137865275099     
 tkh:  0.000000000000000E+000   46.3137865275099     
 qcl:  0.000000000000000E+000  0.000000000000000E+000
 qci:  0.000000000000000E+000  4.769877247958370E-003
 qpl:  0.000000000000000E+000  1.419657289631206E-004
 qpi:  0.000000000000000E+000  0.000000000000000E+000
 qrad(K/day):  -64.9455651622478        94.4826599604996     
 shf:  -2.64650737975038        3.27721643842625     
 lhf:   18.0146989301660        94.7854093143459     
 uw: -1.492970189119073E-002  1.065923313804264E-002
 vw: -1.359183323558459E-002  1.252285699922961E-002
 sst:   300.000000000000        300.000000000000     
 ===========================
 total water budget:
 before (mm):         48.14980127300
 after (mm):          48.15007859679
 evaporation (mm):     0.00030006430
 precipitation (mm):   0.00002274051
 large-scale (mm):     0.00000000000
 Imbalance (mm)      -0.00000000000
 evap (mm/day):  0.864185171218743     
 prec (mm/day):  6.549265591549983E-002
 ls (mm/day):  0.000000000000000E+000
 imbalance (mm/day) -1.689557673455189E-011
  imbalance (rel error): -1.475683439086688E-016
 ===========================
NSTEP =        449   NCYCLE=  2  CFL_adv= 0.335  CFL_sgs= 0.079
NSTEP =        450   NCYCLE=  2  CFL_adv= 0.335  CFL_sgs= 0.079
 Let's do some shortwave
 Range of zenith angles  0.732661695834013       0.732661695834013     
 Range of surface albedo (asdir)  3.383449086658900E-002  3.383449086658900E-002
 Range of surface albedo (aldir)  3.383449086658900E-002  3.383449086658900E-002
 Range of surface albedo (asdif)  6.000000000000000E-002  6.000000000000000E-002
 Range of surface albedo (aldif)  6.000000000000000E-002  6.000000000000000E-002
 radiation: perpetual sun, solin=   310.282738875261     
 longwave radiation is called
NSTEP =        451   NCYCLE=  2  CFL_adv= 0.334  CFL_sgs= 0.078
 Collecting statistics...
 name QCSTRG is missing in "lst" file.
NSTEP =        452   NCYCLE=  2  CFL_adv= 0.328  CFL_sgs= 0.075
 DAY =   0.156944444444444     
 NSTEP=         452
 div:  6.465329870043335E-017 -6.975200484242902E-017
 SST=   300.000000000000     
 surface pressure=   1014.80000000000     
 u:  -7.99966432867154        6.11321375864992     
 v:  -8.60667150990241        7.77250574533964     
 w:  -2.22300239113732        1.83755956381703     
 p:  -7.60633570709686        8.79559877315173     
 t:   299.247518619830        473.361226893910     
 tabs:   201.522490648751        300.981599080455     
 qv:  1.499544353952845E-056  1.949502991367119E-002
 tke:  0.000000000000000E+000   3.51664784879127     
 tk:  0.000000000000000E+000   40.4762976967149     
 tkh:  0.000000000000000E+000   40.4762976967149     
 qcl:  0.000000000000000E+000  0.000000000000000E+000
 qci:  0.000000000000000E+000  4.697500410815040E-003
 qpl:  0.000000000000000E+000  1.296202575847973E-004
 qpi:  0.000000000000000E+000  0.000000000000000E+000
 qrad(K/day):  -67.7895902525172        85.6906195788257     
 shf:  -2.61695579902689        3.17610085760476     
 lhf:   17.9372015054314        89.0645571621205     
 uw: -1.429266466121406E-002  1.034413033873348E-002
 vw: -1.272546815345062E-002  1.218309519721842E-002
 sst:   300.000000000000        300.000000000000     
 ===========================
 total water budget:
 before (mm):         48.15091051165
 after (mm):          48.15118780098
 evaporation (mm):     0.00029923574
 precipitation (mm):   0.00002194641
 large-scale (mm):     0.00000000000
 Imbalance (mm)       0.00000000000
 evap (mm/day):  0.861798923747763     
 prec (mm/day):  6.320565691397649E-002
 ls (mm/day):  0.000000000000000E+000
 imbalance (mm/day)  6.939322163765360E-012
  imbalance (rel error):  0.000000000000000E+000
 ===========================
NSTEP =        453   NCYCLE=  2  CFL_adv= 0.316  CFL_sgs= 0.078
NSTEP =        454   NCYCLE=  2  CFL_adv= 0.302  CFL_sgs= 0.081
NSTEP =        455   NCYCLE=  2  CFL_adv= 0.299  CFL_sgs= 0.080
 Collecting statistics...
 name QCSTRG is missing in "lst" file.
NSTEP =        456   NCYCLE=  2  CFL_adv= 0.298  CFL_sgs= 0.079
 DAY =   0.158333333333333     
 NSTEP=         456
 div:  4.504049822808673E-017 -4.438738267911110E-017
 SST=   300.000000000000     
 surface pressure=   1014.80000000000     
 u:  -7.03143251987730        6.09523527616967     
 v:  -9.82742095791159        8.17344248416967     
 w:  -2.33639442289076        1.68658455696703     
 p:  -7.65535702128336        8.50554248890071     
 t:   299.258631366805        473.363742804865     
 tabs:   201.484987659422        300.999697439823     
 qv:  1.556548385305898E-056  1.950247798195480E-002
 tke:  0.000000000000000E+000   3.54465525590123     
 tk:  0.000000000000000E+000   32.7444450400484     
 tkh:  0.000000000000000E+000   32.7444450400484     
 qcl:  0.000000000000000E+000  0.000000000000000E+000
 qci:  0.000000000000000E+000  4.655368497913305E-003
 qpl:  0.000000000000000E+000  1.208225424093071E-004
 qpi:  0.000000000000000E+000  0.000000000000000E+000
 qrad(K/day):  -67.7895902525172        85.6906195788257     
 shf:  -2.58386370064993        3.05471042236045     
 lhf:   17.8586141125181        77.5875327256155     
 uw: -1.310218578515650E-002  1.003628826750661E-002
 vw: -1.148498047800138E-002  1.113383982619863E-002
 sst:   300.000000000000        300.000000000000     
 ===========================
 total water budget:
 before (mm):         48.15201961194
 after (mm):          48.15229684983
 evaporation (mm):     0.00029840418
 precipitation (mm):   0.00002116630
 large-scale (mm):     0.00000000000
 Imbalance (mm)       0.00000000000
 evap (mm/day):  0.859404052432105     
 prec (mm/day):  6.095893767232489E-002
 ls (mm/day):  0.000000000000000E+000
 imbalance (mm/day) -1.655638516909197E-012
  imbalance (rel error):  0.000000000000000E+000
 ===========================
 Let's do some shortwave
 Range of zenith angles  0.732661695834013       0.732661695834013     
 Range of surface albedo (asdir)  3.383449086658900E-002  3.383449086658900E-002
 Range of surface albedo (aldir)  3.383449086658900E-002  3.383449086658900E-002
 Range of surface albedo (asdif)  6.000000000000000E-002  6.000000000000000E-002
 Range of surface albedo (aldif)  6.000000000000000E-002  6.000000000000000E-002
 radiation: perpetual sun, solin=   310.282738879411     
 longwave radiation is called
NSTEP =        457   NCYCLE=  2  CFL_adv= 0.303  CFL_sgs= 0.079
NSTEP =        458   NCYCLE=  2  CFL_adv= 0.302  CFL_sgs= 0.078
NSTEP =        459   NCYCLE=  2  CFL_adv= 0.295  CFL_sgs= 0.078
 Collecting statistics...
 name QCSTRG is missing in "lst" file.
NSTEP =        460   NCYCLE=  2  CFL_adv= 0.293  CFL_sgs= 0.079
 DAY =   0.159722222222222     
 NSTEP=         460
 div:  4.413014238167520E-017 -4.224109520668958E-017
 SST=   300.000000000000     
 surface pressure=   1014.80000000000     
 u:  -6.70851327037457        6.54635411810558     
 v:  -8.53995454738896        7.60265243208319     
 w:  -2.35287840003193        1.68281185998123     
 p:  -8.09270826871756        8.31476808029240     
 t:   299.266759346822        473.366221508558     
 tabs:   201.513441294643        300.959857139849     
 qv:  1.779310569488188E-056  1.951345774928907E-002
 tke:  0.000000000000000E+000   4.08776946045660     
 tk:  0.000000000000000E+000   50.5455825249386     
 tkh:  0.000000000000000E+000   50.5455825249386     
 qcl:  0.000000000000000E+000  0.000000000000000E+000
 qci:  0.000000000000000E+000  4.616282534379496E-003
 qpl:  0.000000000000000E+000  1.206525758256090E-004
 qpi:  0.000000000000000E+000  0.000000000000000E+000
 qrad(K/day):  -66.9806614010937        68.0820036534906     
 shf:  -2.57796201290115        3.08399080603122     
 lhf:   17.8029844177333        71.4431506209567     
 uw: -1.250376009156620E-002  1.014290827372055E-002
 vw: -1.119257684980554E-002  1.132327530171731E-002
 sst:   300.000000000000        300.000000000000     
 ===========================
 total water budget:
 before (mm):         48.15312832004
 after (mm):          48.15340533366
 evaporation (mm):     0.00029757918
 precipitation (mm):   0.00002056557
 large-scale (mm):     0.00000000000
 Imbalance (mm)       0.00000000000
 evap (mm/day):  0.857028050652140     
 prec (mm/day):  5.922885015719061E-002
 ls (mm/day):  0.000000000000000E+000
 imbalance (mm/day)  1.628622041914551E-011
  imbalance (rel error):  1.475581489692643E-016
 ===========================
NSTEP =        461   NCYCLE=  2  CFL_adv= 0.291  CFL_sgs= 0.078
NSTEP =        462   NCYCLE=  2  CFL_adv= 0.300  CFL_sgs= 0.079
 Let's do some shortwave
 Range of zenith angles  0.732661695834013       0.732661695834013     
 Range of surface albedo (asdir)  3.383449086658900E-002  3.383449086658900E-002
 Range of surface albedo (aldir)  3.383449086658900E-002  3.383449086658900E-002
 Range of surface albedo (asdif)  6.000000000000000E-002  6.000000000000000E-002
 Range of surface albedo (aldif)  6.000000000000000E-002  6.000000000000000E-002
 radiation: perpetual sun, solin=   310.282738881838     
 longwave radiation is called
NSTEP =        463   NCYCLE=  2  CFL_adv= 0.306  CFL_sgs= 0.078
 Collecting statistics...
 name QCSTRG is missing in "lst" file.
NSTEP =        464   NCYCLE=  2  CFL_adv= 0.310  CFL_sgs= 0.077
 DAY =   0.161111111111111     
 NSTEP=         464
 div:  5.887924093300019E-017 -5.716828673478027E-017
 SST=   300.000000000000     
 surface pressure=   1014.80000000000     
 u:  -7.17054019068452        7.10524027968910     
 v:  -8.48329300451672        7.83461279841283     
 w:  -2.25543220016636        1.66639635699675     
 p:  -8.54671696472347        8.00254536800938     
 t:   299.281897988926        473.368680490928     
 tabs:   201.495739168400        300.956358788391     
 qv:  2.051397685116905E-056  1.952130347759294E-002
 tke:  0.000000000000000E+000   3.38755603029261     
 tk:  0.000000000000000E+000   43.5845359344551     
 tkh:  0.000000000000000E+000   43.5845359344551     
 qcl:  0.000000000000000E+000  0.000000000000000E+000
 qci:  0.000000000000000E+000  4.558951936300213E-003
 qpl:  0.000000000000000E+000  1.198053760631635E-004
 qpi:  0.000000000000000E+000  0.000000000000000E+000
 qrad(K/day):  -66.6896941210839        68.6473894516340     
 shf:  -2.57225345210936        3.08536426673363     
 lhf:   17.7738219786916        71.2888362797785     
 uw: -1.243888853790444E-002  9.588748865701061E-003
 vw: -1.050655710795957E-002  1.045216052770639E-002
 sst:   300.000000000000        300.000000000000     
 ===========================
 total water budget:
 before (mm):         48.15423565270
 after (mm):          48.15451213448
 evaporation (mm):     0.00029676010
 precipitation (mm):   0.00002027833
 large-scale (mm):     0.00000000000
 Imbalance (mm)       0.00000000000
 evap (mm/day):  0.854669095760556     
 prec (mm/day):  5.840158842047408E-002
 ls (mm/day):  0.000000000000000E+000
 imbalance (mm/day)  2.443648798935994E-011
  imbalance (rel error):  2.951095148781949E-016
 ===========================
NSTEP =        465   NCYCLE=  2  CFL_adv= 0.311  CFL_sgs= 0.077
NSTEP =        466   NCYCLE=  2  CFL_adv= 0.310  CFL_sgs= 0.076
NSTEP =        467   NCYCLE=  2  CFL_adv= 0.306  CFL_sgs= 0.076
 Collecting statistics...
 name QCSTRG is missing in "lst" file.
NSTEP =        468   NCYCLE=  2  CFL_adv= 0.299  CFL_sgs= 0.080
 DAY =   0.162500000000000     
 NSTEP=         468
 div:  3.990572513985205E-017 -3.469419469038863E-017
 SST=   300.000000000000     
 surface pressure=   1014.80000000000     
 u:  -6.73748217600967        6.25787100815991     
 v:  -7.93951249152042        7.90393083897850     
 w:  -2.02863639158949        1.87545012693376     
 p:  -8.51591672412387        8.03271029838864     
 t:   299.288116860069        473.370420386019     
 tabs:   201.518775286585        300.938245328707     
 qv:  3.252220877130349E-056  1.952549209033264E-002
 tke:  0.000000000000000E+000   3.54020628913515     
 tk:  0.000000000000000E+000   41.0910139317188     
 tkh:  0.000000000000000E+000   41.0910139317188     
 qcl:  0.000000000000000E+000  0.000000000000000E+000
 qci:  0.000000000000000E+000  4.501523889117686E-003
 qpl:  0.000000000000000E+000  1.228335035094800E-004
 qpi:  0.000000000000000E+000  0.000000000000000E+000
 qrad(K/day):  -66.6896941210839        68.6473894516340     
 shf:  -2.53731250500470        2.91920024316396     
 lhf:   17.7649072404138        69.8728146449545     
 uw: -1.180231629812963E-002  9.830741291416825E-003
 vw: -9.634683878824832E-003  9.888166953230254E-003
 sst:   300.000000000000        300.000000000000     
 ===========================
 total water budget:
 before (mm):         48.15534062697
 after (mm):          48.15561647298
 evaporation (mm):     0.00029595737
 precipitation (mm):   0.00002011136
 large-scale (mm):     0.00000000000
 Imbalance (mm)       0.00000000000
 evap (mm/day):  0.852357222843132     
 prec (mm/day):  5.792071027135356E-002
 ls (mm/day):  0.000000000000000E+000
 imbalance (mm/day)  2.957242849037367E-011
  imbalance (rel error):  2.951027472190236E-016
 ===========================
 Let's do some shortwave
 Range of zenith angles  0.732661695834013       0.732661695834013     
 Range of surface albedo (asdir)  3.383449086658900E-002  3.383449086658900E-002
 Range of surface albedo (aldir)  3.383449086658900E-002  3.383449086658900E-002
 Range of surface albedo (asdif)  6.000000000000000E-002  6.000000000000000E-002
 Range of surface albedo (aldif)  6.000000000000000E-002  6.000000000000000E-002
 radiation: perpetual sun, solin=   310.282738882688     
 longwave radiation is called
NSTEP =        469   NCYCLE=  2  CFL_adv= 0.290  CFL_sgs= 0.079
NSTEP =        470   NCYCLE=  2  CFL_adv= 0.288  CFL_sgs= 0.078
NSTEP =        471   NCYCLE=  2  CFL_adv= 0.293  CFL_sgs= 0.077
 Collecting statistics...
 name QCSTRG is missing in "lst" file.
NSTEP =        472   NCYCLE=  2  CFL_adv= 0.295  CFL_sgs= 0.076
 DAY =   0.163888888888889     
 NSTEP=         472
 div:  5.766068753906561E-017 -4.461870842170290E-017
 SST=   300.000000000000     
 surface pressure=   1014.80000000000     
 u:  -6.46299491915301        7.18694537080649     
 v:  -7.10149127663932        7.89017088531903     
 w:  -1.82128522226772        1.83442154881687     
 p:  -8.20545277847868        7.76224603533881     
 t:   299.291809460053        473.370587613819     
 tabs:   201.498603510343        300.919066708590     
 qv:  3.441569631709377E-056  1.952573120031746E-002
 tke:  0.000000000000000E+000   3.30887205254980     
 tk:  0.000000000000000E+000   45.4757631364623     
 tkh:  0.000000000000000E+000   45.4757631364623     
 qcl:  0.000000000000000E+000  0.000000000000000E+000
 qci:  0.000000000000000E+000  4.470334180706760E-003
 qpl:  0.000000000000000E+000  1.204142387696782E-004
 qpi:  0.000000000000000E+000  0.000000000000000E+000
 qrad(K/day):  -65.8660300975819        70.0121420882360     
 shf:  -2.47839963368397        2.94837568938822     
 lhf:   17.7755380131118        67.6368215594049     
 uw: -1.087163378945068E-002  9.402983717044577E-003
 vw: -9.500993337232526E-003  9.967170845032597E-003
 sst:   300.000000000000        300.000000000000     
 ===========================
 total water budget:
 before (mm):         48.15644306386
 after (mm):          48.15671827272
 evaporation (mm):     0.00029517316
 precipitation (mm):   0.00001996429
 large-scale (mm):     0.00000000000
 Imbalance (mm)       0.00000000000
 evap (mm/day):  0.850098689729322     
 prec (mm/day):  5.749715958774219E-002
 ls (mm/day):  0.000000000000000E+000
 imbalance (mm/day)  1.026237688578346E-011
  imbalance (rel error):  1.475479977136632E-016
 ===========================
NSTEP =        473   NCYCLE=  2  CFL_adv= 0.296  CFL_sgs= 0.075
NSTEP =        474   NCYCLE=  2  CFL_adv= 0.299  CFL_sgs= 0.074
 Let's do some shortwave
 Range of zenith angles  0.732661695834013       0.732661695834013     
 Range of surface albedo (asdir)  3.383449086658900E-002  3.383449086658900E-002
 Range of surface albedo (aldir)  3.383449086658900E-002  3.383449086658900E-002
 Range of surface albedo (asdif)  6.000000000000000E-002  6.000000000000000E-002
 Range of surface albedo (aldif)  6.000000000000000E-002  6.000000000000000E-002
 radiation: perpetual sun, solin=   310.282738882413     
 longwave radiation is called
NSTEP =        475   NCYCLE=  2  CFL_adv= 0.297  CFL_sgs= 0.074
 Collecting statistics...
 name QCSTRG is missing in "lst" file.
NSTEP =        476   NCYCLE=  2  CFL_adv= 0.293  CFL_sgs= 0.073
 DAY =   0.165277777777778     
 NSTEP=         476
 div:  4.716849701784262E-017 -3.797983385823663E-017
 SST=   300.000000000000     
 surface pressure=   1014.80000000000     
 u:  -6.50176805688949        6.63809790450965     
 v:  -7.27332539080678        7.46953274536902     
 w:  -1.84303004350878        1.68236987355042     
 p:  -8.10168056458436        7.24635941914241     
 t:   299.298537794189        473.369623740810     
 tabs:   201.509671633314        300.877661594017     
 qv:  3.830799010797085E-056  1.952366599252747E-002
 tke:  0.000000000000000E+000   3.00926240300399     
 tk:  0.000000000000000E+000   40.9521066286325     
 tkh:  0.000000000000000E+000   40.9521066286325     
 qcl:  0.000000000000000E+000  0.000000000000000E+000
 qci:  0.000000000000000E+000  4.427319524408518E-003
 qpl:  0.000000000000000E+000  1.059525304006311E-004
 qpi:  0.000000000000000E+000  0.000000000000000E+000
 qrad(K/day):  -61.4677680626883        68.8594236567260     
 shf:  -2.51916550692711        2.85013608254627     
 lhf:   17.8194118093376        67.8038566812134     
 uw: -1.055873518898969E-002  9.268131724935114E-003
 vw: -9.147794956184847E-003  9.725303937359013E-003
 sst:   300.000000000000        300.000000000000     
 ===========================
 total water budget:
 before (mm):         48.15754291490
 after (mm):          48.15781747837
 evaporation (mm):     0.00029440546
 precipitation (mm):   0.00001984199
 large-scale (mm):     0.00000000000
 Imbalance (mm)       0.00000000000
 evap (mm/day):  0.847887719508336     
 prec (mm/day):  5.714492306140390E-002
 ls (mm/day):  0.000000000000000E+000
 imbalance (mm/day)  1.954309760895944E-011
  imbalance (rel error):  1.475446299199853E-016
 ===========================
NSTEP =        477   NCYCLE=  2  CFL_adv= 0.289  CFL_sgs= 0.072
NSTEP =        478   NCYCLE=  2  CFL_adv= 0.295  CFL_sgs= 0.072
NSTEP =        479   NCYCLE=  2  CFL_adv= 0.298  CFL_sgs= 0.075
 Collecting statistics...
 name QCSTRG is missing in "lst" file.
 Writting statistics:nstatsteps=          15
 --------------- ISCCP Simulator Diagnostics: -----------------
 ISCCP PDF:
            0.0       0.3       1.3       3.6       9.4      23.0      60.0
    0.     0.007     0.001     0.001     0.000     0.001     0.003     0.019
  180.     0.006     0.002     0.002     0.003     0.003     0.004     0.001
  310.     0.000     0.000     0.000     0.000     0.000     0.000     0.000
  440.     0.000     0.000     0.000     0.000     0.000     0.000     0.000
  560.     0.000     0.000     0.000     0.000     0.000     0.000     0.000
  680.     0.000     0.000     0.000     0.000     0.000     0.000     0.000
  800.     0.000     0.000     0.000     0.000     0.000     0.000     0.000
 low cld area (tau > 0.3)=  0.000000000000000E+000
 mid cld area (tau > 0.3)=  0.000000000000000E+000
 hgh cld area (tau > 0.3)=  3.998413085937499E-002
 total cld area (tau > 0.3)=  3.998413085937499E-002
 mean albedo cld (tau > 0.3)   0.715367560472243     
 mean tau cld (tau > 0.3)    23.9223367769259     
 mean top pressure (tau > 0.3)   180.618233028558     
 mean brightness temp (tau > 0.3)   257.633435987446     
 mean clearsky brightness temp (tau > 0.3)   295.788417249948     
 --------------- MODIS Simulator Diagnostics: -----------------
 MODIS PDF:
                      0.3       1.3       3.6       9.4      23.0      60.0
    0.               0.000     0.000     0.001     0.002     0.005     0.020
  180.               0.003     0.002     0.002     0.002     0.002     0.000
  310.               0.000     0.000     0.000     0.000     0.000     0.000
  440.               0.000     0.000     0.000     0.000     0.000     0.000
  560.               0.000     0.000     0.000     0.000     0.000     0.000
  680.               0.000     0.000     0.000     0.000     0.000     0.000
  800.               0.000     0.000     0.000     0.000     0.000     0.000
 low cld area =  0.000000000000000E+000
 mid cld area =  0.000000000000000E+000
 hgh cld area =  3.998413085937499E-002
 total cld area =  3.998413085937499E-002
 mean tau cld    91.6840229575755     
 mean top pressure    164.918849905333     
 total cld area (liquid) =  0.000000000000000E+000
 total cld area (ice) =  3.998413085937499E-002
 mean tau (liquid) =  -1.00000000000000     
 mean tau (ice) =   91.6840229575755     
 mean lwp (g/m2) =  -1.00000000000000     
 mean iwp (g/m2) =   1969.68615422740     
 mean reff (liquid)  =  -1.00000000000000     
 mean reff (ice)  =   39.8270432957772     
 --------------- MISR Simulator Diagnostics: -----------------
 MISR PDF:
            0.0       0.3       1.3       3.6       9.4      23.0      60.0
 99.00     0.000     0.000     0.000     0.000     0.000     0.000     0.000
 17.00     0.000     0.000     0.000     0.000     0.000     0.000     0.002
 15.00     0.000     0.000     0.000     0.000     0.001     0.003     0.017
 13.00     0.000     0.000     0.001     0.002     0.002     0.003     0.001
 11.00     0.000     0.001     0.001     0.001     0.001     0.001     0.000
  9.00     0.000     0.001     0.000     0.000     0.000     0.000     0.000
  7.00     0.000     0.000     0.000     0.000     0.000     0.000     0.000
  5.00     0.000     0.000     0.000     0.000     0.000     0.000     0.000
  4.00     0.000     0.000     0.000     0.000     0.000     0.000     0.000
  3.00     0.000     0.000     0.000     0.000     0.000     0.000     0.000
  2.50     0.000     0.000     0.000     0.000     0.000     0.000     0.000
  2.00     0.000     0.000     0.000     0.000     0.000     0.000     0.000
  1.50     0.000     0.000     0.000     0.000     0.000     0.000     0.000
  1.00     0.000     0.000     0.000     0.000     0.000     0.000     0.000
  0.50     0.000     0.000     0.000     0.000     0.000     0.000     0.000
  0.00     0.001     0.001     0.000     0.000     0.000     0.000     0.000
 total cld area =  3.904825846354167E-002
 mean top height (m)   13127.5530223905     
 Writting history file 
 rcemip300sst_160_MaxIce20_dry3km90perc                                         
  
 Writting 2D data. file:./OUT_2D/bubble_rcemip300sst_160_MaxIce20_dry3km90perc_6
 4.2Dbin                                                         
 Writting 3D data. file:./OUT_3D/bubble_rcemip300sst_160_MaxIce20_dry3km90perc_6
 4_0000000480.bin3D                                              
NSTEP =        480   NCYCLE=  2  CFL_adv= 0.300  CFL_sgs= 0.074
 DAY =   0.166666666666667     
 NSTEP=         480
 div:  4.992231528140852E-017 -3.709061350548645E-017
 SST=   300.000000000000     
 surface pressure=   1014.80000000000     
 u:  -6.74911081147356        6.22316644323724     
 v:  -7.17654428771019        7.94859564106657     
 w:  -2.21249566176076        2.14798751780931     
 p:  -8.00670905665871        6.55985213131292     
 t:   299.315429653446        473.368416179427     
 tabs:   201.539252128922        300.806639988754     
 qv:  4.567914917685630E-056  1.952191438359411E-002
 tke:  0.000000000000000E+000   3.20484559489818     
 tk:  0.000000000000000E+000   38.7159556658864     
 tkh:  0.000000000000000E+000   38.7159556658864     
 qcl:  0.000000000000000E+000  0.000000000000000E+000
 qci:  0.000000000000000E+000  4.371795742073721E-003
 qpl:  0.000000000000000E+000  1.060980263829385E-004
 qpi:  0.000000000000000E+000  0.000000000000000E+000
 qrad(K/day):  -61.4677680626883        68.8594236567260     
 shf:  -2.54315083342802        2.68018321094180     
 lhf:   17.8477611048343        67.9045359648989     
 uw: -1.040821712845093E-002  9.479964001798073E-003
 vw: -8.599149091283868E-003  9.124804580667270E-003
 sst:   300.000000000000        300.000000000000     
 ===========================
 total water budget:
 before (mm):         48.15864036358
 after (mm):          48.15891443151
 evaporation (mm):     0.00029365750
 precipitation (mm):   0.00001958957
 large-scale (mm):     0.00000000000
 Imbalance (mm)      -0.00000000000
 evap (mm/day):  0.845733598835139     
 prec (mm/day):  5.641795436269555E-002
 ls (mm/day):  0.000000000000000E+000
 imbalance (mm/day) -1.405956405985120E-011
  imbalance (rel error): -1.475412691809378E-016
 ===========================
CPU TIME =     140.4976 OVER     0.50 MODEL HOURS
 Let's do some shortwave
 Range of zenith angles  0.732661695834013       0.732661695834013     
 Range of surface albedo (asdir)  3.383449086658900E-002  3.383449086658900E-002
 Range of surface albedo (aldir)  3.383449086658900E-002  3.383449086658900E-002
 Range of surface albedo (asdif)  6.000000000000000E-002  6.000000000000000E-002
 Range of surface albedo (aldif)  6.000000000000000E-002  6.000000000000000E-002
 radiation: perpetual sun, solin=   310.282738881650     
 longwave radiation is called
NSTEP =        481   NCYCLE=  2  CFL_adv= 0.299  CFL_sgs= 0.075
NSTEP =        482   NCYCLE=  2  CFL_adv= 0.297  CFL_sgs= 0.074
NSTEP =        483   NCYCLE=  2  CFL_adv= 0.294  CFL_sgs= 0.074
 Collecting statistics...
 name QCSTRG is missing in "lst" file.
NSTEP =        484   NCYCLE=  2  CFL_adv= 0.298  CFL_sgs= 0.073
 DAY =   0.168055555555556     
 NSTEP=         484
 div:  6.823013039879739E-017 -4.351810506355948E-017
 SST=   300.000000000000     
 surface pressure=   1014.80000000000     
 u:  -6.63677615404945        6.35987458747852     
 v:  -7.15729424257422        7.47588529853808     
 w:  -2.46054136517145        2.42616174817571     
 p:  -7.84804249520263        5.79966370378928     
 t:   299.329261990888        473.368084633604     
 tabs:   201.525399300957        300.735234178201     
 qv:  5.643434863365195E-056  1.952224380646701E-002
 tke:  0.000000000000000E+000   3.04259731417050     
 tk:  0.000000000000000E+000   33.0934778051467     
 tkh:  0.000000000000000E+000   33.0934778051467     
 qcl:  0.000000000000000E+000  0.000000000000000E+000
 qci:  0.000000000000000E+000  4.319159263972339E-003
 qpl:  0.000000000000000E+000  1.208479559313781E-004
 qpi:  0.000000000000000E+000  0.000000000000000E+000
 qrad(K/day):  -62.7201171222705        65.7300502256283     
 shf:  -2.54623811888926        2.56177766976121     
 lhf:   17.8583391604597        67.7599333778825     
 uw: -1.016022661975250E-002  8.919024366341011E-003
 vw: -8.502651155493484E-003  9.250124522905247E-003
 sst:   300.000000000000        300.000000000000     
 ===========================
 total water budget:
 before (mm):         48.15973606362
 after (mm):          48.16000975578
 evaporation (mm):     0.00029292320
 precipitation (mm):   0.00001923104
 large-scale (mm):     0.00000000000
 Imbalance (mm)       0.00000000000
 evap (mm/day):  0.843618817595413     
 prec (mm/day):  5.538539335047371E-002
 ls (mm/day):  0.000000000000000E+000
 imbalance (mm/day)  1.454875282747015E-011
  imbalance (rel error):  1.475379135850035E-016
 ===========================
NSTEP =        485   NCYCLE=  2  CFL_adv= 0.304  CFL_sgs= 0.073
NSTEP =        486   NCYCLE=  2  CFL_adv= 0.306  CFL_sgs= 0.076
 Let's do some shortwave
 Range of zenith angles  0.732661695834013       0.732661695834013     
 Range of surface albedo (asdir)  3.383449086658900E-002  3.383449086658900E-002
 Range of surface albedo (aldir)  3.383449086658900E-002  3.383449086658900E-002
 Range of surface albedo (asdif)  6.000000000000000E-002  6.000000000000000E-002
 Range of surface albedo (aldif)  6.000000000000000E-002  6.000000000000000E-002
 radiation: perpetual sun, solin=   310.282738881027     
 longwave radiation is called
NSTEP =        487   NCYCLE=  2  CFL_adv= 0.316  CFL_sgs= 0.076
 Collecting statistics...
 name QCSTRG is missing in "lst" file.
NSTEP =        488   NCYCLE=  2  CFL_adv= 0.323  CFL_sgs= 0.075
 DAY =   0.169444444444444     
 NSTEP=         488
 div:  5.517917139731767E-017 -4.375254812053972E-017
 SST=   300.000000000000     
 surface pressure=   1014.80000000000     
 u:  -6.90284979423212        6.30000863375470     
 v:  -7.97904890553319        8.69786865721039     
 w:  -2.49768541402821        2.36537829978022     
 p:  -8.00475408340768        5.09175927418175     
 t:   299.335096500278        473.368179984643     
 tabs:   201.491069770419        300.730151695511     
 qv:  7.478077856950258E-056  1.953477257079398E-002
 tke:  0.000000000000000E+000   3.17770273697533     
 tk:  0.000000000000000E+000   33.5336095803964     
 tkh:  0.000000000000000E+000   33.5336095803964     
 qcl:  0.000000000000000E+000  0.000000000000000E+000
 qci:  0.000000000000000E+000  4.306187468429317E-003
 qpl:  0.000000000000000E+000  1.313718414480671E-004
 qpi:  0.000000000000000E+000  0.000000000000000E+000
 qrad(K/day):  -63.7361474961614        62.7839542730675     
 shf:  -2.52866702076213        2.50118952999263     
 lhf:   17.8456566869766        69.5205210868761     
 uw: -9.712297123522021E-003  8.545855782300112E-003
 vw: -8.417461169116477E-003  9.397163671998197E-003
 sst:   300.000000000000        300.000000000000     
 ===========================
 total water budget:
 before (mm):         48.16083024051
 after (mm):          48.16110352208
 evaporation (mm):     0.00029220939
 precipitation (mm):   0.00001892783
 large-scale (mm):     0.00000000000
 Imbalance (mm)      -0.00000000000
 evap (mm/day):  0.841563040073119     
 prec (mm/day):  5.451214439577780E-002
 ls (mm/day):  0.000000000000000E+000
 imbalance (mm/day) -1.705489265438342E-011
  imbalance (rel error): -1.475345629143243E-016
 ===========================
NSTEP =        489   NCYCLE=  2  CFL_adv= 0.327  CFL_sgs= 0.075
NSTEP =        490   NCYCLE=  2  CFL_adv= 0.327  CFL_sgs= 0.074
NSTEP =        491   NCYCLE=  2  CFL_adv= 0.324  CFL_sgs= 0.074
 Collecting statistics...
 name QCSTRG is missing in "lst" file.
NSTEP =        492   NCYCLE=  2  CFL_adv= 0.317  CFL_sgs= 0.073
 DAY =   0.170833333333333     
 NSTEP=         492
 div:  4.098227735270832E-017 -3.856435269787208E-017
 SST=   300.000000000000     
 surface pressure=   1014.80000000000     
 u:  -6.05267743496480        7.01688373754172     
 v:  -8.18596387259483        7.31622422550142     
 w:  -2.08678651844704        2.31244659751069     
 p:  -7.95384664544781        4.66122364982190     
 t:   299.339970657536        473.368139629114     
 tabs:   201.475084138121        300.718767491735     
 qv:  9.980279242958055E-056  1.954729344136189E-002
 tke:  0.000000000000000E+000   3.05860608062390     
 tk:  0.000000000000000E+000   39.4175366535541     
 tkh:  0.000000000000000E+000   39.4175366535541     
 qcl:  0.000000000000000E+000  0.000000000000000E+000
 qci:  0.000000000000000E+000  4.286827188154654E-003
 qpl:  0.000000000000000E+000  1.255054708781436E-004
 qpi:  0.000000000000000E+000  0.000000000000000E+000
 qrad(K/day):  -63.7361474961614        62.7839542730675     
 shf:  -2.49616876502821        2.40838020034704     
 lhf:   17.7645044529010        69.2003470614542     
 uw: -9.047648630092804E-003  8.006858450563859E-003
 vw: -8.159433109698683E-003  9.190973806605936E-003
 sst:   300.000000000000        300.000000000000     
 ===========================
 total water budget:
 before (mm):         48.16192265596
 after (mm):          48.16219544808
 evaporation (mm):     0.00029151682
 precipitation (mm):   0.00001872469
 large-scale (mm):     0.00000000000
 Imbalance (mm)      -0.00000000000
 evap (mm/day):  0.839568430627509     
 prec (mm/day):  5.392711979468653E-002
 ls (mm/day):  0.000000000000000E+000
 imbalance (mm/day) -3.352999518660416E-011
  imbalance (rel error): -2.950624360660837E-016
 ===========================
 Let's do some shortwave
 Range of zenith angles  0.732661695834013       0.732661695834013     
 Range of surface albedo (asdir)  3.383449086658900E-002  3.383449086658900E-002
 Range of surface albedo (aldir)  3.383449086658900E-002  3.383449086658900E-002
 Range of surface albedo (asdif)  6.000000000000000E-002  6.000000000000000E-002
 Range of surface albedo (aldif)  6.000000000000000E-002  6.000000000000000E-002
 radiation: perpetual sun, solin=   310.282738881040     
 longwave radiation is called
NSTEP =        493   NCYCLE=  2  CFL_adv= 0.308  CFL_sgs= 0.073
NSTEP =        494   NCYCLE=  2  CFL_adv= 0.314  CFL_sgs= 0.073
NSTEP =        495   NCYCLE=  2  CFL_adv= 0.317  CFL_sgs= 0.073
 Collecting statistics...
 name QCSTRG is missing in "lst" file.
NSTEP =        496   NCYCLE=  2  CFL_adv= 0.317  CFL_sgs= 0.072
 DAY =   0.172222222222222     
 NSTEP=         496
 div:  5.662651108253281E-017 -4.016306310380432E-017
 SST=   300.000000000000     
 surface pressure=   1014.80000000000     
 u:  -6.06911107221390        6.84676536466073     
 v:  -8.43949624020887        8.59973566800414     
 w:  -1.90294275419182        2.03200894291409     
 p:  -8.07007109814723        4.20059627485327     
 t:   299.345353600796        473.369249443009     
 tabs:   201.441417115203        300.704114829534     
 qv:  1.221965320067544E-055  1.955967951626848E-002
 tke:  0.000000000000000E+000   3.08642277786195     
 tk:  0.000000000000000E+000   40.3074570190077     
 tkh:  0.000000000000000E+000   40.3074570190077     
 qcl:  0.000000000000000E+000  0.000000000000000E+000
 qci:  0.000000000000000E+000  4.243182374078887E-003
 qpl:  0.000000000000000E+000  1.105695290658275E-004
 qpi:  0.000000000000000E+000  0.000000000000000E+000
 qrad(K/day):  -66.9656498836655        63.5311954689873     
 shf:  -2.45625856609480        2.30363140045056     
 lhf:   17.6808478933159        66.5500170285901     
 uw: -9.007816708147763E-003  7.942545652879354E-003
 vw: -7.988879267765737E-003  8.477458769340343E-003
 sst:   300.000000000000        300.000000000000     
 ===========================
 total water budget:
 before (mm):         48.16301297805
 after (mm):          48.16328518765
 evaporation (mm):     0.00029084944
 precipitation (mm):   0.00001863984
 large-scale (mm):     0.00000000000
 Imbalance (mm)      -0.00000000000
 evap (mm/day):  0.837646391447535     
 prec (mm/day):  5.368274109912419E-002
 ls (mm/day):  0.000000000000000E+000
 imbalance (mm/day) -1.982357637417276E-011
  imbalance (rel error): -1.475278800006503E-016
 ===========================
NSTEP =        497   NCYCLE=  2  CFL_adv= 0.314  CFL_sgs= 0.072
NSTEP =        498   NCYCLE=  2  CFL_adv= 0.314  CFL_sgs= 0.075
 Let's do some shortwave
 Range of zenith angles  0.732661695834013       0.732661695834013     
 Range of surface albedo (asdir)  3.383449086658900E-002  3.383449086658900E-002
 Range of surface albedo (aldir)  3.383449086658900E-002  3.383449086658900E-002
 Range of surface albedo (asdif)  6.000000000000000E-002  6.000000000000000E-002
 Range of surface albedo (aldif)  6.000000000000000E-002  6.000000000000000E-002
 radiation: perpetual sun, solin=   310.282738882005     
 longwave radiation is called
NSTEP =        499   NCYCLE=  2  CFL_adv= 0.313  CFL_sgs= 0.075
 Collecting statistics...
 name QCSTRG is missing in "lst" file.
NSTEP =        500   NCYCLE=  2  CFL_adv= 0.312  CFL_sgs= 0.074
 DAY =   0.173611111111111     
 NSTEP=         500
 div:  4.716496194523110E-017 -5.247792115202890E-017
 SST=   300.000000000000     
 surface pressure=   1014.80000000000     
 u:  -5.89175135397681        6.79008330270136     
 v:  -8.31979274900378        7.52661659605351     
 w:  -2.00461256828607        1.65368454974805     
 p:  -8.08097756570034        4.13112206719734     
 t:   299.350549230651        473.371419326604     
 tabs:   201.462043059361        300.688542035845     
 qv:  1.369957370194986E-055  1.957174477113028E-002
 tke:  0.000000000000000E+000   3.10955827963553     
 tk:  0.000000000000000E+000   37.2678448063652     
 tkh:  0.000000000000000E+000   37.2678448063652     
 qcl:  0.000000000000000E+000  0.000000000000000E+000
 qci:  0.000000000000000E+000  4.170009790817605E-003
 qpl:  0.000000000000000E+000  1.048854883655129E-004
 qpi:  0.000000000000000E+000  0.000000000000000E+000
 qrad(K/day):  -65.8231479115361        62.2489371629537     
 shf:  -2.41470834380492        2.25378208762611     
 lhf:   17.5970005450320        64.3646872224836     
 uw: -8.619503652575597E-003  7.799363376242128E-003
 vw: -7.490590287361753E-003  8.022927177174935E-003
 sst:   300.000000000000        300.000000000000     
 ===========================
 total water budget:
 before (mm):         48.16410093771
 after (mm):          48.16437261116
 evaporation (mm):     0.00029020320
 precipitation (mm):   0.00001852975
 large-scale (mm):     0.00000000000
 Imbalance (mm)      -0.00000000000
 evap (mm/day):  0.835785229974278     
 prec (mm/day):  5.336569384175978E-002
 ls (mm/day):  0.000000000000000E+000
 imbalance (mm/day) -6.191199896504740E-012
  imbalance (rel error): -1.475245492132560E-016
 ===========================
NSTEP =        501   NCYCLE=  2  CFL_adv= 0.309  CFL_sgs= 0.074
NSTEP =        502   NCYCLE=  2  CFL_adv= 0.303  CFL_sgs= 0.073
NSTEP =        503   NCYCLE=  2  CFL_adv= 0.301  CFL_sgs= 0.073
 Collecting statistics...
 name QCSTRG is missing in "lst" file.
NSTEP =        504   NCYCLE=  2  CFL_adv= 0.306  CFL_sgs= 0.073
 DAY =   0.175000000000000     
 NSTEP=         504
 div:  4.850557408036185E-017 -3.518109831779419E-017
 SST=   300.000000000000     
 surface pressure=   1014.80000000000     
 u:  -6.81438443222370        7.38740456992350     
 v:  -7.68630925058586        8.37762309660910     
 w:  -2.03103799324979        1.70081546664925     
 p:  -8.22907587235337        4.35526546612462     
 t:   299.357247929400        473.373977325534     
 tabs:   201.495027392187        300.673066285216     
 qv:  1.447345090384397E-055  1.958353979002983E-002
 tke:  0.000000000000000E+000   2.98568837232905     
 tk:  0.000000000000000E+000   31.8197281486633     
 tkh:  0.000000000000000E+000   31.8197281486633     
 qcl:  0.000000000000000E+000  0.000000000000000E+000
 qci:  0.000000000000000E+000  4.138165733827854E-003
 qpl:  0.000000000000000E+000  1.000175229465649E-004
 qpi:  0.000000000000000E+000  0.000000000000000E+000
 qrad(K/day):  -65.8231479115361        62.2489371629537     
 shf:  -2.37411717365633        2.25924418259753     
 lhf:   17.5151829542622        63.0156869790044     
 uw: -7.913461615588660E-003  7.434977272189631E-003
 vw: -7.175142667948840E-003  7.798511534141849E-003
 sst:   300.000000000000        300.000000000000     
 ===========================
 total water budget:
 before (mm):         48.16518719966
 after (mm):          48.16545865163
 evaporation (mm):     0.00028956879
 precipitation (mm):   0.00001811682
 large-scale (mm):     0.00000000000
 Imbalance (mm)       0.00000000000
 evap (mm/day):  0.833958110210311     
 prec (mm/day):  5.217643619712973E-002
 ls (mm/day):  0.000000000000000E+000
 imbalance (mm/day) -1.981988791838196E-012
  imbalance (rel error):  0.000000000000000E+000
 ===========================
 Let's do some shortwave
 Range of zenith angles  0.732661695834013       0.732661695834013     
 Range of surface albedo (asdir)  3.383449086658900E-002  3.383449086658900E-002
 Range of surface albedo (aldir)  3.383449086658900E-002  3.383449086658900E-002
 Range of surface albedo (asdif)  6.000000000000000E-002  6.000000000000000E-002
 Range of surface albedo (aldif)  6.000000000000000E-002  6.000000000000000E-002
 radiation: perpetual sun, solin=   310.282738883979     
 longwave radiation is called
NSTEP =        505   NCYCLE=  2  CFL_adv= 0.314  CFL_sgs= 0.072
NSTEP =        506   NCYCLE=  2  CFL_adv= 0.317  CFL_sgs= 0.072
NSTEP =        507   NCYCLE=  2  CFL_adv= 0.316  CFL_sgs= 0.072
 Collecting statistics...
 name QCSTRG is missing in "lst" file.
NSTEP =        508   NCYCLE=  2  CFL_adv= 0.311  CFL_sgs= 0.072
 DAY =   0.176388888888889     
 NSTEP=         508
 div:  5.288107847909379E-017 -4.240161792019529E-017
 SST=   300.000000000000     
 surface pressure=   1014.80000000000     
 u:  -6.87826761623565        6.66958039617529     
 v:  -7.16758904781438        7.69748269218257     
 w:  -2.05557407016088        1.95183018442588     
 p:  -8.51887111117730        4.46022495734882     
 t:   299.368921859011        473.376789367298     
 tabs:   201.363521034724        300.656536600308     
 qv:  1.574228184224151E-055  1.959520797094527E-002
 tke:  0.000000000000000E+000   2.91183678443726     
 tk:  0.000000000000000E+000   32.3532207698304     
 tkh:  0.000000000000000E+000   32.3532207698304     
 qcl:  0.000000000000000E+000  0.000000000000000E+000
 qci:  0.000000000000000E+000  4.099153941775392E-003
 qpl:  0.000000000000000E+000  1.002310221681490E-004
 qpi:  0.000000000000000E+000  0.000000000000000E+000
 qrad(K/day):  -61.3417234170437        64.2144060508716     
 shf:  -2.33184341403259        2.19774533908967     
 lhf:   17.4370244061903        62.5943877577011     
 uw: -7.273770023622300E-003  7.325901944544886E-003
 vw: -7.277915869037586E-003  7.174840554432697E-003
 sst:   300.000000000000        300.000000000000     
 ===========================
 total water budget:
 before (mm):         48.16627294966
 after (mm):          48.16654437048
 evaporation (mm):     0.00028894334
 precipitation (mm):   0.00001752253
 large-scale (mm):     0.00000000000
 Imbalance (mm)      -0.00000000000
 evap (mm/day):  0.832156826345205     
 prec (mm/day):  5.046487845128091E-002
 ls (mm/day):  0.000000000000000E+000
 imbalance (mm/day) -2.795851440987041E-011
  imbalance (rel error): -2.950357950924875E-016
 ===========================
NSTEP =        509   NCYCLE=  2  CFL_adv= 0.306  CFL_sgs= 0.071
NSTEP =        510   NCYCLE=  2  CFL_adv= 0.310  CFL_sgs= 0.071
 Let's do some shortwave
 Range of zenith angles  0.732661695834013       0.732661695834013     
 Range of surface albedo (asdir)  3.383449086658900E-002  3.383449086658900E-002
 Range of surface albedo (aldir)  3.383449086658900E-002  3.383449086658900E-002
 Range of surface albedo (asdif)  6.000000000000000E-002  6.000000000000000E-002
 Range of surface albedo (aldif)  6.000000000000000E-002  6.000000000000000E-002
 radiation: perpetual sun, solin=   310.282738886757     
 longwave radiation is called
NSTEP =        511   NCYCLE=  2  CFL_adv= 0.311  CFL_sgs= 0.071
 Collecting statistics...
 name QCSTRG is missing in "lst" file.
NSTEP =        512   NCYCLE=  2  CFL_adv= 0.320  CFL_sgs= 0.071
 DAY =   0.177777777777778     
 NSTEP=         512
 div:  4.835240140694574E-017 -6.142789625418240E-017
 SST=   300.000000000000     
 surface pressure=   1014.80000000000     
 u:  -6.63387064766163        6.71951442495565     
 v:  -6.62205164329142        9.20371566290164     
 w:  -2.06100739563602        1.93833184482434     
 p:  -8.29544147497929        4.58276992579529     
 t:   299.372715799164        473.379935483836     
 tabs:   201.296152863597        300.637727407879     
 qv:  1.736336026564622E-055  1.960681445881512E-002
 tke:  0.000000000000000E+000   3.15459090123190     
 tk:  0.000000000000000E+000   42.3949683409362     
 tkh:  0.000000000000000E+000   42.3949683409362     
 qcl:  0.000000000000000E+000  0.000000000000000E+000
 qci:  0.000000000000000E+000  4.031571072697969E-003
 qpl:  0.000000000000000E+000  9.631908617696508E-005
 qpi:  0.000000000000000E+000  0.000000000000000E+000
 qrad(K/day):  -60.2787445383248        65.3971406964778     
 shf:  -2.28463689213209        2.19060787456847     
 lhf:   17.3633160579101        62.6771045884664     
 uw: -6.950211676599326E-003  6.884043869527337E-003
 vw: -6.952669247082119E-003  6.479990061152828E-003
 sst:   300.000000000000        300.000000000000     
 ===========================
 total water budget:
 before (mm):         48.16735853100
 after (mm):          48.16762986694
 evaporation (mm):     0.00028832833
 precipitation (mm):   0.00001699239
 large-scale (mm):     0.00000000000
 Imbalance (mm)      -0.00000000000
 evap (mm/day):  0.830385594735823     
 prec (mm/day):  4.893807742303099E-002
 ls (mm/day):  0.000000000000000E+000
 imbalance (mm/day) -6.459091074495493E-012
  imbalance (rel error): -1.475145731112200E-016
 ===========================
NSTEP =        513   NCYCLE=  2  CFL_adv= 0.325  CFL_sgs= 0.071
NSTEP =        514   NCYCLE=  2  CFL_adv= 0.326  CFL_sgs= 0.069
NSTEP =        515   NCYCLE=  2  CFL_adv= 0.322  CFL_sgs= 0.068
 Collecting statistics...
 name QCSTRG is missing in "lst" file.
NSTEP =        516   NCYCLE=  2  CFL_adv= 0.314  CFL_sgs= 0.068
 DAY =   0.179166666666667     
 NSTEP=         516
 div:  5.746885132187664E-017 -5.872965799894553E-017
 SST=   300.000000000000     
 surface pressure=   1014.80000000000     
 u:  -6.76785068840174        6.41603384357948     
 v:  -7.53175305681533        8.20382175986752     
 w:  -2.12046517064885        1.87929532825396     
 p:  -8.29256735297754        4.60275627616759     
 t:   299.375337148575        473.383917397534     
 tabs:   201.325406907101        300.615585157651     
 qv:  1.993949511565843E-055  1.961829459348394E-002
 tke:  0.000000000000000E+000   3.15581387648838     
 tk:  0.000000000000000E+000   44.4115263507711     
 tkh:  0.000000000000000E+000   44.4115263507711     
 qcl:  0.000000000000000E+000  0.000000000000000E+000
 qci:  0.000000000000000E+000  3.961728403140851E-003
 qpl:  0.000000000000000E+000  9.137405558464921E-005
 qpi:  0.000000000000000E+000  0.000000000000000E+000
 qrad(K/day):  -60.2787445383248        65.3971406964778     
 shf:  -2.22980944643688        2.18809102649249     
 lhf:   17.2939292098123        62.6870435710391     
 uw: -6.662419442008137E-003  6.571429183193175E-003
 vw: -6.788620853451434E-003  6.591702701439393E-003
 sst:   300.000000000000        300.000000000000     
 ===========================
 total water budget:
 before (mm):         48.16844372504
 after (mm):          48.16871497686
 evaporation (mm):     0.00028772503
 precipitation (mm):   0.00001647321
 large-scale (mm):     0.00000000000
 Imbalance (mm)       0.00000000000
 evap (mm/day):  0.828648080770797     
 prec (mm/day):  4.744284989892118E-002
 ls (mm/day):  0.000000000000000E+000
 imbalance (mm/day) -7.332845268492871E-012
  imbalance (rel error):  0.000000000000000E+000
 ===========================
 Let's do some shortwave
 Range of zenith angles  0.732661695834013       0.732661695834013     
 Range of surface albedo (asdir)  3.383449086658900E-002  3.383449086658900E-002
 Range of surface albedo (aldir)  3.383449086658900E-002  3.383449086658900E-002
 Range of surface albedo (asdif)  6.000000000000000E-002  6.000000000000000E-002
 Range of surface albedo (aldif)  6.000000000000000E-002  6.000000000000000E-002
 radiation: perpetual sun, solin=   310.282738890000     
 longwave radiation is called
NSTEP =        517   NCYCLE=  2  CFL_adv= 0.303  CFL_sgs= 0.068
NSTEP =        518   NCYCLE=  2  CFL_adv= 0.297  CFL_sgs= 0.067
NSTEP =        519   NCYCLE=  2  CFL_adv= 0.298  CFL_sgs= 0.067
 Collecting statistics...
 name QCSTRG is missing in "lst" file.
NSTEP =        520   NCYCLE=  2  CFL_adv= 0.295  CFL_sgs= 0.067
 DAY =   0.180555555555556     
 NSTEP=         520
 div:  4.224437320881892E-017 -3.803498757319794E-017
 SST=   300.000000000000     
 surface pressure=   1014.80000000000     
 u:  -6.38124847088118        6.59976021098975     
 v:  -7.21434545215001        7.04156696487700     
 w:  -1.93252513971579        1.59864132720012     
 p:  -8.26579383713885        4.73198745370674     
 t:   299.378080305493        473.387921845814     
 tabs:   201.438711596465        300.589894835317     
 qv:  2.199169569243598E-055  1.962946362168939E-002
 tke:  0.000000000000000E+000   2.53187177716822     
 tk:  0.000000000000000E+000   39.1677070116380     
 tkh:  0.000000000000000E+000   39.1677070116380     
 qcl:  0.000000000000000E+000  0.000000000000000E+000
 qci:  0.000000000000000E+000  3.914637295030761E-003
 qpl:  0.000000000000000E+000  8.583230695236633E-005
 qpi:  0.000000000000000E+000  0.000000000000000E+000
 qrad(K/day):  -63.9848596677611        66.0921799872453     
 shf:  -2.16482912987302        2.17449157613688     
 lhf:   17.2281594311588        62.8850468841660     
 uw: -6.320121153060639E-003  6.183805613420136E-003
 vw: -6.635099415087832E-003  7.074416833851261E-003
 sst:   300.000000000000        300.000000000000     
 ===========================
 total water budget:
 before (mm):         48.16952872137
 after (mm):          48.16979998626
 evaporation (mm):     0.00028713069
 precipitation (mm):   0.00001586580
 large-scale (mm):     0.00000000000
 Imbalance (mm)       0.00000000000
 evap (mm/day):  0.826936388980570     
 prec (mm/day):  4.569351522899258E-002
 ls (mm/day):  0.000000000000000E+000
 imbalance (mm/day)  2.730940473760768E-012
  imbalance (rel error):  0.000000000000000E+000
 ===========================
NSTEP =        521   NCYCLE=  2  CFL_adv= 0.288  CFL_sgs= 0.067
NSTEP =        522   NCYCLE=  2  CFL_adv= 0.282  CFL_sgs= 0.071
 Let's do some shortwave
 Range of zenith angles  0.732661695834013       0.732661695834013     
 Range of surface albedo (asdir)  3.383449086658900E-002  3.383449086658900E-002
 Range of surface albedo (aldir)  3.383449086658900E-002  3.383449086658900E-002
 Range of surface albedo (asdif)  6.000000000000000E-002  6.000000000000000E-002
 Range of surface albedo (aldif)  6.000000000000000E-002  6.000000000000000E-002
 radiation: perpetual sun, solin=   310.282738893405     
 longwave radiation is called
NSTEP =        523   NCYCLE=  2  CFL_adv= 0.275  CFL_sgs= 0.070
 Collecting statistics...
 name QCSTRG is missing in "lst" file.
NSTEP =        524   NCYCLE=  2  CFL_adv= 0.273  CFL_sgs= 0.070
 DAY =   0.181944444444444     
 NSTEP=         524
 div:  4.818072124357149E-017 -4.957493145422715E-017
 SST=   300.000000000000     
 surface pressure=   1014.80000000000     
 u:  -6.61003195809412        6.41805464533650     
 v:  -7.36181775296385        7.51276022224531     
 w:  -2.00227416038485        1.77214535194185     
 p:  -8.03203617052730        4.91457881104688     
 t:   299.380863954415        473.391548495979     
 tabs:   201.540397193546        300.572100248462     
 qv:  2.594201794415823E-055  1.964003537272437E-002
 tke:  0.000000000000000E+000   2.75146954668617     
 tk:  0.000000000000000E+000   34.0157110125246     
 tkh:  0.000000000000000E+000   34.0157110125246     
 qcl:  0.000000000000000E+000  0.000000000000000E+000
 qci:  0.000000000000000E+000  3.871104507029972E-003
 qpl:  0.000000000000000E+000  8.660474654402980E-005
 qpi:  0.000000000000000E+000  0.000000000000000E+000
 qrad(K/day):  -58.0991250075754        66.4439612992427     
 shf:  -2.09050730900740        2.09791236376305     
 lhf:   17.1650616027486        63.8295368739840     
 uw: -6.043327333106361E-003  6.128790140350732E-003
 vw: -6.436746716358523E-003  6.961595602169588E-003
 sst:   300.000000000000        300.000000000000     
 ===========================
 total water budget:
 before (mm):         48.17061387630
 after (mm):          48.17088519909
 evaporation (mm):     0.00028654482
 precipitation (mm):   0.00001522203
 large-scale (mm):     0.00000000000
 Imbalance (mm)      -0.00000000000
 evap (mm/day):  0.825249087933209     
 prec (mm/day):  4.383945643781196E-002
 ls (mm/day):  0.000000000000000E+000
 imbalance (mm/day) -6.398104214402206E-011
  imbalance (rel error): -5.900184169947406E-016
 ===========================
NSTEP =        525   NCYCLE=  2  CFL_adv= 0.286  CFL_sgs= 0.069
NSTEP =        526   NCYCLE=  2  CFL_adv= 0.296  CFL_sgs= 0.072
NSTEP =        527   NCYCLE=  2  CFL_adv= 0.303  CFL_sgs= 0.071
 Collecting statistics...
 name QCSTRG is missing in "lst" file.
NSTEP =        528   NCYCLE=  2  CFL_adv= 0.305  CFL_sgs= 0.070
 DAY =   0.183333333333333     
 NSTEP=         528
 div:  4.040376661870654E-017 -4.148126865024528E-017
 SST=   300.000000000000     
 surface pressure=   1014.80000000000     
 u:  -6.78852351889101        5.96931308316202     
 v:  -7.13262538848513        7.10163679042035     
 w:  -2.30112511721439        1.83550240129201     
 p:  -7.50000976882738        4.97617505065665     
 t:   299.383785899469        473.394864383642     
 tabs:   201.546460068369        300.545853733827     
 qv:  3.496224142382231E-055  1.964691089174466E-002
 tke:  0.000000000000000E+000   2.79553896040959     
 tk:  0.000000000000000E+000   28.9858349651912     
 tkh:  0.000000000000000E+000   28.9858349651912     
 qcl:  0.000000000000000E+000  0.000000000000000E+000
 qci:  0.000000000000000E+000  3.857862532567139E-003
 qpl:  0.000000000000000E+000  8.136925603745969E-005
 qpi:  0.000000000000000E+000  0.000000000000000E+000
 qrad(K/day):  -58.0991250075754        66.4439612992427     
 shf:  -2.01345222079677        2.11381783796126     
 lhf:   17.1227569876470        63.6400280689214     
 uw: -5.873263634161409E-003  6.852617670451065E-003
 vw: -6.227396079472364E-003  6.401786965773411E-003
 sst:   300.000000000000        300.000000000000     
 ===========================
 total water budget:
 before (mm):         48.17169915656
 after (mm):          48.17197044174
 evaporation (mm):     0.00028596154
 precipitation (mm):   0.00001467636
 large-scale (mm):     0.00000000000
 Imbalance (mm)      -0.00000000000
 evap (mm/day):  0.823569231685504     
 prec (mm/day):  4.226791799770963E-002
 ls (mm/day):  0.000000000000000E+000
 imbalance (mm/day) -1.945737028528211E-011
  imbalance (rel error): -1.475012811899485E-016
 ===========================
 Let's do some shortwave
 Range of zenith angles  0.732661695834013       0.732661695834013     
 Range of surface albedo (asdir)  3.383449086658900E-002  3.383449086658900E-002
 Range of surface albedo (aldir)  3.383449086658900E-002  3.383449086658900E-002
 Range of surface albedo (asdif)  6.000000000000000E-002  6.000000000000000E-002
 Range of surface albedo (aldif)  6.000000000000000E-002  6.000000000000000E-002
 radiation: perpetual sun, solin=   310.282738896755     
 longwave radiation is called
NSTEP =        529   NCYCLE=  2  CFL_adv= 0.304  CFL_sgs= 0.070
NSTEP =        530   NCYCLE=  2  CFL_adv= 0.299  CFL_sgs= 0.069
NSTEP =        531   NCYCLE=  2  CFL_adv= 0.298  CFL_sgs= 0.069
 Collecting statistics...
 name QCSTRG is missing in "lst" file.
NSTEP =        532   NCYCLE=  2  CFL_adv= 0.292  CFL_sgs= 0.069
 DAY =   0.184722222222222     
 NSTEP=         532
 div:  5.375488930581875E-017 -4.716412821681759E-017
 SST=   300.000000000000     
 surface pressure=   1014.80000000000     
 u:  -6.13592633970151        6.32626550707568     
 v:  -6.57842535942389        6.38560287928965     
 w:  -2.53360717847126        1.79593265472893     
 p:  -7.14895520637294        5.00130051697159     
 t:   299.387167808676        473.397558925860     
 tabs:   201.533842373087        300.516638234171     
 qv:  4.454068212517545E-055  1.964824518468868E-002
 tke:  0.000000000000000E+000   2.65396248783095     
 tk:  0.000000000000000E+000   28.9548521641744     
 tkh:  0.000000000000000E+000   28.9548521641744     
 qcl:  0.000000000000000E+000  0.000000000000000E+000
 qci:  0.000000000000000E+000  3.846771854315805E-003
 qpl:  0.000000000000000E+000  7.616377908059115E-005
 qpi:  0.000000000000000E+000  0.000000000000000E+000
 qrad(K/day):  -55.5517531708166        65.9700249742626     
 shf:  -1.94076371561139        2.06597513897995     
 lhf:   17.1175115729064        62.6470209405563     
 uw: -5.423213884152846E-003  7.012604149543377E-003
 vw: -6.181935842605077E-003  5.951957095141052E-003
 sst:   300.000000000000        300.000000000000     
 ===========================
 total water budget:
 before (mm):         48.17278406278
 after (mm):          48.17305516222
 evaporation (mm):     0.00028538534
 precipitation (mm):   0.00001428589
 large-scale (mm):     0.00000000000
 Imbalance (mm)       0.00000000000
 evap (mm/day):  0.821909773655953     
 prec (mm/day):  4.114337453400736E-002
 ls (mm/day):  0.000000000000000E+000
 imbalance (mm/day)  2.603257453354102E-011
  imbalance (rel error):  1.474979598797254E-016
 ===========================
NSTEP =        533   NCYCLE=  2  CFL_adv= 0.281  CFL_sgs= 0.068
NSTEP =        534   NCYCLE=  2  CFL_adv= 0.283  CFL_sgs= 0.068
 Let's do some shortwave
 Range of zenith angles  0.732661695834013       0.732661695834013     
 Range of surface albedo (asdir)  3.383449086658900E-002  3.383449086658900E-002
 Range of surface albedo (aldir)  3.383449086658900E-002  3.383449086658900E-002
 Range of surface albedo (asdif)  6.000000000000000E-002  6.000000000000000E-002
 Range of surface albedo (aldif)  6.000000000000000E-002  6.000000000000000E-002
 radiation: perpetual sun, solin=   310.282738899867     
 longwave radiation is called
NSTEP =        535   NCYCLE=  2  CFL_adv= 0.286  CFL_sgs= 0.076
 Collecting statistics...
 name QCSTRG is missing in "lst" file.
NSTEP =        536   NCYCLE=  2  CFL_adv= 0.285  CFL_sgs= 0.075
 DAY =   0.186111111111111     
 NSTEP=         536
 div:  4.239030795741265E-017 -4.891861023994567E-017
 SST=   300.000000000000     
 surface pressure=   1014.80000000000     
 u:  -5.90143719526942        6.54351645567779     
 v:  -7.02889767803660        8.06245295570437     
 w:  -2.35104156972139        1.75598289563174     
 p:  -6.84893497085264        5.37375036562187     
 t:   299.392100966011        473.399902857987     
 tabs:   201.522282714431        300.488906041178     
 qv:  7.189641622284951E-055  1.964355382148184E-002
 tke:  0.000000000000000E+000   3.20160980143935     
 tk:  0.000000000000000E+000   26.6091263885875     
 tkh:  0.000000000000000E+000   26.6091263885875     
 qcl:  0.000000000000000E+000  0.000000000000000E+000
 qci:  0.000000000000000E+000  3.835144714096517E-003
 qpl:  0.000000000000000E+000  7.679496363994747E-005
 qpi:  0.000000000000000E+000  0.000000000000000E+000
 qrad(K/day):  -50.6798439794358        64.9295552809175     
 shf:  -1.89992423399956        2.03674261852324     
 lhf:   17.1445676133311        61.7800807573004     
 uw: -5.254094198656187E-003  6.771749448325321E-003
 vw: -6.285780387097055E-003  5.615497603645700E-003
 sst:   300.000000000000        300.000000000000     
 ===========================
 total water budget:
 before (mm):         48.17386802808
 after (mm):          48.17413881762
 evaporation (mm):     0.00028481456
 precipitation (mm):   0.00001402501
 large-scale (mm):     0.00000000000
 Imbalance (mm)       0.00000000000
 evap (mm/day):  0.820265918587566     
 prec (mm/day):  4.039203330088754E-002
 ls (mm/day):  0.000000000000000E+000
 imbalance (mm/day)  1.223328079461017E-011
  imbalance (rel error):  1.474946419800295E-016
 ===========================
NSTEP =        537   NCYCLE=  2  CFL_adv= 0.287  CFL_sgs= 0.075
NSTEP =        538   NCYCLE=  2  CFL_adv= 0.294  CFL_sgs= 0.074
NSTEP =        539   NCYCLE=  2  CFL_adv= 0.299  CFL_sgs= 0.074
 Collecting statistics...
 name QCSTRG is missing in "lst" file.
 Writting statistics:nstatsteps=          15
 --------------- ISCCP Simulator Diagnostics: -----------------
 ISCCP PDF:
            0.0       0.3       1.3       3.6       9.4      23.0      60.0
    0.     0.006     0.001     0.000     0.000     0.000     0.003     0.017
  180.     0.005     0.003     0.003     0.004     0.004     0.004     0.001
  310.     0.000     0.000     0.000     0.001     0.000     0.000     0.000
  440.     0.000     0.000     0.000     0.000     0.000     0.000     0.000
  560.     0.000     0.000     0.000     0.000     0.000     0.000     0.000
  680.     0.000     0.000     0.000     0.000     0.000     0.000     0.000
  800.     0.000     0.000     0.000     0.000     0.000     0.000     0.000
 low cld area (tau > 0.3)=  0.000000000000000E+000
 mid cld area (tau > 0.3)=  0.000000000000000E+000
 hgh cld area (tau > 0.3)=  4.398295084635416E-002
 total cld area (tau > 0.3)=  4.398295084635416E-002
 mean albedo cld (tau > 0.3)   0.671922719443366     
 mean tau cld (tau > 0.3)    19.0314604348451     
 mean top pressure (tau > 0.3)   191.536028583974     
 mean brightness temp (tau > 0.3)   257.920832272382     
 mean clearsky brightness temp (tau > 0.3)   295.769895330174     
 --------------- MODIS Simulator Diagnostics: -----------------
 MODIS PDF:
                      0.3       1.3       3.6       9.4      23.0      60.0
    0.               0.000     0.000     0.001     0.002     0.006     0.018
  180.               0.003     0.003     0.004     0.003     0.002     0.000
  310.               0.001     0.000     0.000     0.000     0.000     0.000
  440.               0.000     0.000     0.000     0.000     0.000     0.000
  560.               0.000     0.000     0.000     0.000     0.000     0.000
  680.               0.000     0.000     0.000     0.000     0.000     0.000
  800.               0.000     0.000     0.000     0.000     0.000     0.000
 low cld area =  0.000000000000000E+000
 mid cld area =  0.000000000000000E+000
 hgh cld area =  4.398295084635416E-002
 total cld area =  4.398295084635416E-002
 mean tau cld    73.5812279700856     
 mean top pressure    175.084297289086     
 total cld area (liquid) =  0.000000000000000E+000
 total cld area (ice) =  4.398295084635416E-002
 mean tau (liquid) =  -1.00000000000000     
 mean tau (ice) =   73.5812279700856     
 mean lwp (g/m2) =  -1.00000000000000     
 mean iwp (g/m2) =   1505.92430551732     
 mean reff (liquid)  =  -1.00000000000000     
 mean reff (ice)  =   39.1553116141613     
 --------------- MISR Simulator Diagnostics: -----------------
 MISR PDF:
            0.0       0.3       1.3       3.6       9.4      23.0      60.0
 99.00     0.000     0.000     0.000     0.000     0.000     0.000     0.000
 17.00     0.000     0.000     0.000     0.000     0.000     0.000     0.000
 15.00     0.000     0.000     0.000     0.000     0.001     0.004     0.017
 13.00     0.000     0.000     0.002     0.003     0.003     0.003     0.001
 11.00     0.000     0.001     0.001     0.001     0.001     0.000     0.000
  9.00     0.000     0.001     0.001     0.001     0.000     0.000     0.000
  7.00     0.000     0.000     0.000     0.000     0.000     0.000     0.000
  5.00     0.000     0.000     0.000     0.000     0.000     0.000     0.000
  4.00     0.000     0.000     0.000     0.000     0.000     0.000     0.000
  3.00     0.000     0.000     0.000     0.000     0.000     0.000     0.000
  2.50     0.000     0.000     0.000     0.000     0.000     0.000     0.000
  2.00     0.000     0.000     0.000     0.000     0.000     0.000     0.000
  1.50     0.000     0.000     0.000     0.000     0.000     0.000     0.000
  1.00     0.000     0.000     0.000     0.000     0.000     0.000     0.000
  0.50     0.000     0.000     0.000     0.000     0.000     0.000     0.000
  0.00     0.001     0.001     0.000     0.000     0.000     0.000     0.000
 total cld area =  4.290262858072916E-002
 mean top height (m)   12724.5253054579     
 Writting history file 
 rcemip300sst_160_MaxIce20_dry3km90perc                                         
  
NSTEP =        540   NCYCLE=  2  CFL_adv= 0.299  CFL_sgs= 0.073
 DAY =   0.187500000000000     
 NSTEP=         540
 div:  3.614593800578517E-017 -5.386605032398748E-017
 SST=   300.000000000000     
 surface pressure=   1014.80000000000     
 u:  -5.96362342325932        6.62863054934877     
 v:  -6.33464062527033        8.61670590941045     
 w:  -2.15370515037987        1.53361978860103     
 p:  -6.85218887134603        5.86510147297419     
 t:   299.398243152941        473.401776885606     
 tabs:   201.515096982246        300.468439251983     
 qv:  1.165225105614028E-054  1.963326575755417E-002
 tke:  0.000000000000000E+000   3.01007537907683     
 tk:  0.000000000000000E+000   30.2846482865972     
 tkh:  0.000000000000000E+000   30.2846482865972     
 qcl:  0.000000000000000E+000  0.000000000000000E+000
 qci:  0.000000000000000E+000  3.820633106348093E-003
 qpl:  0.000000000000000E+000  8.147590659233522E-005
 qpi:  0.000000000000000E+000  0.000000000000000E+000
 qrad(K/day):  -50.6798439794358        64.9295552809175     
 shf:  -1.90232060854425        2.03563803608222     
 lhf:   17.0107666712225        61.7890095571075     
 uw: -5.243971428630841E-003  6.842712354166943E-003
 vw: -6.160358063407141E-003  5.437147404324559E-003
 sst:   300.000000000000        300.000000000000     
 ===========================
 total water budget:
 before (mm):         48.17495062297
 after (mm):          48.17522102621
 evaporation (mm):     0.00028425088
 precipitation (mm):   0.00001384764
 large-scale (mm):     0.00000000000
 Imbalance (mm)       0.00000000000
 evap (mm/day):  0.818642540170913     
 prec (mm/day):  3.988119551559909E-002
 ls (mm/day):  0.000000000000000E+000
 imbalance (mm/day)  3.547872445049810E-011
  imbalance (rel error):  2.949826573181764E-016
 ===========================
CPU TIME =     138.5783 OVER     0.50 MODEL HOURS
 Let's do some shortwave
 Range of zenith angles  0.732661695834013       0.732661695834013     
 Range of surface albedo (asdir)  3.383449086658900E-002  3.383449086658900E-002
 Range of surface albedo (aldir)  3.383449086658900E-002  3.383449086658900E-002
 Range of surface albedo (asdif)  6.000000000000000E-002  6.000000000000000E-002
 Range of surface albedo (aldif)  6.000000000000000E-002  6.000000000000000E-002
 radiation: perpetual sun, solin=   310.282738902614     
 longwave radiation is called
NSTEP =        541   NCYCLE=  2  CFL_adv= 0.300  CFL_sgs= 0.073
NSTEP =        542   NCYCLE=  2  CFL_adv= 0.301  CFL_sgs= 0.072
NSTEP =        543   NCYCLE=  2  CFL_adv= 0.296  CFL_sgs= 0.072
 Collecting statistics...
 name QCSTRG is missing in "lst" file.
NSTEP =        544   NCYCLE=  2  CFL_adv= 0.290  CFL_sgs= 0.071
 DAY =   0.188888888888889     
 NSTEP=         544
 div:  4.213443265343411E-017 -4.525600262783552E-017
 SST=   300.000000000000     
 surface pressure=   1014.80000000000     
 u:  -6.56283390661520        7.39384869773104     
 v:  -6.44500519012933        8.63200336033112     
 w:  -2.14411655881276        1.60037425266943     
 p:  -6.97036478203533        6.25889063920594     
 t:   299.401614069139        473.403576545373     
 tabs:   201.499120670348        300.464488350750     
 qv:  1.818186184683588E-054  1.963808372958818E-002
 tke:  0.000000000000000E+000   2.89286579257531     
 tk:  0.000000000000000E+000   32.6166488819767     
 tkh:  0.000000000000000E+000   32.6166488819767     
 qcl:  0.000000000000000E+000  0.000000000000000E+000
 qci:  0.000000000000000E+000  3.800418115059486E-003
 qpl:  0.000000000000000E+000  8.532893031979778E-005
 qpi:  0.000000000000000E+000  0.000000000000000E+000
 qrad(K/day):  -54.7771180837802        60.7110262566091     
 shf:  -1.89083806108049        2.10110519323557     
 lhf:   16.9545301965820        61.8682159863109     
 uw: -5.117032280331344E-003  6.416083519886285E-003
 vw: -5.960937498502563E-003  5.412010724887541E-003
 sst:   300.000000000000        300.000000000000     
 ===========================
 total water budget:
 before (mm):         48.17603161377
 after (mm):          48.17630159956
 evaporation (mm):     0.00028369519
 precipitation (mm):   0.00001370940
 large-scale (mm):     0.00000000000
 Imbalance (mm)      -0.00000000000
 evap (mm/day):  0.817042146699727     
 prec (mm/day):  3.948306576646585E-002
 ls (mm/day):  0.000000000000000E+000
 imbalance (mm/day) -8.131181275169985E-012
  imbalance (rel error): -1.474880204931577E-016
 ===========================
NSTEP =        545   NCYCLE=  2  CFL_adv= 0.287  CFL_sgs= 0.071
NSTEP =        546   NCYCLE=  2  CFL_adv= 0.291  CFL_sgs= 0.071
 Let's do some shortwave
 Range of zenith angles  0.732661695834013       0.732661695834013     
 Range of surface albedo (asdir)  3.383449086658900E-002  3.383449086658900E-002
 Range of surface albedo (aldir)  3.383449086658900E-002  3.383449086658900E-002
 Range of surface albedo (asdif)  6.000000000000000E-002  6.000000000000000E-002
 Range of surface albedo (aldif)  6.000000000000000E-002  6.000000000000000E-002
 radiation: perpetual sun, solin=   310.282738904989     
 longwave radiation is called
NSTEP =        547   NCYCLE=  2  CFL_adv= 0.293  CFL_sgs= 0.071
 Collecting statistics...
 name QCSTRG is missing in "lst" file.
NSTEP =        548   NCYCLE=  2  CFL_adv= 0.293  CFL_sgs= 0.071
 DAY =   0.190277777777778     
 NSTEP=         548
 div:  5.594535764920812E-017 -5.669890599127071E-017
 SST=   300.000000000000     
 surface pressure=   1014.80000000000     
 u:  -6.20409704180802        7.31698290047943     
 v:  -5.94571953068142        7.81281951801713     
 w:  -2.26952588573338        1.69941712160224     
 p:  -6.70220825360709        6.54979172100938     
 t:   299.398577890097        473.405852352123     
 tabs:   201.466917187442        300.439728368595     
 qv:  2.981554526828566E-054  1.964557873662991E-002
 tke:  0.000000000000000E+000   2.83657115480573     
 tk:  0.000000000000000E+000   29.2455652548142     
 tkh:  0.000000000000000E+000   29.2455652548142     
 qcl:  0.000000000000000E+000  0.000000000000000E+000
 qci:  0.000000000000000E+000  3.773221599880044E-003
 qpl:  0.000000000000000E+000  8.051932259205331E-005
 qpi:  0.000000000000000E+000  0.000000000000000E+000
 qrad(K/day):  -58.5566532443626        57.3564357200253     
 shf:  -1.82529641255446        2.07591944322742     
 lhf:   16.9229471283886        61.9241171068808     
 uw: -5.331139996252711E-003  6.036366366635152E-003
 vw: -5.854158912840492E-003  5.066652345340888E-003
 sst:   300.000000000000        300.000000000000     
 ===========================
 total water budget:
 before (mm):         48.17711093565
 after (mm):          48.17738051242
 evaporation (mm):     0.00028314470
 precipitation (mm):   0.00001356792
 large-scale (mm):     0.00000000000
 Imbalance (mm)       0.00000000000
 evap (mm/day):  0.815456722055039     
 prec (mm/day):  3.907561704121595E-002
 ls (mm/day):  0.000000000000000E+000
 imbalance (mm/day) -7.077931990506769E-013
  imbalance (rel error):  0.000000000000000E+000
 ===========================
NSTEP =        549   NCYCLE=  2  CFL_adv= 0.291  CFL_sgs= 0.070
NSTEP =        550   NCYCLE=  2  CFL_adv= 0.296  CFL_sgs= 0.070
NSTEP =        551   NCYCLE=  2  CFL_adv= 0.298  CFL_sgs= 0.067
 Collecting statistics...
 name QCSTRG is missing in "lst" file.
NSTEP =        552   NCYCLE=  2  CFL_adv= 0.296  CFL_sgs= 0.066
 DAY =   0.191666666666667     
 NSTEP=         552
 div:  5.198262475874408E-017 -7.286898688515250E-017
 SST=   300.000000000000     
 surface pressure=   1014.80000000000     
 u:  -5.74113509962415        6.29946338065078     
 v:  -5.99527799240721        7.57041741830008     
 w:  -2.20503356518146        1.53362959135097     
 p:  -6.80002830129107        6.75096873019411     
 t:   299.395462202216        473.408094573284     
 tabs:   201.445180429210        300.421280130800     
 qv:  4.114107812004722E-054  1.965300612753828E-002
 tke:  0.000000000000000E+000   2.50623357597376     
 tk:  0.000000000000000E+000   27.2062922419503     
 tkh:  0.000000000000000E+000   27.2062922419503     
 qcl:  0.000000000000000E+000  0.000000000000000E+000
 qci:  0.000000000000000E+000  3.740093752331872E-003
 qpl:  0.000000000000000E+000  7.057248938825246E-005
 qpi:  0.000000000000000E+000  0.000000000000000E+000
 qrad(K/day):  -58.5566532443626        57.3564357200253     
 shf:  -1.74777416649370        2.13388530267052     
 lhf:   16.8885091854886        61.8019742367263     
 uw: -5.317150171731059E-003  5.973433450246130E-003
 vw: -5.820320988297478E-003  4.928565932264662E-003
 sst:   300.000000000000        300.000000000000     
 ===========================
 total water budget:
 before (mm):         48.17818866759
 after (mm):          48.17845786572
 evaporation (mm):     0.00028260410
 precipitation (mm):   0.00001340596
 large-scale (mm):     0.00000000000
 Imbalance (mm)       0.00000000000
 evap (mm/day):  0.813899804046123     
 prec (mm/day):  3.860916187020345E-002
 ls (mm/day):  0.000000000000000E+000
 imbalance (mm/day)  1.059939245748320E-011
  imbalance (rel error):  0.000000000000000E+000
 ===========================
 Let's do some shortwave
 Range of zenith angles  0.732661695834013       0.732661695834013     
 Range of surface albedo (asdir)  3.383449086658900E-002  3.383449086658900E-002
 Range of surface albedo (aldir)  3.383449086658900E-002  3.383449086658900E-002
 Range of surface albedo (asdif)  6.000000000000000E-002  6.000000000000000E-002
 Range of surface albedo (aldif)  6.000000000000000E-002  6.000000000000000E-002
 radiation: perpetual sun, solin=   310.282738907072     
 longwave radiation is called
NSTEP =        553   NCYCLE=  2  CFL_adv= 0.291  CFL_sgs= 0.066
NSTEP =        554   NCYCLE=  2  CFL_adv= 0.282  CFL_sgs= 0.066
NSTEP =        555   NCYCLE=  2  CFL_adv= 0.277  CFL_sgs= 0.066
 Collecting statistics...
 name QCSTRG is missing in "lst" file.
NSTEP =        556   NCYCLE=  2  CFL_adv= 0.281  CFL_sgs= 0.066
 DAY =   0.193055555555556     
 NSTEP=         556
 div:  5.384362072118835E-017 -8.065189443598833E-017
 SST=   300.000000000000     
 surface pressure=   1014.80000000000     
 u:  -6.61032068333876        7.72642669488204     
 v:  -6.83981779707857        7.14124269643740     
 w:  -2.01270403936194        1.59006255223810     
 p:  -6.75449320023854        6.79817943758408     
 t:   299.392351491941        473.410080620723     
 tabs:   201.433427359993        300.408514096547     
 qv:  5.882855057239746E-054  1.966025592228258E-002
 tke:  0.000000000000000E+000   2.44480209637570     
 tk:  0.000000000000000E+000   28.1059526952851     
 tkh:  0.000000000000000E+000   28.1059526952851     
 qcl:  0.000000000000000E+000  0.000000000000000E+000
 qci:  0.000000000000000E+000  3.711737963300166E-003
 qpl:  0.000000000000000E+000  6.169061834679696E-005
 qpi:  0.000000000000000E+000  0.000000000000000E+000
 qrad(K/day):  -51.0390330197514        62.8214780718879     
 shf:  -1.71964639262806        2.09994884908044     
 lhf:   16.8537174350822        61.4816178088984     
 uw: -5.720630384204044E-003  5.866776501486169E-003
 vw: -5.886766803416464E-003  4.861351863368244E-003
 sst:   300.000000000000        300.000000000000     
 ===========================
 total water budget:
 before (mm):         48.17926491446
 after (mm):          48.17953375244
 evaporation (mm):     0.00028207362
 precipitation (mm):   0.00001323565
 large-scale (mm):     0.00000000000
 Imbalance (mm)      -0.00000000000
 evap (mm/day):  0.812372036904527     
 prec (mm/day):  3.811867080730522E-002
 ls (mm/day):  0.000000000000000E+000
 imbalance (mm/day) -1.003996690472631E-012
  imbalance (rel error): -1.474781261709805E-016
 ===========================
NSTEP =        557   NCYCLE=  2  CFL_adv= 0.288  CFL_sgs= 0.065
NSTEP =        558   NCYCLE=  2  CFL_adv= 0.293  CFL_sgs= 0.065
 Let's do some shortwave
 Range of zenith angles  0.732661695834013       0.732661695834013     
 Range of surface albedo (asdir)  3.383449086658900E-002  3.383449086658900E-002
 Range of surface albedo (aldir)  3.383449086658900E-002  3.383449086658900E-002
 Range of surface albedo (asdif)  6.000000000000000E-002  6.000000000000000E-002
 Range of surface albedo (aldif)  6.000000000000000E-002  6.000000000000000E-002
 radiation: perpetual sun, solin=   310.282738909001     
 longwave radiation is called
NSTEP =        559   NCYCLE=  2  CFL_adv= 0.294  CFL_sgs= 0.065
 Collecting statistics...
 name QCSTRG is missing in "lst" file.
NSTEP =        560   NCYCLE=  2  CFL_adv= 0.292  CFL_sgs= 0.065
 DAY =   0.194444444444444     
 NSTEP=         560
 div:  4.683596473592518E-017 -6.518202673864104E-017
 SST=   300.000000000000     
 surface pressure=   1014.80000000000     
 u:  -7.35545163921588        8.06350010752412     
 v:  -6.71479940393527        6.40460628248601     
 w:  -1.85107586924208        1.65862032826140     
 p:  -6.46614122820569        6.88742897792786     
 t:   299.389430808350        473.411426662841     
 tabs:   201.426682302562        300.403642373132     
 qv:  7.966994271853807E-054  1.966735351613717E-002
 tke:  0.000000000000000E+000   2.38926867748821     
 tk:  0.000000000000000E+000   28.8594887137483     
 tkh:  0.000000000000000E+000   28.8594887137483     
 qcl:  0.000000000000000E+000  0.000000000000000E+000
 qci:  0.000000000000000E+000  3.696746378376518E-003
 qpl:  0.000000000000000E+000  9.876189510266443E-005
 qpi:  0.000000000000000E+000  0.000000000000000E+000
 qrad(K/day):  -45.8541787442356        60.6202125218580     
 shf:  -1.73408125212284        2.00332627579518     
 lhf:   16.8197073584904        60.7593965719197     
 uw: -5.444164588336456E-003  5.636525972314960E-003
 vw: -5.938060398936160E-003  4.956789018918031E-003
 sst:   300.000000000000        300.000000000000     
 ===========================
 total water budget:
 before (mm):         48.18033975215
 after (mm):          48.18060825512
 evaporation (mm):     0.00028155451
 precipitation (mm):   0.00001305154
 large-scale (mm):     0.00000000000
 Imbalance (mm)       0.00000000000
 evap (mm/day):  0.810876991684104     
 prec (mm/day):  3.758843293106844E-002
 ls (mm/day):  0.000000000000000E+000
 imbalance (mm/day)  2.946103810127360E-011
  imbalance (rel error):  2.949496743576493E-016
 ===========================
NSTEP =        561   NCYCLE=  2  CFL_adv= 0.290  CFL_sgs= 0.065
NSTEP =        562   NCYCLE=  2  CFL_adv= 0.290  CFL_sgs= 0.064
NSTEP =        563   NCYCLE=  2  CFL_adv= 0.286  CFL_sgs= 0.064
 Collecting statistics...
 name QCSTRG is missing in "lst" file.
NSTEP =        564   NCYCLE=  2  CFL_adv= 0.276  CFL_sgs= 0.064
 DAY =   0.195833333333333     
 NSTEP=         564
 div:  5.704863474085527E-017 -6.565751028106879E-017
 SST=   300.000000000000     
 surface pressure=   1014.80000000000     
 u:  -6.72945063719394        7.21842613997358     
 v:  -5.85619612399944        8.48397667572564     
 w:  -1.71377867357510        1.67481731892131     
 p:  -6.57640880554521        6.89722221783819     
 t:   299.388571659429        473.411974133917     
 tabs:   201.407989008039        300.405039566578     
 qv:  1.039095339866139E-053  1.967436449018074E-002
 tke:  0.000000000000000E+000   2.33889656210923     
 tk:  0.000000000000000E+000   29.0072616993463     
 tkh:  0.000000000000000E+000   29.0072616993463     
 qcl:  0.000000000000000E+000  0.000000000000000E+000
 qci:  0.000000000000000E+000  3.688052031545090E-003
 qpl:  0.000000000000000E+000  8.816236764549239E-005
 qpi:  0.000000000000000E+000  0.000000000000000E+000
 qrad(K/day):  -45.8541787442356        60.6202125218580     
 shf:  -1.73462878495236        1.97044933105665     
 lhf:   16.7858189114625        60.4924882750015     
 uw: -5.117653916092746E-003  5.449389164523190E-003
 vw: -6.137242857950585E-003  5.008956819789264E-003
 sst:   300.000000000000        300.000000000000     
 ===========================
 total water budget:
 before (mm):         48.18141332747
 after (mm):          48.18168155498
 evaporation (mm):     0.00028104492
 precipitation (mm):   0.00001281742
 large-scale (mm):     0.00000000000
 Imbalance (mm)       0.00000000000
 evap (mm/day):  0.809409368650762     
 prec (mm/day):  3.691415968614832E-002
 ls (mm/day):  0.000000000000000E+000
 imbalance (mm/day) -1.850240663806013E-011
  imbalance (rel error):  0.000000000000000E+000
 ===========================
 Let's do some shortwave
 Range of zenith angles  0.732661695834013       0.732661695834013     
 Range of surface albedo (asdir)  3.383449086658900E-002  3.383449086658900E-002
 Range of surface albedo (aldir)  3.383449086658900E-002  3.383449086658900E-002
 Range of surface albedo (asdif)  6.000000000000000E-002  6.000000000000000E-002
 Range of surface albedo (aldif)  6.000000000000000E-002  6.000000000000000E-002
 radiation: perpetual sun, solin=   310.282738910920     
 longwave radiation is called
NSTEP =        565   NCYCLE=  2  CFL_adv= 0.280  CFL_sgs= 0.064
NSTEP =        566   NCYCLE=  2  CFL_adv= 0.284  CFL_sgs= 0.064
NSTEP =        567   NCYCLE=  2  CFL_adv= 0.283  CFL_sgs= 0.064
 Collecting statistics...
 name QCSTRG is missing in "lst" file.
NSTEP =        568   NCYCLE=  2  CFL_adv= 0.279  CFL_sgs= 0.063
 DAY =   0.197222222222222     
 NSTEP=         568
 div:  3.758515795573490E-017 -7.073910748240444E-017
 SST=   300.000000000000     
 surface pressure=   1014.80000000000     
 u:  -7.14419257357200        6.30609643038307     
 v:  -5.57178290727185        7.97679654636122     
 w:  -1.77769513360741        1.46186553487771     
 p:  -6.64297350421448        6.71314516561288     
 t:   299.390606499888        473.412347303313     
 tabs:   201.398800016189        300.401304389174     
 qv:  1.256963535830026E-053  1.968013784470097E-002
 tke:  0.000000000000000E+000   2.29371096424922     
 tk:  0.000000000000000E+000   27.6663881260796     
 tkh:  0.000000000000000E+000   27.6663881260796     
 qcl:  0.000000000000000E+000  0.000000000000000E+000
 qci:  0.000000000000000E+000  3.678573593817030E-003
 qpl:  0.000000000000000E+000  6.682043634316689E-005
 qpi:  0.000000000000000E+000  0.000000000000000E+000
 qrad(K/day):  -47.4876523068767        55.2916888218629     
 shf:  -1.72130722947046        1.82786970910017     
 lhf:   16.7572188029598        60.1364774645845     
 uw: -4.879184747121303E-003  5.296276795972181E-003
 vw: -6.191665813523970E-003  4.942140896412851E-003
 sst:   300.000000000000        300.000000000000     
 ===========================
 total water budget:
 before (mm):         48.18248584942
 after (mm):          48.18275380036
 evaporation (mm):     0.00028054435
 precipitation (mm):   0.00001259341
 large-scale (mm):     0.00000000000
 Imbalance (mm)       0.00000000000
 evap (mm/day):  0.807967714204061     
 prec (mm/day):  3.626901413866945E-002
 ls (mm/day):  0.000000000000000E+000
 imbalance (mm/day) -8.205213852113813E-012
  imbalance (rel error):  0.000000000000000E+000
 ===========================
NSTEP =        569   NCYCLE=  2  CFL_adv= 0.275  CFL_sgs= 0.063
NSTEP =        570   NCYCLE=  2  CFL_adv= 0.277  CFL_sgs= 0.063
 Let's do some shortwave
 Range of zenith angles  0.732661695834013       0.732661695834013     
 Range of surface albedo (asdir)  3.383449086658900E-002  3.383449086658900E-002
 Range of surface albedo (aldir)  3.383449086658900E-002  3.383449086658900E-002
 Range of surface albedo (asdif)  6.000000000000000E-002  6.000000000000000E-002
 Range of surface albedo (aldif)  6.000000000000000E-002  6.000000000000000E-002
 radiation: perpetual sun, solin=   310.282738912942     
 longwave radiation is called
NSTEP =        571   NCYCLE=  2  CFL_adv= 0.274  CFL_sgs= 0.063
 Collecting statistics...
 name QCSTRG is missing in "lst" file.
NSTEP =        572   NCYCLE=  2  CFL_adv= 0.272  CFL_sgs= 0.063
 DAY =   0.198611111111111     
 NSTEP=         572
 div:  5.865452349817471E-017 -6.268339587377781E-017
 SST=   300.000000000000     
 surface pressure=   1014.80000000000     
 u:  -7.30618561229620        6.97065056248704     
 v:  -5.30161940310262        7.09439975257491     
 w:  -1.70546720706986        1.39558858846355     
 p:  -6.83910170077459        6.29708799988890     
 t:   299.393140866131        473.412905763031     
 tabs:   201.394969357341        300.392747474247     
 qv:  1.414120989969072E-053  1.968316691665757E-002
 tke:  0.000000000000000E+000   2.25359450324688     
 tk:  0.000000000000000E+000   26.1839689666380     
 tkh:  0.000000000000000E+000   26.1839689666380     
 qcl:  0.000000000000000E+000  0.000000000000000E+000
 qci:  0.000000000000000E+000  3.669214544875249E-003
 qpl:  0.000000000000000E+000  6.293691134936094E-005
 qpi:  0.000000000000000E+000  0.000000000000000E+000
 qrad(K/day):  -48.5031665034455        53.2111606671020     
 shf:  -1.69576598795146        1.79892951174519     
 lhf:   16.7460852960230        59.7123988198157     
 uw: -4.780584682853097E-003  5.190063575026493E-003
 vw: -5.892390295256324E-003  4.790075296513815E-003
 sst:   300.000000000000        300.000000000000     
 ===========================
 total water budget:
 before (mm):         48.18355713270
 after (mm):          48.18382473475
 evaporation (mm):     0.00028005070
 precipitation (mm):   0.00001244864
 large-scale (mm):     0.00000000000
 Imbalance (mm)      -0.00000000000
 evap (mm/day):  0.806546006446140     
 prec (mm/day):  3.585208312247989E-002
 ls (mm/day):  0.000000000000000E+000
 imbalance (mm/day) -2.107282122236487E-011
  imbalance (rel error): -1.474649925927531E-016
 ===========================
NSTEP =        573   NCYCLE=  2  CFL_adv= 0.277  CFL_sgs= 0.063
NSTEP =        574   NCYCLE=  2  CFL_adv= 0.277  CFL_sgs= 0.063
NSTEP =        575   NCYCLE=  2  CFL_adv= 0.277  CFL_sgs= 0.062
 Collecting statistics...
 name QCSTRG is missing in "lst" file.
NSTEP =        576   NCYCLE=  2  CFL_adv= 0.275  CFL_sgs= 0.062
 DAY =   0.200000000000000     
 NSTEP=         576
 div:  5.716534934158671E-017 -6.969105703160134E-017
 SST=   300.000000000000     
 surface pressure=   1014.80000000000     
 u:  -6.32086047205773        6.86936203646617     
 v:  -5.51523012162970        7.85098313739126     
 w:  -1.64682985109724        1.33975538841998     
 p:  -6.62479104169514        5.76299352486406     
 t:   299.395872738956        473.413721148371     
 tabs:   201.401261972800        300.381844881870     
 qv:  1.730047705099441E-053  1.968339134618975E-002
 tke:  0.000000000000000E+000   2.21703164556947     
 tk:  0.000000000000000E+000   24.0514382121282     
 tkh:  0.000000000000000E+000   24.0514382121282     
 qcl:  0.000000000000000E+000  0.000000000000000E+000
 qci:  0.000000000000000E+000  3.659968422208912E-003
 qpl:  0.000000000000000E+000  6.152948775094727E-005
 qpi:  0.000000000000000E+000  0.000000000000000E+000
 qrad(K/day):  -48.5031665034455        53.2111606671020     
 shf:  -1.66299229172135        1.80875982724233     
 lhf:   16.7536766061328        59.2705177017332     
 uw: -4.597390028280529E-003  5.248845965524781E-003
 vw: -5.867408956406964E-003  4.828919642638161E-003
 sst:   300.000000000000        300.000000000000     
 ===========================
 total water budget:
 before (mm):         48.18462714725
 after (mm):          48.18489451173
 evaporation (mm):     0.00027956217
 precipitation (mm):   0.00001219769
 large-scale (mm):     0.00000000000
 Imbalance (mm)       0.00000000000
 evap (mm/day):  0.805139037248672     
 prec (mm/day):  3.512933659155779E-002
 ls (mm/day):  0.000000000000000E+000
 imbalance (mm/day)  1.108277044355871E-011
  imbalance (rel error):  1.474617186485969E-016
 ===========================
 Let's do some shortwave
 Range of zenith angles  0.732661695834013       0.732661695834013     
 Range of surface albedo (asdir)  3.383449086658900E-002  3.383449086658900E-002
 Range of surface albedo (aldir)  3.383449086658900E-002  3.383449086658900E-002
 Range of surface albedo (asdif)  6.000000000000000E-002  6.000000000000000E-002
 Range of surface albedo (aldif)  6.000000000000000E-002  6.000000000000000E-002
 radiation: perpetual sun, solin=   310.282738915082     
 longwave radiation is called
NSTEP =        577   NCYCLE=  2  CFL_adv= 0.273  CFL_sgs= 0.062
NSTEP =        578   NCYCLE=  2  CFL_adv= 0.276  CFL_sgs= 0.062
NSTEP =        579   NCYCLE=  2  CFL_adv= 0.283  CFL_sgs= 0.062
 Collecting statistics...
 name QCSTRG is missing in "lst" file.
NSTEP =        580   NCYCLE=  2  CFL_adv= 0.296  CFL_sgs= 0.062
 DAY =   0.201388888888889     
 NSTEP=         580
 div:  6.090271460292300E-017 -7.189140339274770E-017
 SST=   300.000000000000     
 surface pressure=   1014.80000000000     
 u:  -6.19861665482719        6.67419417780879     
 v:  -5.16558201489483        7.03262005951085     
 w:  -1.85571684007330        1.42256478516533     
 p:  -6.92595665227938        5.45845815829107     
 t:   299.399580843729        473.414589089158     
 tabs:   201.418137582227        300.370082833218     
 qv:  2.180041966973304E-053  1.968061283412937E-002
 tke:  0.000000000000000E+000   2.18257985169579     
 tk:  0.000000000000000E+000   30.8555558298693     
 tkh:  0.000000000000000E+000   30.8555558298693     
 qcl:  0.000000000000000E+000  0.000000000000000E+000
 qci:  0.000000000000000E+000  3.652074601429168E-003
 qpl:  0.000000000000000E+000  6.061942851048853E-005
 qpi:  0.000000000000000E+000  0.000000000000000E+000
 qrad(K/day):  -49.3767766577642        52.4325569486291     
 shf:  -1.62821515159906        1.81408520703726     
 lhf:   16.7825442305420        58.8397117222960     
 uw: -4.615165017196499E-003  5.147295874407151E-003
 vw: -5.714103833274906E-003  4.935487166560323E-003
 sst:   300.000000000000        300.000000000000     
 ===========================
 total water budget:
 before (mm):         48.18569625579
 after (mm):          48.18596336009
 evaporation (mm):     0.00027907971
 precipitation (mm):   0.00001197541
 large-scale (mm):     0.00000000000
 Imbalance (mm)      -0.00000000000
 evap (mm/day):  0.803749568193979     
 prec (mm/day):  3.448918662857711E-002
 ls (mm/day):  0.000000000000000E+000
 imbalance (mm/day) -3.961911853277155E-011
  imbalance (rel error): -2.949168953831352E-016
 ===========================
NSTEP =        581   NCYCLE=  2  CFL_adv= 0.306  CFL_sgs= 0.062
NSTEP =        582   NCYCLE=  2  CFL_adv= 0.310  CFL_sgs= 0.062
 Let's do some shortwave
 Range of zenith angles  0.732661695834013       0.732661695834013     
 Range of surface albedo (asdir)  3.383449086658900E-002  3.383449086658900E-002
 Range of surface albedo (aldir)  3.383449086658900E-002  3.383449086658900E-002
 Range of surface albedo (asdif)  6.000000000000000E-002  6.000000000000000E-002
 Range of surface albedo (aldif)  6.000000000000000E-002  6.000000000000000E-002
 radiation: perpetual sun, solin=   310.282738917275     
 longwave radiation is called
NSTEP =        583   NCYCLE=  2  CFL_adv= 0.311  CFL_sgs= 0.062
 Collecting statistics...
 name QCSTRG is missing in "lst" file.
NSTEP =        584   NCYCLE=  2  CFL_adv= 0.313  CFL_sgs= 0.061
 DAY =   0.202777777777778     
 NSTEP=         584
 div:  5.442221844219579E-017 -7.184183690984972E-017
 SST=   300.000000000000     
 surface pressure=   1014.80000000000     
 u:  -6.46132330357389        6.34488311703650     
 v:  -5.79939412101629        6.08671133995057     
 w:  -2.13986387797742        1.36335278828014     
 p:  -6.88506050927480        5.53656562204881     
 t:   299.404479837906        473.415499483795     
 tabs:   201.432877312219        300.366418448990     
 qv:  2.657795364348359E-053  1.967448098073026E-002
 tke:  0.000000000000000E+000   2.15034131444506     
 tk:  0.000000000000000E+000   21.9259777284897     
 tkh:  0.000000000000000E+000   21.9259777284897     
 qcl:  0.000000000000000E+000  0.000000000000000E+000
 qci:  0.000000000000000E+000  3.642856616626089E-003
 qpl:  0.000000000000000E+000  5.892922141837612E-005
 qpi:  0.000000000000000E+000  0.000000000000000E+000
 qrad(K/day):  -46.7081616664968        54.8290722035715     
 shf:  -1.59181760579001        1.85091289155681     
 lhf:   16.8358719129529        58.4165869229501     
 uw: -4.371356129251051E-003  4.990629427932751E-003
 vw: -5.826760275359041E-003  4.957867617157563E-003
 sst:   300.000000000000        300.000000000000     
 ===========================
 total water budget:
 before (mm):         48.18676409935
 after (mm):          48.18703078646
 evaporation (mm):     0.00027860144
 precipitation (mm):   0.00001191432
 large-scale (mm):     0.00000000000
 Imbalance (mm)      -0.00000000000
 evap (mm/day):  0.802372135263063     
 prec (mm/day):  3.431325120089240E-002
 ls (mm/day):  0.000000000000000E+000
 imbalance (mm/day) -2.093230862081075E-011
  imbalance (rel error): -1.474551812310004E-016
 ===========================
NSTEP =        585   NCYCLE=  2  CFL_adv= 0.313  CFL_sgs= 0.061
NSTEP =        586   NCYCLE=  2  CFL_adv= 0.309  CFL_sgs= 0.061
NSTEP =        587   NCYCLE=  2  CFL_adv= 0.301  CFL_sgs= 0.061
 Collecting statistics...
 name QCSTRG is missing in "lst" file.
NSTEP =        588   NCYCLE=  2  CFL_adv= 0.292  CFL_sgs= 0.061
 DAY =   0.204166666666667     
 NSTEP=         588
 div:  4.936158691147472E-017 -7.516536432623584E-017
 SST=   300.000000000000     
 surface pressure=   1014.80000000000     
 u:  -6.08880095723216        6.34556136205173     
 v:  -6.88824985491588        6.20351282966687     
 w:  -1.87912372528974        1.52641234842148     
 p:  -6.67167232111166        5.63403652575551     
 t:   299.409714948479        473.416757803855     
 tabs:   201.442439533864        300.373082775947     
 qv:  3.428381844395717E-053  1.966500213782560E-002
 tke:  0.000000000000000E+000   2.12255989122627     
 tk:  0.000000000000000E+000   30.4142022124658     
 tkh:  0.000000000000000E+000   30.4142022124658     
 qcl:  0.000000000000000E+000  0.000000000000000E+000
 qci:  0.000000000000000E+000  3.631299724378382E-003
 qpl:  0.000000000000000E+000  5.699891774143969E-005
 qpi:  0.000000000000000E+000  0.000000000000000E+000
 qrad(K/day):  -46.7081616664968        54.8290722035715     
 shf:  -1.55571491077886        1.84413984384316     
 lhf:   16.8554338535062        57.9841353991790     
 uw: -4.449928019462766E-003  4.975826548287553E-003
 vw: -5.883571322105728E-003  5.085558359624847E-003
 sst:   300.000000000000        300.000000000000     
 ===========================
 total water budget:
 before (mm):         48.18783003704
 after (mm):          48.18809615621
 evaporation (mm):     0.00027812668
 precipitation (mm):   0.00001200750
 large-scale (mm):     0.00000000000
 Imbalance (mm)       0.00000000000
 evap (mm/day):  0.801004845194697     
 prec (mm/day):  3.458161111523711E-002
 ls (mm/day):  0.000000000000000E+000
 imbalance (mm/day) -5.050793767599759E-012
  imbalance (rel error):  0.000000000000000E+000
 ===========================
 Let's do some shortwave
 Range of zenith angles  0.732661695834013       0.732661695834013     
 Range of surface albedo (asdir)  3.383449086658900E-002  3.383449086658900E-002
 Range of surface albedo (aldir)  3.383449086658900E-002  3.383449086658900E-002
 Range of surface albedo (asdif)  6.000000000000000E-002  6.000000000000000E-002
 Range of surface albedo (aldif)  6.000000000000000E-002  6.000000000000000E-002
 radiation: perpetual sun, solin=   310.282738919458     
 longwave radiation is called
NSTEP =        589   NCYCLE=  2  CFL_adv= 0.281  CFL_sgs= 0.061
NSTEP =        590   NCYCLE=  2  CFL_adv= 0.276  CFL_sgs= 0.026
NSTEP =        591   NCYCLE=  2  CFL_adv= 0.278  CFL_sgs= 0.025
 Collecting statistics...
 name QCSTRG is missing in "lst" file.
NSTEP =        592   NCYCLE=  2  CFL_adv= 0.282  CFL_sgs= 0.025
 DAY =   0.205555555555556     
 NSTEP=         592
 div:  6.380617045420764E-017 -9.529601340324847E-017
 SST=   300.000000000000     
 surface pressure=   1014.80000000000     
 u:  -5.80734751199931        6.14121439969366     
 v:  -7.22804527120204        6.00533357623474     
 w:  -1.66708336559507        1.77136665127743     
 p:  -6.75408914632623        5.64509058797174     
 t:   299.409044886141        473.418231095235     
 tabs:   201.456378270613        300.368335433756     
 qv:  3.879833530799538E-053  1.966484151295910E-002
 tke:  0.000000000000000E+000   1.37941877216094     
 tk:  0.000000000000000E+000   29.3621649849017     
 tkh:  0.000000000000000E+000   29.3621649849017     
 qcl:  0.000000000000000E+000  0.000000000000000E+000
 qci:  0.000000000000000E+000  3.616608317104394E-003
 qpl:  0.000000000000000E+000  6.590198381637714E-005
 qpi:  0.000000000000000E+000  0.000000000000000E+000
 qrad(K/day):  -46.7011605675759        53.1018906968191     
 shf:  -1.52184860938687        1.86270534092293     
 lhf:   16.8137858978082        57.5402054147467     
 uw: -4.293193677225430E-003  5.173324582588260E-003
 vw: -5.956705526910613E-003  5.144685683630287E-003
 sst:   300.000000000000        300.000000000000     
 ===========================
 total water budget:
 before (mm):         48.18889352047
 after (mm):          48.18915895502
 evaporation (mm):     0.00027765772
 precipitation (mm):   0.00001222317
 large-scale (mm):     0.00000000000
 Imbalance (mm)       0.00000000000
 evap (mm/day):  0.799654226409885     
 prec (mm/day):  3.520273068153910E-002
 ls (mm/day):  0.000000000000000E+000
 imbalance (mm/day)  9.939471121156451E-012
  imbalance (rel error):  0.000000000000000E+000
 ===========================
NSTEP =        593   NCYCLE=  2  CFL_adv= 0.286  CFL_sgs= 0.024
NSTEP =        594   NCYCLE=  2  CFL_adv= 0.286  CFL_sgs= 0.024
 Let's do some shortwave
 Range of zenith angles  0.732661695834013       0.732661695834013     
 Range of surface albedo (asdir)  3.383449086658900E-002  3.383449086658900E-002
 Range of surface albedo (aldir)  3.383449086658900E-002  3.383449086658900E-002
 Range of surface albedo (asdif)  6.000000000000000E-002  6.000000000000000E-002
 Range of surface albedo (aldif)  6.000000000000000E-002  6.000000000000000E-002
 radiation: perpetual sun, solin=   310.282738921546     
 longwave radiation is called
NSTEP =        595   NCYCLE=  2  CFL_adv= 0.282  CFL_sgs= 0.024
 Collecting statistics...
 name QCSTRG is missing in "lst" file.
NSTEP =        596   NCYCLE=  2  CFL_adv= 0.283  CFL_sgs= 0.023
 DAY =   0.206944444444444     
 NSTEP=         596
 div:  4.868392528411275E-017 -6.519477491596272E-017
 SST=   300.000000000000     
 surface pressure=   1014.80000000000     
 u:  -5.64043498021523        6.34445763709058     
 v:  -6.87255210978776        6.09534616023912     
 w:  -1.88467973749175        1.52149321837839     
 p:  -6.82043639415248        5.57822441876030     
 t:   299.406391231888        473.419633995497     
 tabs:   201.471930460496        300.357048567944     
 qv:  3.996019378039949E-053  1.966939152582019E-002
 tke:  0.000000000000000E+000   1.29291019353472     
 tk:  0.000000000000000E+000   28.4265522172352     
 tkh:  0.000000000000000E+000   28.4265522172352     
 qcl:  0.000000000000000E+000  0.000000000000000E+000
 qci:  0.000000000000000E+000  3.604638681300949E-003
 qpl:  0.000000000000000E+000  6.707090968535593E-005
 qpi:  0.000000000000000E+000  0.000000000000000E+000
 qrad(K/day):  -47.4980236930508        54.9567632394491     
 shf:  -1.50619427876617        1.86493175962397     
 lhf:   16.7644884603193        57.3716316030005     
 uw: -4.200891712290853E-003  5.128230172740358E-003
 vw: -5.986344814268739E-003  5.228046105546548E-003
 sst:   300.000000000000        300.000000000000     
 ===========================
 total water budget:
 before (mm):         48.18995410687
 after (mm):          48.19021875438
 evaporation (mm):     0.00027719524
 precipitation (mm):   0.00001254773
 large-scale (mm):     0.00000000000
 Imbalance (mm)       0.00000000000
 evap (mm/day):  0.798322280715027     
 prec (mm/day):  3.613745919679520E-002
 ls (mm/day):  0.000000000000000E+000
 imbalance (mm/day)  1.939856478574975E-011
  imbalance (rel error):  1.474454265048336E-016
 ===========================
NSTEP =        597   NCYCLE=  2  CFL_adv= 0.285  CFL_sgs= 0.023
NSTEP =        598   NCYCLE=  2  CFL_adv= 0.290  CFL_sgs= 0.023
NSTEP =        599   NCYCLE=  2  CFL_adv= 0.295  CFL_sgs= 0.022
 Collecting statistics...
 name QCSTRG is missing in "lst" file.
 Writting statistics:nstatsteps=          15
 --------------- ISCCP Simulator Diagnostics: -----------------
 ISCCP PDF:
            0.0       0.3       1.3       3.6       9.4      23.0      60.0
    0.     0.005     0.001     0.000     0.000     0.000     0.003     0.016
  180.     0.005     0.003     0.004     0.004     0.005     0.005     0.001
  310.     0.001     0.001     0.001     0.001     0.000     0.000     0.000
  440.     0.000     0.000     0.000     0.000     0.000     0.000     0.000
  560.     0.000     0.000     0.000     0.000     0.000     0.000     0.000
  680.     0.000     0.000     0.000     0.000     0.000     0.000     0.000
  800.     0.000     0.000     0.000     0.000     0.000     0.000     0.000
 low cld area (tau > 0.3)=  0.000000000000000E+000
 mid cld area (tau > 0.3)=  0.000000000000000E+000
 hgh cld area (tau > 0.3)=  4.636942545572917E-002
 total cld area (tau > 0.3)=  4.636942545572917E-002
 mean albedo cld (tau > 0.3)   0.635550369084750     
 mean tau cld (tau > 0.3)    15.9018985282251     
 mean top pressure (tau > 0.3)   198.442701048050     
 mean brightness temp (tau > 0.3)   259.832787881345     
 mean clearsky brightness temp (tau > 0.3)   295.751667273610     
 --------------- MODIS Simulator Diagnostics: -----------------
 MODIS PDF:
                      0.3       1.3       3.6       9.4      23.0      60.0
    0.               0.000     0.000     0.001     0.003     0.007     0.017
  180.               0.004     0.004     0.004     0.003     0.001     0.000
  310.               0.001     0.001     0.000     0.000     0.000     0.000
  440.               0.000     0.000     0.000     0.000     0.000     0.000
  560.               0.000     0.000     0.000     0.000     0.000     0.000
  680.               0.000     0.000     0.000     0.000     0.000     0.000
  800.               0.000     0.000     0.000     0.000     0.000     0.000
 low cld area =  0.000000000000000E+000
 mid cld area =  0.000000000000000E+000
 hgh cld area =  4.636942545572917E-002
 total cld area =  4.636942545572917E-002
 mean tau cld    61.7298057632074     
 mean top pressure    181.557059760579     
 total cld area (liquid) =  0.000000000000000E+000
 total cld area (ice) =  4.636942545572917E-002
 mean tau (liquid) =  -1.00000000000000     
 mean tau (ice) =   61.7298057632074     
 mean lwp (g/m2) =  -1.00000000000000     
 mean iwp (g/m2) =   1211.97362433051     
 mean reff (liquid)  =  -1.00000000000000     
 mean reff (ice)  =   38.2658642725715     
 --------------- MISR Simulator Diagnostics: -----------------
 MISR PDF:
            0.0       0.3       1.3       3.6       9.4      23.0      60.0
 99.00     0.000     0.000     0.000     0.000     0.000     0.000     0.000
 17.00     0.000     0.000     0.000     0.000     0.000     0.000     0.000
 15.00     0.000     0.000     0.000     0.000     0.001     0.005     0.016
 13.00     0.000     0.000     0.002     0.003     0.003     0.003     0.001
 11.00     0.000     0.001     0.001     0.001     0.001     0.000     0.000
  9.00     0.000     0.002     0.002     0.001     0.000     0.000     0.000
  7.00     0.000     0.000     0.000     0.000     0.000     0.000     0.000
  5.00     0.000     0.000     0.000     0.000     0.000     0.000     0.000
  4.00     0.000     0.000     0.000     0.000     0.000     0.000     0.000
  3.00     0.000     0.000     0.000     0.000     0.000     0.000     0.000
  2.50     0.000     0.000     0.000     0.000     0.000     0.000     0.000
  2.00     0.000     0.000     0.000     0.000     0.000     0.000     0.000
  1.50     0.000     0.000     0.000     0.000     0.000     0.000     0.000
  1.00     0.000     0.000     0.000     0.000     0.000     0.000     0.000
  0.50     0.000     0.000     0.000     0.000     0.000     0.000     0.000
  0.00     0.001     0.001     0.000     0.000     0.000     0.000     0.000
 total cld area =  4.491882324218750E-002
 mean top height (m)   12436.8365112395     
 Writting history file 
 rcemip300sst_160_MaxIce20_dry3km90perc                                         
  
 Writting 2D data. file:./OUT_2D/bubble_rcemip300sst_160_MaxIce20_dry3km90perc_6
 4.2Dbin                                                         
 Writting 3D data. file:./OUT_3D/bubble_rcemip300sst_160_MaxIce20_dry3km90perc_6
 4_0000000600.bin3D                                              
NSTEP =        600   NCYCLE=  2  CFL_adv= 0.296  CFL_sgs= 0.022
 DAY =   0.208333333333333     
 NSTEP=         600
 div:  4.707086234330276E-017 -7.909947972481633E-017
 SST=   300.000000000000     
 surface pressure=   1014.80000000000     
 u:  -6.29550889181509        5.89047931287417     
 v:  -6.07273202548566        6.17412411130513     
 w:  -1.98600720526553        1.51784540813891     
 p:  -7.00207460057050        5.42343745856100     
 t:   299.403962672462        473.420807420006     
 tabs:   201.483182065286        300.342475419028     
 qv:  4.149007813166339E-053  1.967633739338117E-002
 tke:  0.000000000000000E+000   1.48696217835123     
 tk:  0.000000000000000E+000   27.1802632320912     
 tkh:  0.000000000000000E+000   27.1802632320912     
 qcl:  0.000000000000000E+000  0.000000000000000E+000
 qci:  0.000000000000000E+000  3.593888015016304E-003
 qpl:  0.000000000000000E+000  6.480948562577821E-005
 qpi:  0.000000000000000E+000  0.000000000000000E+000
 qrad(K/day):  -47.4980236930508        54.9567632394491     
 shf:  -1.50766090635920        1.85871423521672     
 lhf:   16.7170029202472        57.2569557338832     
 uw: -4.240185635673555E-003  4.841135305196423E-003
 vw: -6.118866932250176E-003  5.344259769269321E-003
 sst:   300.000000000000        300.000000000000     
 ===========================
 total water budget:
 before (mm):         48.19101143454
 after (mm):          48.19127523838
 evaporation (mm):     0.00027673950
 precipitation (mm):   0.00001293566
 large-scale (mm):     0.00000000000
 Imbalance (mm)      -0.00000000000
 evap (mm/day):  0.797009760063183     
 prec (mm/day):  3.725470548264762E-002
 ls (mm/day):  0.000000000000000E+000
 imbalance (mm/day) -7.174402673511271E-012
  imbalance (rel error): -1.474421940995201E-016
 ===========================
CPU TIME =     140.6747 OVER     0.50 MODEL HOURS
 Let's do some shortwave
 Range of zenith angles  0.732661695834013       0.732661695834013     
 Range of surface albedo (asdir)  3.383449086658900E-002  3.383449086658900E-002
 Range of surface albedo (aldir)  3.383449086658900E-002  3.383449086658900E-002
 Range of surface albedo (asdif)  6.000000000000000E-002  6.000000000000000E-002
 Range of surface albedo (aldif)  6.000000000000000E-002  6.000000000000000E-002
 radiation: perpetual sun, solin=   310.282738923433     
 longwave radiation is called
NSTEP =        601   NCYCLE=  2  CFL_adv= 0.295  CFL_sgs= 0.025
NSTEP =        602   NCYCLE=  2  CFL_adv= 0.291  CFL_sgs= 0.025
NSTEP =        603   NCYCLE=  2  CFL_adv= 0.284  CFL_sgs= 0.025
 Collecting statistics...
 name QCSTRG is missing in "lst" file.
NSTEP =        604   NCYCLE=  2  CFL_adv= 0.275  CFL_sgs= 0.025
 DAY =   0.209722222222222     
 NSTEP=         604
 div:  3.718401995757995E-017 -7.169023050645257E-017
 SST=   300.000000000000     
 surface pressure=   1014.80000000000     
 u:  -6.90820187677823        5.88241687891482     
 v:  -5.09314582581108        5.83480240282497     
 w:  -1.56780702250328        1.50043059755166     
 p:  -7.00797645707111        5.42322205608398     
 t:   299.406076373022        473.421647354621     
 tabs:   201.503578147632        300.332015555137     
 qv:  5.472317552538199E-053  1.968644980080943E-002
 tke:  0.000000000000000E+000   1.86374707776053     
 tk:  0.000000000000000E+000   32.3203459122906     
 tkh:  0.000000000000000E+000   32.3203459122906     
 qcl:  0.000000000000000E+000  0.000000000000000E+000
 qci:  0.000000000000000E+000  3.582875230201865E-003
 qpl:  0.000000000000000E+000  6.420284712515174E-005
 qpi:  0.000000000000000E+000  0.000000000000000E+000
 qrad(K/day):  -46.7231213177662        53.1012909611683     
 shf:  -1.50480618970199        1.85803151937878     
 lhf:   16.6743620495879        57.0990630606138     
 uw: -4.425448793450103E-003  5.061093675698442E-003
 vw: -6.043324654787658E-003  5.396641446125239E-003
 sst:   300.000000000000        300.000000000000     
 ===========================
 total water budget:
 before (mm):         48.19206542131
 after (mm):          48.19232842190
 evaporation (mm):     0.00027628697
 precipitation (mm):   0.00001328638
 large-scale (mm):     0.00000000000
 Imbalance (mm)       0.00000000000
 evap (mm/day):  0.795706487303391     
 prec (mm/day):  3.826478376551876E-002
 ls (mm/day):  0.000000000000000E+000
 imbalance (mm/day)  2.969243991304826E-011
  imbalance (rel error):  1.474389719333714E-016
 ===========================
NSTEP =        605   NCYCLE=  2  CFL_adv= 0.264  CFL_sgs= 0.025
NSTEP =        606   NCYCLE=  2  CFL_adv= 0.255  CFL_sgs= 0.025
 Let's do some shortwave
 Range of zenith angles  0.732661695834013       0.732661695834013     
 Range of surface albedo (asdir)  3.383449086658900E-002  3.383449086658900E-002
 Range of surface albedo (aldir)  3.383449086658900E-002  3.383449086658900E-002
 Range of surface albedo (asdif)  6.000000000000000E-002  6.000000000000000E-002
 Range of surface albedo (aldif)  6.000000000000000E-002  6.000000000000000E-002
 radiation: perpetual sun, solin=   310.282738925040     
 longwave radiation is called
NSTEP =        607   NCYCLE=  2  CFL_adv= 0.248  CFL_sgs= 0.025
 Collecting statistics...
 name QCSTRG is missing in "lst" file.
NSTEP =        608   NCYCLE=  2  CFL_adv= 0.242  CFL_sgs= 0.025
 DAY =   0.211111111111111     
 NSTEP=         608
 div:  5.103151562857811E-017 -8.071571411874344E-017
 SST=   300.000000000000     
 surface pressure=   1014.80000000000     
 u:  -6.74620421432902        5.84160596389464     
 v:  -5.00132498068473        5.56673033686834     
 w:  -1.49040976055170        1.45337549287792     
 p:  -7.00708237901368        5.30436749005811     
 t:   299.413194021596        473.422282051809     
 tabs:   201.521616269578        300.341962630352     
 qv:  6.204523305219077E-053  1.969836185405624E-002
 tke:  0.000000000000000E+000   1.26250846838584     
 tk:  0.000000000000000E+000   26.9953735544819     
 tkh:  0.000000000000000E+000   26.9953735544819     
 qcl:  0.000000000000000E+000  0.000000000000000E+000
 qci:  0.000000000000000E+000  3.570601486584758E-003
 qpl:  0.000000000000000E+000  6.475740155842154E-005
 qpi:  0.000000000000000E+000  0.000000000000000E+000
 qrad(K/day):  -46.2093177528662        49.5617773978405     
 shf:  -1.50790212564283        1.84962314479946     
 lhf:   16.6038753372666        56.9372380953111     
 uw: -4.568173575404212E-003  5.163220849569580E-003
 vw: -6.136319291656419E-003  5.288839851166279E-003
 sst:   300.000000000000        300.000000000000     
 ===========================
 total water budget:
 before (mm):         48.19311630614
 after (mm):          48.19337857358
 evaporation (mm):     0.00027583594
 precipitation (mm):   0.00001356849
 large-scale (mm):     0.00000000000
 Imbalance (mm)      -0.00000000000
 evap (mm/day):  0.794407495607103     
 prec (mm/day):  3.907726221762436E-002
 ls (mm/day):  0.000000000000000E+000
 imbalance (mm/day) -2.955142478378719E-011
  imbalance (rel error): -1.474357591832474E-016
 ===========================
NSTEP =        609   NCYCLE=  2  CFL_adv= 0.250  CFL_sgs= 0.024
NSTEP =        610   NCYCLE=  2  CFL_adv= 0.258  CFL_sgs= 0.024
NSTEP =        611   NCYCLE=  2  CFL_adv= 0.265  CFL_sgs= 0.024
 Collecting statistics...
 name QCSTRG is missing in "lst" file.
NSTEP =        612   NCYCLE=  2  CFL_adv= 0.273  CFL_sgs= 0.024
 DAY =   0.212500000000000     
 NSTEP=         612
 div:  5.332240751523749E-017 -6.873338867386254E-017
 SST=   300.000000000000     
 surface pressure=   1014.80000000000     
 u:  -5.73477382236792        6.58222931566117     
 v:  -5.15758981421335        5.93725978021293     
 w:  -1.61650720104334        1.64854489516237     
 p:  -6.65299927282004        5.11391937849186     
 t:   299.413289623639        473.422937544680     
 tabs:   201.546789775107        300.350503468803     
 qv:  6.844296653987427E-053  1.971153473038401E-002
 tke:  0.000000000000000E+000   1.04176054401625     
 tk:  0.000000000000000E+000   25.5166678861123     
 tkh:  0.000000000000000E+000   25.5166678861123     
 qcl:  0.000000000000000E+000  0.000000000000000E+000
 qci:  0.000000000000000E+000  3.555270397986185E-003
 qpl:  0.000000000000000E+000  8.965533791696007E-005
 qpi:  0.000000000000000E+000  0.000000000000000E+000
 qrad(K/day):  -46.2093177528662        49.5617773978405     
 shf:  -1.51384814834642        1.86550682248905     
 lhf:   16.5298209927895        56.7924482101506     
 uw: -4.559286196335922E-003  5.112083683369829E-003
 vw: -6.039566803073943E-003  5.240195815262315E-003
 sst:   300.000000000000        300.000000000000     
 ===========================
 total water budget:
 before (mm):         48.19416434396
 after (mm):          48.19442593172
 evaporation (mm):     0.00027538820
 precipitation (mm):   0.00001380044
 large-scale (mm):     0.00000000000
 Imbalance (mm)      -0.00000000000
 evap (mm/day):  0.793118017130787     
 prec (mm/day):  3.974526899376474E-002
 ls (mm/day):  0.000000000000000E+000
 imbalance (mm/day) -1.020095141170130E-011
  imbalance (rel error): -1.474325551188704E-016
 ===========================
 Let's do some shortwave
 Range of zenith angles  0.732661695834013       0.732661695834013     
 Range of surface albedo (asdir)  3.383449086658900E-002  3.383449086658900E-002
 Range of surface albedo (aldir)  3.383449086658900E-002  3.383449086658900E-002
 Range of surface albedo (asdif)  6.000000000000000E-002  6.000000000000000E-002
 Range of surface albedo (aldif)  6.000000000000000E-002  6.000000000000000E-002
 radiation: perpetual sun, solin=   310.282738926356     
 longwave radiation is called
NSTEP =        613   NCYCLE=  2  CFL_adv= 0.285  CFL_sgs= 0.024
NSTEP =        614   NCYCLE=  2  CFL_adv= 0.293  CFL_sgs= 0.023
NSTEP =        615   NCYCLE=  2  CFL_adv= 0.298  CFL_sgs= 0.026
 Collecting statistics...
 name QCSTRG is missing in "lst" file.
NSTEP =        616   NCYCLE=  2  CFL_adv= 0.299  CFL_sgs= 0.026
 DAY =   0.213888888888889     
 NSTEP=         616
 div:  7.776507325016806E-017 -9.144355176449601E-017
 SST=   300.000000000000     
 surface pressure=   1014.80000000000     
 u:  -6.00426376202826        6.34421598190511     
 v:  -4.83458327188606        5.82298024237210     
 w:  -1.89952328351887        1.67016575712040     
 p:  -6.21035903787444        5.06601212321302     
 t:   299.409856202943        473.423653287983     
 tabs:   201.567752637986        300.354864642884     
 qv:  7.159388544911033E-053  1.972579269160622E-002
 tke:  0.000000000000000E+000  0.892639789045625     
 tk:  0.000000000000000E+000   23.6199040674071     
 tkh:  0.000000000000000E+000   23.6199040674071     
 qcl:  0.000000000000000E+000  0.000000000000000E+000
 qci:  0.000000000000000E+000  3.534939100521718E-003
 qpl:  0.000000000000000E+000  1.011325611386247E-004
 qpi:  0.000000000000000E+000  0.000000000000000E+000
 qrad(K/day):  -54.8775308584228        50.6817000052348     
 shf:  -1.51514404123571        1.88626589404446     
 lhf:   16.4564565919242        56.6685236063927     
 uw: -4.569847622537035E-003  4.944910246801998E-003
 vw: -5.909360082154747E-003  5.356106008549538E-003
 sst:   300.000000000000        300.000000000000     
 ===========================
 total water budget:
 before (mm):         48.19520971223
 after (mm):          48.19547064672
 evaporation (mm):     0.00027494358
 precipitation (mm):   0.00001400909
 large-scale (mm):     0.00000000000
 Imbalance (mm)       0.00000000000
 evap (mm/day):  0.791837509994622     
 prec (mm/day):  4.034616956291469E-002
 ls (mm/day):  0.000000000000000E+000
 imbalance (mm/day)  2.034137994762902E-011
  imbalance (rel error):  1.474293592791101E-016
 ===========================
NSTEP =        617   NCYCLE=  2  CFL_adv= 0.296  CFL_sgs= 0.026
NSTEP =        618   NCYCLE=  2  CFL_adv= 0.291  CFL_sgs= 0.026
 Let's do some shortwave
 Range of zenith angles  0.732661695834013       0.732661695834013     
 Range of surface albedo (asdir)  3.383449086658900E-002  3.383449086658900E-002
 Range of surface albedo (aldir)  3.383449086658900E-002  3.383449086658900E-002
 Range of surface albedo (asdif)  6.000000000000000E-002  6.000000000000000E-002
 Range of surface albedo (aldif)  6.000000000000000E-002  6.000000000000000E-002
 radiation: perpetual sun, solin=   310.282738927399     
 longwave radiation is called
NSTEP =        619   NCYCLE=  2  CFL_adv= 0.282  CFL_sgs= 0.026
 Collecting statistics...
 name QCSTRG is missing in "lst" file.
NSTEP =        620   NCYCLE=  2  CFL_adv= 0.270  CFL_sgs= 0.026
 DAY =   0.215277777777778     
 NSTEP=         620
 div:  7.031034694148553E-017 -7.728659619066520E-017
 SST=   300.000000000000     
 surface pressure=   1014.80000000000     
 u:  -6.31810332878349        5.71853010995851     
 v:  -5.24757243846877        5.40266292900997     
 w:  -1.77551711487776        1.50235091030961     
 p:  -6.17233452229628        5.06235447194679     
 t:   299.406376339502        473.424505534133     
 tabs:   201.598514216071        300.355230353295     
 qv:  7.840433163008987E-053  1.973923512822700E-002
 tke:  0.000000000000000E+000  0.825260221864534     
 tk:  0.000000000000000E+000   20.0133770805656     
 tkh:  0.000000000000000E+000   20.0133770805656     
 qcl:  0.000000000000000E+000  0.000000000000000E+000
 qci:  0.000000000000000E+000  3.508629002972381E-003
 qpl:  0.000000000000000E+000  1.036188750127248E-004
 qpi:  0.000000000000000E+000  0.000000000000000E+000
 qrad(K/day):  -53.4757599895288        51.7792191005327     
 shf:  -1.51245825201305        1.86974975339893     
 lhf:   16.3953700310768        56.5524439964093     
 uw: -4.676288272582573E-003  4.731461666301085E-003
 vw: -5.770552364524869E-003  5.374832748537865E-003
 sst:   300.000000000000        300.000000000000     
 ===========================
 total water budget:
 before (mm):         48.19625248227
 after (mm):          48.19651277509
 evaporation (mm):     0.00027450204
 precipitation (mm):   0.00001420922
 large-scale (mm):     0.00000000000
 Imbalance (mm)       0.00000000000
 evap (mm/day):  0.790565872158311     
 prec (mm/day):  4.092255785155854E-002
 ls (mm/day):  0.000000000000000E+000
 imbalance (mm/day)  3.427626834705960E-011
  imbalance (rel error):  2.948523429800427E-016
 ===========================
NSTEP =        621   NCYCLE=  2  CFL_adv= 0.256  CFL_sgs= 0.026
NSTEP =        622   NCYCLE=  2  CFL_adv= 0.251  CFL_sgs= 0.026
NSTEP =        623   NCYCLE=  2  CFL_adv= 0.247  CFL_sgs= 0.026
 Collecting statistics...
 name QCSTRG is missing in "lst" file.
NSTEP =        624   NCYCLE=  2  CFL_adv= 0.249  CFL_sgs= 0.025
 DAY =   0.216666666666667     
 NSTEP=         624
 div:  6.527520277778696E-017 -6.527180588794701E-017
 SST=   300.000000000000     
 surface pressure=   1014.80000000000     
 u:  -5.87668118128526        5.43489602824428     
 v:  -5.40434351589699        5.68782478243774     
 w:  -1.65383324436136        1.51940420451727     
 p:  -6.43170089584434        4.73468940586236     
 t:   299.402941713252        473.425697380119     
 tabs:   201.620450726334        300.352526980417     
 qv:  8.744121536714768E-053  1.974670327038732E-002
 tke:  0.000000000000000E+000  0.925176175557850     
 tk:  0.000000000000000E+000   24.0465197008560     
 tkh:  0.000000000000000E+000   24.0465197008560     
 qcl:  0.000000000000000E+000  0.000000000000000E+000
 qci:  0.000000000000000E+000  3.481861554313520E-003
 qpl:  0.000000000000000E+000  1.018004061794899E-004
 qpi:  0.000000000000000E+000  0.000000000000000E+000
 qrad(K/day):  -53.4757599895288        51.7792191005327     
 shf:  -1.50665026633468        1.88097637032920     
 lhf:   16.3600860599135        56.4271359858010     
 uw: -4.725973965258231E-003  5.008123316671914E-003
 vw: -5.605425812847883E-003  5.228070133165587E-003
 sst:   300.000000000000        300.000000000000     
 ===========================
 total water budget:
 before (mm):         48.19729272650
 after (mm):          48.19755241096
 evaporation (mm):     0.00027406149
 precipitation (mm):   0.00001437703
 large-scale (mm):     0.00000000000
 Imbalance (mm)       0.00000000000
 evap (mm/day):  0.789297080233027     
 prec (mm/day):  4.140584729762014E-002
 ls (mm/day):  0.000000000000000E+000
 imbalance (mm/day)  3.027838721934850E-011
  imbalance (rel error):  1.474229914626511E-016
 ===========================
 Let's do some shortwave
 Range of zenith angles  0.732661695834013       0.732661695834013     
 Range of surface albedo (asdir)  3.383449086658900E-002  3.383449086658900E-002
 Range of surface albedo (aldir)  3.383449086658900E-002  3.383449086658900E-002
 Range of surface albedo (asdif)  6.000000000000000E-002  6.000000000000000E-002
 Range of surface albedo (aldif)  6.000000000000000E-002  6.000000000000000E-002
 radiation: perpetual sun, solin=   310.282738928157     
 longwave radiation is called
NSTEP =        625   NCYCLE=  2  CFL_adv= 0.255  CFL_sgs= 0.025
NSTEP =        626   NCYCLE=  2  CFL_adv= 0.259  CFL_sgs= 0.025
NSTEP =        627   NCYCLE=  2  CFL_adv= 0.263  CFL_sgs= 0.025
 Collecting statistics...
 name QCSTRG is missing in "lst" file.
NSTEP =        628   NCYCLE=  2  CFL_adv= 0.264  CFL_sgs= 0.025
 DAY =   0.218055555555556     
 NSTEP=         628
 div:  5.408096346389219E-017 -8.629146388833557E-017
 SST=   300.000000000000     
 surface pressure=   1014.80000000000     
 u:  -4.90148310833069        5.73513234643960     
 v:  -4.99871885655343        5.75419158302471     
 w:  -1.63999633716380        1.35103870319175     
 p:  -6.20007908042440        4.31662842158797     
 t:   299.400706424557        473.427206621082     
 tabs:   201.631671869425        300.347473340232     
 qv:  9.244203056631904E-053  1.975324930545918E-002
 tke:  0.000000000000000E+000   1.70749563040896     
 tk:  0.000000000000000E+000   32.6677940639646     
 tkh:  0.000000000000000E+000   32.6677940639646     
 qcl:  0.000000000000000E+000  0.000000000000000E+000
 qci:  0.000000000000000E+000  3.461658456246935E-003
 qpl:  0.000000000000000E+000  9.872864533030709E-005
 qpi:  0.000000000000000E+000  0.000000000000000E+000
 qrad(K/day):  -56.1207846013250        50.7045974610452     
 shf:  -1.49844634711921        1.86400628210350     
 lhf:   16.3034004389745        56.2760858171709     
 uw: -4.930486634541723E-003  5.033415887773181E-003
 vw: -5.514937322663655E-003  5.083106763948664E-003
 sst:   300.000000000000        300.000000000000     
 ===========================
 total water budget:
 before (mm):         48.19833060266
 after (mm):          48.19858972106
 evaporation (mm):     0.00027362218
 precipitation (mm):   0.00001450378
 large-scale (mm):     0.00000000000
 Imbalance (mm)       0.00000000000
 evap (mm/day):  0.788031868846808     
 prec (mm/day):  4.177088336777677E-002
 ls (mm/day):  0.000000000000000E+000
 imbalance (mm/day)  4.113506898387881E-011
  imbalance (rel error):  2.948396373720433E-016
 ===========================
NSTEP =        629   NCYCLE=  2  CFL_adv= 0.264  CFL_sgs= 0.024
NSTEP =        630   NCYCLE=  2  CFL_adv= 0.263  CFL_sgs= 0.024
 Let's do some shortwave
 Range of zenith angles  0.732661695834013       0.732661695834013     
 Range of surface albedo (asdir)  3.383449086658900E-002  3.383449086658900E-002
 Range of surface albedo (aldir)  3.383449086658900E-002  3.383449086658900E-002
 Range of surface albedo (asdif)  6.000000000000000E-002  6.000000000000000E-002
 Range of surface albedo (aldif)  6.000000000000000E-002  6.000000000000000E-002
 radiation: perpetual sun, solin=   310.282738928594     
 longwave radiation is called
NSTEP =        631   NCYCLE=  2  CFL_adv= 0.261  CFL_sgs= 0.024
 Collecting statistics...
 name QCSTRG is missing in "lst" file.
NSTEP =        632   NCYCLE=  2  CFL_adv= 0.257  CFL_sgs= 0.024
 DAY =   0.219444444444444     
 NSTEP=         632
 div:  4.307092008541114E-017 -7.137417029864153E-017
 SST=   300.000000000000     
 surface pressure=   1014.80000000000     
 u:  -5.70699906161056        6.43656033675706     
 v:  -4.98904871518169        5.59767487847646     
 w:  -1.59731856961737        1.01585446410620     
 p:  -5.65273609007628        4.15450018835758     
 t:   299.401544467805        473.428937148769     
 tabs:   201.630038579624        300.340161027054     
 qv:  9.675188519503273E-053  1.975902170435886E-002
 tke:  0.000000000000000E+000  0.734056299899585     
 tk:  0.000000000000000E+000   21.4192714030436     
 tkh:  0.000000000000000E+000   21.4192714030436     
 qcl:  0.000000000000000E+000  0.000000000000000E+000
 qci:  0.000000000000000E+000  3.437535895666882E-003
 qpl:  0.000000000000000E+000  9.592773258942440E-005
 qpi:  0.000000000000000E+000  0.000000000000000E+000
 qrad(K/day):  -56.7829273275403        46.6477808749566     
 shf:  -1.48802834920086        1.89332987227275     
 lhf:   16.3006674552817        56.0909434962109     
 uw: -5.072044526296760E-003  4.942707864154553E-003
 vw: -5.603945006448310E-003  4.962359575387917E-003
 sst:   300.000000000000        300.000000000000     
 ===========================
 total water budget:
 before (mm):         48.19936626442
 after (mm):          48.19962484477
 evaporation (mm):     0.00027318212
 precipitation (mm):   0.00001460178
 large-scale (mm):     0.00000000000
 Imbalance (mm)      -0.00000000000
 evap (mm/day):  0.786764505760651     
 prec (mm/day):  4.205311585135809E-002
 ls (mm/day):  0.000000000000000E+000
 imbalance (mm/day) -4.092180207974222E-011
  imbalance (rel error): -2.948333054659700E-016
 ===========================
NSTEP =        633   NCYCLE=  2  CFL_adv= 0.252  CFL_sgs= 0.023
NSTEP =        634   NCYCLE=  2  CFL_adv= 0.247  CFL_sgs= 0.023
NSTEP =        635   NCYCLE=  2  CFL_adv= 0.244  CFL_sgs= 0.023
 Collecting statistics...
 name QCSTRG is missing in "lst" file.
NSTEP =        636   NCYCLE=  2  CFL_adv= 0.240  CFL_sgs= 0.022
 DAY =   0.220833333333333     
 NSTEP=         636
 div:  4.726601155471994E-017 -7.018309683316021E-017
 SST=   300.000000000000     
 surface pressure=   1014.80000000000     
 u:  -6.22242781834472        6.47921346988684     
 v:  -4.82283269726283        5.48279370794958     
 w:  -1.50658832740018        1.23193094618302     
 p:  -6.21526587676249        4.15338326817756     
 t:   299.407233222853        473.430849179671     
 tabs:   201.641140196847        300.330519605916     
 qv:  1.146176709713657E-052  1.975607829870523E-002
 tke:  0.000000000000000E+000  0.643209064955166     
 tk:  0.000000000000000E+000   20.0500789424126     
 tkh:  0.000000000000000E+000   20.0500789424126     
 qcl:  0.000000000000000E+000  0.000000000000000E+000
 qci:  0.000000000000000E+000  3.410704009475702E-003
 qpl:  0.000000000000000E+000  1.160115030737637E-004
 qpi:  0.000000000000000E+000  0.000000000000000E+000
 qrad(K/day):  -56.7829273275403        46.6477808749566     
 shf:  -1.47503886891339        1.87279803036864     
 lhf:   16.3122210876322        55.8562251818918     
 uw: -5.201690944345614E-003  4.861292584395513E-003
 vw: -5.587940421210719E-003  5.271270586783057E-003
 sst:   300.000000000000        300.000000000000     
 ===========================
 total water budget:
 before (mm):         48.20039978178
 after (mm):          48.20065781936
 evaporation (mm):     0.00027274282
 precipitation (mm):   0.00001470523
 large-scale (mm):     0.00000000000
 Imbalance (mm)       0.00000000000
 evap (mm/day):  0.785499317450693     
 prec (mm/day):  4.235106990100754E-002
 ls (mm/day):  0.000000000000000E+000
 imbalance (mm/day)  2.979825858718393E-011
  imbalance (rel error):  1.474134934885959E-016
 ===========================
 Let's do some shortwave
 Range of zenith angles  0.732661695834013       0.732661695834013     
 Range of surface albedo (asdir)  3.383449086658900E-002  3.383449086658900E-002
 Range of surface albedo (aldir)  3.383449086658900E-002  3.383449086658900E-002
 Range of surface albedo (asdif)  6.000000000000000E-002  6.000000000000000E-002
 Range of surface albedo (aldif)  6.000000000000000E-002  6.000000000000000E-002
 radiation: perpetual sun, solin=   310.282738928672     
 longwave radiation is called
NSTEP =        637   NCYCLE=  1  CFL_adv= 0.470  CFL_sgs= 0.044
NSTEP =        638   NCYCLE=  1  CFL_adv= 0.465  CFL_sgs= 0.044
NSTEP =        639   NCYCLE=  1  CFL_adv= 0.475  CFL_sgs= 0.041
 Collecting statistics...
 name QCSTRG is missing in "lst" file.
NSTEP =        640   NCYCLE=  2  CFL_adv= 0.241  CFL_sgs= 0.020
 DAY =   0.222222222222222     
 NSTEP=         640
 div:  5.790233252674128E-017 -6.915735361830662E-017
 SST=   300.000000000000     
 surface pressure=   1014.80000000000     
 u:  -5.81729785078722        5.92387580846513     
 v:  -5.07808134565689        5.88341396582287     
 w:  -1.56510159545068        1.44082980754255     
 p:  -5.86203209237940        4.18429555450098     
 t:   299.408929127906        473.432998605951     
 tabs:   201.657947941451        300.322358799412     
 qv:  1.463603129800583E-052  1.975507788365256E-002
 tke:  0.000000000000000E+000  0.552907228316999     
 tk:  0.000000000000000E+000   18.5894329579502     
 tkh:  0.000000000000000E+000   18.5894329579502     
 qcl:  0.000000000000000E+000  0.000000000000000E+000
 qci:  0.000000000000000E+000  3.401822062958765E-003
 qpl:  0.000000000000000E+000  1.213836712037810E-004
 qpi:  0.000000000000000E+000  0.000000000000000E+000
 qrad(K/day):  -51.9382901906033        46.9097985817991     
 shf:  -1.45765728518378        1.85470541787043     
 lhf:   16.2724696765941        55.5931291242021     
 uw: -5.148654628025416E-003  4.721564456375578E-003
 vw: -5.486935190724261E-003  5.322947624119110E-003
 sst:   300.000000000000        300.000000000000     
 ===========================
 total water budget:
 before (mm):         48.20143138544
 after (mm):          48.20168876524
 evaporation (mm):     0.00027230564
 precipitation (mm):   0.00001492584
 large-scale (mm):     0.00000000000
 Imbalance (mm)       0.00000000000
 evap (mm/day):  0.784240253456829     
 prec (mm/day):  4.298642992243256E-002
 ls (mm/day):  0.000000000000000E+000
 imbalance (mm/day)  4.821370353739335E-011
  imbalance (rel error):  2.948206811677203E-016
 ===========================
NSTEP =        641   NCYCLE=  2  CFL_adv= 0.244  CFL_sgs= 0.020
NSTEP =        642   NCYCLE=  2  CFL_adv= 0.245  CFL_sgs= 0.020
 Let's do some shortwave
 Range of zenith angles  0.732661695834013       0.732661695834013     
 Range of surface albedo (asdir)  3.383449086658900E-002  3.383449086658900E-002
 Range of surface albedo (aldir)  3.383449086658900E-002  3.383449086658900E-002
 Range of surface albedo (asdif)  6.000000000000000E-002  6.000000000000000E-002
 Range of surface albedo (aldif)  6.000000000000000E-002  6.000000000000000E-002
 radiation: perpetual sun, solin=   310.282738928382     
 longwave radiation is called
NSTEP =        643   NCYCLE=  2  CFL_adv= 0.245  CFL_sgs= 0.020
 Collecting statistics...
 name QCSTRG is missing in "lst" file.
NSTEP =        644   NCYCLE=  2  CFL_adv= 0.243  CFL_sgs= 0.020
 DAY =   0.223611111111111     
 NSTEP=         644
 div:  4.679460391938447E-017 -8.146713455511850E-017
 SST=   300.000000000000     
 surface pressure=   1014.80000000000     
 u:  -5.41867345622664        5.60787690835872     
 v:  -4.87912024333122        6.04564999002736     
 w:  -1.44316606267423        1.49493891823073     
 p:  -5.31929408850661        4.08990038036635     
 t:   299.409584779636        473.435456891210     
 tabs:   201.680504861715        300.315082727660     
 qv:  1.679146171112952E-052  1.974878250751853E-002
 tke:  0.000000000000000E+000  0.693215922086470     
 tk:  0.000000000000000E+000   18.7649535733631     
 tkh:  0.000000000000000E+000   18.7649535733631     
 qcl:  0.000000000000000E+000  0.000000000000000E+000
 qci:  0.000000000000000E+000  3.396996302126409E-003
 qpl:  0.000000000000000E+000  1.283626804768255E-004
 qpi:  0.000000000000000E+000  0.000000000000000E+000
 qrad(K/day):  -45.5243195071122        46.9499133997623     
 shf:  -1.44221318066755        1.81600276966048     
 lhf:   16.2468302131801        55.3259723988036     
 uw: -5.104955813936804E-003  4.517288699638924E-003
 vw: -5.365139259092837E-003  4.939214935967988E-003
 sst:   300.000000000000        300.000000000000     
 ===========================
 total water budget:
 before (mm):         48.20245984898
 after (mm):          48.20271647246
 evaporation (mm):     0.00027187130
 precipitation (mm):   0.00001524782
 large-scale (mm):     0.00000000000
 Imbalance (mm)      -0.00000000000
 evap (mm/day):  0.782989356775872     
 prec (mm/day):  4.391373219519354E-002
 ls (mm/day):  0.000000000000000E+000
 imbalance (mm/day) -1.570268817318449E-011
  imbalance (rel error): -1.474071977179983E-016
 ===========================
NSTEP =        645   NCYCLE=  2  CFL_adv= 0.240  CFL_sgs= 0.020
NSTEP =        646   NCYCLE=  1  CFL_adv= 0.471  CFL_sgs= 0.041
NSTEP =        647   NCYCLE=  1  CFL_adv= 0.461  CFL_sgs= 0.041
 Collecting statistics...
 name QCSTRG is missing in "lst" file.
NSTEP =        648   NCYCLE=  1  CFL_adv= 0.454  CFL_sgs= 0.041
 DAY =   0.225000000000000     
 NSTEP=         648
 div:  1.097963605692530E-016 -1.309106539054033E-016
 SST=   300.000000000000     
 surface pressure=   1014.80000000000     
 u:  -6.31152199684045        5.46458459018996     
 v:  -4.82094248348640        5.86696911600038     
 w:  -1.33447015727791        1.29367757698785     
 p:  -4.98963361321823        4.01699783119511     
 t:   299.411984618890        473.437918067989     
 tabs:   201.706854465484        300.305096111041     
 qv:  1.725753983838357E-052  1.974719112603958E-002
 tke:  0.000000000000000E+000  0.715249612142813     
 tk:  0.000000000000000E+000   21.1431078034725     
 tkh:  0.000000000000000E+000   21.1431078034725     
 qcl:  0.000000000000000E+000  0.000000000000000E+000
 qci:  0.000000000000000E+000  3.383800018716338E-003
 qpl:  0.000000000000000E+000  1.176883284869965E-004
 qpi:  0.000000000000000E+000  0.000000000000000E+000
 qrad(K/day):  -45.5243195071122        46.9499133997623     
 shf:  -1.43158778868435        1.75845200240021     
 lhf:   16.2219220251629        55.1060024982072     
 uw: -4.876839924185947E-003  4.309311846477286E-003
 vw: -5.268254208841389E-003  4.728767253156373E-003
 sst:   300.000000000000        300.000000000000     
 ===========================
 total water budget:
 before (mm):         48.20348501476
 after (mm):          48.20374063792
 evaporation (mm):     0.00027146673
 precipitation (mm):   0.00001584357
 large-scale (mm):     0.00000000000
 Imbalance (mm)      -0.00000000000
 evap (mm/day):  0.781824173202885     
 prec (mm/day):  4.562948533478636E-002
 ls (mm/day):  0.000000000000000E+000
 imbalance (mm/day) -1.855152750168676E-011
  imbalance (rel error): -1.474040658166618E-016
 ===========================
 Let's do some shortwave
 Range of zenith angles  0.732661695834013       0.732661695834013     
 Range of surface albedo (asdir)  3.383449086658900E-002  3.383449086658900E-002
 Range of surface albedo (aldir)  3.383449086658900E-002  3.383449086658900E-002
 Range of surface albedo (asdif)  6.000000000000000E-002  6.000000000000000E-002
 Range of surface albedo (aldif)  6.000000000000000E-002  6.000000000000000E-002
 radiation: perpetual sun, solin=   310.282738927560     
 longwave radiation is called
NSTEP =        649   NCYCLE=  1  CFL_adv= 0.447  CFL_sgs= 0.042
NSTEP =        650   NCYCLE=  1  CFL_adv= 0.444  CFL_sgs= 0.042
NSTEP =        651   NCYCLE=  1  CFL_adv= 0.439  CFL_sgs= 0.042
 Collecting statistics...
 name QCSTRG is missing in "lst" file.
NSTEP =        652   NCYCLE=  1  CFL_adv= 0.432  CFL_sgs= 0.043
 DAY =   0.226388888888889     
 NSTEP=         652
 div:  9.287514482413786E-017 -1.209706238163958E-016
 SST=   300.000000000000     
 surface pressure=   1014.80000000000     
 u:  -6.32374137097567        5.90894230189821     
 v:  -4.83973268981831        5.48382196599389     
 w:  -1.29943575926008        1.05714633612128     
 p:  -5.18945998355515        3.87020596459906     
 t:   299.417762928233        473.440150725688     
 tabs:   201.722655413192        300.291919107448     
 qv:  1.754651936633108E-052  1.975650560823988E-002
 tke:  0.000000000000000E+000  0.630969181658537     
 tk:  0.000000000000000E+000   19.8583921437911     
 tkh:  0.000000000000000E+000   19.8583921437911     
 qcl:  0.000000000000000E+000  0.000000000000000E+000
 qci:  0.000000000000000E+000  3.359207167437675E-003
 qpl:  0.000000000000000E+000  1.177291328644328E-004
 qpi:  0.000000000000000E+000  0.000000000000000E+000
 qrad(K/day):  -44.6395974762723        48.1515465359402     
 shf:  -1.42141156320253        1.73958318539957     
 lhf:   16.1372424037164        54.8950487727428     
 uw: -4.762201577341421E-003  4.163333129370451E-003
 vw: -5.138562883674271E-003  4.358403288632211E-003
 sst:   300.000000000000        300.000000000000     
 ===========================
 total water budget:
 before (mm):         48.20450664295
 after (mm):          48.20476178628
 evaporation (mm):     0.00027103812
 precipitation (mm):   0.00001589479
 large-scale (mm):     0.00000000000
 Imbalance (mm)       0.00000000000
 evap (mm/day):  0.780589782233605     
 prec (mm/day):  4.577699735148204E-002
 ls (mm/day):  0.000000000000000E+000
 imbalance (mm/day) -3.509477864566124E-012
  imbalance (rel error):  0.000000000000000E+000
 ===========================
NSTEP =        653   NCYCLE=  1  CFL_adv= 0.425  CFL_sgs= 0.043
NSTEP =        654   NCYCLE=  1  CFL_adv= 0.423  CFL_sgs= 0.043
 Let's do some shortwave
 Range of zenith angles  0.732661695834013       0.732661695834013     
 Range of surface albedo (asdir)  3.383449086658900E-002  3.383449086658900E-002
 Range of surface albedo (aldir)  3.383449086658900E-002  3.383449086658900E-002
 Range of surface albedo (asdif)  6.000000000000000E-002  6.000000000000000E-002
 Range of surface albedo (aldif)  6.000000000000000E-002  6.000000000000000E-002
 radiation: perpetual sun, solin=   310.282738926295     
 longwave radiation is called
NSTEP =        655   NCYCLE=  1  CFL_adv= 0.420  CFL_sgs= 0.044
 Collecting statistics...
 name QCSTRG is missing in "lst" file.
NSTEP =        656   NCYCLE=  1  CFL_adv= 0.416  CFL_sgs= 0.044
 DAY =   0.227777777777778     
 NSTEP=         656
 div:  9.494352052442422E-017 -1.163656085864015E-016
 SST=   300.000000000000     
 surface pressure=   1014.80000000000     
 u:  -5.56274439124441        5.63756330403680     
 v:  -4.51705882126253        5.29142542253248     
 w:  -1.16852141800178        1.26631382260147     
 p:  -5.18767435279043        3.89000574173035     
 t:   299.416293907155        473.442278571216     
 tabs:   201.736995341768        300.286534951591     
 qv:  1.758569598509958E-052  1.977166295431177E-002
 tke:  0.000000000000000E+000  0.730761347602161     
 tk:  0.000000000000000E+000   21.3711450851692     
 tkh:  0.000000000000000E+000   21.3711450851692     
 qcl:  0.000000000000000E+000  0.000000000000000E+000
 qci:  0.000000000000000E+000  3.331836908415431E-003
 qpl:  0.000000000000000E+000  1.121844918616125E-004
 qpi:  0.000000000000000E+000  0.000000000000000E+000
 qrad(K/day):  -42.5162884335597        47.9840034781773     
 shf:  -1.41355673893746        1.74789834114900     
 lhf:   16.0632567922734        54.7312783608167     
 uw: -4.609991149508477E-003  4.036743197231009E-003
 vw: -5.084665340766231E-003  4.203198934344466E-003
 sst:   300.000000000000        300.000000000000     
 ===========================
 total water budget:
 before (mm):         48.20552568007
 after (mm):          48.20577964509
 evaporation (mm):     0.00027061069
 precipitation (mm):   0.00001664567
 large-scale (mm):     0.00000000000
 Imbalance (mm)       0.00000000000
 evap (mm/day):  0.779358779605133     
 prec (mm/day):  4.793953104979518E-002
 ls (mm/day):  0.000000000000000E+000
 imbalance (mm/day)  1.566286163268149E-012
  imbalance (rel error):  0.000000000000000E+000
 ===========================
NSTEP =        657   NCYCLE=  1  CFL_adv= 0.411  CFL_sgs= 0.044
NSTEP =        658   NCYCLE=  1  CFL_adv= 0.404  CFL_sgs= 0.044
NSTEP =        659   NCYCLE=  1  CFL_adv= 0.413  CFL_sgs= 0.045
 Collecting statistics...
 name QCSTRG is missing in "lst" file.
 Writting statistics:nstatsteps=          15
 --------------- ISCCP Simulator Diagnostics: -----------------
 ISCCP PDF:
            0.0       0.3       1.3       3.6       9.4      23.0      60.0
    0.     0.004     0.001     0.000     0.000     0.000     0.002     0.015
  180.     0.006     0.004     0.005     0.005     0.006     0.006     0.001
  310.     0.002     0.001     0.001     0.001     0.000     0.000     0.000
  440.     0.000     0.000     0.000     0.000     0.000     0.000     0.000
  560.     0.000     0.000     0.000     0.000     0.000     0.000     0.000
  680.     0.000     0.000     0.000     0.000     0.000     0.000     0.000
  800.     0.000     0.000     0.000     0.000     0.000     0.000     0.000
 low cld area (tau > 0.3)=  0.000000000000000E+000
 mid cld area (tau > 0.3)=  0.000000000000000E+000
 hgh cld area (tau > 0.3)=  4.743448893229167E-002
 total cld area (tau > 0.3)=  4.743448893229167E-002
 mean albedo cld (tau > 0.3)   0.610411958322785     
 mean tau cld (tau > 0.3)    14.1090965899919     
 mean top pressure (tau > 0.3)   202.911561176780     
 mean brightness temp (tau > 0.3)   262.336319207141     
 mean clearsky brightness temp (tau > 0.3)   295.733595969527     
 --------------- MODIS Simulator Diagnostics: -----------------
 MODIS PDF:
                      0.3       1.3       3.6       9.4      23.0      60.0
    0.               0.000     0.000     0.001     0.003     0.007     0.016
  180.               0.005     0.005     0.004     0.003     0.001     0.000
  310.               0.001     0.001     0.000     0.000     0.000     0.000
  440.               0.000     0.000     0.000     0.000     0.000     0.000
  560.               0.000     0.000     0.000     0.000     0.000     0.000
  680.               0.000     0.000     0.000     0.000     0.000     0.000
  800.               0.000     0.000     0.000     0.000     0.000     0.000
 low cld area =  0.000000000000000E+000
 mid cld area =  0.000000000000000E+000
 hgh cld area =  4.743448893229167E-002
 total cld area =  4.743448893229167E-002
 mean tau cld    52.7642654182155     
 mean top pressure    185.592220971208     
 total cld area (liquid) =  0.000000000000000E+000
 total cld area (ice) =  4.743448893229167E-002
 mean tau (liquid) =  -1.00000000000000     
 mean tau (ice) =   52.7642654182155     
 mean lwp (g/m2) =  -1.00000000000000     
 mean iwp (g/m2) =   1002.43147637186     
 mean reff (liquid)  =  -1.00000000000000     
 mean reff (ice)  =   37.0784199541221     
 --------------- MISR Simulator Diagnostics: -----------------
 MISR PDF:
            0.0       0.3       1.3       3.6       9.4      23.0      60.0
 99.00     0.000     0.000     0.000     0.000     0.000     0.000     0.000
 17.00     0.000     0.000     0.000     0.000     0.000     0.000     0.000
 15.00     0.000     0.000     0.000     0.000     0.001     0.005     0.015
 13.00     0.000     0.000     0.002     0.003     0.004     0.004     0.001
 11.00     0.000     0.002     0.001     0.001     0.001     0.000     0.000
  9.00     0.000     0.001     0.001     0.001     0.000     0.000     0.000
  7.00     0.000     0.001     0.000     0.000     0.000     0.000     0.000
  5.00     0.000     0.000     0.000     0.000     0.000     0.000     0.000
  4.00     0.000     0.000     0.000     0.000     0.000     0.000     0.000
  3.00     0.000     0.000     0.000     0.000     0.000     0.000     0.000
  2.50     0.000     0.000     0.000     0.000     0.000     0.000     0.000
  2.00     0.000     0.000     0.000     0.000     0.000     0.000     0.000
  1.50     0.000     0.000     0.000     0.000     0.000     0.000     0.000
  1.00     0.000     0.000     0.000     0.000     0.000     0.000     0.000
  0.50     0.000     0.000     0.000     0.000     0.000     0.000     0.000
  0.00     0.001     0.002     0.000     0.000     0.000     0.000     0.000
 total cld area =  4.563700358072916E-002
 mean top height (m)   12229.9240996224     
 Writting history file 
 rcemip300sst_160_MaxIce20_dry3km90perc                                         
  
NSTEP =        660   NCYCLE=  1  CFL_adv= 0.430  CFL_sgs= 0.045
 DAY =   0.229166666666667     
 NSTEP=         660
 div:  9.180622218792905E-017 -1.239872637426597E-016
 SST=   300.000000000000     
 surface pressure=   1014.80000000000     
 u:  -5.03904600424008        5.23506642414535     
 v:  -4.78677346316234        5.10812104517069     
 w:  -1.51539778967212        1.47524012417683     
 p:  -4.86402556823811        4.05474921260581     
 t:   299.413582191120        473.444347416768     
 tabs:   201.747458933448        300.283999167602     
 qv:  1.783480168120230E-052  1.978679185289356E-002
 tke:  0.000000000000000E+000  0.709689534363324     
 tk:  0.000000000000000E+000   21.0607682428034     
 tkh:  0.000000000000000E+000   21.0607682428034     
 qcl:  0.000000000000000E+000  0.000000000000000E+000
 qci:  0.000000000000000E+000  3.314102322810791E-003
 qpl:  0.000000000000000E+000  1.237044227252023E-004
 qpi:  0.000000000000000E+000  0.000000000000000E+000
 qrad(K/day):  -42.5162884335597        47.9840034781773     
 shf:  -1.40717090740613        1.74878173680502     
 lhf:   15.9929764696546        54.5946324270726     
 uw: -4.624542842565755E-003  3.985124160715129E-003
 vw: -5.243826959246078E-003  4.246023153443899E-003
 sst:   300.000000000000        300.000000000000     
 ===========================
 total water budget:
 before (mm):         48.20653998184
 after (mm):          48.20679309837
 evaporation (mm):     0.00027018756
 precipitation (mm):   0.00001707102
 large-scale (mm):     0.00000000000
 Imbalance (mm)      -0.00000000000
 evap (mm/day):  0.778140173644353     
 prec (mm/day):  4.916454744875883E-002
 ls (mm/day):  0.000000000000000E+000
 imbalance (mm/day) -1.577641337881242E-011
  imbalance (rel error): -1.473947321719023E-016
 ===========================
CPU TIME =     121.2494 OVER     0.50 MODEL HOURS
 Let's do some shortwave
 Range of zenith angles  0.732661695834013       0.732661695834013     
 Range of surface albedo (asdir)  3.383449086658900E-002  3.383449086658900E-002
 Range of surface albedo (aldir)  3.383449086658900E-002  3.383449086658900E-002
 Range of surface albedo (asdif)  6.000000000000000E-002  6.000000000000000E-002
 Range of surface albedo (aldif)  6.000000000000000E-002  6.000000000000000E-002
 radiation: perpetual sun, solin=   310.282738924538     
 longwave radiation is called
NSTEP =        661   NCYCLE=  1  CFL_adv= 0.443  CFL_sgs= 0.045
NSTEP =        662   NCYCLE=  1  CFL_adv= 0.453  CFL_sgs= 0.045
NSTEP =        663   NCYCLE=  1  CFL_adv= 0.459  CFL_sgs= 0.045
 Collecting statistics...
 name QCSTRG is missing in "lst" file.
NSTEP =        664   NCYCLE=  1  CFL_adv= 0.461  CFL_sgs= 0.044
 DAY =   0.230555555555556     
 NSTEP=         664
 div:  7.580118559425369E-017 -1.184864987088785E-016
 SST=   300.000000000000     
 surface pressure=   1014.80000000000     
 u:  -5.64504005071280        5.64060038681088     
 v:  -4.96002493193128        5.11560098069248     
 w:  -1.65445698012294        1.43904488745574     
 p:  -5.05452479916533        3.87881018189788     
 t:   299.412787941591        473.446299832828     
 tabs:   201.758072603420        300.281108174606     
 qv:  1.805742591799993E-052  1.980164202155323E-002
 tke:  0.000000000000000E+000  0.784603236582093     
 tk:  0.000000000000000E+000   22.1444580620933     
 tkh:  0.000000000000000E+000   22.1444580620933     
 qcl:  0.000000000000000E+000  0.000000000000000E+000
 qci:  0.000000000000000E+000  3.294990264503931E-003
 qpl:  0.000000000000000E+000  1.548004667518684E-004
 qpi:  0.000000000000000E+000  0.000000000000000E+000
 qrad(K/day):  -36.0723868305467        47.4161959539855     
 shf:  -1.40022627258565        1.74434765027493     
 lhf:   15.9254378398688        54.4582385294503     
 uw: -4.519087897653145E-003  3.932046971932471E-003
 vw: -5.332926628005986E-003  4.359525701177296E-003
 sst:   300.000000000000        300.000000000000     
 ===========================
 total water budget:
 before (mm):         48.20755141193
 after (mm):          48.20780377647
 evaporation (mm):     0.00026976718
 precipitation (mm):   0.00001740264
 large-scale (mm):     0.00000000000
 Imbalance (mm)      -0.00000000000
 evap (mm/day):  0.776929488382869     
 prec (mm/day):  5.011961597163168E-002
 ls (mm/day):  0.000000000000000E+000
 imbalance (mm/day) -5.499429037159055E-012
  imbalance (rel error): -1.473916420367884E-016
 ===========================
NSTEP =        665   NCYCLE=  1  CFL_adv= 0.458  CFL_sgs= 0.044
NSTEP =        666   NCYCLE=  1  CFL_adv= 0.452  CFL_sgs= 0.044
 Let's do some shortwave
 Range of zenith angles  0.732661695834013       0.732661695834013     
 Range of surface albedo (asdir)  3.383449086658900E-002  3.383449086658900E-002
 Range of surface albedo (aldir)  3.383449086658900E-002  3.383449086658900E-002
 Range of surface albedo (asdif)  6.000000000000000E-002  6.000000000000000E-002
 Range of surface albedo (aldif)  6.000000000000000E-002  6.000000000000000E-002
 radiation: perpetual sun, solin=   310.282738922341     
 longwave radiation is called
NSTEP =        667   NCYCLE=  1  CFL_adv= 0.440  CFL_sgs= 0.044
 Collecting statistics...
 name QCSTRG is missing in "lst" file.
NSTEP =        668   NCYCLE=  1  CFL_adv= 0.424  CFL_sgs= 0.043
 DAY =   0.231944444444444     
 NSTEP=         668
 div:  7.896084150187381E-017 -9.799706913791751E-017
 SST=   300.000000000000     
 surface pressure=   1014.80000000000     
 u:  -5.46676073056999        5.48982707236032     
 v:  -4.74289578811575        4.88348821500442     
 w:  -1.47339375578173        1.13986376398066     
 p:  -5.23264049449184        3.64246073547312     
 t:   299.414178846006        473.447988236357     
 tabs:   201.768532051204        300.277432494065     
 qv:  1.813137053534467E-052  1.981592948950733E-002
 tke:  0.000000000000000E+000  0.886398760809576     
 tk:  0.000000000000000E+000   23.5371881393251     
 tkh:  0.000000000000000E+000   23.5371881393251     
 qcl:  0.000000000000000E+000  0.000000000000000E+000
 qci:  0.000000000000000E+000  3.277987080594929E-003
 qpl:  0.000000000000000E+000  1.640431113305829E-004
 qpi:  0.000000000000000E+000  0.000000000000000E+000
 qrad(K/day):  -38.1916849212938        45.9540785746303     
 shf:  -1.39133818110246        1.75363301050715     
 lhf:   15.8612487671755        54.3068976821675     
 uw: -4.420582954529922E-003  4.011837291018032E-003
 vw: -5.356424985418560E-003  4.389710217558880E-003
 sst:   300.000000000000        300.000000000000     
 ===========================
 total water budget:
 before (mm):         48.20855971712
 after (mm):          48.20881133587
 evaporation (mm):     0.00026935103
 precipitation (mm):   0.00001773228
 large-scale (mm):     0.00000000000
 Imbalance (mm)       0.00000000000
 evap (mm/day):  0.775730976696174     
 prec (mm/day):  5.106896447373643E-002
 ls (mm/day):  0.000000000000000E+000
 imbalance (mm/day) -7.843393903111950E-012
  imbalance (rel error):  0.000000000000000E+000
 ===========================
NSTEP =        669   NCYCLE=  1  CFL_adv= 0.429  CFL_sgs= 0.044
NSTEP =        670   NCYCLE=  1  CFL_adv= 0.406  CFL_sgs= 0.044
NSTEP =        671   NCYCLE=  1  CFL_adv= 0.400  CFL_sgs= 0.043
 Collecting statistics...
 name QCSTRG is missing in "lst" file.
NSTEP =        672   NCYCLE=  1  CFL_adv= 0.395  CFL_sgs= 0.043
 DAY =   0.233333333333333     
 NSTEP=         672
 div:  5.544011138463348E-017 -8.831533854285309E-017
 SST=   300.000000000000     
 surface pressure=   1014.80000000000     
 u:  -4.60801419153970        4.89164058640803     
 v:  -4.26079704177844        4.89604063696645     
 w:  -1.38132236515529        1.19323647397018     
 p:  -5.17458507495634        3.40393725724419     
 t:   299.411803375953        473.449235079902     
 tabs:   201.752814699345        300.272718024187     
 qv:  1.869119740287162E-052  1.982895113255778E-002
 tke:  0.000000000000000E+000   1.34483367071460     
 tk:  0.000000000000000E+000   28.9917409652581     
 tkh:  0.000000000000000E+000   28.9917409652581     
 qcl:  0.000000000000000E+000  0.000000000000000E+000
 qci:  0.000000000000000E+000  3.258845155284480E-003
 qpl:  0.000000000000000E+000  1.592225173388044E-004
 qpi:  0.000000000000000E+000  0.000000000000000E+000
 qrad(K/day):  -38.1916849212938        45.9540785746303     
 shf:  -1.37976536586434        1.72799952877657     
 lhf:   15.8006356559877        54.1240400359868     
 uw: -4.386308205477737E-003  4.051939434218802E-003
 vw: -5.356222652723593E-003  4.397138945533794E-003
 sst:   300.000000000000        300.000000000000     
 ===========================
 total water budget:
 before (mm):         48.20956500281
 after (mm):          48.20981579400
 evaporation (mm):     0.00026893799
 precipitation (mm):   0.00001814681
 large-scale (mm):     0.00000000000
 Imbalance (mm)       0.00000000000
 evap (mm/day):  0.774541424424768     
 prec (mm/day):  5.226281538860655E-002
 ls (mm/day):  0.000000000000000E+000
 imbalance (mm/day) -1.285606386972060E-011
  imbalance (rel error):  0.000000000000000E+000
 ===========================
 Let's do some shortwave
 Range of zenith angles  0.732661695834013       0.732661695834013     
 Range of surface albedo (asdir)  3.383449086658900E-002  3.383449086658900E-002
 Range of surface albedo (aldir)  3.383449086658900E-002  3.383449086658900E-002
 Range of surface albedo (asdif)  6.000000000000000E-002  6.000000000000000E-002
 Range of surface albedo (aldif)  6.000000000000000E-002  6.000000000000000E-002
 radiation: perpetual sun, solin=   310.282738919836     
 longwave radiation is called
NSTEP =        673   NCYCLE=  1  CFL_adv= 0.425  CFL_sgs= 0.043
NSTEP =        674   NCYCLE=  1  CFL_adv= 0.400  CFL_sgs= 0.043
NSTEP =        675   NCYCLE=  1  CFL_adv= 0.402  CFL_sgs= 0.043
 Collecting statistics...
 name QCSTRG is missing in "lst" file.
NSTEP =        676   NCYCLE=  1  CFL_adv= 0.402  CFL_sgs= 0.042
 DAY =   0.234722222222222     
 NSTEP=         676
 div:  8.027742931278438E-017 -8.385497201251600E-017
 SST=   300.000000000000     
 surface pressure=   1014.80000000000     
 u:  -4.59164318920347        5.12655526242322     
 v:  -4.31202355878991        4.82529593207044     
 w:  -1.34286867020944        1.11201781421102     
 p:  -4.50618251216707        3.11070632110054     
 t:   299.409601915319        473.450004711507     
 tabs:   201.756422470833        300.276143268638     
 qv:  2.139884425747658E-052  1.983613464330253E-002
 tke:  0.000000000000000E+000   1.23574934073704     
 tk:  0.000000000000000E+000   27.7910657938959     
 tkh:  0.000000000000000E+000   27.7910657938959     
 qcl:  0.000000000000000E+000  0.000000000000000E+000
 qci:  0.000000000000000E+000  3.228955939586159E-003
 qpl:  0.000000000000000E+000  1.365467771970776E-004
 qpi:  0.000000000000000E+000  0.000000000000000E+000
 qrad(K/day):  -36.8691658717802        48.3884450373162     
 shf:  -1.36704341677180        1.72345702547562     
 lhf:   15.7732876636164        53.8918192839620     
 uw: -4.428638517927529E-003  4.156607356927607E-003
 vw: -5.364012789191621E-003  4.510326353944614E-003
 sst:   300.000000000000        300.000000000000     
 ===========================
 total water budget:
 before (mm):         48.21056699031
 after (mm):          48.21081709169
 evaporation (mm):     0.00026852795
 precipitation (mm):   0.00001842658
 large-scale (mm):     0.00000000000
 Imbalance (mm)       0.00000000000
 evap (mm/day):  0.773360494541286     
 prec (mm/day):  5.306854648371963E-002
 ls (mm/day):  0.000000000000000E+000
 imbalance (mm/day)  1.798863792298877E-011
  imbalance (rel error):  1.473824296337522E-016
 ===========================
NSTEP =        677   NCYCLE=  1  CFL_adv= 0.420  CFL_sgs= 0.042
NSTEP =        678   NCYCLE=  1  CFL_adv= 0.406  CFL_sgs= 0.042
 Let's do some shortwave
 Range of zenith angles  0.732661695834013       0.732661695834013     
 Range of surface albedo (asdir)  3.383449086658900E-002  3.383449086658900E-002
 Range of surface albedo (aldir)  3.383449086658900E-002  3.383449086658900E-002
 Range of surface albedo (asdif)  6.000000000000000E-002  6.000000000000000E-002
 Range of surface albedo (aldif)  6.000000000000000E-002  6.000000000000000E-002
 radiation: perpetual sun, solin=   310.282738917212     
 longwave radiation is called
NSTEP =        679   NCYCLE=  1  CFL_adv= 0.421  CFL_sgs= 0.042
 Collecting statistics...
 name QCSTRG is missing in "lst" file.
NSTEP =        680   NCYCLE=  1  CFL_adv= 0.433  CFL_sgs= 0.042
 DAY =   0.236111111111111     
 NSTEP=         680
 div:  8.335596143825987E-017 -1.162570437681485E-016
 SST=   300.000000000000     
 surface pressure=   1014.80000000000     
 u:  -5.30194453968881        5.18061468888385     
 v:  -4.29661551128713        4.90541598265778     
 w:  -1.26926569382667        1.33999963325594     
 p:  -4.31488418109977        2.95452868361191     
 t:   299.408989941702        473.450482500398     
 tabs:   201.756612566876        300.286219482140     
 qv:  2.729887385954791E-052  1.983645135081038E-002
 tke:  0.000000000000000E+000   1.14735623964729     
 tk:  0.000000000000000E+000   26.7786790148348     
 tkh:  0.000000000000000E+000   26.7786790148348     
 qcl:  0.000000000000000E+000  0.000000000000000E+000
 qci:  0.000000000000000E+000  3.222510064511769E-003
 qpl:  0.000000000000000E+000  1.033026866489746E-004
 qpi:  0.000000000000000E+000  0.000000000000000E+000
 qrad(K/day):  -38.5218614492613        46.9937492320576     
 shf:  -1.39218742168127        1.70137309452768     
 lhf:   15.7969723753509        53.6005045091386     
 uw: -4.563054394246347E-003  4.240463405641959E-003
 vw: -5.369841286507400E-003  4.404476492929885E-003
 sst:   300.000000000000        300.000000000000     
 ===========================
 total water budget:
 before (mm):         48.21156703071
 after (mm):          48.21181699242
 evaporation (mm):     0.00026812048
 precipitation (mm):   0.00001815877
 large-scale (mm):     0.00000000000
 Imbalance (mm)       0.00000000000
 evap (mm/day):  0.772186972882238     
 prec (mm/day):  5.229726387284411E-002
 ls (mm/day):  0.000000000000000E+000
 imbalance (mm/day)  4.902133386719409E-012
  imbalance (rel error):  0.000000000000000E+000
 ===========================
NSTEP =        681   NCYCLE=  1  CFL_adv= 0.444  CFL_sgs= 0.042
NSTEP =        682   NCYCLE=  1  CFL_adv= 0.452  CFL_sgs= 0.042
NSTEP =        683   NCYCLE=  1  CFL_adv= 0.456  CFL_sgs= 0.042
 Collecting statistics...
 name QCSTRG is missing in "lst" file.
NSTEP =        684   NCYCLE=  1  CFL_adv= 0.460  CFL_sgs= 0.042
 DAY =   0.237500000000000     
 NSTEP=         684
 div:  5.582923880325877E-017 -8.552469327969417E-017
 SST=   300.000000000000     
 surface pressure=   1014.80000000000     
 u:  -5.51948520059603        4.84021129898458     
 v:  -4.07836002936819        4.75997953643769     
 w:  -1.25232519804297        1.40185873354089     
 p:  -4.44546763930600        2.98311921963778     
 t:   299.410467099010        473.450955205900     
 tabs:   201.740202065852        300.294011823782     
 qv:  3.590932641085206E-052  1.983021481882206E-002
 tke:  0.000000000000000E+000  0.822023802322222     
 tk:  0.000000000000000E+000   18.5232280367632     
 tkh:  0.000000000000000E+000   18.5232280367632     
 qcl:  0.000000000000000E+000  0.000000000000000E+000
 qci:  0.000000000000000E+000  3.227447723850837E-003
 qpl:  0.000000000000000E+000  8.627498656016950E-005
 qpi:  0.000000000000000E+000  0.000000000000000E+000
 qrad(K/day):  -38.5218614492613        46.9937492320576     
 shf:  -1.41074449375380        1.67255113647844     
 lhf:   15.7714558655541        53.2506741589223     
 uw: -4.619813205580625E-003  4.173737486389017E-003
 vw: -5.334523125970068E-003  4.137440553379450E-003
 sst:   300.000000000000        300.000000000000     
 ===========================
 total water budget:
 before (mm):         48.21256706635
 after (mm):          48.21281718740
 evaporation (mm):     0.00026771695
 precipitation (mm):   0.00001759589
 large-scale (mm):     0.00000000000
 Imbalance (mm)       0.00000000000
 evap (mm/day):  0.771024804327247     
 prec (mm/day):  5.067616743757441E-002
 ls (mm/day):  0.000000000000000E+000
 imbalance (mm/day)  6.560299178892671E-012
  imbalance (rel error):  0.000000000000000E+000
 ===========================
 Let's do some shortwave
 Range of zenith angles  0.732661695834013       0.732661695834013     
 Range of surface albedo (asdir)  3.383449086658900E-002  3.383449086658900E-002
 Range of surface albedo (aldir)  3.383449086658900E-002  3.383449086658900E-002
 Range of surface albedo (asdif)  6.000000000000000E-002  6.000000000000000E-002
 Range of surface albedo (aldif)  6.000000000000000E-002  6.000000000000000E-002
 radiation: perpetual sun, solin=   310.282738914636     
 longwave radiation is called
NSTEP =        685   NCYCLE=  1  CFL_adv= 0.460  CFL_sgs= 0.043
NSTEP =        686   NCYCLE=  1  CFL_adv= 0.458  CFL_sgs= 0.043
NSTEP =        687   NCYCLE=  1  CFL_adv= 0.455  CFL_sgs= 0.043
 Collecting statistics...
 name QCSTRG is missing in "lst" file.
NSTEP =        688   NCYCLE=  1  CFL_adv= 0.449  CFL_sgs= 0.043
 DAY =   0.238888888888889     
 NSTEP=         688
 div:  6.270365343563155E-017 -9.110029090653027E-017
 SST=   300.000000000000     
 surface pressure=   1014.80000000000     
 u:  -5.27756569505613        4.54798283875020     
 v:  -4.23959781979315        4.67793399234111     
 w:  -1.64950688313775        1.32956959446097     
 p:  -4.48052739563882        3.03779729885934     
 t:   299.411943660733        473.451481409342     
 tabs:   201.710704977973        300.299584396234     
 qv:  3.760550719499085E-052  1.982763390764283E-002
 tke:  0.000000000000000E+000  0.901355365359424     
 tk:  0.000000000000000E+000   22.4145914102744     
 tkh:  0.000000000000000E+000   22.4145914102744     
 qcl:  0.000000000000000E+000  0.000000000000000E+000
 qci:  0.000000000000000E+000  3.224606991805547E-003
 qpl:  0.000000000000000E+000  1.037369385000221E-004
 qpi:  0.000000000000000E+000  0.000000000000000E+000
 qrad(K/day):  -39.9273084900935        47.4342642906822     
 shf:  -1.42328785947415        1.64607870467985     
 lhf:   15.6616634063818        52.8584935466875     
 uw: -4.738487566530432E-003  4.142194817273260E-003
 vw: -5.222931751279321E-003  4.097033039228360E-003
 sst:   300.000000000000        300.000000000000     
 ===========================
 total water budget:
 before (mm):         48.21356793826
 after (mm):          48.21381831251
 evaporation (mm):     0.00026731802
 precipitation (mm):   0.00001694377
 large-scale (mm):     0.00000000000
 Imbalance (mm)      -0.00000000000
 evap (mm/day):  0.769875903759285     
 prec (mm/day):  4.879806744650406E-002
 ls (mm/day):  0.000000000000000E+000
 imbalance (mm/day) -1.360778677239605E-011
  imbalance (rel error): -1.473732553506900E-016
 ===========================
NSTEP =        689   NCYCLE=  1  CFL_adv= 0.442  CFL_sgs= 0.043
NSTEP =        690   NCYCLE=  1  CFL_adv= 0.435  CFL_sgs= 0.043
 Let's do some shortwave
 Range of zenith angles  0.732661695834013       0.732661695834013     
 Range of surface albedo (asdir)  3.383449086658900E-002  3.383449086658900E-002
 Range of surface albedo (aldir)  3.383449086658900E-002  3.383449086658900E-002
 Range of surface albedo (asdif)  6.000000000000000E-002  6.000000000000000E-002
 Range of surface albedo (aldif)  6.000000000000000E-002  6.000000000000000E-002
 radiation: perpetual sun, solin=   310.282738912200     
 longwave radiation is called
NSTEP =        691   NCYCLE=  1  CFL_adv= 0.426  CFL_sgs= 0.042
 Collecting statistics...
 name QCSTRG is missing in "lst" file.
NSTEP =        692   NCYCLE=  1  CFL_adv= 0.417  CFL_sgs= 0.042
 DAY =   0.240277777777778     
 NSTEP=         692
 div:  9.809886669156341E-017 -1.200072235024459E-016
 SST=   300.000000000000     
 surface pressure=   1014.80000000000     
 u:  -4.72786317658630        4.74652372870489     
 v:  -4.19914182422941        4.83128468687099     
 w:  -1.84657759117885        1.20772881907481     
 p:  -4.92806931098422        3.03906544829814     
 t:   299.414525051593        473.452027327211     
 tabs:   201.662522396349        300.302902698333     
 qv:  4.062220672388497E-052  1.984122103810067E-002
 tke:  0.000000000000000E+000  0.826025117171839     
 tk:  0.000000000000000E+000   22.7214809867755     
 tkh:  0.000000000000000E+000   22.7214809867755     
 qcl:  0.000000000000000E+000  0.000000000000000E+000
 qci:  0.000000000000000E+000  3.214608388396122E-003
 qpl:  0.000000000000000E+000  1.313952862544328E-004
 qpi:  0.000000000000000E+000  0.000000000000000E+000
 qrad(K/day):  -40.2111496402503        47.5989264819290     
 shf:  -1.42947114323816        1.64343254590224     
 lhf:   15.5892471354994        52.4585269663349     
 uw: -4.813465112386749E-003  4.138729412166232E-003
 vw: -5.019626330505632E-003  4.301364944183716E-003
 sst:   300.000000000000        300.000000000000     
 ===========================
 total water budget:
 before (mm):         48.21456958878
 after (mm):          48.21481997843
 evaporation (mm):     0.00026692241
 precipitation (mm):   0.00001653277
 large-scale (mm):     0.00000000000
 Imbalance (mm)       0.00000000000
 evap (mm/day):  0.768736552909459     
 prec (mm/day):  4.761436518334940E-002
 ls (mm/day):  0.000000000000000E+000
 imbalance (mm/day)  3.444689845866211E-011
  imbalance (rel error):  2.947403873240611E-016
 ===========================
NSTEP =        693   NCYCLE=  1  CFL_adv= 0.415  CFL_sgs= 0.042
NSTEP =        694   NCYCLE=  1  CFL_adv= 0.404  CFL_sgs= 0.042
NSTEP =        695   NCYCLE=  1  CFL_adv= 0.396  CFL_sgs= 0.042
 Collecting statistics...
 name QCSTRG is missing in "lst" file.
NSTEP =        696   NCYCLE=  1  CFL_adv= 0.387  CFL_sgs= 0.042
 DAY =   0.241666666666667     
 NSTEP=         696
 div:  9.811154746297602E-017 -1.076665977419706E-016
 SST=   300.000000000000     
 surface pressure=   1014.80000000000     
 u:  -4.14090070976437        4.61784392971122     
 v:  -4.30723885377367        4.72408206192860     
 w:  -1.34212214533656        1.05335588529847     
 p:  -5.46389006636628        3.06199711440895     
 t:   299.417351696386        473.452742229775     
 tabs:   201.628976086163        300.303816005607     
 qv:  4.452465551977731E-052  1.985514929288033E-002
 tke:  0.000000000000000E+000  0.814599501191234     
 tk:  0.000000000000000E+000   22.5637915307805     
 tkh:  0.000000000000000E+000   22.5637915307805     
 qcl:  0.000000000000000E+000  0.000000000000000E+000
 qci:  0.000000000000000E+000  3.196947939869145E-003
 qpl:  0.000000000000000E+000  1.480671499318955E-004
 qpi:  0.000000000000000E+000  0.000000000000000E+000
 qrad(K/day):  -40.2111496402503        47.5989264819290     
 shf:  -1.42900581462429        1.61649887062611     
 lhf:   15.5105567352137        52.0915090883044     
 uw: -4.784592356836203E-003  4.118092419914065E-003
 vw: -5.122014628175259E-003  4.324927925437447E-003
 sst:   300.000000000000        300.000000000000     
 ===========================
 total water budget:
 before (mm):         48.21557059051
 after (mm):          48.21582050538
 evaporation (mm):     0.00026652890
 precipitation (mm):   0.00001661403
 large-scale (mm):     0.00000000000
 Imbalance (mm)      -0.00000000000
 evap (mm/day):  0.767603238338310     
 prec (mm/day):  4.784840044141610E-002
 ls (mm/day):  0.000000000000000E+000
 imbalance (mm/day) -2.788972178202620E-011
  imbalance (rel error): -2.947342711634552E-016
 ===========================
 Let's do some shortwave
 Range of zenith angles  0.732661695834013       0.732661695834013     
 Range of surface albedo (asdir)  3.383449086658900E-002  3.383449086658900E-002
 Range of surface albedo (aldir)  3.383449086658900E-002  3.383449086658900E-002
 Range of surface albedo (asdif)  6.000000000000000E-002  6.000000000000000E-002
 Range of surface albedo (aldif)  6.000000000000000E-002  6.000000000000000E-002
 radiation: perpetual sun, solin=   310.282738909945     
 longwave radiation is called
NSTEP =        697   NCYCLE=  1  CFL_adv= 0.378  CFL_sgs= 0.042
NSTEP =        698   NCYCLE=  1  CFL_adv= 0.375  CFL_sgs= 0.042
NSTEP =        699   NCYCLE=  1  CFL_adv= 0.379  CFL_sgs= 0.041
 Collecting statistics...
 name QCSTRG is missing in "lst" file.
NSTEP =        700   NCYCLE=  1  CFL_adv= 0.383  CFL_sgs= 0.041
 DAY =   0.243055555555556     
 NSTEP=         700
 div:  9.021298371412021E-017 -1.039726715617156E-016
 SST=   300.000000000000     
 surface pressure=   1014.80000000000     
 u:  -4.17598183846561        4.42578492969015     
 v:  -4.33007571283979        4.54427837317232     
 w:  -1.51025850751275        1.03862169721627     
 p:  -5.80821901280684        3.11167239167141     
 t:   299.415719071415        473.453797495575     
 tabs:   201.642590679858        300.302339142638     
 qv:  4.981894348712388E-052  1.986919544416230E-002
 tke:  0.000000000000000E+000  0.555263809402830     
 tk:  0.000000000000000E+000   18.6290064382610     
 tkh:  0.000000000000000E+000   18.6290064382610     
 qcl:  0.000000000000000E+000  0.000000000000000E+000
 qci:  0.000000000000000E+000  3.194114394172436E-003
 qpl:  0.000000000000000E+000  1.550860155081565E-004
 qpi:  0.000000000000000E+000  0.000000000000000E+000
 qrad(K/day):  -35.5666033048648        46.4097284176319     
 shf:  -1.42191901095758        1.58950907358483     
 lhf:   15.4285591553467        51.7799113253934     
 uw: -4.621916151753508E-003  4.185826498322624E-003
 vw: -5.218862530726627E-003  4.183666984566498E-003
 sst:   300.000000000000        300.000000000000     
 ===========================
 total water budget:
 before (mm):         48.21656899498
 after (mm):          48.21681800869
 evaporation (mm):     0.00026613604
 precipitation (mm):   0.00001712233
 large-scale (mm):     0.00000000000
 Imbalance (mm)       0.00000000000
 evap (mm/day):  0.766471801553728     
 prec (mm/day):  4.931231445215729E-002
 ls (mm/day):  0.000000000000000E+000
 imbalance (mm/day)  1.774654641989448E-012
  imbalance (rel error):  0.000000000000000E+000
 ===========================
NSTEP =        701   NCYCLE=  1  CFL_adv= 0.385  CFL_sgs= 0.041
NSTEP =        702   NCYCLE=  1  CFL_adv= 0.387  CFL_sgs= 0.041
 Let's do some shortwave
 Range of zenith angles  0.732661695834013       0.732661695834013     
 Range of surface albedo (asdir)  3.383449086658900E-002  3.383449086658900E-002
 Range of surface albedo (aldir)  3.383449086658900E-002  3.383449086658900E-002
 Range of surface albedo (asdif)  6.000000000000000E-002  6.000000000000000E-002
 Range of surface albedo (aldif)  6.000000000000000E-002  6.000000000000000E-002
 radiation: perpetual sun, solin=   310.282738907872     
 longwave radiation is called
NSTEP =        703   NCYCLE=  1  CFL_adv= 0.388  CFL_sgs= 0.041
 Collecting statistics...
 name QCSTRG is missing in "lst" file.
NSTEP =        704   NCYCLE=  1  CFL_adv= 0.387  CFL_sgs= 0.041
 DAY =   0.244444444444444     
 NSTEP=         704
 div:  1.108232398931768E-016 -1.287685881400135E-016
 SST=   300.000000000000     
 surface pressure=   1014.80000000000     
 u:  -4.48911522939111        4.39592913969327     
 v:  -4.31620661155274        4.55092962915943     
 w:  -1.49673885857307        1.03463359983446     
 p:  -5.68286177931037        3.09512705501119     
 t:   299.413660111553        473.455240525664     
 tabs:   201.650463985171        300.299119096601     
 qv:  5.513728183126950E-052  1.988317401018636E-002
 tke:  0.000000000000000E+000  0.399513948724581     
 tk:  0.000000000000000E+000   15.3546306236057     
 tkh:  0.000000000000000E+000   15.3546306236057     
 qcl:  0.000000000000000E+000  0.000000000000000E+000
 qci:  0.000000000000000E+000  3.195347022936361E-003
 qpl:  0.000000000000000E+000  1.912429963411687E-004
 qpi:  0.000000000000000E+000  0.000000000000000E+000
 qrad(K/day):  -32.6780291533611        44.3250202588835     
 shf:  -1.40724960526308        1.56234969304028     
 lhf:   15.3472254999609        51.5219092315469     
 uw: -4.469781355826921E-003  4.097292764434816E-003
 vw: -5.229463352735429E-003  4.106333854991228E-003
 sst:   300.000000000000        300.000000000000     
 ===========================
 total water budget:
 before (mm):         48.21756345108
 after (mm):          48.21781138361
 evaporation (mm):     0.00026574489
 precipitation (mm):   0.00001781236
 large-scale (mm):     0.00000000000
 Imbalance (mm)       0.00000000000
 evap (mm/day):  0.765345283782821     
 prec (mm/day):  5.129960313619669E-002
 ls (mm/day):  0.000000000000000E+000
 imbalance (mm/day)  2.801975448538108E-011
  imbalance (rel error):  2.947221018005971E-016
 ===========================
NSTEP =        705   NCYCLE=  1  CFL_adv= 0.386  CFL_sgs= 0.041
NSTEP =        706   NCYCLE=  1  CFL_adv= 0.384  CFL_sgs= 0.040
NSTEP =        707   NCYCLE=  1  CFL_adv= 0.381  CFL_sgs= 0.040
 Collecting statistics...
 name QCSTRG is missing in "lst" file.
NSTEP =        708   NCYCLE=  1  CFL_adv= 0.377  CFL_sgs= 0.040
 DAY =   0.245833333333333     
 NSTEP=         708
 div:  1.203732621953487E-016 -1.394763257795507E-016
 SST=   300.000000000000     
 surface pressure=   1014.80000000000     
 u:  -4.74020695118051        4.36385251675927     
 v:  -4.16068196239405        4.45983473693906     
 w:  -1.16364822489960        1.12122601833244     
 p:  -6.19369290491244        3.11086739208131     
 t:   299.411348131883        473.456988605270     
 tabs:   201.670328669007        300.301440871780     
 qv:  5.923429141940626E-052  1.989691941331602E-002
 tke:  0.000000000000000E+000  0.487362482404829     
 tk:  0.000000000000000E+000   17.4528379211811     
 tkh:  0.000000000000000E+000   17.4528379211811     
 qcl:  0.000000000000000E+000  0.000000000000000E+000
 qci:  0.000000000000000E+000  3.184323407861449E-003
 qpl:  0.000000000000000E+000  1.725466533221488E-004
 qpi:  0.000000000000000E+000  0.000000000000000E+000
 qrad(K/day):  -32.6780291533611        44.3250202588835     
 shf:  -1.41352298832721        1.55949116785142     
 lhf:   15.2682954734733        51.2998117949576     
 uw: -4.384478511823089E-003  4.041970557536649E-003
 vw: -5.124799718676742E-003  3.886224229843964E-003
 sst:   300.000000000000        300.000000000000     
 ===========================
 total water budget:
 before (mm):         48.21855360814
 after (mm):          48.21880055938
 evaporation (mm):     0.00026535659
 precipitation (mm):   0.00001840535
 large-scale (mm):     0.00000000000
 Imbalance (mm)       0.00000000000
 evap (mm/day):  0.764226975131699     
 prec (mm/day):  5.300741511592680E-002
 ls (mm/day):  0.000000000000000E+000
 imbalance (mm/day)  1.448643939180871E-011
  imbalance (rel error):  1.473580278889596E-016
 ===========================
 Let's do some shortwave
 Range of zenith angles  0.732661695834013       0.732661695834013     
 Range of surface albedo (asdir)  3.383449086658900E-002  3.383449086658900E-002
 Range of surface albedo (aldir)  3.383449086658900E-002  3.383449086658900E-002
 Range of surface albedo (asdif)  6.000000000000000E-002  6.000000000000000E-002
 Range of surface albedo (aldif)  6.000000000000000E-002  6.000000000000000E-002
 radiation: perpetual sun, solin=   310.282738905939     
 longwave radiation is called
NSTEP =        709   NCYCLE=  1  CFL_adv= 0.372  CFL_sgs= 0.040
NSTEP =        710   NCYCLE=  1  CFL_adv= 0.366  CFL_sgs= 0.039
NSTEP =        711   NCYCLE=  1  CFL_adv= 0.359  CFL_sgs= 0.039
 Collecting statistics...
 name QCSTRG is missing in "lst" file.
NSTEP =        712   NCYCLE=  1  CFL_adv= 0.362  CFL_sgs= 0.039
 DAY =   0.247222222222222     
 NSTEP=         712
 div:  9.683605862640392E-017 -1.311265413066841E-016
 SST=   300.000000000000     
 surface pressure=   1014.80000000000     
 u:  -4.78480808360893        4.49619598687164     
 v:  -4.16724546183497        4.38626359130562     
 w:  -1.10017104849572        1.18617933852532     
 p:  -6.62041903707414        3.20214592180192     
 t:   299.408955727283        473.458817331045     
 tabs:   201.702159290224        300.300367948877     
 qv:  5.957834497169096E-052  1.991025973252806E-002
 tke:  0.000000000000000E+000  0.558977560762818     
 tk:  0.000000000000000E+000   17.5625602425247     
 tkh:  0.000000000000000E+000   17.5625602425247     
 qcl:  0.000000000000000E+000  0.000000000000000E+000
 qci:  0.000000000000000E+000  3.161216110437026E-003
 qpl:  0.000000000000000E+000  1.251428752434346E-004
 qpi:  0.000000000000000E+000  0.000000000000000E+000
 qrad(K/day):  -33.7590341675611        41.1747464723546     
 shf:  -1.41114175099381        1.56045885893295     
 lhf:   15.1923266677895        51.0950300028674     
 uw: -4.372103469240070E-003  3.966090573015145E-003
 vw: -4.905260457046337E-003  3.767608319208256E-003
 sst:   300.000000000000        300.000000000000     
 ===========================
 total water budget:
 before (mm):         48.21954047525
 after (mm):          48.21978688161
 evaporation (mm):     0.00026497139
 precipitation (mm):   0.00001856503
 large-scale (mm):     0.00000000000
 Imbalance (mm)       0.00000000000
 evap (mm/day):  0.763117606265169     
 prec (mm/day):  5.346729535298651E-002
 ls (mm/day):  0.000000000000000E+000
 imbalance (mm/day)  1.109741205179704E-011
  imbalance (rel error):  1.473550137217904E-016
 ===========================
NSTEP =        713   NCYCLE=  1  CFL_adv= 0.370  CFL_sgs= 0.039
NSTEP =        714   NCYCLE=  1  CFL_adv= 0.378  CFL_sgs= 0.038
 Let's do some shortwave
 Range of zenith angles  0.732661695834013       0.732661695834013     
 Range of surface albedo (asdir)  3.383449086658900E-002  3.383449086658900E-002
 Range of surface albedo (aldir)  3.383449086658900E-002  3.383449086658900E-002
 Range of surface albedo (asdif)  6.000000000000000E-002  6.000000000000000E-002
 Range of surface albedo (aldif)  6.000000000000000E-002  6.000000000000000E-002
 radiation: perpetual sun, solin=   310.282738904076     
 longwave radiation is called
NSTEP =        715   NCYCLE=  1  CFL_adv= 0.384  CFL_sgs= 0.038
 Collecting statistics...
 name QCSTRG is missing in "lst" file.
NSTEP =        716   NCYCLE=  1  CFL_adv= 0.388  CFL_sgs= 0.038
 DAY =   0.248611111111111     
 NSTEP=         716
 div:  1.146453604497902E-016 -1.626781120340985E-016
 SST=   300.000000000000     
 surface pressure=   1014.80000000000     
 u:  -4.63615020476436        4.59308816675968     
 v:  -4.20066673086482        4.40201892173479     
 w:  -1.08510664276494        1.23856233478374     
 p:  -6.19726612955511        3.60526294595143     
 t:   299.406590334815        473.460588762090     
 tabs:   201.744233523983        300.296469760787     
 qv:  6.363494111596628E-052  1.992301294902301E-002
 tke:  0.000000000000000E+000  0.686417568532778     
 tk:  0.000000000000000E+000   20.7125802432480     
 tkh:  0.000000000000000E+000   20.7125802432480     
 qcl:  0.000000000000000E+000  0.000000000000000E+000
 qci:  0.000000000000000E+000  3.145344736229692E-003
 qpl:  0.000000000000000E+000  1.188950272575706E-004
 qpi:  0.000000000000000E+000  0.000000000000000E+000
 qrad(K/day):  -31.9633127091955        42.1893853207918     
 shf:  -1.40172277741939        1.56012534206785     
 lhf:   15.1191415027564        50.9038209929225     
 uw: -4.312203039893775E-003  3.855240129452784E-003
 vw: -4.605952545556825E-003  3.515663935292724E-003
 sst:   300.000000000000        300.000000000000     
 ===========================
 total water budget:
 before (mm):         48.22052543606
 after (mm):          48.22077140299
 evaporation (mm):     0.00026458941
 precipitation (mm):   0.00001862248
 large-scale (mm):     0.00000000000
 Imbalance (mm)       0.00000000000
 evap (mm/day):  0.762017496438894     
 prec (mm/day):  5.363274155117740E-002
 ls (mm/day):  0.000000000000000E+000
 imbalance (mm/day)  1.973991282933074E-011
  imbalance (rel error):  1.473520051809024E-016
 ===========================
NSTEP =        717   NCYCLE=  1  CFL_adv= 0.392  CFL_sgs= 0.038
NSTEP =        718   NCYCLE=  1  CFL_adv= 0.394  CFL_sgs= 0.038
NSTEP =        719   NCYCLE=  1  CFL_adv= 0.395  CFL_sgs= 0.038
 Collecting statistics...
 Writting radiation restart file...
 Saved radiation restart file. nstep=         720
 name QCSTRG is missing in "lst" file.
 Writting statistics:nstatsteps=          15
 --------------- ISCCP Simulator Diagnostics: -----------------
 ISCCP PDF:
            0.0       0.3       1.3       3.6       9.4      23.0      60.0
    0.     0.004     0.001     0.000     0.000     0.000     0.001     0.012
  180.     0.008     0.006     0.005     0.006     0.006     0.008     0.002
  310.     0.002     0.000     0.000     0.000     0.000     0.000     0.000
  440.     0.000     0.000     0.000     0.000     0.000     0.000     0.000
  560.     0.000     0.000     0.000     0.000     0.000     0.000     0.000
  680.     0.000     0.000     0.000     0.000     0.000     0.000     0.000
  800.     0.000     0.000     0.000     0.000     0.000     0.000     0.000
 low cld area (tau > 0.3)=  0.000000000000000E+000
 mid cld area (tau > 0.3)=  0.000000000000000E+000
 hgh cld area (tau > 0.3)=  4.874369303385416E-002
 total cld area (tau > 0.3)=  4.874369303385416E-002
 mean albedo cld (tau > 0.3)   0.582933294321821     
 mean tau cld (tau > 0.3)    12.4186863325815     
 mean top pressure (tau > 0.3)   206.008594644982     
 mean brightness temp (tau > 0.3)   264.320495065771     
 mean clearsky brightness temp (tau > 0.3)   295.715716664366     
 --------------- MODIS Simulator Diagnostics: -----------------
 MODIS PDF:
                      0.3       1.3       3.6       9.4      23.0      60.0
    0.               0.000     0.000     0.001     0.003     0.008     0.014
  180.               0.006     0.005     0.005     0.003     0.001     0.000
  310.               0.001     0.000     0.000     0.000     0.000     0.000
  440.               0.000     0.000     0.000     0.000     0.000     0.000
  560.               0.000     0.000     0.000     0.000     0.000     0.000
  680.               0.000     0.000     0.000     0.000     0.000     0.000
  800.               0.000     0.000     0.000     0.000     0.000     0.000
 low cld area =  0.000000000000000E+000
 mid cld area =  0.000000000000000E+000
 hgh cld area =  4.874369303385416E-002
 total cld area =  4.874369303385416E-002
 mean tau cld    44.8860717102673     
 mean top pressure    188.987949055790     
 total cld area (liquid) =  0.000000000000000E+000
 total cld area (ice) =  4.874369303385416E-002
 mean tau (liquid) =  -1.00000000000000     
 mean tau (ice) =   44.8860717102673     
 mean lwp (g/m2) =  -1.00000000000000     
 mean iwp (g/m2) =   832.433846321897     
 mean reff (liquid)  =  -1.00000000000000     
 mean reff (ice)  =   35.9849873492512     
 --------------- MISR Simulator Diagnostics: -----------------
 MISR PDF:
            0.0       0.3       1.3       3.6       9.4      23.0      60.0
 99.00     0.000     0.000     0.000     0.000     0.000     0.000     0.000
 17.00     0.000     0.000     0.000     0.000     0.000     0.000     0.000
 15.00     0.000     0.000     0.000     0.000     0.001     0.005     0.013
 13.00     0.000     0.000     0.002     0.003     0.005     0.005     0.000
 11.00     0.000     0.003     0.003     0.002     0.001     0.000     0.000
  9.00     0.000     0.001     0.001     0.000     0.000     0.000     0.000
  7.00     0.000     0.001     0.000     0.000     0.000     0.000     0.000
  5.00     0.000     0.000     0.000     0.000     0.000     0.000     0.000
  4.00     0.000     0.000     0.000     0.000     0.000     0.000     0.000
  3.00     0.000     0.000     0.000     0.000     0.000     0.000     0.000
  2.50     0.000     0.000     0.000     0.000     0.000     0.000     0.000
  2.00     0.000     0.000     0.000     0.000     0.000     0.000     0.000
  1.50     0.000     0.000     0.000     0.000     0.000     0.000     0.000
  1.00     0.000     0.000     0.000     0.000     0.000     0.000     0.000
  0.50     0.000     0.000     0.000     0.000     0.000     0.000     0.000
  0.00     0.001     0.002     0.000     0.000     0.000     0.000     0.000
 total cld area =  4.677022298177083E-002
 mean top height (m)   12025.6211895343     
 Writting history file 
 rcemip300sst_160_MaxIce20_dry3km90perc                                         
  
 Writing restart file ...
 Restart file was saved. nstep=         720
 Writting 2D data. file:./OUT_2D/bubble_rcemip300sst_160_MaxIce20_dry3km90perc_6
 4.2Dbin                                                         
 Writting 3D data. file:./OUT_3D/bubble_rcemip300sst_160_MaxIce20_dry3km90perc_6
 4_0000000720.bin3D                                              
NSTEP =        720   NCYCLE=  1  CFL_adv= 0.395  CFL_sgs= 0.037
 DAY =   0.250000000000000     
 NSTEP=         720
 div:  1.091714424707351E-016 -1.444117129848119E-016
 SST=   300.000000000000     
 surface pressure=   1014.80000000000     
 u:  -4.44913499151147        4.37675350286522     
 v:  -4.15320648637197        4.15937591987034     
 w:  -1.02974489616563        1.29185117849053     
 p:  -5.80026571317714        3.79809375529372     
 t:   299.404369256152        473.462410136355     
 tabs:   201.771351826557        300.290069790135     
 qv:  7.541158806324024E-052  1.993493928111320E-002
 tke:  0.000000000000000E+000  0.680050996365773     
 tk:  0.000000000000000E+000   20.6163011408111     
 tkh:  0.000000000000000E+000   20.6163011408111     
 qcl:  0.000000000000000E+000  0.000000000000000E+000
 qci:  0.000000000000000E+000  3.128331325863141E-003
 qpl:  0.000000000000000E+000  1.189753318382930E-004
 qpi:  0.000000000000000E+000  0.000000000000000E+000
 qrad(K/day):  -31.9633127091955        42.1893853207918     
 shf:  -1.38613560063982        1.55361444680239     
 lhf:   15.0479480152951        50.7192833415250     
 uw: -4.206182488290182E-003  3.796955663689528E-003
 vw: -4.277154751873067E-003  3.547486035686145E-003
 sst:   300.000000000000        300.000000000000     
 ===========================
 total water budget:
 before (mm):         48.22150890107
 after (mm):          48.22175467306
 evaporation (mm):     0.00026420928
 precipitation (mm):   0.00001843728
 large-scale (mm):     0.00000000000
 Imbalance (mm)      -0.00000000000
 evap (mm/day):  0.760922713494274     
 prec (mm/day):  5.309937720551733E-002
 ls (mm/day):  0.000000000000000E+000
 imbalance (mm/day) -7.448875500790098E-012
  imbalance (rel error): -1.473490005864606E-016
 ===========================
 Finished with SAM, exiting...
srun: error: n963: tasks 0-31: Exited with exit code 9
srun: Terminating StepId=50609561.0
srun: error: n1716: tasks 32-63: Exited with exit code 9
