n125
n125
n125
n125
n125
n125
n125
n125
n125
n125
n125
n125
n125
n125
n125
n125
n125
n125
n125
n125
n125
n125
n125
n125
n125
n125
n125
n125
n125
n125
n125
n125
n127
n127
n127
n127
n127
n127
n127
n127
n127
n127
n127
n127
n127
n127
n127
n127
n127
n127
n127
n127
n127
n127
n127
n127
n127
n127
n127
n127
n127
n127
n127
n127
 number of MPI tasks:          64
           **************************************************
           **************************************************
           *                                                *
           *      *****          **       ***          **   *
           *    ***   ***       ****      ****       ****   *
           *   ***     ***     *** ***    *****     *****   *
           *    ***           ***   ***   *** **   ** ***   *
           *       ***       ***     ***  ***  ** **  ***   *
           *          ***    ***     ***  ***   ***   ***   *
           *   ***     ***   ***********  ***         ***   *
           *    ***   ***    ***     ***  ***         ***   *
           *      *****      ***     ***  ***         ***   *
           *                                                *
           **************************************************
           **************************************************
           ***       System for Atmospheric Modeling      ***
           ***                    SAM                     ***
                     Version 6.10.9 (Feb 2016)  
           **************************************************
           ***     (C) Marat Khairoutdinov                ***
           *** School of Marine and Atmospheric Sciences  ***
           ***       Stony Brook University               ***
           **************************************************
           ***       The model can be used only with      ***
           ***         permission from the author!        ***
           ***       No transfer to any third party       ***
           ***                is allowed!                 ***
           **************************************************
           **************************************************
           ***       DATE 05/18/26 TIME 10:26:36          ***
           **************************************************
 
 ==============================================================
  You have chosen to use            1  ice categories in MICRO_P3.
 ==============================================================
 ==============================================================
  You have chosen to use            1  ice categories in MICRO_P3.
 ==============================================================
 ==============================================================
  You have chosen to use            1  ice categories in MICRO_P3.
 ==============================================================
 ==============================================================
  You have chosen to use            1  ice categories in MICRO_P3.
 ==============================================================
 ==============================================================
  You have chosen to use            1  ice categories in MICRO_P3.
 ==============================================================
 ==============================================================
  You have chosen to use            1  ice categories in MICRO_P3.
 ==============================================================
 ==============================================================
  You have chosen to use            1  ice categories in MICRO_P3.
 ==============================================================
 ==============================================================
  You have chosen to use            1  ice categories in MICRO_P3.
 ==============================================================
 ==============================================================
  You have chosen to use            1  ice categories in MICRO_P3.
 ==============================================================
 ==============================================================
  You have chosen to use            1  ice categories in MICRO_P3.
 ==============================================================
 ==============================================================
  You have chosen to use            1  ice categories in MICRO_P3.
 ==============================================================
  You have chosen to use            1  ice categories in MICRO_P3.
 ==============================================================
 ==============================================================
 ==============================================================
  You have chosen to use            1  ice categories in MICRO_P3.
 ==============================================================
 ==============================================================
  You have chosen to use            1  ice categories in MICRO_P3.
 ==============================================================
 ==============================================================
  You have chosen to use            1  ice categories in MICRO_P3.
 ==============================================================
 ==============================================================
  You have chosen to use            1  ice categories in MICRO_P3.
 ==============================================================
 ==============================================================
  You have chosen to use            1  ice categories in MICRO_P3.
 ==============================================================
 ==============================================================
  You have chosen to use            1  ice categories in MICRO_P3.
 ==============================================================
 ==============================================================
  You have chosen to use            1  ice categories in MICRO_P3.
 ==============================================================
 ==============================================================
  You have chosen to use            1  ice categories in MICRO_P3.
 ==============================================================
 ==============================================================
  You have chosen to use            1  ice categories in MICRO_P3.
 ==============================================================
 ==============================================================
  You have chosen to use            1  ice categories in MICRO_P3.
 ==============================================================
 ==============================================================
  You have chosen to use            1  ice categories in MICRO_P3.
 ==============================================================
 ==============================================================
  You have chosen to use            1  ice categories in MICRO_P3.
 ==============================================================
 ==============================================================
  You have chosen to use            1  ice categories in MICRO_P3.
 ==============================================================
 ==============================================================
 ==============================================================
  You have chosen to use            1  ice categories in MICRO_P3.
 ==============================================================
  You have chosen to use            1  ice categories in MICRO_P3.
 ==============================================================
 ==============================================================
  You have chosen to use            1  ice categories in MICRO_P3.
 ==============================================================
 ==============================================================
  You have chosen to use            1  ice categories in MICRO_P3.
 ==============================================================
 ==============================================================
  You have chosen to use            1  ice categories in MICRO_P3.
 ==============================================================
 ==============================================================
  You have chosen to use            1  ice categories in MICRO_P3.
 ==============================================================
 ==============================================================
 ==============================================================
  You have chosen to use            1  ice categories in MICRO_P3.
 ==============================================================
  You have chosen to use            1  ice categories in MICRO_P3.
 ==============================================================
 ==============================================================
  You have chosen to use            1  ice categories in MICRO_P3.
 ==============================================================
  You have chosen to use            1  ice categories in MICRO_P3.
 ==============================================================
 ==============================================================
 ==============================================================
  You have chosen to use            1  ice categories in MICRO_P3.
 ==============================================================
 ==============================================================
  You have chosen to use            1  ice categories in MICRO_P3.
 ==============================================================
 ==============================================================
  You have chosen to use            1  ice categories in MICRO_P3.
 ==============================================================
 ==============================================================
  You have chosen to use            1  ice categories in MICRO_P3.
 ==============================================================
 ==============================================================
 ==============================================================
  You have chosen to use            1  ice categories in MICRO_P3.
 ==============================================================
 ==============================================================
  You have chosen to use            1  ice categories in MICRO_P3.
 ==============================================================
 ==============================================================
  You have chosen to use            1  ice categories in MICRO_P3.
 ==============================================================
 ==============================================================
  You have chosen to use            1  ice categories in MICRO_P3.
 ==============================================================
 ==============================================================
 ==============================================================
 ==============================================================
  You have chosen to use            1  ice categories in MICRO_P3.
 ==============================================================
  You have chosen to use            1  ice categories in MICRO_P3.
 ==============================================================
 ==============================================================
 ==============================================================
  You have chosen to use            1  ice categories in MICRO_P3.
 ==============================================================
  You have chosen to use            1  ice categories in MICRO_P3.
 ==============================================================
 ==============================================================
  You have chosen to use            1  ice categories in MICRO_P3.
 ==============================================================
  You have chosen to use            1  ice categories in MICRO_P3.
 ==============================================================
 ==============================================================
  You have chosen to use            1  ice categories in MICRO_P3.
 ==============================================================
 ==============================================================
 ==============================================================
 ==============================================================
  You have chosen to use            1  ice categories in MICRO_P3.
 ==============================================================
  You have chosen to use            1  ice categories in MICRO_P3.
 ==============================================================
  You have chosen to use            1  ice categories in MICRO_P3.
 ==============================================================
 ==============================================================
  You have chosen to use            1  ice categories in MICRO_P3.
 ==============================================================
 ==============================================================
  You have chosen to use            1  ice categories in MICRO_P3.
 ==============================================================
 ==============================================================
  You have chosen to use            1  ice categories in MICRO_P3.
 ==============================================================
 ==============================================================
  You have chosen to use            1  ice categories in MICRO_P3.
 ==============================================================
 ==============================================================
  You have chosen to use            1  ice categories in MICRO_P3.
 ==============================================================
 ==============================================================
  You have chosen to use            1  ice categories in MICRO_P3.
 ==============================================================
  You have chosen to use            1  ice categories in MICRO_P3.
 ==============================================================
  You have chosen to use            1  ice categories in MICRO_P3.
 ==============================================================
 ==============================================================
 ==============================================================
  You have chosen to use            1  ice categories in MICRO_P3.
 ==============================================================
 ==============================================================
  You have chosen to use            1  ice categories in MICRO_P3.
 ==============================================================
 ==============================================================
  You have chosen to use            1  ice categories in MICRO_P3.
 ==============================================================
 
 surface pressure:    1014.80000000000     
 
  P3 microphysics: v3.1.14          
    P3_INIT (reading/creating look-up tables [v4.1, v4.1]) ...
    P3_INIT DONE.
 
 Initial Sounding:
  k      z    rho     rhoi    s      h     h*      qt      u      v     adz     
 Nsq
 128 27750.0  0.027  0.027 499.03 499.04 508.80   0.00   0.00   0.00  6.667     0.4421E-03
 127 27500.0  0.028  0.028 496.46 496.47 505.75   0.00   0.00   0.00  6.667     0.4423E-03
 126 27250.0  0.029  0.029 493.89 493.90 502.71   0.00   0.00   0.00  6.667     0.4470E-03
 125 27000.0  0.030  0.031 491.30 491.31 499.66   0.00   0.00   0.00  6.667     0.4522E-03
 124 26750.0  0.031  0.032 488.68 488.69 496.57   0.00   0.00   0.00  6.667     0.4544E-03
 123 26500.0  0.032  0.033 486.05 486.05 493.49   0.00   0.00   0.00  6.667     0.4595E-03
 122 26250.0  0.034  0.034 483.39 483.40 490.39   0.00   0.00   0.00  6.667     0.4649E-03
 121 26000.0  0.035  0.036 480.70 480.71 487.26   0.00   0.00   0.00  6.667     0.4702E-03
 120 25750.0  0.036  0.037 477.98 477.99 484.11   0.00   0.00   0.00  6.667     0.4562E-03
 119 25500.0  0.038  0.039 475.35 475.36 481.13   0.00   0.00   0.00  6.667     0.4611E-03
 118 25250.0  0.039  0.040 472.69 472.70 478.13   0.00   0.00   0.00  6.667     0.4666E-03
 117 25000.0  0.041  0.042 470.01 470.01 475.10   0.00   0.00   0.00  6.667     0.4721E-03
 116 24750.0  0.043  0.043 467.29 467.30 472.05   0.00   0.00   0.00  6.667     0.4768E-03
 115 24500.0  0.044  0.045 464.55 464.56 468.98   0.00   0.00   0.00  6.667     0.4826E-03
 114 24250.0  0.046  0.047 461.78 461.79 465.89   0.00   0.00   0.00  6.667     0.4884E-03
 113 24000.0  0.048  0.049 458.98 458.99 462.79   0.00   0.00   0.00  6.667     0.4937E-03
 112 23750.0  0.050  0.051 456.16 456.17 459.67   0.00   0.00   0.00  6.667     0.4940E-03
 111 23500.0  0.052  0.053 453.34 453.35 456.57   0.00   0.00   0.00  6.667     0.5001E-03
 110 23250.0  0.054  0.055 450.49 450.49 453.46   0.00   0.00   0.00  6.667     0.5067E-03
 109 23000.0  0.056  0.057 447.60 447.61 450.32   0.00   0.00   0.00  6.667     0.5182E-03
 108 22750.0  0.058  0.060 444.66 444.67 447.13   0.00   0.00   0.00  6.667     0.5275E-03
 107 22500.0  0.061  0.062 441.67 441.68 443.91   0.00   0.00   0.00  6.667     0.5347E-03
 106 22250.0  0.064  0.065 438.65 438.66 440.66   0.00   0.00   0.00  6.667     0.5405E-03
 105 22000.0  0.066  0.068 435.60 435.61 437.40   0.00   0.00   0.00  6.667     0.5466E-03
 104 21750.0  0.069  0.070 432.53 432.53 434.14   0.00   0.00   0.00  6.667     0.5541E-03
 103 21500.0  0.072  0.073 429.42 429.43 430.85   0.00   0.00   0.00  6.667     0.5604E-03
 102 21250.0  0.075  0.077 426.29 426.30 427.56   0.00   0.00   0.00  6.667     0.5673E-03
 101 21000.0  0.078  0.080 423.13 423.13 424.25   0.00   0.00   0.00  6.667     0.5758E-03
 100 20750.0  0.082  0.084 419.93 419.94 420.91   0.00   0.00   0.00  6.667     0.5849E-03
  99 20500.0  0.085  0.087 416.69 416.70 417.55   0.00   0.00   0.00  6.667     0.5939E-03
  98 20250.0  0.089  0.091 413.42 413.42 414.16   0.00   0.00   0.00  6.667     0.6009E-03
  97 20000.0  0.093  0.095 410.12 410.12 410.76   0.00   0.00   0.00  6.667     0.6069E-03
  96 19750.0  0.097  0.099 406.80 406.80 407.35   0.00   0.00   0.00  6.667     0.6176E-03
  95 19500.0  0.102  0.104 403.43 403.44 403.90   0.00   0.00   0.00  6.667     0.6328E-03
  94 19250.0  0.106  0.109 400.00 400.00 400.39   0.00   0.00   0.00  6.667     0.6428E-03
  93 19000.0  0.111  0.114 396.53 396.53 396.86   0.00   0.00   0.00  6.667     0.6527E-03
  92 18750.0  0.116  0.119 393.02 393.03 393.29   0.00   0.00   0.00  6.667     0.6577E-03
  91 18500.0  0.122  0.125 389.50 389.51 389.73   0.00   0.00   0.00  6.667     0.6613E-03
  90 18250.0  0.128  0.131 385.98 385.99 386.17   0.00   0.00   0.00  6.667     0.6344E-03
  89 18000.0  0.134  0.137 382.63 382.63 382.78   0.00   0.00   0.00  6.667     0.6132E-03
  88 17750.0  0.140  0.143 379.40 379.40 379.53   0.00   0.00   0.00  6.667     0.5987E-03
  87 17500.0  0.146  0.150 376.25 376.26 376.37   0.00   0.00   0.00  6.667     0.6007E-03
  86 17250.0  0.153  0.157 373.11 373.11 373.21   0.00   0.00   0.00  6.667     0.6149E-03
  85 17000.0  0.160  0.164 369.91 369.91 369.99   0.00   0.00   0.00  6.667     0.6171E-03
  84 16750.0  0.168  0.172 366.70 366.70 366.78   0.00   0.00   0.00  6.667     0.5928E-03
  83 16500.0  0.175  0.179 363.63 363.64 363.70   0.00   0.00   0.00  6.667     0.5542E-03
  82 16250.0  0.183  0.187 360.77 360.78 360.84   0.00   0.00   0.00  6.667     0.5207E-03
  81 16000.0  0.192  0.196 358.09 358.10 358.15   0.00   0.00   0.00  6.667     0.4969E-03
  80 15750.0  0.200  0.204 355.54 355.54 355.59   0.00   0.00   0.00  6.667     0.4831E-03
  79 15500.0  0.209  0.213 353.06 353.06 353.11   0.00   0.00   0.00  6.667     0.4721E-03
  78 15250.0  0.218  0.222 350.63 350.63 350.68   0.00   0.00   0.00  6.667     0.4605E-03
  77 15000.0  0.227  0.232 348.27 348.27 348.31   0.00   0.00   0.00  6.667     0.4183E-03
  76 14750.0  0.237  0.241 346.11 346.12 346.16   0.00   0.00   0.00  6.667     0.3540E-03
  75 14500.0  0.246  0.251 344.29 344.30 344.34   0.00   0.00   0.00  6.667     0.2754E-03
  74 14250.0  0.255  0.260 342.87 342.88 342.92   0.00   0.00   0.00  6.667     0.1519E-03
  73 14000.0  0.264  0.268 342.08 342.09 342.15   0.00   0.00   0.00  6.667     0.1069E-03
  72 13750.0  0.273  0.277 341.52 341.53 341.61   0.00   0.00   0.00  6.667     0.8705E-04
  71 13500.0  0.281  0.286 341.06 341.07 341.17   0.00   0.00   0.00  6.667     0.7132E-04
  70 13250.0  0.290  0.295 340.68 340.70 340.82   0.01   0.00   0.00  6.667     0.5595E-04
  69 13000.0  0.299  0.304 340.38 340.40 340.55   0.01   0.00   0.00  6.667     0.4938E-04
  68 12750.0  0.308  0.313 340.11 340.14 340.33   0.01   0.00   0.00  6.667     0.5613E-04
  67 12500.0  0.317  0.322 339.81 339.87 340.07   0.02   0.00   0.00  6.667     0.5700E-04
  66 12250.0  0.327  0.332 339.49 339.65 339.82   0.06   0.00   0.00  6.667     0.3920E-04
  65 12000.0  0.336  0.341 339.27 339.49 339.68   0.09   0.00   0.00  6.667     0.3985E-04
  64 11750.0  0.346  0.351 339.04 339.32 339.56   0.11   0.00   0.00  6.667     0.4290E-04
  63 11500.0  0.356  0.361 338.80 339.14 339.43   0.14   0.00   0.00  6.667     0.4452E-04
  62 11250.0  0.366  0.371 338.54 338.96 339.31   0.17   0.00   0.00  6.667     0.4610E-04
  61 11000.0  0.376  0.381 338.27 338.79 339.20   0.20   0.00   0.00  6.667     0.5046E-04
  60 10750.0  0.387  0.392 337.98 338.60 339.10   0.25   0.00   0.00  6.667     0.5407E-04
  59 10500.0  0.397  0.403 337.66 338.41 339.00   0.30   0.00   0.00  6.667     0.5674E-04
  58 10250.0  0.408  0.414 337.32 338.21 338.92   0.36   0.00   0.00  6.667     0.6395E-04
  57 10000.0  0.420  0.425 336.93 337.99 338.82   0.43   0.00   0.00  6.667     0.6831E-04
  56  9750.0  0.431  0.437 336.51 337.76 338.73   0.50   0.00   0.00  6.667     0.7478E-04
  55  9500.0  0.443  0.449 336.05 337.51 338.64   0.58   0.00   0.00  6.667     0.8153E-04
  54  9250.0  0.455  0.461 335.55 337.25 338.54   0.68   0.00   0.00  6.667     0.8508E-04
  53  9000.0  0.468  0.474 335.02 336.98 338.46   0.78   0.00   0.00  6.667     0.9168E-04
  52  8750.0  0.480  0.487 334.44 336.70 338.38   0.90   0.00   0.00  6.667     0.9691E-04
  51  8500.0  0.493  0.500 333.82 336.41 338.30   1.03   0.00   0.00  6.667     0.1009E-03
  50  8250.0  0.507  0.513 333.18 336.11 338.25   1.17   0.00   0.00  6.667     0.1100E-03
  49  8000.0  0.520  0.527 332.47 335.80 338.16   1.33   0.00   0.00  6.667     0.1151E-03
  48  7750.0  0.534  0.542 331.73 335.48 338.08   1.50   0.00   0.00  6.667     0.1223E-03
  47  7500.0  0.549  0.556 330.93 335.15 337.98   1.69   0.00   0.00  6.667     0.1266E-03
  46  7250.0  0.564  0.571 330.10 334.83 337.89   1.89   0.00   0.00  6.667     0.1288E-03
  45  7000.0  0.579  0.587 329.25 334.53 337.83   2.11   0.00   0.00  6.667     0.1320E-03
  44  6750.0  0.595  0.602 328.37 334.25 337.79   2.35   0.00   0.00  6.667     0.1342E-03
  43  6500.0  0.610  0.618 327.47 334.01 337.79   2.62   0.00   0.00  6.667     0.1358E-03
  42  6250.0  0.627  0.635 326.56 333.79 337.82   2.89   0.00   0.00  6.667     0.1389E-03
  41  6000.0  0.643  0.652 325.62 333.63 337.87   3.20   0.00   0.00  6.667     0.1421E-03
  40  5750.0  0.660  0.669 324.65 333.49 337.93   3.53   0.00   0.00  6.596     0.1461E-03
  39  5505.3  0.677  0.686 323.67 333.37 338.00   3.88   0.00   0.00  6.526     0.1508E-03
  38  5260.5  0.695  0.703 322.66 333.30 338.05   4.26   0.00   0.00  6.386     0.1517E-03
  37  5026.3  0.712  0.721 321.67 333.26 338.14   4.64   0.00   0.00  6.246     0.1508E-03
  36  4792.1  0.729  0.738 320.69 333.31 338.29   5.05   0.00   0.00  6.105     0.1504E-03
  35  4568.4  0.746  0.755 319.75 333.40 338.49   5.46   0.00   0.00  5.965     0.1508E-03
  34  4344.7  0.764  0.772 318.81 333.53 338.72   5.89   0.00   0.00  5.825     0.1526E-03
  33  4131.6  0.780  0.789 317.89 333.70 338.97   6.32   0.00   0.00  5.684     0.1543E-03
  32  3918.4  0.797  0.806 316.96 333.88 339.23   6.77   0.00   0.00  5.544     0.1529E-03
  31  3715.8  0.814  0.823 316.08 334.13 339.54   7.22   0.00   0.00  5.404     0.1538E-03
  30  3513.2  0.831  0.839 315.19 334.38 339.88   7.67   0.00   0.00  5.263     0.1536E-03
  29  3321.1  0.847  0.855 314.35 334.68 340.24   8.13   0.00   0.00  5.123     0.1536E-03
  28  3128.9  0.863  0.871 313.50 334.85 340.64   8.54   0.00   0.00  4.982     0.1504E-03
  27  2947.4  0.879  0.887 312.71 334.62 341.10   8.76   0.00   0.00  4.842     0.1506E-03
  26  2765.8  0.895  0.903 311.92 334.33 341.59   8.96   0.00   0.00  4.702     0.1488E-03
  25  2594.7  0.911  0.919 311.18 334.02 342.12   9.13   0.00   0.00  4.561     0.1500E-03
  24  2423.7  0.926  0.934 310.43 333.67 342.66   9.29   0.00   0.00  4.421     0.1506E-03
  23  2263.2  0.941  0.949 309.73 333.28 343.20   9.42   0.00   0.00  4.281     0.1515E-03
  22  2102.6  0.956  0.964 309.01 332.86 343.74   9.54   0.00   0.00  4.140     0.1511E-03
  21  1952.6  0.971  0.978 308.35 332.40 344.29   9.62   0.00   0.00  4.000     0.1518E-03
  20  1802.6  0.985  0.992 307.68 332.15 344.85   9.79   0.00   0.00  3.860     0.1503E-03
  19  1663.2  0.999  1.005 307.06 332.42 345.42  10.14   0.00   0.00  3.719     0.1509E-03
  18  1523.7  1.012  1.018 306.43 332.73 346.00  10.52   0.00   0.00  3.579     0.1489E-03
  17  1394.7  1.025  1.031 305.86 333.08 346.59  10.88   0.00   0.00  3.439     0.1500E-03
  16  1265.8  1.037  1.043 305.29 333.43 347.18  11.26   0.00   0.00  3.298     0.1497E-03
  15  1147.4  1.049  1.055 304.76 333.81 347.75  11.62   0.00   0.00  3.158     0.1500E-03
  14  1028.9  1.061  1.067 304.22 334.19 348.33  11.98   0.00   0.00  3.018     0.1427E-03
  13   921.1  1.072  1.078 303.76 334.59 348.96  12.33   0.00   0.00  2.877     0.1420E-03
  12   813.2  1.083  1.088 303.30 334.98 349.63  12.67   0.00   0.00  2.737     0.1225E-03
  11   715.8  1.093  1.098 302.94 335.39 350.47  12.98   0.00   0.00  2.596     0.1214E-03
  10   618.4  1.103  1.107 302.59 335.80 351.34  13.28   0.00   0.00  2.456     0.6509E-04
   9   531.6  1.111  1.115 302.42 336.29 352.75  13.55   0.00   0.00  2.316     0.6205E-04
   8   444.7  1.119  1.123 302.25 336.78 354.23  13.81   0.00   0.00  2.175     0.2463E-04
   7   368.4  1.126  1.130 302.20 337.24 355.94  14.02   0.00   0.00  2.035     0.2330E-04
   6   292.1  1.133  1.136 302.14 337.72 357.72  14.23   0.00   0.00  1.895     0.7474E-05
   5   226.3  1.139  1.142 302.13 338.18 359.43  14.42   0.00   0.00  1.754    -0.5889E-05
   4   160.5  1.145  1.147 302.14 338.76 361.32  14.64   0.00   0.00  1.614    -0.4931E-04
   3   105.3  1.150  1.152 302.22 339.60 363.28  14.95   0.00   0.00  1.474    -0.1300E-03
   2    50.0  1.153  1.154 302.44 341.53 365.96  15.63   0.00   0.00  1.070    -0.2549E-03
   1    25.0  1.155  1.156 302.64 343.10 367.68  16.18   0.00   0.00  1.000      0.000    
  k      z    rho     rhoi    s      h     h*      qt      u      v     adz     
 Nsq
 
   k      z      dz     pres   presi   Tabs     tp     tpl      qt      Qc      
 Qi      REL
 128 27750.00  250.00   17.51   17.84  227.89  724.29  724.29  0.0027  0.0000  0.0000    0.07
 127 27500.00  250.00   18.18   18.52  227.76  716.18  716.18  0.0027  0.0000  0.0000    0.07
 126 27250.00  250.00   18.87   19.23  227.64  708.15  708.15  0.0027  0.0000  0.0000    0.08
 125 27000.00  250.00   19.59   19.96  227.49  700.12  700.12  0.0027  0.0000  0.0000    0.08
 124 26750.00  250.00   20.34   20.73  227.31  692.10  692.10  0.0027  0.0000  0.0000    0.09
 123 26500.00  250.00   21.12   21.52  227.12  684.13  684.13  0.0027  0.0000  0.0000    0.09
 122 26250.00  250.00   21.93   22.35  226.90  676.16  676.16  0.0027  0.0000  0.0000    0.10
 121 26000.00  250.00   22.77   23.21  226.66  668.19  668.19  0.0027  0.0000  0.0000    0.10
 120 25750.00  250.00   23.65   24.10  226.38  660.23  660.23  0.0027  0.0000  0.0000    0.11
 119 25500.00  250.00   24.56   25.03  226.19  652.59  652.59  0.0027  0.0000  0.0000    0.12
 118 25250.00  250.00   25.51   25.99  225.98  644.97  644.97  0.0027  0.0000  0.0000    0.12
 117 25000.00  250.00   26.49   27.00  225.73  637.34  637.34  0.0027  0.0000  0.0000    0.13
 116 24750.00  250.00   27.51   28.04  225.46  629.71  629.71  0.0027  0.0000  0.0000    0.14
 115 24500.00  250.00   28.58   29.12  225.16  622.10  622.10  0.0027  0.0000  0.0000    0.15
 114 24250.00  250.00   29.68   30.25  224.84  614.49  614.49  0.0027  0.0000  0.0000    0.16
 113 24000.00  250.00   30.83   31.43  224.48  606.88  606.88  0.0027  0.0000  0.0000    0.18
 112 23750.00  250.00   32.03   32.65  224.10  599.29  599.29  0.0027  0.0000  0.0000    0.19
 111 23500.00  250.00   33.28   33.92  223.72  591.79  591.79  0.0027  0.0000  0.0000    0.21
 110 23250.00  250.00   34.57   35.24  223.31  584.29  584.29  0.0027  0.0000  0.0000    0.23
 109 23000.00  250.00   35.92   36.62  222.87  576.78  576.78  0.0027  0.0000  0.0000    0.25
 108 22750.00  250.00   37.33   38.05  222.37  569.21  569.21  0.0027  0.0000  0.0000    0.27
 107 22500.00  250.00   38.79   39.55  221.83  561.60  561.60  0.0027  0.0000  0.0000    0.30
 106 22250.00  250.00   40.32   41.11  221.25  553.99  553.99  0.0027  0.0000  0.0000    0.34
 105 22000.00  250.00   41.91   42.73  220.64  546.40  546.40  0.0027  0.0000  0.0000    0.37
 104 21750.00  250.00   43.57   44.42  220.01  538.83  538.83  0.0027  0.0000  0.0000    0.42
 103 21500.00  250.00   45.29   46.19  219.35  531.26  531.26  0.0027  0.0000  0.0000    0.47
 102 21250.00  250.00   47.10   48.03  218.66  523.72  523.72  0.0027  0.0000  0.0000    0.53
 101 21000.00  250.00   48.98   49.95  217.94  516.19  516.19  0.0027  0.0000  0.0000    0.60
 100 20750.00  250.00   50.94   51.95  217.18  508.66  508.66  0.0027  0.0000  0.0000    0.69
  99 20500.00  250.00   52.99   54.04  216.39  501.12  501.12  0.0027  0.0000  0.0000    0.79
  98 20250.00  250.00   55.13   56.23  215.56  493.58  493.58  0.0027  0.0000  0.0000    0.91
  97 20000.00  250.00   57.36   58.51  214.70  486.06  486.06  0.0027  0.0000  0.0000    1.06
  96 19750.00  250.00   59.69   60.90  213.82  478.59  478.59  0.0027  0.0000  0.0000    1.23
  95 19500.00  250.00   62.13   63.39  212.90  471.10  471.10  0.0027  0.0000  0.0000    1.44
  94 19250.00  250.00   64.68   66.00  211.91  463.54  463.54  0.0027  0.0000  0.0000    1.71
  93 19000.00  250.00   67.35   68.73  210.88  455.99  455.99  0.0027  0.0000  0.0000    2.05
  92 18750.00  250.00   70.14   71.59  209.81  448.45  448.45  0.0027  0.0000  0.0000    2.46
  91 18500.00  250.00   73.07   74.58  208.74  440.98  440.98  0.0027  0.0000  0.0000    2.98
  90 18250.00  250.00   76.13   77.71  207.66  433.59  433.59  0.0027  0.0000  0.0000    3.61
  89 18000.00  250.00   79.33   80.99  206.75  426.62  426.62  0.0027  0.0000  0.0000    4.29
  88 17750.00  250.00   82.69   84.42  205.96  419.99  419.99  0.0027  0.0000  0.0000    5.00
  87 17500.00  250.00   86.20   88.01  205.26  413.62  413.62  0.0020  0.0000  0.0000    4.26
  86 17250.00  250.00   89.87   91.76  204.56  407.33  407.33  0.0010  0.0000  0.0000    2.45
  85 17000.00  250.00   93.71   95.69  203.80  400.99  400.99  0.0010  0.0000  0.0000    2.84
  84 16750.00  250.00   97.73   99.81  203.04  394.72  394.72  0.0010  0.0000  0.0000    3.29
  83 16500.00  250.00  101.94  104.11  202.41  388.79  388.79  0.0010  0.0000  0.0000    3.73
  82 16250.00  250.00  106.34  108.61  202.00  383.33  383.33  0.0010  0.0000  0.0000    4.11
  81 16000.00  250.00  110.93  113.31  201.76  378.28  378.28  0.0010  0.0000  0.0000    4.42
  80 15750.00  250.00  115.73  118.21  201.65  373.52  373.52  0.0010  0.0000  0.0000    4.67
  79 15500.00  250.00  120.74  123.33  201.61  368.94  368.94  0.0010  0.0000  0.0000    4.90
  78 15250.00  250.00  125.97  128.67  201.62  364.53  364.53  0.0010  0.0000  0.0000    5.10
  77 15000.00  250.00  131.42  134.24  201.70  360.28  360.28  0.0010  0.0000  0.0000    5.27
  76 14750.00  250.00  137.11  140.04  201.99  356.46  356.46  0.0010  0.0000  0.0000    5.30
  75 14500.00  250.00  143.02  146.07  202.61  353.27  353.27  0.0013  0.0000  0.0000    6.63
  74 14250.00  250.00  149.17  152.33  203.64  350.80  350.80  0.0021  0.0000  0.0000    9.73
  73 14000.00  250.00  155.54  158.81  205.29  349.45  349.45  0.0029  0.0000  0.0000   11.11
  72 13750.00  250.00  162.12  165.49  207.17  348.51  348.51  0.0037  0.0000  0.0000   11.30
  71 13500.00  250.00  168.91  172.40  209.16  347.74  347.74  0.0044  0.0000  0.0000   10.60
  70 13250.00  250.00  175.92  179.51  211.22  347.11  347.11  0.0055  0.0000  0.0000   10.40
  69 13000.00  250.00  183.14  186.85  213.36  346.62  346.62  0.0076  0.0000  0.0000   11.27
  68 12750.00  250.00  190.59  194.40  215.53  346.18  346.18  0.0089  0.0000  0.0000   10.41
  67 12500.00  250.00  198.26  202.19  217.67  345.69  345.69  0.0243  0.0000  0.0000   22.73
  66 12250.00  250.00  206.16  210.20  219.80  345.19  345.19  0.0638  0.0000  0.0000   48.11
  65 12000.00  250.00  214.29  218.45  222.02  344.85  344.85  0.0870  0.0000  0.0000   52.66
  64 11750.00  250.00  222.65  226.94  224.24  344.50  344.50  0.1090  0.0000  0.0000   53.31
  63 11500.00  250.00  231.26  235.66  226.43  344.13  344.13  0.1355  0.0000  0.0000   53.96
  62 11250.00  250.00  240.11  244.64  228.62  343.74  343.74  0.1682  0.0000  0.0000   54.86
  61 11000.00  250.00  249.21  253.86  230.79  343.34  343.34  0.2047  0.0000  0.0000   55.00
  60 10750.00  250.00  258.56  263.35  232.94  342.90  342.90  0.2492  0.0000  0.0000   55.55
  59 10500.00  250.00  268.18  273.10  235.06  342.43  342.43  0.3006  0.0000  0.0000   55.95
  58 10250.00  250.00  278.06  283.11  237.16  341.94  341.94  0.3569  0.0000  0.0000   55.77
  57 10000.00  250.00  288.21  293.41  239.22  341.38  341.38  0.4257  0.0000  0.0000   56.31
  56  9750.00  250.00  298.65  303.98  241.25  340.79  340.79  0.5006  0.0000  0.0000   56.40
  55  9500.00  250.00  309.37  314.85  243.23  340.15  340.15  0.5844  0.0000  0.0000   56.49
  54  9250.00  250.00  320.38  326.01  245.17  339.45  339.45  0.6808  0.0000  0.0000   56.87
  53  9000.00  250.00  331.69  337.48  247.08  338.72  338.72  0.7843  0.0000  0.0000   56.91
  52  8750.00  250.00  343.32  349.26  248.94  337.93  337.93  0.9023  0.0000  0.0000   57.26
  51  8500.00  250.00  355.25  361.36  250.77  337.10  337.10  1.0324  0.0000  0.0000   57.63
  50  8250.00  250.00  367.52  373.78  252.57  336.24  336.24  1.1709  0.0000  0.0000   57.77
  49  8000.00  250.00  380.11  386.54  254.30  335.30  335.30  1.3310  0.0000  0.0000   58.49
  48  7750.00  250.00  393.04  399.65  256.00  334.33  334.33  1.5016  0.0000  0.0000   59.08
  47  7500.00  250.00  406.33  413.12  257.65  333.29  333.29  1.6871  0.0000  0.0000   59.80
  46  7250.00  250.00  419.97  426.94  259.26  332.23  332.23  1.8938  0.0000  0.0000   60.74
  45  7000.00  250.00  433.98  441.14  260.85  331.15  331.15  2.1123  0.0000  0.0000   61.50
  44  6750.00  250.00  448.37  455.72  262.41  330.04  330.04  2.3545  0.0000  0.0000   62.45
  43  6500.00  250.00  463.15  470.69  263.96  328.92  328.92  2.6171  0.0000  0.0000   63.43
  42  6250.00  250.00  478.32  486.06  265.49  327.79  327.79  2.8931  0.0000  0.0000   64.24
  41  6000.00  250.00  493.89  501.84  266.99  326.64  326.64  3.2046  0.0000  0.0000   65.41
  40  5750.00  247.37  509.87  517.86  268.47  325.47  325.47  3.5342  0.0000  0.0000   66.53
  39  5505.26  244.74  525.93  534.13  269.88  324.30  324.30  3.8789  0.0000  0.0000   67.69
  38  5260.53  239.47  542.41  550.45  271.26  323.09  323.09  4.2577  0.0000  0.0000   69.14
  37  5026.32  234.21  558.57  566.81  272.56  321.93  321.93  4.6354  0.0000  0.0000   70.39
  36  4792.10  228.95  575.13  583.19  273.87  320.79  320.79  5.0458  0.0000  0.0000   71.70
  35  4568.42  223.68  591.32  599.57  275.12  319.70  319.70  5.4571  0.0000  0.0000   72.84
  34  4344.74  218.42  607.89  615.93  276.36  318.61  318.61  5.8875  0.0000  0.0000   73.92
  33  4131.58  213.16  624.04  632.25  277.52  317.57  317.57  6.3230  0.0000  0.0000   75.01
  32  3918.42  207.89  640.54  648.51  278.67  316.52  316.52  6.7677  0.0000  0.0000   75.98
  31  3715.79  202.63  656.55  664.70  279.77  315.53  315.53  7.2183  0.0000  0.0000   76.93
  30  3513.16  197.37  672.90  680.78  280.86  314.54  314.54  7.6744  0.0000  0.0000   77.73
  29  3321.05  192.11  688.72  696.74  281.90  313.61  313.61  8.1300  0.0000  0.0000   78.51
  28  3128.95  186.84  704.83  712.57  282.93  312.68  312.68  8.5407  0.0000  0.0000   78.69
  27  2947.37  181.58  720.36  728.23  283.91  311.82  311.82  8.7614  0.0000  0.0000   77.17
  26  2765.79  176.32  736.17  743.72  284.90  310.97  310.97  8.9634  0.0000  0.0000   75.53
  25  2594.74  171.05  751.32  759.00  285.83  310.17  310.17  9.1337  0.0000  0.0000   73.82
  24  2423.68  165.79  766.73  774.06  286.75  309.37  309.37  9.2926  0.0000  0.0000   72.09
  23  2263.16  160.53  781.44  788.89  287.61  308.62  308.62  9.4199  0.0000  0.0000   70.37
  22  2102.63  155.26  796.38  803.45  288.47  307.87  307.87  9.5359  0.0000  0.0000   68.65
  21  1952.63  150.00  810.56  817.73  289.27  307.17  307.17  9.6205  0.0000  0.0000   66.93
  20  1802.63  144.74  824.95  831.72  290.06  306.46  306.46  9.7862  0.0000  0.0000   65.82
  19  1663.16  139.47  838.52  845.38  290.81  305.82  305.82 10.1432  0.0000  0.0000   66.11
  18  1523.68  134.21  852.28  858.70  291.54  305.17  305.17 10.5168  0.0000  0.0000   66.46
  17  1394.74  128.95  865.16  871.67  292.23  304.59  304.59 10.8843  0.0000  0.0000   66.83
  16  1265.79  123.68  878.20  884.25  292.92  304.00  304.00 11.2574  0.0000  0.0000   67.19
  15  1147.37  118.42  890.33  896.44  293.54  303.46  303.46 11.6199  0.0000  0.0000   67.58
  14  1028.95  113.16  902.59  908.22  294.17  302.92  302.92 11.9847  0.0000  0.0000   67.95
  13   921.05  107.89  913.88  919.57  294.76  302.45  302.45 12.3276  0.0000  0.0000   68.19
  12   813.16  102.63  925.29  930.47  295.36  301.99  301.99 12.6706  0.0000  0.0000   68.39
  11   715.79   97.37  935.68  940.91  295.95  301.63  301.63 12.9778  0.0000  0.0000   68.28
  10   618.42   92.11  946.17  950.88  296.54  301.27  301.27 13.2849  0.0000  0.0000   68.13
   9   531.58   86.84  955.60  960.34  297.22  301.11  301.11 13.5472  0.0000  0.0000   67.30
   8   444.74   81.58  965.10  969.30  297.91  300.95  300.95 13.8089  0.0000  0.0000   66.43
   7   368.42   76.32  973.50  977.73  298.60  300.90  300.90 14.0162  0.0000  0.0000   65.20
   6   292.11   71.05  981.96  985.63  299.29  300.85  300.85 14.2279  0.0000  0.0000   64.01
   5   226.32   65.79  989.30  992.98  299.91  300.84  300.84 14.4198  0.0000  0.0000   62.92
   4   160.53   60.53  996.67  999.78  300.57  300.86  300.86 14.6447  0.0000  0.0000   61.88
   3   105.26   55.26 1002.89 1006.01  301.19  300.94  300.94 14.9495  0.0000  0.0000   61.22
   2    50.00   40.13 1009.13 1010.55  301.95  301.17  301.17 15.6324  0.0000  0.0000   61.53
   1    25.00   37.50 1011.96 1014.80  302.39  301.37  301.37 16.1806  0.0000  0.0000   62.21
   k      z      dz     pres   presi   Tabs     tp     tpl      qt      Qc      
 Qi      REL
 Smagorinsky SGS Closure
 initialize with warm bubble:
 bubble_x0=   128000.000000000     
 bubble_y0=   128000.000000000     
 bubble_z0=  0.000000000000000E+000
 bubble_radius_hor=   30000.0000000000     
 bubble_radius_ver=   3000.00000000000     
 bubble_dtemp=  0.000000000000000E+000
 bubble_dq=  5.000000000000000E-003
 Initializeing forcing data...
 sounding data: nsnd=           3   nzsnd=         128
 Observed sounding interval (days):  0.000000000000000E+000
   2000.00000000000     
 
 Case: bubble
 Caseid: Nc0_160_4trs_1d6W_1cat_24h_3dsub_384km
 New Run.
 Day:  0.000000000000000E+000
 Model type: CEM
 Finish at timestep:        2880
 Finish on day:   1.00000000000000     
 
 Statistics file ouput frequency:           60  steps
 Statistics file sampling: every           15  steps
 printouts frequency:           4  steps
 Adams-Bashforth scheme order:           3
 
 Global Grid:         384         384         128
 Local Grid:          48          48         128
 Grid spacing (m) dx, dy, dz:   1000.00000000000        1000.00000000000     
   37.5000000000000     
 Domain dimensions (m):   384000.000000000        384000.000000000     
   27750.0000000000     
 dowallx= F
 dowally= F
 
 Timestep (sec):   30.0000000000000     
 domain translation velocities ug, vg:  0.000000000000000E+000
  0.000000000000000E+000
 
 do column model F
 do convective parameterization F
 do spange damping at the domain top:  T
 maintain grad. of scalars at the top: T
 clouds are allowed: T
 precipitation is allowed: T
 smoke cloud F
 SGS scheme is on: T
 larger-scale subsidence is on: F
 larger-scale tendency is on: F
 coriolis force is allowed: F
 vertical coriolis force is allowed: F
 longwave radiation: T
 shortwave radiation: T
 do seasonal solar cycle: F
 do perpetual sun: T
 compute effective radius for liquid: T
 compute effective radius for ice: T
 doradsimple =  F
 doradhomo = F
 dosolarconstant =  T
 solar_constant =    423.500000000000     
 zenith_angle =    42.8900000000000     
 doradlon =  F
 doradlat =  F
 Latitude0:  0.000000000000000E+000
 Longitude0:  0.000000000000000E+000
 rundatadir = ./RUNDATA
 factor to change present CO2 concentration: nxco2=   1.00000000000000     
 surface flux parameterization is on: T
 Surface type: OCEAN
  sensible heat flux prescribed: F
  latent heat flux prescribed: F
  surface stress prescribed: F
 dosfchomo =  F
 doisccp =  T
 domodis =  T
 domisr =  T
 dosimfilesout= F
 dodynamicocean = F
 doseawater= T
 salt_factor (satur. correction for salty water)=  0.981000000000000     
 dotracers = T
           4  tracers are included
 Tracer names:TR1 TR2 TR3 TR4 
 output_sep = F
 perturb_type =            2
 doSAMconditionals = F
 dosatupdnconditionals = T
 doscamiopdata = F
 iopfile:
 dozero_out_day0 = F
 nsave2D =          120
 nsave2Dstart =            0
 nsave2Dend =     99960480
 save2Dbin =  T
 nsave3D =          120
 nsave3Dstart =            0
 nsave3Dend =     99960480
 save3Dbin =  T
 qnsave3D =   0.000000000000000E+000
 docolumn =  F
 doensemble =  F
 nensemble =            0
 nstatmom =         1000
 nstatmomstart =            1
 nstatmomend =            0
 savemombin =  F
 nmovie =         1000
 nmoviestart =     99999999
 nmovieend =     99999999
 Writting 3D data. file:./OUT_3D/bubble_Nc0_160_4trs_1d6W_1cat_24h_3dsub_384km_6
 4_0000000000.bin3D                                              
 Number of statistics profiles:         514
 Statistics profiles to save:
PRES       U          V          UOBS       VOBS       WOBS       RHO        MSE     
DSE        SSE        THETAE     THETA      THETAV     THETAL     TABS       TABSOBS 
TL         QT         QV         QVOBS      TTEND      QTEND      QCL        QCI     
QPL        QPI        QN         QP         QNFR       FRACT      QSAT       QCOND   
PRECIP     RELH       TLFLUX     TLFLUXS    TVFLUX     QCFLUX     QIFLUX     SW      
SWSB       UW         UWSB       VW         VWSB       RADLWUP    RADLWDN    RADSWUP 
RADSWDN    RADQRLW    RADQRSW    RADQR      RADQRS     RADQRC     Q1C        Q1CC    
Q1CS       Q1LS       Q2         Q2C        Q2S        Q2LS       U2         V2      
W2         TL2        TQ         QT2        QC2        QI2        QS2        S2      
W3         AUP        WSKEW      TKE        TKES       TK         TKH        HLADV   
HLDIFF     HLLAT      HLRAD      QTADV      QTDIFF     QTSINK     QTSRC      QPADV   
QPDIFF     QPFALL     QPSRC      QPEVP      SHEAR      SHEARS     BUOYA      BUOYAS  
ADVTR      PRESSTR    ADVTRS     DIFTR      DISSIP     DISSIPS    WUADV      WVADV   
WUPRES     WVPRES     WUANIZ     WVANIZ     WUSHEAR    WVSHEAR    WUBUOY     WVBUOY  
WUDIFF     WVDIFF     W2ADV      W2PRES     W2REDIS    W2BUOY     W2DIFF     TWGRAD  
TWADV      TWDIFF     TWBUOY     TWPRES     TWPREC     QWGRAD     QWADV      QWDIFF  
QWBUOY     QWPRES     QWPREC     T2ADVTR    T2GRAD     T2DISSIP   T2DIFTR    T2PREC  
Q2ADVTR    Q2GRAD     Q2DISSIP   Q2DIFTR    Q2PREC     HYDRO      MCUP       MCDNS   
MCDNU      MC         CORE       CORECL     COREDN     COREDNCL   MCRUP      MCRDNS  
MCRDNU     MCR        QVTEND     QHTEND     QNUDGE     THTEND     TVTEND     TNUDGE  
WSTAR3     UADV       VADV       UDIFF      VDIFF      UNUDGE     VNUDGE     ULSADVV 
VLSADVV    USTOR      VSTOR      UTENDCOR   URESID     VTENDCOR   VRESID     HLSTOR  
QTSTOR     CLDCUMU1   CLDCUMD1   CLDCUMU2   CLDCUMD2   TBIAS      QBIAS      RELHBIAS
UXGRID     VXGRID     TKEDAMP    RADQRCLW   RADQRCSW   SURFVARS   CLD        WCLD    
UCLD       VCLD       MSECLD     DSECLD     TLCLD      TACLD      TVCLD      TVCLDA  
QTCLD      QNCLD      QPCLD      SCLD       WCLDA      TLWCLD     TVWCLD     SWCLD   
QTWCLD     QCWCLD     QIWCLD     HFCLD      HFCLDA     UCLDA      VCLDA      UPGFCLD 
VPGFCLD    WPGFCLD    UWCLD      VWCLD      UWSBCLD    VWSBCLD    MFCLD      MFHCLD  
MFHCLDA    MFTLCLD    MFTLCLDA   MFTVCLD    MFTVCLDA   MFQTCLD    MFQTCLDA   RUWCLD  
RVWCLD     RWWCLD     SUP        WSUP       USUP       VSUP       MSESUP     DSESUP  
TLSUP      TASUP      TVSUP      TVSUPA     QTSUP      QNSUP      QPSUP      SSUP    
WSUPA      TLWSUP     TVWSUP     SWSUP      QTWSUP     QCWSUP     QIWSUP     HFSUP   
HFSUPA     USUPA      VSUPA      UPGFSUP    VPGFSUP    WPGFSUP    UWSUP      VWSUP   
UWSBSUP    VWSBSUP    MFSUP      MFHSUP     MFHSUPA    MFTLSUP    MFTLSUPA   MFTVSUP 
MFTVSUPA   MFQTSUP    MFQTSUPA   RUWSUP     RVWSUP     RWWSUP     SDN        WSDN    
USDN       VSDN       MSESDN     DSESDN     TLSDN      TASDN      TVSDN      TVSDNA  
QTSDN      QNSDN      QPSDN      SSDN       WSDNA      TLWSDN     TVWSDN     SWSDN   
QTWSDN     QCWSDN     QIWSDN     HFSDN      HFSDNA     USDNA      VSDNA      UPGFSDN 
VPGFSDN    WPGFSDN    UWSDN      VWSDN      UWSBSDN    VWSBSDN    MFSDN      MFHSDN  
MFHSDNA    MFTLSDN    MFTLSDNA   MFTVSDN    MFTVSDNA   MFQTSDN    MFQTSDNA   RUWSDN  
RVWSDN     RWWSDN     ENV        WENV       UENV       VENV       MSEENV     DSEENV  
TLENV      TAENV      TVENV      TVENVA     QTENV      QNENV      QPENV      SENV    
WENVA      TLWENV     TVWENV     SWENV      QTWENV     QCWENV     QIWENV     HFENV   
HFENVA     UENVA      VENVA      UPGFENV    VPGFENV    WPGFENV    UWENV      VWENV   
UWSBENV    VWSBENV    MFENV      MFHENV     MFHENVA    MFTLENV    MFTLENVA   MFTVENV 
MFTVENVA   MFQTENV    MFQTENVA   RUWENV     RVWENV     RWWENV     TR1        TR1FLX  
TR1FLXS    TR1ADV     TR1DIFF    TR1PHYS    TR2        TR2FLX     TR2FLXS    TR2ADV  
TR2DIFF    TR2PHYS    TR3        TR3FLX     TR3FLXS    TR3ADV     TR3DIFF    TR3PHYS 
TR4        TR4FLX     TR4FLXS    TR4ADV     TR4DIFF    TR4PHYS    QTFLUX     QTO     
QTO2       QTOADV     QTODIFF    QTOMPHY    QTOSED     QTOSDFLX   QTOSTRG    QTOFLXR 
QTOFLXS    NC         NCADV      NCDIFF     NCMPHY     NCSED      NCSDFLX    NCSTRG  
NCFLXR     NCFLXS     QR         QRADV      QRDIFF     QRMPHY     QRSED      QRSDFLX 
QRSTRG     QRFLXR     QRFLXS     NR         NRADV      NRDIFF     NRMPHY     NRSED   
NRSDFLX    NRSTRG     NRFLXR     NRFLXS     QIA        QIAADV     QIADIFF    QIAMPHY 
QIASED     QIASDFLX   QIASTRG    QIAFLXR    QIAFLXS    TAUQIA     QIAOEFFR   NIA     
NIAADV     NIADIFF    NIAMPHY    NIASED     NIASDFLX   NIASTRG    NIAFLXR    NIAFLXS 
IRA        IRAADV     IRADIFF    IRAMPHY    IRASED     IRASDFLX   IRASTRG    IRAFLXR 
IRAFLXS    IBA        IBAADV     IBADIFF    IBAMPHY    IBASED     IBASDFLX   IBASTRG 
IBAFLXR    IBAFLXS    QC         TAUQC      QCOEFFR    T1         QV1        qrcon   
qcacc      qcaut      qccon      qcnuc      qrevp      qcevp      qccol      qwgrth  
qidep      qrcol      qinuc      qisub      qimlt      qcrfrz     qinuc23    qcheti  
qrhetc     qrheti     qcshd      qcmul      qrmul      ninuc      ninuc2     ninuc3  
ncheti     nrheti     nimul      nimlt      nisub      nislf      nrchomi    qinuc2  
qinuc3     qfrz_het   qfrz_hom   qfrz_cdh   ncrfrz     nchetc     nrhetc     nrshdr  
ncshdc     rhorimec
wspd, zbot, t_degC, zbot =       0.00000000     25.00000000     29.24407419     25.00000000
qbot,zbot,pmidm1,ts_degC =       0.01618060     25.00000000   1011.96485986     30.00000000
tau,shf,lhf,Le =     0.000000E+00    0.134380E-02    0.297794E-04    0.000000E+00
ssq, lhf_coef, ustar,  u10n =         0.026702       -0.002830        0.061195        1.245118
 SHF/LHF (W/m2 approx) =    1.63513223930848        89.6955685711192     
wspd, zbot, t_degC, zbot =       0.00000000     25.00000000     29.24407419     25.00000000
qbot,zbot,pmidm1,ts_degC =       0.01618060     25.00000000   1011.96485986     30.00000000
tau,shf,lhf,Le =     0.000000E+00    0.134380E-02    0.297794E-04    0.000000E+00
ssq, lhf_coef, ustar,  u10n =         0.026702       -0.002830        0.061195        1.245118
 SHF/LHF (W/m2 approx) =    1.63513223930848        89.6955685711192     
wspd, zbot, t_degC, zbot =       0.00000000     25.00000000     29.24407419     25.00000000
qbot,zbot,pmidm1,ts_degC =       0.01618060     25.00000000   1011.96485986     30.00000000
tau,shf,lhf,Le =     0.000000E+00    0.134380E-02    0.297794E-04    0.000000E+00
ssq, lhf_coef, ustar,  u10n =         0.026702       -0.002830        0.061195        1.245118
 SHF/LHF (W/m2 approx) =    1.63513223930848        89.6955685711192     
wspd, zbot, t_degC, zbot =       0.00000000     25.00000000     29.24407419     25.00000000
qbot,zbot,pmidm1,ts_degC =       0.01618060     25.00000000   1011.96485986     30.00000000
tau,shf,lhf,Le =     0.000000E+00    0.134380E-02    0.297794E-04    0.000000E+00
ssq, lhf_coef, ustar,  u10n =         0.026702       -0.002830        0.061195        1.245118
 SHF/LHF (W/m2 approx) =    1.63513223930848        89.6955685711192     
wspd, zbot, t_degC, zbot =       0.00000000     25.00000000     29.24407419     25.00000000
qbot,zbot,pmidm1,ts_degC =       0.01618060     25.00000000   1011.96485986     30.00000000
tau,shf,lhf,Le =     0.000000E+00    0.134380E-02    0.297794E-04    0.000000E+00
ssq, lhf_coef, ustar,  u10n =         0.026702       -0.002830        0.061195        1.245118
 SHF/LHF (W/m2 approx) =    1.63513223930848        89.6955685711192     
wspd, zbot, t_degC, zbot =       0.00000000     25.00000000     29.24407419     25.00000000
qbot,zbot,pmidm1,ts_degC =       0.01618060     25.00000000   1011.96485986     30.00000000
tau,shf,lhf,Le =     0.000000E+00    0.134380E-02    0.297794E-04    0.000000E+00
ssq, lhf_coef, ustar,  u10n =         0.026702       -0.002830        0.061195        1.245118
 SHF/LHF (W/m2 approx) =    1.63513223930848        89.6955685711192     
wspd, zbot, t_degC, zbot =       0.00000000     25.00000000     29.24407419     25.00000000
qbot,zbot,pmidm1,ts_degC =       0.01618060     25.00000000   1011.96485986     30.00000000
tau,shf,lhf,Le =     0.000000E+00    0.134380E-02    0.297794E-04    0.000000E+00
ssq, lhf_coef, ustar,  u10n =         0.026702       -0.002830        0.061195        1.245118
 SHF/LHF (W/m2 approx) =    1.63513223930848        89.6955685711192     
wspd, zbot, t_degC, zbot =       0.00000000     25.00000000     29.24407419     25.00000000
qbot,zbot,pmidm1,ts_degC =       0.01618060     25.00000000   1011.96485986     30.00000000
tau,shf,lhf,Le =     0.000000E+00    0.134380E-02    0.297794E-04    0.000000E+00
ssq, lhf_coef, ustar,  u10n =         0.026702       -0.002830        0.061195        1.245118
 SHF/LHF (W/m2 approx) =    1.63513223930848        89.6955685711192     
wspd, zbot, t_degC, zbot =       0.00000000     25.00000000     29.24407419     25.00000000
wspd, zbot, t_degC, zbot =       0.00000000     25.00000000     29.24407419     25.00000000
qbot,zbot,pmidm1,ts_degC =       0.01618060     25.00000000   1011.96485986     30.00000000
tau,shf,lhf,Le =     0.000000E+00    0.134380E-02    0.297794E-04    0.000000E+00
ssq, lhf_coef, ustar,  u10n =         0.026702       -0.002830        0.061195        1.245118
 SHF/LHF (W/m2 approx) =    1.63513223930848        89.6955685711192     
wspd, zbot, t_degC, zbot =       0.00000000     25.00000000     29.24407419     25.00000000
qbot,zbot,pmidm1,ts_degC =       0.01618060     25.00000000   1011.96485986     30.00000000
tau,shf,lhf,Le =     0.000000E+00    0.134380E-02    0.297794E-04    0.000000E+00
ssq, lhf_coef, ustar,  u10n =         0.026702       -0.002830        0.061195        1.245118
 SHF/LHF (W/m2 approx) =    1.63513223930848        89.6955685711192     
wspd, zbot, t_degC, zbot =       0.00000000     25.00000000     29.24407419     25.00000000
wspd, zbot, t_degC, zbot =       0.00000000     25.00000000     29.24407419     25.00000000
qbot,zbot,pmidm1,ts_degC =       0.01618060     25.00000000   1011.96485986     30.00000000
tau,shf,lhf,Le =     0.000000E+00    0.134380E-02    0.297794E-04    0.000000E+00
ssq, lhf_coef, ustar,  u10n =         0.026702       -0.002830        0.061195        1.245118
 SHF/LHF (W/m2 approx) =    1.63513223930848        89.6955685711192     
wspd, zbot, t_degC, zbot =       0.00000000     25.00000000     29.24407419     25.00000000
qbot,zbot,pmidm1,ts_degC =       0.01618060     25.00000000   1011.96485986     30.00000000
tau,shf,lhf,Le =     0.000000E+00    0.134380E-02    0.297794E-04    0.000000E+00
ssq, lhf_coef, ustar,  u10n =         0.026702       -0.002830        0.061195        1.245118
 SHF/LHF (W/m2 approx) =    1.63513223930848        89.6955685711192     
wspd, zbot, t_degC, zbot =       0.00000000     25.00000000     29.24407419     25.00000000
qbot,zbot,pmidm1,ts_degC =       0.01618060     25.00000000   1011.96485986     30.00000000
tau,shf,lhf,Le =     0.000000E+00    0.134380E-02    0.297794E-04    0.000000E+00
ssq, lhf_coef, ustar,  u10n =         0.026702       -0.002830        0.061195        1.245118
 SHF/LHF (W/m2 approx) =    1.63513223930848        89.6955685711192     
wspd, zbot, t_degC, zbot =       0.00000000     25.00000000     29.24407419     25.00000000
qbot,zbot,pmidm1,ts_degC =       0.01618060     25.00000000   1011.96485986     30.00000000
tau,shf,lhf,Le =     0.000000E+00    0.134380E-02    0.297794E-04    0.000000E+00
ssq, lhf_coef, ustar,  u10n =         0.026702       -0.002830        0.061195        1.245118
 SHF/LHF (W/m2 approx) =    1.63513223930848        89.6955685711192     
wspd, zbot, t_degC, zbot =       0.00000000     25.00000000     29.24407419     25.00000000
qbot,zbot,pmidm1,ts_degC =       0.01618060     25.00000000   1011.96485986     30.00000000
tau,shf,lhf,Le =     0.000000E+00    0.134380E-02    0.297794E-04    0.000000E+00
ssq, lhf_coef, ustar,  u10n =         0.026702       -0.002830        0.061195        1.245118
 SHF/LHF (W/m2 approx) =    1.63513223930848        89.6955685711192     
wspd, zbot, t_degC, zbot =       0.00000000     25.00000000     29.24407419     25.00000000
qbot,zbot,pmidm1,ts_degC =       0.01618060     25.00000000   1011.96485986     30.00000000
tau,shf,lhf,Le =     0.000000E+00    0.134380E-02    0.297794E-04    0.000000E+00
ssq, lhf_coef, ustar,  u10n =         0.026702       -0.002830        0.061195        1.245118
 SHF/LHF (W/m2 approx) =    1.63513223930848        89.6955685711192     
wspd, zbot, t_degC, zbot =       0.00000000     25.00000000     29.24407419     25.00000000
qbot,zbot,pmidm1,ts_degC =       0.01618060     25.00000000   1011.96485986     30.00000000
tau,shf,lhf,Le =     0.000000E+00    0.134380E-02    0.297794E-04    0.000000E+00
ssq, lhf_coef, ustar,  u10n =         0.026702       -0.002830        0.061195        1.245118
 SHF/LHF (W/m2 approx) =    1.63513223930848        89.6955685711192     
wspd, zbot, t_degC, zbot =       0.00000000     25.00000000     29.24407419     25.00000000
qbot,zbot,pmidm1,ts_degC =       0.01618060     25.00000000   1011.96485986     30.00000000
tau,shf,lhf,Le =     0.000000E+00    0.134380E-02    0.297794E-04    0.000000E+00
ssq, lhf_coef, ustar,  u10n =         0.026702       -0.002830        0.061195        1.245118
 SHF/LHF (W/m2 approx) =    1.63513223930848        89.6955685711192     
wspd, zbot, t_degC, zbot =       0.00000000     25.00000000     29.24407419     25.00000000
qbot,zbot,pmidm1,ts_degC =       0.01618060     25.00000000   1011.96485986     30.00000000
tau,shf,lhf,Le =     0.000000E+00    0.134380E-02    0.297794E-04    0.000000E+00
ssq, lhf_coef, ustar,  u10n =         0.026702       -0.002830        0.061195        1.245118
 SHF/LHF (W/m2 approx) =    1.63513223930848        89.6955685711192     
wspd, zbot, t_degC, zbot =       0.00000000     25.00000000     29.24407419     25.00000000
qbot,zbot,pmidm1,ts_degC =       0.01618060     25.00000000   1011.96485986     30.00000000
tau,shf,lhf,Le =     0.000000E+00    0.134380E-02    0.297794E-04    0.000000E+00
ssq, lhf_coef, ustar,  u10n =         0.026702       -0.002830        0.061195        1.245118
 SHF/LHF (W/m2 approx) =    1.63513223930848        89.6955685711192     
wspd, zbot, t_degC, zbot =       0.00000000     25.00000000     29.24407419     25.00000000
qbot,zbot,pmidm1,ts_degC =       0.01618060     25.00000000   1011.96485986     30.00000000
tau,shf,lhf,Le =     0.000000E+00    0.134380E-02    0.297794E-04    0.000000E+00
ssq, lhf_coef, ustar,  u10n =         0.026702       -0.002830        0.061195        1.245118
 SHF/LHF (W/m2 approx) =    1.63513223930848        89.6955685711192     
wspd, zbot, t_degC, zbot =       0.00000000     25.00000000     29.24407419     25.00000000
qbot,zbot,pmidm1,ts_degC =       0.01618060     25.00000000   1011.96485986     30.00000000
tau,shf,lhf,Le =     0.000000E+00    0.134380E-02    0.297794E-04    0.000000E+00
ssq, lhf_coef, ustar,  u10n =         0.026702       -0.002830        0.061195        1.245118
 SHF/LHF (W/m2 approx) =    1.63513223930848        89.6955685711192     
wspd, zbot, t_degC, zbot =       0.00000000     25.00000000     29.24407419     25.00000000
qbot,zbot,pmidm1,ts_degC =       0.01618060     25.00000000   1011.96485986     30.00000000
tau,shf,lhf,Le =     0.000000E+00    0.134380E-02    0.297794E-04    0.000000E+00
ssq, lhf_coef, ustar,  u10n =         0.026702       -0.002830        0.061195        1.245118
 SHF/LHF (W/m2 approx) =    1.63513223930848        89.6955685711192     
wspd, zbot, t_degC, zbot =       0.00000000     25.00000000     29.24407419     25.00000000
qbot,zbot,pmidm1,ts_degC =       0.01618060     25.00000000   1011.96485986     30.00000000
tau,shf,lhf,Le =     0.000000E+00    0.134380E-02    0.297794E-04    0.000000E+00
ssq, lhf_coef, ustar,  u10n =         0.026702       -0.002830        0.061195        1.245118
 SHF/LHF (W/m2 approx) =    1.63513223930848        89.6955685711192     
wspd, zbot, t_degC, zbot =       0.00000000     25.00000000     29.24407419     25.00000000
qbot,zbot,pmidm1,ts_degC =       0.01618060     25.00000000   1011.96485986     30.00000000
tau,shf,lhf,Le =     0.000000E+00    0.134380E-02    0.297794E-04    0.000000E+00
ssq, lhf_coef, ustar,  u10n =         0.026702       -0.002830        0.061195        1.245118
 SHF/LHF (W/m2 approx) =    1.63513223930848        89.6955685711192     
wspd, zbot, t_degC, zbot =       0.00000000     25.00000000     29.24407419     25.00000000
qbot,zbot,pmidm1,ts_degC =       0.01618060     25.00000000   1011.96485986     30.00000000
tau,shf,lhf,Le =     0.000000E+00    0.134380E-02    0.297794E-04    0.000000E+00
ssq, lhf_coef, ustar,  u10n =         0.026702       -0.002830        0.061195        1.245118
 SHF/LHF (W/m2 approx) =    1.63513223930848        89.6955685711192     
wspd, zbot, t_degC, zbot =       0.00000000     25.00000000     29.24407419     25.00000000
qbot,zbot,pmidm1,ts_degC =       0.01618060     25.00000000   1011.96485986     30.00000000
tau,shf,lhf,Le =     0.000000E+00    0.134380E-02    0.297794E-04    0.000000E+00
ssq, lhf_coef, ustar,  u10n =         0.026702       -0.002830        0.061195        1.245118
 SHF/LHF (W/m2 approx) =    1.63513223930848        89.6955685711192     
wspd, zbot, t_degC, zbot =       0.00000000     25.00000000     29.24407419     25.00000000
qbot,zbot,pmidm1,ts_degC =       0.01618060     25.00000000   1011.96485986     30.00000000
tau,shf,lhf,Le =     0.000000E+00    0.134380E-02    0.297794E-04    0.000000E+00
ssq, lhf_coef, ustar,  u10n =         0.026702       -0.002830        0.061195        1.245118
 SHF/LHF (W/m2 approx) =    1.63513223930848        89.6955685711192     
wspd, zbot, t_degC, zbot =       0.00000000     25.00000000     29.24407419     25.00000000
qbot,zbot,pmidm1,ts_degC =       0.01618060     25.00000000   1011.96485986     30.00000000
tau,shf,lhf,Le =     0.000000E+00    0.134380E-02    0.297794E-04    0.000000E+00
ssq, lhf_coef, ustar,  u10n =         0.026702       -0.002830        0.061195        1.245118
 SHF/LHF (W/m2 approx) =    1.63513223930848        89.6955685711192     
wspd, zbot, t_degC, zbot =       0.00000000     25.00000000     29.24407419     25.00000000
qbot,zbot,pmidm1,ts_degC =       0.01618060     25.00000000   1011.96485986     30.00000000
tau,shf,lhf,Le =     0.000000E+00    0.134380E-02    0.297794E-04    0.000000E+00
ssq, lhf_coef, ustar,  u10n =         0.026702       -0.002830        0.061195        1.245118
 SHF/LHF (W/m2 approx) =    1.63513223930848        89.6955685711192     
wspd, zbot, t_degC, zbot =       0.00000000     25.00000000     29.24407419     25.00000000
qbot,zbot,pmidm1,ts_degC =       0.01618060     25.00000000   1011.96485986     30.00000000
tau,shf,lhf,Le =     0.000000E+00    0.134380E-02    0.297794E-04    0.000000E+00
ssq, lhf_coef, ustar,  u10n =         0.026702       -0.002830        0.061195        1.245118
 SHF/LHF (W/m2 approx) =    1.63513223930848        89.6955685711192     
wspd, zbot, t_degC, zbot =       0.00000000     25.00000000     29.24407419     25.00000000
qbot,zbot,pmidm1,ts_degC =       0.01618060     25.00000000   1011.96485986     30.00000000
tau,shf,lhf,Le =     0.000000E+00    0.134380E-02    0.297794E-04    0.000000E+00
ssq, lhf_coef, ustar,  u10n =         0.026702       -0.002830        0.061195        1.245118
 SHF/LHF (W/m2 approx) =    1.63513223930848        89.6955685711192     
wspd, zbot, t_degC, zbot =       0.00000000     25.00000000     29.24407419     25.00000000
qbot,zbot,pmidm1,ts_degC =       0.01618060     25.00000000   1011.96485986     30.00000000
tau,shf,lhf,Le =     0.000000E+00    0.134380E-02    0.297794E-04    0.000000E+00
ssq, lhf_coef, ustar,  u10n =         0.026702       -0.002830        0.061195        1.245118
 SHF/LHF (W/m2 approx) =    1.63513223930848        89.6955685711192     
wspd, zbot, t_degC, zbot =       0.00000000     25.00000000     29.24407419     25.00000000
qbot,zbot,pmidm1,ts_degC =       0.01618060     25.00000000   1011.96485986     30.00000000
tau,shf,lhf,Le =     0.000000E+00    0.134380E-02    0.297794E-04    0.000000E+00
ssq, lhf_coef, ustar,  u10n =         0.026702       -0.002830        0.061195        1.245118
 SHF/LHF (W/m2 approx) =    1.63513223930848        89.6955685711192     
wspd, zbot, t_degC, zbot =       0.00000000     25.00000000     29.24407419     25.00000000
qbot,zbot,pmidm1,ts_degC =       0.01618060     25.00000000   1011.96485986     30.00000000
tau,shf,lhf,Le =     0.000000E+00    0.134380E-02    0.297794E-04    0.000000E+00
ssq, lhf_coef, ustar,  u10n =         0.026702       -0.002830        0.061195        1.245118
 SHF/LHF (W/m2 approx) =    1.63513223930848        89.6955685711192     
wspd, zbot, t_degC, zbot =       0.00000000     25.00000000     29.24407419     25.00000000
qbot,zbot,pmidm1,ts_degC =       0.01618060     25.00000000   1011.96485986     30.00000000
tau,shf,lhf,Le =     0.000000E+00    0.134380E-02    0.297794E-04    0.000000E+00
ssq, lhf_coef, ustar,  u10n =         0.026702       -0.002830        0.061195        1.245118
 SHF/LHF (W/m2 approx) =    1.63513223930848        89.6955685711192     
wspd, zbot, t_degC, zbot =       0.00000000     25.00000000     29.24407419     25.00000000
qbot,zbot,pmidm1,ts_degC =       0.01618060     25.00000000   1011.96485986     30.00000000
tau,shf,lhf,Le =     0.000000E+00    0.134380E-02    0.297794E-04    0.000000E+00
ssq, lhf_coef, ustar,  u10n =         0.026702       -0.002830        0.061195        1.245118
 SHF/LHF (W/m2 approx) =    1.63513223930848        89.6955685711192     
wspd, zbot, t_degC, zbot =       0.00000000     25.00000000     29.24407419     25.00000000
qbot,zbot,pmidm1,ts_degC =       0.01618060     25.00000000   1011.96485986     30.00000000
tau,shf,lhf,Le =     0.000000E+00    0.134380E-02    0.297794E-04    0.000000E+00
ssq, lhf_coef, ustar,  u10n =         0.026702       -0.002830        0.061195        1.245118
 SHF/LHF (W/m2 approx) =    1.63513223930848        89.6955685711192     
wspd, zbot, t_degC, zbot =       0.00000000     25.00000000     29.24407419     25.00000000
qbot,zbot,pmidm1,ts_degC =       0.01618060     25.00000000   1011.96485986     30.00000000
tau,shf,lhf,Le =     0.000000E+00    0.134380E-02    0.297794E-04    0.000000E+00
ssq, lhf_coef, ustar,  u10n =         0.026702       -0.002830        0.061195        1.245118
 SHF/LHF (W/m2 approx) =    1.63513223930848        89.6955685711192     
wspd, zbot, t_degC, zbot =       0.00000000     25.00000000     29.24407419     25.00000000
qbot,zbot,pmidm1,ts_degC =       0.01618060     25.00000000   1011.96485986     30.00000000
tau,shf,lhf,Le =     0.000000E+00    0.134380E-02    0.297794E-04    0.000000E+00
ssq, lhf_coef, ustar,  u10n =         0.026702       -0.002830        0.061195        1.245118
 SHF/LHF (W/m2 approx) =    1.63513223930848        89.6955685711192     
wspd, zbot, t_degC, zbot =       0.00000000     25.00000000     29.24407419     25.00000000
qbot,zbot,pmidm1,ts_degC =       0.01618060     25.00000000   1011.96485986     30.00000000
tau,shf,lhf,Le =     0.000000E+00    0.134380E-02    0.297794E-04    0.000000E+00
ssq, lhf_coef, ustar,  u10n =         0.026702       -0.002830        0.061195        1.245118
 SHF/LHF (W/m2 approx) =    1.63513223930848        89.6955685711192     
wspd, zbot, t_degC, zbot =       0.00000000     25.00000000     29.24407419     25.00000000
qbot,zbot,pmidm1,ts_degC =       0.01618060     25.00000000   1011.96485986     30.00000000
tau,shf,lhf,Le =     0.000000E+00    0.134380E-02    0.297794E-04    0.000000E+00
ssq, lhf_coef, ustar,  u10n =         0.026702       -0.002830        0.061195        1.245118
 SHF/LHF (W/m2 approx) =    1.63513223930848        89.6955685711192     
wspd, zbot, t_degC, zbot =       0.00000000     25.00000000     29.24407419     25.00000000
qbot,zbot,pmidm1,ts_degC =       0.01618060     25.00000000   1011.96485986     30.00000000
tau,shf,lhf,Le =     0.000000E+00    0.134380E-02    0.297794E-04    0.000000E+00
ssq, lhf_coef, ustar,  u10n =         0.026702       -0.002830        0.061195        1.245118
 SHF/LHF (W/m2 approx) =    1.63513223930848        89.6955685711192     
wspd, zbot, t_degC, zbot =       0.00000000     25.00000000     29.24407419     25.00000000
qbot,zbot,pmidm1,ts_degC =       0.01618060     25.00000000   1011.96485986     30.00000000
tau,shf,lhf,Le =     0.000000E+00    0.134380E-02    0.297794E-04    0.000000E+00
ssq, lhf_coef, ustar,  u10n =         0.026702       -0.002830        0.061195        1.245118
 SHF/LHF (W/m2 approx) =    1.63513223930848        89.6955685711192     
wspd, zbot, t_degC, zbot =       0.00000000     25.00000000     29.24407419     25.00000000
qbot,zbot,pmidm1,ts_degC =       0.01618060     25.00000000   1011.96485986     30.00000000
tau,shf,lhf,Le =     0.000000E+00    0.134380E-02    0.297794E-04    0.000000E+00
ssq, lhf_coef, ustar,  u10n =         0.026702       -0.002830        0.061195        1.245118
 SHF/LHF (W/m2 approx) =    1.63513223930848        89.6955685711192     
wspd, zbot, t_degC, zbot =       0.00000000     25.00000000     29.24407419     25.00000000
qbot,zbot,pmidm1,ts_degC =       0.01618060     25.00000000   1011.96485986     30.00000000
tau,shf,lhf,Le =     0.000000E+00    0.134380E-02    0.297794E-04    0.000000E+00
ssq, lhf_coef, ustar,  u10n =         0.026702       -0.002830        0.061195        1.245118
 SHF/LHF (W/m2 approx) =    1.63513223930848        89.6955685711192     
wspd, zbot, t_degC, zbot =       0.00000000     25.00000000     29.24407419     25.00000000
qbot,zbot,pmidm1,ts_degC =       0.01618060     25.00000000   1011.96485986     30.00000000
tau,shf,lhf,Le =     0.000000E+00    0.134380E-02    0.297794E-04    0.000000E+00
ssq, lhf_coef, ustar,  u10n =         0.026702       -0.002830        0.061195        1.245118
 SHF/LHF (W/m2 approx) =    1.63513223930848        89.6955685711192     
wspd, zbot, t_degC, zbot =       0.00000000     25.00000000     29.24407419     25.00000000
qbot,zbot,pmidm1,ts_degC =       0.01618060     25.00000000   1011.96485986     30.00000000
tau,shf,lhf,Le =     0.000000E+00    0.134380E-02    0.297794E-04    0.000000E+00
ssq, lhf_coef, ustar,  u10n =         0.026702       -0.002830        0.061195        1.245118
 SHF/LHF (W/m2 approx) =    1.63513223930848        89.6955685711192     
wspd, zbot, t_degC, zbot =       0.00000000     25.00000000     29.24407419     25.00000000
qbot,zbot,pmidm1,ts_degC =       0.01618060     25.00000000   1011.96485986     30.00000000
tau,shf,lhf,Le =     0.000000E+00    0.134380E-02    0.297794E-04    0.000000E+00
ssq, lhf_coef, ustar,  u10n =         0.026702       -0.002830        0.061195        1.245118
 SHF/LHF (W/m2 approx) =    1.63513223930848        89.6955685711192     
wspd, zbot, t_degC, zbot =       0.00000000     25.00000000     29.24407419     25.00000000
qbot,zbot,pmidm1,ts_degC =       0.01618060     25.00000000   1011.96485986     30.00000000
tau,shf,lhf,Le =     0.000000E+00    0.134380E-02    0.297794E-04    0.000000E+00
ssq, lhf_coef, ustar,  u10n =         0.026702       -0.002830        0.061195        1.245118
 SHF/LHF (W/m2 approx) =    1.63513223930848        89.6955685711192     
wspd, zbot, t_degC, zbot =       0.00000000     25.00000000     29.24407419     25.00000000
qbot,zbot,pmidm1,ts_degC =       0.01618060     25.00000000   1011.96485986     30.00000000
tau,shf,lhf,Le =     0.000000E+00    0.134380E-02    0.297794E-04    0.000000E+00
ssq, lhf_coef, ustar,  u10n =         0.026702       -0.002830        0.061195        1.245118
 SHF/LHF (W/m2 approx) =    1.63513223930848        89.6955685711192     
wspd, zbot, t_degC, zbot =       0.00000000     25.00000000     29.24407419     25.00000000
qbot,zbot,pmidm1,ts_degC =       0.01618060     25.00000000   1011.96485986     30.00000000
tau,shf,lhf,Le =     0.000000E+00    0.134380E-02    0.297794E-04    0.000000E+00
ssq, lhf_coef, ustar,  u10n =         0.026702       -0.002830        0.061195        1.245118
 SHF/LHF (W/m2 approx) =    1.63513223930848        89.6955685711192     
wspd, zbot, t_degC, zbot =       0.00000000     25.00000000     29.24407419     25.00000000
qbot,zbot,pmidm1,ts_degC =       0.01618060     25.00000000   1011.96485986     30.00000000
tau,shf,lhf,Le =     0.000000E+00    0.134380E-02    0.297794E-04    0.000000E+00
ssq, lhf_coef, ustar,  u10n =         0.026702       -0.002830        0.061195        1.245118
 SHF/LHF (W/m2 approx) =    1.63513223930848        89.6955685711192     
wspd, zbot, t_degC, zbot =       0.00000000     25.00000000     29.24407419     25.00000000
qbot,zbot,pmidm1,ts_degC =       0.01618060     25.00000000   1011.96485986     30.00000000
tau,shf,lhf,Le =     0.000000E+00    0.134380E-02    0.297794E-04    0.000000E+00
ssq, lhf_coef, ustar,  u10n =         0.026702       -0.002830        0.061195        1.245118
 SHF/LHF (W/m2 approx) =    1.63513223930848        89.6955685711192     
wspd, zbot, t_degC, zbot =       0.00000000     25.00000000     29.24407419     25.00000000
qbot,zbot,pmidm1,ts_degC =       0.01618060     25.00000000   1011.96485986     30.00000000
tau,shf,lhf,Le =     0.000000E+00    0.134380E-02    0.297794E-04    0.000000E+00
ssq, lhf_coef, ustar,  u10n =         0.026702       -0.002830        0.061195        1.245118
 SHF/LHF (W/m2 approx) =    1.63513223930848        89.6955685711192     
wspd, zbot, t_degC, zbot =       0.00000000     25.00000000     29.24407419     25.00000000
qbot,zbot,pmidm1,ts_degC =       0.01618060     25.00000000   1011.96485986     30.00000000
tau,shf,lhf,Le =     0.000000E+00    0.134380E-02    0.297794E-04    0.000000E+00
ssq, lhf_coef, ustar,  u10n =         0.026702       -0.002830        0.061195        1.245118
 SHF/LHF (W/m2 approx) =    1.63513223930848        89.6955685711192     
wspd, zbot, t_degC, zbot =       0.00000000     25.00000000     29.24407419     25.00000000
qbot,zbot,pmidm1,ts_degC =       0.01618060     25.00000000   1011.96485986     30.00000000
tau,shf,lhf,Le =     0.000000E+00    0.134380E-02    0.297794E-04    0.000000E+00
ssq, lhf_coef, ustar,  u10n =         0.026702       -0.002830        0.061195        1.245118
 SHF/LHF (W/m2 approx) =    1.63513223930848        89.6955685711192     
wspd, zbot, t_degC, zbot =       0.00000000     25.00000000     29.24407419     25.00000000
qbot,zbot,pmidm1,ts_degC =       0.01618060     25.00000000   1011.96485986     30.00000000
tau,shf,lhf,Le =     0.000000E+00    0.134380E-02    0.297794E-04    0.000000E+00
ssq, lhf_coef, ustar,  u10n =         0.026702       -0.002830        0.061195        1.245118
 SHF/LHF (W/m2 approx) =    1.63513223930848        89.6955685711192     
wspd, zbot, t_degC, zbot =       0.00000000     25.00000000     29.24407419     25.00000000
qbot,zbot,pmidm1,ts_degC =       0.01618060     25.00000000   1011.96485986     30.00000000
tau,shf,lhf,Le =     0.000000E+00    0.134380E-02    0.297794E-04    0.000000E+00
ssq, lhf_coef, ustar,  u10n =         0.026702       -0.002830        0.061195        1.245118
 SHF/LHF (W/m2 approx) =    1.63513223930848        89.6955685711192     
wspd, zbot, t_degC, zbot =       0.00000000     25.00000000     29.24407419     25.00000000
qbot,zbot,pmidm1,ts_degC =       0.01618060     25.00000000   1011.96485986     30.00000000
tau,shf,lhf,Le =     0.000000E+00    0.134380E-02    0.297794E-04    0.000000E+00
ssq, lhf_coef, ustar,  u10n =         0.026702       -0.002830        0.061195        1.245118
 SHF/LHF (W/m2 approx) =    1.63513223930848        89.6955685711192     
wspd, zbot, t_degC, zbot =       0.00000000     25.00000000     29.24407419     25.00000000
qbot,zbot,pmidm1,ts_degC =       0.01618060     25.00000000   1011.96485986     30.00000000
tau,shf,lhf,Le =     0.000000E+00    0.134380E-02    0.297794E-04    0.000000E+00
ssq, lhf_coef, ustar,  u10n =         0.026702       -0.002830        0.061195        1.245118
 SHF/LHF (W/m2 approx) =    1.63513223930848        89.6955685711192     
wspd, zbot, t_degC, zbot =       0.00000000     25.00000000     29.24407419     25.00000000
qbot,zbot,pmidm1,ts_degC =       0.01618060     25.00000000   1011.96485986     30.00000000
tau,shf,lhf,Le =     0.000000E+00    0.134380E-02    0.297794E-04    0.000000E+00
ssq, lhf_coef, ustar,  u10n =         0.026702       -0.002830        0.061195        1.245118
 SHF/LHF (W/m2 approx) =    1.63513223930848        89.6955685711192     
qbot,zbot,pmidm1,ts_degC =       0.01618060     25.00000000   1011.96485986     30.00000000
qbot,zbot,pmidm1,ts_degC =       0.01618060     25.00000000   1011.96485986     30.00000000
tau,shf,lhf,Le =     0.000000E+00    0.134380E-02    0.297794E-04    0.000000E+00
tau,shf,lhf,Le =     0.000000E+00    0.134380E-02    0.297794E-04    0.000000E+00
ssq, lhf_coef, ustar,  u10n =         0.026702       -0.002830        0.061195        1.245118
ssq, lhf_coef, ustar,  u10n =         0.026702       -0.002830        0.061195        1.245118
 SHF/LHF (W/m2 approx) =    1.63513223930848        89.6955685711192     
 SHF/LHF (W/m2 approx) =    1.63513223930848        89.6955685711192     
 RRTMG rrtmg_lw.nc trace gas profile: number of levels=          59
 gas traces vertical profiles (ppmv):
  p (hPa)        O3          CO2         CH4         N2O         O2          
 CFC11       CFC12       CFC22       CCL4 
 1011.96  0.1762E-07  0.3550E-03  0.1700E-05  0.3200E-06  0.2090E+00  0.0000E+00  0.0000E+00  0.0000E+00  0.0000E+00
 1009.13  0.1765E-07  0.3550E-03  0.1700E-05  0.3200E-06  0.2090E+00  0.0000E+00  0.0000E+00  0.0000E+00  0.0000E+00
 1002.89  0.1768E-07  0.3550E-03  0.1700E-05  0.3200E-06  0.2090E+00  0.0000E+00  0.0000E+00  0.0000E+00  0.0000E+00
  996.67  0.1772E-07  0.3550E-03  0.1700E-05  0.3200E-06  0.2090E+00  0.0000E+00  0.0000E+00  0.0000E+00  0.0000E+00
  989.30  0.1777E-07  0.3550E-03  0.1700E-05  0.3200E-06  0.2090E+00  0.0000E+00  0.0000E+00  0.0000E+00  0.0000E+00
  981.96  0.1782E-07  0.3550E-03  0.1700E-05  0.3200E-06  0.2090E+00  0.0000E+00  0.0000E+00  0.0000E+00  0.0000E+00
  973.50  0.1787E-07  0.3550E-03  0.1700E-05  0.3200E-06  0.2090E+00  0.0000E+00  0.0000E+00  0.0000E+00  0.0000E+00
  965.10  0.1793E-07  0.3550E-03  0.1700E-05  0.3200E-06  0.2090E+00  0.0000E+00  0.0000E+00  0.0000E+00  0.0000E+00
  955.60  0.1799E-07  0.3550E-03  0.1700E-05  0.3200E-06  0.2090E+00  0.0000E+00  0.0000E+00  0.0000E+00  0.0000E+00
  946.17  0.1805E-07  0.3550E-03  0.1700E-05  0.3200E-06  0.2090E+00  0.0000E+00  0.0000E+00  0.0000E+00  0.0000E+00
  935.68  0.1812E-07  0.3550E-03  0.1700E-05  0.3200E-06  0.2090E+00  0.0000E+00  0.0000E+00  0.0000E+00  0.0000E+00
  925.29  0.1819E-07  0.3550E-03  0.1700E-05  0.3200E-06  0.2090E+00  0.0000E+00  0.0000E+00  0.0000E+00  0.0000E+00
  913.88  0.1826E-07  0.3550E-03  0.1700E-05  0.3200E-06  0.2090E+00  0.0000E+00  0.0000E+00  0.0000E+00  0.0000E+00
  902.59  0.1834E-07  0.3550E-03  0.1700E-05  0.3200E-06  0.2090E+00  0.0000E+00  0.0000E+00  0.0000E+00  0.0000E+00
  890.33  0.1841E-07  0.3550E-03  0.1700E-05  0.3200E-06  0.2090E+00  0.0000E+00  0.0000E+00  0.0000E+00  0.0000E+00
  878.20  0.1849E-07  0.3550E-03  0.1700E-05  0.3200E-06  0.2090E+00  0.0000E+00  0.0000E+00  0.0000E+00  0.0000E+00
  865.16  0.1859E-07  0.3550E-03  0.1700E-05  0.3200E-06  0.2090E+00  0.0000E+00  0.0000E+00  0.0000E+00  0.0000E+00
  852.28  0.1890E-07  0.3550E-03  0.1700E-05  0.3200E-06  0.2090E+00  0.0000E+00  0.0000E+00  0.0000E+00  0.0000E+00
  838.52  0.1930E-07  0.3550E-03  0.1700E-05  0.3200E-06  0.2090E+00  0.0000E+00  0.0000E+00  0.0000E+00  0.0000E+00
  824.95  0.1970E-07  0.3550E-03  0.1700E-05  0.3200E-06  0.2090E+00  0.0000E+00  0.0000E+00  0.0000E+00  0.0000E+00
  810.56  0.2011E-07  0.3550E-03  0.1700E-05  0.3200E-06  0.2090E+00  0.0000E+00  0.0000E+00  0.0000E+00  0.0000E+00
  796.38  0.2053E-07  0.3550E-03  0.1700E-05  0.3200E-06  0.2090E+00  0.0000E+00  0.0000E+00  0.0000E+00  0.0000E+00
  781.44  0.2096E-07  0.3550E-03  0.1700E-05  0.3200E-06  0.2090E+00  0.0000E+00  0.0000E+00  0.0000E+00  0.0000E+00
  766.73  0.2140E-07  0.3550E-03  0.1700E-05  0.3200E-06  0.2090E+00  0.0000E+00  0.0000E+00  0.0000E+00  0.0000E+00
  751.32  0.2184E-07  0.3550E-03  0.1700E-05  0.3200E-06  0.2090E+00  0.0000E+00  0.0000E+00  0.0000E+00  0.0000E+00
  736.17  0.2229E-07  0.3550E-03  0.1700E-05  0.3200E-06  0.2090E+00  0.0000E+00  0.0000E+00  0.0000E+00  0.0000E+00
  720.36  0.2275E-07  0.3550E-03  0.1700E-05  0.3200E-06  0.2090E+00  0.0000E+00  0.0000E+00  0.0000E+00  0.0000E+00
  704.83  0.2327E-07  0.3550E-03  0.1700E-05  0.3200E-06  0.2090E+00  0.0000E+00  0.0000E+00  0.0000E+00  0.0000E+00
  688.72  0.2406E-07  0.3550E-03  0.1699E-05  0.3200E-06  0.2090E+00  0.0000E+00  0.0000E+00  0.0000E+00  0.0000E+00
  672.90  0.2489E-07  0.3550E-03  0.1697E-05  0.3200E-06  0.2090E+00  0.0000E+00  0.0000E+00  0.0000E+00  0.0000E+00
  656.55  0.2573E-07  0.3550E-03  0.1696E-05  0.3200E-06  0.2090E+00  0.0000E+00  0.0000E+00  0.0000E+00  0.0000E+00
  640.54  0.2656E-07  0.3550E-03  0.1695E-05  0.3200E-06  0.2090E+00  0.0000E+00  0.0000E+00  0.0000E+00  0.0000E+00
  624.04  0.2741E-07  0.3550E-03  0.1694E-05  0.3200E-06  0.2090E+00  0.0000E+00  0.0000E+00  0.0000E+00  0.0000E+00
  607.89  0.2825E-07  0.3550E-03  0.1693E-05  0.3200E-06  0.2090E+00  0.0000E+00  0.0000E+00  0.0000E+00  0.0000E+00
  591.32  0.2910E-07  0.3550E-03  0.1691E-05  0.3200E-06  0.2090E+00  0.0000E+00  0.0000E+00  0.0000E+00  0.0000E+00
  575.13  0.2998E-07  0.3550E-03  0.1690E-05  0.3200E-06  0.2090E+00  0.0000E+00  0.0000E+00  0.0000E+00  0.0000E+00
  558.57  0.3097E-07  0.3550E-03  0.1686E-05  0.3200E-06  0.2090E+00  0.0000E+00  0.0000E+00  0.0000E+00  0.0000E+00
  542.41  0.3197E-07  0.3550E-03  0.1682E-05  0.3200E-06  0.2090E+00  0.0000E+00  0.0000E+00  0.0000E+00  0.0000E+00
  525.93  0.3296E-07  0.3550E-03  0.1679E-05  0.3200E-06  0.2090E+00  0.0000E+00  0.0000E+00  0.0000E+00  0.0000E+00
  509.87  0.3394E-07  0.3550E-03  0.1675E-05  0.3200E-06  0.2090E+00  0.0000E+00  0.0000E+00  0.0000E+00  0.0000E+00
  493.89  0.3491E-07  0.3550E-03  0.1672E-05  0.3200E-06  0.2090E+00  0.0000E+00  0.0000E+00  0.0000E+00  0.0000E+00
  478.32  0.3586E-07  0.3550E-03  0.1668E-05  0.3200E-06  0.2090E+00  0.0000E+00  0.0000E+00  0.0000E+00  0.0000E+00
  463.15  0.3666E-07  0.3550E-03  0.1663E-05  0.3200E-06  0.2090E+00  0.0000E+00  0.0000E+00  0.0000E+00  0.0000E+00
  448.37  0.3739E-07  0.3550E-03  0.1658E-05  0.3199E-06  0.2090E+00  0.0000E+00  0.0000E+00  0.0000E+00  0.0000E+00
  433.98  0.3810E-07  0.3550E-03  0.1652E-05  0.3198E-06  0.2090E+00  0.0000E+00  0.0000E+00  0.0000E+00  0.0000E+00
  419.97  0.3878E-07  0.3550E-03  0.1647E-05  0.3198E-06  0.2090E+00  0.0000E+00  0.0000E+00  0.0000E+00  0.0000E+00
  406.33  0.3945E-07  0.3550E-03  0.1642E-05  0.3197E-06  0.2090E+00  0.0000E+00  0.0000E+00  0.0000E+00  0.0000E+00
  393.04  0.4010E-07  0.3550E-03  0.1637E-05  0.3197E-06  0.2090E+00  0.0000E+00  0.0000E+00  0.0000E+00  0.0000E+00
  380.11  0.4038E-07  0.3550E-03  0.1632E-05  0.3192E-06  0.2090E+00  0.0000E+00  0.0000E+00  0.0000E+00  0.0000E+00
  367.52  0.4039E-07  0.3550E-03  0.1628E-05  0.3184E-06  0.2090E+00  0.0000E+00  0.0000E+00  0.0000E+00  0.0000E+00
  355.25  0.4040E-07  0.3550E-03  0.1623E-05  0.3177E-06  0.2090E+00  0.0000E+00  0.0000E+00  0.0000E+00  0.0000E+00
  343.32  0.4040E-07  0.3550E-03  0.1619E-05  0.3169E-06  0.2090E+00  0.0000E+00  0.0000E+00  0.0000E+00  0.0000E+00
  331.69  0.4041E-07  0.3550E-03  0.1615E-05  0.3162E-06  0.2090E+00  0.0000E+00  0.0000E+00  0.0000E+00  0.0000E+00
  320.38  0.4041E-07  0.3550E-03  0.1611E-05  0.3155E-06  0.2090E+00  0.0000E+00  0.0000E+00  0.0000E+00  0.0000E+00
  309.37  0.4032E-07  0.3550E-03  0.1603E-05  0.3137E-06  0.2090E+00  0.0000E+00  0.0000E+00  0.0000E+00  0.0000E+00
  298.65  0.4019E-07  0.3550E-03  0.1593E-05  0.3116E-06  0.2090E+00  0.0000E+00  0.0000E+00  0.0000E+00  0.0000E+00
  288.21  0.4007E-07  0.3550E-03  0.1584E-05  0.3095E-06  0.2090E+00  0.0000E+00  0.0000E+00  0.0000E+00  0.0000E+00
  278.06  0.3994E-07  0.3550E-03  0.1575E-05  0.3075E-06  0.2090E+00  0.0000E+00  0.0000E+00  0.0000E+00  0.0000E+00
  268.18  0.3982E-07  0.3550E-03  0.1566E-05  0.3055E-06  0.2090E+00  0.0000E+00  0.0000E+00  0.0000E+00  0.0000E+00
  258.56  0.3971E-07  0.3550E-03  0.1558E-05  0.3036E-06  0.2090E+00  0.0000E+00  0.0000E+00  0.0000E+00  0.0000E+00
  249.21  0.3962E-07  0.3550E-03  0.1548E-05  0.3017E-06  0.2090E+00  0.0000E+00  0.0000E+00  0.0000E+00  0.0000E+00
  240.11  0.3954E-07  0.3550E-03  0.1539E-05  0.2998E-06  0.2090E+00  0.0000E+00  0.0000E+00  0.0000E+00  0.0000E+00
  231.26  0.3945E-07  0.3550E-03  0.1531E-05  0.2980E-06  0.2090E+00  0.0000E+00  0.0000E+00  0.0000E+00  0.0000E+00
  222.65  0.3937E-07  0.3550E-03  0.1522E-05  0.2963E-06  0.2090E+00  0.0000E+00  0.0000E+00  0.0000E+00  0.0000E+00
  214.29  0.3930E-07  0.3550E-03  0.1514E-05  0.2945E-06  0.2090E+00  0.0000E+00  0.0000E+00  0.0000E+00  0.0000E+00
  206.16  0.3939E-07  0.3550E-03  0.1506E-05  0.2927E-06  0.2090E+00  0.0000E+00  0.0000E+00  0.0000E+00  0.0000E+00
  198.26  0.3954E-07  0.3550E-03  0.1498E-05  0.2908E-06  0.2090E+00  0.0000E+00  0.0000E+00  0.0000E+00  0.0000E+00
  190.59  0.3967E-07  0.3550E-03  0.1490E-05  0.2889E-06  0.2090E+00  0.0000E+00  0.0000E+00  0.0000E+00  0.0000E+00
  183.14  0.3981E-07  0.3550E-03  0.1483E-05  0.2871E-06  0.2090E+00  0.0000E+00  0.0000E+00  0.0000E+00  0.0000E+00
  175.92  0.3995E-07  0.3550E-03  0.1476E-05  0.2854E-06  0.2090E+00  0.0000E+00  0.0000E+00  0.0000E+00  0.0000E+00
  168.91  0.4051E-07  0.3550E-03  0.1468E-05  0.2836E-06  0.2090E+00  0.0000E+00  0.0000E+00  0.0000E+00  0.0000E+00
  162.12  0.4121E-07  0.3550E-03  0.1461E-05  0.2818E-06  0.2090E+00  0.0000E+00  0.0000E+00  0.0000E+00  0.0000E+00
  155.54  0.4190E-07  0.3550E-03  0.1453E-05  0.2801E-06  0.2090E+00  0.0000E+00  0.0000E+00  0.0000E+00  0.0000E+00
  149.17  0.4256E-07  0.3550E-03  0.1446E-05  0.2784E-06  0.2090E+00  0.0000E+00  0.0000E+00  0.0000E+00  0.0000E+00
  143.02  0.4354E-07  0.3550E-03  0.1439E-05  0.2767E-06  0.2090E+00  0.0000E+00  0.0000E+00  0.0000E+00  0.0000E+00
  137.11  0.4725E-07  0.3550E-03  0.1430E-05  0.2742E-06  0.2090E+00  0.0000E+00  0.0000E+00  0.0000E+00  0.0000E+00
  131.42  0.5143E-07  0.3550E-03  0.1422E-05  0.2715E-06  0.2090E+00  0.0000E+00  0.0000E+00  0.0000E+00  0.0000E+00
  125.97  0.5543E-07  0.3550E-03  0.1414E-05  0.2690E-06  0.2090E+00  0.0000E+00  0.0000E+00  0.0000E+00  0.0000E+00
  120.74  0.5927E-07  0.3550E-03  0.1406E-05  0.2666E-06  0.2090E+00  0.0000E+00  0.0000E+00  0.0000E+00  0.0000E+00
  115.73  0.6669E-07  0.3550E-03  0.1398E-05  0.2636E-06  0.2090E+00  0.0000E+00  0.0000E+00  0.0000E+00  0.0000E+00
  110.93  0.8439E-07  0.3550E-03  0.1388E-05  0.2587E-06  0.2090E+00  0.0000E+00  0.0000E+00  0.0000E+00  0.0000E+00
  106.34  0.1020E-06  0.3550E-03  0.1379E-05  0.2540E-06  0.2090E+00  0.0000E+00  0.0000E+00  0.0000E+00  0.0000E+00
  101.94  0.1189E-06  0.3550E-03  0.1370E-05  0.2494E-06  0.2090E+00  0.0000E+00  0.0000E+00  0.0000E+00  0.0000E+00
   97.73  0.1350E-06  0.3550E-03  0.1362E-05  0.2451E-06  0.2090E+00  0.0000E+00  0.0000E+00  0.0000E+00  0.0000E+00
   93.71  0.1690E-06  0.3550E-03  0.1353E-05  0.2393E-06  0.2090E+00  0.0000E+00  0.0000E+00  0.0000E+00  0.0000E+00
   89.87  0.2222E-06  0.3550E-03  0.1343E-05  0.2319E-06  0.2090E+00  0.0000E+00  0.0000E+00  0.0000E+00  0.0000E+00
   86.20  0.2731E-06  0.3550E-03  0.1333E-05  0.2248E-06  0.2090E+00  0.0000E+00  0.0000E+00  0.0000E+00  0.0000E+00
   82.69  0.3217E-06  0.3550E-03  0.1324E-05  0.2181E-06  0.2090E+00  0.0000E+00  0.0000E+00  0.0000E+00  0.0000E+00
   79.33  0.3691E-06  0.3550E-03  0.1316E-05  0.2116E-06  0.2090E+00  0.0000E+00  0.0000E+00  0.0000E+00  0.0000E+00
   76.13  0.4549E-06  0.3550E-03  0.1304E-05  0.2039E-06  0.2090E+00  0.0000E+00  0.0000E+00  0.0000E+00  0.0000E+00
   73.07  0.5585E-06  0.3550E-03  0.1290E-05  0.1958E-06  0.2090E+00  0.0000E+00  0.0000E+00  0.0000E+00  0.0000E+00
   70.14  0.6576E-06  0.3550E-03  0.1278E-05  0.1881E-06  0.2090E+00  0.0000E+00  0.0000E+00  0.0000E+00  0.0000E+00
   67.35  0.7521E-06  0.3550E-03  0.1266E-05  0.1807E-06  0.2090E+00  0.0000E+00  0.0000E+00  0.0000E+00  0.0000E+00
   64.68  0.8443E-06  0.3550E-03  0.1254E-05  0.1736E-06  0.2090E+00  0.0000E+00  0.0000E+00  0.0000E+00  0.0000E+00
   62.13  0.9670E-06  0.3550E-03  0.1237E-05  0.1662E-06  0.2090E+00  0.0000E+00  0.0000E+00  0.0000E+00  0.0000E+00
   59.69  0.1098E-05  0.3550E-03  0.1219E-05  0.1590E-06  0.2090E+00  0.0000E+00  0.0000E+00  0.0000E+00  0.0000E+00
   57.36  0.1223E-05  0.3550E-03  0.1203E-05  0.1521E-06  0.2090E+00  0.0000E+00  0.0000E+00  0.0000E+00  0.0000E+00
   55.13  0.1343E-05  0.3550E-03  0.1186E-05  0.1454E-06  0.2090E+00  0.0000E+00  0.0000E+00  0.0000E+00  0.0000E+00
   52.99  0.1459E-05  0.3550E-03  0.1170E-05  0.1391E-06  0.2090E+00  0.0000E+00  0.0000E+00  0.0000E+00  0.0000E+00
   50.94  0.1603E-05  0.3550E-03  0.1149E-05  0.1337E-06  0.2090E+00  0.0000E+00  0.0000E+00  0.0000E+00  0.0000E+00
   48.98  0.1755E-05  0.3550E-03  0.1126E-05  0.1287E-06  0.2090E+00  0.0000E+00  0.0000E+00  0.0000E+00  0.0000E+00
   47.10  0.1901E-05  0.3550E-03  0.1104E-05  0.1239E-06  0.2090E+00  0.0000E+00  0.0000E+00  0.0000E+00  0.0000E+00
   45.29  0.2040E-05  0.3550E-03  0.1083E-05  0.1193E-06  0.2090E+00  0.0000E+00  0.0000E+00  0.0000E+00  0.0000E+00
   43.57  0.2175E-05  0.3550E-03  0.1063E-05  0.1149E-06  0.2090E+00  0.0000E+00  0.0000E+00  0.0000E+00  0.0000E+00
   41.91  0.2360E-05  0.3550E-03  0.1039E-05  0.1116E-06  0.2090E+00  0.0000E+00  0.0000E+00  0.0000E+00  0.0000E+00
   40.32  0.2571E-05  0.3550E-03  0.1014E-05  0.1090E-06  0.2090E+00  0.0000E+00  0.0000E+00  0.0000E+00  0.0000E+00
   38.79  0.2774E-05  0.3550E-03  0.9900E-06  0.1064E-06  0.2090E+00  0.0000E+00  0.0000E+00  0.0000E+00  0.0000E+00
   37.33  0.2969E-05  0.3550E-03  0.9670E-06  0.1040E-06  0.2090E+00  0.0000E+00  0.0000E+00  0.0000E+00  0.0000E+00
   35.92  0.3156E-05  0.3550E-03  0.9449E-06  0.1016E-06  0.2090E+00  0.0000E+00  0.0000E+00  0.0000E+00  0.0000E+00
   34.57  0.3386E-05  0.3550E-03  0.9218E-06  0.9952E-07  0.2090E+00  0.0000E+00  0.0000E+00  0.0000E+00  0.0000E+00
   33.28  0.3671E-05  0.3550E-03  0.8972E-06  0.9767E-07  0.2090E+00  0.0000E+00  0.0000E+00  0.0000E+00  0.0000E+00
   32.03  0.3944E-05  0.3550E-03  0.8736E-06  0.9590E-07  0.2090E+00  0.0000E+00  0.0000E+00  0.0000E+00  0.0000E+00
   30.83  0.4207E-05  0.3550E-03  0.8510E-06  0.9420E-07  0.2090E+00  0.0000E+00  0.0000E+00  0.0000E+00  0.0000E+00
   29.68  0.4459E-05  0.3550E-03  0.8292E-06  0.9256E-07  0.2090E+00  0.0000E+00  0.0000E+00  0.0000E+00  0.0000E+00
   28.58  0.4725E-05  0.3550E-03  0.8102E-06  0.9107E-07  0.2090E+00  0.0000E+00  0.0000E+00  0.0000E+00  0.0000E+00
   27.51  0.5048E-05  0.3550E-03  0.7976E-06  0.8986E-07  0.2090E+00  0.0000E+00  0.0000E+00  0.0000E+00  0.0000E+00
   26.49  0.5363E-05  0.3550E-03  0.7859E-06  0.8872E-07  0.2090E+00  0.0000E+00  0.0000E+00  0.0000E+00  0.0000E+00
   25.51  0.5666E-05  0.3550E-03  0.7746E-06  0.8763E-07  0.2090E+00  0.0000E+00  0.0000E+00  0.0000E+00  0.0000E+00
   24.56  0.5957E-05  0.3550E-03  0.7638E-06  0.8657E-07  0.2090E+00  0.0000E+00  0.0000E+00  0.0000E+00  0.0000E+00
   23.65  0.6240E-05  0.3550E-03  0.7534E-06  0.8555E-07  0.2090E+00  0.0000E+00  0.0000E+00  0.0000E+00  0.0000E+00
   22.77  0.6529E-05  0.3550E-03  0.7440E-06  0.8452E-07  0.2090E+00  0.0000E+00  0.0000E+00  0.0000E+00  0.0000E+00
   21.93  0.6811E-05  0.3550E-03  0.7351E-06  0.8351E-07  0.2090E+00  0.0000E+00  0.0000E+00  0.0000E+00  0.0000E+00
   21.12  0.7082E-05  0.3550E-03  0.7266E-06  0.8255E-07  0.2090E+00  0.0000E+00  0.0000E+00  0.0000E+00  0.0000E+00
   20.34  0.7343E-05  0.3550E-03  0.7183E-06  0.8161E-07  0.2090E+00  0.0000E+00  0.0000E+00  0.0000E+00  0.0000E+00
   19.59  0.7595E-05  0.3550E-03  0.7104E-06  0.8072E-07  0.2090E+00  0.0000E+00  0.0000E+00  0.0000E+00  0.0000E+00
   18.87  0.7806E-05  0.3550E-03  0.7024E-06  0.7952E-07  0.2090E+00  0.0000E+00  0.0000E+00  0.0000E+00  0.0000E+00
   18.18  0.7990E-05  0.3550E-03  0.6945E-06  0.7813E-07  0.2090E+00  0.0000E+00  0.0000E+00  0.0000E+00  0.0000E+00
   17.51  0.8166E-05  0.3550E-03  0.6868E-06  0.7679E-07  0.2090E+00  0.0000E+00  0.0000E+00  0.0000E+00  0.0000E+00
    8.59  0.8258E-05  0.3550E-03  0.5099E-06  0.4358E-07  0.2090E+00  0.0000E+00  0.0000E+00  0.0000E+00  0.0000E+00
 done...
 Initializing P3 Cloud Optics
 Let's do some shortwave
 Range of zenith angles  0.732661695834013       0.732661695834013     
 Range of surface albedo (asdir)  3.383449086658900E-002  3.383449086658900E-002
 Range of surface albedo (aldir)  3.383449086658900E-002  3.383449086658900E-002
 Range of surface albedo (asdif)  6.000000000000000E-002  6.000000000000000E-002
 Range of surface albedo (aldif)  6.000000000000000E-002  6.000000000000000E-002
 radiation: perpetual sun, solin=   310.282741003913     
 longwave radiation is called
NSTEP =          1   NCYCLE=  3  CFL_adv= 0.000  CFL_sgs= 0.000
NSTEP =          2   NCYCLE=  1  CFL_adv= 0.004  CFL_sgs= 0.031
NSTEP =          3   NCYCLE=  1  CFL_adv= 0.011  CFL_sgs= 0.031
 Collecting statistics...
 name QCSTRG is missing in "lst" file.
NSTEP =          4   NCYCLE=  1  CFL_adv= 0.017  CFL_sgs= 0.030
 DAY =   1.388888888888889E-003
 NSTEP=           4
 div:  1.003420682925044E-016 -1.240846592154633E-016
 SST=   303.150000000000     
 surface pressure=   1014.80000000000     
 u: -0.212356635222373       0.212356635222553     
 v: -0.212356639818561       0.212356639818794     
 w: -3.883877288362627E-002  3.629504585412955E-002
 p:  -43.2823901101039        4.85710017037707     
 t:   302.124148073938        499.029199830303     
 tabs:   201.603062419130        302.379857434311     
 qv:  1.000000000000000E-006  2.118852728512488E-002
 tke:  0.000000000000000E+000  2.653358110176397E-002
 tk:  0.000000000000000E+000  0.832155285926009     
 tkh:  0.000000000000000E+000  0.832155285926009     
 qcl:  0.000000000000000E+000  0.000000000000000E+000
 qci:  0.000000000000000E+000  0.000000000000000E+000
 qpl:  0.000000000000000E+000  0.000000000000000E+000
 qpi:  0.000000000000000E+000  0.000000000000000E+000
 qrad(K/day):  -3.06267465947274       0.296267463735848     
 TR1:  0.000000000000000E+000  0.000000000000000E+000
 TR2:  0.000000000000000E+000  0.000000000000000E+000
 TR3:  0.000000000000000E+000  0.000000000000000E+000
 TR4:  0.000000000000000E+000  0.000000000000000E+000
 shf:   1.48072980025107        1.59521413005083     
 lhf:   41.9681881598857        86.1688135301992     
 uw: -5.741547652519855E-004  5.741547652517142E-004
 vw: -5.741547693174939E-004  5.741547693171685E-004
 sst:   303.150000000000        303.150000000000     
 ===========================
 total water budget:
 before (mm):         51.44882956453
 after (mm):          51.44985589058
 evaporation (mm):     0.00102632605
 precipitation (mm):   0.00000000000
 large-scale (mm):     0.00000000000
 Imbalance (mm)       0.00000000000
 evap (mm/day):   2.95581902553693     
 prec (mm/day):  0.000000000000000E+000
 ls (mm/day):  0.000000000000000E+000
 imbalance (mm/day)  5.115907697472721E-012
  imbalance (rel error):  0.000000000000000E+000
 ===========================
NSTEP =          5   NCYCLE=  1  CFL_adv= 0.023  CFL_sgs= 0.030
NSTEP =          6   NCYCLE=  1  CFL_adv= 0.029  CFL_sgs= 0.030
 Let's do some shortwave
 Range of zenith angles  0.732661695834013       0.732661695834013     
 Range of surface albedo (asdir)  3.383449086658900E-002  3.383449086658900E-002
 Range of surface albedo (aldir)  3.383449086658900E-002  3.383449086658900E-002
 Range of surface albedo (asdif)  6.000000000000000E-002  6.000000000000000E-002
 Range of surface albedo (aldif)  6.000000000000000E-002  6.000000000000000E-002
 radiation: perpetual sun, solin=   310.282741003913     
 longwave radiation is called
NSTEP =          7   NCYCLE=  1  CFL_adv= 0.034  CFL_sgs= 0.030
 Collecting statistics...
 name QCSTRG is missing in "lst" file.
NSTEP =          8   NCYCLE=  1  CFL_adv= 0.040  CFL_sgs= 0.030
 DAY =   2.777777777777778E-003
 NSTEP=           8
 div:  1.311538717866742E-016 -1.194086089661495E-016
 SST=   303.150000000000     
 surface pressure=   1014.80000000000     
 u: -0.425529386057789       0.425529386057195     
 v: -0.425529376023884       0.425529376023071     
 w: -5.482029872618883E-002  7.011260687147175E-002
 p:  -40.5857516093218        5.93078156126337     
 t:   302.122025690882        499.028403346803     
 tabs:   201.595377313150        302.367282202878     
 qv:  1.000000000000000E-006  2.119508708993231E-002
 tke:  0.000000000000000E+000  2.655305711973761E-002
 tk:  0.000000000000000E+000  0.835891151881826     
 tkh:  0.000000000000000E+000  0.835891151881826     
 qcl:  0.000000000000000E+000  0.000000000000000E+000
 qci:  0.000000000000000E+000  0.000000000000000E+000
 qpl:  0.000000000000000E+000  0.000000000000000E+000
 qpi:  0.000000000000000E+000  0.000000000000000E+000
 qrad(K/day):  -3.09956333278642       0.296177536985995     
 TR1:  0.000000000000000E+000  0.000000000000000E+000
 TR2:  0.000000000000000E+000  0.000000000000000E+000
 TR3:  0.000000000000000E+000  0.000000000000000E+000
 TR4:  0.000000000000000E+000  0.000000000000000E+000
 shf:   1.51917427418617        1.64217497201548     
 lhf:   41.9689643861125        85.8677104356893     
 uw: -1.383294794304086E-003  1.383294794301063E-003
 vw: -1.383294643926492E-003  1.383294643923075E-003
 sst:   303.150000000000        303.150000000000     
 ===========================
 total water budget:
 before (mm):         51.45292804108
 after (mm):          51.45394985791
 evaporation (mm):     0.00102181683
 precipitation (mm):   0.00000000000
 large-scale (mm):     0.00000000000
 Imbalance (mm)       0.00000000000
 evap (mm/day):   2.94283248417855     
 prec (mm/day):  0.000000000000000E+000
 ls (mm/day):  0.000000000000000E+000
 imbalance (mm/day)  4.661146468798449E-011
  imbalance (rel error):  2.761858857181070E-016
 ===========================
NSTEP =          9   NCYCLE=  1  CFL_adv= 0.045  CFL_sgs= 0.030
NSTEP =         10   NCYCLE=  1  CFL_adv= 0.050  CFL_sgs= 0.030
NSTEP =         11   NCYCLE=  1  CFL_adv= 0.054  CFL_sgs= 0.030
 Collecting statistics...
 name QCSTRG is missing in "lst" file.
NSTEP =         12   NCYCLE=  1  CFL_adv= 0.059  CFL_sgs= 0.030
 DAY =   4.166666666666667E-003
 NSTEP=          12
 div:  8.860439804242331E-017 -1.072702702421034E-016
 SST=   303.150000000000     
 surface pressure=   1014.80000000000     
 u: -0.610035912954434       0.610035912952873     
 v: -0.610035900479067       0.610035900477394     
 w: -5.688967579100861E-002  9.523799926312981E-002
 p:  -36.6102796618232        7.43398543629621     
 t:   302.119937068565        499.027987888144     
 tabs:   201.597417268523        302.356204279049     
 qv:  1.000000000000000E-006  2.120351364932044E-002
 tke:  0.000000000000000E+000  2.677288091467405E-002
 tk:  0.000000000000000E+000  0.840302591660047     
 tkh:  0.000000000000000E+000  0.840302591660047     
 qcl:  0.000000000000000E+000  0.000000000000000E+000
 qci:  0.000000000000000E+000  0.000000000000000E+000
 qpl:  0.000000000000000E+000  0.000000000000000E+000
 qpi:  0.000000000000000E+000  0.000000000000000E+000
 qrad(K/day):  -3.09956333278642       0.296177536985995     
 TR1:  0.000000000000000E+000  0.000000000000000E+000
 TR2:  0.000000000000000E+000  0.000000000000000E+000
 TR3:  0.000000000000000E+000  0.000000000000000E+000
 TR4:  0.000000000000000E+000  0.000000000000000E+000
 shf:   1.55297265584168        1.68974110275254     
 lhf:   41.9477568406972        85.6563594868059     
 uw: -2.093168867795386E-003  2.093168867787252E-003
 vw: -2.093169116747483E-003  2.093169116738953E-003
 sst:   303.150000000000        303.150000000000     
 ===========================
 total water budget:
 before (mm):         51.45700877981
 after (mm):          51.45802628401
 evaporation (mm):     0.00101750420
 precipitation (mm):   0.00000000000
 large-scale (mm):     0.00000000000
 Imbalance (mm)       0.00000000000
 evap (mm/day):   2.93041208411211     
 prec (mm/day):  0.000000000000000E+000
 ls (mm/day):  0.000000000000000E+000
 imbalance (mm/day) -1.421363027276356E-012
  imbalance (rel error):  0.000000000000000E+000
 ===========================
 Let's do some shortwave
 Range of zenith angles  0.732661695834013       0.732661695834013     
 Range of surface albedo (asdir)  3.383449086658900E-002  3.383449086658900E-002
 Range of surface albedo (aldir)  3.383449086658900E-002  3.383449086658900E-002
 Range of surface albedo (asdif)  6.000000000000000E-002  6.000000000000000E-002
 Range of surface albedo (aldif)  6.000000000000000E-002  6.000000000000000E-002
 radiation: perpetual sun, solin=   310.282741003913     
 longwave radiation is called
NSTEP =         13   NCYCLE=  1  CFL_adv= 0.063  CFL_sgs= 0.030
NSTEP =         14   NCYCLE=  1  CFL_adv= 0.068  CFL_sgs= 0.030
NSTEP =         15   NCYCLE=  1  CFL_adv= 0.072  CFL_sgs= 0.030
 Collecting statistics...
 name QCSTRG is missing in "lst" file.
NSTEP =         16   NCYCLE=  1  CFL_adv= 0.077  CFL_sgs= 0.031
 DAY =   5.555555555555556E-003
 NSTEP=          16
 div:  1.149804521971145E-016 -8.746999104809632E-017
 SST=   303.150000000000     
 surface pressure=   1014.80000000000     
 u: -0.763667617424137       0.763667617421330     
 v: -0.763667719940269       0.763667719937806     
 w: -6.073362934219317E-002  0.111985397787980     
 p:  -32.3355915496316        8.88502778941079     
 t:   302.117900255653        499.026998809047     
 tabs:   201.600956001527        302.346561808954     
 qv:  1.000000000000000E-006  2.121387653117356E-002
 tke:  0.000000000000000E+000  2.718308789875942E-002
 tk:  0.000000000000000E+000  0.846481701337863     
 tkh:  0.000000000000000E+000  0.846481701337863     
 qcl:  0.000000000000000E+000  0.000000000000000E+000
 qci:  0.000000000000000E+000  0.000000000000000E+000
 qpl:  0.000000000000000E+000  0.000000000000000E+000
 qpi:  0.000000000000000E+000  0.000000000000000E+000
 qrad(K/day):  -3.12786631451962       0.296096771929689     
 TR1:  0.000000000000000E+000  0.000000000000000E+000
 TR2:  0.000000000000000E+000  0.000000000000000E+000
 TR3:  0.000000000000000E+000  0.000000000000000E+000
 TR4:  0.000000000000000E+000  0.000000000000000E+000
 shf:   1.58248810203668        1.73865602315772     
 lhf:   41.9043578857662        85.5366821068733     
 uw: -2.688444959142013E-003  2.688444959126579E-003
 vw: -2.688445015190261E-003  2.688445015176037E-003
 sst:   303.150000000000        303.150000000000     
 ===========================
 total water budget:
 before (mm):         51.46107254102
 after (mm):          51.46208590919
 evaporation (mm):     0.00101336817
 precipitation (mm):   0.00000000000
 large-scale (mm):     0.00000000000
 Imbalance (mm)       0.00000000000
 evap (mm/day):   2.91850032537837     
 prec (mm/day):  0.000000000000000E+000
 ls (mm/day):  0.000000000000000E+000
 imbalance (mm/day)  2.586368619272861E-011
  imbalance (rel error):  1.380711106452213E-016
 ===========================
NSTEP =         17   NCYCLE=  1  CFL_adv= 0.081  CFL_sgs= 0.031
NSTEP =         18   NCYCLE=  1  CFL_adv= 0.086  CFL_sgs= 0.031
 Let's do some shortwave
 Range of zenith angles  0.732661695834013       0.732661695834013     
 Range of surface albedo (asdir)  3.383449086658900E-002  3.383449086658900E-002
 Range of surface albedo (aldir)  3.383449086658900E-002  3.383449086658900E-002
 Range of surface albedo (asdif)  6.000000000000000E-002  6.000000000000000E-002
 Range of surface albedo (aldif)  6.000000000000000E-002  6.000000000000000E-002
srun: Job step aborted: Waiting up to 302 seconds for job step to finish.
[2026-05-18T10:27:35.430] error: *** JOB 52804385 ON n125 CANCELLED AT 2026-05-18T10:27:35 DUE to SIGNAL Terminated ***
[2026-05-18T10:27:35.431] error: *** STEP 52804385.0 ON n125 CANCELLED AT 2026-05-18T10:27:35 DUE to SIGNAL Terminated ***
