n1833
n1833
n1833
n1833
n1833
n1833
n1833
n1833
n1833
n1833
n1833
n1833
n1833
n1833
n1833
n1833
n1833
n1833
n1833
n1833
n1833
n1833
n1833
n1833
n1833
n1833
n1833
n1833
n1833
n1833
n1833
n1833
n1826
n1826
n1826
n1826
n1826
n1826
n1826
n1826
n1826
n1826
n1826
n1826
n1826
n1826
n1826
n1826
n1826
n1826
n1826
n1826
n1826
n1826
n1826
n1826
n1826
n1826
n1826
n1826
n1826
n1826
n1826
n1826
 number of MPI tasks:          64
           **************************************************
           **************************************************
           *                                                *
           *      *****          **       ***          **   *
           *    ***   ***       ****      ****       ****   *
           *   ***     ***     *** ***    *****     *****   *
           *    ***           ***   ***   *** **   ** ***   *
           *       ***       ***     ***  ***  ** **  ***   *
           *          ***    ***     ***  ***   ***   ***   *
           *   ***     ***   ***********  ***         ***   *
           *    ***   ***    ***     ***  ***         ***   *
           *      *****      ***     ***  ***         ***   *
           *                                                *
           **************************************************
           **************************************************
           ***       System for Atmospheric Modeling      ***
           ***                    SAM                     ***
                     Version 6.10.9 (Feb 2016)  
           **************************************************
           ***     (C) Marat Khairoutdinov                ***
           *** School of Marine and Atmospheric Sciences  ***
           ***       Stony Brook University               ***
           **************************************************
           ***       The model can be used only with      ***
           ***         permission from the author!        ***
           ***       No transfer to any third party       ***
           ***                is allowed!                 ***
           **************************************************
           **************************************************
           ***       DATE 06/23/26 TIME 18:19:50          ***
           **************************************************
 
 ==============================================================
  You have chosen to use            1  ice categories in MICRO_P3.
 ==============================================================
 ==============================================================
  You have chosen to use            1  ice categories in MICRO_P3.
 ==============================================================
 ==============================================================
  You have chosen to use            1  ice categories in MICRO_P3.
 ==============================================================
 ==============================================================
  You have chosen to use            1  ice categories in MICRO_P3.
 ==============================================================
 ==============================================================
  You have chosen to use            1  ice categories in MICRO_P3.
 ==============================================================
 ==============================================================
  You have chosen to use            1  ice categories in MICRO_P3.
 ==============================================================
 ==============================================================
  You have chosen to use            1  ice categories in MICRO_P3.
 ==============================================================
 ==============================================================
  You have chosen to use            1  ice categories in MICRO_P3.
 ==============================================================
 ==============================================================
  You have chosen to use            1  ice categories in MICRO_P3.
 ==============================================================
 ==============================================================
  You have chosen to use            1  ice categories in MICRO_P3.
 ==============================================================
 ==============================================================
  You have chosen to use            1  ice categories in MICRO_P3.
 ==============================================================
 ==============================================================
  You have chosen to use            1  ice categories in MICRO_P3.
 ==============================================================
 ==============================================================
  You have chosen to use            1  ice categories in MICRO_P3.
 ==============================================================
 ==============================================================
  You have chosen to use            1  ice categories in MICRO_P3.
 ==============================================================
 ==============================================================
  You have chosen to use            1  ice categories in MICRO_P3.
 ==============================================================
 ==============================================================
  You have chosen to use            1  ice categories in MICRO_P3.
 ==============================================================
 ==============================================================
  You have chosen to use            1  ice categories in MICRO_P3.
 ==============================================================
 ==============================================================
  You have chosen to use            1  ice categories in MICRO_P3.
 ==============================================================
 ==============================================================
  You have chosen to use            1  ice categories in MICRO_P3.
 ==============================================================
 ==============================================================
 ==============================================================
  You have chosen to use            1  ice categories in MICRO_P3.
 ==============================================================
  You have chosen to use            1  ice categories in MICRO_P3.
 ==============================================================
 ==============================================================
  You have chosen to use            1  ice categories in MICRO_P3.
 ==============================================================
 ==============================================================
  You have chosen to use            1  ice categories in MICRO_P3.
 ==============================================================
 ==============================================================
  You have chosen to use            1  ice categories in MICRO_P3.
 ==============================================================
 ==============================================================
  You have chosen to use            1  ice categories in MICRO_P3.
 ==============================================================
 ==============================================================
  You have chosen to use            1  ice categories in MICRO_P3.
 ==============================================================
 ==============================================================
  You have chosen to use            1  ice categories in MICRO_P3.
 ==============================================================
 ==============================================================
  You have chosen to use            1  ice categories in MICRO_P3.
 ==============================================================
  You have chosen to use            1  ice categories in MICRO_P3.
 ==============================================================
 ==============================================================
 ==============================================================
  You have chosen to use            1  ice categories in MICRO_P3.
 ==============================================================
 ==============================================================
  You have chosen to use            1  ice categories in MICRO_P3.
 ==============================================================
 ==============================================================
  You have chosen to use            1  ice categories in MICRO_P3.
 ==============================================================
 ==============================================================
  You have chosen to use            1  ice categories in MICRO_P3.
 ==============================================================
 ==============================================================
  You have chosen to use            1  ice categories in MICRO_P3.
 ==============================================================
 ==============================================================
  You have chosen to use            1  ice categories in MICRO_P3.
 ==============================================================
 ==============================================================
 ==============================================================
  You have chosen to use            1  ice categories in MICRO_P3.
 ==============================================================
 ==============================================================
  You have chosen to use            1  ice categories in MICRO_P3.
 ==============================================================
 ==============================================================
  You have chosen to use            1  ice categories in MICRO_P3.
 ==============================================================
  You have chosen to use            1  ice categories in MICRO_P3.
 ==============================================================
 ==============================================================
  You have chosen to use            1  ice categories in MICRO_P3.
 ==============================================================
 ==============================================================
  You have chosen to use            1  ice categories in MICRO_P3.
 ==============================================================
 ==============================================================
  You have chosen to use            1  ice categories in MICRO_P3.
 ==============================================================
 ==============================================================
  You have chosen to use            1  ice categories in MICRO_P3.
 ==============================================================
 ==============================================================
  You have chosen to use            1  ice categories in MICRO_P3.
 ==============================================================
 ==============================================================
  You have chosen to use            1  ice categories in MICRO_P3.
 ==============================================================
  You have chosen to use            1  ice categories in MICRO_P3.
 ==============================================================
 ==============================================================
  You have chosen to use            1  ice categories in MICRO_P3.
 ==============================================================
 ==============================================================
  You have chosen to use            1  ice categories in MICRO_P3.
 ==============================================================
 ==============================================================
 ==============================================================
  You have chosen to use            1  ice categories in MICRO_P3.
 ==============================================================
 ==============================================================
  You have chosen to use            1  ice categories in MICRO_P3.
 ==============================================================
 ==============================================================
  You have chosen to use            1  ice categories in MICRO_P3.
 ==============================================================
 ==============================================================
  You have chosen to use            1  ice categories in MICRO_P3.
 ==============================================================
 ==============================================================
 ==============================================================
  You have chosen to use            1  ice categories in MICRO_P3.
 ==============================================================
 ==============================================================
  You have chosen to use            1  ice categories in MICRO_P3.
 ==============================================================
 ==============================================================
  You have chosen to use            1  ice categories in MICRO_P3.
 ==============================================================
 ==============================================================
  You have chosen to use            1  ice categories in MICRO_P3.
 ==============================================================
 ==============================================================
  You have chosen to use            1  ice categories in MICRO_P3.
 ==============================================================
 ==============================================================
  You have chosen to use            1  ice categories in MICRO_P3.
 ==============================================================
 ==============================================================
  You have chosen to use            1  ice categories in MICRO_P3.
 ==============================================================
 ==============================================================
  You have chosen to use            1  ice categories in MICRO_P3.
 ==============================================================
  You have chosen to use            1  ice categories in MICRO_P3.
 ==============================================================
 ==============================================================
 ==============================================================
  You have chosen to use            1  ice categories in MICRO_P3.
 ==============================================================
  You have chosen to use            1  ice categories in MICRO_P3.
 ==============================================================
 ==============================================================
  You have chosen to use            1  ice categories in MICRO_P3.
 ==============================================================
 
 surface pressure:    1014.80000000000     
 
  P3 microphysics: v3.1.14          
    P3_INIT (reading/creating look-up tables [v4.1, v4.1]) ...
    P3_INIT DONE.
 
 Initial Sounding:
  k      z    rho     rhoi    s      h     h*      qt      u      v     adz     
 Nsq
 128 27750.0  0.021  0.022 499.86 499.86 513.16   0.00   0.00   0.00  6.667     0.4655E-03
 127 27500.0  0.022  0.023 497.14 497.14 509.58   0.00   0.00   0.00  6.667     0.4889E-03
 126 27250.0  0.023  0.024 494.30 494.30 505.76   0.00   0.00   0.00  6.667     0.4734E-03
 125 27000.0  0.024  0.025 491.55 491.55 502.22   0.00   0.00   0.00  6.667     0.4979E-03
 124 26750.0  0.025  0.026 488.66 488.66 498.45   0.00   0.00   0.00  6.667     0.4824E-03
 123 26500.0  0.026  0.027 485.86 485.86 494.93   0.00   0.00   0.00  6.667     0.5065E-03
 122 26250.0  0.027  0.028 482.93 482.93 491.21   0.00   0.00   0.00  6.667     0.4909E-03
 121 26000.0  0.028  0.029 480.10 480.10 487.73   0.00   0.00   0.00  6.667     0.5154E-03
 120 25750.0  0.029  0.030 477.13 477.13 484.06   0.00   0.00   0.00  6.667     0.4997E-03
 119 25500.0  0.031  0.031 474.26 474.26 480.62   0.00   0.00   0.00  6.667     0.5267E-03
 118 25250.0  0.032  0.033 471.24 471.24 476.98   0.00   0.00   0.00  6.667     0.5109E-03
 117 25000.0  0.033  0.034 468.32 468.32 473.55   0.00   0.00   0.00  6.667     0.5436E-03
 116 24750.0  0.035  0.035 465.21 465.21 469.89   0.00   0.00   0.00  6.667     0.5278E-03
 115 24500.0  0.036  0.037 462.21 462.21 466.43   0.00   0.00   0.00  6.667     0.5679E-03
 114 24250.0  0.038  0.038 458.98 458.98 462.70   0.00   0.00   0.00  6.667     0.5520E-03
 113 24000.0  0.039  0.040 455.86 455.86 459.16   0.00   0.00   0.00  6.667     0.5943E-03
 112 23750.0  0.041  0.042 452.51 452.51 455.36   0.00   0.00   0.00  6.667     0.5783E-03
 111 23500.0  0.043  0.044 449.26 449.26 451.76   0.00   0.00   0.00  6.667     0.6095E-03
 110 23250.0  0.045  0.046 445.85 445.85 447.99   0.00   0.00   0.00  6.667     0.5933E-03
 109 23000.0  0.047  0.048 442.54 442.54 444.40   0.00   0.00   0.00  6.667     0.6029E-03
 108 22750.0  0.049  0.050 439.19 439.19 440.79   0.00   0.00   0.00  6.667     0.5864E-03
 107 22500.0  0.051  0.052 435.95 435.95 437.34   0.00   0.00   0.00  6.667     0.5957E-03
 106 22250.0  0.053  0.054 432.67 432.67 433.88   0.00   0.00   0.00  6.667     0.5788E-03
 105 22000.0  0.055  0.057 429.50 429.50 430.55   0.00   0.00   0.00  6.667     0.6125E-03
 104 21750.0  0.058  0.059 426.15 426.15 427.05   0.00   0.00   0.00  6.667     0.5955E-03
 103 21500.0  0.060  0.062 422.90 422.90 423.69   0.00   0.00   0.00  6.667     0.6421E-03
 102 21250.0  0.063  0.065 419.42 419.42 420.08   0.00   0.00   0.00  6.667     0.6250E-03
 101 21000.0  0.066  0.068 416.05 416.05 416.60   0.00   0.00   0.00  6.667     0.6717E-03
 100 20750.0  0.069  0.071 412.44 412.44 412.89   0.00   0.00   0.00  6.667     0.6545E-03
  99 20500.0  0.072  0.074 408.94 408.94 409.32  -0.00   0.00   0.00  6.667     0.6929E-03
  98 20250.0  0.076  0.078 405.26 405.26 405.56   0.00   0.00   0.00  6.667     0.6754E-03
  97 20000.0  0.080  0.081 401.69 401.69 401.94   0.00   0.00   0.00  6.667     0.6995E-03
  96 19750.0  0.083  0.085 398.01 398.01 398.21   0.00   0.00   0.00  6.667     0.6816E-03
  95 19500.0  0.087  0.090 394.45 394.45 394.61   0.00   0.00   0.00  6.667     0.6953E-03
  94 19250.0  0.092  0.094 390.84 390.84 390.97   0.00   0.00   0.00  6.667     0.6768E-03
  93 19000.0  0.096  0.099 387.34 387.34 387.45   0.00   0.00   0.00  6.667     0.6882E-03
  92 18750.0  0.101  0.103 383.80 383.80 383.90   0.00   0.00   0.00  6.667     0.6692E-03
  91 18500.0  0.106  0.108 380.38 380.38 380.46   0.00   0.00   0.00  6.667     0.6863E-03
  90 18250.0  0.111  0.114 376.89 376.89 376.96   0.00   0.00   0.00  6.667     0.6668E-03
  89 18000.0  0.117  0.119 373.52 373.52 373.58   0.00   0.00   0.00  6.667     0.6911E-03
  88 17750.0  0.122  0.125 370.03 370.04 370.09   0.00   0.00   0.00  6.667     0.6711E-03
  87 17500.0  0.128  0.132 366.67 366.67 366.72   0.00   0.00   0.00  6.667     0.6936E-03
  86 17250.0  0.135  0.138 363.21 363.21 363.26   0.00   0.00   0.00  6.667     0.6731E-03
  85 17000.0  0.142  0.145 359.87 359.88 359.91   0.00   0.00   0.00  6.667     0.6799E-03
  84 16750.0  0.149  0.152 356.52 356.52 356.55   0.00   0.00   0.00  6.667     0.6589E-03
  83 16500.0  0.156  0.160 353.28 353.28 353.31   0.00   0.00   0.00  6.667     0.6396E-03
  82 16250.0  0.164  0.168 350.15 350.15 350.18   0.00   0.00   0.00  6.667     0.6178E-03
  81 16000.0  0.172  0.176 347.13 347.14 347.16   0.00   0.00   0.00  6.667     0.5786E-03
  80 15750.0  0.180  0.184 344.32 344.33 344.35   0.00   0.00   0.00  6.667     0.5563E-03
  79 15500.0  0.189  0.193 341.62 341.63 341.65   0.00   0.00   0.00  6.667     0.5147E-03
  78 15250.0  0.197  0.202 339.13 339.13 339.15   0.00   0.00   0.00  6.667     0.4921E-03
  77 15000.0  0.206  0.211 336.74 336.75 336.77   0.00   0.00   0.00  6.667     0.4655E-03
  76 14750.0  0.215  0.220 334.49 334.49 334.51   0.00   0.00   0.00  6.667     0.4431E-03
  75 14500.0  0.225  0.230 332.34 332.34 332.36   0.00   0.00   0.00  6.667     0.4364E-03
  74 14250.0  0.235  0.240 330.22 330.22 330.24   0.00   0.00   0.00  6.667     0.4142E-03
  73 14000.0  0.245  0.250 328.20 328.21 328.22   0.00   0.00   0.00  6.667     0.4132E-03
  72 13750.0  0.256  0.261 326.19 326.19 326.21   0.00   0.00   0.00  6.667     0.3913E-03
  71 13500.0  0.267  0.272 324.27 324.28 324.29   0.00   0.00   0.00  6.667     0.3674E-03
  70 13250.0  0.278  0.283 322.47 322.48 322.49   0.00   0.00   0.00  6.667     0.3460E-03
  69 13000.0  0.289  0.295 320.77 320.78 320.79   0.00   0.00   0.00  6.667     0.2824E-03
  68 12750.0  0.301  0.306 319.38 319.38 319.40   0.00   0.00   0.00  6.667     0.2621E-03
  67 12500.0  0.312  0.318 318.07 318.08 318.09   0.00   0.00   0.00  6.667     0.1767E-03
  66 12250.0  0.324  0.329 317.19 317.20 317.21   0.00   0.00   0.00  6.667     0.1583E-03
  65 12000.0  0.335  0.341 316.40 316.41 316.42   0.00   0.00   0.00  6.667     0.9190E-04
  64 11750.0  0.346  0.352 315.93 315.94 315.96   0.01   0.00   0.00  6.667     0.7556E-04
  63 11500.0  0.357  0.363 315.54 315.56 315.58   0.01   0.00   0.00  6.667     0.5134E-04
  62 11250.0  0.369  0.374 315.28 315.30 315.32   0.01   0.00   0.00  6.667     0.3644E-04
  61 11000.0  0.380  0.386 315.09 315.12 315.15   0.01   0.00   0.00  6.667     0.4053E-04
  60 10750.0  0.392  0.398 314.87 314.92 314.95   0.02   0.00   0.00  6.667     0.2648E-04
  59 10500.0  0.404  0.410 314.73 314.79 314.84   0.02   0.00   0.00  6.667     0.3813E-04
  58 10250.0  0.416  0.422 314.52 314.60 314.66   0.03   0.00   0.00  6.667     0.2470E-04
  57 10000.0  0.428  0.434 314.39 314.48 314.56   0.04   0.00   0.00  6.667     0.3684E-04
  56  9750.0  0.441  0.447 314.18 314.31 314.41   0.05   0.00   0.00  6.667     0.2397E-04
  55  9500.0  0.453  0.460 314.05 314.20 314.33   0.06   0.00   0.00  6.667     0.3668E-04
  54  9250.0  0.466  0.473 313.84 314.04 314.19   0.08   0.00   0.00  6.667     0.2432E-04
  53  9000.0  0.479  0.486 313.71 313.95 314.14   0.10   0.00   0.00  6.667     0.3895E-04
  52  8750.0  0.493  0.500 313.48 313.79 314.01   0.12   0.00   0.00  6.667     0.2703E-04
  51  8500.0  0.507  0.514 313.32 313.70 313.98   0.15   0.00   0.00  6.667     0.4372E-04
  50  8250.0  0.521  0.528 313.07 313.44 313.86   0.15   0.00   0.00  6.667     0.3213E-04
  49  8000.0  0.535  0.542 312.88 313.33 313.84   0.18   0.00   0.00  6.667     0.5086E-04
  48  7750.0  0.550  0.557 312.57 313.13 313.73   0.22   0.00   0.00  6.667     0.3956E-04
  47  7500.0  0.564  0.572 312.33 313.00 313.72   0.27   0.00   0.00  6.667     0.5971E-04
  46  7250.0  0.580  0.587 311.97 312.78 313.60   0.32   0.00   0.00  6.667     0.4865E-04
  45  7000.0  0.595  0.603 311.67 312.63 313.60   0.38   0.00   0.00  6.667     0.7020E-04
  44  6750.0  0.611  0.619 311.24 312.39 313.49   0.46   0.00   0.00  6.667     0.5931E-04
  43  6500.0  0.628  0.636 310.87 312.21 313.49   0.54   0.00   0.00  6.667     0.8268E-04
  42  6250.0  0.645  0.653 310.34 311.94 313.36   0.64   0.00   0.00  6.667     0.7193E-04
  41  6000.0  0.662  0.670 309.89 311.73 313.37   0.74   0.00   0.00  6.667     0.9648E-04
  40  5750.0  0.679  0.688 309.27 311.43 313.21   0.86   0.00   0.00  6.596     0.8595E-04
  39  5505.3  0.697  0.706 308.73 311.20 313.20   0.99   0.00   0.00  6.526     0.1080E-03
  38  5260.5  0.715  0.724 308.04 310.89 313.03   1.14   0.00   0.00  6.386     0.9862E-04
  37  5026.3  0.733  0.742 307.44 310.64 313.00   1.28   0.00   0.00  6.246     0.1134E-03
  36  4792.1  0.751  0.760 306.74 310.36 312.89   1.45   0.00   0.00  6.105     0.1069E-03
  35  4568.4  0.769  0.778 306.10 310.14 312.88   1.61   0.00   0.00  5.965     0.1139E-03
  34  4344.7  0.787  0.796 305.42 309.91 312.84   1.80   0.00   0.00  5.825     0.1120E-03
  33  4131.6  0.805  0.813 304.78 309.73 312.87   1.98   0.00   0.00  5.684     0.1125E-03
  32  3918.4  0.822  0.831 304.14 309.57 312.94   2.17   0.00   0.00  5.544     0.1183E-03
  31  3715.8  0.840  0.848 303.49 309.43 312.99   2.38   0.00   0.00  5.404     0.1104E-03
  30  3513.2  0.857  0.866 302.88 309.33 313.16   2.58   0.00   0.00  5.263     0.1244E-03
  29  3321.1  0.874  0.883 302.23 309.25 313.23   2.81   0.00   0.00  5.123     0.1184E-03
  28  3128.9  0.891  0.900 301.60 309.20 313.39   3.04   0.00   0.00  4.982     0.1172E-03
  27  2947.4  0.908  0.916 301.01 309.18 313.60   3.27   0.00   0.00  4.842     0.1245E-03
  26  2765.8  0.924  0.933 300.38 309.18 313.77   3.52   0.00   0.00  4.702     0.1177E-03
  25  2594.7  0.941  0.949 299.82 309.20 314.02   3.75   0.00   0.00  4.561     0.1191E-03
  24  2423.7  0.957  0.965 299.25 309.24 314.30   3.99   0.00   0.00  4.421     0.1213E-03
  23  2263.2  0.972  0.980 298.71 309.29 314.58   4.23   0.00   0.00  4.281     0.1154E-03
  22  2102.6  0.987  0.995 298.18 309.37 314.94   4.47   0.00   0.00  4.140     0.1163E-03
  21  1952.6  1.002  1.010 297.69 309.45 315.31   4.70   0.00   0.00  4.000     0.1139E-03
  20  1802.6  1.017  1.024 297.21 309.54 315.73   4.93   0.00   0.00  3.860     0.1088E-03
  19  1663.2  1.031  1.038 296.77 309.64 316.20   5.15   0.00   0.00  3.719     0.1134E-03
  18  1523.7  1.045  1.052 296.32 309.78 316.65   5.38   0.00   0.00  3.579     0.1086E-03
  17  1394.7  1.058  1.065 295.92 309.92 317.15   5.60   0.00   0.00  3.439     0.1112E-03
  16  1265.8  1.071  1.077 295.51 310.15 317.64   5.86   0.00   0.00  3.298     0.1138E-03
  15  1147.4  1.084  1.090 295.12 310.43 318.10   6.13   0.00   0.00  3.158     0.1133E-03
  14  1028.9  1.096  1.102 294.73 310.81 318.59   6.43   0.00   0.00  3.018     0.1186E-03
  13   921.1  1.107  1.113 294.36 311.33 319.01   6.79   0.00   0.00  2.877     0.1126E-03
  12   813.2  1.118  1.124 294.00 311.91 319.50   7.16   0.00   0.00  2.737     0.1031E-03
  11   715.8  1.129  1.134 293.71 312.57 320.04   7.54   0.00   0.00  2.596     0.8026E-04
  10   618.4  1.138  1.143 293.48 313.15 320.78   7.86   0.00   0.00  2.456     0.5766E-04
   9   531.6  1.147  1.152 293.34 313.60 321.62   8.10   0.00   0.00  2.316     0.2983E-04
   8   444.7  1.156  1.160 293.26 313.85 322.70   8.23   0.00   0.00  2.175     0.2065E-04
   7   368.4  1.164  1.167 293.21 314.01 323.75   8.32   0.00   0.00  2.035     0.1295E-04
   6   292.1  1.171  1.174 293.18 314.11 324.88   8.37   0.00   0.00  1.895     0.1026E-04
   5   226.3  1.178  1.181 293.16 314.17 325.90   8.40   0.00   0.00  1.754     0.9696E-05
   4   160.5  1.184  1.187 293.15 314.22 326.95   8.43   0.00   0.00  1.614     0.7331E-05
   3   105.3  1.190  1.192 293.13 314.29 327.87   8.46   0.00   0.00  1.474    -0.8145E-05
   2    50.0  1.194  1.196 293.15 314.57 328.89   8.57   0.00   0.00  1.070    -0.3815E-05
   1    25.0  1.198  1.200 293.15 314.64 329.35   8.59   0.00   0.00  1.000      0.000    
  k      z    rho     rhoi    s      h     h*      qt      u      v     adz     
 Nsq
 
   k      z      dz     pres   presi   Tabs     tp     tpl      qt      Qc      
 Qi      REL
 128 27750.00  250.00   14.09   14.36  228.71  773.42  773.42  0.0000  0.0000  0.0000    0.00
 127 27500.00  250.00   14.63   14.91  228.44  764.29  764.29  0.0000  0.0000  0.0000    0.00
 126 27250.00  250.00   15.19   15.48  228.04  754.82  754.82  0.0000  0.0000  0.0000    0.00
 125 27000.00  250.00   15.77   16.07  227.73  745.76  745.76  0.0000  0.0000  0.0000    0.00
 124 26750.00  250.00   16.37   16.68  227.28  736.35  736.35  0.0000  0.0000  0.0000    0.00
 123 26500.00  250.00   17.00   17.32  226.93  727.34  727.34  0.0000  0.0000  0.0000    0.00
 122 26250.00  250.00   17.65   17.99  226.45  718.01  718.01  0.0000  0.0000  0.0000    0.00
 121 26000.00  250.00   18.33   18.68  226.06  709.07  709.07  0.0000  0.0000  0.0000    0.00
 120 25750.00  250.00   19.04   19.40  225.53  699.81  699.81  0.0000  0.0000  0.0000    0.00
 119 25500.00  250.00   19.77   20.15  225.10  690.95  690.95  0.0000  0.0000  0.0000    0.00
 118 25250.00  250.00   20.54   20.94  224.52  681.72  681.72  0.0000  0.0000  0.0000    0.00
 117 25000.00  250.00   21.34   21.75  224.04  672.90  672.90  0.0000  0.0000  0.0000    0.00
 116 24750.00  250.00   22.17   22.60  223.38  663.62  663.62  0.0000  0.0000  0.0000    0.00
 115 24500.00  250.00   23.04   23.48  222.82  654.75  654.75  0.0000  0.0000  0.0000    0.00
 114 24250.00  250.00   23.94   24.40  222.04  645.32  645.32  0.0000  0.0000  0.0000    0.00
 113 24000.00  250.00   24.88   25.36  221.36  636.29  636.29  0.0000  0.0000  0.0000    0.00
 112 23750.00  250.00   25.86   26.37  220.45  626.71  626.71  0.0000  0.0000  0.0000    0.00
 111 23500.00  250.00   26.88   27.41  219.64  617.53  617.53  0.0000  0.0000  0.0000    0.00
 110 23250.00  250.00   27.95   28.50  218.67  607.99  607.99  0.0000  0.0000  0.0000    0.00
 109 23000.00  250.00   29.07   29.64  217.81  598.85  598.85  0.0000  0.0000  0.0000    0.00
 108 22750.00  250.00   30.23   30.84  216.90  589.70  589.70  0.0000  0.0000  0.0000    0.00
 107 22500.00  250.00   31.45   32.08  216.11  580.93  580.93  0.0000  0.0000  0.0000    0.00
 106 22250.00  250.00   32.72   33.38  215.27  572.16  572.16  0.0000  0.0000  0.0000    0.00
 105 22000.00  250.00   34.05   34.73  214.54  563.77  563.77  0.0000  0.0000  0.0000    0.00
 104 21750.00  250.00   35.44   36.15  213.63  555.02  555.02  0.0000  0.0000  0.0000    0.00
 103 21500.00  250.00   36.89   37.63  212.83  546.65  546.65  0.0000  0.0000  0.0000    0.00
 102 21250.00  250.00   38.40   39.18  211.79  537.75  537.75  0.0000  0.0000  0.0000    0.00
 101 21000.00  250.00   39.98   40.80  210.86  529.24  529.24  0.0000  0.0000  0.0000    0.00
 100 20750.00  250.00   41.64   42.50  209.69  520.23  520.23  0.0000  0.0000  0.0000    0.00
  99 20500.00  250.00   43.38   44.28  208.64  511.60  511.60 -0.0000  0.0000  0.0000   -0.00
  98 20250.00  250.00   45.20   46.14  207.40  502.62  502.62  0.0001  0.0000  0.0000    0.08
  97 20000.00  250.00   47.11   48.09  206.27  494.02  494.02  0.0001  0.0000  0.0000    0.10
  96 19750.00  250.00   49.10   50.14  205.03  485.27  485.27  0.0001  0.0000  0.0000    0.13
  95 19500.00  250.00   51.20   52.28  203.92  476.89  476.89  0.0002  0.0000  0.0000    0.31
  94 19250.00  250.00   53.40   54.53  202.75  468.49  468.49  0.0002  0.0000  0.0000    0.37
  93 19000.00  250.00   55.70   56.89  201.69  460.46  460.46  0.0002  0.0000  0.0000    0.45
  92 18750.00  250.00   58.12   59.37  200.60  452.43  452.43  0.0002  0.0000  0.0000    0.53
  91 18500.00  250.00   60.65   61.97  199.62  444.76  444.76  0.0002  0.0000  0.0000    0.62
  90 18250.00  250.00   63.32   64.69  198.57  437.03  437.03  0.0002  0.0000  0.0000    0.72
  89 18000.00  250.00   66.11   67.55  197.64  429.65  429.65  0.0002  0.0000  0.0000    0.81
  88 17750.00  250.00   69.03   70.55  196.60  422.13  422.13  0.0002  0.0000  0.0000    0.92
  87 17500.00  250.00   72.11   73.70  195.68  414.95  414.95  0.0002  0.0000  0.0000    1.03
  86 17250.00  250.00   75.34   77.01  194.67  407.67  407.67  0.0003  0.0000  0.0000    1.74
  85 17000.00  250.00   78.72   80.48  193.77  400.72  400.72  0.0004  0.0000  0.0000    2.64
  84 16750.00  250.00   82.28   84.13  192.85  393.82  393.82  0.0006  0.0000  0.0000    4.45
  83 16500.00  250.00   86.02   87.95  192.06  387.25  387.25  0.0008  0.0000  0.0000    6.21
  82 16250.00  250.00   89.94   91.97  191.37  380.97  380.97  0.0010  0.0000  0.0000    8.11
  81 16000.00  250.00   94.05   96.18  190.80  375.01  375.01  0.0013  0.0000  0.0000   11.03
  80 15750.00  250.00   98.37  100.60  190.43  369.52  369.52  0.0015  0.0000  0.0000   13.31
  79 15500.00  250.00  102.88  105.22  190.17  364.31  364.31  0.0017  0.0000  0.0000   15.77
  78 15250.00  250.00  107.61  110.06  190.12  359.57  359.57  0.0018  0.0000  0.0000   17.47
  77 15000.00  250.00  112.56  115.12  190.18  355.09  355.09  0.0019  0.0000  0.0000   19.29
  76 14750.00  250.00  117.73  120.40  190.37  350.90  350.90  0.0019  0.0000  0.0000   20.17
  75 14500.00  250.00  123.13  125.92  190.66  346.96  346.96  0.0019  0.0000  0.0000   21.10
  74 14250.00  250.00  128.77  131.68  190.98  343.13  343.13  0.0019  0.0000  0.0000   22.06
  73 14000.00  250.00  134.65  137.69  191.41  339.53  339.53  0.0020  0.0000  0.0000   24.29
  72 13750.00  250.00  140.79  143.97  191.84  335.98  335.98  0.0020  0.0000  0.0000   25.39
  71 13500.00  250.00  147.20  150.51  192.37  332.65  332.65  0.0020  0.0000  0.0000   26.55
  70 13250.00  250.00  153.87  157.32  193.01  329.56  329.56  0.0022  0.0000  0.0000   30.53
  69 13000.00  250.00  160.83  164.41  193.75  326.67  326.67  0.0023  0.0000  0.0000   31.12
  68 12750.00  250.00  168.06  171.78  194.80  324.33  324.33  0.0027  0.0000  0.0000   34.64
  67 12500.00  250.00  175.57  179.44  195.94  322.18  322.18  0.0031  0.0000  0.0000   38.04
  66 12250.00  250.00  183.37  187.38  197.50  320.74  320.74  0.0039  0.0000  0.0000   44.35
  65 12000.00  250.00  191.44  195.59  199.14  319.45  319.45  0.0047  0.0000  0.0000   48.14
  64 11750.00  250.00  199.79  204.08  201.12  318.71  318.71  0.0063  0.0000  0.0000   54.20
  63 11500.00  250.00  208.42  212.85  203.18  318.10  318.10  0.0079  0.0000  0.0000   54.43
  62 11250.00  250.00  217.32  221.89  205.35  317.68  317.68  0.0107  0.0000  0.0000   56.76
  61 11000.00  250.00  226.51  231.22  207.60  317.39  317.39  0.0135  0.0000  0.0000   54.20
  60 10750.00  250.00  235.97  240.83  209.83  317.06  317.06  0.0181  0.0000  0.0000   55.45
  59 10500.00  250.00  245.73  250.72  212.13  316.85  316.85  0.0227  0.0000  0.0000   53.06
  58 10250.00  250.00  255.77  260.92  214.37  316.54  316.54  0.0303  0.0000  0.0000   55.10
  57 10000.00  250.00  266.12  271.42  216.68  316.35  316.35  0.0378  0.0000  0.0000   53.56
  56  9750.00  250.00  276.77  282.22  218.92  316.05  316.05  0.0496  0.0000  0.0000   55.73
  55  9500.00  250.00  287.72  293.33  221.23  315.86  315.86  0.0614  0.0000  0.0000   54.67
  54  9250.00  250.00  299.00  304.77  223.46  315.57  315.57  0.0792  0.0000  0.0000   56.75
  53  9000.00  250.00  310.59  316.52  225.77  315.37  315.37  0.0970  0.0000  0.0000   55.83
  52  8750.00  250.00  322.51  328.61  227.99  315.06  315.06  0.1234  0.0000  0.0000   57.89
  51  8500.00  250.00  334.77  341.03  230.27  314.84  314.84  0.1497  0.0000  0.0000   57.10
  50  8250.00  250.00  347.36  353.80  232.46  314.50  314.50  0.1503  0.0000  0.0000   47.32
  49  8000.00  250.00  360.30  366.92  234.71  314.24  314.24  0.1808  0.0000  0.0000   46.86
  48  7750.00  250.00  373.60  380.40  236.85  313.84  313.84  0.2236  0.0000  0.0000   48.46
  47  7500.00  250.00  387.26  394.24  239.05  313.52  313.52  0.2665  0.0000  0.0000   48.16
  46  7250.00  250.00  401.29  408.46  241.13  313.05  313.05  0.3248  0.0000  0.0000   49.74
  45  7000.00  250.00  415.69  423.06  243.28  312.66  312.66  0.3831  0.0000  0.0000   49.57
  44  6750.00  250.00  430.49  438.05  245.28  312.11  312.11  0.4602  0.0000  0.0000   51.13
  43  6500.00  250.00  445.68  453.44  247.35  311.64  311.64  0.5373  0.0000  0.0000   51.11
  42  6250.00  250.00  461.28  469.25  249.28  310.98  310.98  0.6373  0.0000  0.0000   52.78
  41  6000.00  250.00  477.29  485.48  251.26  310.42  310.42  0.7372  0.0000  0.0000   52.99
  40  5750.00  247.37  493.74  501.96  253.09  309.66  309.66  0.8638  0.0000  0.0000   54.79
  39  5505.26  244.74  510.26  518.70  254.94  309.00  309.00  0.9876  0.0000  0.0000   55.26
  38  5260.53  239.47  527.21  535.50  256.64  308.17  308.17  1.1384  0.0000  0.0000   57.00
  37  5026.32  234.21  543.85  552.34  258.32  307.45  307.45  1.2832  0.0000  0.0000   57.62
  36  4792.10  228.95  560.90  569.21  259.91  306.63  306.63  1.4510  0.0000  0.0000   58.98
  35  4568.42  223.68  577.58  586.08  261.47  305.89  305.89  1.6140  0.0000  0.0000   59.58
  34  4344.74  218.42  594.65  602.94  262.97  305.10  305.10  1.7960  0.0000  0.0000   60.52
  33  4131.58  213.16  611.30  619.77  264.41  304.36  304.36  1.9774  0.0000  0.0000   61.13
  32  3918.42  207.89  628.31  636.53  265.85  303.62  303.62  2.1717  0.0000  0.0000   61.69
  31  3715.79  202.63  644.83  653.23  267.18  302.89  302.89  2.3763  0.0000  0.0000   62.52
  30  3513.16  197.37  661.69  669.82  268.55  302.20  302.20  2.5809  0.0000  0.0000   62.76
  29  3321.05  192.11  678.01  686.29  269.78  301.47  301.47  2.8099  0.0000  0.0000   63.85
  28  3128.95  186.84  694.64  702.63  271.03  300.78  300.78  3.0414  0.0000  0.0000   64.48
  27  2947.37  181.58  710.67  718.80  272.21  300.13  300.13  3.2687  0.0000  0.0000   64.94
  26  2765.79  176.32  726.99  734.79  273.36  299.45  299.45  3.5168  0.0000  0.0000   65.71
  25  2594.74  171.05  742.64  750.57  274.47  298.84  298.84  3.7505  0.0000  0.0000   66.04
  24  2423.68  165.79  758.56  766.13  275.57  298.22  298.22  3.9943  0.0000  0.0000   66.36
  23  2263.16  160.53  773.75  781.44  276.59  297.64  297.64  4.2337  0.0000  0.0000   66.70
  22  2102.63  155.26  789.18  796.48  277.64  297.08  297.08  4.4731  0.0000  0.0000   66.74
  21  1952.63  150.00  803.83  811.23  278.61  296.56  296.56  4.7012  0.0000  0.0000   66.73
  20  1802.63  144.74  818.68  825.67  279.59  296.05  296.05  4.9313  0.0000  0.0000   66.57
  19  1663.16  139.47  832.70  839.78  280.52  295.59  295.59  5.1454  0.0000  0.0000   66.24
  18  1523.68  134.21  846.90  853.54  281.43  295.12  295.12  5.3812  0.0000  0.0000   66.18
  17  1394.74  128.95  860.20  866.92  282.29  294.71  294.71  5.5992  0.0000  0.0000   65.95
  16  1265.79  123.68  873.67  879.92  283.14  294.28  294.28  5.8558  0.0000  0.0000   66.14
  15  1147.37  118.42  886.19  892.51  283.91  293.88  293.88  6.1260  0.0000  0.0000   66.64
  14  1028.95  113.16  898.85  904.67  284.68  293.49  293.49  6.4304  0.0000  0.0000   67.38
  13   921.05  107.89  910.51  916.39  285.36  293.11  293.11  6.7878  0.0000  0.0000   68.84
  12   813.16  102.63  922.29  927.65  286.06  292.75  292.75  7.1625  0.0000  0.0000   70.23
  11   715.79   97.37  933.02  938.43  286.72  292.46  292.46  7.5411  0.0000  0.0000   71.62
  10   618.42   92.11  943.85  948.71  287.44  292.23  292.23  7.8645  0.0000  0.0000   72.05
   9   531.58   86.84  953.59  958.49  288.14  292.08  292.08  8.1033  0.0000  0.0000   71.63
   8   444.74   81.58  963.40  967.74  288.91  292.01  292.01  8.2328  0.0000  0.0000   69.92
   7   368.42   76.32  972.09  976.45  289.61  291.97  291.97  8.3153  0.0000  0.0000   68.09
   6   292.11   71.05  980.83  984.61  290.33  291.94  291.94  8.3670  0.0000  0.0000   66.01
   5   226.32   65.79  988.40  992.21  290.95  291.92  291.92  8.4006  0.0000  0.0000   64.17
   4   160.53   60.53  996.03  999.24  291.58  291.91  291.91  8.4302  0.0000  0.0000   62.36
   3   105.26   55.26 1002.46 1005.69  292.11  291.90  291.90  8.4626  0.0000  0.0000   60.92
   2    50.00   40.13 1008.93 1010.39  292.66  291.92  291.92  8.5688  0.0000  0.0000   59.94
   1    25.00   37.50 1011.86 1014.80  292.91  291.92  291.92  8.5937  0.0000  0.0000   59.35
   k      z      dz     pres   presi   Tabs     tp     tpl      qt      Qc      
 Qi      REL
 Smagorinsky SGS Closure
 Initialize isolated anvil cloud (case 31): IWC=0.3 g/m3, reff 20->40um, N 900->
 3600 L^-1
 Initializeing forcing data...
 sounding data: nsnd=           3   nzsnd=         128
 Observed sounding interval (days):  0.000000000000000E+000
   2000.00000000000     
 
 Case: iso_cld
 Caseid: isocld_P3_295SST_FAT_80SH8500m
 New Run.
 Day:  0.000000000000000E+000
 Model type: CEM
 Finish at timestep:        1440
 Finish on day:  0.500000000000000     
 
 Statistics file ouput frequency:           60  steps
 Statistics file sampling: every           15  steps
 printouts frequency:           4  steps
 Adams-Bashforth scheme order:           3
 
 Global Grid:         128         128         128
 Local Grid:          16          16         128
 Grid spacing (m) dx, dy, dz:   1000.00000000000        1000.00000000000     
   37.5000000000000     
 Domain dimensions (m):   128000.000000000        128000.000000000     
   27750.0000000000     
 dowallx= F
 dowally= F
 
 Timestep (sec):   30.0000000000000     
 domain translation velocities ug, vg:  0.000000000000000E+000
  0.000000000000000E+000
 
 do column model F
 do convective parameterization F
 do spange damping at the domain top:  T
 maintain grad. of scalars at the top: T
 clouds are allowed: T
 precipitation is allowed: T
 smoke cloud F
 SGS scheme is on: T
 larger-scale subsidence is on: F
 larger-scale tendency is on: F
 coriolis force is allowed: F
 vertical coriolis force is allowed: F
 longwave radiation: T
 shortwave radiation: T
 do seasonal solar cycle: F
 do perpetual sun: T
 compute effective radius for liquid: T
 compute effective radius for ice: T
 doradsimple =  F
 doradhomo = F
 dosolarconstant =  T
 solar_constant =    423.500000000000     
 zenith_angle =    42.8900000000000     
 doradlon =  F
 doradlat =  F
 Latitude0:  0.000000000000000E+000
 Longitude0:  0.000000000000000E+000
 rundatadir = ./RUNDATA
 factor to change present CO2 concentration: nxco2=   1.00000000000000     
 surface flux parameterization is on: T
 Surface type: OCEAN
  sensible heat flux prescribed: F
  latent heat flux prescribed: F
  surface stress prescribed: F
 dosfchomo =  F
 doisccp =  T
 domodis =  T
 domisr =  T
 dosimfilesout= F
 dodynamicocean = F
 doseawater= T
 salt_factor (satur. correction for salty water)=  0.981000000000000     
 dotracers = F
 output_sep = F
 perturb_type =           31
 doSAMconditionals = F
 dosatupdnconditionals = T
 doscamiopdata = F
 iopfile:
 dozero_out_day0 = F
 nsave2D =          120
 nsave2Dstart =            0
 nsave2Dend =     99960480
 save2Dbin =  T
 nsave3D =          120
 nsave3Dstart =            0
 nsave3Dend =     99960480
 save3Dbin =  T
 qnsave3D =   0.000000000000000E+000
 docolumn =  F
 doensemble =  F
 nensemble =            0
 nstatmom =         1000
 nstatmomstart =            1
 nstatmomend =            0
 savemombin =  F
 nmovie =         1000
 nmoviestart =     99999999
 nmovieend =     99999999
 Writting 3D data. file:./OUT_3D/iso_cld_isocld_P3_295SST_FAT_80SH8500m_64_00000
 00000.bin3D                                                     
 Number of statistics profiles:         490
 Statistics profiles to save:
PRES       U          V          UOBS       VOBS       WOBS       RHO        MSE     
DSE        SSE        THETAE     THETA      THETAV     THETAL     TABS       TABSOBS 
TL         QT         QV         QVOBS      TTEND      QTEND      QCL        QCI     
QPL        QPI        QN         QP         QNFR       FRACT      QSAT       QCOND   
PRECIP     RELH       TLFLUX     TLFLUXS    TVFLUX     QCFLUX     QIFLUX     SW      
SWSB       UW         UWSB       VW         VWSB       RADLWUP    RADLWDN    RADSWUP 
RADSWDN    RADQRLW    RADQRSW    RADQR      RADQRS     RADQRC     Q1C        Q1CC    
Q1CS       Q1LS       Q2         Q2C        Q2S        Q2LS       U2         V2      
W2         TL2        TQ         QT2        QC2        QI2        QS2        S2      
W3         AUP        WSKEW      TKE        TKES       TK         TKH        HLADV   
HLDIFF     HLLAT      HLRAD      QTADV      QTDIFF     QTSINK     QTSRC      QPADV   
QPDIFF     QPFALL     QPSRC      QPEVP      SHEAR      SHEARS     BUOYA      BUOYAS  
ADVTR      PRESSTR    ADVTRS     DIFTR      DISSIP     DISSIPS    WUADV      WVADV   
WUPRES     WVPRES     WUANIZ     WVANIZ     WUSHEAR    WVSHEAR    WUBUOY     WVBUOY  
WUDIFF     WVDIFF     W2ADV      W2PRES     W2REDIS    W2BUOY     W2DIFF     TWGRAD  
TWADV      TWDIFF     TWBUOY     TWPRES     TWPREC     QWGRAD     QWADV      QWDIFF  
QWBUOY     QWPRES     QWPREC     T2ADVTR    T2GRAD     T2DISSIP   T2DIFTR    T2PREC  
Q2ADVTR    Q2GRAD     Q2DISSIP   Q2DIFTR    Q2PREC     HYDRO      MCUP       MCDNS   
MCDNU      MC         CORE       CORECL     COREDN     COREDNCL   MCRUP      MCRDNS  
MCRDNU     MCR        QVTEND     QHTEND     QNUDGE     THTEND     TVTEND     TNUDGE  
WSTAR3     UADV       VADV       UDIFF      VDIFF      UNUDGE     VNUDGE     ULSADVV 
VLSADVV    USTOR      VSTOR      UTENDCOR   URESID     VTENDCOR   VRESID     HLSTOR  
QTSTOR     CLDCUMU1   CLDCUMD1   CLDCUMU2   CLDCUMD2   TBIAS      QBIAS      RELHBIAS
UXGRID     VXGRID     TKEDAMP    RADQRCLW   RADQRCSW   SURFVARS   CLD        WCLD    
UCLD       VCLD       MSECLD     DSECLD     TLCLD      TACLD      TVCLD      TVCLDA  
QTCLD      QNCLD      QPCLD      SCLD       WCLDA      TLWCLD     TVWCLD     SWCLD   
QTWCLD     QCWCLD     QIWCLD     HFCLD      HFCLDA     UCLDA      VCLDA      UPGFCLD 
VPGFCLD    WPGFCLD    UWCLD      VWCLD      UWSBCLD    VWSBCLD    MFCLD      MFHCLD  
MFHCLDA    MFTLCLD    MFTLCLDA   MFTVCLD    MFTVCLDA   MFQTCLD    MFQTCLDA   RUWCLD  
RVWCLD     RWWCLD     SUP        WSUP       USUP       VSUP       MSESUP     DSESUP  
TLSUP      TASUP      TVSUP      TVSUPA     QTSUP      QNSUP      QPSUP      SSUP    
WSUPA      TLWSUP     TVWSUP     SWSUP      QTWSUP     QCWSUP     QIWSUP     HFSUP   
HFSUPA     USUPA      VSUPA      UPGFSUP    VPGFSUP    WPGFSUP    UWSUP      VWSUP   
UWSBSUP    VWSBSUP    MFSUP      MFHSUP     MFHSUPA    MFTLSUP    MFTLSUPA   MFTVSUP 
MFTVSUPA   MFQTSUP    MFQTSUPA   RUWSUP     RVWSUP     RWWSUP     SDN        WSDN    
USDN       VSDN       MSESDN     DSESDN     TLSDN      TASDN      TVSDN      TVSDNA  
QTSDN      QNSDN      QPSDN      SSDN       WSDNA      TLWSDN     TVWSDN     SWSDN   
QTWSDN     QCWSDN     QIWSDN     HFSDN      HFSDNA     USDNA      VSDNA      UPGFSDN 
VPGFSDN    WPGFSDN    UWSDN      VWSDN      UWSBSDN    VWSBSDN    MFSDN      MFHSDN  
MFHSDNA    MFTLSDN    MFTLSDNA   MFTVSDN    MFTVSDNA   MFQTSDN    MFQTSDNA   RUWSDN  
RVWSDN     RWWSDN     ENV        WENV       UENV       VENV       MSEENV     DSEENV  
TLENV      TAENV      TVENV      TVENVA     QTENV      QNENV      QPENV      SENV    
WENVA      TLWENV     TVWENV     SWENV      QTWENV     QCWENV     QIWENV     HFENV   
HFENVA     UENVA      VENVA      UPGFENV    VPGFENV    WPGFENV    UWENV      VWENV   
UWSBENV    VWSBENV    MFENV      MFHENV     MFHENVA    MFTLENV    MFTLENVA   MFTVENV 
MFTVENVA   MFQTENV    MFQTENVA   RUWENV     RVWENV     RWWENV     QTFLUX     QTO     
QTO2       QTOADV     QTODIFF    QTOMPHY    QTOSED     QTOSDFLX   QTOSTRG    QTOFLXR 
QTOFLXS    NC         NCADV      NCDIFF     NCMPHY     NCSED      NCSDFLX    NCSTRG  
NCFLXR     NCFLXS     QR         QRADV      QRDIFF     QRMPHY     QRSED      QRSDFLX 
QRSTRG     QRFLXR     QRFLXS     NR         NRADV      NRDIFF     NRMPHY     NRSED   
NRSDFLX    NRSTRG     NRFLXR     NRFLXS     QIA        QIAADV     QIADIFF    QIAMPHY 
QIASED     QIASDFLX   QIASTRG    QIAFLXR    QIAFLXS    TAUQIA     QIAOEFFR   NIA     
NIAADV     NIADIFF    NIAMPHY    NIASED     NIASDFLX   NIASTRG    NIAFLXR    NIAFLXS 
IRA        IRAADV     IRADIFF    IRAMPHY    IRASED     IRASDFLX   IRASTRG    IRAFLXR 
IRAFLXS    IBA        IBAADV     IBADIFF    IBAMPHY    IBASED     IBASDFLX   IBASTRG 
IBAFLXR    IBAFLXS    QC         TAUQC      QCOEFFR    T1         QV1        qrcon   
qcacc      qcaut      qccon      qcnuc      qrevp      qcevp      qccol      qwgrth  
qidep      qrcol      qinuc      qisub      qimlt      qcrfrz     qinuc23    qcheti  
qrhetc     qrheti     qcshd      qcmul      qrmul      ninuc      ninuc2     ninuc3  
ncheti     nrheti     nimul      nimlt      nisub      nislf      nrchomi    qinuc2  
qinuc3     qfrz_het   qfrz_hom   qfrz_cdh   ncrfrz     nchetc     nrhetc     nrshdr  
ncshdc     rhorimec
forrtl: File exists
forrtl: severe (10): cannot overwrite existing file, unit 55, file /home/x_cison/SAM/SAM-P3-multi_ci/restore_version/./OUT_STAT/iso_cld_isocld_P3_295SST_FAT_80SH8500m.stat
Image              PC                Routine            Line        Source             
libifcoremt.so.5   000014905FB32EE0  for_open              Unknown  Unknown
SAM_ADV_UM5_SGS_T  0000000000462928  Unknown               Unknown  Unknown
SAM_ADV_UM5_SGS_T  0000000000489A89  Unknown               Unknown  Unknown
SAM_ADV_UM5_SGS_T  00000000004068BD  Unknown               Unknown  Unknown
libc.so.6          000014905DC2A610  Unknown               Unknown  Unknown
libc.so.6          000014905DC2A6C0  __libc_start_main     Unknown  Unknown
SAM_ADV_UM5_SGS_T  00000000004067D5  Unknown               Unknown  Unknown
srun: error: n1826: task 0: Exited with exit code 10
srun: Terminating StepId=53568208.0
[2026-06-23T18:19:57.687] error: *** STEP 53568208.0 ON n1826 CANCELLED AT 2026-06-23T18:19:57 DUE TO TASK FAILURE ***
forrtl: error (78): process killed (SIGTERM)
Image              PC                Routine            Line        Source             
libc.so.6          00001489D443FC60  Unknown               Unknown  Unknown
libmpi.so.12.0.0   00001489D67630C9  Unknown               Unknown  Unknown
libmpi.so.12.0.0   00001489D6757435  Unknown               Unknown  Unknown
libmpi.so.12.0.0   00001489D66897EA  Unknown               Unknown  Unknown
libmpi.so.12.0.0   00001489D6664B2A  Unknown               Unknown  Unknown
libmpi.so.12.0.0   00001489D67727DD  Unknown               Unknown  Unknown
libmpi.so.12.0.0   00001489D66405CC  PMPI_Allreduce        Unknown  Unknown
libmpifort.so.12.  00001489D7F01A50  mpi_allreduce_        Unknown  Unknown
SAM_ADV_UM5_SGS_T  00000000007465CA  Unknown               Unknown  Unknown
SAM_ADV_UM5_SGS_T  000000000047B022  Unknown               Unknown  Unknown
SAM_ADV_UM5_SGS_T  0000000000489C1E  Unknown               Unknown  Unknown
forrtl: error (78): process killed (SIGTERM)
Image              PC                Routine            Line        Source             
libc.so.6          0000152B44A3FC60  Unknown               Unknown  Unknown
libmpi.so.12.0.0   0000152B46CE30C9  Unknown               Unknown  Unknown
libmpi.so.12.0.0   0000152B46CD7435  Unknown               Unknown  Unknown
libmpi.so.12.0.0   0000152B46C097EA  Unknown               Unknown  Unknown
libmpi.so.12.0.0   0000152B46BE4B2A  Unknown               Unknown  Unknown
libmpi.so.12.0.0   0000152B46CF27DD  Unknown               Unknown  Unknown
libmpi.so.12.0.0   0000152B46BC05CC  PMPI_Allreduce        Unknown  Unknown
libmpifort.so.12.  0000152B48481A50  mpi_allreduce_        Unknown  Unknown
SAM_ADV_UM5_SGS_T  00000000007465CA  Unknown               Unknown  Unknown
SAM_ADV_UM5_SGS_T  000000000047B022  Unknown               Unknown  Unknown
SAM_ADV_UM5_SGS_T  0000000000489C1E  Unknown               Unknown  Unknown
SAM_ADV_UM5_SGS_T  00000000004068BD  Unknown               Unknown  Unknown
libc.so.6          00001489D442A610  Unknown               Unknown  Unknown
libc.so.6          00001489D442A6C0  __libc_start_main     Unknown  Unknown
SAM_ADV_UM5_SGS_T  00000000004067D5  Unknown               Unknown  Unknown
SAM_ADV_UM5_SGS_T  00000000004068BD  Unknown               Unknown  Unknown
libc.so.6          0000152B44A2A610  Unknown               Unknown  Unknown
libc.so.6          0000152B44A2A6C0  __libc_start_main     Unknown  Unknown
SAM_ADV_UM5_SGS_T  00000000004067D5  Unknown               Unknown  Unknown
forrtl: error (78): process killed (SIGTERM)
Image              PC                Routine            Line        Source             
libc.so.6          000014B156E3FC60  Unknown               Unknown  Unknown
libmpi.so.12.0.0   000014B1590E10C9  Unknown               Unknown  Unknown
libmpi.so.12.0.0   000014B1590D5435  Unknown               Unknown  Unknown
libmpi.so.12.0.0   000014B1590077EA  Unknown               Unknown  Unknown
libmpi.so.12.0.0   000014B158FE2B2A  Unknown               Unknown  Unknown
libmpi.so.12.0.0   000014B1590F07DD  Unknown               Unknown  Unknown
libmpi.so.12.0.0   000014B158FBE5CC  PMPI_Allreduce        Unknown  Unknown
libmpifort.so.12.  000014B15A87FA50  mpi_allreduce_        Unknown  Unknown
SAM_ADV_UM5_SGS_T  00000000007465CA  Unknown               Unknown  Unknown
SAM_ADV_UM5_SGS_T  000000000047B022  Unknown               Unknown  Unknown
SAM_ADV_UM5_SGS_T  0000000000489C1E  Unknown               Unknown  Unknown
SAM_ADV_UM5_SGS_T  00000000004068BD  Unknown               Unknown  Unknown
libc.so.6          000014B156E2A610  Unknown               Unknown  Unknown
libc.so.6          000014B156E2A6C0  __libc_start_main     Unknown  Unknown
SAM_ADV_UM5_SGS_T  00000000004067D5  Unknown               Unknown  Unknown
forrtl: error (78): process killed (SIGTERM)
Image              PC                Routine            Line        Source             
libc.so.6          000014B27DA3FC60  Unknown               Unknown  Unknown
libmpi.so.12.0.0   000014B27FCA20C9  Unknown               Unknown  Unknown
libmpi.so.12.0.0   000014B27FC96435  Unknown               Unknown  Unknown
libmpi.so.12.0.0   000014B27FBC87EA  Unknown               Unknown  Unknown
libmpi.so.12.0.0   000014B27FBA3B2A  Unknown               Unknown  Unknown
libmpi.so.12.0.0   000014B27FCB17DD  Unknown               Unknown  Unknown
libmpi.so.12.0.0   000014B27FB7F5CC  PMPI_Allreduce        Unknown  Unknown
libmpifort.so.12.  000014B281440A50  mpi_allreduce_        Unknown  Unknown
SAM_ADV_UM5_SGS_T  00000000007465CA  Unknown               Unknown  Unknown
SAM_ADV_UM5_SGS_T  000000000047B022  Unknown               Unknown  Unknown
SAM_ADV_UM5_SGS_T  0000000000489C1E  Unknown               Unknown  Unknown
SAM_ADV_UM5_SGS_T  00000000004068BD  Unknown               Unknown  Unknown
libc.so.6          000014B27DA2A610  Unknown               Unknown  Unknown
libc.so.6          000014B27DA2A6C0  __libc_start_main     Unknown  Unknown
SAM_ADV_UM5_SGS_T  00000000004067D5  Unknown               Unknown  Unknown
forrtl: error (78): process killed (SIGTERM)
Image              PC                Routine            Line        Source             
libc.so.6          000014B19983FC60  Unknown               Unknown  Unknown
libmpi.so.12.0.0   000014B19BB300C9  Unknown               Unknown  Unknown
libmpi.so.12.0.0   000014B19BB24435  Unknown               Unknown  Unknown
libmpi.so.12.0.0   000014B19BA567EA  Unknown               Unknown  Unknown
libmpi.so.12.0.0   000014B19BA31B2A  Unknown               Unknown  Unknown
libmpi.so.12.0.0   000014B19BB3F7DD  Unknown               Unknown  Unknown
libmpi.so.12.0.0   000014B19BA0D5CC  PMPI_Allreduce        Unknown  Unknown
libmpifort.so.12.  000014B19D2CEA50  mpi_allreduce_        Unknown  Unknown
SAM_ADV_UM5_SGS_T  00000000007465CA  Unknown               Unknown  Unknown
SAM_ADV_UM5_SGS_T  000000000047B022  Unknown               Unknown  Unknown
SAM_ADV_UM5_SGS_T  0000000000489C1E  Unknown               Unknown  Unknown
SAM_ADV_UM5_SGS_T  00000000004068BD  Unknown               Unknown  Unknown
libc.so.6          000014B19982A610  Unknown               Unknown  Unknown
libc.so.6          000014B19982A6C0  __libc_start_main     Unknown  Unknown
SAM_ADV_UM5_SGS_T  00000000004067D5  Unknown               Unknown  Unknown
forrtl: error (78): process killed (SIGTERM)
Image              PC                Routine            Line        Source             
libc.so.6          000014E94AA3FC60  Unknown               Unknown  Unknown
libmpi.so.12.0.0   000014E94CD3C0C9  Unknown               Unknown  Unknown
libmpi.so.12.0.0   000014E94CD30435  Unknown               Unknown  Unknown
libmpi.so.12.0.0   000014E94CC627EA  Unknown               Unknown  Unknown
libmpi.so.12.0.0   000014E94CC3DB2A  Unknown               Unknown  Unknown
libmpi.so.12.0.0   000014E94CD4B7DD  Unknown               Unknown  Unknown
libmpi.so.12.0.0   000014E94CC195CC  PMPI_Allreduce        Unknown  Unknown
libmpifort.so.12.  000014E94E4DAA50  mpi_allreduce_        Unknown  Unknown
SAM_ADV_UM5_SGS_T  00000000007465CA  Unknown               Unknown  Unknown
SAM_ADV_UM5_SGS_T  000000000047B022  Unknown               Unknown  Unknown
SAM_ADV_UM5_SGS_T  0000000000489C1E  Unknown               Unknown  Unknown
forrtl: error (78): process killed (SIGTERM)
Image              PC                Routine            Line        Source             
libc.so.6          000014671EE3FC60  Unknown               Unknown  Unknown
libmpi.so.12.0.0   000014672114C0C9  Unknown               Unknown  Unknown
libmpi.so.12.0.0   0000146721140435  Unknown               Unknown  Unknown
libmpi.so.12.0.0   00001467210727EA  Unknown               Unknown  Unknown
libmpi.so.12.0.0   000014672104DB2A  Unknown               Unknown  Unknown
libmpi.so.12.0.0   000014672115B7DD  Unknown               Unknown  Unknown
libmpi.so.12.0.0   00001467210295CC  PMPI_Allreduce        Unknown  Unknown
libmpifort.so.12.  00001467228EAA50  mpi_allreduce_        Unknown  Unknown
SAM_ADV_UM5_SGS_T  00000000007465CA  Unknown               Unknown  Unknown
SAM_ADV_UM5_SGS_T  000000000047B022  Unknown               Unknown  Unknown
SAM_ADV_UM5_SGS_T  0000000000489C1E  Unknown               Unknown  Unknown
SAM_ADV_UM5_SGS_T  00000000004068BD  Unknown               Unknown  Unknown
libc.so.6          000014E94AA2A610  Unknown               Unknown  Unknown
libc.so.6          000014E94AA2A6C0  __libc_start_main     Unknown  Unknown
SAM_ADV_UM5_SGS_T  00000000004067D5  Unknown               Unknown  Unknown
SAM_ADV_UM5_SGS_T  00000000004068BD  Unknown               Unknown  Unknown
libc.so.6          000014671EE2A610  Unknown               Unknown  Unknown
libc.so.6          000014671EE2A6C0  __libc_start_main     Unknown  Unknown
SAM_ADV_UM5_SGS_T  00000000004067D5  Unknown               Unknown  Unknown
forrtl: error (78): process killed (SIGTERM)
Image              PC                Routine            Line        Source             
libc.so.6          0000146067A3FC60  Unknown               Unknown  Unknown
libpsm2.so.2.2     0000145F4F96316D  Unknown               Unknown  Unknown
libpsm2.so.2.2     0000145F4F94C90F  psm2_mq_ipeek         Unknown  Unknown
libpsmx2-fi.so     0000145F4F9B5480  Unknown               Unknown  Unknown
libpsmx2-fi.so     0000145F4F9B71B4  Unknown               Unknown  Unknown
libmpi.so.12.0.0   0000146069C3D2DE  Unknown               Unknown  Unknown
libmpi.so.12.0.0   0000146069C1F52B  Unknown               Unknown  Unknown
libmpi.so.12.0.0   0000146069BFAB2A  Unknown               Unknown  Unknown
libmpi.so.12.0.0   0000146069D087DD  Unknown               Unknown  Unknown
libmpi.so.12.0.0   0000146069BD65CC  PMPI_Allreduce        Unknown  Unknown
libmpifort.so.12.  000014606B497A50  mpi_allreduce_        Unknown  Unknown
forrtl: error (78): process killed (SIGTERM)
Image              PC                Routine            Line        Source             
libc.so.6          000014CA2743FC60  Unknown               Unknown  Unknown
libmpi.so.12.0.0   000014CA297040CE  Unknown               Unknown  Unknown
libmpi.so.12.0.0   000014CA296F8435  Unknown               Unknown  Unknown
libmpi.so.12.0.0   000014CA2962A7EA  Unknown               Unknown  Unknown
libmpi.so.12.0.0   000014CA29605B2A  Unknown               Unknown  Unknown
libmpi.so.12.0.0   000014CA297137DD  Unknown               Unknown  Unknown
libmpi.so.12.0.0   000014CA295E15CC  PMPI_Allreduce        Unknown  Unknown
libmpifort.so.12.  000014CA2AEA2A50  mpi_allreduce_        Unknown  Unknown
SAM_ADV_UM5_SGS_T  00000000007465CA  Unknown               Unknown  Unknown
SAM_ADV_UM5_SGS_T  000000000047B022  Unknown               Unknown  Unknown
SAM_ADV_UM5_SGS_T  0000000000489C1E  Unknown               Unknown  Unknown
SAM_ADV_UM5_SGS_T  00000000007465CA  Unknown               Unknown  Unknown
SAM_ADV_UM5_SGS_T  000000000047B022  Unknown               Unknown  Unknown
SAM_ADV_UM5_SGS_T  0000000000489C1E  Unknown               Unknown  Unknown
SAM_ADV_UM5_SGS_T  00000000004068BD  Unknown               Unknown  Unknown
libc.so.6          0000146067A2A610  Unknown               Unknown  Unknown
libc.so.6          0000146067A2A6C0  __libc_start_main     Unknown  Unknown
SAM_ADV_UM5_SGS_T  00000000004067D5  Unknown               Unknown  Unknown
SAM_ADV_UM5_SGS_T  00000000004068BD  Unknown               Unknown  Unknown
libc.so.6          000014CA2742A610  Unknown               Unknown  Unknown
libc.so.6          000014CA2742A6C0  __libc_start_main     Unknown  Unknown
SAM_ADV_UM5_SGS_T  00000000004067D5  Unknown               Unknown  Unknown
forrtl: error (78): process killed (SIGTERM)
Image              PC                Routine            Line        Source             
libc.so.6          000014E83D43FC60  Unknown               Unknown  Unknown
libmpi.so.12.0.0   000014E83F6EB013  Unknown               Unknown  Unknown
libmpi.so.12.0.0   000014E83F6DF435  Unknown               Unknown  Unknown
libmpi.so.12.0.0   000014E83F6117EA  Unknown               Unknown  Unknown
libmpi.so.12.0.0   000014E83F5ECB2A  Unknown               Unknown  Unknown
libmpi.so.12.0.0   000014E83F6FA7DD  Unknown               Unknown  Unknown
libmpi.so.12.0.0   000014E83F5C85CC  PMPI_Allreduce        Unknown  Unknown
libmpifort.so.12.  000014E840E89A50  mpi_allreduce_        Unknown  Unknown
SAM_ADV_UM5_SGS_T  00000000007465CA  Unknown               Unknown  Unknown
SAM_ADV_UM5_SGS_T  000000000047B022  Unknown               Unknown  Unknown
SAM_ADV_UM5_SGS_T  0000000000489C1E  Unknown               Unknown  Unknown
SAM_ADV_UM5_SGS_T  00000000004068BD  Unknown               Unknown  Unknown
libc.so.6          000014E83D42A610  Unknown               Unknown  Unknown
libc.so.6          000014E83D42A6C0  __libc_start_main     Unknown  Unknown
SAM_ADV_UM5_SGS_T  00000000004067D5  Unknown               Unknown  Unknown
forrtl: error (78): process killed (SIGTERM)
Image              PC                Routine            Line        Source             
libc.so.6          000015369A03FC60  Unknown               Unknown  Unknown
libmpi.so.12.0.0   000015369C2E50C9  Unknown               Unknown  Unknown
libmpi.so.12.0.0   000015369C2D9435  Unknown               Unknown  Unknown
libmpi.so.12.0.0   000015369C20B7EA  Unknown               Unknown  Unknown
libmpi.so.12.0.0   000015369C1E6B2A  Unknown               Unknown  Unknown
libmpi.so.12.0.0   000015369C2F47DD  Unknown               Unknown  Unknown
libmpi.so.12.0.0   000015369C1C25CC  PMPI_Allreduce        Unknown  Unknown
libmpifort.so.12.  000015369DA83A50  mpi_allreduce_        Unknown  Unknown
SAM_ADV_UM5_SGS_T  00000000007465CA  Unknown               Unknown  Unknown
SAM_ADV_UM5_SGS_T  000000000047B022  Unknown               Unknown  Unknown
SAM_ADV_UM5_SGS_T  0000000000489C1E  Unknown               Unknown  Unknown
SAM_ADV_UM5_SGS_T  00000000004068BD  Unknown               Unknown  Unknown
libc.so.6          000015369A02A610  Unknown               Unknown  Unknown
libc.so.6          000015369A02A6C0  __libc_start_main     Unknown  Unknown
SAM_ADV_UM5_SGS_T  00000000004067D5  Unknown               Unknown  Unknown
forrtl: error (78): process killed (SIGTERM)
Image              PC                Routine            Line        Source             
libc.so.6          0000146ADDE3FC60  Unknown               Unknown  Unknown
libmpi.so.12.0.0   0000146ADFFF60CE  Unknown               Unknown  Unknown
libmpi.so.12.0.0   0000146ADFFEA435  Unknown               Unknown  Unknown
libmpi.so.12.0.0   0000146ADFF1C7EA  Unknown               Unknown  Unknown
libmpi.so.12.0.0   0000146ADFEF7B2A  Unknown               Unknown  Unknown
libmpi.so.12.0.0   0000146AE00057DD  Unknown               Unknown  Unknown
libmpi.so.12.0.0   0000146ADFED35CC  PMPI_Allreduce        Unknown  Unknown
libmpifort.so.12.  0000146AE1794A50  mpi_allreduce_        Unknown  Unknown
SAM_ADV_UM5_SGS_T  00000000007465CA  Unknown               Unknown  Unknown
SAM_ADV_UM5_SGS_T  000000000047B022  Unknown               Unknown  Unknown
SAM_ADV_UM5_SGS_T  0000000000489C1E  Unknown               Unknown  Unknown
forrtl: error (78): process killed (SIGTERM)
Image              PC                Routine            Line        Source             
libc.so.6          0000150182A3FC60  Unknown               Unknown  Unknown
libmpi.so.12.0.0   0000150184BCD0C9  Unknown               Unknown  Unknown
libmpi.so.12.0.0   0000150184BC1435  Unknown               Unknown  Unknown
libmpi.so.12.0.0   0000150184AF37EA  Unknown               Unknown  Unknown
libmpi.so.12.0.0   0000150184ACEB2A  Unknown               Unknown  Unknown
libmpi.so.12.0.0   0000150184BDC7DD  Unknown               Unknown  Unknown
libmpi.so.12.0.0   0000150184AAA5CC  PMPI_Allreduce        Unknown  Unknown
libmpifort.so.12.  000015018636BA50  mpi_allreduce_        Unknown  Unknown
SAM_ADV_UM5_SGS_T  00000000007465CA  Unknown               Unknown  Unknown
SAM_ADV_UM5_SGS_T  000000000047B022  Unknown               Unknown  Unknown
SAM_ADV_UM5_SGS_T  0000000000489C1E  Unknown               Unknown  Unknown
SAM_ADV_UM5_SGS_T  00000000004068BD  Unknown               Unknown  Unknown
libc.so.6          0000146ADDE2A610  Unknown               Unknown  Unknown
libc.so.6          0000146ADDE2A6C0  __libc_start_main     Unknown  Unknown
SAM_ADV_UM5_SGS_T  00000000004067D5  Unknown               Unknown  Unknown
SAM_ADV_UM5_SGS_T  00000000004068BD  Unknown               Unknown  Unknown
libc.so.6          0000150182A2A610  Unknown               Unknown  Unknown
libc.so.6          0000150182A2A6C0  __libc_start_main     Unknown  Unknown
SAM_ADV_UM5_SGS_T  00000000004067D5  Unknown               Unknown  Unknown
forrtl: error (78): process killed (SIGTERM)
Image              PC                Routine            Line        Source             
libc.so.6          000014F4E3E3FC60  Unknown               Unknown  Unknown
libmpi.so.12.0.0   000014F4E60080C9  Unknown               Unknown  Unknown
libmpi.so.12.0.0   000014F4E5FFC435  Unknown               Unknown  Unknown
libmpi.so.12.0.0   000014F4E5F2E7EA  Unknown               Unknown  Unknown
libmpi.so.12.0.0   000014F4E5F09B2A  Unknown               Unknown  Unknown
libmpi.so.12.0.0   000014F4E60177DD  Unknown               Unknown  Unknown
libmpi.so.12.0.0   000014F4E5EE55CC  PMPI_Allreduce        Unknown  Unknown
libmpifort.so.12.  000014F4E77A6A50  mpi_allreduce_        Unknown  Unknown
SAM_ADV_UM5_SGS_T  00000000007465CA  Unknown               Unknown  Unknown
SAM_ADV_UM5_SGS_T  000000000047B022  Unknown               Unknown  Unknown
SAM_ADV_UM5_SGS_T  0000000000489C1E  Unknown               Unknown  Unknown
forrtl: error (78): process killed (SIGTERM)
Image              PC                Routine            Line        Source             
libc.so.6          00001467CCE3FC60  Unknown               Unknown  Unknown
libmpi.so.12.0.0   00001467CF07B0C9  Unknown               Unknown  Unknown
libmpi.so.12.0.0   00001467CF06F435  Unknown               Unknown  Unknown
libmpi.so.12.0.0   00001467CEFA17EA  Unknown               Unknown  Unknown
libmpi.so.12.0.0   00001467CEF7CB2A  Unknown               Unknown  Unknown
libmpi.so.12.0.0   00001467CF08A7DD  Unknown               Unknown  Unknown
libmpi.so.12.0.0   00001467CEF585CC  PMPI_Allreduce        Unknown  Unknown
libmpifort.so.12.  00001467D0819A50  mpi_allreduce_        Unknown  Unknown
SAM_ADV_UM5_SGS_T  00000000007465CA  Unknown               Unknown  Unknown
SAM_ADV_UM5_SGS_T  000000000047B022  Unknown               Unknown  Unknown
SAM_ADV_UM5_SGS_T  0000000000489C1E  Unknown               Unknown  Unknown
SAM_ADV_UM5_SGS_T  00000000004068BD  Unknown               Unknown  Unknown
libc.so.6          000014F4E3E2A610  Unknown               Unknown  Unknown
libc.so.6          000014F4E3E2A6C0  __libc_start_main     Unknown  Unknown
SAM_ADV_UM5_SGS_T  00000000004067D5  Unknown               Unknown  Unknown
SAM_ADV_UM5_SGS_T  00000000004068BD  Unknown               Unknown  Unknown
libc.so.6          00001467CCE2A610  Unknown               Unknown  Unknown
libc.so.6          00001467CCE2A6C0  __libc_start_main     Unknown  Unknown
SAM_ADV_UM5_SGS_T  00000000004067D5  Unknown               Unknown  Unknown
forrtl: error (78): process killed (SIGTERM)
Image              PC                Routine            Line        Source             
libc.so.6          0000148A9A43FC60  Unknown               Unknown  Unknown
libmpi.so.12.0.0   0000148A9C7390C9  Unknown               Unknown  Unknown
libmpi.so.12.0.0   0000148A9C72D435  Unknown               Unknown  Unknown
libmpi.so.12.0.0   0000148A9C65F7EA  Unknown               Unknown  Unknown
libmpi.so.12.0.0   0000148A9C63AB2A  Unknown               Unknown  Unknown
libmpi.so.12.0.0   0000148A9C7487DD  Unknown               Unknown  Unknown
libmpi.so.12.0.0   0000148A9C6165CC  PMPI_Allreduce        Unknown  Unknown
libmpifort.so.12.  0000148A9DED7A50  mpi_allreduce_        Unknown  Unknown
SAM_ADV_UM5_SGS_T  00000000007465CA  Unknown               Unknown  Unknown
SAM_ADV_UM5_SGS_T  000000000047B022  Unknown               Unknown  Unknown
SAM_ADV_UM5_SGS_T  0000000000489C1E  Unknown               Unknown  Unknown
SAM_ADV_UM5_SGS_T  00000000004068BD  Unknown               Unknown  Unknown
libc.so.6          0000148A9A42A610  Unknown               Unknown  Unknown
libc.so.6          0000148A9A42A6C0  __libc_start_main     Unknown  Unknown
SAM_ADV_UM5_SGS_T  00000000004067D5  Unknown               Unknown  Unknown
forrtl: error (78): process killed (SIGTERM)
Image              PC                Routine            Line        Source             
libc.so.6          000014DED923FC60  Unknown               Unknown  Unknown
libmpi.so.12.0.0   000014DEDB4E30CE  Unknown               Unknown  Unknown
libmpi.so.12.0.0   000014DEDB4D7435  Unknown               Unknown  Unknown
libmpi.so.12.0.0   000014DEDB4097EA  Unknown               Unknown  Unknown
libmpi.so.12.0.0   000014DEDB3E4B2A  Unknown               Unknown  Unknown
libmpi.so.12.0.0   000014DEDB4F27DD  Unknown               Unknown  Unknown
libmpi.so.12.0.0   000014DEDB3C05CC  PMPI_Allreduce        Unknown  Unknown
libmpifort.so.12.  000014DEDCC81A50  mpi_allreduce_        Unknown  Unknown
SAM_ADV_UM5_SGS_T  00000000007465CA  Unknown               Unknown  Unknown
SAM_ADV_UM5_SGS_T  000000000047B022  Unknown               Unknown  Unknown
SAM_ADV_UM5_SGS_T  0000000000489C1E  Unknown               Unknown  Unknown
SAM_ADV_UM5_SGS_T  00000000004068BD  Unknown               Unknown  Unknown
libc.so.6          000014DED922A610  Unknown               Unknown  Unknown
libc.so.6          000014DED922A6C0  __libc_start_main     Unknown  Unknown
SAM_ADV_UM5_SGS_T  00000000004067D5  Unknown               Unknown  Unknown
forrtl: error (78): process killed (SIGTERM)
Image              PC                Routine            Line        Source             
libc.so.6          000014ADE043FC60  Unknown               Unknown  Unknown
libmpi.so.12.0.0   000014ADE26830C9  Unknown               Unknown  Unknown
libmpi.so.12.0.0   000014ADE2677435  Unknown               Unknown  Unknown
libmpi.so.12.0.0   000014ADE25A97EA  Unknown               Unknown  Unknown
libmpi.so.12.0.0   000014ADE2584B2A  Unknown               Unknown  Unknown
libmpi.so.12.0.0   000014ADE26927DD  Unknown               Unknown  Unknown
libmpi.so.12.0.0   000014ADE25605CC  PMPI_Allreduce        Unknown  Unknown
libmpifort.so.12.  000014ADE3E21A50  mpi_allreduce_        Unknown  Unknown
SAM_ADV_UM5_SGS_T  00000000007465CA  Unknown               Unknown  Unknown
SAM_ADV_UM5_SGS_T  000000000047B022  Unknown               Unknown  Unknown
SAM_ADV_UM5_SGS_T  0000000000489C1E  Unknown               Unknown  Unknown
SAM_ADV_UM5_SGS_T  00000000004068BD  Unknown               Unknown  Unknown
libc.so.6          000014ADE042A610  Unknown               Unknown  Unknown
libc.so.6          000014ADE042A6C0  __libc_start_main     Unknown  Unknown
SAM_ADV_UM5_SGS_T  00000000004067D5  Unknown               Unknown  Unknown
forrtl: error (78): process killed (SIGTERM)
Image              PC                Routine            Line        Source             
libc.so.6          00001515A863FC60  Unknown               Unknown  Unknown
libmpi.so.12.0.0   00001515AA9AE0C9  Unknown               Unknown  Unknown
libmpi.so.12.0.0   00001515AA9A2435  Unknown               Unknown  Unknown
libmpi.so.12.0.0   00001515AA8D47EA  Unknown               Unknown  Unknown
libmpi.so.12.0.0   00001515AA8AFB2A  Unknown               Unknown  Unknown
libmpi.so.12.0.0   00001515AA9BD7DD  Unknown               Unknown  Unknown
libmpi.so.12.0.0   00001515AA88B5CC  PMPI_Allreduce        Unknown  Unknown
libmpifort.so.12.  00001515AC14CA50  mpi_allreduce_        Unknown  Unknown
SAM_ADV_UM5_SGS_T  00000000007465CA  Unknown               Unknown  Unknown
SAM_ADV_UM5_SGS_T  000000000047B022  Unknown               Unknown  Unknown
SAM_ADV_UM5_SGS_T  0000000000489C1E  Unknown               Unknown  Unknown
SAM_ADV_UM5_SGS_T  00000000004068BD  Unknown               Unknown  Unknown
libc.so.6          00001515A862A610  Unknown               Unknown  Unknown
libc.so.6          00001515A862A6C0  __libc_start_main     Unknown  Unknown
SAM_ADV_UM5_SGS_T  00000000004067D5  Unknown               Unknown  Unknown
forrtl: error (78): process killed (SIGTERM)
Image              PC                Routine            Line        Source             
libc.so.6          000014D925C3FC60  Unknown               Unknown  Unknown
libmpi.so.12.0.0   000014D927F0A0C9  Unknown               Unknown  Unknown
libmpi.so.12.0.0   000014D927EFE435  Unknown               Unknown  Unknown
libmpi.so.12.0.0   000014D927E307EA  Unknown               Unknown  Unknown
libmpi.so.12.0.0   000014D927E0BB2A  Unknown               Unknown  Unknown
libmpi.so.12.0.0   000014D927F197DD  Unknown               Unknown  Unknown
libmpi.so.12.0.0   000014D927DE75CC  PMPI_Allreduce        Unknown  Unknown
libmpifort.so.12.  000014D9296A8A50  mpi_allreduce_        Unknown  Unknown
SAM_ADV_UM5_SGS_T  00000000007465CA  Unknown               Unknown  Unknown
SAM_ADV_UM5_SGS_T  000000000047B022  Unknown               Unknown  Unknown
SAM_ADV_UM5_SGS_T  0000000000489C1E  Unknown               Unknown  Unknown
SAM_ADV_UM5_SGS_T  00000000004068BD  Unknown               Unknown  Unknown
libc.so.6          000014D925C2A610  Unknown               Unknown  Unknown
libc.so.6          000014D925C2A6C0  __libc_start_main     Unknown  Unknown
SAM_ADV_UM5_SGS_T  00000000004067D5  Unknown               Unknown  Unknown
forrtl: error (78): process killed (SIGTERM)
Image              PC                Routine            Line        Source             
libc.so.6          000014F9F483FC60  Unknown               Unknown  Unknown
libmpi.so.12.0.0   000014F9F6AAB0C9  Unknown               Unknown  Unknown
libmpi.so.12.0.0   000014F9F6A9F435  Unknown               Unknown  Unknown
libmpi.so.12.0.0   000014F9F69D17EA  Unknown               Unknown  Unknown
libmpi.so.12.0.0   000014F9F69ACB2A  Unknown               Unknown  Unknown
libmpi.so.12.0.0   000014F9F6ABA7DD  Unknown               Unknown  Unknown
libmpi.so.12.0.0   000014F9F69885CC  PMPI_Allreduce        Unknown  Unknown
libmpifort.so.12.  000014F9F8249A50  mpi_allreduce_        Unknown  Unknown
SAM_ADV_UM5_SGS_T  00000000007465CA  Unknown               Unknown  Unknown
SAM_ADV_UM5_SGS_T  000000000047B022  Unknown               Unknown  Unknown
SAM_ADV_UM5_SGS_T  0000000000489C1E  Unknown               Unknown  Unknown
SAM_ADV_UM5_SGS_T  00000000004068BD  Unknown               Unknown  Unknown
libc.so.6          000014F9F482A610  Unknown               Unknown  Unknown
libc.so.6          000014F9F482A6C0  __libc_start_main     Unknown  Unknown
SAM_ADV_UM5_SGS_T  00000000004067D5  Unknown               Unknown  Unknown
forrtl: error (78): process killed (SIGTERM)
Image              PC                Routine            Line        Source             
libc.so.6          000014A68C83FC60  Unknown               Unknown  Unknown
libmpi.so.12.0.0   000014A68EAFD0C9  Unknown               Unknown  Unknown
libmpi.so.12.0.0   000014A68EAF1435  Unknown               Unknown  Unknown
libmpi.so.12.0.0   000014A68EA237EA  Unknown               Unknown  Unknown
libmpi.so.12.0.0   000014A68E9FEB2A  Unknown               Unknown  Unknown
libmpi.so.12.0.0   000014A68EB0C7DD  Unknown               Unknown  Unknown
libmpi.so.12.0.0   000014A68E9DA5CC  PMPI_Allreduce        Unknown  Unknown
libmpifort.so.12.  000014A69029BA50  mpi_allreduce_        Unknown  Unknown
SAM_ADV_UM5_SGS_T  00000000007465CA  Unknown               Unknown  Unknown
SAM_ADV_UM5_SGS_T  000000000047B022  Unknown               Unknown  Unknown
SAM_ADV_UM5_SGS_T  0000000000489C1E  Unknown               Unknown  Unknown
SAM_ADV_UM5_SGS_T  00000000004068BD  Unknown               Unknown  Unknown
libc.so.6          000014A68C82A610  Unknown               Unknown  Unknown
libc.so.6          000014A68C82A6C0  __libc_start_main     Unknown  Unknown
SAM_ADV_UM5_SGS_T  00000000004067D5  Unknown               Unknown  Unknown
forrtl: error (78): process killed (SIGTERM)
Image              PC                Routine            Line        Source             
libc.so.6          00001502F843FC60  Unknown               Unknown  Unknown
libmpi.so.12.0.0   00001502FA6CE0C9  Unknown               Unknown  Unknown
libmpi.so.12.0.0   00001502FA6C2435  Unknown               Unknown  Unknown
libmpi.so.12.0.0   00001502FA5F47EA  Unknown               Unknown  Unknown
libmpi.so.12.0.0   00001502FA5CFB2A  Unknown               Unknown  Unknown
libmpi.so.12.0.0   00001502FA6DD7DD  Unknown               Unknown  Unknown
libmpi.so.12.0.0   00001502FA5AB5CC  PMPI_Allreduce        Unknown  Unknown
libmpifort.so.12.  00001502FBE6CA50  mpi_allreduce_        Unknown  Unknown
SAM_ADV_UM5_SGS_T  00000000007465CA  Unknown               Unknown  Unknown
SAM_ADV_UM5_SGS_T  000000000047B022  Unknown               Unknown  Unknown
SAM_ADV_UM5_SGS_T  0000000000489C1E  Unknown               Unknown  Unknown
SAM_ADV_UM5_SGS_T  00000000004068BD  Unknown               Unknown  Unknown
libc.so.6          00001502F842A610  Unknown               Unknown  Unknown
libc.so.6          00001502F842A6C0  __libc_start_main     Unknown  Unknown
SAM_ADV_UM5_SGS_T  00000000004067D5  Unknown               Unknown  Unknown
forrtl: error (78): process killed (SIGTERM)
Image              PC                Routine            Line        Source             
libc.so.6          0000146D6523FC60  Unknown               Unknown  Unknown
libmpi.so.12.0.0   0000146D674930C9  Unknown               Unknown  Unknown
libmpi.so.12.0.0   0000146D67487435  Unknown               Unknown  Unknown
libmpi.so.12.0.0   0000146D673B97EA  Unknown               Unknown  Unknown
libmpi.so.12.0.0   0000146D67394B2A  Unknown               Unknown  Unknown
libmpi.so.12.0.0   0000146D674A27DD  Unknown               Unknown  Unknown
libmpi.so.12.0.0   0000146D673705CC  PMPI_Allreduce        Unknown  Unknown
libmpifort.so.12.  0000146D68C31A50  mpi_allreduce_        Unknown  Unknown
SAM_ADV_UM5_SGS_T  00000000007465CA  Unknown               Unknown  Unknown
SAM_ADV_UM5_SGS_T  000000000047B022  Unknown               Unknown  Unknown
SAM_ADV_UM5_SGS_T  0000000000489C1E  Unknown               Unknown  Unknown
forrtl: error (78): process killed (SIGTERM)
Image              PC                Routine            Line        Source             
libc.so.6          0000148A4463FC60  Unknown               Unknown  Unknown
libmpi.so.12.0.0   0000148A469710C9  Unknown               Unknown  Unknown
libmpi.so.12.0.0   0000148A46965435  Unknown               Unknown  Unknown
libmpi.so.12.0.0   0000148A468977EA  Unknown               Unknown  Unknown
libmpi.so.12.0.0   0000148A46872B2A  Unknown               Unknown  Unknown
libmpi.so.12.0.0   0000148A469807DD  Unknown               Unknown  Unknown
libmpi.so.12.0.0   0000148A4684E5CC  PMPI_Allreduce        Unknown  Unknown
libmpifort.so.12.  0000148A4810FA50  mpi_allreduce_        Unknown  Unknown
SAM_ADV_UM5_SGS_T  00000000007465CA  Unknown               Unknown  Unknown
SAM_ADV_UM5_SGS_T  000000000047B022  Unknown               Unknown  Unknown
SAM_ADV_UM5_SGS_T  0000000000489C1E  Unknown               Unknown  Unknown
SAM_ADV_UM5_SGS_T  00000000004068BD  Unknown               Unknown  Unknown
libc.so.6          0000146D6522A610  Unknown               Unknown  Unknown
libc.so.6          0000146D6522A6C0  __libc_start_main     Unknown  Unknown
SAM_ADV_UM5_SGS_T  00000000004067D5  Unknown               Unknown  Unknown
SAM_ADV_UM5_SGS_T  00000000004068BD  Unknown               Unknown  Unknown
libc.so.6          0000148A4462A610  Unknown               Unknown  Unknown
libc.so.6          0000148A4462A6C0  __libc_start_main     Unknown  Unknown
SAM_ADV_UM5_SGS_T  00000000004067D5  Unknown               Unknown  Unknown
forrtl: error (78): process killed (SIGTERM)
Image              PC                Routine            Line        Source             
libc.so.6          0000150B3683FC60  Unknown               Unknown  Unknown
libmpi.so.12.0.0   0000150B38AC30C9  Unknown               Unknown  Unknown
libmpi.so.12.0.0   0000150B38AB7435  Unknown               Unknown  Unknown
libmpi.so.12.0.0   0000150B389E97EA  Unknown               Unknown  Unknown
libmpi.so.12.0.0   0000150B389C4B2A  Unknown               Unknown  Unknown
libmpi.so.12.0.0   0000150B38AD27DD  Unknown               Unknown  Unknown
libmpi.so.12.0.0   0000150B389A05CC  PMPI_Allreduce        Unknown  Unknown
libmpifort.so.12.  0000150B3A261A50  mpi_allreduce_        Unknown  Unknown
SAM_ADV_UM5_SGS_T  00000000007465CA  Unknown               Unknown  Unknown
SAM_ADV_UM5_SGS_T  000000000047B022  Unknown               Unknown  Unknown
SAM_ADV_UM5_SGS_T  0000000000489C1E  Unknown               Unknown  Unknown
SAM_ADV_UM5_SGS_T  00000000004068BD  Unknown               Unknown  Unknown
libc.so.6          0000150B3682A610  Unknown               Unknown  Unknown
libc.so.6          0000150B3682A6C0  __libc_start_main     Unknown  Unknown
SAM_ADV_UM5_SGS_T  00000000004067D5  Unknown               Unknown  Unknown
forrtl: error (78): process killed (SIGTERM)
Image              PC                Routine            Line        Source             
libc.so.6          000014887663FC60  Unknown               Unknown  Unknown
libmpi.so.12.0.0   000014887880F0C9  Unknown               Unknown  Unknown
libmpi.so.12.0.0   0000148878803435  Unknown               Unknown  Unknown
libmpi.so.12.0.0   00001488787357EA  Unknown               Unknown  Unknown
libmpi.so.12.0.0   0000148878710B2A  Unknown               Unknown  Unknown
libmpi.so.12.0.0   000014887881E7DD  Unknown               Unknown  Unknown
libmpi.so.12.0.0   00001488786EC5CC  PMPI_Allreduce        Unknown  Unknown
libmpifort.so.12.  0000148879FADA50  mpi_allreduce_        Unknown  Unknown
SAM_ADV_UM5_SGS_T  00000000007465CA  Unknown               Unknown  Unknown
SAM_ADV_UM5_SGS_T  000000000047B022  Unknown               Unknown  Unknown
SAM_ADV_UM5_SGS_T  0000000000489C1E  Unknown               Unknown  Unknown
SAM_ADV_UM5_SGS_T  00000000004068BD  Unknown               Unknown  Unknown
libc.so.6          000014887662A610  Unknown               Unknown  Unknown
libc.so.6          000014887662A6C0  __libc_start_main     Unknown  Unknown
SAM_ADV_UM5_SGS_T  00000000004067D5  Unknown               Unknown  Unknown
forrtl: error (78): process killed (SIGTERM)
Image              PC                Routine            Line        Source             
libc.so.6          0000154C60A3FC60  Unknown               Unknown  Unknown
libmpi.so.12.0.0   0000154C62D450C9  Unknown               Unknown  Unknown
libmpi.so.12.0.0   0000154C62D39435  Unknown               Unknown  Unknown
libmpi.so.12.0.0   0000154C62C6B7EA  Unknown               Unknown  Unknown
libmpi.so.12.0.0   0000154C62C46B2A  Unknown               Unknown  Unknown
libmpi.so.12.0.0   0000154C62D547DD  Unknown               Unknown  Unknown
libmpi.so.12.0.0   0000154C62C225CC  PMPI_Allreduce        Unknown  Unknown
libmpifort.so.12.  0000154C644E3A50  mpi_allreduce_        Unknown  Unknown
SAM_ADV_UM5_SGS_T  00000000007465CA  Unknown               Unknown  Unknown
SAM_ADV_UM5_SGS_T  000000000047B022  Unknown               Unknown  Unknown
SAM_ADV_UM5_SGS_T  0000000000489C1E  Unknown               Unknown  Unknown
forrtl: error (78): process killed (SIGTERM)
Image              PC                Routine            Line        Source             
libc.so.6          00001463F2E3FC60  Unknown               Unknown  Unknown
libmpi.so.12.0.0   00001463F515A0C9  Unknown               Unknown  Unknown
libmpi.so.12.0.0   00001463F514E435  Unknown               Unknown  Unknown
libmpi.so.12.0.0   00001463F50807EA  Unknown               Unknown  Unknown
libmpi.so.12.0.0   00001463F505BB2A  Unknown               Unknown  Unknown
libmpi.so.12.0.0   00001463F51697DD  Unknown               Unknown  Unknown
libmpi.so.12.0.0   00001463F50375CC  PMPI_Allreduce        Unknown  Unknown
libmpifort.so.12.  00001463F68F8A50  mpi_allreduce_        Unknown  Unknown
SAM_ADV_UM5_SGS_T  00000000007465CA  Unknown               Unknown  Unknown
SAM_ADV_UM5_SGS_T  000000000047B022  Unknown               Unknown  Unknown
SAM_ADV_UM5_SGS_T  0000000000489C1E  Unknown               Unknown  Unknown
SAM_ADV_UM5_SGS_T  00000000004068BD  Unknown               Unknown  Unknown
libc.so.6          0000154C60A2A610  Unknown               Unknown  Unknown
libc.so.6          0000154C60A2A6C0  __libc_start_main     Unknown  Unknown
SAM_ADV_UM5_SGS_T  00000000004067D5  Unknown               Unknown  Unknown
SAM_ADV_UM5_SGS_T  00000000004068BD  Unknown               Unknown  Unknown
libc.so.6          00001463F2E2A610  Unknown               Unknown  Unknown
libc.so.6          00001463F2E2A6C0  __libc_start_main     Unknown  Unknown
SAM_ADV_UM5_SGS_T  00000000004067D5  Unknown               Unknown  Unknown
forrtl: error (78): process killed (SIGTERM)
Image              PC                Routine            Line        Source             
libc.so.6          000014A50223FC60  Unknown               Unknown  Unknown
libmpi.so.12.0.0   000014A5045950C9  Unknown               Unknown  Unknown
libmpi.so.12.0.0   000014A504589435  Unknown               Unknown  Unknown
libmpi.so.12.0.0   000014A5044BB7EA  Unknown               Unknown  Unknown
libmpi.so.12.0.0   000014A504496B2A  Unknown               Unknown  Unknown
libmpi.so.12.0.0   000014A5045A47DD  Unknown               Unknown  Unknown
libmpi.so.12.0.0   000014A5044725CC  PMPI_Allreduce        Unknown  Unknown
libmpifort.so.12.  000014A505D33A50  mpi_allreduce_        Unknown  Unknown
SAM_ADV_UM5_SGS_T  00000000007465CA  Unknown               Unknown  Unknown
SAM_ADV_UM5_SGS_T  000000000047B022  Unknown               Unknown  Unknown
SAM_ADV_UM5_SGS_T  0000000000489C1E  Unknown               Unknown  Unknown
forrtl: error (78): process killed (SIGTERM)
Image              PC                Routine            Line        Source             
libc.so.6          000015227963FC60  Unknown               Unknown  Unknown
libmpi.so.12.0.0   000015227B84E0CE  Unknown               Unknown  Unknown
libmpi.so.12.0.0   000015227B842435  Unknown               Unknown  Unknown
libmpi.so.12.0.0   000015227B7747EA  Unknown               Unknown  Unknown
libmpi.so.12.0.0   000015227B74FB2A  Unknown               Unknown  Unknown
libmpi.so.12.0.0   000015227B85D7DD  Unknown               Unknown  Unknown
libmpi.so.12.0.0   000015227B72B5CC  PMPI_Allreduce        Unknown  Unknown
libmpifort.so.12.  000015227CFECA50  mpi_allreduce_        Unknown  Unknown
SAM_ADV_UM5_SGS_T  00000000007465CA  Unknown               Unknown  Unknown
SAM_ADV_UM5_SGS_T  000000000047B022  Unknown               Unknown  Unknown
SAM_ADV_UM5_SGS_T  0000000000489C1E  Unknown               Unknown  Unknown
SAM_ADV_UM5_SGS_T  00000000004068BD  Unknown               Unknown  Unknown
libc.so.6          000014A50222A610  Unknown               Unknown  Unknown
libc.so.6          000014A50222A6C0  __libc_start_main     Unknown  Unknown
SAM_ADV_UM5_SGS_T  00000000004067D5  Unknown               Unknown  Unknown
SAM_ADV_UM5_SGS_T  00000000004068BD  Unknown               Unknown  Unknown
libc.so.6          000015227962A610  Unknown               Unknown  Unknown
libc.so.6          000015227962A6C0  __libc_start_main     Unknown  Unknown
SAM_ADV_UM5_SGS_T  00000000004067D5  Unknown               Unknown  Unknown
forrtl: error (78): process killed (SIGTERM)
Image              PC                Routine            Line        Source             
libc.so.6          000014632B63FC60  Unknown               Unknown  Unknown
libmpi.so.12.0.0   000014632D7CF0C9  Unknown               Unknown  Unknown
libmpi.so.12.0.0   000014632D7C3435  Unknown               Unknown  Unknown
libmpi.so.12.0.0   000014632D6F57EA  Unknown               Unknown  Unknown
libmpi.so.12.0.0   000014632D6D0B2A  Unknown               Unknown  Unknown
libmpi.so.12.0.0   000014632D7DE7DD  Unknown               Unknown  Unknown
libmpi.so.12.0.0   000014632D6AC5CC  PMPI_Allreduce        Unknown  Unknown
libmpifort.so.12.  000014632EF6DA50  mpi_allreduce_        Unknown  Unknown
SAM_ADV_UM5_SGS_T  00000000007465CA  Unknown               Unknown  Unknown
SAM_ADV_UM5_SGS_T  000000000047B022  Unknown               Unknown  Unknown
SAM_ADV_UM5_SGS_T  0000000000489C1E  Unknown               Unknown  Unknown
forrtl: error (78): process killed (SIGTERM)
Image              PC                Routine            Line        Source             
libc.so.6          000014BE47A3FC60  Unknown               Unknown  Unknown
libmpi.so.12.0.0   000014BE49BEF0C9  Unknown               Unknown  Unknown
libmpi.so.12.0.0   000014BE49BE3435  Unknown               Unknown  Unknown
libmpi.so.12.0.0   000014BE49B157EA  Unknown               Unknown  Unknown
libmpi.so.12.0.0   000014BE49AF0B2A  Unknown               Unknown  Unknown
libmpi.so.12.0.0   000014BE49BFE7DD  Unknown               Unknown  Unknown
libmpi.so.12.0.0   000014BE49ACC5CC  PMPI_Allreduce        Unknown  Unknown
libmpifort.so.12.  000014BE4B38DA50  mpi_allreduce_        Unknown  Unknown
SAM_ADV_UM5_SGS_T  00000000007465CA  Unknown               Unknown  Unknown
SAM_ADV_UM5_SGS_T  000000000047B022  Unknown               Unknown  Unknown
SAM_ADV_UM5_SGS_T  0000000000489C1E  Unknown               Unknown  Unknown
SAM_ADV_UM5_SGS_T  00000000004068BD  Unknown               Unknown  Unknown
libc.so.6          000014632B62A610  Unknown               Unknown  Unknown
libc.so.6          000014632B62A6C0  __libc_start_main     Unknown  Unknown
SAM_ADV_UM5_SGS_T  00000000004067D5  Unknown               Unknown  Unknown
SAM_ADV_UM5_SGS_T  00000000004068BD  Unknown               Unknown  Unknown
libc.so.6          000014BE47A2A610  Unknown               Unknown  Unknown
libc.so.6          000014BE47A2A6C0  __libc_start_main     Unknown  Unknown
SAM_ADV_UM5_SGS_T  00000000004067D5  Unknown               Unknown  Unknown
forrtl: error (78): process killed (SIGTERM)
Image              PC                Routine            Line        Source             
libc.so.6          000014C3AB03FC60  Unknown               Unknown  Unknown
libmpi.so.12.0.0   000014C3AD2DF0C9  Unknown               Unknown  Unknown
libmpi.so.12.0.0   000014C3AD2D3435  Unknown               Unknown  Unknown
libmpi.so.12.0.0   000014C3AD2057EA  Unknown               Unknown  Unknown
libmpi.so.12.0.0   000014C3AD1E0B2A  Unknown               Unknown  Unknown
libmpi.so.12.0.0   000014C3AD2EE7DD  Unknown               Unknown  Unknown
libmpi.so.12.0.0   000014C3AD1BC5CC  PMPI_Allreduce        Unknown  Unknown
libmpifort.so.12.  000014C3AEA7DA50  mpi_allreduce_        Unknown  Unknown
SAM_ADV_UM5_SGS_T  00000000007465CA  Unknown               Unknown  Unknown
SAM_ADV_UM5_SGS_T  000000000047B022  Unknown               Unknown  Unknown
SAM_ADV_UM5_SGS_T  0000000000489C1E  Unknown               Unknown  Unknown
forrtl: error (78): process killed (SIGTERM)
Image              PC                Routine            Line        Source             
libc.so.6          0000148E77C3FC60  Unknown               Unknown  Unknown
libmpi.so.12.0.0   0000148E79ECF0C9  Unknown               Unknown  Unknown
libmpi.so.12.0.0   0000148E79EC3435  Unknown               Unknown  Unknown
libmpi.so.12.0.0   0000148E79DF57EA  Unknown               Unknown  Unknown
libmpi.so.12.0.0   0000148E79DD0B2A  Unknown               Unknown  Unknown
libmpi.so.12.0.0   0000148E79EDE7DD  Unknown               Unknown  Unknown
libmpi.so.12.0.0   0000148E79DAC5CC  PMPI_Allreduce        Unknown  Unknown
libmpifort.so.12.  0000148E7B66DA50  mpi_allreduce_        Unknown  Unknown
SAM_ADV_UM5_SGS_T  00000000007465CA  Unknown               Unknown  Unknown
SAM_ADV_UM5_SGS_T  000000000047B022  Unknown               Unknown  Unknown
SAM_ADV_UM5_SGS_T  0000000000489C1E  Unknown               Unknown  Unknown
SAM_ADV_UM5_SGS_T  00000000004068BD  Unknown               Unknown  Unknown
libc.so.6          000014C3AB02A610  Unknown               Unknown  Unknown
libc.so.6          000014C3AB02A6C0  __libc_start_main     Unknown  Unknown
SAM_ADV_UM5_SGS_T  00000000004067D5  Unknown               Unknown  Unknown
SAM_ADV_UM5_SGS_T  00000000004068BD  Unknown               Unknown  Unknown
libc.so.6          0000148E77C2A610  Unknown               Unknown  Unknown
libc.so.6          0000148E77C2A6C0  __libc_start_main     Unknown  Unknown
SAM_ADV_UM5_SGS_T  00000000004067D5  Unknown               Unknown  Unknown
forrtl: error (78): process killed (SIGTERM)
Image              PC                Routine            Line        Source             
libc.so.6          0000147AE3C3FC60  Unknown               Unknown  Unknown
libmpi.so.12.0.0   0000147AE5E4A0C9  Unknown               Unknown  Unknown
libmpi.so.12.0.0   0000147AE5E3E435  Unknown               Unknown  Unknown
libmpi.so.12.0.0   0000147AE5D707EA  Unknown               Unknown  Unknown
libmpi.so.12.0.0   0000147AE5D4BB2A  Unknown               Unknown  Unknown
libmpi.so.12.0.0   0000147AE5E597DD  Unknown               Unknown  Unknown
libmpi.so.12.0.0   0000147AE5D275CC  PMPI_Allreduce        Unknown  Unknown
libmpifort.so.12.  0000147AE75E8A50  mpi_allreduce_        Unknown  Unknown
SAM_ADV_UM5_SGS_T  00000000007465CA  Unknown               Unknown  Unknown
SAM_ADV_UM5_SGS_T  000000000047B022  Unknown               Unknown  Unknown
SAM_ADV_UM5_SGS_T  0000000000489C1E  Unknown               Unknown  Unknown
forrtl: error (78): process killed (SIGTERM)
Image              PC                Routine            Line        Source             
libc.so.6          000014D740E3FC60  Unknown               Unknown  Unknown
libmpi.so.12.0.0   000014D7430C60C9  Unknown               Unknown  Unknown
libmpi.so.12.0.0   000014D7430BA435  Unknown               Unknown  Unknown
libmpi.so.12.0.0   000014D742FEC7EA  Unknown               Unknown  Unknown
libmpi.so.12.0.0   000014D742FC7B2A  Unknown               Unknown  Unknown
libmpi.so.12.0.0   000014D7430D57DD  Unknown               Unknown  Unknown
libmpi.so.12.0.0   000014D742FA35CC  PMPI_Allreduce        Unknown  Unknown
libmpifort.so.12.  000014D744864A50  mpi_allreduce_        Unknown  Unknown
SAM_ADV_UM5_SGS_T  00000000007465CA  Unknown               Unknown  Unknown
SAM_ADV_UM5_SGS_T  000000000047B022  Unknown               Unknown  Unknown
SAM_ADV_UM5_SGS_T  0000000000489C1E  Unknown               Unknown  Unknown
SAM_ADV_UM5_SGS_T  00000000004068BD  Unknown               Unknown  Unknown
libc.so.6          0000147AE3C2A610  Unknown               Unknown  Unknown
libc.so.6          0000147AE3C2A6C0  __libc_start_main     Unknown  Unknown
SAM_ADV_UM5_SGS_T  00000000004067D5  Unknown               Unknown  Unknown
SAM_ADV_UM5_SGS_T  00000000004068BD  Unknown               Unknown  Unknown
libc.so.6          000014D740E2A610  Unknown               Unknown  Unknown
libc.so.6          000014D740E2A6C0  __libc_start_main     Unknown  Unknown
SAM_ADV_UM5_SGS_T  00000000004067D5  Unknown               Unknown  Unknown
forrtl: error (78): process killed (SIGTERM)
Image              PC                Routine            Line        Source             
libc.so.6          0000153A2583FC60  Unknown               Unknown  Unknown
libmpi.so.12.0.0   0000153A27A970CE  Unknown               Unknown  Unknown
libmpi.so.12.0.0   0000153A27A8B435  Unknown               Unknown  Unknown
libmpi.so.12.0.0   0000153A279BD7EA  Unknown               Unknown  Unknown
libmpi.so.12.0.0   0000153A27998B2A  Unknown               Unknown  Unknown
libmpi.so.12.0.0   0000153A27AA67DD  Unknown               Unknown  Unknown
libmpi.so.12.0.0   0000153A279745CC  PMPI_Allreduce        Unknown  Unknown
libmpifort.so.12.  0000153A29235A50  mpi_allreduce_        Unknown  Unknown
SAM_ADV_UM5_SGS_T  00000000007465CA  Unknown               Unknown  Unknown
SAM_ADV_UM5_SGS_T  000000000047B022  Unknown               Unknown  Unknown
SAM_ADV_UM5_SGS_T  0000000000489C1E  Unknown               Unknown  Unknown
forrtl: error (78): process killed (SIGTERM)
Image              PC                Routine            Line        Source             
libc.so.6          000014CA1023FC60  Unknown               Unknown  Unknown
libmpi.so.12.0.0   000014CA124F50C9  Unknown               Unknown  Unknown
libmpi.so.12.0.0   000014CA124E9435  Unknown               Unknown  Unknown
libmpi.so.12.0.0   000014CA1241B7EA  Unknown               Unknown  Unknown
libmpi.so.12.0.0   000014CA123F6B2A  Unknown               Unknown  Unknown
libmpi.so.12.0.0   000014CA125047DD  Unknown               Unknown  Unknown
libmpi.so.12.0.0   000014CA123D25CC  PMPI_Allreduce        Unknown  Unknown
libmpifort.so.12.  000014CA13C93A50  mpi_allreduce_        Unknown  Unknown
SAM_ADV_UM5_SGS_T  00000000007465CA  Unknown               Unknown  Unknown
SAM_ADV_UM5_SGS_T  000000000047B022  Unknown               Unknown  Unknown
SAM_ADV_UM5_SGS_T  0000000000489C1E  Unknown               Unknown  Unknown
SAM_ADV_UM5_SGS_T  00000000004068BD  Unknown               Unknown  Unknown
libc.so.6          0000153A2582A610  Unknown               Unknown  Unknown
libc.so.6          0000153A2582A6C0  __libc_start_main     Unknown  Unknown
SAM_ADV_UM5_SGS_T  00000000004067D5  Unknown               Unknown  Unknown
SAM_ADV_UM5_SGS_T  00000000004068BD  Unknown               Unknown  Unknown
libc.so.6          000014CA1022A610  Unknown               Unknown  Unknown
libc.so.6          000014CA1022A6C0  __libc_start_main     Unknown  Unknown
SAM_ADV_UM5_SGS_T  00000000004067D5  Unknown               Unknown  Unknown
forrtl: error (78): process killed (SIGTERM)
Image              PC                Routine            Line        Source             
libc.so.6          000014849803FC60  Unknown               Unknown  Unknown
libmpi.so.12.0.0   000014849A30F0C9  Unknown               Unknown  Unknown
libmpi.so.12.0.0   000014849A303435  Unknown               Unknown  Unknown
libmpi.so.12.0.0   000014849A2357EA  Unknown               Unknown  Unknown
libmpi.so.12.0.0   000014849A210B2A  Unknown               Unknown  Unknown
libmpi.so.12.0.0   000014849A31E7DD  Unknown               Unknown  Unknown
libmpi.so.12.0.0   000014849A1EC5CC  PMPI_Allreduce        Unknown  Unknown
libmpifort.so.12.  000014849BAADA50  mpi_allreduce_        Unknown  Unknown
SAM_ADV_UM5_SGS_T  00000000007465CA  Unknown               Unknown  Unknown
SAM_ADV_UM5_SGS_T  000000000047B022  Unknown               Unknown  Unknown
SAM_ADV_UM5_SGS_T  0000000000489C1E  Unknown               Unknown  Unknown
forrtl: error (78): process killed (SIGTERM)
Image              PC                Routine            Line        Source             
libc.so.6          0000149E3523FC60  Unknown               Unknown  Unknown
libmpi.so.12.0.0   0000149E374040C9  Unknown               Unknown  Unknown
libmpi.so.12.0.0   0000149E373F8435  Unknown               Unknown  Unknown
libmpi.so.12.0.0   0000149E3732A7EA  Unknown               Unknown  Unknown
libmpi.so.12.0.0   0000149E37305B2A  Unknown               Unknown  Unknown
libmpi.so.12.0.0   0000149E374137DD  Unknown               Unknown  Unknown
libmpi.so.12.0.0   0000149E372E15CC  PMPI_Allreduce        Unknown  Unknown
libmpifort.so.12.  0000149E38BA2A50  mpi_allreduce_        Unknown  Unknown
SAM_ADV_UM5_SGS_T  00000000007465CA  Unknown               Unknown  Unknown
SAM_ADV_UM5_SGS_T  000000000047B022  Unknown               Unknown  Unknown
SAM_ADV_UM5_SGS_T  0000000000489C1E  Unknown               Unknown  Unknown
SAM_ADV_UM5_SGS_T  00000000004068BD  Unknown               Unknown  Unknown
libc.so.6          000014849802A610  Unknown               Unknown  Unknown
libc.so.6          000014849802A6C0  __libc_start_main     Unknown  Unknown
SAM_ADV_UM5_SGS_T  00000000004067D5  Unknown               Unknown  Unknown
SAM_ADV_UM5_SGS_T  00000000004068BD  Unknown               Unknown  Unknown
libc.so.6          0000149E3522A610  Unknown               Unknown  Unknown
libc.so.6          0000149E3522A6C0  __libc_start_main     Unknown  Unknown
SAM_ADV_UM5_SGS_T  00000000004067D5  Unknown               Unknown  Unknown
forrtl: error (78): process killed (SIGTERM)
Image              PC                Routine            Line        Source             
libc.so.6          000015222B43FC60  Unknown               Unknown  Unknown
libmpi.so.12.0.0   000015222D7430C9  Unknown               Unknown  Unknown
libmpi.so.12.0.0   000015222D737435  Unknown               Unknown  Unknown
libmpi.so.12.0.0   000015222D6697EA  Unknown               Unknown  Unknown
libmpi.so.12.0.0   000015222D644B2A  Unknown               Unknown  Unknown
libmpi.so.12.0.0   000015222D7527DD  Unknown               Unknown  Unknown
libmpi.so.12.0.0   000015222D6205CC  PMPI_Allreduce        Unknown  Unknown
libmpifort.so.12.  000015222EEE1A50  mpi_allreduce_        Unknown  Unknown
SAM_ADV_UM5_SGS_T  00000000007465CA  Unknown               Unknown  Unknown
SAM_ADV_UM5_SGS_T  000000000047B022  Unknown               Unknown  Unknown
SAM_ADV_UM5_SGS_T  0000000000489C1E  Unknown               Unknown  Unknown
forrtl: error (78): process killed (SIGTERM)
Image              PC                Routine            Line        Source             
libc.so.6          00001501C083FC60  Unknown               Unknown  Unknown
libmpi.so.12.0.0   00001501C2AAB0C9  Unknown               Unknown  Unknown
libmpi.so.12.0.0   00001501C2A9F435  Unknown               Unknown  Unknown
libmpi.so.12.0.0   00001501C29D17EA  Unknown               Unknown  Unknown
libmpi.so.12.0.0   00001501C29ACB2A  Unknown               Unknown  Unknown
libmpi.so.12.0.0   00001501C2ABA7DD  Unknown               Unknown  Unknown
libmpi.so.12.0.0   00001501C29885CC  PMPI_Allreduce        Unknown  Unknown
libmpifort.so.12.  00001501C4249A50  mpi_allreduce_        Unknown  Unknown
SAM_ADV_UM5_SGS_T  00000000007465CA  Unknown               Unknown  Unknown
SAM_ADV_UM5_SGS_T  000000000047B022  Unknown               Unknown  Unknown
SAM_ADV_UM5_SGS_T  0000000000489C1E  Unknown               Unknown  Unknown
SAM_ADV_UM5_SGS_T  00000000004068BD  Unknown               Unknown  Unknown
libc.so.6          000015222B42A610  Unknown               Unknown  Unknown
libc.so.6          000015222B42A6C0  __libc_start_main     Unknown  Unknown
SAM_ADV_UM5_SGS_T  00000000004067D5  Unknown               Unknown  Unknown
SAM_ADV_UM5_SGS_T  00000000004068BD  Unknown               Unknown  Unknown
libc.so.6          00001501C082A610  Unknown               Unknown  Unknown
libc.so.6          00001501C082A6C0  __libc_start_main     Unknown  Unknown
SAM_ADV_UM5_SGS_T  00000000004067D5  Unknown               Unknown  Unknown
forrtl: error (78): process killed (SIGTERM)
Image              PC                Routine            Line        Source             
libc.so.6          0000149FCB63FC60  Unknown               Unknown  Unknown
libmpi.so.12.0.0   0000149FCD9880C9  Unknown               Unknown  Unknown
libmpi.so.12.0.0   0000149FCD97C435  Unknown               Unknown  Unknown
libmpi.so.12.0.0   0000149FCD8AE7EA  Unknown               Unknown  Unknown
libmpi.so.12.0.0   0000149FCD889B2A  Unknown               Unknown  Unknown
libmpi.so.12.0.0   0000149FCD9977DD  Unknown               Unknown  Unknown
libmpi.so.12.0.0   0000149FCD8655CC  PMPI_Allreduce        Unknown  Unknown
libmpifort.so.12.  0000149FCF126A50  mpi_allreduce_        Unknown  Unknown
SAM_ADV_UM5_SGS_T  00000000007465CA  Unknown               Unknown  Unknown
SAM_ADV_UM5_SGS_T  000000000047B022  Unknown               Unknown  Unknown
SAM_ADV_UM5_SGS_T  0000000000489C1E  Unknown               Unknown  Unknown
SAM_ADV_UM5_SGS_T  00000000004068BD  Unknown               Unknown  Unknown
libc.so.6          0000149FCB62A610  Unknown               Unknown  Unknown
libc.so.6          0000149FCB62A6C0  __libc_start_main     Unknown  Unknown
SAM_ADV_UM5_SGS_T  00000000004067D5  Unknown               Unknown  Unknown
forrtl: error (78): process killed (SIGTERM)
Image              PC                Routine            Line        Source             
libc.so.6          000014AF7823FC60  Unknown               Unknown  Unknown
libmpi.so.12.0.0   000014AF7A5270C9  Unknown               Unknown  Unknown
libmpi.so.12.0.0   000014AF7A51B435  Unknown               Unknown  Unknown
libmpi.so.12.0.0   000014AF7A44D7EA  Unknown               Unknown  Unknown
libmpi.so.12.0.0   000014AF7A428B2A  Unknown               Unknown  Unknown
libmpi.so.12.0.0   000014AF7A5367DD  Unknown               Unknown  Unknown
libmpi.so.12.0.0   000014AF7A4045CC  PMPI_Allreduce        Unknown  Unknown
libmpifort.so.12.  000014AF7BCC5A50  mpi_allreduce_        Unknown  Unknown
SAM_ADV_UM5_SGS_T  00000000007465CA  Unknown               Unknown  Unknown
SAM_ADV_UM5_SGS_T  000000000047B022  Unknown               Unknown  Unknown
SAM_ADV_UM5_SGS_T  0000000000489C1E  Unknown               Unknown  Unknown
forrtl: error (78): process killed (SIGTERM)
Image              PC                Routine            Line        Source             
libc.so.6          0000149C7BA3FC60  Unknown               Unknown  Unknown
libmpi.so.12.0.0   0000149C7DC360C9  Unknown               Unknown  Unknown
libmpi.so.12.0.0   0000149C7DC2A435  Unknown               Unknown  Unknown
libmpi.so.12.0.0   0000149C7DB5C7EA  Unknown               Unknown  Unknown
libmpi.so.12.0.0   0000149C7DB37B2A  Unknown               Unknown  Unknown
libmpi.so.12.0.0   0000149C7DC457DD  Unknown               Unknown  Unknown
libmpi.so.12.0.0   0000149C7DB135CC  PMPI_Allreduce        Unknown  Unknown
libmpifort.so.12.  0000149C7F3D4A50  mpi_allreduce_        Unknown  Unknown
SAM_ADV_UM5_SGS_T  00000000007465CA  Unknown               Unknown  Unknown
SAM_ADV_UM5_SGS_T  000000000047B022  Unknown               Unknown  Unknown
SAM_ADV_UM5_SGS_T  0000000000489C1E  Unknown               Unknown  Unknown
SAM_ADV_UM5_SGS_T  00000000004068BD  Unknown               Unknown  Unknown
libc.so.6          000014AF7822A610  Unknown               Unknown  Unknown
libc.so.6          000014AF7822A6C0  __libc_start_main     Unknown  Unknown
SAM_ADV_UM5_SGS_T  00000000004067D5  Unknown               Unknown  Unknown
SAM_ADV_UM5_SGS_T  00000000004068BD  Unknown               Unknown  Unknown
libc.so.6          0000149C7BA2A610  Unknown               Unknown  Unknown
libc.so.6          0000149C7BA2A6C0  __libc_start_main     Unknown  Unknown
SAM_ADV_UM5_SGS_T  00000000004067D5  Unknown               Unknown  Unknown
forrtl: error (78): process killed (SIGTERM)
Image              PC                Routine            Line        Source             
libc.so.6          0000154AB423FC60  Unknown               Unknown  Unknown
libmpi.so.12.0.0   0000154AB63F60C9  Unknown               Unknown  Unknown
libmpi.so.12.0.0   0000154AB63EA435  Unknown               Unknown  Unknown
libmpi.so.12.0.0   0000154AB631C7EA  Unknown               Unknown  Unknown
libmpi.so.12.0.0   0000154AB62F7B2A  Unknown               Unknown  Unknown
libmpi.so.12.0.0   0000154AB64057DD  Unknown               Unknown  Unknown
libmpi.so.12.0.0   0000154AB62D35CC  PMPI_Allreduce        Unknown  Unknown
libmpifort.so.12.  0000154AB7B94A50  mpi_allreduce_        Unknown  Unknown
SAM_ADV_UM5_SGS_T  00000000007465CA  Unknown               Unknown  Unknown
SAM_ADV_UM5_SGS_T  000000000047B022  Unknown               Unknown  Unknown
SAM_ADV_UM5_SGS_T  0000000000489C1E  Unknown               Unknown  Unknown
forrtl: error (78): process killed (SIGTERM)
Image              PC                Routine            Line        Source             
libc.so.6          0000147E1663FC60  Unknown               Unknown  Unknown
libmpi.so.12.0.0   0000147E1893D0C9  Unknown               Unknown  Unknown
libmpi.so.12.0.0   0000147E18931435  Unknown               Unknown  Unknown
libmpi.so.12.0.0   0000147E188637EA  Unknown               Unknown  Unknown
libmpi.so.12.0.0   0000147E1883EB2A  Unknown               Unknown  Unknown
libmpi.so.12.0.0   0000147E1894C7DD  Unknown               Unknown  Unknown
libmpi.so.12.0.0   0000147E1881A5CC  PMPI_Allreduce        Unknown  Unknown
libmpifort.so.12.  0000147E1A0DBA50  mpi_allreduce_        Unknown  Unknown
SAM_ADV_UM5_SGS_T  00000000007465CA  Unknown               Unknown  Unknown
SAM_ADV_UM5_SGS_T  000000000047B022  Unknown               Unknown  Unknown
SAM_ADV_UM5_SGS_T  0000000000489C1E  Unknown               Unknown  Unknown
SAM_ADV_UM5_SGS_T  00000000004068BD  Unknown               Unknown  Unknown
libc.so.6          0000154AB422A610  Unknown               Unknown  Unknown
libc.so.6          0000154AB422A6C0  __libc_start_main     Unknown  Unknown
SAM_ADV_UM5_SGS_T  00000000004067D5  Unknown               Unknown  Unknown
SAM_ADV_UM5_SGS_T  00000000004068BD  Unknown               Unknown  Unknown
libc.so.6          0000147E1662A610  Unknown               Unknown  Unknown
libc.so.6          0000147E1662A6C0  __libc_start_main     Unknown  Unknown
SAM_ADV_UM5_SGS_T  00000000004067D5  Unknown               Unknown  Unknown
forrtl: error (78): process killed (SIGTERM)
Image              PC                Routine            Line        Source             
libc.so.6          000014E3CF63FC60  Unknown               Unknown  Unknown
libmpi.so.12.0.0   000014E3D19850C9  Unknown               Unknown  Unknown
libmpi.so.12.0.0   000014E3D1979435  Unknown               Unknown  Unknown
libmpi.so.12.0.0   000014E3D18AB7EA  Unknown               Unknown  Unknown
libmpi.so.12.0.0   000014E3D1886B2A  Unknown               Unknown  Unknown
libmpi.so.12.0.0   000014E3D19947DD  Unknown               Unknown  Unknown
libmpi.so.12.0.0   000014E3D18625CC  PMPI_Allreduce        Unknown  Unknown
libmpifort.so.12.  000014E3D3123A50  mpi_allreduce_        Unknown  Unknown
SAM_ADV_UM5_SGS_T  00000000007465CA  Unknown               Unknown  Unknown
SAM_ADV_UM5_SGS_T  000000000047B022  Unknown               Unknown  Unknown
SAM_ADV_UM5_SGS_T  0000000000489C1E  Unknown               Unknown  Unknown
forrtl: error (78): process killed (SIGTERM)
Image              PC                Routine            Line        Source             
libc.so.6          00001465B6C3FC60  Unknown               Unknown  Unknown
libmpi.so.12.0.0   00001465B8E6B0C9  Unknown               Unknown  Unknown
libmpi.so.12.0.0   00001465B8E5F435  Unknown               Unknown  Unknown
libmpi.so.12.0.0   00001465B8D917EA  Unknown               Unknown  Unknown
libmpi.so.12.0.0   00001465B8D6CB2A  Unknown               Unknown  Unknown
libmpi.so.12.0.0   00001465B8E7A7DD  Unknown               Unknown  Unknown
libmpi.so.12.0.0   00001465B8D485CC  PMPI_Allreduce        Unknown  Unknown
libmpifort.so.12.  00001465BA609A50  mpi_allreduce_        Unknown  Unknown
SAM_ADV_UM5_SGS_T  00000000007465CA  Unknown               Unknown  Unknown
SAM_ADV_UM5_SGS_T  000000000047B022  Unknown               Unknown  Unknown
SAM_ADV_UM5_SGS_T  0000000000489C1E  Unknown               Unknown  Unknown
SAM_ADV_UM5_SGS_T  00000000004068BD  Unknown               Unknown  Unknown
libc.so.6          000014E3CF62A610  Unknown               Unknown  Unknown
libc.so.6          000014E3CF62A6C0  __libc_start_main     Unknown  Unknown
SAM_ADV_UM5_SGS_T  00000000004067D5  Unknown               Unknown  Unknown
SAM_ADV_UM5_SGS_T  00000000004068BD  Unknown               Unknown  Unknown
libc.so.6          00001465B6C2A610  Unknown               Unknown  Unknown
libc.so.6          00001465B6C2A6C0  __libc_start_main     Unknown  Unknown
SAM_ADV_UM5_SGS_T  00000000004067D5  Unknown               Unknown  Unknown
forrtl: error (78): process killed (SIGTERM)
Image              PC                Routine            Line        Source             
libc.so.6          0000146B2363FC60  Unknown               Unknown  Unknown
libmpi.so.12.0.0   0000146B259190C9  Unknown               Unknown  Unknown
libmpi.so.12.0.0   0000146B2590D435  Unknown               Unknown  Unknown
libmpi.so.12.0.0   0000146B2583F7EA  Unknown               Unknown  Unknown
libmpi.so.12.0.0   0000146B2581AB2A  Unknown               Unknown  Unknown
libmpi.so.12.0.0   0000146B259287DD  Unknown               Unknown  Unknown
libmpi.so.12.0.0   0000146B257F65CC  PMPI_Allreduce        Unknown  Unknown
libmpifort.so.12.  0000146B270B7A50  mpi_allreduce_        Unknown  Unknown
SAM_ADV_UM5_SGS_T  00000000007465CA  Unknown               Unknown  Unknown
SAM_ADV_UM5_SGS_T  000000000047B022  Unknown               Unknown  Unknown
SAM_ADV_UM5_SGS_T  0000000000489C1E  Unknown               Unknown  Unknown
forrtl: error (78): process killed (SIGTERM)
Image              PC                Routine            Line        Source             
libc.so.6          0000153F3BC3FC60  Unknown               Unknown  Unknown
libmpi.so.12.0.0   0000153F3DE810C9  Unknown               Unknown  Unknown
libmpi.so.12.0.0   0000153F3DE75435  Unknown               Unknown  Unknown
libmpi.so.12.0.0   0000153F3DDA77EA  Unknown               Unknown  Unknown
libmpi.so.12.0.0   0000153F3DD82B2A  Unknown               Unknown  Unknown
libmpi.so.12.0.0   0000153F3DE907DD  Unknown               Unknown  Unknown
libmpi.so.12.0.0   0000153F3DD5E5CC  PMPI_Allreduce        Unknown  Unknown
libmpifort.so.12.  0000153F3F61FA50  mpi_allreduce_        Unknown  Unknown
SAM_ADV_UM5_SGS_T  00000000007465CA  Unknown               Unknown  Unknown
SAM_ADV_UM5_SGS_T  000000000047B022  Unknown               Unknown  Unknown
SAM_ADV_UM5_SGS_T  0000000000489C1E  Unknown               Unknown  Unknown
SAM_ADV_UM5_SGS_T  00000000004068BD  Unknown               Unknown  Unknown
libc.so.6          0000146B2362A610  Unknown               Unknown  Unknown
libc.so.6          0000146B2362A6C0  __libc_start_main     Unknown  Unknown
SAM_ADV_UM5_SGS_T  00000000004067D5  Unknown               Unknown  Unknown
SAM_ADV_UM5_SGS_T  00000000004068BD  Unknown               Unknown  Unknown
libc.so.6          0000153F3BC2A610  Unknown               Unknown  Unknown
libc.so.6          0000153F3BC2A6C0  __libc_start_main     Unknown  Unknown
SAM_ADV_UM5_SGS_T  00000000004067D5  Unknown               Unknown  Unknown
forrtl: error (78): process killed (SIGTERM)
Image              PC                Routine            Line        Source             
libc.so.6          000015399503FC60  Unknown               Unknown  Unknown
libmpi.so.12.0.0   000015399736A0C9  Unknown               Unknown  Unknown
libmpi.so.12.0.0   000015399735E435  Unknown               Unknown  Unknown
libmpi.so.12.0.0   00001539972907EA  Unknown               Unknown  Unknown
libmpi.so.12.0.0   000015399726BB2A  Unknown               Unknown  Unknown
libmpi.so.12.0.0   00001539973797DD  Unknown               Unknown  Unknown
libmpi.so.12.0.0   00001539972475CC  PMPI_Allreduce        Unknown  Unknown
libmpifort.so.12.  0000153998B08A50  mpi_allreduce_        Unknown  Unknown
SAM_ADV_UM5_SGS_T  00000000007465CA  Unknown               Unknown  Unknown
SAM_ADV_UM5_SGS_T  000000000047B022  Unknown               Unknown  Unknown
SAM_ADV_UM5_SGS_T  0000000000489C1E  Unknown               Unknown  Unknown
SAM_ADV_UM5_SGS_T  00000000004068BD  Unknown               Unknown  Unknown
libc.so.6          000015399502A610  Unknown               Unknown  Unknown
libc.so.6          000015399502A6C0  __libc_start_main     Unknown  Unknown
SAM_ADV_UM5_SGS_T  00000000004067D5  Unknown               Unknown  Unknown
forrtl: error (78): process killed (SIGTERM)
Image              PC                Routine            Line        Source             
libc.so.6          00001488AE43FC60  Unknown               Unknown  Unknown
libmpi.so.12.0.0   00001488B07810C9  Unknown               Unknown  Unknown
libmpi.so.12.0.0   00001488B0775435  Unknown               Unknown  Unknown
libmpi.so.12.0.0   00001488B06A77EA  Unknown               Unknown  Unknown
libmpi.so.12.0.0   00001488B0682B2A  Unknown               Unknown  Unknown
libmpi.so.12.0.0   00001488B07907DD  Unknown               Unknown  Unknown
libmpi.so.12.0.0   00001488B065E5CC  PMPI_Allreduce        Unknown  Unknown
libmpifort.so.12.  00001488B1F1FA50  mpi_allreduce_        Unknown  Unknown
SAM_ADV_UM5_SGS_T  00000000007465CA  Unknown               Unknown  Unknown
SAM_ADV_UM5_SGS_T  000000000047B022  Unknown               Unknown  Unknown
SAM_ADV_UM5_SGS_T  0000000000489C1E  Unknown               Unknown  Unknown
SAM_ADV_UM5_SGS_T  00000000004068BD  Unknown               Unknown  Unknown
libc.so.6          00001488AE42A610  Unknown               Unknown  Unknown
libc.so.6          00001488AE42A6C0  __libc_start_main     Unknown  Unknown
SAM_ADV_UM5_SGS_T  00000000004067D5  Unknown               Unknown  Unknown
forrtl: error (78): process killed (SIGTERM)
Image              PC                Routine            Line        Source             
libc.so.6          000014E47223FC60  Unknown               Unknown  Unknown
libmpi.so.12.0.0   000014E4743C50C9  Unknown               Unknown  Unknown
libmpi.so.12.0.0   000014E4743B9435  Unknown               Unknown  Unknown
libmpi.so.12.0.0   000014E4742EB7EA  Unknown               Unknown  Unknown
libmpi.so.12.0.0   000014E4742C6B2A  Unknown               Unknown  Unknown
libmpi.so.12.0.0   000014E4743D47DD  Unknown               Unknown  Unknown
libmpi.so.12.0.0   000014E4742A25CC  PMPI_Allreduce        Unknown  Unknown
libmpifort.so.12.  000014E475B63A50  mpi_allreduce_        Unknown  Unknown
SAM_ADV_UM5_SGS_T  00000000007465CA  Unknown               Unknown  Unknown
SAM_ADV_UM5_SGS_T  000000000047B022  Unknown               Unknown  Unknown
SAM_ADV_UM5_SGS_T  0000000000489C1E  Unknown               Unknown  Unknown
SAM_ADV_UM5_SGS_T  00000000004068BD  Unknown               Unknown  Unknown
libc.so.6          000014E47222A610  Unknown               Unknown  Unknown
libc.so.6          000014E47222A6C0  __libc_start_main     Unknown  Unknown
SAM_ADV_UM5_SGS_T  00000000004067D5  Unknown               Unknown  Unknown
forrtl: error (78): process killed (SIGTERM)
Image              PC                Routine            Line        Source             
libc.so.6          0000150AE743FC60  Unknown               Unknown  Unknown
libmpi.so.12.0.0   0000150AE96F70C9  Unknown               Unknown  Unknown
libmpi.so.12.0.0   0000150AE96EB435  Unknown               Unknown  Unknown
libmpi.so.12.0.0   0000150AE961D7EA  Unknown               Unknown  Unknown
libmpi.so.12.0.0   0000150AE95F8B2A  Unknown               Unknown  Unknown
libmpi.so.12.0.0   0000150AE97067DD  Unknown               Unknown  Unknown
libmpi.so.12.0.0   0000150AE95D45CC  PMPI_Allreduce        Unknown  Unknown
libmpifort.so.12.  0000150AEAE95A50  mpi_allreduce_        Unknown  Unknown
SAM_ADV_UM5_SGS_T  00000000007465CA  Unknown               Unknown  Unknown
SAM_ADV_UM5_SGS_T  000000000047B022  Unknown               Unknown  Unknown
SAM_ADV_UM5_SGS_T  0000000000489C1E  Unknown               Unknown  Unknown
SAM_ADV_UM5_SGS_T  00000000004068BD  Unknown               Unknown  Unknown
libc.so.6          0000150AE742A610  Unknown               Unknown  Unknown
libc.so.6          0000150AE742A6C0  __libc_start_main     Unknown  Unknown
SAM_ADV_UM5_SGS_T  00000000004067D5  Unknown               Unknown  Unknown
forrtl: error (78): process killed (SIGTERM)
Image              PC                Routine            Line        Source             
libc.so.6          000014D2DA63FC60  Unknown               Unknown  Unknown
libmpi.so.12.0.0   000014D2DC7D50C9  Unknown               Unknown  Unknown
libmpi.so.12.0.0   000014D2DC7C9435  Unknown               Unknown  Unknown
libmpi.so.12.0.0   000014D2DC6FB7EA  Unknown               Unknown  Unknown
libmpi.so.12.0.0   000014D2DC6D6B2A  Unknown               Unknown  Unknown
libmpi.so.12.0.0   000014D2DC7E47DD  Unknown               Unknown  Unknown
libmpi.so.12.0.0   000014D2DC6B25CC  PMPI_Allreduce        Unknown  Unknown
libmpifort.so.12.  000014D2DDF73A50  mpi_allreduce_        Unknown  Unknown
SAM_ADV_UM5_SGS_T  00000000007465CA  Unknown               Unknown  Unknown
SAM_ADV_UM5_SGS_T  000000000047B022  Unknown               Unknown  Unknown
SAM_ADV_UM5_SGS_T  0000000000489C1E  Unknown               Unknown  Unknown
SAM_ADV_UM5_SGS_T  00000000004068BD  Unknown               Unknown  Unknown
libc.so.6          000014D2DA62A610  Unknown               Unknown  Unknown
libc.so.6          000014D2DA62A6C0  __libc_start_main     Unknown  Unknown
SAM_ADV_UM5_SGS_T  00000000004067D5  Unknown               Unknown  Unknown
forrtl: error (78): process killed (SIGTERM)
Image              PC                Routine            Line        Source             
libc.so.6          0000147B8B43FC60  Unknown               Unknown  Unknown
libmpi.so.12.0.0   0000147B8D74D0C9  Unknown               Unknown  Unknown
libmpi.so.12.0.0   0000147B8D741435  Unknown               Unknown  Unknown
libmpi.so.12.0.0   0000147B8D6737EA  Unknown               Unknown  Unknown
libmpi.so.12.0.0   0000147B8D64EB2A  Unknown               Unknown  Unknown
libmpi.so.12.0.0   0000147B8D75C7DD  Unknown               Unknown  Unknown
libmpi.so.12.0.0   0000147B8D62A5CC  PMPI_Allreduce        Unknown  Unknown
libmpifort.so.12.  0000147B8EEEBA50  mpi_allreduce_        Unknown  Unknown
SAM_ADV_UM5_SGS_T  00000000007465CA  Unknown               Unknown  Unknown
SAM_ADV_UM5_SGS_T  000000000047B022  Unknown               Unknown  Unknown
SAM_ADV_UM5_SGS_T  0000000000489C1E  Unknown               Unknown  Unknown
SAM_ADV_UM5_SGS_T  00000000004068BD  Unknown               Unknown  Unknown
libc.so.6          0000147B8B42A610  Unknown               Unknown  Unknown
libc.so.6          0000147B8B42A6C0  __libc_start_main     Unknown  Unknown
SAM_ADV_UM5_SGS_T  00000000004067D5  Unknown               Unknown  Unknown
forrtl: error (78): process killed (SIGTERM)
Image              PC                Routine            Line        Source             
libc.so.6          00001460FEE3FC60  Unknown               Unknown  Unknown
libmpi.so.12.0.0   00001461011B00C9  Unknown               Unknown  Unknown
libmpi.so.12.0.0   00001461011A4435  Unknown               Unknown  Unknown
libmpi.so.12.0.0   00001461010D67EA  Unknown               Unknown  Unknown
libmpi.so.12.0.0   00001461010B1B2A  Unknown               Unknown  Unknown
libmpi.so.12.0.0   00001461011BF7DD  Unknown               Unknown  Unknown
libmpi.so.12.0.0   000014610108D5CC  PMPI_Allreduce        Unknown  Unknown
libmpifort.so.12.  000014610294EA50  mpi_allreduce_        Unknown  Unknown
SAM_ADV_UM5_SGS_T  00000000007465CA  Unknown               Unknown  Unknown
SAM_ADV_UM5_SGS_T  000000000047B022  Unknown               Unknown  Unknown
SAM_ADV_UM5_SGS_T  0000000000489C1E  Unknown               Unknown  Unknown
SAM_ADV_UM5_SGS_T  00000000004068BD  Unknown               Unknown  Unknown
libc.so.6          00001460FEE2A610  Unknown               Unknown  Unknown
libc.so.6          00001460FEE2A6C0  __libc_start_main     Unknown  Unknown
SAM_ADV_UM5_SGS_T  00000000004067D5  Unknown               Unknown  Unknown
forrtl: error (78): process killed (SIGTERM)
Image              PC                Routine            Line        Source             
libc.so.6          0000149C0803FC60  Unknown               Unknown  Unknown
libmpi.so.12.0.0   0000149C0A2560C9  Unknown               Unknown  Unknown
libmpi.so.12.0.0   0000149C0A24A435  Unknown               Unknown  Unknown
libmpi.so.12.0.0   0000149C0A17C7EA  Unknown               Unknown  Unknown
libmpi.so.12.0.0   0000149C0A157B2A  Unknown               Unknown  Unknown
libmpi.so.12.0.0   0000149C0A2657DD  Unknown               Unknown  Unknown
libmpi.so.12.0.0   0000149C0A1335CC  PMPI_Allreduce        Unknown  Unknown
libmpifort.so.12.  0000149C0B9F4A50  mpi_allreduce_        Unknown  Unknown
SAM_ADV_UM5_SGS_T  00000000007465CA  Unknown               Unknown  Unknown
SAM_ADV_UM5_SGS_T  000000000047B022  Unknown               Unknown  Unknown
SAM_ADV_UM5_SGS_T  0000000000489C1E  Unknown               Unknown  Unknown
SAM_ADV_UM5_SGS_T  00000000004068BD  Unknown               Unknown  Unknown
libc.so.6          0000149C0802A610  Unknown               Unknown  Unknown
libc.so.6          0000149C0802A6C0  __libc_start_main     Unknown  Unknown
SAM_ADV_UM5_SGS_T  00000000004067D5  Unknown               Unknown  Unknown
forrtl: error (78): process killed (SIGTERM)
Image              PC                Routine            Line        Source             
libc.so.6          000015492763FC60  Unknown               Unknown  Unknown
libpsm2.so.2.2     000015480F5B9882  psm2_mq_ipeek         Unknown  Unknown
libpsmx2-fi.so     000015480F622480  Unknown               Unknown  Unknown
libpsmx2-fi.so     000015480F6241B4  Unknown               Unknown  Unknown
libmpi.so.12.0.0   0000154929D54B8E  Unknown               Unknown  Unknown
libmpi.so.12.0.0   0000154929919C69  Unknown               Unknown  Unknown
libmpi.so.12.0.0   000015492997B329  Unknown               Unknown  Unknown
libmpi.so.12.0.0   000015492997A088  Unknown               Unknown  Unknown
libmpi.so.12.0.0   000015492996E435  Unknown               Unknown  Unknown
libmpi.so.12.0.0   00001549298A07EA  Unknown               Unknown  Unknown
libmpi.so.12.0.0   000015492987BB2A  Unknown               Unknown  Unknown
libmpi.so.12.0.0   00001549299897DD  Unknown               Unknown  Unknown
libmpi.so.12.0.0   00001549298575CC  PMPI_Allreduce        Unknown  Unknown
libmpifort.so.12.  000015492B118A50  mpi_allreduce_        Unknown  Unknown
SAM_ADV_UM5_SGS_T  00000000007465CA  Unknown               Unknown  Unknown
SAM_ADV_UM5_SGS_T  000000000047B022  Unknown               Unknown  Unknown
SAM_ADV_UM5_SGS_T  0000000000489C1E  Unknown               Unknown  Unknown
SAM_ADV_UM5_SGS_T  00000000004068BD  Unknown               Unknown  Unknown
libc.so.6          000015492762A610  Unknown               Unknown  Unknown
libc.so.6          000015492762A6C0  __libc_start_main     Unknown  Unknown
SAM_ADV_UM5_SGS_T  00000000004067D5  Unknown               Unknown  Unknown
forrtl: error (78): process killed (SIGTERM)
Image              PC                Routine            Line        Source             
libc.so.6          00001536D2A3FC60  Unknown               Unknown  Unknown
libmpi.so.12.0.0   00001536D4D8A0C9  Unknown               Unknown  Unknown
libmpi.so.12.0.0   00001536D4D7E435  Unknown               Unknown  Unknown
libmpi.so.12.0.0   00001536D4CB07EA  Unknown               Unknown  Unknown
libmpi.so.12.0.0   00001536D4C8BB2A  Unknown               Unknown  Unknown
libmpi.so.12.0.0   00001536D4D997DD  Unknown               Unknown  Unknown
libmpi.so.12.0.0   00001536D4C675CC  PMPI_Allreduce        Unknown  Unknown
libmpifort.so.12.  00001536D6528A50  mpi_allreduce_        Unknown  Unknown
SAM_ADV_UM5_SGS_T  00000000007465CA  Unknown               Unknown  Unknown
SAM_ADV_UM5_SGS_T  000000000047B022  Unknown               Unknown  Unknown
SAM_ADV_UM5_SGS_T  0000000000489C1E  Unknown               Unknown  Unknown
SAM_ADV_UM5_SGS_T  00000000004068BD  Unknown               Unknown  Unknown
libc.so.6          00001536D2A2A610  Unknown               Unknown  Unknown
libc.so.6          00001536D2A2A6C0  __libc_start_main     Unknown  Unknown
SAM_ADV_UM5_SGS_T  00000000004067D5  Unknown               Unknown  Unknown
forrtl: error (78): process killed (SIGTERM)
Image              PC                Routine            Line        Source             
libc.so.6          0000154129A3FC60  Unknown               Unknown  Unknown
libmpi.so.12.0.0   000015412BC460C9  Unknown               Unknown  Unknown
libmpi.so.12.0.0   000015412BC3A435  Unknown               Unknown  Unknown
libmpi.so.12.0.0   000015412BB6C7EA  Unknown               Unknown  Unknown
libmpi.so.12.0.0   000015412BB47B2A  Unknown               Unknown  Unknown
libmpi.so.12.0.0   000015412BC557DD  Unknown               Unknown  Unknown
libmpi.so.12.0.0   000015412BB235CC  PMPI_Allreduce        Unknown  Unknown
libmpifort.so.12.  000015412D3E4A50  mpi_allreduce_        Unknown  Unknown
SAM_ADV_UM5_SGS_T  00000000007465CA  Unknown               Unknown  Unknown
SAM_ADV_UM5_SGS_T  000000000047B022  Unknown               Unknown  Unknown
SAM_ADV_UM5_SGS_T  0000000000489C1E  Unknown               Unknown  Unknown
SAM_ADV_UM5_SGS_T  00000000004068BD  Unknown               Unknown  Unknown
libc.so.6          0000154129A2A610  Unknown               Unknown  Unknown
libc.so.6          0000154129A2A6C0  __libc_start_main     Unknown  Unknown
SAM_ADV_UM5_SGS_T  00000000004067D5  Unknown               Unknown  Unknown
srun: error: n1826: tasks 1-31: Exited with exit code 1
srun: error: n1833: tasks 32-63: Exited with exit code 1
